instance_id,group_id,family,n,clauses_json,n_variables,n_clauses,clause_variable_ratio,total_literals,mean_clause_width,std_clause_width,min_clause_width,max_clause_width,binary_fraction,ternary_fraction,positive_literal_fraction,positive_occurrence_std,negative_occurrence_std,pair_edge_density,pair_cooccurrence_mean,pair_cooccurrence_std,pair_cooccurrence_max,occurrence_mean,occurrence_std,occurrence_min,occurrence_max,polarity_balance_mean,polarity_balance_std,polarity_balance_min,polarity_balance_max,degree_mean,degree_std,degree_min,degree_max,mean_clause_variable_overlap,satisfiable
sat-02642,82f44fbfbc12711d2948460048623df6d50e95b9b8d280981ca68edbc87a34ee,3sat,5,"[[-1,4,5],[2,-3,4],[-2,3,4],[-1,-2,-3],[-1,3,-5],[2,-3,5],[3,-4,-5],[-2,3,-4],[-2,-3,5],[1,-4,5]]",,10.0,2.0,30.0,3.0,0.0,3.0,3.0,0.0,1.0,0.4666666666666667,1.16619037896906,0.7483314773547882,1.0,3.0,1.3416407864998738,6.0,6.0,1.2649110640673518,4.0,8.0,-0.0999999999999999,0.2905932629027116,-0.5,0.3333333333333333,4.0,0.0,4.0,4.0,1.7555555555555555,1
sat-02511,f4184661d8d4123128f5a9cbe3b14c05d525699b0d93c5704051cb05e7b69068,3sat,4,"[[-1,-3,-4],[-1,-2,4],[1,-3,-4],[1,3,-4],[1,2,4],[-1,2,-4],[-2,3,4],[1,2,3],[1,-2,4],[1,-2,-3],[1,-2,-4],[-1,2,3],[-1,2,-3],[-1,2,4],[1,2,-4],[2,-3,4],[-2,-3,-4],[1,2,-3],[-2,-3,4],[2,3,-4],[-1,-2,-4],[2,3,4],[-1,-3,4]]",4.0,,5.75,69.0,3.0,0.0,3.0,3.0,0.0,1.0,0.5072463768115942,1.7853571071357126,0.5,1.0,11.5,1.707825127659933,14.0,17.25,1.479019945774904,15.0,19.0,0.0041795665634674,0.1306915074022223,-0.2,0.1578947368421052,3.0,0.0,3.0,3.0,2.233201581027668,0
sat-01752,014129cc9ba42d87d08beabb3defb86b2c05a27aa92089353e687afdb1e23781,2sat,5,"[[4,5],[-3,-4],[-2,-3],[2,5],[-3,-5],[4,-5],[2,3],[1,-3],[-1,4],[2,4],[-1,-4],[1,-2],[1,2],[3,-5],[-1,-2]]",5.0,15.0,,30.0,2.0,0.0,2.0,2.0,1.0,0.0,0.5,0.8944271909999159,0.6324555320336759,0.9,1.5,0.806225774829855,3.0,6.0,0.6324555320336759,5.0,7.0,-0.0114285714285714,0.2374772933410849,-0.3333333333333333,0.3333333333333333,3.6,0.4898979485566356,3.0,4.0,0.7238095238095238,0
sat-01453,e1ae4cfa82d52bf858d57a2ecce6d57dce7635a59d2b70a7dadd00f5c6a3c153,3sat,4,"[[-1,2,3],[-1,-2,-4],[-1,2,4],[1,2,4],[-2,3,-4],[-1,3,-4],[-2,-3,-4],[-2,3,4],[1,-2,-3],[1,-3,-4],[1,3,4],[-1,-3,4],[1,-2,4],[2,3,4],[-1,2,-3],[2,-3,-4],[-1,3,4],[-1,2,-4],[1,2,-3],[-1,-2,-3],[1,3,-4],[1,2,-4],[1,2,3],[2,3,-4],[1,-3,4],[1,-2,-4],[-1,-2,3],[2,-3,4]]",4.0,28.0,7.0,,3.0,0.0,3.0,3.0,0.0,1.0,0.5238095238095238,0.7071067811865476,0.7071067811865476,1.0,14.0,0.0,14.0,21.0,0.0,21.0,21.0,0.0476190476190476,0.0673435029701473,-0.0476190476190476,0.1428571428571428,3.0,0.0,3.0,3.0,2.2222222222222223,0
sat-00691,d87ac249a2ff1683d06b77bed5c8307cec6e4c2d6acf11bffdd40235ac3c73a0,3sat,4,"[[1,-3,-4],[2,3,-4],[-1,3,-4],[-1,-2,3]]",4.0,4.0,1.0,12.0,,0.0,3.0,3.0,0.0,1.0,0.4166666666666667,1.0897247358851685,0.82915619758885,1.0,2.0,0.816496580927726,3.0,3.0,0.7071067811865476,2.0,4.0,-0.2083333333333333,0.5448623679425842,-1.0,0.5,3.0,0.0,3.0,3.0,2.1666666666666665,1
sat-02966,97bd4d930892e527656b45b4bd47daafc8fab2a6a9888746ef2e62ab1ff3707f,mixed,4,"[[-3,-4],[2,-4],[-1,-4],[1,2],[2,3,4],[-3,4],[-1,2],[1,-2,-3],[1,-3,4],[1,4],[-1,2,4],[-2,3,4],[-1,-2,3],[1,2,-4],[-2,-3],[-2,-3,-4],[1,2,4],[-1,3]]",4.0,18.0,4.5,45.0,2.5,,2.0,3.0,0.5,0.5,0.5333333333333333,1.224744871391589,0.4330127018922193,1.0,6.0,1.0,7.0,11.25,0.82915619758885,10.0,12.0,0.056060606060606,0.1510371247060992,-0.2,0.1666666666666666,3.0,0.0,3.0,3.0,1.5163398692810457,1
sat-00913,427904ed5b4a000809f27aafa3b49e7a2a47dd6d50ce9fc2f1aeccbb2155cd39,3sat,5,"[[1,4,-5],[-1,2,-4],[-2,-4,-5],[-1,-2,-5],[1,-2,-4],[-2,-3,5],[2,-3,4],[3,-4,5],[-1,-2,3],[-1,3,-4],[-1,-2,-4],[1,2,5],[-3,4,5],[-2,3,-5],[-1,2,-3],[-3,-4,-5],[1,2,-4],[2,3,-4],[1,-2,-5],[-1,3,-5],[1,3,5],[-2,4,5],[-1,-3,4],[-1,-2,5],[-1,4,-5],[3,-4,-5],[1,-3,5],[1,-3,-5],[2,4,5],[1,3,-4],[3,4,5],[-1,4,5]]",5.0,32.0,6.4,96.0,3.0,0.0,,3.0,0.0,1.0,0.4791666666666667,1.32664991614216,1.095445115010332,1.0,9.6,1.42828568570857,11.0,19.2,1.469693845669907,17.0,21.0,-0.043548085901027,0.1060876451735878,-0.1764705882352941,0.1111111111111111,4.0,0.0,4.0,4.0,1.7721774193548387,0
sat-02640,ddfb6b9b17e6c91a133d2c3a6ae8173ba606bc7c227a5a858ee56c939fbc0dc5,3sat,5,"[[-1,2,-4],[-3,4,5],[-1,-4,-5],[1,-4,-5],[1,4,-5],[-2,3,-4],[-2,3,-5],[-3,-4,-5],[1,2,3],[2,-3,-4],[-2,4,5]]",5.0,11.0,2.2,33.0,3.0,0.0,3.0,,0.0,1.0,0.4242424242424242,0.3999999999999999,1.469693845669907,1.0,3.3,1.3453624047073711,6.0,6.6,1.3564659966250536,5.0,9.0,-0.1123809523809523,0.2330824696147768,-0.4285714285714285,0.2,4.0,0.0,4.0,4.0,1.7636363636363637,1
sat-00506,c1aae4f741944997a27fc00f5916ddf8d75504b033b56ce50c8c9ad81d7f8f5c,3sat,4,"[[1,2,-3],[1,-2,-3],[2,3,4],[2,-3,-4],[1,3,-4]]",not_numeric,5.0,1.25,15.0,3.0,0.0,3.0,3.0,0.0,1.0,0.6,0.82915619758885,1.118033988749895,1.0,2.5,0.957427107756338,4.0,3.75,0.82915619758885,3.0,5.0,0.2416666666666667,0.5402545696243577,-0.3333333333333333,1.0,3.0,0.0,3.0,3.0,2.2,1
sat-00134,554281651fb2a23e9b8d62c2330dffd2246488b52777a278489aba18b7ba96a6,3sat,4,"[[1,2,-3],[-1,-3,4],[-2,3,4],[1,3,4],[-1,-3,-4],[-2,-3,4],[1,2,-4],[-1,3,-4],[-1,2,-3],[-1,2,3],[-1,2,-4],[-1,2,4],[1,2,3],[-1,-2,-3],[-1,-2,3],[-1,-2,4],[-2,3,-4],[2,3,-4],[1,-2,-4],[-2,-3,-4],[1,-2,-3],[2,-3,4],[1,-3,4],[1,-2,4],[1,-2,3]]",4.0,not_numeric,6.25,75.0,3.0,0.0,3.0,3.0,0.0,1.0,0.48,0.0,1.0897247358851685,1.0,12.5,1.2583057392117916,14.0,18.75,1.0897247358851685,17.0,20.0,-0.036609907120743,0.0583935626158508,-0.1,0.0588235294117647,3.0,0.0,3.0,3.0,2.2266666666666666,0
sat-00952,814c1140c085c9f4f1397140559ca3c4e544ffce2ddcfb67a0b7b427012e6dc2,mixed,4,"[[-1,-3,4],[-1,4],[1,-3],[3,-4],[2,3],[-2,3,4],[1,-2],[1,2,-4],[1,4],[-2,-4],[-2,3],[-1,-2,3],[-1,2],[-1,2,4],[1,-2,3],[-2,4],[-2,-3],[1,3,-4],[-1,2,3],[-3,4],[2,3,4],[1,2],[3,4],[1,-3,4],[1,-2,-4],[-2,-3,4],[-1,-2,4],[-1,-2,-4]]",4.0,28.0,not_numeric,70.0,2.5,0.5,2.0,3.0,0.5,0.5,0.5428571428571428,1.8027756377319943,2.449489742783178,1.0,9.333333333333334,1.247219128924647,11.0,17.5,1.118033988749895,16.0,19.0,0.0947497420020639,0.2293541703610727,-0.2631578947368421,0.3333333333333333,3.0,0.0,3.0,3.0,1.5343915343915344,0
sat-00982,2cbe34c74b9313d58b7ca132d0a94c64fd400f84cd2c608209d181ff83924b0b,2sat,5,"[[4,5],[-2,5],[-4,-5],[-2,-3],[2,-3],[-3,5],[4,-5],[-1,-2],[-2,3],[1,-3],[-1,5],[1,4],[1,5],[2,-5],[-4,5],[2,3],[-3,-4],[3,-4],[-1,3],[3,5],[2,-4],[-1,-3]]",5.0,-10,4.4,44.0,2.0,0.0,2.0,2.0,1.0,0.0,0.5,1.4966629547095764,1.019803902718557,1.0,2.2,1.077032961426901,4.0,8.8,1.469693845669907,7.0,11.0,-0.0167532467532467,0.2235035881999873,-0.25,0.4,4.0,0.0,4.0,4.0,0.7662337662337663,0
sat-02119,a34ff21034cc47c0b3bdf8c03100b83a6a9382fd4557bcf2702dea018ec5d49f,mixed,5,"[[-1,3],[-1,4,5],[-2,-3],[1,-2,3],[2,3,-4],[1,4,5],[-1,-4,5],[1,-3,-5],[-1,2,-4],[1,-2,-4],[-1,-2,-5],[-2,-3,4],[-2,-3,-5],[3,-4,-5],[-2,3,-5],[3,-4],[1,-3],[-1,-3,5],[3,4],[1,2,4],[-1,2,-5],[-3,-4,-5],[-4,5],[-1,3,5],[-1,-2,-4],[-1,-5],[1,-2,4],[-4,-5],[-1,-3,-5],[2,4,5],[-2,-5]]",5.0,31.0,6.2,-5,2.7096774193548385,0.4539112025635576,2.0,3.0,0.2903225806451613,0.7096774193548387,0.4047619047619047,0.9797958971132712,1.095445115010332,1.0,7.5,1.2041594578792296,10.0,16.8,1.1661903789690602,15.0,18.0,-0.1908496732026144,0.1085360980635141,-0.3333333333333333,0.0,4.0,0.0,4.0,4.0,1.4344086021505376,0
sat-00717,819242b2bf620da2a165fdf58f96855fb590188f003ac4af3528f8ceb75689cd,2sat,4,"[[1,3],[-3,-4],[-3,4],[-2,4],[-1,4],[-1,2],[-1,-4],[-1,-3],[-2,-4],[1,4],[1,2],[1,-3]]",4.0,12.0,3.0,24.0,2.0,0.0,2.0,2.0,1.0,0.0,0.4583333333333333,1.299038105676658,0.82915619758885,0.8333333333333334,2.0,1.0,3.0,inf,1.5811388300841898,4.0,8.0,-0.1142857142857142,0.2864276807966203,-0.6,0.1428571428571428,2.5,0.5,2.0,3.0,0.9848484848484848,0
sat-01121,d05b5b6a292cd3ca6bf705dfbd68dbccedaa603d76cd305c7df07a9a55eae687,mixed,4,"[[1,-3],[-3,-4],[1,-2,4],[1,-3,4],[-1,-3,-4],[1,2],[-2,-3,-4],[3,-4],[2,-3,-4],[1,2,3],[-1,2,4],[3,4],[-2,-3,4],[1,3,4],[-1,-2,-4],[1,-3,-4],[-1,-4],[1,-2,-4],[1,2,4],[2,3,4],[-2,4],[-1,2,3],[1,3],[2,3]]",4.0,24.0,6.0,100000000.0,2.625,0.4841229182759271,2.0,3.0,0.375,0.625,0.5555555555555556,0.82915619758885,1.5811388300841898,1.0,9.0,1.4142135623730951,11.0,15.75,1.479019945774904,14.0,18.0,0.119047619047619,0.1367753011080483,0.0,0.3333333333333333,3.0,0.0,3.0,3.0,1.6992753623188406,0
sat-02374,6be5d15a2affbcdd1992032b76c39015ce0d6b7d5df2e495175896e155e54820,3sat,4,"[[1,-2,-4],[-2,3,-4],[-1,-3,4],[-1,-3,-4],[2,3,4],[-1,2,-4],[-1,2,3],[-1,3,-4],[-2,-3,4],[1,3,4],[-2,-3,-4],[1,2,3],[-1,-2,3],[-1,-2,-4],[1,-2,-3]]",4.0,15.0,3.75,45.0,3.0,0.0,3.0,3.0,0.0,1.0,0.4222222222222222,1.299038105676658,0.8660254037844386,1.0,7.5,0.5,8.0,11.25,0.4330127018922193,11.0,12.0,-0.1628787878787878,0.1902631568920357,-0.2727272727272727,0.1666666666666666,3.0,0.0,3.0,3.0,2.2,1
sat-01129,3eca7d8c8460d45223a004057df67d0800f869974898e7d6f3181f58a9da48a6,3sat,5,"[[1,-3,4],[1,4,5],[1,-3,5],[-1,3,4],[-1,2,4],[1,-2,-5],[2,3,-5],[-1,-2,3],[-3,4,5],[2,-3,-5],[2,-4,5],[-2,-3,-4],[1,3,5],[1,3,-5],[-2,-4,-5],[2,3,5],[-2,-3,-5],[-1,3,-5],[1,-4,-5],[1,-2,-3],[-1,-2,4],[-1,-2,-5]]",5.0,22.0,4.4,66.0,3.0,0.0,3.0,3.0,0.0,1.0,0.4848484848484848,1.0198039027185568,1.7204650534085253,1.0,6.6,1.5620499351813308,9.0,13.2,1.7204650534085253,10.0,15.0,-0.0175824175824175,0.1744229882182484,-0.2307692307692307,0.2,4.0,0.0,4.0,4.0,1.774891774891775,0
sat-02005,45e59c236a00d0d01618e9c7b087460fd969e6ee3d4ccab2afa410fdfac53361,2sat,5,"[[-2,-3],[1,-5],[1,3],[2,5],[1,4]]",5.0,5.0,1.0,10.0,2.0,0.0,2.0,2.0,1.0,0.0,0.7,0.8000000000000002,0.4898979485566356,0.5,0.5,0.5,1.0,2.0,0.6324555320336759,1.0,3.0,0.4,0.4898979485566356,0.0,1.0,2.0,0.6324555320336759,1.0,3.0,0.6,1
sat-00837,0e3248f726dae3a2455739cbe20f07279a17e1b61ace7a9faf9fa14cfcb18b1d,mixed,4,"[[-1,-3,4],[2,-3,-4],[-1,2,3],[-2,-3,-4],[-1,2,-3],[-1,-2,3],[2,3],[-2,3,-4],[-1,4],[1,-2],[-1,-2],[1,2,4],[2,3,4],[-1,-2,4],[-1,3,-4],[-1,2],[-3,-4],[-2,-3],[1,-2,-3],[1,2,-4],[-1,-4],[-2,3],[-2,-3,4],[3,4],[-1,2,4],[2,3,-4]]",4.0,26.0,6.5,68.0,2.6153846153846154,0.4865042554105199,2.0,3.0,0.3846153846153846,0.6153846153846154,0.4558823529411764,2.277608394786075,1.299038105676658,1.0,9.666666666666666,2.2110831935702664,13.0,17.0,1.8708286933869709,15.0,20.0,-0.1019607843137254,0.211928041584139,-0.4666666666666667,0.0588235294117647,3.0,0.0,3.0,3.0,1.6953846153846155,0
sat-02899,b3ef7fc40505ad58594ed9447e5554d5729c68dcf05e1bc267d94310b116273d,2sat,5,"[[-3,-5],[-2,3],[2,4],[2,5],[-3,5],[2,3],[-3,4],[1,3],[-2,-4],[3,4],[-1,5],[-2,4],[1,-5],[3,-5],[2,-3],[1,-4],[1,5],[-1,2],[-4,5],[-3,-4],[2,-5],[3,5],[-2,-5],[4,5],[1,-2],[-1,-2],[-1,-4]]",5.0,27.0,5.4,54.0,2.0,0.0,2.0,2.0,1.0,0.0,0.5370370370370371,0.7483314773547882,0.6324555320336759,1.0,2.7,0.7810249675906654,4.0,10.8,1.1661903789690602,9.0,12.0,0.0737373737373737,0.0651182281264088,0.0,0.1666666666666666,4.0,0.0,4.0,4.0,0.7635327635327636,0
sat-00241,602720733c660888bb76d2264192e7ff01cde658e20b9875a9502c04785567ca,2sat,4,"[[3,4],[-2,4],[1,-3],[-1,-2],[-2,-3],[-2,-4],[2,3],[-3,-4],[2,-3],[2,-4],[3,-4],[-2,3],[1,-4],[1,-2],[-1,4]]",4.0,15.0,3.75,30.0,2.0,0.0,2.0,2.0,1.0,0.0,0.4333333333333333,0.4330127018922193,1.479019945774904,1.0,2.5,0.957427107756338,4.0,7.5,1.5,5.0,9.0,-0.0958333333333333,0.210282548015759,-0.3333333333333333,0.2,3.0,0.0,3.0,3.0,0.9714285714285714,0
sat-00629,e56e2e3cad4fc759b5dd78ebf89837095b96f3ed96bd8d130621c034806ef5f5,3sat,5,"[[-3,4,5],[1,-2,4],[-3,-4,5],[1,-3,4],[3,4,-5],[1,-2,-4],[3,-4,5],[-1,-3,-4],[-2,-4,-5],[1,2,4],[-2,-4,5],[-1,2,3],[1,2,-4],[-2,-3,4],[1,3,-4],[-1,-4,-5],[-1,-2,4],[-1,4,5],[-2,-3,-4],[-2,4,-5],[-2,-3,-5],[-1,-3,4],[2,3,-5],[1,-4,5],[1,-2,-5],[-1,2,4],[-3,4,-5],[1,3,-5],[1,2,-3],[-1,-2,5],[2,3,-4],[2,-4,5],[1,3,5],[2,4,5]]",5.0,34.0,6.8,102.0,3.0,0.0,3.0,3.0,0.0,1.0,0.5,1.7204650534085253,1.7204650534085253,1.0,10.2,2.481934729198171,14.0,20.4,2.870540018881465,18.0,26.0,-0.0001169590643274,0.1000464308610385,-0.1111111111111111,0.1578947368421052,4.0,0.0,4.0,4.0,1.8003565062388591,0
sat-00175,f958146f5d619fe481e2756707e4a44608fa40cf53cef8e98196b534bd689e6a,mixed,4,"[[1,-4],[-1,-2,-3],[-1,4],[-1,3],[-2,3,4],[-2,-3],[-2,3,-4],[2,4],[1,-2,4],[-2,-3,-4],[-1,2,-4],[1,-2]]",4.0,12.0,3.0,30.0,2.5,0.5,2.0,3.0,0.5,0.5,0.4,0.7071067811865476,1.5,1.0,4.0,1.2909944487358056,6.0,7.5,1.118033988749895,6.0,9.0,-0.1746031746031746,0.2275439870925627,-0.5555555555555556,0.0,3.0,0.0,3.0,3.0,1.5151515151515151,0
sat-01069,6c017491d1d231ec1b47476a6666ff498f83514df376f72937675d68b040b88c,mixed,4,"[[2,-3,-4],[1,-4],[2,4],[-1,-3,-4],[1,-2,3],[2,-3],[-2,3,-4],[-1,-3],[2,-4],[3,-4],[1,3],[1,2,-4],[1,-3],[2,3],[-1,3,-4],[-2,4],[1,-2,4],[1,2,3],[-1,2,-3],[-1,-2,3],[-1,2,-4],[-2,-4],[-2,-3,-4],[-2,-3],[2,3,-4],[1,-2,-3]]",4.0,26.0,6.5,66.0,2.5384615384615383,0.4985185152621431,2.0,3.0,0.4615384615384615,0.5384615384615384,0.4545454545454545,2.692582403567252,2.1213203435596424,1.0,9.0,2.160246899469287,12.0,16.5,2.0615528128088303,14.0,19.0,-0.1011278195488721,0.292519615932403,-0.6,0.1428571428571428,3.0,0.0,3.0,3.0,1.6,0
sat-00036,b34e367f7575adba4f118feedc1542e01907004c8d99223d805b60502fd36c4a,3sat,5,"[[-2,4,5],[-1,-4,5],[2,-3,5],[2,3,-5],[-3,4,-5],[1,2,-4],[-1,2,-5],[-1,2,4],[2,-4,5],[1,-2,-5],[-2,-3,4],[-1,3,-5],[3,-4,-5],[-2,-4,-5],[-1,-2,3],[1,3,4],[1,-2,-3],[2,-3,4],[-1,-2,-5],[-3,-4,5],[1,2,5]]",5.0,21.0,4.2,63.0,3.0,0.0,3.0,3.0,0.0,1.0,0.4761904761904761,1.095445115010332,0.8,1.0,6.3,1.4866068747318506,9.0,12.6,1.624807680927192,11.0,15.0,-0.0516017316017316,0.0749237476479914,-0.1428571428571428,0.0666666666666666,4.0,0.0,4.0,4.0,1.7714285714285714,1
sat-02924,70d9fd46fe84d54ce6907616c99b6184f489e0117812971f2694b671f159b1ad,3sat,5,"[[-2,-3,-4],[-1,-3,4],[-3,-4,-5],[-1,2,3],[-3,4,5]]",5.0,5.0,1.0,15.0,3.0,0.0,3.0,3.0,0.0,1.0,0.3333333333333333,0.6324555320336759,1.095445115010332,0.8,1.5,1.118033988749895,4.0,3.0,1.2649110640673518,2.0,5.0,-0.32,0.41182520563948,-1.0,0.0,3.2,0.7483314773547882,2.0,4.0,1.9,1
sat-02563,bdbac05befd504d37fb0af859209e7169318bac11f2a6aebd6398b513e62d878,mixed,4,"[[-3,-4],[-2,3,4],[-2,-3],[-1,-3,-4],[1,-2,4],[-1,-2],[1,-3],[1,-2],[-1,-3],[-1,2,-4],[-1,2,-3],[-2,3,-4],[2,-3,4],[-2,-3,-4],[1,2,4],[1,3],[-2,-4],[2,3,-4],[2,-3],[1,3,4],[-1,-3,4],[-1,-2,-3],[-2,-3,4],[1,2,3]]",4.0,24.0,6.0,63.0,2.625,0.4841229182759271,2.0,3.0,0.375,0.625,0.4285714285714285,0.4330127018922193,2.1213203435596424,1.0,9.0,1.632993161855452,11.0,15.75,1.7853571071357126,14.0,18.0,-0.1274509803921568,0.1389945772427237,-0.3333333333333333,0.0,3.0,0.0,3.0,3.0,1.7065217391304348,1
sat-01868,b34aec1935c7febe28aef4c3c90d2051f4152ad2ad46cad9afeedb2f0e614a4b,2sat,4,"[[3,4],[-1,-4],[1,3],[1,-2],[2,-3],[2,-4],[-1,-2],[-2,-4]]",4.0,8.0,2.0,16.0,2.0,0.0,2.0,2.0,1.0,0.0,0.4375,0.4330127018922193,0.82915619758885,1.0,1.3333333333333333,0.4714045207910317,2.0,4.0,0.7071067811865476,3.0,5.0,-0.0916666666666666,0.3031088913245535,-0.5,0.3333333333333333,3.0,0.0,3.0,3.0,0.8928571428571429,0
sat-00771,27a807d0a28dc077b9547b551ee6388deb373c457006ab968d5c389264609c0b,3sat,4,"[[-1,2,4],[1,-2,-3],[1,-2,3],[2,-3,-4],[-1,-3,4],[-1,-3,-4],[-1,-2,-3],[1,-2,-4],[2,-3,4],[-1,-2,4],[-1,3,-4],[-1,-2,-4]]",4.0,12.0,3.0,36.0,3.0,0.0,3.0,3.0,0.0,1.0,0.3333333333333333,0.7071067811865476,0.7071067811865476,1.0,6.0,0.816496580927726,7.0,9.0,0.7071067811865476,8.0,10.0,-0.3361111111111111,0.1428058770447439,-0.5,-0.1111111111111111,3.0,0.0,3.0,3.0,2.196969696969697,1
sat-00438,d43f17fb8d3120a3819775bf7bbbe4f92d58040a3495a97a6e31cd880b9f4f43,3sat,4,"[[-2,3,-4],[1,2,-4],[-1,-2,-3],[1,2,3],[2,-3,-4],[-1,2,4],[-2,-3,-4],[-1,3,-4]]",4.0,8.0,2.0,24.0,3.0,0.0,3.0,3.0,0.0,1.0,0.4166666666666667,1.118033988749895,0.8660254037844386,1.0,4.0,0.816496580927726,5.0,6.0,0.7071067811865476,5.0,7.0,-0.1809523809523809,0.3057276365576099,-0.6666666666666666,0.1428571428571428,3.0,0.0,3.0,3.0,2.1785714285714284,1
sat-02571,433de21cfbbd979e462b90e9e091b04d8cff534a9ca1d4b84f45f4ff1a8267f5,mixed,5,"[[1,-2,-5],[1,-3,4],[-1,2,5],[1,-3],[-2,-5],[2,-4,-5],[2,4,-5],[2,-5],[2,-3,-5],[1,3,4],[-2,4],[2,-3,4],[-1,-2,3],[1,4,5],[-1,-2,-4],[-1,-2,-3],[-2,3,5],[-1,-4],[-1,4,-5],[1,4,-5],[-2,-3,-4],[3,-4],[-3,4,5],[-1,2,-5],[3,-4,5],[-1,3,-5],[-2,4,-5],[-1,-4,5],[-3,5],[2,-3],[1,2,3],[3,4,5],[2,3,-4],[2,3],[-1,3]]",5.0,35.0,7.0,95.0,2.7142857142857144,0.4517539514526256,2.0,3.0,0.2857142857142857,0.7142857142857143,0.5052631578947369,1.743559577416269,1.019803902718557,1.0,8.5,1.118033988749895,10.0,19.0,1.095445115010332,17.0,20.0,0.0047058823529411,0.1420511441090056,-0.1764705882352941,0.1578947368421052,4.0,0.0,4.0,4.0,1.442016806722689,0
sat-02467,77e12fb13995eb43301232b7fa706f1873977962b910767cca575123216e0472,2sat,5,"[[-2,4],[-4,5],[3,4],[2,4],[-2,-3],[4,-5],[-4,-5],[-3,-5],[2,-3],[-1,-2],[2,5]]",5.0,11.0,2.2,22.0,2.0,0.0,2.0,2.0,1.0,0.0,0.4545454545454545,1.4142135623730951,0.8,0.7,1.1,0.9433981132056604,3.0,4.4,1.8547236990991407,1.0,6.0,-0.2733333333333333,0.4533333333333332,-1.0,0.3333333333333333,2.8,0.9797958971132712,1.0,4.0,0.8363636363636363,0
sat-00573,9de5ac72e3efc87288a44eb7d2ec099ed22eb29bf76b635fffc96d2344487bb6,2sat,5,"[[-1,-3],[2,-3],[-4,5],[-3,5],[-3,4],[1,2],[2,-5],[1,-4],[2,4]]",5.0,9.0,1.8,18.0,2.0,0.0,2.0,2.0,1.0,0.0,0.5555555555555556,1.2649110640673518,1.3564659966250536,0.9,0.9,0.3,1.0,3.6,0.4898979485566356,3.0,4.0,0.1333333333333333,0.6531972647421808,-1.0,1.0,3.6,0.4898979485566356,3.0,4.0,0.6666666666666666,1
sat-00124,f0e847b23bced10de6eaf50fbe29131af75af7ef0f81fa35dc7316d32a417a6e,3sat,4,"[[1,2,-3],[-1,2,-4],[2,-3,-4],[-1,3,4],[2,3,4],[-1,-3,4],[1,2,-4],[1,2,3],[-1,2,4],[-1,2,-3],[2,3,-4],[1,-3,4],[1,-3,-4],[1,3,-4],[-1,-2,4],[-2,3,4],[-2,3,-4],[-1,-2,-4],[1,-2,3],[1,-2,4],[-2,-3,-4],[1,-2,-3],[-1,-2,-3]]",4.0,23.0,5.75,69.0,3.0,0.0,3.0,3.0,0.0,1.0,0.4927536231884058,0.5,0.4330127018922193,1.0,11.5,0.5,12.0,17.25,0.4330127018922193,17.0,18.0,-0.0147058823529411,0.0487738939758147,-0.0588235294117647,0.0588235294117647,3.0,0.0,3.0,3.0,2.217391304347826,0
sat-00979,824eeef5423798f407b7febb6122b837f6f6ad515652024b9f3da355dc957367,mixed,4,"[[-1,-3,-4],[2,4],[1,2,-4],[-2,-4],[-1,3],[-1,-2,-4],[1,2,3],[-1,2,-3],[1,3,4],[1,2,-3],[1,-2],[-2,-3],[3,-4],[1,3,-4],[1,-4]]",4.0,15.0,3.75,38.0,2.533333333333333,0.498887651569859,2.0,3.0,0.4666666666666667,0.5333333333333333,0.5,1.7853571071357126,1.299038105676658,1.0,5.166666666666667,1.2133516482134197,7.0,9.5,0.8660254037844386,9.0,11.0,-0.0151515151515151,0.3189025027249877,-0.5555555555555556,0.2727272727272727,3.0,0.0,3.0,3.0,1.5523809523809524,0
sat-00503,43913f8811e71c2e6692bb2d60df1c585246c9ddb2d6a2b80b5fc174eee1a089,3sat,5,"[[-1,3,4],[1,-2,-5],[1,2,3],[2,3,-5],[-1,2,-5],[1,-2,-3],[-3,-4,-5],[1,-3,-4],[1,-3,4],[-3,4,-5],[-2,-3,-4],[3,4,5],[2,4,-5],[-1,4,5],[3,-4,-5],[-1,-4,-5],[1,-2,-4],[1,2,4],[1,2,-5],[-1,-2,-3],[3,4,-5],[-1,-3,5],[-2,-3,-5],[2,-3,5],[1,2,-4],[1,4,5],[2,3,-4],[-1,2,3]]",5.0,28.0,5.6,84.0,3.0,0.0,3.0,3.0,0.0,1.0,0.5,1.8547236990991407,1.8547236990991407,1.0,8.4,1.2806248474865698,10.0,16.8,0.7483314773547882,16.0,18.0,-0.0001633986928104,0.2236392727770545,-0.375,0.25,4.0,0.0,4.0,4.0,1.7592592592592593,1
sat-02147,3a388cc5c12909571208c1db54e1822237ad49559eed482e158be5298b9600fc,2sat,4,"[[-3,4],[2,-4],[2,4],[-1,-3],[1,-4],[1,3]]",4.0,6.0,1.5,12.0,2.0,0.0,2.0,2.0,1.0,0.0,0.5833333333333334,0.4330127018922193,0.82915619758885,0.6666666666666666,1.0,0.816496580927726,2.0,3.0,0.7071067811865476,2.0,4.0,0.25,0.4930066485916346,-0.3333333333333333,1.0,2.0,0.7071067811865476,1.0,3.0,0.8666666666666667,1
sat-00607,91489dfbeae1a24df8a469103fce6b2f947648eb566eb0669b79f6ab99183ac7,mixed,4,"[[-1,-2,3],[1,-3,-4],[-1,2],[2,-3,4],[-2,-4],[-2,-3],[1,-3,4],[1,-2,3],[1,2,-4],[-1,3],[1,-2],[2,-3,-4],[-1,-4],[3,4],[1,2,3],[-1,-3,-4],[1,2,-3],[1,-2,-4],[-2,3,-4],[2,4],[-1,2,-4],[2,3],[1,-4],[-1,-2,-4],[-2,-3,4],[-1,3,-4],[-1,-2,4],[-1,-3,4]]",4.0,28.0,7.0,74.0,2.642857142857143,0.4791574237499549,2.0,3.0,0.3571428571428571,0.6428571428571429,0.4459459459459459,0.82915619758885,1.0897247358851685,1.0,10.666666666666666,0.74535599249993,12.0,18.5,0.8660254037844386,17.0,19.0,-0.1068111455108359,0.0903022261054813,-0.2631578947368421,-0.0526315789473684,3.0,0.0,3.0,3.0,1.716931216931217,0
sat-00455,add3b7abb04299a91827b2205cb82ff651dbae50ebd9be35e2f7d97985a94edd,3sat,4,"[[1,-2,-4],[1,-3,4],[-2,3,4],[-1,-2,-3],[2,-3,4],[2,3,4],[1,-2,-3],[2,-3,-4],[-2,-3,-4],[-1,-3,4],[1,2,-4],[-1,-2,3],[2,3,-4],[-2,-3,4]]",4.0,14.0,3.5,42.0,3.0,0.0,3.0,3.0,0.0,1.0,0.4523809523809524,0.82915619758885,1.920286436967152,1.0,7.0,2.3804761428476167,10.0,10.5,2.0615528128088303,7.0,12.0,-0.0665584415584415,0.1935467710873514,-0.3333333333333333,0.1428571428571428,3.0,0.0,3.0,3.0,2.2857142857142856,0
sat-01706,068fe597ed595ccd1f7ab0822257fcdc82e32170d62af0fc4a01724ea5cbc0fa,2sat,5,"[[-1,3],[2,-5],[1,-2],[-1,4],[1,-3],[-3,-4],[-1,5],[2,5],[-3,4],[3,5],[3,4],[4,5],[1,4],[-2,5],[2,3],[-2,3],[1,-4],[1,3],[-3,-5],[-4,-5],[-3,5],[1,-5],[-2,-4],[2,-4],[-1,2],[-1,-5],[1,2],[-1,-3],[-2,-3]]",5.0,29.0,5.8,58.0,2.0,0.0,2.0,2.0,1.0,0.0,0.5172413793103449,0.6324555320336759,0.7999999999999999,1.0,2.9,0.5385164807134505,4.0,11.6,1.2,10.0,13.0,0.0363636363636363,0.0659570692170718,-0.0769230769230769,0.0909090909090909,4.0,0.0,4.0,4.0,0.7660098522167488,0
sat-02949,f6d4441080220cfe4b1a34eb53a9574d56ef0b8773117ade782d420c1ded2421,2sat,4,"[[3,-4],[-2,-4],[-1,-3],[-1,3],[-2,3],[-1,4],[3,4],[1,-3],[-2,-3],[-1,-2],[1,-2],[2,-4],[-2,4],[1,-4],[1,4],[2,4],[1,2],[2,3]]",4.0,18.0,4.5,36.0,2.0,0.0,2.0,2.0,1.0,0.0,0.5277777777777778,0.4330127018922193,1.0897247358851685,1.0,3.0,0.5773502691896257,4.0,9.0,0.7071067811865476,8.0,10.0,0.0680555555555555,0.1648219671773078,-0.2,0.25,3.0,0.0,3.0,3.0,0.9477124183006536,0
sat-02213,12ba87512b8068b4d2a8f8f6566da8b8443b5465500a12158a277aa69304c329,3sat,4,"[[1,-2,4],[1,-3,-4],[2,3,4],[1,2,3],[-1,2,4],[-2,3,-4],[-1,3,-4],[1,2,4],[-2,-3,4],[1,-2,-3],[1,2,-3],[-1,-3,-4],[2,-3,4],[1,-2,3],[-1,-2,-3],[-1,3,4],[-2,-3,-4],[-1,2,-4]]",4.0,18.0,4.5,54.0,3.0,0.0,3.0,3.0,0.0,1.0,0.5,0.4330127018922193,0.82915619758885,1.0,9.0,0.5773502691896257,10.0,13.5,0.5,13.0,14.0,0.0027472527472527,0.0897389174234124,-0.1428571428571428,0.0769230769230769,3.0,0.0,3.0,3.0,2.2091503267973858,0
sat-00353,4d85605701a04503e9c0ffc508d578e21b42b3cfd83b6f54c7370eb226f2220a,2sat,4,"[[2,-4],[-1,-3],[2,4],[3,4],[-1,2],[2,-3],[-2,3],[-3,-4],[1,-2],[-1,-4],[-3,4],[-2,4],[1,-4],[1,3],[-1,3],[1,4],[3,-4],[-1,4],[-2,-3],[1,-3],[1,2]]",4.0,21.0,5.25,42.0,2.0,0.0,2.0,2.0,1.0,0.0,0.5238095238095238,0.5,0.7071067811865476,1.0,3.5,0.5,4.0,10.5,0.8660254037844386,9.0,11.0,0.0505050505050505,0.0820609939862218,-0.0909090909090909,0.1111111111111111,3.0,0.0,3.0,3.0,0.9571428571428572,0
sat-01116,42e9afa56b13de029c99aa310b0195bad8ae5fb786881bf9a40d4be13f0de23d,3sat,5,"[[-1,-3,-5],[1,2,-4],[-1,2,-3],[2,3,-4],[-2,3,-4],[-1,4,5],[2,3,5],[1,2,5],[-1,-3,4],[1,2,3],[2,4,-5],[1,-2,-3],[-1,4,-5],[-2,-3,4],[-1,-2,5],[-1,3,5],[-2,-3,-5],[1,-4,5],[1,-3,5]]",5.0,19.0,3.8,57.0,3.0,0.0,3.0,3.0,0.0,1.0,0.5263157894736842,0.8944271909999159,1.3564659966250536,1.0,5.7,1.417744687875783,8.0,11.4,1.3564659966250536,9.0,13.0,0.0613830613830613,0.1608472309346279,-0.1666666666666666,0.2727272727272727,4.0,0.0,4.0,4.0,1.760233918128655,1
sat-02392,fee45008f4f0e09ac229d69619929160515fe63e2714dacc41bf7707b6f49cf3,3sat,4,"[[-2,3,-4],[-1,-3,4],[2,-3,4],[1,2,4],[1,2,-3],[1,-2,4],[-1,3,-4],[-2,-3,-4],[2,3,-4],[-1,2,-3],[-1,-3,-4],[-1,2,-4],[-1,-2,-4],[1,-2,-4],[-1,2,4],[1,2,-4],[1,3,4],[1,3,-4],[1,2,3],[1,-2,3],[2,3,4],[-1,-2,4],[1,-3,4],[1,-2,-3]]",4.0,24.0,6.0,72.0,3.0,0.0,3.0,3.0,0.0,1.0,0.5277777777777778,1.118033988749895,0.8660254037844386,1.0,12.0,1.4142135623730951,14.0,18.0,1.224744871391589,16.0,19.0,0.0540935672514619,0.0841754922250572,-0.0526315789473684,0.1578947368421052,3.0,0.0,3.0,3.0,2.2282608695652173,0
sat-01175,150bddc9667e072b396cb20a2a4bc713dcbe12b9c1a34d0ea12ae5a4fdde887b,2sat,4,"[[-2,-3],[-1,-3],[-1,4],[2,4]]",4.0,4.0,1.0,8.0,2.0,0.0,2.0,2.0,1.0,0.0,0.375,0.82915619758885,0.82915619758885,0.6666666666666666,0.6666666666666666,0.4714045207910317,1.0,2.0,0.0,2.0,2.0,-0.25,0.82915619758885,-1.0,1.0,2.0,0.0,2.0,2.0,0.6666666666666666,1
sat-00119,aa9fb576a43e543cf1caad407a8b1f17c83c4fb1bfecddd30a688a7aa7b60250,mixed,4,"[[-1,-2,-3],[2,3],[-1,2,-3],[-1,2,4],[-1,-2],[1,3,4],[1,2],[-1,-3,4],[2,-3,4],[1,2,3],[-2,4]]",4.0,11.0,2.75,29.0,2.636363636363636,0.4810456929208346,2.0,3.0,0.3636363636363636,0.6363636363636364,0.5862068965517241,1.299038105676658,1.8708286933869709,1.0,4.166666666666667,1.2133516482134197,6.0,7.25,1.479019945774904,5.0,9.0,0.2351190476190476,0.4931773028443384,-0.25,1.0,3.0,0.0,3.0,3.0,1.7272727272727273,1
sat-02454,8c4fcee293cb0d9dda34d2e11f2fe58445e7cc695757588725943aac18350c63,3sat,4,"[[-1,3,-4],[1,3,4],[-1,2,3],[1,2,-4],[-1,-2,-4],[1,2,4],[1,-2,4],[1,-2,-4],[1,2,3],[-2,3,4],[1,-3,4],[-1,2,-4],[-1,-2,-3],[1,-2,-3],[1,2,-3],[-2,-3,4]]",4.0,16.0,4.0,48.0,3.0,0.0,3.0,3.0,0.0,1.0,0.5416666666666666,1.5,0.8660254037844386,1.0,8.0,1.8257418583505536,11.0,12.0,1.5811388300841898,10.0,14.0,0.0749250749250749,0.1354245253123885,-0.0769230769230769,0.2857142857142857,3.0,0.0,3.0,3.0,2.2416666666666667,1
sat-01384,b2f268d0492af9ea4c3e390d9c828b76afae8a88a41fcbf6eaff2e3d44360854,3sat,5,"[[1,2,4],[2,-3,5],[3,4,5],[1,4,-5],[-2,-3,5],[2,3,-5],[2,-4,5],[-1,3,-4],[-3,-4,-5],[1,-3,5]]",5.0,10.0,2.0,30.0,3.0,0.0,3.0,3.0,0.0,1.0,0.6,0.8,1.2000000000000002,1.0,3.0,1.3416407864998738,6.0,6.0,1.4142135623730951,4.0,8.0,0.2414285714285714,0.2833617432735414,-0.1428571428571428,0.6,4.0,0.0,4.0,4.0,1.7777777777777777,1
sat-02185,3960a644af26b391ea58ff847d2ea835889e330c5d01fa9e064a7d732f498140,2sat,4,"[[2,-4],[-1,-4],[-1,-2],[1,4],[-2,4],[-1,-3],[2,3],[1,-2],[3,-4],[-1,2],[-2,-4],[1,-4],[1,2],[3,4],[2,4],[-1,3]]",4.0,16.0,4.0,32.0,2.0,0.0,2.0,2.0,1.0,0.0,0.53125,0.4330127018922193,1.6393596310755,1.0,2.6666666666666665,1.1055415967851334,4.0,8.0,1.7320508075688772,5.0,9.0,0.1222222222222222,0.2903807632304884,-0.1111111111111111,0.6,3.0,0.0,3.0,3.0,0.9833333333333332,0
sat-02131,d1d7ffc49af64d56ab9d27ef1434df1ef6247725876b4fa0b8b210224d1e9497,2sat,5,"[[-3,-5],[-2,3],[-3,4],[1,3],[1,-3],[1,-5],[1,-4],[4,-5],[4,5],[-2,4],[-3,5],[3,4],[2,-5],[-2,-5],[-2,-3],[2,-4],[-1,-4]]",5.0,17.0,3.4,34.0,2.0,0.0,2.0,2.0,1.0,0.0,0.4705882352941176,1.16619037896906,1.4966629547095764,0.9,1.7,0.6403124237432849,2.0,6.8,1.16619037896906,5.0,8.0,-0.0323809523809523,0.3935840317170854,-0.4285714285714285,0.6,3.6,0.4898979485566356,3.0,4.0,0.75,0
sat-00141,3d067afba4194b4776d1a0fa67abb45961ec27899ef6255a3abaa22ad758000e,2sat,4,"[[-3,-4],[-2,-4],[2,-4],[2,-3],[-2,3],[-1,4],[-1,3],[2,4],[-1,-3],[1,2],[1,3],[-3,4],[-2,4],[-2,-3]]",4.0,14.0,3.5,28.0,2.0,0.0,2.0,2.0,1.0,0.0,0.4642857142857143,0.82915619758885,0.82915619758885,1.0,2.333333333333333,1.1055415967851332,4.0,7.0,1.224744871391589,5.0,8.0,-0.0767857142857142,0.157578535651145,-0.25,0.1428571428571428,3.0,0.0,3.0,3.0,0.956043956043956,0
sat-01612,6d6f71bbff22441ff008499b2199a21700c53a791f4dbc13758bb5c0ac14d5cb,mixed,5,"[[1,2,4],[1,4,5],[1,3],[2,-4,5],[3,4,-5],[1,-3,4],[1,-3,-4],[-1,-4],[2,5],[-1,2,4],[-1,-3],[-2,3],[-1,-2,3],[-1,-3,-4],[-2,4],[-1,-2,4],[-3,4,5],[1,-2,3],[2,3],[-4,5],[-1,3,5],[1,-3],[3,-4,-5],[-1,-2,-4],[-1,2,-3],[-2,5],[-1,2,-4],[2,-5],[-1,2],[2,4,5]]",5.0,30.0,6.0,78.0,2.6,0.4898979485566356,2.0,3.0,0.4,0.6,0.5384615384615384,1.0198039027185568,2.56124969497314,1.0,6.6,2.5377155080899043,10.0,15.6,2.4979991993593598,11.0,18.0,0.1068568033273915,0.2181508307477119,-0.2222222222222222,0.4545454545454545,4.0,0.0,4.0,4.0,1.3448275862068966,0
sat-01138,aaf65ddafa4aa883a639cf314a165a60ecfb83b3784874da07285934c23a1fa2,mixed,5,"[[-1,2,5],[-2,-3,5],[2,-4,-5],[1,2,4],[-2,4,-5],[-3,-5],[-1,-3,-5],[2,3,-4],[-2,4],[1,-2],[2,-3,4],[2,-4,5],[1,5]]",5.0,13.0,2.6,35.0,2.6923076923076925,0.4615384615384615,2.0,3.0,0.3076923076923077,0.6923076923076923,0.5142857142857142,1.624807680927192,0.8,1.0,3.1,1.7,7.0,7.0,1.8973665961010275,5.0,10.0,-0.0114285714285714,0.3032342665467794,-0.6,0.2,4.0,0.0,4.0,4.0,1.4615384615384617,1
sat-02093,4b85d10a4800d63afd9eebaf79415cab6c92ea3fc5c848c9c719458eca363659,mixed,5,"[[2,5],[1,3],[-1,-3,-4],[-1,-2,3],[-1,3,5],[-1,-3,4],[1,4,-5],[3,5],[2,3,5],[2,-3,-5],[1,3,4],[-4,5],[2,4,-5],[1,2,-4],[-2,-3,-4],[1,4],[1,3,-4],[-2,-4],[2,3,4],[-2,-3,-5],[2,4,5],[-1,-4],[1,-2,-5],[-2,-3,4],[-1,2,4],[3,-4],[2,-5],[4,5],[2,3,-5],[1,-2,5],[1,-3,5]]",5.0,31.0,6.2,83.0,2.677419354838709,0.4674637660061109,2.0,3.0,0.3225806451612903,0.6774193548387096,0.5783132530120482,0.4898979485566356,0.6324555320336759,1.0,7.3,1.676305461424021,10.0,16.6,1.019803902718557,15.0,18.0,0.1578104575163398,0.033863589676774,0.1111111111111111,0.2,4.0,0.0,4.0,4.0,1.3978494623655917,0
sat-00945,b963a02e11524d93a2ec740c9e100cbe29b54dee73d050a3108305f255673c87,2sat,4,"[[-1,2],[2,-3],[-1,-4],[2,-4],[1,-4],[-2,-4],[-2,4],[-3,4],[-3,-4],[-1,-2],[1,3],[-2,-3],[1,-3],[1,4]]",4.0,14.0,3.5,28.0,2.0,0.0,2.0,2.0,1.0,0.0,0.3928571428571428,1.0897247358851685,0.82915619758885,1.0,2.333333333333333,0.4714045207910317,3.0,7.0,0.7071067811865476,6.0,8.0,-0.2291666666666666,0.2905560731298746,-0.6666666666666666,0.1428571428571428,3.0,0.0,3.0,3.0,0.934065934065934,0
sat-00276,bda4515ad0649289bf8cfc6afb8d3078cedc030ea7e34885a55bc15f27ef5bd5,3sat,5,"[[2,3,-4],[1,3,5],[3,-4,-5],[-1,-4,-5],[-1,3,4],[-1,2,-5],[-2,-4,5],[1,3,-5],[1,3,-4],[2,-3,-4],[-1,-4,5],[-1,-2,5],[-2,4,5],[2,3,4],[1,-3,-5],[-2,-3,5],[-1,2,3]]",5.0,17.0,3.4,51.0,3.0,0.0,3.0,3.0,0.0,1.0,0.5098039215686274,1.7204650534085253,1.4142135623730951,1.0,5.1,1.0440306508910548,7.0,10.2,0.7483314773547882,9.0,11.0,0.0113131313131313,0.2920896360262227,-0.4,0.4545454545454545,4.0,0.0,4.0,4.0,1.7352941176470589,1
sat-01730,fc673e4f56ec4968092d054fdffce94318e0444f10d170cee01b81f3b754db89,3sat,5,"[[-2,-3,5],[-1,3,4],[3,4,-5],[2,-3,-5],[-3,-4,-5],[2,4,-5],[2,3,4],[2,3,-4],[1,-4,5],[-1,-2,5],[1,2,-3],[1,3,5],[-1,2,-5],[-2,-4,5],[-1,2,-4],[1,2,-4],[-1,-4,5],[-1,-3,-5],[2,-3,5]]",5.0,19.0,3.8,57.0,3.0,0.0,3.0,3.0,0.0,1.0,0.5087719298245614,1.939071942966532,1.3564659966250536,1.0,5.7,0.9,7.0,11.4,1.0198039027185568,10.0,13.0,0.0026573426573426,0.2751459541815923,-0.2727272727272727,0.5,4.0,0.0,4.0,4.0,1.7485380116959064,1
sat-01679,b34e3ce89828d50de197e04dc4246218246fa653b5e7ff96f41c8c96c7e49d4e,3sat,5,"[[3,-4,5],[2,-3,4],[-1,3,-4],[-1,4,-5],[-1,3,-5],[2,-3,5],[-1,-2,5],[1,-2,-5],[1,2,4],[1,-2,-3],[-1,-2,-3],[2,-3,-5],[-1,-4,5],[1,-2,4],[-1,-3,-4],[-3,-4,5],[1,-4,-5],[1,2,-5],[1,-4,5],[-1,-3,4],[-2,-3,4],[-1,-2,4],[-2,3,4],[-2,-3,5]]",5.0,24.0,4.8,72.0,3.0,0.0,3.0,3.0,0.0,1.0,0.4305555555555556,1.469693845669907,1.469693845669907,1.0,7.2,1.32664991614216,10.0,14.4,1.0198039027185568,13.0,16.0,-0.1391391941391941,0.1972278631067202,-0.4285714285714285,0.0769230769230769,4.0,0.0,4.0,4.0,1.7572463768115942,1
sat-00096,a6920ac5025526504f0192c0fe93e78cf00d801af67e61c38ca74ac0aa538960,2sat,5,"[[2,4],[-1,-5],[1,-4],[4,5],[1,-5],[1,-3],[-1,5],[-1,4],[-4,-5],[-1,-3],[-2,-4],[-1,3],[-4,5],[3,-5],[2,3],[-3,4],[3,4],[-2,-5],[2,5]]",5.0,19.0,3.8,38.0,2.0,0.0,2.0,2.0,1.0,0.0,0.5,0.7483314773547882,1.16619037896906,0.9,1.9,0.9433981132056604,3.0,7.6,1.4966629547095764,5.0,9.0,0.0185714285714285,0.1708069269637968,-0.25,0.2,3.6,0.4898979485566356,3.0,4.0,0.7660818713450293,0
sat-00666,bd3682d364b11a8897bced0f5eca45176e6908dc59f8dd7daa3dca83bbdd53fe,2sat,5,"[[4,5],[-3,4],[3,5],[1,2],[3,4],[-1,4],[-3,-4],[2,-5],[2,-4],[-1,5],[-1,-2],[-1,-4],[1,3],[3,-5],[-2,5],[-2,-3],[1,-4],[4,-5],[-2,-5],[1,-3],[2,5],[2,4]]",5.0,22.0,4.4,44.0,2.0,0.0,2.0,2.0,1.0,0.0,0.5454545454545454,0.7483314773547882,0.0,1.0,2.2,0.8717797887081347,4.0,8.8,0.7483314773547883,8.0,10.0,0.0844444444444444,0.0762063475532544,0.0,0.2,4.0,0.0,4.0,4.0,0.7489177489177489,0
sat-02905,40dae3d046bb9cc980f915e41f444246997e19cfc88b096362e42f9d2221a905,mixed,5,"[[1,-2,4],[-1,3,-4],[-1,-2,-5],[2,3,5],[1,2],[-3,4,-5],[-1,-2,-3],[1,2,5],[2,3,-5],[3,-5],[-1,-2,3],[-3,5],[2,-5],[3,4],[1,-4,5],[1,-2,-5],[1,-4],[-3,-4,5],[-1,3,5],[1,-2,3],[2,-4],[-2,4,-5],[-1,2,3],[1,3,4],[1,3,-5],[1,2,-4],[1,2,-3]]",5.0,27.0,5.4,74.0,2.740740740740741,0.438228132081453,2.0,3.0,0.2592592592592592,0.7407407407407407,0.5675675675675675,2.4979991993593598,1.0198039027185568,1.0,6.7,2.1,11.0,14.8,2.1354156504062622,11.0,17.0,0.1120702826585179,0.2042689771408481,-0.1428571428571428,0.375,4.0,0.0,4.0,4.0,1.4871794871794872,0
sat-02344,0076d0714c720dc6ccd9bf0316b8b51836c7fe565ebedc2e93264d212bbe1549,mixed,4,"[[-1,-4],[-1,-3,4],[-1,-2,4],[-2,-4],[1,-2],[1,-3],[-1,2],[-1,-3],[-1,-2],[1,3,-4],[-1,2,-4],[2,3,-4],[2,-4],[2,3],[1,2,3],[-1,3,-4],[1,2],[-2,4],[-3,-4],[2,-3],[-1,3,4],[2,-3,4]]",4.0,22.0,5.5,53.0,2.409090909090909,0.4916660830178166,2.0,3.0,0.5909090909090909,0.4090909090909091,0.4716981132075472,1.6393596310755,1.5811388300841898,1.0,6.666666666666667,0.7453559924999298,7.0,13.25,0.82915619758885,12.0,14.0,-0.0576923076923076,0.2253919555600952,-0.2857142857142857,0.2857142857142857,3.0,0.0,3.0,3.0,1.4112554112554112,0
sat-02223,619d30a2a3d6f63a48a6fb3d1725018b30307365309c8f780c6091465ca3de6a,2sat,5,"[[-2,3],[1,-5],[4,5],[-1,-4],[-3,-4],[-4,5],[-3,4],[-1,-2],[-1,5],[1,4],[3,-5],[2,5],[-2,5],[-2,-5]]",5.0,14.0,2.8,28.0,2.0,0.0,2.0,2.0,1.0,0.0,0.4642857142857143,1.3564659966250538,0.6324555320336759,0.8,1.4,0.916515138991168,3.0,5.6,1.3564659966250536,4.0,8.0,-0.11,0.2835489375751565,-0.6,0.25,3.2,0.3999999999999999,3.0,4.0,0.7582417582417582,0
sat-01530,c399679825568efa1d96ded2e1799efa73c20c44bbd87d4e0308128c7895d7c1,3sat,4,"[[-2,3,4],[2,3,-4],[-1,-3,4],[-1,-2,4],[1,2,-3],[-1,3,4],[-2,-3,4]]",4.0,7.0,1.75,21.0,3.0,0.0,3.0,3.0,0.0,1.0,0.5238095238095238,1.479019945774904,0.8660254037844386,1.0,3.5,0.957427107756338,5.0,5.25,0.82915619758885,4.0,6.0,-0.0083333333333333,0.4284176311342317,-0.5,0.6666666666666666,3.0,0.0,3.0,3.0,2.1904761904761907,1
sat-02419,20a133b2b224ec26563292ae65ae332788741bfeb3f4f8148c19568f45d07354,mixed,5,"[[1,-2,-3],[-2,-3,5],[1,-2,5],[2,-4,5],[-1,2,5],[-1,3,-4],[-1,4,5],[-3,-4,5]]",5.0,8.0,1.6,24.0,3.0,0.0,3.0,3.0,0.0,1.0,0.5,1.8547236990991407,1.2,1.0,2.4,0.8,4.0,4.8,0.7483314773547882,4.0,6.0,-0.0799999999999999,0.5564171097297422,-0.5,1.0,4.0,0.0,4.0,4.0,1.6785714285714286,1
sat-02152,db995e80f819a0e713e0035b0bee3ea605f08ceb4cdadf46f9917c80329375bc,mixed,4,"[[-1,-2],[2,-3],[-1,4],[1,-2,-4],[1,-4],[1,3,-4],[-1,3],[-1,2],[-1,2,-4],[-2,3,4],[-1,-3,4],[-1,-3,-4]]",4.0,12.0,3.0,30.0,2.5,0.5,2.0,3.0,0.5,0.5,0.4,0.0,1.6583123951777,1.0,4.0,1.5275252316519468,7.0,7.5,1.6583123951777,6.0,10.0,-0.1625,0.1709349291397168,-0.4,0.0,3.0,0.0,3.0,3.0,1.5606060606060606,1
sat-01787,1fdeeaf81afa2bc26c7a50e08fb814f82b390fa942c90bf7d6984118ce864270,2sat,5,"[[1,2],[-1,-5],[1,5],[3,-4],[2,3],[2,5],[-3,-5],[4,5],[-1,-4],[3,-5],[1,3],[-2,-3],[-3,5],[3,4],[-2,4],[1,-5],[2,-4],[-1,5],[1,4],[1,-4],[1,-3],[-1,-2],[-2,5]]",5.0,23.0,4.6,46.0,2.0,0.0,2.0,2.0,1.0,0.0,0.5652173913043478,1.16619037896906,0.0,1.0,2.3,0.7810249675906654,4.0,9.2,1.1661903789690602,8.0,11.0,0.1167676767676767,0.1082149644115809,0.0,0.2727272727272727,4.0,0.0,4.0,4.0,0.758893280632411,0
sat-00374,4d2226908c506d7bb0db1d1c33a103a05e8af11e24bd0e4665ca6686ded52525,mixed,4,"[[-2,4],[-3,-4],[-2,3,4],[-1,-4],[-2,-3],[-1,3],[-1,-2],[2,3],[-1,-2,-3],[-2,-3,4],[2,3,4]]",4.0,11.0,2.75,26.0,2.363636363636364,0.4810456929208346,2.0,3.0,0.6363636363636364,0.3636363636363636,0.3846153846153846,1.6583123951777,1.4142135623730951,1.0,3.1666666666666665,1.674979270186815,6.0,6.5,1.6583123951777,4.0,8.0,-0.2916666666666667,0.5051814855409226,-1.0,0.3333333333333333,3.0,0.0,3.0,3.0,1.4,1
sat-00177,2d60bbc310ab40b7742a19387805d6db2ca2fc21eec9bc24de1c1232c132bd81,3sat,5,"[[1,-2,-4],[-2,-3,4],[1,-2,-5],[2,3,-5],[1,-2,-3],[-2,3,-4],[-1,2,-4],[-2,-4,5],[1,3,-5],[2,-3,5],[1,3,-4],[1,-3,4],[-1,-3,5],[1,-2,3],[-1,2,4],[1,2,3],[2,3,-4],[-1,-2,4],[-1,3,5],[-3,4,5],[1,2,-5],[-1,2,3],[2,4,-5],[-2,3,4],[2,-4,5],[1,2,-4],[2,4,5],[-1,-3,-5],[1,-3,5]]",5.0,29.0,5.8,87.0,3.0,0.0,3.0,3.0,0.0,1.0,0.5632183908045977,1.6,1.0198039027185568,1.0,8.7,2.325940669922601,13.0,17.4,2.33238075793812,14.0,21.0,0.1238095238095238,0.0719732320555849,0.0,0.2222222222222222,4.0,0.0,4.0,4.0,1.79064039408867,0
sat-02911,1ad0bce2804838a1bfa26c17b16917527efa67ee2d8c5376b61de3dbdd734921,mixed,5,"[[1,2,4],[2,-4,5],[1,3,-5],[-1,2,-3],[2,4,-5],[-1,3],[2,3,5],[-1,-4],[2,3,-5],[1,-2,4],[2,-4],[-1,-4,5],[1,-2],[-1,-4,-5],[1,2],[-1,2,-5],[1,2,5],[-2,4],[-1,-3,-4],[2,4,5]]",5.0,20.0,4.0,54.0,2.7,0.458257569495584,2.0,3.0,0.3,0.7,0.5740740740740741,2.4819347291981715,1.8547236990991407,1.0,4.8,1.939071942966532,7.0,10.8,2.785677655436824,6.0,14.0,0.1473859473859473,0.2619962818419276,-0.0909090909090909,0.5714285714285714,4.0,0.0,4.0,4.0,1.4947368421052631,0
sat-02672,b7ad2cb62197f1118c933176343ab76108ca5a0fbf60ba099a70990b3a12fdbd,mixed,4,"[[-1,-2,3],[1,-2,-4],[-2,3,-4],[1,2,4],[2,-4],[2,-3,4],[1,4]]",4.0,7.0,1.75,19.0,2.7142857142857144,0.4517539514526256,2.0,3.0,0.2857142857142857,0.7142857142857143,0.5789473684210527,0.4330127018922193,1.0,1.0,2.833333333333333,1.2133516482134197,5.0,4.75,1.299038105676658,3.0,6.0,0.2083333333333333,0.2165063509461096,0.0,0.5,3.0,0.0,3.0,3.0,1.8571428571428568,1
sat-02224,ab3bf2dac4291e780283793ce489bd2997eab92ac446dba37b5967e52253904b,2sat,4,"[[-1,-2],[-2,-3],[1,4],[-2,-4],[-2,3],[1,-4],[1,-3],[2,3],[-1,2],[-1,-4]]",4.0,10.0,2.5,20.0,2.0,0.0,2.0,2.0,1.0,0.0,0.4,0.7071067811865476,0.7071067811865476,0.8333333333333334,1.6666666666666667,1.1055415967851334,3.0,5.0,1.0,4.0,6.0,-0.2083333333333333,0.2165063509461096,-0.5,0.0,2.5,0.5,2.0,3.0,0.9333333333333332,0
sat-00206,d7fd5f3c9f1e26c7a655a79457c70e41de5252f0230659acf9d7d1b5c31aec44,2sat,5,"[[-1,-2],[2,4],[-3,4],[3,-5],[-2,-5],[3,4],[1,5],[3,-4],[4,-5],[1,4],[4,5],[-1,4]]",5.0,12.0,2.4,24.0,2.0,0.0,2.0,2.0,1.0,0.0,0.625,2.0976176963403037,0.7483314773547883,0.8,1.2,0.8717797887081347,3.0,4.8,1.7204650534085255,3.0,8.0,0.1433333333333333,0.4149431018558782,-0.3333333333333333,0.75,3.2,0.7483314773547882,2.0,4.0,0.803030303030303,1
sat-00049,5198ab080468a2485f74a46f33eceb8f737a854688df0e24ae5720f4e3b8ecc1,mixed,4,"[[1,2,3],[2,-3],[-1,3],[-3,-4],[-2,-3,-4],[-1,-2,3],[-2,-3,4]]",4.0,7.0,1.75,18.0,2.571428571428572,0.4948716593053934,2.0,3.0,0.4285714285714285,0.5714285714285714,0.3888888888888889,0.82915619758885,0.82915619758885,0.8333333333333334,2.5,1.5,5.0,4.5,1.6583123951777,3.0,7.0,-0.2523809523809524,0.0834353117520725,-0.3333333333333333,-0.1428571428571428,2.5,0.5,2.0,3.0,1.761904761904762,1
sat-00002,31372d1eccdc2927cd44c5437c10ce778344b493169e5ab97ba446ae0dc34f98,mixed,5,"[[2,-3],[4,-5],[-1,3,-4],[-2,3],[1,3,5],[2,-3,5],[-1,-3,-5],[-1,-4,5],[-1,-5],[-2,3,-4],[1,2,4],[-2,3,-5],[-3,4],[-3,-5],[-1,-3,5],[-1,4],[3,4,5],[2,-5],[-1,2,-4],[2,-3,4],[2,3,-5],[-2,-3],[-1,2,4],[1,3,-4],[-2,-3,-5],[1,2,5],[1,2,-5]]",5.0,27.0,5.4,72.0,2.6666666666666665,0.4714045207910317,2.0,3.0,0.3333333333333333,0.6666666666666666,0.5,1.7204650534085253,1.833030277982336,1.0,6.3,1.7916472867168918,9.0,14.4,1.743559577416269,12.0,17.0,0.0020814479638008,0.21706306560216,-0.2307692307692307,0.3333333333333333,4.0,0.0,4.0,4.0,1.396011396011396,0
sat-02714,38f25d1686970a829962be31b87e3a6579c0b114e91d8e55c9b7430cebb9326f,3sat,5,"[[1,-2,-3],[-1,2,4],[-1,-2,3],[1,2,3],[-1,-2,5],[-2,4,5],[1,3,-5],[-1,-2,4],[2,4,-5]]",5.0,9.0,1.8,27.0,3.0,0.0,3.0,3.0,0.0,1.0,0.5555555555555556,0.6324555320336759,1.8547236990991407,0.9,2.7,1.6155494421403511,6.0,5.4,1.743559577416269,4.0,8.0,0.2214285714285714,0.4664236490661288,-0.25,1.0,3.6,0.4898979485566356,3.0,4.0,1.8611111111111112,1
sat-01610,6c02bfb9ed76ec49b069ef669438cbd336762a30791a42080efb313041b5760f,2sat,5,"[[3,5],[1,-2],[-3,5],[-2,-4],[-1,-3]]",5.0,5.0,1.0,10.0,2.0,0.0,2.0,2.0,1.0,0.0,0.4,0.7483314773547883,0.7483314773547883,0.4,0.5,0.6708203932499369,2.0,2.0,0.6324555320336759,1.0,3.0,-0.2666666666666666,0.7423685817106696,-1.0,1.0,1.6,0.4898979485566356,1.0,2.0,0.6,1
sat-01309,31931b1049b5493aa7aab66aa5138f7da85e2ff469acf35cc7f2ce2ea46ade34,mixed,4,"[[-1,2],[-1,3],[-1,-2,-4],[-2,3,-4],[-1,-4],[-1,3,4],[-1,2,-3],[-2,-4],[1,-3,4],[2,-3,-4],[2,3],[2,-4],[-1,3,-4],[1,-2,4],[-2,3,4],[-1,4],[-2,-3,4],[1,-3,-4],[1,2,-3],[1,-3],[2,3,4],[1,-2,-3]]",4.0,22.0,5.5,58.0,2.636363636363636,0.4810456929208347,2.0,3.0,0.3636363636363636,0.6363636363636364,0.4655172413793103,0.4330127018922193,0.4330127018922193,1.0,8.333333333333334,1.1055415967851334,9.0,14.5,0.5,14.0,15.0,-0.069047619047619,0.050563715670465,-0.1428571428571428,0.0,3.0,0.0,3.0,3.0,1.696969696969697,0
sat-01324,7863d093353516243ccde17f743fbc14ef1f39ee0c884ed231b770568e76ec09,mixed,4,"[[-2,-3,-4],[1,-2],[1,3,4],[2,-3,-4],[-2,3,-4],[-3,4],[-1,-2],[-1,2,-3],[1,3,-4],[1,2,4],[3,-4],[-2,4]]",4.0,12.0,3.0,31.0,2.583333333333333,0.4930066485916347,2.0,3.0,0.4166666666666667,0.5833333333333334,0.4838709677419355,0.4330127018922193,1.224744871391589,1.0,4.333333333333333,1.3743685418725535,7.0,7.75,1.0897247358851685,6.0,9.0,-0.0069444444444444,0.2155016756830958,-0.25,0.3333333333333333,3.0,0.0,3.0,3.0,1.621212121212121,1
sat-01521,e0716db51522be0804b2f5e2c0f7384049a4a0e139b2a68c47f68665cf305732,mixed,5,"[[-1,-4,-5],[3,-4,5],[1,2,5],[2,-4,5],[-2,-3,-5],[1,2,-3],[1,2,-4],[-3,4],[-1,2,-3],[1,-4,-5],[1,-3,5],[1,3]]",5.0,12.0,2.4,34.0,2.833333333333333,0.3726779962499649,2.0,3.0,0.1666666666666666,0.8333333333333334,0.5294117647058824,1.854723699099141,1.6,1.0,3.2,0.7483314773547882,4.0,6.8,0.7483314773547882,6.0,8.0,0.0428571428571428,0.5164855947792857,-0.6666666666666666,0.6666666666666666,4.0,0.0,4.0,4.0,1.5151515151515151,1
sat-02057,0e52001f39b5f577dc30687058a3f23c3df7924698bd6edd21f5165e6bb8c093,2sat,5,"[[-1,-2],[3,-4],[2,5],[1,-3],[-1,-4],[2,-4],[-2,4],[1,-4],[3,4],[-1,2],[2,4],[-2,-4],[3,-5],[-3,5],[-2,-3],[-1,3],[-1,-5],[2,-5]]",5.0,18.0,3.6,36.0,2.0,0.0,2.0,2.0,1.0,0.0,0.4444444444444444,1.16619037896906,0.8944271909999159,0.9,1.8,0.9797958971132712,4.0,7.2,1.32664991614216,5.0,9.0,-0.1249206349206349,0.2195001077542032,-0.4285714285714285,0.1428571428571428,3.6,0.4898979485566356,3.0,4.0,0.7581699346405228,0
sat-00780,940d9efc61e526223b365df6d08b3432c23451de15d18386b483183fc8493d39,mixed,5,"[[-2,-5],[-1,-2,-4],[1,3,-5],[-3,-4,-5],[2,4,5],[-3,4,-5],[2,3],[2,-3,5],[2,-3,4],[-1,2,5],[1,2,-3],[-1,-3,-5],[-1,2,-4],[1,5],[-3,5],[-2,4],[1,-4],[2,-3,-5],[-1,4,5],[-1,-4,5],[2,3,5],[3,-5],[3,-4,5]]",5.0,23.0,4.6,62.0,2.6956521739130435,0.4601306627938419,2.0,3.0,0.3043478260869565,0.6956521739130435,0.5161290322580645,2.154065922853801,1.6733200530681511,1.0,5.5,1.8027756377319943,10.0,12.4,2.0591260281974,10.0,16.0,0.0206643356643356,0.2701883886615034,-0.2307692307692307,0.5,4.0,0.0,4.0,4.0,1.4387351778656126,0
sat-02248,238aae45c1299ed911c53a1399c899d5417800a3c278539c30cdda2eeaab27b6,3sat,5,"[[-2,-4,5],[1,2,-5],[1,-3,-5],[1,-2,-4],[1,2,-4]]",5.0,5.0,1.0,15.0,3.0,0.0,3.0,3.0,0.0,1.0,0.4666666666666667,1.4966629547095764,1.019803902718557,0.8,1.5,1.02469507659596,3.0,3.0,1.095445115010332,1.0,4.0,-0.2666666666666666,0.7423685817106696,-1.0,1.0,3.2,0.7483314773547882,2.0,4.0,1.8,1
sat-00747,4280c05de722d9876d63e43705b6004224aad26664c70e4adfb28e337259089a,mixed,4,"[[-1,-2],[-3,4],[-2,-4],[1,4],[2,4],[1,-3],[-2,-3],[2,-3,-4],[2,3],[2,-3,4],[1,-4],[1,-2,-3],[-1,-4],[1,2,4],[-1,-2,4],[1,3,4],[1,3],[-2,3,4],[1,2,-4]]",4.0,19.0,4.75,46.0,2.421052631578948,0.4937279747182557,2.0,3.0,0.5789473684210527,0.4210526315789473,0.5652173913043478,1.6583123951777,1.224744871391589,1.0,5.833333333333333,1.3437096247164249,8.0,11.5,1.118033988749895,10.0,13.0,0.1213286713286713,0.2454503117599534,-0.2,0.4545454545454545,3.0,0.0,3.0,3.0,1.4269005847953216,0
sat-00392,6b046fc39374b7e9320fa2118f84da530b92e01922f95eb0b7b3078530a2e343,2sat,5,"[[2,-4],[-1,-5],[-2,-5],[-1,-3],[2,3],[2,-3],[-4,5],[-1,-4],[-2,-3],[4,-5],[1,-5],[-1,4],[1,-4],[-2,4],[-2,5],[-3,4],[3,4],[-1,-2],[-1,2],[1,-2],[1,-3],[1,4],[1,3],[-1,5],[4,5]]",5.0,25.0,5.0,50.0,2.0,0.0,2.0,2.0,1.0,0.0,0.48,1.469693845669907,1.16619037896906,0.9,2.5,1.02469507659596,4.0,10.0,1.8973665961010275,8.0,13.0,-0.0508391608391608,0.1843226647368247,-0.25,0.2727272727272727,3.6,0.4898979485566356,3.0,4.0,0.78,0
sat-02676,bc49017e1de596c1c3a8a7a9a07badaa4fcd1fd90f6d3ec66c4a233ff45b5406,3sat,4,"[[1,-3,-4],[2,3,4],[-1,-2,-4],[2,3,-4],[-1,2,3],[1,3,-4],[1,-3,4]]",4.0,7.0,1.75,21.0,3.0,0.0,3.0,3.0,0.0,1.0,0.5714285714285714,0.7071067811865476,1.0897247358851685,1.0,3.5,0.957427107756338,5.0,5.25,0.82915619758885,4.0,6.0,0.175,0.3121386800054673,-0.3333333333333333,0.5,3.0,0.0,3.0,3.0,2.1904761904761907,1
sat-02726,3411cb74c3890f9db2ca13a08cb9a01aa8367156c720d1e33f62a729886988e0,mixed,5,"[[1,-4,5],[-1,3,-5],[2,-4,5],[-1,3,5],[-2,4,-5],[-1,2,-4],[3,-4,5],[3,-5],[3,4],[-3,-4],[-1,-2,-3],[-2,3,4],[-1,2],[1,3,-5],[1,4,-5],[1,3,4],[1,2,5],[-2,3,-4],[-1,-5],[3,5],[-3,4],[-3,4,-5],[2,-4,-5],[1,2,-3],[-4,-5],[1,3,-4]]",5.0,26.0,5.2,70.0,2.6923076923076925,0.4615384615384615,2.0,3.0,0.3076923076923077,0.6923076923076923,0.5285714285714286,1.8547236990991407,2.0591260281974,1.0,6.2,1.6,9.0,14.0,2.280350850198276,10.0,16.0,0.0653846153846153,0.2101387256639495,-0.2,0.375,4.0,0.0,4.0,4.0,1.44,0
sat-02160,44ffd43e8a203c63a9ec73452307381a1f9d5ad3ba15d18820b1700f54f454b4,2sat,5,"[[-3,4],[-1,-4],[1,-4],[-1,3],[-1,4],[1,-3],[2,3],[-2,-5],[-1,-3],[3,5],[-1,-2],[1,5],[1,-2],[1,4],[3,-5],[2,5],[1,3],[4,-5],[2,-5],[-3,-4],[-2,-3],[4,5],[1,-5],[-2,5],[2,-4]]",5.0,25.0,5.0,50.0,2.0,0.0,2.0,2.0,1.0,0.0,0.52,0.9797958971132712,0.3999999999999999,1.0,2.5,1.02469507659596,4.0,10.0,1.095445115010332,9.0,12.0,0.0333333333333333,0.0968644209675705,-0.1111111111111111,0.1666666666666666,4.0,0.0,4.0,4.0,0.76,0
sat-02679,8d1a722db7f4bb9dccf728760c50cac8c22c9274a357b3a9516c58d2fa76dcd5,2sat,4,"[[-2,-3],[2,-4],[-3,-4],[-2,4],[1,4],[-1,-3],[3,-4],[2,3],[1,-2],[2,4],[-1,2],[-1,-4],[-3,4],[-1,4],[1,-3],[1,-4],[1,2],[-1,-2],[-2,3]]",4.0,19.0,4.75,38.0,2.0,0.0,2.0,2.0,1.0,0.0,0.4736842105263157,0.8660254037844386,0.0,1.0,3.1666666666666665,0.6871842709362768,4.0,9.5,0.8660254037844386,8.0,10.0,-0.0625,0.1082531754730548,-0.25,0.0,3.0,0.0,3.0,3.0,0.953216374269006,0
sat-02067,4fe5deaa55c760ec5c68682df78c38dfd7378337f490a7b0c287969b5912da11,3sat,4,"[[-1,2,4],[1,-3,-4],[-1,-2,3],[-1,-2,-4],[1,3,4],[2,-3,4],[1,-2,4],[-1,2,3],[-1,3,-4],[2,3,4],[1,2,-4],[1,2,4],[2,-3,-4],[-1,-3,4],[1,3,-4],[-1,-3,-4],[-2,3,4],[1,-2,-3],[-2,3,-4],[2,3,-4],[1,-3,4],[1,-2,-4],[-1,-2,4],[1,2,-3]]",4.0,24.0,6.0,72.0,3.0,0.0,3.0,3.0,0.0,1.0,0.5277777777777778,0.5,0.8660254037844386,1.0,12.0,1.4142135623730951,14.0,18.0,1.224744871391589,17.0,20.0,0.0571895424836601,0.0393176778284835,0.0,0.1111111111111111,3.0,0.0,3.0,3.0,2.2282608695652173,0
sat-01464,96bb1aeb4684c63888d3b5c6f0c616db7e7485b0f8dd0bce21c80d8bfbffa040,mixed,4,"[[-1,-2,3],[-1,2,4],[-2,-4],[1,-2,-4],[-1,-2,-4],[2,-4],[1,3,-4],[-1,2],[3,-4],[1,-2],[1,-4],[-2,-3],[-1,2,3],[2,-3,-4],[-1,-3,-4],[1,-3,-4],[-2,4],[1,-2,3],[-1,2,-4],[-2,-3,4],[-1,-2],[-1,-2,4],[2,-3,4],[-2,-3,-4],[-1,-2,-3],[-1,-4],[2,4],[-1,-3,4]]",4.0,28.0,7.0,73.0,2.607142857142857,0.4883855118277622,2.0,3.0,0.3928571428571428,0.6071428571428571,0.3561643835616438,1.118033988749895,1.6393596310755,1.0,10.333333333333334,1.795054935711501,13.0,18.25,2.680951323690902,14.0,21.0,-0.2892857142857142,0.0342352472489247,-0.3333333333333333,-0.238095238095238,3.0,0.0,3.0,3.0,1.7037037037037035,0
sat-00458,083370f52178c4def2eabfbeb2279dadf2eab276c226b31f84af10970efbac19,2sat,5,"[[2,-5],[-4,5],[-1,5],[3,4],[1,2],[3,-4],[1,5],[-1,2],[-3,-4],[-1,-2],[4,5],[-1,-3],[3,-5],[1,-5],[-1,3],[-3,-5]]",5.0,16.0,3.2,32.0,2.0,0.0,2.0,2.0,1.0,0.0,0.5,0.7483314773547882,1.32664991614216,0.7,1.6,1.2000000000000002,3.0,6.4,1.624807680927192,4.0,8.0,0.0385714285714285,0.270358794107054,-0.25,0.5,2.8,0.7483314773547882,2.0,4.0,0.775,0
sat-01195,aa0ee6b05c917d77aedb7127e5b13d4bb2fc5ac301034761db53830bf720e0ae,mixed,4,"[[1,2,4],[-3,-4],[2,4],[-2,3,-4],[-2,-3],[1,2,-3],[1,-3],[1,-3,-4],[-1,-2],[1,2,-4],[-1,2,4],[-1,-2,3],[-1,4],[-2,-4],[-1,-2,4],[2,-3],[-1,-2,-4],[-1,2],[2,3,4],[1,-2],[2,-3,4],[-1,3,4],[-1,3],[1,-2,4],[1,3]]",4.0,25.0,6.25,63.0,2.52,0.4995998398718719,2.0,3.0,0.48,0.52,0.5079365079365079,1.224744871391589,1.299038105676658,1.0,8.5,1.9790570145063195,11.0,15.75,1.920286436967152,13.0,18.0,0.0160633484162895,0.109937758216181,-0.0769230769230769,0.2,3.0,0.0,3.0,3.0,1.5733333333333333,0
sat-01709,29910114a0a253c9db78a7fcac873c0d040192e1994435a2e1f49ed6450646a6,2sat,5,"[[3,4],[1,5],[2,-5],[-1,-4],[-1,-2],[3,5],[-1,3]]",5.0,7.0,1.4,14.0,2.0,0.0,2.0,2.0,1.0,0.0,0.5714285714285714,0.8,0.9797958971132712,0.7,0.7,0.458257569495584,1.0,2.8,0.7483314773547882,2.0,4.0,0.1666666666666666,0.4944132324730441,-0.5,1.0,2.8,0.7483314773547882,2.0,4.0,0.6666666666666666,1
sat-01627,1216d6a0611f6bf5c55180a090ea0b0a2aefdb6468aa607181822cb28b69f7a5,2sat,5,"[[3,-5],[2,-3],[2,5],[2,-5],[-2,5],[4,5],[-1,-2],[1,-4],[-1,5],[1,-3],[1,3],[1,5],[1,-5],[2,3],[-3,-4],[-3,-5],[1,2],[3,5],[-4,5],[-2,3],[-4,-5],[-3,5],[-2,4],[2,-4],[-1,-5],[-2,-4],[-1,-4],[-1,4],[4,-5],[-3,4],[-1,3],[1,-2],[3,4]]",5.0,33.0,6.6,66.0,2.0,0.0,2.0,2.0,1.0,0.0,0.5151515151515151,0.7483314773547882,0.4898979485566356,1.0,3.3,0.458257569495584,4.0,13.2,0.9797958971132712,12.0,15.0,0.0287179487179487,0.0601204139066783,-0.0769230769230769,0.0769230769230769,4.0,0.0,4.0,4.0,0.7670454545454546,0
sat-02915,656e49fe30bc7358381acd0bff8e37c51f8591fc1695ae9e979784954ebf9e41,3sat,4,"[[1,2,-4],[-1,3,-4],[-1,-3,-4],[-2,3,4],[1,-2,4],[-1,-2,3],[2,3,4],[1,-2,-4],[1,3,-4],[-1,-3,4],[-1,2,-3],[1,2,3],[1,-3,-4],[2,3,-4],[-2,-3,4],[1,2,-3],[-2,3,-4],[-1,2,4],[1,-3,4]]",4.0,19.0,4.75,57.0,3.0,0.0,3.0,3.0,0.0,1.0,0.5263157894736842,0.5,0.82915619758885,1.0,9.5,0.957427107756338,11.0,14.25,0.82915619758885,13.0,15.0,0.0549450549450549,0.0760565179091315,-0.0666666666666666,0.1428571428571428,3.0,0.0,3.0,3.0,2.216374269005848,0
sat-02203,d36b40a1e6c29f2cbcb9adf7c9fa5ca8a88b3418b8f3cbd09b6ca4da9f34b9c5,3sat,4,"[[-1,2,3],[-2,-3,4],[-2,-3,-4],[1,2,3],[-1,-3,4]]",4.0,5.0,1.25,15.0,3.0,0.0,3.0,3.0,0.0,1.0,0.4666666666666667,0.4330127018922193,0.7071067811865476,1.0,2.5,0.957427107756338,4.0,3.75,0.82915619758885,3.0,5.0,-0.05,0.2511086528886561,-0.3333333333333333,0.3333333333333333,3.0,0.0,3.0,3.0,2.2,1
sat-01227,4bccfc331461ab6c4b53eda6d2ff0625aef6bfadc92b07ff0d65e4ac8493db6e,3sat,4,"[[-1,-2,3],[1,2,4],[1,2,-4],[-2,-3,-4]]",4.0,4.0,1.0,12.0,3.0,0.0,3.0,3.0,0.0,1.0,0.5,0.5,0.5,1.0,2.0,0.816496580927726,3.0,3.0,0.7071067811865476,2.0,4.0,0.0,0.2357022603955158,-0.3333333333333333,0.3333333333333333,3.0,0.0,3.0,3.0,2.1666666666666665,1
sat-00604,ef82765fe53b1a83c1a1f0ffd9afa3c2b303195fbb932458a0db69771f11ccdf,3sat,4,"[[1,-2,-3],[1,-3,4],[-1,2,-4],[1,-2,4],[1,2,-4]]",4.0,5.0,1.25,15.0,3.0,0.0,3.0,3.0,0.0,1.0,0.5333333333333333,1.4142135623730951,0.4330127018922193,1.0,2.5,1.2583057392117916,4.0,3.75,1.0897247358851685,2.0,5.0,-0.1,0.5744562646538028,-1.0,0.6,3.0,0.0,3.0,3.0,2.3,1
sat-00033,83b344af736cd30b983b1f23674c2448a9f5697b55b93196da198eb92c041f79,3sat,4,"[[1,2,3],[1,2,4],[-1,3,4],[-1,-3,-4],[-2,3,-4],[1,-3,4],[2,3,-4],[-1,2,-3],[1,-2,3],[1,3,-4],[1,-2,-3],[1,-2,4],[2,-3,-4],[1,-2,-4],[-2,-3,4],[-1,2,-4],[2,3,4],[-1,-2,3],[-1,-2,-4],[1,3,4],[-1,-3,4],[-1,2,3],[-2,-3,-4],[-1,2,4],[1,-3,-4]]",4.0,25.0,6.25,75.0,3.0,0.0,3.0,3.0,0.0,1.0,0.5066666666666667,0.5,0.4330127018922193,1.0,12.5,0.5,13.0,18.75,0.4330127018922193,18.0,19.0,0.0131578947368421,0.0436397998730973,-0.0526315789473684,0.0526315789473684,3.0,0.0,3.0,3.0,2.22,0
sat-01509,c6412af32ea732e3c3ab05f49a65ae094569bb9f11ae797cc643384a4dedf944,2sat,4,"[[2,3],[1,-2],[-1,4],[-1,2],[-3,4],[-1,-3],[2,4]]",4.0,7.0,1.75,14.0,2.0,0.0,2.0,2.0,1.0,0.0,0.5714285714285714,1.0,1.118033988749895,1.0,1.1666666666666667,0.3726779962499649,2.0,3.5,0.5,3.0,4.0,0.1666666666666666,0.6123724356957945,-0.5,1.0,3.0,0.0,3.0,3.0,0.8571428571428571,1
sat-00699,3490c1360be8fae60b6b050406f340e4d872bd603293c19704a46052d43030b9,3sat,4,"[[-1,2,-3],[2,3,-4],[1,2,-3],[1,-2,-4],[2,3,4],[-1,-2,-4],[2,-3,-4]]",4.0,7.0,1.75,21.0,3.0,0.0,3.0,3.0,0.0,1.0,0.4761904761904761,1.5,0.82915619758885,1.0,3.5,1.2583057392117916,5.0,5.25,1.0897247358851685,4.0,7.0,-0.0928571428571428,0.3705346385526553,-0.6,0.4285714285714285,3.0,0.0,3.0,3.0,2.238095238095238,1
sat-01435,fe9e658c0635540c9da16ac0de0234ad7b21748223ed965cf975162d4978b8c8,mixed,4,"[[-1,-2,-4],[1,-4],[1,2,3],[1,2],[1,2,4],[-2,-3,-4],[-1,-3,4],[3,4],[-1,-2],[1,-2],[-1,-2,-3],[2,3],[1,-2,-3],[-3,4],[1,2,-4],[1,-2,-4],[-2,4],[2,-3],[-2,-3],[3,-4],[-3,-4],[-1,-4],[1,-3],[1,-3,-4],[1,3],[-1,-3,-4]]",4.0,26.0,6.5,63.0,2.423076923076923,0.4940474068717357,2.0,3.0,0.5769230769230769,0.4230769230769231,0.4285714285714285,2.48746859276655,1.8708286933869709,1.0,8.0,1.2909944487358056,10.0,15.75,0.82915619758885,15.0,17.0,-0.1535539215686274,0.2664235697653799,-0.375,0.2941176470588235,3.0,0.0,3.0,3.0,1.4338461538461538,0
sat-01273,d82da8b72c72ba7b22b2f6d7587c097b2ceaccf9559dfb9b2f7aadc1c6b9133d,3sat,5,"[[1,-3,-5],[-1,2,-4],[-1,-4,5],[3,-4,5],[-1,3,-5],[-3,-4,-5],[2,3,-4],[2,-3,-4],[1,2,3],[1,2,5],[3,4,-5],[1,-3,-4],[-1,2,3],[-1,3,-4],[-1,2,4],[-2,4,-5],[1,2,-3],[-2,-3,-5],[-1,-3,5],[-1,-2,-3],[2,3,4],[-1,3,4],[2,-4,-5],[1,-2,-5],[-1,-2,4],[1,3,-4]]",5.0,26.0,5.2,78.0,3.0,0.0,3.0,3.0,0.0,1.0,0.4743589743589743,2.33238075793812,1.833030277982336,1.0,7.8,1.7776388834631178,11.0,15.6,2.0591260281974,12.0,18.0,-0.0630718954248366,0.2483221495494394,-0.3333333333333333,0.3333333333333333,4.0,0.0,4.0,4.0,1.7846153846153847,1
sat-01315,11277ff559af9c1cd28ff69e5b8457346af6028d4d34f79bc9af5743f499b48f,2sat,5,"[[1,-2],[2,4],[1,-4],[-2,4],[-4,-5],[-1,4],[1,3],[-1,3],[-2,3],[-3,-5],[3,-5],[-3,5],[2,-3],[-1,-3],[-1,-2],[1,5],[-2,-4]]",5.0,17.0,3.4,34.0,2.0,0.0,2.0,2.0,1.0,0.0,0.4411764705882353,0.8944271909999159,0.7483314773547882,0.8,1.7,1.1,3.0,6.8,1.16619037896906,5.0,8.0,-0.1257142857142857,0.1700900121844253,-0.4285714285714285,0.0,3.2,0.3999999999999999,3.0,4.0,0.75,0
sat-02449,2aed219205017de1bfd9c919caeeb251bd08a551eaade6b31e5761d26d2ffaef,2sat,4,"[[-2,3],[3,4],[1,-4],[2,4],[1,4],[1,2],[1,-3],[2,-4],[-1,4]]",4.0,9.0,2.25,18.0,2.0,0.0,2.0,2.0,1.0,0.0,0.7222222222222222,0.82915619758885,0.4330127018922193,1.0,1.5,0.7637626158259734,3.0,4.5,1.118033988749895,3.0,6.0,0.4416666666666666,0.1139566194264778,0.3333333333333333,0.6,3.0,0.0,3.0,3.0,0.9444444444444444,1
sat-01141,126a58ec1d738e14739dfddde47f59ec01506c9b8286828007ec47fc8fa0b1e8,2sat,5,"[[-1,-3],[-2,4],[2,3],[-1,-5],[2,-5]]",5.0,5.0,1.0,10.0,2.0,0.0,2.0,2.0,1.0,0.0,0.4,0.7483314773547883,0.7483314773547883,0.5,0.5,0.5,1.0,2.0,0.6324555320336759,1.0,3.0,-0.1333333333333333,0.77746025264604,-1.0,1.0,2.0,0.6324555320336759,1.0,3.0,0.6,1
sat-01565,a84e1e2ca57b3180ea06972477891cf54ac8c975ffd76a64964c92689e1e9de4,mixed,5,"[[-1,4],[2,-3,-5],[-2,4,-5],[2,4,5],[-1,5],[-3,-4],[1,2,-4],[-2,-4,-5],[-4,5],[-1,2,-5],[-2,5],[1,3,5],[-2,3,5],[-1,2,4],[2,3],[1,2,-3],[1,-3],[1,3,-5],[-1,-2,5],[-1,3],[-1,-4,-5],[1,-5],[-1,2,-4],[1,-4,5],[1,-2,-3],[-1,3,-5],[1,4,-5],[-1,3,5],[-1,3,-4],[-1,-3,5],[2,4]]",5.0,31.0,6.2,83.0,2.677419354838709,0.4674637660061108,2.0,3.0,0.3225806451612903,0.6774193548387096,0.5060240963855421,1.3564659966250536,2.2271057451320084,1.0,7.3,2.5317977802344327,12.0,16.6,2.870540018881465,14.0,21.0,0.0219548872180451,0.1425373547773537,-0.1428571428571428,0.2,4.0,0.0,4.0,4.0,1.4365591397849462,0
sat-02982,c7431ddf1d5e5486bff8c269d87bde7033a5df702df740c6f3891910a0d84006,mixed,5,"[[1,-2,5],[1,2],[-1,-3],[-1,-2,4],[1,3],[-1,-2,-4],[3,-4,5],[2,-3,-4],[-2,-4,-5],[-1,4,-5],[-2,4,-5],[-1,4],[1,4,-5],[1,2,4],[-1,-3,-4],[-2,5],[1,-2,-4],[2,3,4]]",5.0,18.0,3.6,49.0,2.7222222222222223,0.4479032082388083,2.0,3.0,0.2777777777777778,0.7222222222222222,0.4693877551020408,1.624807680927192,1.469693845669907,1.0,4.4,2.244994432064365,8.0,9.8,2.785677655436824,6.0,13.0,-0.0677322677322677,0.1247134217773675,-0.2727272727272727,0.0769230769230769,4.0,0.0,4.0,4.0,1.5359477124183007,1
sat-01505,4bed43311165b472d94a72537e56cfd6cdad4b9379e622c9491b327467797136,mixed,5,"[[1,-3,-4],[2,4,-5],[2,3,4],[-1,-3,5],[1,2,-3],[4,-5],[-1,-4],[-1,-2,4],[2,4],[-1,-2]]",5.0,10.0,2.0,26.0,2.6,0.4898979485566356,2.0,3.0,0.4,0.6,0.5,1.624807680927192,0.8,1.0,2.2,0.9797958971132712,4.0,5.2,1.469693845669907,3.0,7.0,-0.0809523809523809,0.3832076102615373,-0.5,0.4285714285714285,4.0,0.0,4.0,4.0,1.3333333333333333,1
sat-02639,2cb77467b035c69a2b683bda1643a5c6f283f3803fe803adb7b0a314fead1263,3sat,5,"[[2,-4,5],[-2,-3,-5],[-1,-2,-5],[1,-4,5],[-1,-4,5],[-1,-3,4],[-2,4,5],[1,3,-5],[-1,4,5]]",5.0,9.0,1.8,27.0,3.0,0.0,3.0,3.0,0.0,1.0,0.4444444444444444,1.4966629547095764,0.6324555320336759,1.0,2.7,1.5524174696260025,5.0,5.4,1.743559577416269,3.0,8.0,-0.1833333333333333,0.270801280154532,-0.5,0.25,4.0,0.0,4.0,4.0,1.8611111111111112,1
sat-02027,f8421d7d11ee1d2d7836ec90006afd7e30ab9f05958f8b5405779e35562afe99,2sat,4,"[[-3,4],[-1,-4],[3,4],[1,-2],[2,-4],[2,4],[-2,-4],[3,-4],[1,4],[-1,-2],[-2,3],[2,-3],[-1,4],[-2,-3],[-2,4],[-1,-3],[-3,-4]]",4.0,17.0,4.25,34.0,2.0,0.0,2.0,2.0,1.0,0.0,0.4117647058823529,1.5,0.7071067811865476,1.0,2.833333333333333,1.0671873729054748,4.0,8.5,1.8027756377319943,6.0,11.0,-0.2064393939393939,0.1750127077899505,-0.3333333333333333,0.0909090909090909,3.0,0.0,3.0,3.0,0.9852941176470588,0
sat-01817,43f22fc170b20a7da4337978618055db4030e9a5a441d9a817b06549bbbbdf8c,mixed,5,"[[-1,-2,-5],[-1,-3,5],[1,4],[2,3],[4,-5],[-2,-3,-4],[2,4],[1,-3,-5],[2,-3],[1,3,4],[2,3,4],[3,4,5],[-1,3,5],[1,-3,4],[-2,-5],[2,-3,-4],[1,-2,-5]]",5.0,17.0,3.4,45.0,2.647058823529412,0.4778846120374094,2.0,3.0,0.3529411764705882,0.6470588235294118,0.5555555555555556,1.2649110640673518,1.4142135623730951,1.0,3.9,1.3,6.0,9.0,1.095445115010332,8.0,11.0,0.1151515151515151,0.2785508068279311,-0.25,0.5555555555555556,4.0,0.0,4.0,4.0,1.3455882352941178,1
sat-00489,49fa2bdac7646cb6d7f7b464c670bbe0f605fa704b6fa1eaeafcb1c0ff46c0e1,3sat,4,"[[-1,3,4],[1,-2,-3],[1,3,4],[1,2,-3],[1,2,4],[-1,-2,-4],[1,2,-4],[2,-3,4],[1,-2,4],[2,-3,-4],[-1,2,-3],[-1,2,-4],[1,-2,-4],[-1,-3,4],[-1,-3,-4],[-1,-2,-3],[-1,-2,3],[-1,2,4],[-2,-3,4],[-2,3,4],[1,3,-4],[-1,2,3],[-2,3,-4],[1,-3,-4],[1,2,3]]",4.0,25.0,6.25,75.0,3.0,0.0,3.0,3.0,0.0,1.0,0.4933333333333333,0.82915619758885,0.5,1.0,12.5,0.957427107756338,14.0,18.75,0.82915619758885,18.0,20.0,-0.0146198830409356,0.0597092919785442,-0.1111111111111111,0.0526315789473684,3.0,0.0,3.0,3.0,2.223333333333333,0
sat-01164,38a186116091e4e4b2b254b2785a1469b234bd5f6147a2bc222db4c3d4c7976b,3sat,5,"[[-1,-4,-5],[-2,-4,-5],[-1,3,5],[2,4,5],[1,-2,4],[-1,2,3],[1,3,4],[1,3,-5],[-1,-2,-5],[2,3,4],[-3,4,-5],[3,-4,5],[-2,-4,5],[2,3,5],[1,3,-4],[2,4,-5],[-1,-2,-4],[-1,-4,5],[2,-3,5],[-1,-2,-3],[-1,2,-4],[1,-2,5],[1,2,-3],[-1,-2,4],[-2,3,-5],[1,-4,-5],[-2,4,-5],[2,-4,5],[1,2,3],[1,-4,5]]",5.0,30.0,6.0,90.0,3.0,0.0,3.0,3.0,0.0,1.0,0.5222222222222223,0.8,2.4166091947189146,1.0,9.0,2.04939015319192,12.0,18.0,2.0976176963403037,14.0,20.0,0.0646616541353383,0.1951761526596398,-0.1578947368421052,0.4285714285714285,4.0,0.0,4.0,4.0,1.7839080459770116,0
sat-00543,be99ed33629e531d386e4175815cb357f35e9e36f94eda893ac48d730dfae39d,2sat,5,"[[-2,3],[4,5],[-3,-5],[1,-4],[2,5],[-1,-4],[1,5],[1,-3],[-2,-3],[4,-5],[1,3],[1,2],[2,-3],[-2,4],[2,-5],[3,-5],[-3,4],[-1,-5],[3,5],[-1,-2],[2,4],[-3,-4],[1,4],[-1,-3],[-4,-5]]",5.0,25.0,5.0,50.0,2.0,0.0,2.0,2.0,1.0,0.0,0.5,0.8944271909999159,1.2649110640673518,1.0,2.5,0.5,3.0,10.0,0.6324555320336759,9.0,11.0,0.0076767676767676,0.2031901476409653,-0.2727272727272727,0.2,4.0,0.0,4.0,4.0,0.7533333333333333,0
sat-02989,7d974ca8fc9c33948234e5720cbcf1671f31a2cdee09d96e2a0c042a06ff3669,mixed,5,"[[-1,-4],[1,2,-3],[-3,4],[-1,3],[-3,-4,-5],[-1,2,5],[2,-3],[4,5],[1,-3]]",5.0,9.0,1.8,21.0,2.333333333333333,0.4714045207910317,2.0,3.0,0.6666666666666666,0.3333333333333333,0.4761904761904761,0.6324555320336759,1.7204650534085253,0.9,1.5,0.806225774829855,3.0,4.2,1.16619037896906,3.0,6.0,0.0933333333333333,0.5571355310873648,-0.6666666666666666,1.0,3.6,0.4898979485566356,3.0,4.0,1.0277777777777777,1
sat-00711,ff2cb168a7e2b8551dfbb4bb6e9e786099f8785e4c7c6ad659b631f17c1e1645,3sat,4,"[[-1,3,-4],[-2,3,4],[1,3,-4],[-2,-3,-4],[1,-3,-4],[1,2,-3],[2,3,4],[2,-3,-4],[1,-2,-4],[2,-3,4]]",4.0,10.0,2.5,30.0,3.0,0.0,3.0,3.0,0.0,1.0,0.5,0.4330127018922193,1.920286436967152,1.0,5.0,1.914854215512676,8.0,7.5,1.6583123951777,5.0,9.0,0.0746031746031746,0.3469879027953553,-0.3333333333333333,0.6,3.0,0.0,3.0,3.0,2.2888888888888888,1
sat-02388,4fc68adf648af957c5a37b09f712c0537978d7348dbd6791008ddd76ad2f1bcf,2sat,5,"[[2,-5],[1,-2],[2,5],[1,5],[-1,-2],[3,-4],[-1,-5],[-3,4],[-3,-4],[-2,-4],[-2,3],[-2,4],[3,4],[-2,-5],[2,-3],[1,2],[-4,5]]",5.0,17.0,3.4,34.0,2.0,0.0,2.0,2.0,1.0,0.0,0.4705882352941176,0.3999999999999999,1.3564659966250536,0.7,1.7,1.345362404707371,4.0,6.8,1.7204650534085253,5.0,10.0,-0.0285714285714285,0.1387995177313271,-0.2,0.2,2.8,0.7483314773547882,2.0,4.0,0.7794117647058824,0
sat-01204,0a1ccba00e4424acb3d3bc12f35e1619e7c5480206b1197af5cb5e71b9685d9a,2sat,4,"[[2,-3],[-1,4],[-3,4],[-1,-3],[-2,4],[-1,-4],[1,2],[-1,-2],[-2,-4],[-1,2],[2,-4],[-1,3]]",4.0,12.0,3.0,24.0,2.0,0.0,2.0,2.0,1.0,0.0,0.375,1.299038105676658,1.299038105676658,1.0,2.0,0.816496580927726,3.0,6.0,1.224744871391589,4.0,7.0,-0.2678571428571428,0.3512913495161786,-0.7142857142857143,0.1428571428571428,3.0,0.0,3.0,3.0,0.9545454545454546,0
sat-01960,eade92561479c0ad2af4d10c2c59dccc38b2ae1f5c2ab74d1236cd1a94f27217,mixed,5,"[[-2,-3,-4],[3,-5],[-1,2,-4],[-2,-5],[-1,3,5],[2,3,-5],[-2,-4,5],[2,-4,-5],[-2,3,5],[-3,4],[-2,4,5],[-1,2,3],[1,2],[-1,3,4],[1,-2,-3],[2,-3,4],[2,-4],[-1,4,-5],[-3,4,5],[1,-4,-5],[2,-3,-5],[2,3,4],[-2,4],[-1,-3,4],[1,4,5],[-1,-4,-5],[-2,3,-4],[1,4],[2,-3,5],[-1,2,5],[2,-4,5],[2,4,-5]]",5.0,32.0,6.4,89.0,2.78125,0.4133986423538422,2.0,3.0,0.21875,0.78125,0.5280898876404494,2.870540018881465,0.4898979485566356,1.0,8.2,2.3579652245103198,12.0,17.8,3.059411708155671,13.0,21.0,0.03003663003663,0.1586448535685729,-0.2307692307692307,0.238095238095238,4.0,0.0,4.0,4.0,1.5544354838709675,0
sat-00926,672c07972131ade52c387ced17974d7ae4d8450a7006163d1943b05f3a87d774,mixed,5,"[[-1,-2,-3],[1,-2,-4],[2,4],[-1,5],[-3,-4,-5],[-1,-2,5]]",5.0,6.0,1.2,16.0,2.6666666666666665,0.4714045207910317,2.0,3.0,0.3333333333333333,0.6666666666666666,0.3125,0.6324555320336759,0.7483314773547882,1.0,1.4,0.66332495807108,3.0,3.2,0.7483314773547882,2.0,4.0,-0.4,0.4294699575575042,-1.0,0.3333333333333333,4.0,0.0,4.0,4.0,1.2666666666666666,1
sat-02774,ea3bd5a31800e53d48de10cb12ad7958c9db36349f9f61c31f19aa99d23c97c0,3sat,4,"[[-1,-2,-4],[-1,-3,-4],[1,2,-4],[2,3,-4],[-1,-2,-3],[-2,-3,4],[-1,-3,4],[-1,2,3],[-1,3,4],[-1,2,-3],[-2,3,4],[1,3,-4],[1,-2,-4],[1,-3,4],[-2,-3,-4],[1,-3,-4],[1,-2,-3],[-1,2,4]]",4.0,18.0,4.5,54.0,3.0,0.0,3.0,3.0,0.0,1.0,0.4074074074074074,0.5,0.7071067811865476,1.0,9.0,1.0,10.0,13.5,0.8660254037844386,12.0,14.0,-0.1845238095238095,0.0592254426849178,-0.2857142857142857,-0.1428571428571428,3.0,0.0,3.0,3.0,2.215686274509804,1
sat-00051,77ea58ad149a83f3cd28b7b39a404646c7c86e96d3769943d7fae691f4f8c363,mixed,4,"[[-1,2,-4],[1,2,4],[1,-2],[3,-4],[2,-3,4]]",4.0,5.0,1.25,13.0,2.6,0.4898979485566356,2.0,3.0,0.4,0.6,0.6153846153846154,0.7071067811865476,0.4330127018922193,0.8333333333333334,1.8333333333333333,1.0671873729054748,3.0,3.25,0.82915619758885,2.0,4.0,0.2083333333333333,0.2165063509461096,0.0,0.5,2.5,0.5,2.0,3.0,1.6,1
sat-00653,eb056e1653f0614344e0063fe5594ec34a2b866a2745fe3b4bddbb63547dd782,2sat,5,"[[-1,5],[-1,-5],[-1,-2],[-1,3],[-2,-3],[-3,-4],[1,3],[-4,-5],[-1,-4],[-2,-4],[-1,-3],[3,-5],[1,4],[1,-2],[-2,3],[-1,4],[1,2],[2,4],[-2,-5],[3,5],[-4,5],[2,5],[2,-4],[3,4],[2,-5],[1,-4],[2,-3],[1,-3],[-3,4]]",5.0,29.0,5.8,58.0,2.0,0.0,2.0,2.0,1.0,0.0,0.4655172413793103,0.8,0.7483314773547882,1.0,2.9,0.7,4.0,11.6,1.3564659966250536,9.0,13.0,-0.0709401709401709,0.064619002295507,-0.1666666666666666,0.0,4.0,0.0,4.0,4.0,0.7684729064039408,0
sat-02328,a4f625b54f9b6d057dcdfb651c8460e520795eea8cf1cd14a1ba9e14ae82636d,mixed,4,"[[-2,3,4],[2,-3],[1,2,-4],[2,-3,-4],[-1,-2,-4],[1,3,-4],[1,2,-3],[-2,3],[-2,-4],[-2,3,-4],[-2,-3,-4],[3,-4]]",4.0,12.0,3.0,32.0,2.6666666666666665,0.4714045207910317,2.0,3.0,0.3333333333333333,0.6666666666666666,0.40625,1.479019945774904,2.5860201081971503,1.0,4.666666666666667,2.0548046676563256,7.0,8.0,2.345207879911715,4.0,10.0,-0.0916666666666666,0.4673523401851575,-0.7777777777777778,0.5,3.0,0.0,3.0,3.0,1.8636363636363635,1
sat-00415,9647c12645c64fd463ea86de01e1fe46ed839caa0f5be62f86058a7dd7ef92a3,3sat,4,"[[1,-2,-3],[1,-3,4],[2,3,4],[-2,3,4],[-1,-2,-3],[-1,-2,-4],[-2,-3,-4],[1,-3,-4],[-2,3,-4],[-2,-3,4],[1,2,-3],[-1,2,-3],[1,3,-4],[1,-2,-4],[2,-3,-4],[1,2,3],[-1,-3,4],[-1,-2,3],[1,2,-4],[2,3,-4],[1,3,4]]",4.0,21.0,5.25,63.0,3.0,0.0,3.0,3.0,0.0,1.0,0.4761904761904761,1.118033988749895,1.920286436967152,1.0,10.5,1.707825127659933,13.0,15.75,1.479019945774904,14.0,18.0,-0.0375992063492063,0.1897027482676578,-0.2,0.2857142857142857,3.0,0.0,3.0,3.0,2.2333333333333334,0
sat-00990,ac3026cb7d4994f1f9a39de3f3823d9e42d62b9763e99e15139680ee9559a35c,mixed,5,"[[1,-2,5],[1,3,5],[-4,-5],[2,4],[-1,2,-4],[-1,-2,5],[1,2,-3],[1,-3,-4],[1,2,3],[-2,3,4],[-2,-4],[-2,4,5],[2,3,-5],[1,4,-5],[-2,-4,5],[-1,2,-3],[-3,4,-5],[-2,-4,-5],[-4,5],[-1,-2]]",5.0,20.0,4.0,55.0,2.75,0.4330127018922193,2.0,3.0,0.25,0.75,0.4909090909090909,0.7999999999999999,1.624807680927192,1.0,5.0,1.61245154965971,7.0,11.0,2.0,8.0,14.0,-0.0037229437229437,0.1388388290811905,-0.1666666666666666,0.2,4.0,0.0,4.0,4.0,1.5,0
sat-01419,d9ee387c35ccfad8d5d8980a8a7caac3ee6de0371526da102b3f3ff721aaddcc,3sat,5,"[[1,-2,5],[-2,-4,5],[2,-3,-5],[1,3,-4],[-1,3,-4],[2,4,-5],[1,3,5],[-2,-4,-5],[1,-2,3],[-2,3,4],[1,-2,-4],[1,2,5],[1,4,5],[1,2,-4],[-3,4,-5],[-1,-2,-3],[-2,3,5],[-1,3,4],[2,-3,5],[-1,-2,-5],[2,-4,-5],[-1,2,5],[3,4,5]]",5.0,23.0,4.6,69.0,3.0,0.0,3.0,3.0,0.0,1.0,0.5507246376811594,1.019803902718557,1.7204650534085255,1.0,6.9,1.5132745950421558,11.0,13.8,1.469693845669907,12.0,16.0,0.1124358974358974,0.1803876678618408,-0.125,0.3333333333333333,4.0,0.0,4.0,4.0,1.766798418972332,0
sat-00162,ec247fbd6f61afcc8802fa0c61e46faa42a77d6de471cfe516cc6936e48bbf38,3sat,4,"[[-1,-2,-3],[1,-2,-3],[-1,3,4],[-1,-2,-4],[-1,2,-4],[-1,2,4],[1,2,-4],[1,2,3],[-1,-2,3],[1,-2,-4],[-1,-3,-4],[-1,3,-4],[-2,-3,4]]",4.0,13.0,3.25,39.0,3.0,0.0,3.0,3.0,0.0,1.0,0.3846153846153846,0.4330127018922193,1.4142135623730951,1.0,6.5,1.707825127659933,9.0,9.75,1.479019945774904,8.0,12.0,-0.2166666666666666,0.1364225461978741,-0.3333333333333333,0.0,3.0,0.0,3.0,3.0,2.243589743589744,1
sat-00630,d9ed64a1e36834769f417d3177180173cacfb5efd969bdfe8468dd52b42357bf,2sat,4,"[[1,-4],[2,4],[-3,-4],[1,4],[2,-4],[-2,-4],[-1,-3],[2,3],[2,-3],[-3,4],[1,3],[1,2],[-1,2],[-1,-2],[3,4],[-2,3],[-1,-4],[1,-3],[1,-2],[-2,4],[-2,-3]]",4.0,21.0,5.25,42.0,2.0,0.0,2.0,2.0,1.0,0.0,0.5,0.82915619758885,0.82915619758885,1.0,3.5,0.5,4.0,10.5,0.8660254037844386,10.0,12.0,0.0,0.1414213562373095,-0.2,0.2,3.0,0.0,3.0,3.0,0.9571428571428572,0
sat-01506,877f5a758487eb993ec2b2e95ed86d20d316da82e3ec46cc3b3d0f96b30fb4cd,3sat,5,"[[1,-2,4],[-1,-2,4],[-1,4,-5],[1,2,3],[-1,2,-3],[-2,4,5],[1,2,-5],[1,-3,-4],[-3,4,-5],[-1,-2,3],[1,-2,-4],[2,3,-4],[2,4,-5],[-1,-2,-5],[-1,-2,-3],[-2,-3,5],[-2,3,4],[3,-4,-5],[3,4,5],[-1,3,4],[2,-3,4],[1,3,-5],[-2,-4,5],[1,-2,5],[1,2,-4],[1,-3,-5],[-1,-3,-5]]",5.0,27.0,5.4,81.0,3.0,0.0,3.0,3.0,0.0,1.0,0.4814814814814814,1.7204650534085253,1.624807680927192,1.0,8.1,1.374772708486752,11.0,16.2,1.32664991614216,14.0,18.0,-0.0398225957049486,0.1944460753420675,-0.2857142857142857,0.25,4.0,0.0,4.0,4.0,1.7663817663817665,0
sat-01330,5f7f956e054718654b33757b23654453ca36e01a7d9302c6ba94c7424a445ae4,3sat,4,"[[-1,-2,-3],[1,-2,-4],[-1,2,4],[-2,-3,4]]",4.0,4.0,1.0,12.0,3.0,0.0,3.0,3.0,0.0,1.0,0.3333333333333333,0.7071067811865476,0.7071067811865476,1.0,2.0,0.816496580927726,3.0,3.0,0.7071067811865476,2.0,4.0,-0.375,0.4768967975941498,-1.0,0.3333333333333333,3.0,0.0,3.0,3.0,2.1666666666666665,1
sat-02912,ff433d8c153123b7dccf334bb30a2c73a5cd245dea3c6540d802199a3cec0314,2sat,4,"[[-1,3],[3,4],[2,-3],[2,4],[1,2],[3,-4],[-2,-4],[-3,-4],[2,-4],[-2,4],[-2,3],[1,3],[1,-3],[-1,-3],[1,4],[-1,2]]",4.0,16.0,4.0,32.0,2.0,0.0,2.0,2.0,1.0,0.0,0.5625,0.5,0.5,1.0,2.6666666666666665,1.1055415967851334,4.0,8.0,0.7071067811865476,7.0,9.0,0.1259920634920635,0.0891036503540948,0.0,0.25,3.0,0.0,3.0,3.0,0.9416666666666668,0
sat-01656,429913ea19e7b5f7b6b8bcfab702102ad85a05a0afa9422143f33661f49059da,2sat,4,"[[-1,-2],[-2,4],[-1,2],[1,-3],[-2,-3],[1,4],[3,-4],[1,-4],[3,4],[-3,-4],[1,3],[2,3],[1,-2]]",4.0,13.0,3.25,26.0,2.0,0.0,2.0,2.0,1.0,0.0,0.5384615384615384,1.118033988749895,0.7071067811865476,1.0,2.1666666666666665,0.6871842709362768,3.0,6.5,0.5,6.0,7.0,0.0595238095238095,0.2743266338524503,-0.3333333333333333,0.4285714285714285,3.0,0.0,3.0,3.0,0.9230769230769232,0
sat-00904,326df989d643e5b6151c2e39cfefaef8bab11fe08a7b18e807cc5f5f511ac0b7,2sat,4,"[[-2,-4],[-1,3],[1,4],[1,2],[-1,-2],[-3,-4],[2,4],[1,-3],[3,-4],[2,-3],[2,3],[-2,3],[-2,-3]]",4.0,13.0,3.25,26.0,2.0,0.0,2.0,2.0,1.0,0.0,0.5,0.82915619758885,0.82915619758885,1.0,2.1666666666666665,0.8975274678557507,4.0,6.5,1.5,5.0,8.0,0.0,0.1414213562373095,-0.2,0.2,3.0,0.0,3.0,3.0,0.9743589743589745,0
sat-01660,8592322ec4b90b55fc2c0a452c1ff5e1cd18c9473d3ff4f206ea4d6334ff8d44,3sat,5,"[[1,-2,5],[-1,3,-4],[2,-3,5],[1,2,3],[1,2,-3],[2,-3,4],[2,-4,5],[1,2,4],[-1,3,5],[1,-2,-3],[-2,-3,-5],[-2,3,-4],[-1,-2,4],[3,-4,-5],[1,4,-5],[-1,-2,-5],[-3,-4,-5],[-1,-3,-4],[-2,4,-5],[-1,3,4]]",5.0,20.0,4.0,60.0,3.0,0.0,3.0,3.0,0.0,1.0,0.4666666666666667,0.7999999999999999,0.4898979485566356,1.0,6.0,1.0,7.0,12.0,1.095445115010332,10.0,13.0,-0.0707692307692307,0.0732023215592019,-0.2,0.0,4.0,0.0,4.0,4.0,1.7526315789473683,0
sat-00048,0e6f8189fdcad4d1eed1ddcb91ddc33541e61f75766cc0789f585adee75f4162,mixed,4,"[[1,-4],[1,-2,4],[-1,3,4],[1,-2,-3],[-1,2,-3],[1,2,3],[1,2],[-2,4],[2,3,-4],[-2,-3,4],[2,-3,4],[-2,-3],[1,3,-4],[-1,2,-4],[1,2,-3],[-1,-3,4],[-2,3],[2,4]]",4.0,18.0,4.5,48.0,2.6666666666666665,0.4714045207910317,2.0,3.0,0.3333333333333333,0.6666666666666666,0.5625,1.0897247358851685,1.299038105676658,1.0,7.0,1.0,9.0,12.0,1.224744871391589,11.0,14.0,0.1304112554112554,0.1795256872078739,-0.1666666666666666,0.2727272727272727,3.0,0.0,3.0,3.0,1.7450980392156863,0
sat-00789,71208312af9ccacbc49927b2c9175c8e7df467aa2377cc9d9ed2eb736b37ce2d,3sat,5,"[[-2,-3,-5],[-2,-3,-4],[-1,-3,5],[1,4,5],[2,-3,-5],[-1,-2,-5],[1,2,5],[1,3,-5],[1,-3,4],[-2,4,5],[2,3,5],[2,-3,5],[1,-2,4],[-1,2,-4],[-2,-4,-5],[-3,4,-5],[-2,-4,5],[2,4,-5],[-2,-3,5],[-2,3,-4],[3,-4,-5],[-2,4,-5],[2,4,5]]",5.0,23.0,4.6,69.0,3.0,0.0,3.0,3.0,0.0,1.0,0.4782608695652174,1.8547236990991407,2.4819347291981715,1.0,6.9,3.080584360149872,13.0,13.8,3.6,8.0,18.0,-0.0233893557422969,0.2109150696741839,-0.3333333333333333,0.25,4.0,0.0,4.0,4.0,1.8735177865612649,0
sat-01990,afbbb4c5ec9fbea15be846b4feeb88d76b2aeba769a81caecc2d8e2fffcc4166,2sat,5,"[[3,-5],[-2,3],[-1,2],[1,3],[3,-4],[-1,3],[-1,-5],[-4,-5],[-3,4],[-3,-4],[2,3],[1,-2],[1,-5],[2,4],[-4,5],[4,-5],[1,2],[-1,-3],[-2,4],[-1,-4],[-1,4],[1,-4],[-3,5],[-1,-2],[1,5],[-3,-5],[2,-3]]",5.0,27.0,5.4,54.0,2.0,0.0,2.0,2.0,1.0,0.0,0.4629629629629629,1.095445115010332,0.9797958971132712,0.9,2.7,1.004987562112089,4.0,10.8,1.6,9.0,13.0,-0.078010878010878,0.1464308213843979,-0.3333333333333333,0.1111111111111111,3.6,0.4898979485566356,3.0,4.0,0.7720797720797721,0
sat-00047,9b44afccf1b17eab2e8e9a4e80d1f03e435bab4da0d76b0ff76b37ef73f95db3,3sat,5,"[[-1,-3,-5],[3,-4,5],[1,3,4],[-3,-4,-5],[-2,3,-4],[1,2,-5],[-2,-3,-5],[-1,2,3],[-1,2,-3],[1,-2,3],[-2,3,4],[-1,2,-5],[-1,-2,4],[2,4,5],[-2,-3,-4],[-1,3,-5],[-2,-4,5],[-1,3,-4],[1,-4,-5],[2,3,-5],[-3,4,5],[1,3,-4],[2,-3,4],[2,4,-5],[1,2,5],[2,-3,5],[2,-3,-5],[-1,-3,-4]]",5.0,28.0,5.6,84.0,3.0,0.0,3.0,3.0,0.0,1.0,0.4761904761904761,2.0976176963403037,1.1661903789690602,1.0,8.4,1.8,11.0,16.8,2.0396078054371136,14.0,20.0,-0.0591269841269841,0.1615152488497143,-0.25,0.2222222222222222,4.0,0.0,4.0,4.0,1.783068783068783,0
sat-00703,b6d89175aa7231aa35b97540820e4af0644f0385fc39a99bcdd47027c89db38c,3sat,5,"[[-1,-2,-3],[-2,3,-4],[-1,4,-5],[-3,-4,-5],[1,2,3],[1,-3,-4],[3,-4,5],[3,-4,-5],[1,-2,5],[1,-2,4],[2,4,-5],[-1,2,5],[2,4,5],[-1,-3,4],[1,-3,5],[-2,-3,-5],[1,-3,4],[-2,4,5],[-1,3,-5],[2,3,4],[-1,3,-4],[-3,-4,5],[-3,4,5],[-2,-3,4],[-1,2,4],[1,2,4],[1,2,5],[-2,-4,5],[-1,2,3],[1,2,-4],[-2,-3,5],[-1,-4,-5]]",5.0,32.0,6.4,96.0,3.0,0.0,3.0,3.0,0.0,1.0,0.5208333333333334,1.4142135623730951,1.32664991614216,1.0,9.6,1.42828568570857,12.0,19.2,1.469693845669907,18.0,22.0,0.0415736310473152,0.1238597399415478,-0.1578947368421052,0.2222222222222222,4.0,0.0,4.0,4.0,1.7721774193548387,0
sat-00311,aa7db0751e6def4dd3c864007b22914998a99899c308c5fea5027de85694fd12,3sat,4,"[[1,2,-3],[1,-2,3],[-1,2,4],[1,-2,-3],[-2,3,4],[1,3,4],[-1,2,-3],[-1,2,-4],[2,3,4],[-1,2,3],[2,-3,4],[2,-3,-4],[1,2,-4],[-2,3,-4]]",4.0,14.0,3.5,42.0,3.0,0.0,3.0,3.0,0.0,1.0,0.5952380952380952,1.6393596310755,0.4330127018922193,1.0,7.0,1.914854215512676,10.0,10.5,1.6583123951777,9.0,13.0,0.1744366744366744,0.1216266843288753,0.0909090909090909,0.3846153846153846,3.0,0.0,3.0,3.0,2.2527472527472527,1
sat-01296,64e99835009dd6e370d028a3814bffad389945ddda5a28be0ce52c5898f6beaf,3sat,4,"[[2,3,-4],[1,2,-4],[-1,-2,-3],[2,3,4],[2,-3,-4],[1,-2,-4],[-1,3,4],[-2,-3,-4],[-1,-2,4],[1,-3,-4],[1,-2,3],[1,-2,-3],[-1,-3,-4],[-2,-3,4],[-2,3,4],[2,-3,4],[1,2,3],[-1,-2,3],[1,3,-4],[-1,-3,4],[-1,3,-4],[-1,2,3],[-1,2,-4]]",4.0,23.0,5.75,69.0,3.0,0.0,3.0,3.0,0.0,1.0,0.463768115942029,1.224744871391589,0.4330127018922193,1.0,11.5,1.2583057392117916,13.0,17.25,1.0897247358851685,16.0,19.0,-0.0769156346749226,0.0856345429678875,-0.1764705882352941,0.0526315789473684,3.0,0.0,3.0,3.0,2.225296442687747,0
sat-01547,1a7265b4d7006f4f013c95dcd9c033e632e2446e5c8046d6e23daa1a7d1e7320,3sat,4,"[[1,2,-3],[-1,3,-4],[1,-2,3],[-2,-3,4],[-1,2,3],[-1,-2,-4],[-2,-3,-4],[1,2,-4]]",4.0,8.0,2.0,24.0,3.0,0.0,3.0,3.0,0.0,1.0,0.4166666666666667,0.8660254037844386,0.5,1.0,4.0,0.816496580927726,5.0,6.0,0.7071067811865476,5.0,7.0,-0.1857142857142857,0.2461955419944869,-0.6,0.0,3.0,0.0,3.0,3.0,2.1785714285714284,1
sat-02703,2a6c9b28e873309313c1a25ad4d108fcece4f31121c9dc4fc49d69b679665e6e,mixed,4,"[[1,-3],[-1,2],[-2,-4],[-1,2,4],[-1,3],[2,3,4],[-1,-2,-4],[-1,2,-4],[1,3,-4],[1,-2,-4],[-1,-3],[-3,-4],[2,-3,-4],[-1,-2,3],[1,3,4],[-1,2,-3],[-2,-3,4],[1,2,4],[2,-4],[1,-2,-3],[-2,-3],[1,-4],[-1,4]]",4.0,23.0,5.75,59.0,2.565217391304348,0.4957284456952773,2.0,3.0,0.4347826086956521,0.5652173913043478,0.4406779661016949,1.118033988749895,0.82915619758885,1.0,8.166666666666666,1.3437096247164249,10.0,14.75,1.0897247358851685,13.0,16.0,-0.122275641025641,0.1156703859695095,-0.2307692307692307,0.0666666666666666,3.0,0.0,3.0,3.0,1.6126482213438735,0
sat-01809,178b6646e05cec7558d0e9e63941eb5329238135ae911204466a91ed7c4f8fc3,2sat,5,"[[-2,-3],[-4,-5],[1,-2],[-1,4],[-2,-4],[1,3],[3,-5],[4,5],[2,3],[-3,-5],[2,4],[-1,-3],[2,-4],[-3,5],[-2,3],[-3,-4],[-4,5],[2,5],[3,-4],[1,4],[-3,4],[-2,4],[-1,-5],[-2,-5],[3,5],[-1,3],[-1,2],[1,-5],[2,-3],[1,-3]]",5.0,30.0,6.0,60.0,2.0,0.0,2.0,2.0,1.0,0.0,0.4833333333333333,0.7483314773547882,0.9797958971132712,1.0,3.0,0.8944271909999159,4.0,12.0,1.6733200530681511,10.0,15.0,-0.0315151515151515,0.0393519589836313,-0.0909090909090909,0.0,4.0,0.0,4.0,4.0,0.774712643678161,0
sat-01995,5ffff2041c4855431cfca4cd9c380eab7d02140208762667dd6b11f4e8ffa2e5,3sat,5,"[[-2,4,-5],[1,-4,5],[1,2,-3],[-3,4,-5],[-2,3,-5],[1,4,-5],[-3,-4,5],[2,3,-5],[-1,2,-5],[1,-3,4],[-1,4,5],[-1,-3,-4],[-1,3,-5],[2,-3,-4],[-2,-3,5]]",5.0,15.0,3.0,45.0,3.0,0.0,3.0,3.0,0.0,1.0,0.4444444444444444,0.6324555320336759,1.6733200530681511,1.0,4.5,1.3601470508735445,6.0,9.0,1.4142135623730951,7.0,11.0,-0.0837518037518037,0.2154354587381124,-0.4,0.1428571428571428,4.0,0.0,4.0,4.0,1.761904761904762,1
sat-02803,84e492531aef240faffe279190b479aa0275cc55628a3034da093d87f2e01d3f,mixed,5,"[[-1,4,5],[1,2,-5],[-1,4,-5],[-2,-4],[3,-4,-5],[-2,3,-4],[2,4,5],[3,4],[1,4,5],[2,-3,5],[-1,-4],[-2,-3,-5],[-1,2,3],[-1,3,-4],[2,3,4],[-2,-4,5],[-1,-2,3],[4,-5],[-1,-2,-3],[-1,-2,5],[1,2],[-3,5],[-1,2,-3],[2,-5],[1,2,4],[3,-4,5],[-1,-2,-4],[1,-2,3],[-2,-3],[-1,-3,4],[-2,5],[-3,-4,5],[-1,-4,5],[2,-4,-5]]",5.0,34.0,6.8,93.0,2.735294117647059,0.4411764705882353,2.0,3.0,0.2647058823529412,0.7352941176470589,0.4731182795698925,2.0396078054371136,1.939071942966532,1.0,8.4,1.624807680927192,11.0,18.6,1.624807680927192,17.0,21.0,-0.0556676003734827,0.209363923211071,-0.4117647058823529,0.2222222222222222,4.0,0.0,4.0,4.0,1.4705882352941178,0
sat-01760,4b6af23d94ae11a6f9e716abac19bb50602580a85e5a9619b9d86230222f0da7,mixed,4,"[[-1,-3,-4],[-1,-2],[-2,4],[1,3,-4],[1,-3,-4],[-2,-4],[1,4],[1,-3,4],[2,4],[-1,3,-4],[2,3],[1,-2,-4],[-1,2,-3],[-2,3],[-2,-3],[2,3,-4]]",4.0,16.0,4.0,40.0,2.5,0.5,2.0,3.0,0.5,0.5,0.45,0.5,1.118033988749895,1.0,5.333333333333333,1.247219128924647,7.0,10.0,0.7071067811865476,9.0,11.0,-0.0904040404040404,0.1533250486842417,-0.2727272727272727,0.1111111111111111,3.0,0.0,3.0,3.0,1.5083333333333333,0
sat-02078,51463f3cee284500583e3dd2b00c852dda9fa8542380ac3733b71213985ed04d,3sat,5,"[[2,4,5],[1,4,-5],[-3,-4,5],[1,2,3],[1,-2,5],[-1,3,-4],[1,-4,-5],[2,-4,-5],[1,3,5],[-1,-2,-5],[2,-3,4],[1,2,-4],[-1,-2,5],[2,-3,5],[3,-4,-5],[-2,-3,5],[1,-3,-5],[1,2,5],[2,-4,5],[-1,-2,-4],[-2,3,-5]]",5.0,21.0,4.2,63.0,3.0,0.0,3.0,3.0,0.0,1.0,0.5238095238095238,2.244994432064365,1.4142135623730951,1.0,6.3,1.7916472867168918,10.0,12.6,2.154065922853801,10.0,16.0,0.0293290043290043,0.2643690194216022,-0.4545454545454545,0.3333333333333333,4.0,0.0,4.0,4.0,1.7952380952380953,1
sat-00251,fa63f4cead99df2c091d696adce39aed858e12acc8172e0919c5cef581ec55e0,mixed,5,"[[3,-4],[1,5],[2,-3,-5],[2,3,5],[-2,3,5],[1,-2],[-3,-5],[-1,2,5],[-1,-2,4],[1,3,4],[1,-3,-5],[-2,-4],[-1,-2,5],[1,-4],[-2,3],[-2,-5],[1,4],[3,-4,5],[-1,2,-3],[1,2,4],[-1,-2,-5],[1,4,5],[-1,-2],[-3,4,-5],[-1,5],[-2,4,5],[1,-2,4],[-2,-3,-5]]",5.0,28.0,5.6,73.0,2.607142857142857,0.4883855118277622,2.0,3.0,0.3928571428571428,0.6071428571428571,0.5068493150684932,1.624807680927192,2.638181191654584,1.0,6.2,2.039607805437114,9.0,14.6,2.154065922853801,12.0,17.0,0.034313725490196,0.2473960894340931,-0.4117647058823529,0.3333333333333333,4.0,0.0,4.0,4.0,1.343915343915344,1
sat-02353,ffdb0aac5b1e155c42e36741aaa9c407d2a5b03c20c944ede1a799ce83a59d11,2sat,4,"[[1,-4],[1,-3],[-2,4],[2,3]]",4.0,4.0,1.0,8.0,2.0,0.0,2.0,2.0,1.0,0.0,0.625,0.4330127018922193,0.4330127018922193,0.6666666666666666,0.6666666666666666,0.4714045207910317,1.0,2.0,0.0,2.0,2.0,0.25,0.4330127018922193,0.0,1.0,2.0,0.0,2.0,2.0,0.6666666666666666,1
sat-01740,671a8f2996bdfa47bee3dd212980339cf4b3e960639e2cdee8c29dbc64791430,3sat,5,"[[2,-3,-4],[-1,4,5],[-1,-4,5],[1,4,5],[1,-2,-3],[2,-4,-5],[2,4,-5],[2,-3,5],[-3,-4,-5],[-1,-4,-5],[1,-2,-5],[-2,3,4],[1,2,-4],[-1,3,-4],[1,-3,5],[1,3,-5],[-1,2,3],[2,-3,4],[2,3,-4],[2,3,-5],[-2,-4,-5]]",5.0,21.0,4.2,63.0,3.0,0.0,3.0,3.0,0.0,1.0,0.492063492063492,1.469693845669907,1.8547236990991407,1.0,6.3,1.3453624047073711,8.0,12.6,1.0198039027185568,11.0,14.0,-0.0081918081918081,0.2411410455383104,-0.2857142857142857,0.3846153846153846,4.0,0.0,4.0,4.0,1.7523809523809524,1
sat-02233,70e840e23ec36fde1ffedeac30925e767f26ea00b9867c237a6c4b510797583d,mixed,4,"[[1,2,3],[-2,-3,-4],[-1,-2,-4],[-2,4],[1,3,-4],[1,-2,-4],[1,-2]]",4.0,7.0,1.75,19.0,2.7142857142857144,0.4517539514526256,2.0,3.0,0.2857142857142857,0.7142857142857143,0.4210526315789473,1.224744871391589,1.7853571071357126,1.0,2.833333333333333,0.8975274678557507,4.0,4.75,1.0897247358851685,3.0,6.0,-0.0833333333333333,0.5585198693372012,-0.6666666666666666,0.6,3.0,0.0,3.0,3.0,1.809523809523809,1
sat-01358,5540b012773058e74d8faf96217b586561c4f8791c01bd843da906898570b94d,3sat,5,"[[3,4,5],[1,2,-5],[-1,2,3],[-1,3,-5],[1,-2,4],[-1,-3,5],[1,-2,-4],[3,-4,-5],[-1,2,-3],[-3,-4,5],[-2,3,5],[-2,-4,-5],[1,-2,-5],[2,-4,-5],[2,4,5],[2,-4,5],[-1,2,-4],[-1,3,4],[1,2,4],[-1,-2,-5]]",5.0,20.0,4.0,60.0,3.0,0.0,3.0,3.0,0.0,1.0,0.5,1.095445115010332,1.5491933384829668,1.0,6.0,1.8439088914585773,9.0,12.0,1.6733200530681511,9.0,14.0,0.0131868131868131,0.1960216975159468,-0.1666666666666666,0.3333333333333333,4.0,0.0,4.0,4.0,1.7736842105263158,0
sat-01680,6de609a450d1b688e04cc2361aed50e3df67b6ffa4d94fcf4cdb5724ae5c2aea,mixed,4,"[[1,-2,-3],[2,3,4],[1,3,4],[2,3],[-1,-3],[-1,-4],[-1,2,-3],[-2,-4],[-1,2,3],[-1,-2,4],[-1,4]]",4.0,11.0,2.75,28.0,2.5454545454545454,0.4979295977319691,2.0,3.0,0.4545454545454545,0.5454545454545454,0.5,0.8660254037844386,1.5,1.0,3.8333333333333335,1.0671873729054748,5.0,7.0,0.7071067811865476,6.0,8.0,0.0297619047619047,0.3155884795669419,-0.5,0.3333333333333333,3.0,0.0,3.0,3.0,1.5454545454545454,1
sat-02616,e10762f7ed2a34bab41b0f5c44e1100abc6b1f374e9dabcd55f0f0232f2a23b6,3sat,4,"[[-1,-2,-3],[1,3,4],[1,-3,4],[-2,3,4],[1,2,-4],[-1,2,-4],[-1,-3,-4],[-1,2,-3],[-1,-2,4],[-2,-3,-4],[-1,-2,-4],[-2,3,-4],[2,3,-4],[1,-2,3],[1,2,4],[2,-3,-4],[-1,2,4],[1,-3,-4],[1,2,3],[1,-2,-4]]",4.0,20.0,5.0,60.0,3.0,0.0,3.0,3.0,0.0,1.0,0.4666666666666667,1.0,1.224744871391589,1.0,10.0,1.4142135623730951,12.0,15.0,1.224744871391589,13.0,16.0,-0.0650641025641025,0.1182457762859522,-0.25,0.0666666666666666,3.0,0.0,3.0,3.0,2.226315789473684,0
sat-00021,5cd934bfe130e8262a0543974cde068488e568645326199f8f93092d851890b1,2sat,4,"[[-1,2],[3,-4],[2,3],[2,-4],[1,3],[-1,-4],[-2,4],[1,-4],[1,-2],[1,-3],[-2,-4],[-1,4]]",4.0,12.0,3.0,24.0,2.0,0.0,2.0,2.0,1.0,0.0,0.5,0.7071067811865476,1.4142135623730951,1.0,2.0,0.816496580927726,3.0,6.0,1.224744871391589,4.0,7.0,0.0535714285714285,0.3326417144678064,-0.4285714285714285,0.5,3.0,0.0,3.0,3.0,0.9545454545454546,0
sat-00672,c0546ab17a8ec52e4a88e4bb6185cbc79842912d78ddf8cc2ec2e793d1b14ca2,3sat,5,"[[1,-2,3],[1,2,3],[-1,-2,5],[-2,3,4],[-2,-4,-5],[1,-2,-5],[-1,2,4],[2,-4,5],[-3,4,-5],[-3,4,5],[2,3,4],[-2,-4,5],[1,4,-5],[1,-3,-5],[2,3,-5],[-2,3,-4],[-1,-3,5],[1,-3,4],[-1,3,-5],[1,2,-5],[1,-2,-4],[1,3,-4],[1,-2,5]]",5.0,23.0,4.6,69.0,3.0,0.0,3.0,3.0,0.0,1.0,0.5362318840579711,1.4966629547095764,1.8547236990991407,1.0,6.9,1.0440306508910548,8.0,13.8,0.7483314773547882,13.0,15.0,0.0786813186813186,0.233366441777322,-0.2,0.4285714285714285,4.0,0.0,4.0,4.0,1.7509881422924902,1
sat-01618,bff9c8d10a31b0457147992860950c21af87d3c0a9c9ca0afc21201fd929c528,2sat,4,"[[-2,4],[1,-3],[-2,-4],[1,2],[2,-3],[3,4],[2,4],[-2,-3],[-3,-4],[-2,3],[-1,3],[2,-4],[-1,4],[1,-4],[-1,-2],[1,-2],[3,-4],[1,3],[-1,-4]]",4.0,19.0,4.75,38.0,2.0,0.0,2.0,2.0,1.0,0.0,0.4736842105263157,0.5,1.0,1.0,3.1666666666666665,0.3726779962499649,4.0,9.5,0.5,9.0,10.0,-0.0444444444444444,0.1555555555555555,-0.2,0.1111111111111111,3.0,0.0,3.0,3.0,0.9473684210526316,0
sat-02972,697966fc79acec717de85f3b969dd692a45799fb78ce582cd6f88b45c859962b,mixed,4,"[[1,3,-4],[-2,3,4],[1,2,-4],[1,-2],[-1,-3,4],[1,-3,-4],[-1,-2,-4],[3,-4],[2,-3,-4],[1,-4],[-1,4],[2,-4],[-2,-3]]",4.0,13.0,3.25,33.0,2.5384615384615383,0.4985185152621431,2.0,3.0,0.4615384615384615,0.5384615384615384,0.4242424242424242,0.8660254037844386,1.920286436967152,1.0,4.5,1.6072751268321592,7.0,8.25,1.6393596310755,7.0,11.0,-0.122564935064935,0.2499196088488552,-0.4545454545454545,0.25,3.0,0.0,3.0,3.0,1.6025641025641026,1
sat-00244,11eb805b9c1a282a324e55eabd002d883e79dab37fd1f3228dfbb28e09a9a053,mixed,5,"[[2,3,4],[-2,-5],[1,4],[2,4,5],[1,2,4],[3,4,-5],[-1,3,5],[2,3,5],[-1,3,4],[2,4],[-2,4,5],[-4,-5],[2,-4,-5],[2,-5],[-1,3],[-3,4,-5],[1,2,-5],[3,4],[-1,-2,3],[4,-5],[1,-2,3],[-1,3,-4],[1,4,-5],[-3,-4],[3,-4,5],[-1,4],[2,3,-4],[-1,2],[-2,4,-5],[-1,-3,4],[-1,4,-5]]",5.0,31.0,6.2,82.0,2.6451612903225805,0.4784644185223007,2.0,3.0,0.3548387096774194,0.6451612903225806,0.5853658536585366,4.223742416388575,2.85657137141714,1.0,7.1,2.211334438749598,11.0,16.4,2.870540018881465,14.0,22.0,0.1454329004329004,0.3985540595148015,-0.375,0.6,4.0,0.0,4.0,4.0,1.4021505376344086,0
sat-00970,7f2d7963d65bdf1f40a9adeb9c6a340d2d3c27f7d52fece31b2b260f45c79b0f,3sat,4,"[[-1,-3,-4],[2,-3,-4],[1,2,-3],[-1,2,-3],[1,-2,4],[1,-2,3],[1,3,4],[-1,3,4],[1,-3,-4],[-2,-3,4],[2,3,4],[1,-3,4],[2,3,-4],[-2,3,4]]",4.0,14.0,3.5,42.0,3.0,0.0,3.0,3.0,0.0,1.0,0.5714285714285714,0.7071067811865476,1.5,1.0,7.0,1.914854215512676,10.0,10.5,1.6583123951777,9.0,13.0,0.16006216006216,0.159118300990936,-0.0769230769230769,0.3333333333333333,3.0,0.0,3.0,3.0,2.2527472527472527,1
sat-02544,ae333b76a2729c9183c9ce79f2c205ccb674179056113abbb7c7bb7fdb676f26,3sat,5,"[[2,3,-5],[-1,3,5],[-1,-3,5],[-1,-4,5],[-2,3,4],[-1,-2,-3],[-2,3,5],[-2,-4,5],[1,-2,-3],[2,-3,-5],[-1,-2,4],[1,2,-4],[1,-2,-4],[1,-4,5],[1,-4,-5],[1,2,4],[-1,-3,-4],[1,-2,-5],[1,4,5],[-1,2,3],[-1,2,5],[1,-3,-4],[-1,4,5],[1,3,4],[2,3,5],[-2,4,5],[1,2,-5],[2,-3,5],[-1,3,4]]",5.0,29.0,5.8,87.0,3.0,0.0,3.0,3.0,0.0,1.0,0.5517241379310345,1.624807680927192,1.7204650534085253,1.0,8.7,2.147091055358389,13.0,17.4,2.0591260281974,15.0,21.0,0.1052100840336134,0.1555097310390383,0.0,0.4117647058823529,4.0,0.0,4.0,4.0,1.7832512315270936,1
sat-01532,750e357035942c5f697c40ff438c88a1a3ef75753954ab08a4161fac237c5ab9,3sat,5,"[[2,-4,-5],[-1,2,-4],[1,3,5],[-1,3,5],[2,-3,-4],[-2,-3,-5],[1,4,5],[-2,-4,5],[2,3,5],[1,2,4],[1,3,4],[2,-4,5],[-1,-2,3],[1,2,-4],[-1,4,5],[-1,-3,-5],[2,-3,-5],[1,-4,5],[2,4,5],[-2,-3,4],[-3,4,-5],[-1,3,-5],[1,-3,-4],[-1,-4,-5]]",5.0,24.0,4.8,72.0,3.0,0.0,3.0,3.0,0.0,1.0,0.5277777777777778,1.2,1.6,1.0,7.2,1.661324772583615,9.0,14.4,1.3564659966250536,13.0,16.0,0.0615384615384615,0.1822971434792933,-0.125,0.3846153846153846,4.0,0.0,4.0,4.0,1.7644927536231885,1
sat-02827,f6cc785466a9506aab3e060372d394c057ca32913762e6e1f888e9ef9a508207,mixed,4,"[[-2,-3],[1,4],[-1,-3],[2,-3,4],[-1,-2,-4],[-2,3,4],[-1,2],[1,2],[2,-4],[-1,2,-3],[2,3],[-3,-4],[1,2,-4],[1,-3,-4],[-1,4]]",4.0,15.0,3.75,36.0,2.4,0.4898979485566357,2.0,3.0,0.6,0.4,0.4722222222222222,1.7853571071357126,1.0897247358851685,1.0,4.5,0.7637626158259734,5.0,9.0,0.7071067811865476,8.0,10.0,-0.0805555555555555,0.3196617618285125,-0.5,0.4,3.0,0.0,3.0,3.0,1.380952380952381,1
sat-01937,f9a03d2c800fd56fc6ab061e46ccfe8c63e92713499aa93e397060987fea38df,3sat,4,"[[-2,3,-4],[-2,-3,-4],[2,3,4],[1,2,4],[-1,2,4],[1,-2,3]]",4.0,6.0,1.5,18.0,3.0,0.0,3.0,3.0,0.0,1.0,0.6111111111111112,0.4330127018922193,0.82915619758885,1.0,3.0,1.2909944487358056,5.0,4.5,1.118033988749895,3.0,6.0,0.2583333333333333,0.1831438414652992,0.0,0.5,3.0,0.0,3.0,3.0,2.2666666666666666,1
sat-02341,dd240143666eb9c2b1e7c8003c0b6ea669312fa882ab7e55df1f98a2b9fa5d4f,2sat,4,"[[-2,4],[2,4],[1,4],[1,3],[2,3],[-3,-4],[1,2],[2,-4],[-1,4],[-2,-3],[-2,3],[3,-4],[-1,-2],[-1,-4],[-1,2],[1,-2],[3,4],[-1,-3]]",4.0,18.0,4.5,36.0,2.0,0.0,2.0,2.0,1.0,0.0,0.5277777777777778,0.4330127018922193,0.82915619758885,1.0,3.0,0.5773502691896257,4.0,9.0,0.7071067811865476,8.0,10.0,0.0625,0.1337594464184598,-0.1111111111111111,0.25,3.0,0.0,3.0,3.0,0.9477124183006536,0
sat-00994,dfec82a2beac6d837bcf3d5b689fe8613ab13d3b340c49ab20f2a5fd272cd2bb,mixed,5,"[[2,-3,4],[1,2,-3],[4,-5],[-1,-2,-4],[-4,5],[-1,3,-5],[2,3,4],[1,-4,-5],[1,-3,-4],[1,3],[1,-3,5],[-1,2,-4],[-1,-2,3],[-2,4,5],[-3,-4],[2,-4,-5],[-1,-3,-4],[-2,4,-5],[-1,-2,-5],[3,4],[3,5],[2,-4]]",5.0,22.0,4.4,59.0,2.6818181818181817,0.4657704893617999,2.0,3.0,0.3181818181818182,0.6818181818181818,0.4576271186440678,0.8,1.3564659966250536,1.0,5.2,1.469693845669907,8.0,11.8,1.7204650534085253,10.0,15.0,-0.08,0.1136036316495513,-0.2,0.0909090909090909,4.0,0.0,4.0,4.0,1.4112554112554112,0
sat-00472,3a104b08cb2cfd1ce709e8bb3ec67f2d786e9a8085475df87bc7837fefe9c862,2sat,5,"[[-1,5],[3,4],[1,-3],[3,-5],[-1,2],[-1,-5],[-1,-4],[-2,3],[2,-4],[-3,5],[2,4],[4,-5],[-1,4],[2,-3],[3,-4],[3,5],[-1,-2],[-4,-5],[1,4],[1,-5],[-3,-4],[1,3],[4,5],[1,-2],[1,5],[2,5],[-2,-4],[-1,3],[-2,-5]]",5.0,29.0,5.8,58.0,2.0,0.0,2.0,2.0,1.0,0.0,0.5172413793103449,0.6324555320336759,1.0198039027185568,1.0,2.9,0.5385164807134505,4.0,11.6,1.0198039027185568,10.0,13.0,0.0391608391608391,0.1205234155122266,-0.0769230769230769,0.2727272727272727,4.0,0.0,4.0,4.0,0.7635467980295566,0
sat-00806,b595f983f9867734d6267450831f868c027ddae58688f2cf4c530abd9705be11,3sat,4,"[[-2,3,4],[-1,-2,3],[-1,-3,4],[-2,-3,-4],[1,-3,-4],[1,-3,4],[-1,-3,-4],[1,2,-4],[1,-2,-3],[1,2,-3]]",4.0,10.0,2.5,30.0,3.0,0.0,3.0,3.0,0.0,1.0,0.4,1.224744871391589,1.5,1.0,5.0,1.2909944487358056,7.0,7.5,1.118033988749895,6.0,9.0,-0.1954365079365079,0.2957530790826159,-0.5555555555555556,0.25,3.0,0.0,3.0,3.0,2.2222222222222223,1
sat-00101,791ea3a91e2c33ea1fa1db23f82451342bb696bb4a50127b1da15a4f99ed4cac,mixed,5,"[[1,2,3],[1,-3,-4],[1,-3],[-3,-5],[2,3,-4],[-2,-4,5],[1,2,4],[-1,-2,-3],[1,-3,-5],[-1,2,-5],[-2,3],[2,-5],[3,-4],[-1,5],[-2,3,-4],[1,3,-4]]",5.0,16.0,3.2,42.0,2.625,0.4841229182759271,2.0,3.0,0.375,0.625,0.4761904761904761,2.0976176963403037,1.0198039027185568,1.0,3.6,1.42828568570857,6.0,8.4,1.743559577416269,6.0,11.0,-0.1024531024531024,0.3743135730015167,-0.7142857142857143,0.3333333333333333,4.0,0.0,4.0,4.0,1.3583333333333334,0
sat-00429,48f579dbeab5f24a9f7f0bccd88b2bea2cc9bb0e633cb61d0d876e2f8c97118b,2sat,5,"[[3,4],[2,-4],[-1,-3],[1,5],[-2,-3],[1,-5],[1,-2],[2,-5],[-1,-2],[-2,4],[-3,4],[1,2],[-1,2],[-1,3],[-2,5]]",5.0,15.0,3.0,30.0,2.0,0.0,2.0,2.0,1.0,0.0,0.5,0.8944271909999159,1.4142135623730951,0.7,1.5,1.2041594578792296,4.0,6.0,2.0976176963403037,4.0,9.0,0.0377777777777777,0.2429855454726514,-0.2,0.5,2.8,0.7483314773547882,2.0,4.0,0.819047619047619,0
sat-01372,f96a584f0e6e7544a616fa1e29b79193dd982562385d3f655221cbf7f6342e8c,mixed,4,"[[1,2,3],[-1,2,4],[1,3,4],[-1,-2,4],[-3,4],[1,-3,4],[-2,-3,4],[-2,-3],[1,3],[1,2,-4],[1,-4],[-1,-3],[2,-3,-4]]",4.0,13.0,3.25,34.0,2.6153846153846154,0.4865042554105199,2.0,3.0,0.3846153846153846,0.6153846153846154,0.5588235294117647,1.299038105676658,1.299038105676658,1.0,4.833333333333333,0.6871842709362768,6.0,8.5,0.8660254037844386,7.0,9.0,0.119047619047619,0.2725124557680856,-0.3333333333333333,0.3333333333333333,3.0,0.0,3.0,3.0,1.6538461538461535,1
sat-01423,52cc2aba7a367179a59988912074efed66938f3443200646f68ca5e5fdd894a7,mixed,5,"[[1,-2],[-1,-3,-5],[2,-5],[-2,3,5],[-1,2,4],[1,-3,-5],[-2,-3,-5],[3,4,5],[-1,3,5],[1,-2,5],[3,-5],[-2,-3],[3,-4],[1,-2,-4],[-1,3,4],[1,2,3]]",5.0,16.0,3.2,43.0,2.6875,0.4635124054434789,2.0,3.0,0.3125,0.6875,0.5116279069767442,1.4966629547095764,1.32664991614216,1.0,3.8,1.6,7.0,8.6,1.9595917942265424,5.0,11.0,0.0278787878787878,0.2219443625583251,-0.3333333333333333,0.2727272727272727,4.0,0.0,4.0,4.0,1.4416666666666669,1
sat-01661,c8e8345c3087c8f143434171f72c96bd736b69c2e7a1c816702ef26827ae66c5,mixed,5,"[[-1,-3],[1,4],[1,2,3],[-1,-3,-4],[1,3,5],[1,-4,5],[-1,-2,5],[-1,-2,-5],[-4,5]]",5.0,9.0,1.8,24.0,2.6666666666666665,0.4714045207910317,2.0,3.0,0.3333333333333333,0.6666666666666666,0.5,1.3564659966250538,1.019803902718557,0.9,2.1,1.3,4.0,4.8,1.7204650534085255,3.0,8.0,-0.0466666666666666,0.3768878406694018,-0.5,0.6,3.6,0.4898979485566356,3.0,4.0,1.4722222222222223,1
sat-00317,4aadab5bd2f388157cad00df14812575f58f10e4214031bcf4e74c08e3282257,3sat,4,"[[-1,-2,4],[1,3,4],[1,-2,3],[2,-3,4],[-1,2,-4],[-1,2,-3],[-2,3,4],[1,2,-3],[-1,3,-4],[1,3,-4],[-1,2,4],[-1,3,4],[2,3,-4],[1,2,3],[1,2,-4],[-1,2,3],[1,-2,-3],[-1,-2,3],[2,3,4],[-2,-3,4],[2,-3,-4],[1,-2,4],[-1,-2,-4],[-1,-3,-4],[-1,-2,-3],[1,-3,4]]",4.0,26.0,6.5,78.0,3.0,0.0,3.0,3.0,0.0,1.0,0.5256410256410257,0.82915619758885,1.0897247358851685,1.0,13.0,1.0,14.0,19.5,0.8660254037844386,18.0,20.0,0.0527777777777777,0.0883228505310258,-0.1,0.1111111111111111,3.0,0.0,3.0,3.0,2.2246153846153844,0
sat-02386,78ed0eedfd8a73c92a4570218d1f9a46eea17473921f67eee94d7893d9a678b7,3sat,5,"[[-2,3,4],[3,4,-5],[-1,2,-3],[2,-3,4],[-2,4,5],[1,2,-5],[-2,-3,4],[3,4,5],[2,-3,5],[-2,-3,-5]]",5.0,10.0,2.0,30.0,3.0,0.0,3.0,3.0,0.0,1.0,0.5666666666666667,1.624807680927192,1.854723699099141,0.9,3.0,1.8439088914585773,6.0,6.0,2.1908902300206643,2.0,8.0,0.15,0.4358898943540673,-0.25,1.0,3.6,0.4898979485566356,3.0,4.0,1.9333333333333331,1
sat-02360,68636d5ad6f5cc2c6b78f6094c9091fff67abab060eab060b80816b01b90b687,3sat,5,"[[-1,-3,-5],[1,3,5],[-1,2,-4],[2,4,-5],[-2,-3,-5],[-1,2,5],[1,-3,-5],[-1,-3,-4],[-2,-4,-5],[1,3,-5],[2,-3,-4],[1,-2,-4],[1,-2,4],[3,-4,-5],[1,2,5],[-1,-3,4],[-1,4,-5],[-3,-4,5],[-2,3,4]]",5.0,19.0,3.8,57.0,3.0,0.0,3.0,3.0,0.0,1.0,0.4210526315789473,0.7483314773547882,1.0198039027185568,1.0,5.7,1.1874342087037917,7.0,11.4,0.7999999999999999,10.0,12.0,-0.1545454545454545,0.1370018733994825,-0.3333333333333333,0.0,4.0,0.0,4.0,4.0,1.7426900584795322,1
sat-02921,9dc75daf26afb1e60efec101a2ee27b8cd6b045c931b302bc78141c5537b60b9,2sat,5,"[[2,5],[3,-5],[-2,-5],[-3,5],[4,5],[-3,4],[-1,-5],[-2,3]]",5.0,8.0,1.6,16.0,2.0,0.0,2.0,2.0,1.0,0.0,0.5,1.019803902718557,1.019803902718557,0.6,0.8,0.7483314773547883,2.0,3.2,1.7204650534085253,1.0,6.0,-0.0666666666666666,0.6463573143221771,-1.0,1.0,2.4,1.019803902718557,1.0,4.0,0.8928571428571429,1
sat-02349,d5d5456b465664ee47ca28310d54812e942cd25156b73115196b08ef603cf95b,2sat,5,"[[-1,-3],[3,5],[3,-4],[2,-3],[1,5],[-2,3],[3,-5],[1,-4],[3,4],[1,4],[-2,4],[4,5],[-1,2],[-2,-3],[-3,-5],[2,5],[-2,-4],[1,-3],[2,4],[1,2],[-4,-5],[-2,-5],[2,3],[-4,5],[-3,4],[2,-4],[1,-2],[-3,-4],[-3,5],[2,-5],[-1,4],[-1,-2]]",5.0,32.0,6.4,64.0,2.0,0.0,2.0,2.0,1.0,0.0,0.515625,0.7999999999999999,1.469693845669907,1.0,3.2,0.9797958971132712,4.0,12.8,1.939071942966532,10.0,15.0,0.0429437229437229,0.1130453482619534,-0.1428571428571428,0.2,4.0,0.0,4.0,4.0,0.780241935483871,0
sat-01764,06a76cf0ee6a3df0f0e318123c710345fe6181bd3cd4e1766f452393dac5acf1,2sat,5,"[[-1,-2],[-2,3],[1,-5],[-2,-3],[-2,-5],[-3,-5],[2,5],[1,5],[-3,-4],[3,-5],[1,-4],[-1,-3],[-3,5],[2,3],[1,2],[2,-4],[4,5],[1,4],[1,-2],[2,-3],[-1,-5]]",5.0,21.0,4.2,42.0,2.0,0.0,2.0,2.0,1.0,0.0,0.4761904761904761,1.4142135623730951,1.2,1.0,2.1,1.044030650891055,4.0,8.4,1.743559577416269,5.0,10.0,-0.0622222222222222,0.2259247115935792,-0.3333333333333333,0.3333333333333333,4.0,0.0,4.0,4.0,0.7761904761904762,0
sat-02456,e10691001909922c7a7fd7028133ba09f5cf58b29af434c464edcbd49383ac3f,2sat,4,"[[1,4],[-2,3],[1,-3],[-1,-3],[-3,4],[-1,4],[-2,4],[-3,-4],[-2,-3],[3,-4],[2,4],[-2,-4],[2,-3]]",4.0,13.0,3.25,26.0,2.0,0.0,2.0,2.0,1.0,0.0,0.4230769230769231,1.299038105676658,1.479019945774904,0.8333333333333334,2.1666666666666665,1.0671873729054748,3.0,6.5,1.6583123951777,4.0,8.0,-0.1458333333333333,0.2909216675785196,-0.5,0.25,2.5,0.5,2.0,3.0,0.9871794871794872,0
sat-01502,c32c246554085e5fb4d7c772b9c80762c02df9c09d2927842cf13eb7d91cf49a,2sat,4,"[[-1,-2],[1,3],[1,-2],[2,-4],[-2,-3],[2,3],[-1,-4],[-2,-4],[-1,-3],[3,4],[-2,4],[-3,-4],[3,-4]]",4.0,13.0,3.25,26.0,2.0,0.0,2.0,2.0,1.0,0.0,0.3846153846153846,0.8660254037844386,1.0,1.0,2.1666666666666665,0.6871842709362768,3.0,6.5,0.8660254037844386,5.0,7.0,-0.2285714285714285,0.2338672220534985,-0.4285714285714285,0.1428571428571428,3.0,0.0,3.0,3.0,0.935897435897436,1
sat-00824,f28399771f980d874ebff28931dd4c2449fea8b66dde75758e0447a88e1a8d79,3sat,5,"[[2,4,-5],[1,3,5],[-1,-3,5],[1,2,-3],[-1,-3,4],[3,-4,-5],[-3,-4,-5],[1,-2,5],[-3,-4,5],[-2,-3,5],[1,-4,5],[1,2,4],[-2,-3,4],[-1,-3,-5],[1,-3,5],[2,-4,5],[-2,-3,-4],[2,-3,4],[-2,3,5],[1,2,-5],[3,4,-5],[1,-4,-5],[2,-3,5],[-1,3,-4],[-1,3,4]]",5.0,25.0,5.0,75.0,3.0,0.0,3.0,3.0,0.0,1.0,0.5066666666666667,1.3564659966250536,2.576819745345025,1.0,7.5,1.91049731745428,11.0,15.0,2.280350850198276,12.0,18.0,0.0347812971342383,0.2105616045548502,-0.3333333333333333,0.2307692307692307,4.0,0.0,4.0,4.0,1.7933333333333332,0
sat-01941,cff5eb73c57c750f42d7d40cebe14530b3f61a4164d961b96c2366d22ff4d50e,mixed,4,"[[-2,4],[-1,-4],[1,-2,-4],[2,4],[1,-4],[-1,-2,-4],[-1,-3,4],[1,4],[1,2,4],[1,2,3],[-2,3,4],[-1,-3,-4],[1,-2,3],[-1,3],[-2,-4],[-2,3],[1,-2,4],[3,-4],[3,4],[1,-3],[1,-2],[-1,-2,-3],[-3,-4],[-1,-2],[-1,-3]]",4.0,25.0,6.25,60.0,2.4,0.4898979485566356,2.0,3.0,0.6,0.4,0.45,2.277608394786075,1.7853571071357126,1.0,7.5,1.5,9.0,15.0,1.5811388300841898,13.0,17.0,-0.1089204912734324,0.2685392363993038,-0.5714285714285714,0.0769230769230769,3.0,0.0,3.0,3.0,1.4166666666666667,0
sat-00972,6f7ae1681910d49e99aa8331e6e8610062e0bdc198b9c41cdd509ef0469110d9,mixed,4,"[[2,-4],[1,-3,4],[1,3,4],[1,-3],[-3,-4],[-2,-3,4],[-2,-3,-4],[1,3,-4],[1,-2,3],[-1,2,4],[-1,-2,4],[1,-2,4],[-1,-3,4],[2,3,-4],[-2,-4],[1,2,-3],[-1,3],[-2,3,4],[2,3],[1,4],[3,4],[2,-3,4],[-2,-3],[3,-4],[1,2,4]]",4.0,25.0,6.25,65.0,2.6,0.4898979485566356,2.0,3.0,0.4,0.6,0.5692307692307692,1.7853571071357126,1.8708286933869709,1.0,9.166666666666666,1.9507833184532704,12.0,16.25,2.384848003542364,13.0,19.0,0.14527665317139,0.1852054887570089,-0.0666666666666666,0.3846153846153846,3.0,0.0,3.0,3.0,1.69,0
sat-00226,efb2ae784d75d941a23fb0c56754f54ae2e416527eafc894704cd9bd2fdd12dd,mixed,4,"[[-1,-2,3],[-2,4],[3,-4],[-1,-3,-4],[-2,3,-4],[2,-3,-4],[-1,-4],[1,2,-3],[2,-4],[1,3,4],[-1,-3],[-1,2,-3],[-1,-2,-4],[1,-2,3],[2,4],[-1,2,3],[-1,2],[1,-2,-3],[-1,4],[-1,2,-4],[1,2,3],[2,-3,4],[-2,-3]]",4.0,23.0,5.75,60.0,2.608695652173913,0.4880422678400792,2.0,3.0,0.391304347826087,0.6086956521739131,0.45,2.0463381929681126,1.0897247358851685,1.0,8.5,1.9790570145063195,11.0,15.0,1.4142135623730951,13.0,17.0,-0.1135746606334841,0.1925844280993692,-0.3333333333333333,0.1764705882352941,3.0,0.0,3.0,3.0,1.6758893280632412,0
sat-01894,648e7d592eec7f78225fc01f7328444269c3d8845a56a2b653b66699ac31d5d5,3sat,4,"[[1,3,4],[1,-2,-3],[-1,2,3],[-1,2,-3],[-1,-2,-4],[1,2,-3],[-2,-3,-4],[-1,-3,4],[1,2,4],[-1,3,4],[2,3,-4],[2,-3,4],[1,-3,4]]",4.0,13.0,3.25,39.0,3.0,0.0,3.0,3.0,0.0,1.0,0.5384615384615384,0.82915619758885,1.6583123951777,1.0,6.5,0.957427107756338,8.0,9.75,0.82915619758885,9.0,11.0,0.0984848484848484,0.253872667880546,-0.2727272727272727,0.3333333333333333,3.0,0.0,3.0,3.0,2.2051282051282053,1
sat-00153,2f8f1b724723b543fdc914f2abb65aa61131cf57869a17d3604de1fcf2ae5530,2sat,4,"[[3,4],[2,-4],[-3,4],[-3,-4],[-2,4],[-1,-3],[2,-3],[2,4],[3,-4],[1,3],[-2,3],[-1,-2],[-1,4],[1,2],[-1,2]]",4.0,15.0,3.75,30.0,2.0,0.0,2.0,2.0,1.0,0.0,0.5333333333333333,1.224744871391589,0.5,1.0,2.5,0.957427107756338,4.0,7.5,0.8660254037844386,6.0,8.0,0.0416666666666666,0.2393567769390845,-0.3333333333333333,0.25,3.0,0.0,3.0,3.0,0.9428571428571428,0
sat-02425,5f6368ef1d5b160345f61ba2a49cbb365904e362acac144f58c71122ac49b167,3sat,4,"[[2,-3,4],[-1,2,4],[2,3,4],[-1,-2,3],[-2,-3,-4],[1,2,3],[-1,-3,4],[-1,-2,-4],[-1,-2,4],[2,-3,-4],[-1,3,4],[-2,3,4],[1,-3,-4],[1,-2,4],[-1,3,-4],[-1,-3,-4],[-1,-2,-3],[-1,2,3],[-2,-3,4],[1,-2,-3],[1,3,4],[1,2,4],[1,-2,-4],[-1,2,-3],[1,2,-4],[1,-3,4],[1,3,-4]]",4.0,27.0,6.75,81.0,3.0,0.0,3.0,3.0,0.0,1.0,0.4938271604938271,1.224744871391589,0.82915619758885,1.0,13.5,0.957427107756338,15.0,20.25,0.82915619758885,19.0,21.0,-0.0143483709273182,0.0930353656827239,-0.1,0.1428571428571428,3.0,0.0,3.0,3.0,2.225071225071225,0
sat-01347,6faacbea1b84b5399639ca2997eb708ea2e59e0bae8fa533d17246bda003d3f9,mixed,5,"[[-2,-3],[-2,3],[3,4,-5],[-2,-3,4],[-3,5],[-1,-2,-3]]",5.0,6.0,1.2,15.0,2.5,0.5,2.0,3.0,0.5,0.5,0.3333333333333333,0.8944271909999159,1.6733200530681511,0.7,1.2,1.16619037896906,4.0,3.0,1.7888543819998317,1.0,6.0,-0.2666666666666667,0.7423685817106696,-1.0,1.0,2.8,0.7483314773547882,2.0,4.0,1.5333333333333334,1
sat-01757,f529299521c0b646dea29cb068b65cd9797522ecd767061192e58c826c3b1758,mixed,5,"[[-1,-3,5],[-1,5],[-2,5],[-2,-4,-5],[-1,-4],[-1,4,5],[1,3,-5],[-1,2,3],[-3,-4],[-1,-3,4]]",5.0,10.0,2.0,26.0,2.6,0.4898979485566356,2.0,3.0,0.4,0.6,0.3846153846153846,1.095445115010332,1.469693845669907,1.0,2.2,1.077032961426901,4.0,5.2,1.32664991614216,3.0,7.0,-0.2228571428571428,0.335886818211918,-0.7142857142857143,0.3333333333333333,4.0,0.0,4.0,4.0,1.3111111111111111,1
sat-00057,59e7cb513bacbab9bd13070c929d811bdfbff85d5b26c9a29b28a62ba8af4583,2sat,5,"[[-1,5],[4,-5],[-2,-5],[-2,5],[2,-5],[4,5],[2,5],[1,-4],[-4,-5],[-2,4],[1,-2],[-3,-5],[-1,-3],[-1,3],[-4,5],[1,-5],[3,4],[1,2],[2,-4],[-1,-2],[-3,-4],[2,4],[1,-3],[1,3],[-1,2],[-1,-5]]",5.0,26.0,5.2,52.0,2.0,0.0,2.0,2.0,1.0,0.0,0.4807692307692308,1.095445115010332,1.0198039027185568,0.9,2.6,1.42828568570857,4.0,10.4,1.8547236990991407,7.0,12.0,-0.0437229437229437,0.0968420619503764,-0.1666666666666666,0.0909090909090909,3.6,0.4898979485566356,3.0,4.0,0.7784615384615384,0
sat-01676,1d0cf056d7bfb978db3d4c91439b8671926bb90317dc77850d3c92af1daf8979,mixed,4,"[[1,3,4],[1,-2,-3],[-1,2],[1,-4],[-1,-4],[2,-3],[-2,-3,4],[-3,4],[-2,-3],[3,4]]",4.0,10.0,2.5,23.0,2.3,0.458257569495584,2.0,3.0,0.7,0.3,0.4782608695652174,0.82915619758885,1.224744871391589,1.0,2.6666666666666665,1.1055415967851334,4.0,5.75,0.82915619758885,5.0,7.0,-0.0238095238095238,0.3051708565716593,-0.4285714285714285,0.3333333333333333,3.0,0.0,3.0,3.0,1.2444444444444445,0
sat-00852,ef945f61d6f80bcfe405a6a05477165d667021e1893053f8543600359d612ef6,2sat,4,"[[3,4],[-1,4],[-1,2],[1,2],[1,-4],[2,-3],[-3,-4],[-3,4],[2,3],[3,-4],[-1,-2],[2,4]]",4.0,12.0,3.0,24.0,2.0,0.0,2.0,2.0,1.0,0.0,0.5833333333333334,1.118033988749895,0.8660254037844386,0.8333333333333334,2.0,1.2909944487358056,4.0,6.0,0.7071067811865476,5.0,7.0,0.1523809523809523,0.3209255322951284,-0.2,0.6666666666666666,2.5,0.5,2.0,3.0,0.9242424242424242,0
sat-00614,816ad21fc7313efef98a93563a98d075e82b39283a2c339cd3d45ba41710bf7e,2sat,4,"[[2,3],[-1,4],[-1,2],[-3,4]]",4.0,4.0,1.0,8.0,2.0,0.0,2.0,2.0,1.0,0.0,0.625,0.82915619758885,0.82915619758885,0.6666666666666666,0.6666666666666666,0.4714045207910317,1.0,2.0,0.0,2.0,2.0,0.25,0.82915619758885,-1.0,1.0,2.0,0.0,2.0,2.0,0.6666666666666666,1
sat-00019,033c6b75cba959e12fd29720eb546eaae062c372e4dbf4cfc130fbf7604ea753,mixed,4,"[[1,-3,4],[-1,-4],[-2,-3,4],[-2,3],[-1,3],[1,2,-3],[1,-2,4],[-3,-4],[2,3],[2,-3,4],[1,-2,-4],[-1,3,-4],[1,4],[-1,2,-4],[2,3,-4],[1,2,4],[-2,-3,-4],[-1,-2,-4],[3,4],[-2,4],[2,-4]]",4.0,21.0,5.25,54.0,2.571428571428572,0.4948716593053935,2.0,3.0,0.4285714285714285,0.5714285714285714,0.5,0.82915619758885,1.479019945774904,1.0,7.5,2.217355782608345,11.0,13.5,2.29128784747792,11.0,17.0,0.0080213903743315,0.0535427390227293,-0.0588235294117647,0.0909090909090909,3.0,0.0,3.0,3.0,1.6571428571428573,0
sat-01479,78e1691f879949b57707ee7e8cc61fa99bc8a22710577e8bdd1032a9833d3cfb,mixed,4,"[[-1,-2,-4],[1,-3,-4],[-1,-4],[1,3,-4],[-3,4],[-1,-2,4],[1,-4],[-1,3,-4],[1,-2,-4],[2,-3,4]]",4.0,10.0,2.5,27.0,2.7,0.458257569495584,2.0,3.0,0.3,0.7,0.3703703703703703,1.118033988749895,1.6393596310755,1.0,4.0,2.160246899469287,8.0,6.75,2.384848003542364,4.0,10.0,-0.275,0.1920286436967152,-0.5,0.0,3.0,0.0,3.0,3.0,1.9777777777777776,1
sat-01761,2376bcfd2a2177cd34ac775257ebb2134cf7b909f0e82241c4fdde4d15e0cbe6,2sat,5,"[[-2,3],[1,2],[2,5],[-3,4],[-1,2],[1,-5],[-1,3],[-1,-5],[2,-4],[2,-3],[-4,5],[4,-5],[3,-5],[3,4],[2,-5],[-1,5],[3,5],[4,5],[1,4],[1,-3],[3,-4],[-4,-5],[-2,-5],[-1,-2],[-2,-4],[-3,-5],[-3,-4],[-1,4],[1,-2],[2,3],[1,3]]",5.0,31.0,6.2,62.0,2.0,0.0,2.0,2.0,1.0,0.0,0.5161290322580645,1.019803902718557,1.095445115010332,1.0,3.1,0.7,4.0,12.4,0.4898979485566356,12.0,13.0,0.0333333333333333,0.1604562856119181,-0.2307692307692307,0.2307692307692307,4.0,0.0,4.0,4.0,0.7612903225806451,0
sat-00364,14cf57d7b8a39e2d2712ee19e515cf3da7ea32aabd04a4acfde47f87cea51a16,3sat,4,"[[-1,3,4],[2,3,-4],[1,2,4],[1,2,-3],[2,3,4],[2,-3,4],[1,3,4],[-2,-3,4],[-1,-3,4],[-1,-2,-3],[1,2,3],[-1,-2,-4],[-1,2,3],[-1,-2,4],[2,-3,-4],[-2,3,4]]",4.0,16.0,4.0,48.0,3.0,0.0,3.0,3.0,0.0,1.0,0.5833333333333334,1.8708286933869709,1.224744871391589,1.0,8.0,1.4142135623730951,10.0,12.0,1.224744871391589,10.0,13.0,0.1519230769230769,0.2534014169386368,-0.2,0.5,3.0,0.0,3.0,3.0,2.225,1
sat-00190,c400c9ecf2c8c5a6ce68225bb047b747a2df8b2234a3603c6fda200ac49d46fd,3sat,5,"[[1,-4,-5],[-2,-3,5],[-1,3,5],[-1,2,-3],[-1,-2,-3],[1,-3,5],[-1,-2,4],[2,-4,-5],[-2,-3,4],[-1,-4,5],[-2,3,5],[-1,-3,5],[2,3,-4],[-1,4,5],[2,-3,4],[2,-4,5],[-2,-4,-5],[1,3,4],[-3,4,5],[2,-3,-5],[1,3,5],[-3,4,-5],[-1,-2,5],[-2,3,-4],[-1,3,-5]]",5.0,25.0,5.0,75.0,3.0,0.0,3.0,3.0,0.0,1.0,0.4666666666666667,2.280350850198276,1.4142135623730951,1.0,7.5,1.746424919657298,10.0,15.0,1.6733200530681511,13.0,17.0,-0.0819650937297996,0.2246743568905902,-0.3846153846153846,0.2941176470588235,4.0,0.0,4.0,4.0,1.7733333333333334,0
sat-01909,0ba1b986b8b2504016fa0eda308c8ab1b895f3e6ff045d1481fdddae62103053,3sat,5,"[[1,3,-4],[1,2,3],[2,-3,5],[-3,4,-5],[1,2,4],[-2,-3,-4],[3,4,-5],[2,-4,-5],[-1,-2,-3],[-1,-2,-5],[-1,2,4],[1,-3,4],[-2,3,-4],[3,4,5],[-1,-2,3],[-1,-2,5],[1,2,-3],[1,-2,5],[1,-4,5],[1,2,-4],[1,-3,5],[1,-4,-5],[3,-4,-5],[-2,-3,5],[-1,-2,4],[-3,4,5],[1,2,-5],[-1,3,4],[1,-2,4],[2,3,-5],[-2,-4,5],[-1,-3,4],[-1,3,5]]",5.0,33.0,6.6,99.0,3.0,0.0,3.0,3.0,0.0,1.0,0.5252525252525253,1.0198039027185568,1.0198039027185568,1.0,9.9,1.374772708486752,13.0,19.8,0.9797958971132712,18.0,21.0,0.0507936507936507,0.0892791884740392,-0.1,0.1428571428571428,4.0,0.0,4.0,4.0,1.7670454545454546,0
sat-00562,7c6f3c2e36798bb958d7854994e6fbbf42bd5c9594172e520f0b45742d0c8cdd,mixed,4,"[[1,3,-4],[1,2,3],[1,-3],[-1,2],[3,-4],[-1,-2],[2,3],[-2,-4],[1,-2,-4],[1,-4],[1,-2,3],[-2,-3,-4],[-1,4],[-1,-2,-3],[-1,2,4],[-2,-3],[1,-2,4],[2,3,4],[2,3,-4],[1,-3,4],[1,-2],[2,-3,-4],[-2,3,4],[-1,3],[-2,3]]",4.0,25.0,6.25,63.0,2.52,0.4995998398718719,2.0,3.0,0.48,0.52,0.5079365079365079,1.5811388300841898,2.0463381929681126,1.0,8.5,1.384437310486346,11.0,15.75,1.479019945774904,14.0,18.0,0.0212301587301587,0.2064509631582388,-0.2222222222222222,0.25,3.0,0.0,3.0,3.0,1.5633333333333332,0
sat-01728,7e187fd6b48474a4f0899790cfc69de332542a685b081364aa2e9b1fbb933948,mixed,5,"[[-2,3,-4],[-3,-4],[3,4,5],[-1,2,5],[-1,-4,-5],[-1,2,-4],[-2,-3,4],[-1,2,-5],[1,-4,5],[-2,-4],[-2,-5],[2,4],[-1,5],[1,2],[2,3],[-1,4,5],[1,-2,-3],[-2,3,-5],[-2,-4,-5]]",5.0,19.0,3.8,50.0,2.631578947368421,0.4823763889427201,2.0,3.0,0.3684210526315789,0.631578947368421,0.44,1.0198039027185568,1.4966629547095764,1.0,4.3,1.5524174696260025,6.0,10.0,2.0,7.0,13.0,-0.108025308025308,0.1751966115877665,-0.3333333333333333,0.1428571428571428,4.0,0.0,4.0,4.0,1.3742690058479532,0
sat-01788,8e519b9041c368274f021fa679889514c9ab831b19d800364dec6aeb5bfe4d32,3sat,5,"[[-1,-2,-3],[1,-3,-5],[-1,2,3],[-1,2,-3],[1,-2,-3],[2,-4,5],[1,3,-4],[2,-3,-4],[-2,-3,-4],[-1,-3,4],[-1,2,5],[1,4,5],[1,-3,-4],[-1,3,-4],[1,-2,4],[1,2,5],[-2,3,4],[-1,3,-5]]",5.0,18.0,3.6,54.0,3.0,0.0,3.0,3.0,0.0,1.0,0.4814814814814814,1.16619037896906,2.0591260281974,1.0,5.4,2.4166091947189146,10.0,10.8,2.785677655436824,6.0,14.0,-0.0013053613053613,0.2062142051121422,-0.2307692307692307,0.3333333333333333,4.0,0.0,4.0,4.0,1.8562091503267972,1
sat-01858,912e03e74ba8d90bd66ecebb5fc1b8c9d7dfe7584313a4b68542973d83d12ba8,2sat,4,"[[-3,4],[1,-4],[-1,-2],[-2,-4],[-3,-4],[-2,3],[2,-3],[1,4],[-2,4],[2,3],[1,-2],[-1,-3],[-1,3],[-1,-4],[-2,-3],[1,-3],[2,-4],[2,4],[1,2],[-1,2]]",4.0,20.0,5.0,40.0,2.0,0.0,2.0,2.0,1.0,0.0,0.45,1.118033988749895,0.5,1.0,3.333333333333333,0.7453559924999298,4.0,10.0,1.224744871391589,9.0,12.0,-0.1111111111111111,0.1360827634879543,-0.3333333333333333,0.0,3.0,0.0,3.0,3.0,0.963157894736842,0
sat-01895,e40587ba6d89bd7e23a941454aaa28737c6e39cf72020b57007f71c970859bf1,3sat,4,"[[1,-2,4],[-2,-3,4],[-1,-2,3],[2,-3,4],[-1,2,4],[-1,2,-3],[-1,3,4],[-2,-3,-4],[-1,3,-4],[-1,-2,-3],[-1,2,3],[1,-3,4],[1,2,-4],[-1,-2,-4],[1,2,4],[1,3,-4],[1,3,4],[-1,-3,-4],[2,3,-4],[-1,-2,4],[1,-2,-3],[-1,2,-4]]",4.0,22.0,5.5,66.0,3.0,0.0,3.0,3.0,0.0,1.0,0.4696969696969697,0.82915619758885,1.299038105676658,1.0,11.0,1.2909944487358056,13.0,16.5,1.118033988749895,15.0,18.0,-0.057516339869281,0.1049462370674257,-0.2222222222222222,0.0588235294117647,3.0,0.0,3.0,3.0,2.225108225108225,0
sat-01302,ca7e4fc793c4d19f745f4dab142153ef8d179b471c7ea7489043392d66b60e91,mixed,5,"[[-3,-4,-5],[1,-3,-4],[-2,-3,-4],[1,-2,4],[4,5]]",5.0,5.0,1.0,14.0,2.8,0.3999999999999999,2.0,3.0,0.2,0.8,0.3571428571428571,0.8944271909999159,1.1661903789690602,0.8,1.3,0.9,3.0,2.8,1.16619037896906,2.0,5.0,-0.24,0.7418894796396563,-1.0,1.0,3.2,0.7483314773547882,2.0,4.0,1.6,1
sat-00280,0af05854121766a9d9ff31eae85676e9f26c097ffa18855c2c58f86aba9a0992,2sat,4,"[[1,3],[1,-3],[1,-4],[-1,4],[-1,2],[3,4],[-1,-3],[2,-3],[-1,-4],[-1,3],[1,-2],[-2,-4],[3,-4],[2,4],[1,2],[-2,4],[-2,3],[2,3]]",4.0,18.0,4.5,36.0,2.0,0.0,2.0,2.0,1.0,0.0,0.5555555555555556,0.7071067811865476,0.7071067811865476,1.0,3.0,0.5773502691896257,4.0,9.0,0.7071067811865476,8.0,10.0,0.1111111111111111,0.1360827634879543,0.0,0.3333333333333333,3.0,0.0,3.0,3.0,0.9477124183006536,0
sat-02721,33c12a74fadb4b1914128bee65dd05e0a48f354ac9f558859c053f29ef9d2a4e,mixed,5,"[[1,3,-4],[-1,-3,4],[2,-3,5],[2,3],[1,4],[-1,3,5],[-1,2,-4],[-1,5],[-1,-3,-4],[-2,4],[1,4,5],[1,2,-4]]",5.0,12.0,2.4,32.0,2.6666666666666665,0.4714045207910317,2.0,3.0,0.3333333333333333,0.6666666666666666,0.59375,0.3999999999999999,1.8547236990991407,1.0,2.8,1.6613247725836149,7.0,6.4,1.8547236990991407,4.0,9.0,0.2977777777777778,0.4310423771094874,-0.1111111111111111,1.0,4.0,0.0,4.0,4.0,1.4393939393939394,1
sat-02994,c112774eab63fffd86d9ed05abea93bb27ecc374fb5a1f430f75000fae407db1,3sat,4,"[[2,-3,-4],[-2,-3,-4],[-1,-2,4],[1,-3,-4],[-1,2,4],[-1,2,-4],[-1,-3,-4]]",4.0,7.0,1.75,21.0,3.0,0.0,3.0,3.0,0.0,1.0,0.2857142857142857,1.118033988749895,1.0897247358851685,1.0,3.5,1.2583057392117916,5.0,5.25,1.0897247358851685,4.0,7.0,-0.4571428571428571,0.4323641700120444,-1.0,0.2,3.0,0.0,3.0,3.0,2.238095238095238,1
sat-00298,51b237091c2d63149fac09d51c17a668a0ce1205a999b8f518657be055127109,mixed,5,"[[1,-3,4],[-2,-3,5],[2,5],[3,-4,5],[3,-5],[1,-4],[2,4,5],[4,5],[-3,-4,-5],[1,2],[1,2,-5],[-1,-3,-4],[2,-3,5],[2,-3,-5],[1,-5],[2,3,5],[-1,-4,-5],[-3,4,-5],[-2,4,-5]]",5.0,19.0,3.8,51.0,2.6842105263157894,0.4648295192804129,2.0,3.0,0.3157894736842105,0.6842105263157895,0.5294117647058824,1.4966629547095764,2.4819347291981715,1.0,4.5,2.29128784747792,8.0,10.2,2.638181191654584,7.0,15.0,0.1034920634920635,0.3473346666002733,-0.4,0.5555555555555556,4.0,0.0,4.0,4.0,1.4736842105263157,0
sat-00593,d17d5f6bd70e5cd16051c1f5d310f3e89fc12e5099aa4907ec50340dbd8466e5,mixed,4,"[[1,-2,4],[1,-2],[1,-3,4],[1,-2,3],[1,2,-3],[2,-4],[-1,-3,4],[-2,-3],[1,4],[-1,-2],[1,3,4]]",4.0,11.0,2.75,28.0,2.5454545454545454,0.4979295977319691,2.0,3.0,0.4545454545454545,0.5454545454545454,0.5714285714285714,2.1213203435596424,1.5811388300841898,1.0,3.8333333333333335,1.2133516482134197,5.0,7.0,1.224744871391589,6.0,9.0,0.115079365079365,0.4987228587060335,-0.4285714285714285,0.6666666666666666,3.0,0.0,3.0,3.0,1.5818181818181818,1
sat-01988,c1c517cdd30c58e4f081219363036b096590375de626111264e15ae712fd616e,2sat,5,"[[-2,-3],[-1,-5],[1,3],[-1,-4],[-2,-4],[3,-4],[-3,-5]]",5.0,7.0,1.4,14.0,2.0,0.0,2.0,2.0,1.0,0.0,0.2142857142857142,0.7999999999999999,0.3999999999999999,0.7,0.7,0.458257569495584,1.0,2.8,0.7483314773547882,2.0,4.0,-0.6666666666666666,0.4216370213557839,-1.0,0.0,2.8,0.7483314773547882,2.0,4.0,0.6666666666666666,1
sat-01588,2038f29c3d5a076323743f86a3ea8a06ce06f77c9dcb0439044d9e13c954c213,2sat,5,"[[2,-3],[-4,5],[-1,-2],[3,-5],[2,-4],[-2,-3],[1,4],[-2,-5],[2,-5],[-1,-5],[2,3],[-1,5],[-3,5],[3,5],[2,4],[1,2],[1,-3],[-1,-3],[-2,3],[-2,-4],[1,3],[1,5],[-3,-4],[-3,-5],[-1,2],[4,5],[4,-5],[-1,3],[3,4],[-2,4],[1,-2],[-3,4]]",5.0,32.0,6.4,64.0,2.0,0.0,2.0,2.0,1.0,0.0,0.515625,0.4898979485566356,1.32664991614216,1.0,3.2,0.9797958971132712,4.0,12.8,1.469693845669907,11.0,15.0,0.0412121212121212,0.1186022049202187,-0.0666666666666666,0.2727272727272727,4.0,0.0,4.0,4.0,0.7721774193548387,0
sat-02146,57a68da0e929fcab36195a8c962b6251bd98291d0dba6db790ffdbd48a14295c,3sat,5,"[[2,-3,-4],[1,-4,5],[1,-3,-5],[2,3,5],[-1,2,-3],[3,4,5],[1,2,-4],[-3,-4,-5],[2,4,5],[-1,-2,3],[2,4,-5]]",5.0,11.0,2.2,33.0,3.0,0.0,3.0,3.0,0.0,1.0,0.5757575757575758,1.16619037896906,1.16619037896906,1.0,3.3,0.9,5.0,6.6,0.7999999999999999,5.0,7.0,0.1542857142857143,0.3138178335484796,-0.1428571428571428,0.7142857142857143,4.0,0.0,4.0,4.0,1.709090909090909,1
sat-00808,a425e30a7f5588a5c30c1f1c22d4dc28b9742b2c15445f317fa9d152493e619a,mixed,5,"[[-1,-3,-4],[-1,-3,5],[1,2,4],[3,-4,5],[2,4,5],[2,3,-5],[-1,-2,-3],[-3,-5],[-1,2,-3],[3,5],[-1,-2,4],[2,-3,5],[1,-4,-5],[1,-3,4],[1,3,5],[-4,-5],[-1,5],[2,-4],[-1,2,4],[-2,-5],[-1,-4],[-1,2],[2,-3,-5],[-2,3,4]]",5.0,24.0,4.8,64.0,2.6666666666666665,0.4714045207910317,2.0,3.0,0.3333333333333333,0.6666666666666666,0.484375,1.7204650534085253,1.743559577416269,1.0,5.6,1.2806248474865698,8.0,12.8,0.3999999999999999,12.0,13.0,-0.0307692307692307,0.2646869312936193,-0.3846153846153846,0.3846153846153846,4.0,0.0,4.0,4.0,1.3695652173913044,1
sat-02096,f9e2335547e54e9865fa7b62bff0cb75eb7768b9715e24c653cbbf1e4c56c111,3sat,5,"[[-1,-4,5],[-1,-3,-5],[1,3,-5],[-1,-2,3],[1,2,-5],[1,-2,4],[-3,4,5],[-1,2,4],[2,4,5],[-1,-4,-5],[1,-2,5],[1,-3,-5],[-2,4,-5],[-2,3,-4],[-1,-3,5],[2,-3,-5],[2,-4,-5],[-2,-3,5],[-1,2,-5],[-1,2,-4],[-1,3,5],[-2,-3,-4],[2,-4,5],[1,-2,3],[1,3,4],[-3,-4,5],[1,3,-4],[2,4,-5],[-1,2,-3],[1,-3,4],[-1,3,-4]]",5.0,31.0,6.2,93.0,3.0,0.0,3.0,3.0,0.0,1.0,0.4731182795698925,0.7483314773547882,0.9797958971132712,1.0,9.3,1.2688577540449522,12.0,18.6,0.7999999999999999,18.0,20.0,-0.0527485380116959,0.0847290727291093,-0.1111111111111111,0.1111111111111111,4.0,0.0,4.0,4.0,1.7634408602150538,0
sat-00470,948b45d2504d89ef42a0c32324b756a039106f8851b8ebb82f657b5f34aec95c,3sat,4,"[[1,-3,-4],[1,2,3],[-1,-3,4],[-2,3,4],[-1,-2,-3],[-2,-3,-4],[-1,3,4],[1,2,-4],[2,-3,4]]",4.0,9.0,2.25,27.0,3.0,0.0,3.0,3.0,0.0,1.0,0.4814814814814814,0.4330127018922193,0.8660254037844386,1.0,4.5,0.957427107756338,6.0,6.75,0.82915619758885,6.0,8.0,-0.0267857142857142,0.1414551742656684,-0.25,0.1428571428571428,3.0,0.0,3.0,3.0,2.1944444444444446,1
sat-02387,ef9baf0cb93f31ce83c3399c634db1661d7ccc12bb0e19397097378d3c72fbd5,2sat,4,"[[2,-4],[-1,4],[2,4],[-1,2],[2,3],[1,3],[1,-2],[-1,-2],[-1,3]]",4.0,9.0,2.25,18.0,2.0,0.0,2.0,2.0,1.0,0.0,0.6111111111111112,0.82915619758885,1.479019945774904,0.8333333333333334,1.5,0.957427107756338,3.0,4.5,1.5,3.0,6.0,0.3333333333333333,0.4714045207910317,-0.3333333333333333,1.0,2.5,0.5,2.0,3.0,1.0,0
sat-02742,56733e78d3e39a9887eb4f4491c51fa30ef2ac0690c10a1386ddef400e41d0a9,3sat,4,"[[2,3,-4],[-1,-2,-3],[1,2,-4],[1,-2,3],[-2,-3,-4],[1,-3,4],[-1,3,4],[1,-2,4],[-1,-2,3],[-2,3,-4],[-2,-3,4],[2,-3,4],[2,3,4],[1,-2,-4],[-2,3,4],[1,3,4],[-1,2,4],[-1,2,3],[-1,-2,-4]]",4.0,19.0,4.75,57.0,3.0,0.0,3.0,3.0,0.0,1.0,0.5263157894736842,1.5,1.920286436967152,1.0,9.5,1.707825127659933,12.0,14.25,1.479019945774904,12.0,16.0,0.0589285714285714,0.2063021733639611,-0.25,0.2857142857142857,3.0,0.0,3.0,3.0,2.2339181286549707,1
sat-00626,595970cbb41af854d344b0d885f0bcad583f35e4db30857b39a07f358eae98bd,3sat,5,"[[-1,-2,-4],[-1,2,-4],[-2,3,-4],[1,3,4],[2,-3,-5],[1,-2,-5],[2,-4,-5],[3,4,-5],[1,2,-4],[2,3,4],[2,3,5],[-1,-2,-3],[2,-3,5],[-2,-3,4],[-1,-4,5],[-3,-4,5],[-1,2,-3],[-1,-3,-4],[3,-4,5],[-1,3,-5],[1,2,-3],[2,-3,-4],[1,2,-5],[1,-3,-5]]",5.0,24.0,4.8,72.0,3.0,0.0,3.0,3.0,0.0,1.0,0.4583333333333333,2.4166091947189146,1.939071942966532,1.0,7.2,1.6,10.0,14.4,1.8547236990991407,12.0,17.0,-0.0947263520792932,0.2624004064591768,-0.4285714285714285,0.375,4.0,0.0,4.0,4.0,1.7789855072463767,1
sat-02441,4786ec58461349996660ddf0f130b8a571b6cfc5d223f2b723dcd7b6235ef67e,3sat,4,"[[2,3,-4],[1,-2,3],[1,-2,-3],[2,-3,4],[-1,3,-4],[-1,2,-4],[-1,-2,4]]",4.0,7.0,1.75,21.0,3.0,0.0,3.0,3.0,0.0,1.0,0.4761904761904761,0.5,0.4330127018922193,1.0,3.5,0.5,4.0,5.25,0.4330127018922193,5.0,6.0,-0.05,0.16583123951777,-0.2,0.2,3.0,0.0,3.0,3.0,2.142857142857143,1
sat-02043,6302419beae74ec5c464c24117eb4fdb51c26646dd0282b56783daf34b61eb04,3sat,5,"[[1,2,4],[1,3,5],[2,3,4],[1,-4,5],[-1,3,5],[2,-3,4],[2,4,5],[3,4,-5],[1,-3,-5],[-1,-4,5],[-1,-2,-4],[2,4,-5],[-1,4,-5],[1,-2,5]]",5.0,14.0,2.8,42.0,3.0,0.0,3.0,3.0,0.0,1.0,0.6428571428571429,1.0198039027185568,0.8944271909999159,1.0,4.2,1.6,7.0,8.4,1.624807680927192,6.0,10.0,0.2946031746031746,0.1209752925847827,0.1111111111111111,0.4285714285714285,4.0,0.0,4.0,4.0,1.78021978021978,1
sat-00973,a3f9082b24f72a76447cce57e00068f6c399e5c7714be52f891cd5724a2f6626,3sat,5,"[[1,4,-5],[2,3,4],[1,3,5],[3,-4,-5],[1,2,3],[-1,2,5],[1,2,4],[1,-4,-5],[-1,4,5],[-1,-4,-5],[2,-3,-5],[-2,-4,5]]",5.0,12.0,2.4,36.0,3.0,0.0,3.0,3.0,0.0,1.0,0.6111111111111112,0.4898979485566356,1.6,1.0,3.6,1.42828568570857,6.0,7.2,1.469693845669907,5.0,9.0,0.2811111111111111,0.3111825314847132,-0.1111111111111111,0.6666666666666666,4.0,0.0,4.0,4.0,1.7727272727272727,1
sat-02541,9c615b1cdda8e640c9587b8e29e245cb120ec47b1a1dda3c5f929761a8ec12dd,2sat,4,"[[-3,-4],[2,4],[-3,4],[-1,4],[3,4],[1,2],[1,-4],[-1,2],[1,3],[3,-4],[-2,-4],[1,4],[1,-3],[1,-2],[2,-3],[-1,-2],[-2,3],[-2,4]]",4.0,18.0,4.5,36.0,2.0,0.0,2.0,2.0,1.0,0.0,0.5555555555555556,1.0,0.7071067811865476,1.0,3.0,0.816496580927726,4.0,9.0,0.7071067811865476,8.0,10.0,0.1055555555555555,0.1724013405464766,-0.1111111111111111,0.3333333333333333,3.0,0.0,3.0,3.0,0.9477124183006536,0
sat-02230,d0006ef0c471a2c28d29825c13a84266619472d07ad4d70d66ebedac639ae1fb,2sat,4,"[[-2,3],[2,-4],[2,-3],[2,4],[2,3],[1,2]]",4.0,6.0,1.5,12.0,2.0,0.0,2.0,2.0,1.0,0.0,0.75,1.6393596310755,0.4330127018922193,0.5,1.0,1.1547005383792517,3.0,3.0,1.8708286933869709,1.0,6.0,0.4999999999999999,0.3726779962499649,0.0,1.0,1.5,0.8660254037844386,1.0,3.0,1.2666666666666666,1
sat-00617,6007595ad61012445bb5d1c58a2c7152f0ed02d4fe98caaefbc580a339990186,3sat,5,"[[1,4,-5],[2,3,-4],[-1,3,-5],[-1,-3,-5],[2,4,-5],[-2,-3,-5],[1,-4,5],[-1,4,-5],[2,-3,-4],[2,-3,-5],[2,-4,5],[-1,3,5]]",5.0,12.0,2.4,36.0,3.0,0.0,3.0,3.0,0.0,1.0,0.4444444444444444,0.9797958971132712,1.8973665961010275,0.9,3.6,1.624807680927192,6.0,7.2,1.469693845669907,6.0,10.0,-0.0704761904761904,0.3825016117524176,-0.4,0.6666666666666666,3.6,0.4898979485566356,3.0,4.0,1.7727272727272727,1
sat-00306,2c4ca869abf98b0f1fb925a2b41aaf9d0fd5a6396f0da3a1b034c2d5ec5d7fef,3sat,5,"[[1,3,4],[-1,2,4],[-1,2,-4],[1,-2,-3],[1,4,-5],[-3,-4,5],[2,3,4],[-1,-3,-5],[-1,-2,3],[-2,-3,-4],[-1,-2,-4],[-1,-4,-5],[2,3,-4],[-3,4,-5],[1,2,-3],[1,2,-5],[1,-2,5],[1,2,-4],[1,-3,-4],[-1,-2,4],[-2,3,-5],[1,-3,5],[2,3,-5],[2,-3,5],[1,3,-4],[2,-4,5],[-3,4,5],[-1,-3,5],[-1,4,-5]]",5.0,29.0,5.8,87.0,3.0,0.0,3.0,3.0,0.0,1.0,0.4827586206896552,1.3564659966250536,1.4142135623730951,1.0,8.7,1.3453624047073711,11.0,17.4,1.3564659966250536,15.0,19.0,-0.0341795665634674,0.1372906240560105,-0.2222222222222222,0.1764705882352941,4.0,0.0,4.0,4.0,1.7684729064039408,0
sat-00544,984a9f3542f8bc2de486089d593d4e00131d4319b15c7ed5fcede0d3621a6762,3sat,5,"[[1,2,-3],[-1,2,-3],[-1,-3,5],[1,2,-5],[1,-3,-4],[-1,3,5],[1,3,-4],[1,2,5],[-2,-3,-5],[-1,3,-4],[-1,-2,-5],[1,3,5],[1,-2,3],[2,-3,5],[1,-3,-5],[-3,4,5],[-1,-2,3],[-2,4,-5],[1,-4,5],[1,4,5],[1,-3,5],[2,-3,4],[-1,-3,-4],[-1,-2,5],[-3,-4,-5],[-2,3,-5],[1,-3,4]]",5.0,27.0,5.4,81.0,3.0,0.0,3.0,3.0,0.0,1.0,0.4938271604938271,2.6076809620810595,2.481934729198171,1.0,8.1,3.080584360149872,14.0,16.2,3.655133376499413,11.0,20.0,-0.0182723159193747,0.1863620688015962,-0.3,0.2,4.0,0.0,4.0,4.0,1.849002849002849,1
sat-01846,e3538529330834c496129831494ca20ed0fa53a3485b459b7af95d755f2916fd,2sat,4,"[[-3,4],[-2,-3],[-1,-2],[1,3]]",4.0,4.0,1.0,8.0,2.0,0.0,2.0,2.0,1.0,0.0,0.375,0.4330127018922193,0.82915619758885,0.6666666666666666,0.6666666666666666,0.4714045207910317,1.0,2.0,0.7071067811865476,1.0,3.0,-0.0833333333333333,0.7216878364870322,-1.0,1.0,2.0,0.7071067811865476,1.0,3.0,0.8333333333333334,1
sat-00022,bde4aeedab94c894b68be1503deeaaa9a49f1c29db9adeb25a382290ab14d6cb,3sat,5,"[[-3,-4,-5],[-1,-2,5],[-2,3,-4],[-2,-4,5],[1,3,5],[1,3,4],[3,-4,5],[1,-3,4],[-1,-3,-4],[2,-4,5],[1,-2,-5],[-1,3,4],[2,-3,-5],[-2,3,5],[-1,-2,-5],[-2,-4,-5],[2,-3,4],[3,4,5],[-1,4,-5],[-1,2,5],[-2,-3,-5],[2,-3,-4],[1,4,5],[-1,2,4],[1,2,-5],[-1,-2,4],[2,3,5],[2,4,5],[1,3,-4],[-2,4,5]]",5.0,30.0,6.0,90.0,3.0,0.0,3.0,3.0,0.0,1.0,0.5333333333333333,1.743559577416269,1.0198039027185568,1.0,9.0,2.23606797749979,14.0,18.0,2.0976176963403037,15.0,20.0,0.0611403508771929,0.1040661472526067,-0.0666666666666666,0.2,4.0,0.0,4.0,4.0,1.7839080459770116,1
sat-00004,5cbb17d92df5ae670fcab2d944961051483471acfa1fa89aa8d7b9552e52f568,3sat,4,"[[1,3,4],[-1,2,-4],[1,-2,4],[2,-3,4]]",4.0,4.0,1.0,12.0,3.0,0.0,3.0,3.0,0.0,1.0,0.6666666666666666,0.7071067811865476,0.0,1.0,2.0,0.816496580927726,3.0,3.0,0.7071067811865476,2.0,4.0,0.2916666666666666,0.1816207893141947,0.0,0.5,3.0,0.0,3.0,3.0,2.1666666666666665,1
sat-00579,26f2a120423adeed86f637081fa870e7fe1c5b82c9422d3248bfda14e2be380b,2sat,4,"[[-2,4],[-2,3],[-3,4],[1,-4],[-3,-4],[2,3],[-2,-3],[2,-4],[-2,-4],[-1,4]]",4.0,10.0,2.5,20.0,2.0,0.0,2.0,2.0,1.0,0.0,0.4,0.7071067811865476,1.224744871391589,0.6666666666666666,1.6666666666666667,1.247219128924647,3.0,5.0,1.8708286933869709,2.0,7.0,-0.169047619047619,0.1195939843321367,-0.3333333333333333,0.0,2.0,0.7071067811865476,1.0,3.0,1.0444444444444445,0
sat-01594,d2ea29350507f7089016e870f684865064861641384c30f7b571e9d07ac88aac,3sat,4,"[[-1,-2,-3],[2,3,4],[-1,3,-4],[2,3,-4],[1,3,4],[-1,-2,-4],[2,-3,-4],[1,-2,3],[-1,-2,3],[1,2,-3]]",4.0,10.0,2.5,30.0,3.0,0.0,3.0,3.0,0.0,1.0,0.5,1.479019945774904,0.4330127018922193,1.0,5.0,1.2909944487358056,7.0,7.5,1.118033988749895,6.0,9.0,-0.0357142857142857,0.2436843986959371,-0.3333333333333333,0.3333333333333333,3.0,0.0,3.0,3.0,2.2222222222222223,1
sat-02183,5885cbeaaf8a6f9b662cedb26c839178356eb4c6289f25daf2735be2e9f65c21,2sat,5,"[[3,5],[4,-5],[-1,3],[-3,4],[-4,5],[-1,-2],[-3,5],[1,-3],[-3,-5],[-2,4],[-1,4],[-1,-5],[2,-5],[2,5]]",5.0,14.0,2.8,28.0,2.0,0.0,2.0,2.0,1.0,0.0,0.4642857142857143,1.2000000000000002,1.2649110640673518,0.9,1.4,0.8,3.0,5.6,1.3564659966250536,4.0,8.0,-0.0666666666666666,0.4022160834399561,-0.6,0.6,3.6,0.4898979485566356,3.0,4.0,0.7582417582417582,1
sat-00499,d31f50097ea13d0ed4bdf85e302f4ea54b790e2c15d0025286f116eca85f0f84,mixed,4,"[[1,2,-3],[1,3],[2,3,-4],[-1,3,4],[1,3,4],[-1,2],[2,4],[2,-3],[-3,4],[1,-3,4],[1,2],[1,2,-4],[1,4],[1,-4],[-1,3]]",4.0,15.0,3.75,36.0,2.4,0.4898979485566357,2.0,3.0,0.6,0.4,0.7222222222222222,1.118033988749895,1.5,1.0,4.5,1.2583057392117916,6.0,9.0,1.4142135623730951,7.0,11.0,0.4747474747474747,0.3273101362832253,0.1111111111111111,1.0,3.0,0.0,3.0,3.0,1.4095238095238096,1
sat-02422,3686673d990fb98158ddc411c844870b71a3b56c91b9aa5d2417c04295745455,3sat,4,"[[1,-2,-3],[-1,-2,-3],[1,2,4],[-2,3,4],[-1,-2,-4],[-2,3,-4],[-1,3,-4],[1,-2,3],[1,3,-4],[1,2,-4],[-1,-2,4],[-1,2,4],[-1,-3,-4],[1,-2,4],[-1,-3,4]]",4.0,15.0,3.75,45.0,3.0,0.0,3.0,3.0,0.0,1.0,0.4444444444444444,1.224744871391589,1.479019945774904,1.0,7.5,1.707825127659933,10.0,11.25,1.479019945774904,9.0,13.0,-0.105089355089355,0.2125437124518195,-0.4545454545454545,0.1111111111111111,3.0,0.0,3.0,3.0,2.238095238095238,0
sat-01148,9e20e50e99c4c589aa7f96e11a8959017ab25ad852d7a355963fec79b59998ff,3sat,5,"[[3,4,5],[-2,3,4],[1,-3,5],[-1,3,5],[1,2,3],[-1,2,4],[-1,-4,5],[1,2,5],[-1,3,4]]",5.0,9.0,1.8,27.0,3.0,0.0,3.0,3.0,0.0,1.0,0.7407407407407407,0.8944271909999159,1.3564659966250538,1.0,2.7,0.9,4.0,5.4,1.0198039027185568,4.0,7.0,0.5247619047619048,0.373624764774242,-0.1428571428571428,1.0,4.0,0.0,4.0,4.0,1.7222222222222223,1
sat-01713,457147777a37b1c24b6cd167b1aa3f33c9910ba9fd053482578c209dd1ba76b6,3sat,4,"[[1,3,4],[-1,-3,-4],[-2,3,-4],[2,-3,-4],[-1,-2,-4],[-2,3,4],[-1,3,-4],[2,3,-4],[1,-3,4],[-1,-3,4],[1,-2,4],[1,-2,-3],[-1,2,3],[-1,2,4],[1,3,-4],[1,2,4],[-1,-2,3],[-2,-3,4],[-1,-2,-3],[-2,-3,-4],[1,-3,-4],[2,3,4],[1,-2,3],[1,2,3]]",4.0,24.0,6.0,72.0,3.0,0.0,3.0,3.0,0.0,1.0,0.5,1.4142135623730951,0.7071067811865476,1.0,12.0,1.4142135623730951,14.0,18.0,1.224744871391589,17.0,20.0,-0.0044117647058823,0.1055038168187378,-0.1764705882352941,0.1,3.0,0.0,3.0,3.0,2.2282608695652173,0
sat-00769,a5cd54bbdb7cf7a6f058722d61fd36f3e0de874aca008a913994693c258a2415,mixed,5,"[[2,-3],[1,2,-5],[-1,2,-3],[2,3,-4],[-2,-3,5],[-1,-4,-5],[4,5],[1,3,5],[2,5],[1,4],[1,2,-4],[1,-3,4],[-1,2,-5],[1,-3,-4],[2,-3,-5],[2,-4,-5],[1,-2,3],[1,5],[-1,-3,-4],[-1,-2,-4],[-3,4],[-2,-4],[-1,2,4],[-1,3],[2,4],[-2,-4,5],[-1,2,3],[-2,3,5],[2,-3,-4],[1,-4,-5],[3,4,-5],[-1,3,-4]]",5.0,32.0,6.4,87.0,2.71875,0.4496092053105675,2.0,3.0,0.28125,0.71875,0.5057471264367817,2.2271057451320084,2.0591260281974,1.0,7.8,1.5362291495737217,10.0,17.4,1.8547236990991407,14.0,19.0,0.0092879256965944,0.2039681491695294,-0.2631578947368421,0.3684210526315789,4.0,0.0,4.0,4.0,1.4556451612903225,0
sat-00909,06c1c3bb92f3b4e8d1c59bf5770446665d4021b3ee4045c25fa6f00d46a0b2a8,mixed,4,"[[1,-2,-4],[-1,2],[2,3],[-2,-3],[1,-2,3],[1,2],[3,4],[-1,2,-3],[1,2,3],[-2,4],[3,-4]]",4.0,11.0,2.75,26.0,2.363636363636364,0.4810456929208346,2.0,3.0,0.6363636363636364,0.3636363636363636,0.6153846153846154,1.224744871391589,0.8660254037844386,1.0,3.1666666666666665,1.7716909687891085,6.0,6.5,1.8027756377319943,4.0,9.0,0.2182539682539682,0.1707271806690393,0.0,0.4285714285714285,3.0,0.0,3.0,3.0,1.4181818181818182,0
sat-00385,c116abbb2a5879bfd93dabf4a684f28fd33046d5f22e83ab36640b4b396a1601,mixed,5,"[[-3,-5],[1,4,-5],[-2,4,-5],[-1,-3,4],[2,-5],[1,-3,5],[-1,-3,-5],[1,-2,-4],[2,3,-4],[4,-5],[2,-4,5]]",5.0,11.0,2.2,30.0,2.727272727272727,0.4453617714151233,2.0,3.0,0.2727272727272727,0.7272727272727273,0.4333333333333333,1.019803902718557,1.4966629547095764,1.0,2.7,1.004987562112089,4.0,6.0,1.2649110640673518,5.0,8.0,-0.1114285714285714,0.3600906915243005,-0.6,0.2,4.0,0.0,4.0,4.0,1.4363636363636365,1
sat-02755,4921d74d9a185987893fd54e4bebacfc4f2c26d39828fddc0d664d9b1f88326b,mixed,5,"[[1,-3,-4],[-3,-4,-5],[-2,4],[3,-4],[-1,3,4],[2,4],[2,5],[-3,4,5],[-1,2,4],[1,-2,-5],[-1,4],[1,4,-5],[-1,-4,5],[-2,5],[-4,5],[1,-2,3]]",5.0,16.0,3.2,41.0,2.5625,0.4960783708246107,2.0,3.0,0.4375,0.5625,0.5365853658536586,1.4966629547095764,0.7483314773547882,1.0,3.4,1.42828568570857,6.0,8.2,2.0396078054371136,6.0,12.0,0.0547619047619047,0.1383413242507995,-0.1428571428571428,0.25,4.0,0.0,4.0,4.0,1.3166666666666669,0
sat-01468,9a17025f25d31b30c85819b7d48f7b5a7b913c7292826d06288d84ccafdd410f,2sat,4,"[[-1,2],[1,4],[-3,4],[-2,-3],[-1,-3],[-2,4],[2,3],[-2,3],[1,3]]",4.0,9.0,2.25,18.0,2.0,0.0,2.0,2.0,1.0,0.0,0.5555555555555556,0.5,1.224744871391589,1.0,1.5,0.7637626158259734,3.0,4.5,1.118033988749895,3.0,6.0,0.2,0.469041575982343,-0.2,1.0,3.0,0.0,3.0,3.0,0.9444444444444444,1
sat-01001,3082b5abdb6438c0cd58c3ad067964b56911420f94130ce2e2cbe7e727ead0cd,2sat,4,"[[3,4],[-1,2],[1,2],[2,-4],[-3,-4],[1,-3],[-3,4],[-1,-2],[2,-3],[2,4],[1,3],[-1,3],[-1,-4],[1,-4],[-2,-3],[2,3],[-2,4],[1,4],[-2,-4],[-1,4],[3,-4],[-1,-3]]",4.0,22.0,5.5,44.0,2.0,0.0,2.0,2.0,1.0,0.0,0.5,0.5,0.8660254037844386,1.0,3.6666666666666665,0.4714045207910317,4.0,11.0,0.7071067811865476,10.0,12.0,0.0045454545454545,0.1187921304124725,-0.0909090909090909,0.2,3.0,0.0,3.0,3.0,0.9567099567099568,0
sat-00774,f2a795913e266a994743a742ad5f26ed47324f97798c810f04c1b9fdcab78bcf,2sat,5,"[[-2,-4],[1,-3],[-4,5],[-3,-4],[-1,-4],[-3,4],[-1,4],[-3,-5],[2,4],[3,-4],[4,-5],[1,-5],[-2,-3],[2,-3],[3,5],[2,-4],[1,5],[4,5],[-2,4],[-1,2],[-4,-5],[-1,-5],[1,-4],[-3,5],[1,-2],[2,-5],[-2,5],[1,4],[3,-5],[-1,-3]]",5.0,30.0,6.0,60.0,2.0,0.0,2.0,2.0,1.0,0.0,0.45,1.3564659966250536,1.3564659966250536,1.0,3.0,0.8944271909999159,4.0,12.0,1.7888543819998317,10.0,15.0,-0.1014452214452214,0.1864306694164129,-0.4545454545454545,0.0909090909090909,4.0,0.0,4.0,4.0,0.7770114942528735,0
sat-00628,dfab9b2f75515910498c605ea4ebbd96633d8382f361a70be80c29f3b7893df9,2sat,5,"[[-3,5],[1,2],[2,5],[-4,-5],[1,4],[-1,5],[-2,3],[-1,2],[-1,-2]]",5.0,9.0,1.8,18.0,2.0,0.0,2.0,2.0,1.0,0.0,0.5555555555555556,0.8944271909999159,0.8,0.7,0.9,0.8306623862918076,3.0,3.6,1.3564659966250538,2.0,5.0,0.1,0.2366431913239846,-0.2,0.5,2.8,0.7483314773547882,2.0,4.0,0.7777777777777778,0
sat-02418,2359262f43e2b04367a915b857fe4bdc55f4a8f564b61356c482e8c01d41b63d,2sat,4,"[[2,3],[1,3],[-2,-3],[1,4],[1,-2],[-1,2],[-2,4],[1,-3],[-3,-4],[2,4],[2,-4],[-1,-4],[-2,3],[-3,4],[3,-4],[1,2],[3,4],[-1,3],[-2,-4],[-1,-3]]",4.0,20.0,5.0,40.0,2.0,0.0,2.0,2.0,1.0,0.0,0.525,0.4330127018922193,0.4330127018922193,1.0,3.333333333333333,0.7453559924999298,4.0,10.0,0.7071067811865476,9.0,11.0,0.0505050505050505,0.0510076006987983,0.0,0.1111111111111111,3.0,0.0,3.0,3.0,0.9526315789473684,0
sat-01819,278cbc8524422babe61a160783540fa3beaa57855b67c5a99db01759b7a26b22,3sat,4,"[[2,3,-4],[2,3,4],[-1,-2,4],[-1,-3,-4],[-1,-2,-3],[1,-3,-4],[-2,-3,4],[2,-3,4],[1,-2,-4],[-1,3,4],[-1,3,-4],[-1,2,3],[1,-2,-3],[1,2,4],[-1,-3,4],[1,-2,3],[1,2,-4],[1,-2,4],[2,-3,-4],[-1,-2,3],[-1,2,-3],[-2,3,-4]]",4.0,22.0,5.5,66.0,3.0,0.0,3.0,3.0,0.0,1.0,0.4696969696969697,0.4330127018922193,0.4330127018922193,1.0,11.0,0.5773502691896257,12.0,16.5,0.5,16.0,17.0,-0.0606617647058823,0.0442323875570439,-0.125,0.0,3.0,0.0,3.0,3.0,2.2164502164502164,0
sat-00422,f7d440d495d0a16d15202a6e9b8acdfce46d774a667ffd5326707cca991d92f3,2sat,4,"[[1,-4],[-1,-2],[1,-2],[2,4],[-3,4],[3,-4],[2,-4],[1,2],[2,3],[2,-3],[3,4],[-3,-4],[1,4],[-2,4],[1,3],[-1,-3],[-2,3],[1,-3],[-1,2],[-1,3]]",4.0,20.0,5.0,40.0,2.0,0.0,2.0,2.0,1.0,0.0,0.575,0.4330127018922193,0.4330127018922193,1.0,3.333333333333333,0.7453559924999298,4.0,10.0,0.7071067811865476,9.0,11.0,0.1505050505050505,0.0500076516948952,0.0909090909090909,0.2,3.0,0.0,3.0,3.0,0.9526315789473684,0
sat-00637,a66bc7691547246c720b67c19f20caf6022a9ae2b58edca0e84c0148b66e2327,2sat,4,"[[-2,-3],[-1,3],[-2,3],[-2,4],[-3,-4],[1,-2],[1,4],[-1,4],[2,-3],[2,-4],[-1,-4],[1,3],[-2,-4],[1,-4],[1,-3],[-1,2],[3,4],[2,4],[3,-4],[-3,4]]",4.0,20.0,5.0,40.0,2.0,0.0,2.0,2.0,1.0,0.0,0.5,0.7071067811865476,0.7071067811865476,1.0,3.333333333333333,0.7453559924999298,4.0,10.0,1.224744871391589,9.0,12.0,0.0,0.0785674201318386,-0.1111111111111111,0.1111111111111111,3.0,0.0,3.0,3.0,0.963157894736842,0
sat-01102,dd8b5e3c79a036078b65bd9666e857b8e938a3a4700966e1dc7e9c718eacf20a,mixed,4,"[[1,3,-4],[3,-4],[2,-3,-4],[-1,-3,4],[3,4],[-3,4],[1,-2,-3],[2,3,4],[1,-3,4],[-2,3,4],[-1,3],[-2,-3],[1,2,4],[-1,2,-4],[-1,2,4],[-1,-2,3],[1,2,-4],[-2,-3,4]]",4.0,18.0,4.5,49.0,2.7222222222222223,0.4479032082388083,2.0,3.0,0.2777777777777778,0.7222222222222222,0.5510204081632653,1.479019945774904,0.8660254037844386,1.0,7.333333333333333,1.3743685418725535,10.0,12.25,1.7853571071357126,10.0,14.0,0.0941558441558441,0.11665743002092,0.0,0.2857142857142857,3.0,0.0,3.0,3.0,1.843137254901961,0
sat-01953,f059aed9a3a30c502add39164f0b0c6d42a3d0056cd6b00cd734bc04f6260582,mixed,4,"[[2,4],[1,4],[-1,-3],[-3,-4],[-1,-4],[1,-2,4],[1,-3],[1,3],[1,2,-4],[-1,3,-4],[-2,3,4]]",4.0,11.0,2.75,26.0,2.363636363636364,0.4810456929208346,2.0,3.0,0.6363636363636364,0.3636363636363636,0.5384615384615384,1.118033988749895,0.7071067811865476,1.0,3.1666666666666665,1.3437096247164249,5.0,6.5,1.6583123951777,4.0,8.0,0.0625,0.1082531754730548,0.0,0.25,3.0,0.0,3.0,3.0,1.4,0
sat-00686,4d1b3747cefd2fecf48be51145dfd9760d3f677ece6572812e8d69872d5b9b3c,3sat,4,"[[2,-3,4],[-1,-2,-4],[1,2,-3],[1,-2,-3],[-2,-3,4],[-2,3,4],[-1,3,4],[1,3,4],[-2,-3,-4],[2,3,4],[1,3,-4],[-1,-2,4],[1,2,-4],[-1,2,-4],[-1,-2,-3],[1,-3,-4],[2,-3,-4],[1,-2,4]]",4.0,18.0,4.5,54.0,3.0,0.0,3.0,3.0,0.0,1.0,0.4814814814814814,1.118033988749895,1.224744871391589,1.0,9.0,1.2909944487358056,11.0,13.5,1.118033988749895,12.0,15.0,-0.03507326007326,0.15887439147695,-0.2307692307692307,0.1666666666666666,3.0,0.0,3.0,3.0,2.2222222222222223,0
sat-01163,a0795625d48fe656a02884c4d8d1a2044fb4b37b39ada91626b4d31a17716b80,mixed,5,"[[-3,4,-5],[-1,2,4],[-1,-4,-5],[-2,3,-5],[1,2,-4],[1,3,5],[-2,4,5],[-3,4],[1,-3],[-2,-4],[-2,-3,4],[2,-3,5],[-1,2,3],[2,-4,5],[1,3,4],[1,3],[-1,-2,5],[1,2],[3,4,5],[-1,2],[1,-2,3],[3,4,-5],[-3,5],[2,4,5],[1,-3,-4],[-2,-3,-5]]",5.0,26.0,5.2,71.0,2.730769230769231,0.4435600997950306,2.0,3.0,0.2692307692307692,0.7307692307692307,0.5774647887323944,0.3999999999999999,1.2649110640673518,1.0,6.4,1.3564659966250536,8.0,14.2,1.1661903789690602,13.0,16.0,0.1627838827838827,0.1096293854532893,0.0,0.2857142857142857,4.0,0.0,4.0,4.0,1.4523076923076923,0
sat-02825,abcc3c744f46361772887889084f61dfcd1b10e6876638be01f505e9084de3bd,3sat,5,"[[-1,3,-4],[-2,4,5],[-2,3,-5],[1,-3,5],[-2,3,-4],[-2,-3,-4],[-1,-3,4],[2,-3,-5],[1,2,5],[-1,-4,-5],[-1,2,-5],[1,-2,3],[-1,-2,-3],[1,2,4],[-1,-2,-4],[-1,-2,4],[-1,2,4],[-2,3,5],[-1,4,-5],[1,3,-5],[-2,-3,-5],[1,-3,4]]",5.0,22.0,4.4,66.0,3.0,0.0,3.0,3.0,0.0,1.0,0.4242424242424242,1.019803902718557,1.743559577416269,1.0,6.6,1.624807680927192,9.0,13.2,1.6,11.0,15.0,-0.1432634032634032,0.1769543446024404,-0.3333333333333333,0.1666666666666666,4.0,0.0,4.0,4.0,1.770562770562771,1
sat-02272,8510fa5219d0fe327ae2d4c0931f50dfd4cfedd31213a1a60f7f9b9db607d841,mixed,4,"[[1,2,-3],[-1,-2],[-1,-2,3],[-1,2,-4],[1,3,4],[-1,4],[1,2,4],[-1,2],[1,-3,-4],[-1,-3],[-2,4],[1,-3],[-2,3,-4],[-1,2,4],[2,3,-4],[3,-4],[-1,-4],[1,4],[2,3,4],[-1,2,-3],[-1,3,4],[-2,-3,4]]",4.0,22.0,5.5,57.0,2.590909090909091,0.4916660830178166,2.0,3.0,0.4090909090909091,0.5909090909090909,0.5263157894736842,1.118033988749895,1.920286436967152,1.0,8.0,0.5773502691896257,9.0,14.25,1.299038105676658,13.0,16.0,0.0644230769230769,0.190440454126867,-0.25,0.2307692307692307,3.0,0.0,3.0,3.0,1.6493506493506491,0
sat-02837,c8e598b1f2999bf7389a0ef12360601a487e9157f7eee6b575eeacb3fff68970,2sat,5,"[[4,5],[-3,-5],[3,-4],[-1,-4],[1,-4],[-1,-3],[3,4],[2,-4],[1,-5],[-1,4],[1,5],[-1,-2],[-3,-4],[2,-3],[1,-3],[-2,-5],[-2,5],[-3,4],[-2,3],[-3,5],[-2,-3],[3,5],[1,3],[-1,5],[4,-5],[1,-2],[2,4]]",5.0,27.0,5.4,54.0,2.0,0.0,2.0,2.0,1.0,0.0,0.4814814814814814,1.16619037896906,1.3564659966250536,1.0,2.7,0.6403124237432849,4.0,10.8,1.32664991614216,9.0,13.0,-0.0364568764568764,0.2070019108104118,-0.3333333333333333,0.2,4.0,0.0,4.0,4.0,0.7663817663817664,0
sat-00397,2b80559675f51f8670b8eee9434ee8e4505db0cf1de894dcf3278e181e25bd24,2sat,4,"[[-3,4],[-1,-2],[-2,-4],[-2,-3],[2,3],[-3,-4],[2,-4],[1,-2],[1,-3],[-1,3],[-1,-4],[-1,2],[1,3],[2,-3],[-1,4],[-1,-3]]",4.0,16.0,4.0,32.0,2.0,0.0,2.0,2.0,1.0,0.0,0.375,0.7071067811865476,1.0,1.0,2.6666666666666665,0.7453559924999298,4.0,8.0,1.224744871391589,6.0,9.0,-0.25,0.1443375672974064,-0.3333333333333333,0.0,3.0,0.0,3.0,3.0,0.9583333333333334,0
sat-00862,70aef56d2708e58cf1eca6923b8d48ea6d0f04d76e00fefb023e5043271c375e,3sat,5,"[[-1,-3,-4],[2,4,-5],[1,-2,5],[-1,-2,3],[-3,4,5],[-1,4,5],[-2,3,5],[1,3,-4],[-1,-3,4],[-2,-3,4],[2,-4,5],[1,-4,5],[-2,4,-5],[1,2,5],[-1,-3,5],[2,3,4],[-3,4,-5],[-1,-3,-5],[1,2,-5],[1,-3,5],[-1,2,-3],[3,4,5],[3,-4,5],[1,-2,-3],[-2,-4,5],[-1,-2,-5],[2,3,5],[1,2,4],[-3,-4,5],[-2,-4,-5],[-2,-3,-5],[-1,2,5],[1,3,5],[-2,3,-5]]",5.0,34.0,6.8,102.0,3.0,0.0,3.0,3.0,0.0,1.0,0.5196078431372549,2.727636339397171,1.469693845669907,1.0,10.2,2.2715633383201093,14.0,20.4,2.576819745345025,18.0,25.0,0.0296507936507936,0.1528122995423091,-0.1428571428571428,0.28,4.0,0.0,4.0,4.0,1.7932263814616756,1
sat-02579,d122cd93aa2a0ed94b175abbb2326b052f31c0a05d14f0e6370313bd220b49e2,3sat,5,"[[-1,-3,-4],[-2,-4,5],[1,-3,5],[-2,-3,5],[-1,-2,5],[-1,2,5],[1,-2,4],[-1,-2,-4],[-1,-2,-5],[-1,-4,-5],[2,4,5],[-2,3,-5],[1,-3,4]]",5.0,13.0,2.6,39.0,3.0,0.0,3.0,3.0,0.0,1.0,0.3846153846153846,1.6733200530681511,1.469693845669907,1.0,3.9,1.5132745950421556,7.0,7.8,1.6,5.0,9.0,-0.2596825396825397,0.33885018923303,-0.6,0.3333333333333333,4.0,0.0,4.0,4.0,1.7820512820512822,1
sat-00219,7b6e1e609fef20fa974034881eb26cdb02a34b90b76623593db509d9dc616065,3sat,5,"[[-1,-2,3],[-1,-4,5],[2,-3,4],[3,-4,5],[3,-4,-5],[-2,-3,-4],[1,-3,5],[1,3,-5],[-3,4,5],[-2,3,-5],[1,2,-4],[2,3,-4],[2,-4,-5],[-1,2,-3],[1,-4,5],[1,2,-5]]",5.0,16.0,3.2,48.0,3.0,0.0,3.0,3.0,0.0,1.0,0.5,1.469693845669907,1.833030277982336,1.0,4.8,1.1661903789690602,6.0,9.6,1.0198039027185568,8.0,11.0,0.0148484848484848,0.3288687234777883,-0.6,0.3333333333333333,4.0,0.0,4.0,4.0,1.7416666666666667,1
sat-01738,c41d1d0fe7609e5139aebdd3620b29d7088c437a5a0b965ea20b2624c3ca00e1,3sat,5,"[[-1,2,-3],[-2,-3,-4],[3,-4,5],[-1,4,-5],[1,2,5],[-1,-2,5],[2,-4,-5],[2,-4,5],[1,-2,4],[-2,4,5],[-2,4,-5],[-3,4,5],[-1,-3,4],[1,2,-4],[-1,2,-5],[2,3,-5],[-1,-2,-4]]",5.0,17.0,3.4,51.0,3.0,0.0,3.0,3.0,0.0,1.0,0.4705882352941176,1.939071942966532,0.7999999999999999,1.0,5.1,2.118962010041709,8.0,10.2,2.481934729198171,6.0,13.0,-0.0997668997668997,0.1932028329761031,-0.3333333333333333,0.0909090909090909,4.0,0.0,4.0,4.0,1.838235294117647,1
sat-02187,f35694cbc7254f8017c9db706e09e64b8c6e2cba8381036f8219024ce91c20b7,2sat,4,"[[-1,4],[1,3],[-2,-4],[1,-4],[3,4],[2,-3]]",4.0,6.0,1.5,12.0,2.0,0.0,2.0,2.0,1.0,0.0,0.5833333333333334,0.4330127018922193,0.4330127018922193,0.8333333333333334,1.0,0.5773502691896257,2.0,3.0,0.7071067811865476,2.0,4.0,0.1666666666666666,0.1666666666666666,0.0,0.3333333333333333,2.5,0.5,2.0,3.0,0.8666666666666667,1
sat-01144,b08a75bf06e50a27fc1de20830f2646c24c99e8a313b4e9c4307c7d3bf4d9ede,mixed,4,"[[2,-4],[1,2,4],[-1,-3,-4],[-1,2],[1,-2,-4],[2,3,4],[1,-3,4],[3,4],[1,2,-4],[1,-4],[1,4],[-2,-3,-4],[-3,4],[1,-2,-3],[-1,-2,3],[2,-3,-4],[-2,3,4],[-1,-3],[1,-3,-4],[2,-3,4],[1,2],[-2,3],[-1,-3,4],[-2,-3,4],[-1,-4],[-2,-4],[1,-3]]",4.0,27.0,6.75,69.0,2.555555555555556,0.4969039949999532,2.0,3.0,0.4444444444444444,0.5555555555555556,0.4782608695652174,2.0463381929681126,2.23606797749979,1.0,9.5,1.707825127659933,12.0,17.25,1.6393596310755,16.0,20.0,-0.0404411764705882,0.2374385278304047,-0.4117647058823529,0.25,3.0,0.0,3.0,3.0,1.6125356125356125,0
sat-01320,4d963ab71708f2e7179603b5b40f72f1e79173d9d9c61034741108324aee2b9e,mixed,4,"[[1,3,4],[-3,-4],[1,-2,4],[1,-4],[1,2,3],[2,3,-4],[1,-3,-4],[-1,-2,3],[1,2,4],[2,-3],[1,2],[-1,-2,-3]]",4.0,12.0,3.0,32.0,2.6666666666666665,0.4714045207910317,2.0,3.0,0.3333333333333333,0.6666666666666666,0.59375,1.479019945774904,0.82915619758885,1.0,4.666666666666667,0.9428090415820634,6.0,8.0,0.7071067811865476,7.0,9.0,0.1656746031746032,0.2654043340008312,-0.1428571428571428,0.5555555555555556,3.0,0.0,3.0,3.0,1.7121212121212122,1
sat-01367,accd6168dcc34b5acf8263bf26b85f43665f17d49e04e60def993970b823a170,3sat,5,"[[2,3,-4],[-1,-2,3],[1,-2,3],[-1,-3,4],[-2,4,5],[1,-3,4],[-1,-2,-5],[2,3,5],[1,-2,-3],[-3,-4,-5],[-1,2,5],[-1,-3,5]]",5.0,12.0,2.4,36.0,3.0,0.0,3.0,3.0,0.0,1.0,0.4722222222222222,0.4898979485566356,1.469693845669907,1.0,3.6,1.3564659966250536,6.0,7.2,1.469693845669907,5.0,9.0,-0.0155555555555555,0.2396860085946807,-0.25,0.3333333333333333,4.0,0.0,4.0,4.0,1.7727272727272727,1
sat-01411,2ad78be36c4ef5b5675b0183641226f0e5af27d2ceb2da8f19a5443b228ed672,mixed,4,"[[-2,4],[2,-3],[-2,-3],[1,-2,4],[1,2,-4],[1,2,-3],[2,-3,4],[-1,-2,3],[2,-4]]",4.0,9.0,2.25,23.0,2.555555555555556,0.4969039949999532,2.0,3.0,0.4444444444444444,0.5555555555555556,0.5217391304347826,1.4142135623730951,1.299038105676658,1.0,3.1666666666666665,1.5723301886761003,5.0,5.75,1.920286436967152,4.0,9.0,0.0527777777777778,0.4034859674461132,-0.6,0.5,3.0,0.0,3.0,3.0,1.7222222222222223,1
sat-00842,767382a50d46c393f8b5547e311c8c43f8ccdb89374f56daf92c7c670291a2a2,2sat,5,"[[3,4],[2,-5],[1,4],[2,4],[4,-5],[1,-5],[-1,3],[3,-5],[-3,-4],[-1,-3],[3,-4],[2,-4],[-2,-3],[-3,4],[-3,-5],[-2,-4],[1,-4],[-1,-4],[1,2],[1,5],[-2,-5],[2,-3],[-2,3],[-2,5],[-1,2],[-1,-5],[3,5],[2,5]]",5.0,28.0,5.6,56.0,2.0,0.0,2.0,2.0,1.0,0.0,0.4821428571428571,1.0198039027185568,0.7483314773547882,1.0,2.8,0.8717797887081347,4.0,11.2,0.7483314773547882,10.0,12.0,-0.0393939393939393,0.1432920050610532,-0.2727272727272727,0.1666666666666666,4.0,0.0,4.0,4.0,0.7592592592592593,0
sat-00776,2a353db10d0bf6ca7af8c17d36e993c1404081fb6f20de35822189379b5a47d3,3sat,4,"[[2,-3,-4],[2,3,4],[-2,3,-4],[-1,-2,3]]",4.0,4.0,1.0,12.0,3.0,0.0,3.0,3.0,0.0,1.0,0.5,1.118033988749895,0.5,0.8333333333333334,2.0,1.4142135623730951,4.0,3.0,1.224744871391589,1.0,4.0,-0.2083333333333333,0.5448623679425842,-1.0,0.5,2.5,0.5,2.0,3.0,2.5,1
sat-02175,ac828195a5a3d4ae86f1ec84311ce92f962e4dafb51b88c78bbcdabbb127b003,mixed,4,"[[1,-4],[1,-3],[2,-3],[-2,3],[2,3,-4],[-1,2,-3],[1,2,3],[-1,-3,-4],[2,-3,4],[-3,-4],[2,-3,-4],[-2,-4],[-2,-3,-4],[-1,2,-4],[-1,-2,3],[-2,3,-4],[-2,3,4],[-1,3,-4],[3,-4],[1,2],[1,-3,4],[-1,-2,-3],[1,-2],[1,3,4]]",4.0,24.0,6.0,63.0,2.625,0.4841229182759271,2.0,3.0,0.375,0.625,0.4444444444444444,1.8708286933869709,1.920286436967152,1.0,9.0,2.309401076758503,12.0,15.75,2.165063509461097,13.0,19.0,-0.1105937921727395,0.2106781153650017,-0.4666666666666667,0.0769230769230769,3.0,0.0,3.0,3.0,1.7173913043478262,1
sat-01013,06073a636cbf5fd49123d34edf593423a4d22f147afd836b6ada296164a8c9d0,2sat,4,"[[-1,4],[2,-3],[3,4],[1,2],[-1,-3],[-3,-4],[1,-2],[-2,4],[-1,-4],[2,-4],[1,4],[1,3],[2,3],[-3,4],[-1,3],[-2,-4],[1,-4],[-1,-2],[3,-4],[-2,3]]",4.0,20.0,5.0,40.0,2.0,0.0,2.0,2.0,1.0,0.0,0.5,0.7071067811865476,0.7071067811865476,1.0,3.333333333333333,0.4714045207910317,4.0,10.0,0.7071067811865476,9.0,11.0,-0.0005050505050505,0.1230945993110709,-0.1111111111111111,0.2,3.0,0.0,3.0,3.0,0.9526315789473684,0
sat-02105,880178b28b6071c42d23147414f588110858992efb44f8679160854b7ee8205b,mixed,5,"[[-1,2,3],[-2,-3,-5],[1,2],[-1,3],[1,3,-5],[-2,3,-4],[-2,4,5],[-2,4,-5],[1,-3,-4],[-1,-2],[2,-3,-4],[-1,5],[2,4,-5],[-1,-3,4]]",5.0,14.0,2.8,38.0,2.7142857142857144,0.4517539514526257,2.0,3.0,0.2857142857142857,0.7142857142857143,0.4473684210526316,0.8,0.7483314773547882,1.0,3.4,1.1135528725660044,5.0,7.6,1.0198039027185568,6.0,9.0,-0.1103174603174603,0.1705961565418698,-0.3333333333333333,0.1428571428571428,4.0,0.0,4.0,4.0,1.4065934065934067,0
sat-01222,4f4d5ced9d62b795782bf50b0a7743f464687619c918fe862d6873ff8d3c3ac7,mixed,5,"[[-3,4,5],[-2,3,-4],[1,2],[-2,5],[-1,2],[-4,5],[-2,-5],[2,5],[-2,3,4],[1,2,4],[-1,2,3],[-2,-3,4],[-1,3,5],[-1,2,5],[-1,4,5],[2,-3,4],[-2,4,5],[-2,-3,5],[-1,2,-5],[-2,-3,-5],[-2,4],[2,-4,5],[1,4,5],[2,3,-5],[-2,-4],[1,-3,-4],[1,-5],[-2,-3],[3,4],[-2,4,-5],[2,3,-4],[-1,2,-3]]",5.0,32.0,6.4,85.0,2.65625,0.4749588797990832,2.0,3.0,0.34375,0.65625,0.5411764705882353,2.7129319932501077,2.2271057451320084,1.0,7.4,2.65329983228432,11.0,17.0,3.9496835316263,12.0,24.0,0.0709803921568627,0.1897585426226442,-0.1666666666666666,0.2941176470588235,4.0,0.0,4.0,4.0,1.4495967741935485,0
sat-02576,2658def9bf0fbf8fdd2963d325f236c9ba3b9d11cfd070cd01dacbdf0456524c,3sat,4,"[[1,-2,-4],[-2,-3,4],[-1,2,-4],[-1,-3,-4],[2,-3,-4],[1,3,-4],[-1,3,4],[1,3,4],[-1,-2,-3],[1,-2,-3],[-1,2,3],[1,2,-3],[-1,-3,4],[1,-2,4],[-1,-2,4],[1,-3,-4],[1,2,-4],[2,3,4],[-2,3,-4],[-1,3,-4],[2,3,-4]]",4.0,21.0,5.25,63.0,3.0,0.0,3.0,3.0,0.0,1.0,0.4761904761904761,0.5,1.0897247358851685,1.0,10.5,1.2583057392117916,12.0,15.75,1.0897247358851685,14.0,17.0,-0.0441176470588235,0.076414006216274,-0.1764705882352941,0.0,3.0,0.0,3.0,3.0,2.223809523809524,0
sat-01323,a74f84f33ee32c64b60be585fa1e1b0af58adafe1b3addae097080ede61ca460,2sat,5,"[[1,5],[-1,5],[2,-4],[3,4],[1,3],[-3,4],[-2,-5],[-2,4],[3,5],[1,2],[-2,-3],[1,-5],[-3,5],[-1,4],[-3,-5],[2,-3],[4,-5],[2,3],[1,4],[2,5],[-3,-4],[3,-4],[-2,3],[1,-4],[1,-3],[-4,5],[-1,-2],[2,-5],[-2,-4],[-1,2],[4,5],[2,4],[-4,-5],[-1,3],[1,-2]]",5.0,35.0,7.0,70.0,2.0,0.0,2.0,2.0,1.0,0.0,0.5428571428571428,0.4898979485566356,0.7999999999999999,1.0,3.5,0.5,4.0,14.0,0.8944271909999159,13.0,15.0,0.0882051282051282,0.0763672224368668,0.0,0.2307692307692307,4.0,0.0,4.0,4.0,0.7680672268907563,0
sat-01241,9058d3edf3ff728d4f7e5f3a2aa9bbb0dcbd5433a163b8a298edc20ee515dff9,2sat,4,"[[-1,-3],[2,-4],[-1,-2],[-2,4],[-1,3],[3,-4],[-1,-4],[1,-3],[2,-3],[2,4]]",4.0,10.0,2.5,20.0,2.0,0.0,2.0,2.0,1.0,0.0,0.4,0.7071067811865476,0.7071067811865476,1.0,1.6666666666666667,0.9428090415820634,3.0,5.0,0.0,5.0,5.0,-0.2,0.282842712474619,-0.6,0.2,3.0,0.0,3.0,3.0,0.8888888888888888,0
sat-00474,c38ae0189bb9813d8ba167190ab0a28ec303a02d985e9d7124eba78b72752e36,2sat,5,"[[2,4],[2,5],[-2,-5],[1,-3],[1,-5],[-1,2]]",5.0,6.0,1.2,12.0,2.0,0.0,2.0,2.0,1.0,0.0,0.5833333333333334,1.019803902718557,0.6324555320336759,0.5,0.6,0.66332495807108,2.0,2.4,1.2000000000000002,1.0,4.0,0.0999999999999999,0.69602043392737,-1.0,1.0,2.0,0.8944271909999159,1.0,3.0,0.8,1
sat-02523,df1c05302c4c54aebc724ed4a2beae3bbb2cf99ad59675c37699a1b9466c7404,3sat,5,"[[-2,-4,5],[-2,3,4],[2,3,4],[-1,-3,5],[-1,4,5],[1,-2,-3],[-1,-2,-5],[1,3,4],[3,-4,5],[-1,-2,5],[1,-3,4],[1,3,5],[-2,4,5],[1,2,4],[1,4,5],[-1,2,5],[-1,2,-5],[2,4,5],[1,-3,5],[1,2,-4],[1,-2,-5],[-1,-3,4],[-2,-4,-5],[2,3,-4]]",5.0,24.0,4.8,72.0,3.0,0.0,3.0,3.0,0.0,1.0,0.5972222222222222,1.8547236990991407,1.469693845669907,1.0,7.2,1.8867962264113207,10.0,14.4,1.743559577416269,11.0,16.0,0.1898484848484848,0.1881544897933205,-0.0666666666666666,0.4666666666666667,4.0,0.0,4.0,4.0,1.7753623188405796,0
sat-02012,ff84068002ca2bb6a4c6ae1e86dd49750d5ac77715f9a353530b4a7e9ebbaff7,3sat,4,"[[-2,-3,4],[2,3,4],[-1,3,-4],[1,3,-4],[1,-3,4],[-1,2,-4],[1,2,-3],[-1,-2,4],[-1,-3,-4],[1,2,3],[1,-2,3],[-2,3,4],[-2,3,-4],[-1,-2,3]]",4.0,14.0,3.5,42.0,3.0,0.0,3.0,3.0,0.0,1.0,0.5238095238095238,1.5,0.7071067811865476,1.0,7.0,1.0,8.0,10.5,0.8660254037844386,10.0,12.0,0.0333333333333333,0.1914854215512676,-0.2,0.3333333333333333,3.0,0.0,3.0,3.0,2.208791208791209,1
sat-02172,343b9a5935d5cc2c42409897a83331a575eff5fdc1a142a36bfeab3cfbfae369,mixed,4,"[[-1,-3,-4],[3,-4],[1,-4],[-1,2],[-1,-4],[-2,-3],[-1,-2,3],[2,-3],[-2,3,-4],[-3,-4],[-1,-2,4],[-1,3],[1,-2,3]]",4.0,13.0,3.25,31.0,2.3846153846153846,0.4865042554105199,2.0,3.0,0.6153846153846154,0.3846153846153846,0.3225806451612903,1.5,0.82915619758885,1.0,3.8333333333333335,0.8975274678557507,5.0,7.75,0.82915619758885,7.0,9.0,-0.3829365079365079,0.3039990763104079,-0.7142857142857143,0.1111111111111111,3.0,0.0,3.0,3.0,1.358974358974359,1
sat-02962,847cd6f4dcb4e8e9c30dedfcaf10b808cebe88985d886d2f65f53803219f1e44,mixed,5,"[[-1,-2],[-1,2,-5],[1,2,3],[-2,4],[1,2,-4],[-1,-3,5],[1,-3,4],[-3,4],[-1,-3],[-1,-3,-5],[-1,-2,-4],[-1,-2,-3],[-3,-4,-5],[3,-5],[-1,5],[1,3,-5],[1,-2,-3],[2,3,-5],[-1,2,4],[1,3,5],[1,-5],[-1,-2,5],[-1,3,5],[1,-3,-5]]",5.0,24.0,4.8,65.0,2.708333333333333,0.4545296714431547,2.0,3.0,0.2916666666666667,0.7083333333333334,0.4307692307692308,1.3564659966250536,2.727636339397171,1.0,5.8,3.370459909270543,11.0,13.0,4.0,7.0,19.0,-0.1073431831326568,0.1336001624566588,-0.2307692307692307,0.1428571428571428,4.0,0.0,4.0,4.0,1.5579710144927537,0
sat-01671,2a69fdd70a790ad3e99eb7aed94c705c4b5c581afe54a8dcf9c649362dd621f8,3sat,4,"[[1,-2,3],[-2,-3,-4],[1,2,4],[1,-2,-4],[-1,2,-4],[-2,-3,4],[-1,3,-4],[2,3,-4],[2,3,4],[-1,2,3],[1,2,3],[-2,3,-4],[-1,-2,3],[-1,-2,-4],[-1,2,-3],[-1,2,4],[-1,-2,-3],[1,-2,4],[-1,-3,-4],[2,-3,4],[2,-3,-4],[1,-2,-3],[-1,-3,4]]",4.0,23.0,5.75,69.0,3.0,0.0,3.0,3.0,0.0,1.0,0.4492753623188406,1.479019945774904,0.5,1.0,11.5,1.8929694486000912,14.0,17.25,1.6393596310755,16.0,20.0,-0.1084558823529411,0.0929172937948537,-0.25,0.0,3.0,0.0,3.0,3.0,2.2371541501976284,0
sat-00851,a408945127c27905fe6c7f0af7ff01cfb46b51d775af270d99efd1842e536d94,mixed,4,"[[-1,-4],[2,3,4],[1,2,-3],[1,-3,4],[3,-4],[-1,2,-3],[-2,3,4],[2,3],[2,-3,4],[1,3,-4],[1,-3],[1,-2,3],[1,4],[1,-2,4],[-1,3,4],[-1,3],[2,-3,-4],[-1,2],[1,2],[1,3],[-1,-2,-4],[3,4]]",4.0,22.0,5.5,56.0,2.5454545454545454,0.4979295977319691,2.0,3.0,0.4545454545454545,0.5454545454545454,0.625,0.82915619758885,0.82915619758885,1.0,7.666666666666667,1.1055415967851332,9.0,14.0,1.5811388300841898,12.0,16.0,0.253525641025641,0.0494078595748814,0.2,0.3333333333333333,3.0,0.0,3.0,3.0,1.5974025974025974,1
sat-01539,26ab507fe8b3f0aa102bf4ef96b4467de3e2ef5d583b0a083de270dc32012809,mixed,5,"[[-1,3,4],[2,-5],[-1,-2,5],[-2,-4,5],[-1,2,3],[1,-4,5],[-1,-2,-5],[3,-5],[3,-4,5],[3,4],[1,4,5],[4,-5],[1,-3,-5],[-1,4,5],[-2,4,5],[-3,4],[-2,-3,4],[1,4,-5],[-1,-4,5],[-3,4,-5],[2,-3,4],[-1,3,-5],[1,3],[-3,-4,-5],[-2,3,-5],[-1,-3,-5],[3,-4,-5],[-1,-4],[1,-4],[-1,2,4],[-3,-4],[1,-3,5],[2,5]]",5.0,33.0,6.6,89.0,2.696969696969697,0.459568208730397,2.0,3.0,0.303030303030303,0.696969696969697,0.4831460674157303,2.4166091947189146,1.9390719429665315,1.0,7.9,2.7730849247724096,12.0,17.8,3.867815921162743,11.0,22.0,-0.0430863254392666,0.1084405829917559,-0.1764705882352941,0.1428571428571428,4.0,0.0,4.0,4.0,1.4867424242424243,0
sat-00728,26ca252d7470d9d5d483d711af16e5bcda937ad8e36f4987f3f841f342b1bdc9,mixed,4,"[[1,3,4],[1,-2,-3],[1,2,-3],[2,3],[2,-3,-4],[1,-4],[-2,-4],[1,-2,3],[1,-2],[2,3,-4],[-1,2,4],[-3,4]]",4.0,12.0,3.0,31.0,2.583333333333333,0.4930066485916347,2.0,3.0,0.4166666666666667,0.5833333333333334,0.5806451612903226,1.118033988749895,1.299038105676658,1.0,4.333333333333333,0.9428090415820634,6.0,7.75,0.82915619758885,7.0,9.0,0.1706349206349206,0.3265320885265192,-0.1428571428571428,0.7142857142857143,3.0,0.0,3.0,3.0,1.606060606060606,1
sat-00955,b48d5a545dc2563079e9904668cf79fd0dce44e2099f3d8bf5cdcf9f8d77b5ad,3sat,4,"[[-1,-2,-3],[-1,2,-4],[-1,-3,4],[-1,3,-4],[1,-2,-4],[-2,-3,4],[-2,3,-4],[-1,3,4]]",4.0,8.0,2.0,24.0,3.0,0.0,3.0,3.0,0.0,1.0,0.3333333333333333,1.0,0.7071067811865476,1.0,4.0,0.816496580927726,5.0,6.0,0.7071067811865476,5.0,7.0,-0.3523809523809523,0.2864276807966203,-0.6666666666666666,0.0,3.0,0.0,3.0,3.0,2.1785714285714284,1
sat-00531,be9051ab28b573207b9244371d96a4ecc571313857b2aa18800636b02ccfa4a7,mixed,5,"[[1,-3,5],[-2,-3,4],[-3,-4],[-1,3],[-2,-3,5],[-1,2,-3]]",5.0,6.0,1.2,16.0,2.6666666666666665,0.4714045207910317,2.0,3.0,0.3333333333333333,0.6666666666666666,0.375,0.4,1.6733200530681511,0.8,1.4,1.0198039027185568,3.0,3.2,1.469693845669907,2.0,6.0,-0.0666666666666666,0.5734883511361751,-0.6666666666666666,1.0,3.2,0.7483314773547882,2.0,4.0,1.5333333333333334,1
sat-00523,5ac1dc4fb4421169c08dfe61d016584c56863ccaf10c3833f52669f47ec6fe41,3sat,4,"[[2,-3,-4],[1,-2,4],[1,3,4],[-2,-3,4],[1,-2,-4],[1,2,3],[1,-2,-3],[1,-3,-4],[-1,-2,-4],[1,-3,4],[-1,2,-4],[-1,-2,4],[-2,-3,-4],[-1,-2,-3],[1,2,-3],[-1,-3,4],[-2,3,4],[2,3,4]]",4.0,18.0,4.5,54.0,3.0,0.0,3.0,3.0,0.0,1.0,0.4629629629629629,1.7853571071357126,1.7853571071357126,1.0,9.0,0.5773502691896257,10.0,13.5,0.5,13.0,14.0,-0.0741758241758241,0.2651490320133859,-0.3846153846153846,0.2307692307692307,3.0,0.0,3.0,3.0,2.2091503267973858,0
sat-02330,5d526df8e328cebc9e113a9333e905deb181c242c0097b0080100a55a1e267b4,2sat,5,"[[-1,-5],[-2,5],[-3,-5],[3,-4],[-3,4],[-4,5],[1,-5],[1,4],[-1,-4],[2,-5],[-2,4],[1,-2],[2,5],[-1,4],[1,5],[-1,3],[-1,2],[2,-4],[-3,-4],[3,5],[-1,-2],[-2,-3],[-3,5],[1,2],[-1,-3],[2,4],[-2,-5],[1,3],[1,-3],[-1,5]]",5.0,30.0,6.0,60.0,2.0,0.0,2.0,2.0,1.0,0.0,0.4833333333333333,1.16619037896906,1.16619037896906,1.0,3.0,1.095445115010332,4.0,12.0,1.6733200530681511,10.0,15.0,-0.0345454545454545,0.1418699724132757,-0.2727272727272727,0.1666666666666666,4.0,0.0,4.0,4.0,0.774712643678161,0
sat-00868,fdd487ba76e6304d532401e444367a090037f49f5471cd29ce678124b5ec4d6e,2sat,4,"[[3,4],[2,4],[-2,4],[-3,-4],[2,-3],[-1,3]]",4.0,6.0,1.5,12.0,2.0,0.0,2.0,2.0,1.0,0.0,0.5833333333333334,1.0897247358851685,0.4330127018922193,0.6666666666666666,1.0,0.816496580927726,2.0,3.0,1.224744871391589,1.0,4.0,-0.0416666666666666,0.5818433351570392,-1.0,0.5,2.0,0.7071067811865476,1.0,3.0,1.0,1
sat-02893,010332623c7a2b5eec641d052711d1606414f5ea5efe9fd54d396d72fd1a582f,2sat,5,"[[-1,-3],[1,-2],[-3,5],[-1,4],[1,5],[-1,-5],[-2,3],[1,-5],[-4,5],[-2,-4],[-1,3],[-2,-5],[-3,-4],[2,-4],[2,-3],[1,-3],[3,-5],[-3,4],[2,4],[-1,-4],[-2,5],[2,5],[-1,5]]",5.0,23.0,4.6,46.0,2.0,0.0,2.0,2.0,1.0,0.0,0.4347826086956521,1.095445115010332,0.7483314773547882,1.0,2.3,0.9,4.0,9.2,0.7483314773547882,8.0,10.0,-0.1388888888888889,0.1841228789909098,-0.3333333333333333,0.2,4.0,0.0,4.0,4.0,0.7509881422924901,0
sat-00014,f545e512d593a771e7e1434f256e9e54e9b87cd7e5daf04b0f0a63cfa257be2a,mixed,5,"[[-2,4,-5],[-1,-2,-5],[1,2,3],[-1,-3,5],[2,-4,-5],[-2,-3],[1,2,-5],[-1,2,-4],[1,3,-4],[-1,5]]",5.0,10.0,2.0,28.0,2.8,0.3999999999999999,2.0,3.0,0.2,0.8,0.4285714285714285,1.019803902718557,0.7483314773547882,1.0,2.6,1.1135528725660044,4.0,5.6,1.3564659966250536,4.0,7.0,-0.1666666666666666,0.2293637062627104,-0.5,0.1428571428571428,4.0,0.0,4.0,4.0,1.5333333333333334,1
sat-01366,f52a92937b081dab970e580bbabecd6518b73ebc4c8f1b15a8e9aae31372656f,2sat,4,"[[1,-2],[1,-3],[-3,-4],[-2,3],[2,3],[-2,-4],[-3,4],[3,4],[-2,4],[2,-4],[-2,-3],[-1,-4],[-1,-2],[1,3],[-1,-3]]",4.0,15.0,3.75,30.0,2.0,0.0,2.0,2.0,1.0,0.0,0.4,0.7071067811865476,1.118033988749895,1.0,2.5,0.7637626158259734,3.0,7.5,1.118033988749895,6.0,9.0,-0.1884920634920635,0.1875078733544724,-0.5,0.0,3.0,0.0,3.0,3.0,0.9523809523809524,0
sat-01638,69300ad6000508bb838d0194e9db7bde086a2c5a36a746dfb50bc9cc287d0986,3sat,4,"[[-1,-2,-4],[1,2,4],[-1,-2,-3],[2,-3,4],[-2,-3,-4],[1,-2,3],[-1,2,4],[1,2,-3],[-2,3,-4],[2,3,-4],[-1,2,-4],[-2,-3,4]]",4.0,12.0,3.0,36.0,3.0,0.0,3.0,3.0,0.0,1.0,0.4444444444444444,1.224744871391589,0.7071067811865476,1.0,6.0,2.160246899469287,9.0,9.0,1.8708286933869709,7.0,12.0,-0.1259920634920635,0.0891036503540948,-0.25,0.0,3.0,0.0,3.0,3.0,2.287878787878788,1
sat-02475,588f7c018bf85ede2d2535faf0121e6aab84747da07ecd2e108e435a6f23b183,3sat,5,"[[-1,2,3],[-1,-2,3],[1,4,-5],[-1,-3,5],[1,-3,5],[-1,2,-3],[2,-4,-5],[-1,-2,4],[-1,-4,-5],[-2,3,5],[-1,-3,4],[-2,-3,4],[2,3,4],[1,-4,-5],[-2,-4,-5],[2,-3,5],[2,3,-4],[2,4,5],[3,-4,-5],[2,-3,-5],[1,2,-5],[1,2,5],[-2,4,-5],[-1,-3,-5],[1,-2,5],[1,-3,4]]",5.0,26.0,5.2,78.0,3.0,0.0,3.0,3.0,0.0,1.0,0.4871794871794871,1.3564659966250536,1.4142135623730951,1.0,7.8,1.2489995996796797,10.0,15.6,1.2,14.0,17.0,-0.0247619047619047,0.157524972684831,-0.2,0.1764705882352941,4.0,0.0,4.0,4.0,1.763076923076923,0
sat-02391,5ed244845af23a19a0844279f51d11ecc9312c3a5392c89c74d11e336bdd2b32,mixed,5,"[[1,-2,3],[4,5],[2,3,-5],[3,-5],[1,2,-4],[-1,4],[-1,3,4],[1,-4],[-1,3,5],[-1,2,4],[1,-4,5],[-2,4,-5],[-1,2,-5],[-1,-2,4],[-1,4,5],[-1,-3,5],[3,-4,-5],[1,-2,-4],[1,-5]]",5.0,19.0,3.8,52.0,2.736842105263158,0.4403473823863555,2.0,3.0,0.2631578947368421,0.7368421052631579,0.5384615384615384,1.0198039027185568,2.3151673805580453,1.0,4.7,2.0024984394500787,9.0,10.4,2.576819745345025,7.0,14.0,0.1294372294372294,0.31076824279959,-0.1428571428571428,0.7142857142857143,4.0,0.0,4.0,4.0,1.5263157894736843,1
sat-01117,2af4a201d7e299a531d5a806a5be6c895b12d2f080cdfe66364b26e162d0d8a0,2sat,5,"[[3,5],[-2,5],[2,4],[-3,4],[-3,-5],[1,-4],[1,2],[-1,-5],[-1,5],[2,-4],[2,-3],[-2,-4],[-2,3],[1,-3],[1,-5],[-3,5],[4,5],[-1,-2]]",5.0,18.0,3.6,36.0,2.0,0.0,2.0,2.0,1.0,0.0,0.5,1.019803902718557,0.8,1.0,1.8,0.8717797887081348,3.0,7.2,0.7483314773547882,6.0,8.0,-0.0071428571428571,0.2307927774486216,-0.4285714285714285,0.25,4.0,0.0,4.0,4.0,0.738562091503268,0
sat-00568,28be8ce24769c4eae492f7a927efe02b8a2389daf5f27689a9ff0e0566c10785,3sat,5,"[[1,-2,-4],[-1,3,4],[2,3,-5],[1,-3,-5],[2,-4,-5],[-1,2,5],[3,-4,-5]]",5.0,7.0,1.4,21.0,3.0,0.0,3.0,3.0,0.0,1.0,0.4761904761904761,0.8944271909999159,1.16619037896906,1.0,2.1,0.5385164807134504,3.0,4.2,0.3999999999999999,4.0,5.0,-0.0199999999999999,0.4707440918375928,-0.6,0.5,4.0,0.0,4.0,4.0,1.619047619047619,1
sat-00297,d1ef27a73d0f17afd306e18e9d4289a6d87fd13b581470f6ab08653b430a88a9,mixed,5,"[[-3,-4],[1,2,3],[-3,4,-5],[-1,-2,-3],[2,4,-5],[1,3,-4],[2,5],[1,-2,3],[1,4],[-1,-2,5]]",5.0,10.0,2.0,27.0,2.7,0.458257569495584,2.0,3.0,0.3,0.7,0.5555555555555556,0.6324555320336759,0.4898979485566356,1.0,2.4,1.1135528725660044,4.0,5.4,0.8,4.0,6.0,0.1066666666666666,0.1372750685464933,0.0,0.3333333333333333,4.0,0.0,4.0,4.0,1.3555555555555556,1
sat-00267,54868d081810e9524f998192ecdcd6260e9eb8632423f26d7664703547198bae,3sat,5,"[[2,4,5],[2,-4,5],[1,2,4],[3,-4,-5],[-2,-3,4],[-1,3,-4],[-2,3,-5],[1,4,5],[-1,-3,5],[-1,-3,-4],[-1,-2,4],[2,4,-5],[-1,2,-5],[1,-2,-5]]",5.0,14.0,2.8,42.0,3.0,0.0,3.0,3.0,0.0,1.0,0.5,1.16619037896906,0.7483314773547882,1.0,4.2,1.2489995996796797,6.0,8.4,1.3564659966250536,6.0,10.0,-0.0099999999999999,0.159179997502633,-0.25,0.2,4.0,0.0,4.0,4.0,1.7582417582417582,1
sat-02846,b68aa098b103662270c606cc19ef5df7d0b58918767a94cc9ce275f9a28f4ae6,2sat,4,"[[-1,4],[-2,-3],[-2,-4],[-2,3],[1,4],[1,-2],[-1,3],[1,-3],[3,-4]]",4.0,9.0,2.25,18.0,2.0,0.0,2.0,2.0,1.0,0.0,0.4444444444444444,1.224744871391589,0.8660254037844386,1.0,1.5,0.5,2.0,4.5,0.5,4.0,5.0,-0.15,0.49749371855331,-1.0,0.2,3.0,0.0,3.0,3.0,0.8888888888888888,1
sat-00705,77f8895a375e30974330f2cfebed69c5dc9352b69228b8e2108653e22f05f045,mixed,5,"[[-3,-4,5],[-2,3,4],[-1,-2,-4],[2,3,5],[2,-3,5],[-2,-3,-5],[-1,4,-5],[-2,4,5],[2,-4,-5],[2,3,-4],[-1,2,-4],[-2,3],[1,-3,-4],[2,5],[-2,-4,5],[-2,3,-5],[-1,2],[-1,-2,-3],[-1,4],[1,2,4]]",5.0,20.0,4.0,56.0,2.8,0.3999999999999999,2.0,3.0,0.2,0.8,0.4642857142857143,1.939071942966532,1.4142135623730951,1.0,5.2,2.315167380558045,8.0,11.2,2.7129319932501077,8.0,16.0,-0.0933333333333333,0.2341889076033373,-0.5,0.2,4.0,0.0,4.0,4.0,1.6,0
sat-01497,2251544a5015249a6f13c513e355953ac8c3d652994216e3272011f6776c5ac1,2sat,4,"[[-1,2],[-2,3],[2,-4],[3,-4],[-1,-4],[2,-3],[2,3],[1,3],[-2,-3],[-1,-2],[-3,-4],[-3,4]]",4.0,12.0,3.0,24.0,2.0,0.0,2.0,2.0,1.0,0.0,0.4166666666666667,1.5,0.5,1.0,2.0,1.1547005383792517,4.0,6.0,1.5811388300841898,4.0,8.0,-0.2392857142857142,0.3167718228553512,-0.6,0.1428571428571428,3.0,0.0,3.0,3.0,0.9848484848484848,0
sat-00491,b14d659182692ead71f4846d7042cabefed3083344d32cf0466885a16411b1b4,3sat,5,"[[1,-3,5],[1,-2,5],[1,-4,5],[-1,2,5],[-3,-4,-5],[1,-3,-5],[-2,4,5],[1,-3,4],[1,2,5],[-1,-3,-5],[1,-2,-5],[1,3,5],[-1,2,-5],[-1,-2,4],[-1,-4,5],[2,-4,-5],[-2,3,-4],[-2,3,-5]]",5.0,18.0,3.6,54.0,3.0,0.0,3.0,3.0,0.0,1.0,0.4814814814814814,2.3151673805580453,0.8,1.0,5.4,2.4576411454889016,11.0,10.8,2.785677655436824,8.0,15.0,-0.0805128205128205,0.1950832186425161,-0.25,0.2307692307692307,4.0,0.0,4.0,4.0,1.8562091503267972,1
sat-02947,9d376f27e634c68ce7364f72a2b41e732d1be8dca9b0a9ad529f6a7219808c59,2sat,5,"[[-2,5],[-3,-4],[1,-5],[1,5],[4,5],[3,-5],[2,4],[-1,-2],[-2,-5],[-1,-5],[2,-4],[4,-5],[-4,5],[-3,-5],[3,4],[1,2],[-4,-5]]",5.0,17.0,3.4,34.0,2.0,0.0,2.0,2.0,1.0,0.0,0.4705882352941176,0.7483314773547882,1.8547236990991407,0.7,1.7,1.268857754044952,4.0,6.8,2.4819347291981715,4.0,11.0,-0.0145454545454545,0.1505472112326141,-0.2727272727272727,0.2,2.8,0.7483314773547882,2.0,4.0,0.8382352941176471,0
sat-01424,7ced999f7637ccc0f46f92ec15872d5394ff05b3b9ec135032b2e6cd3d96e17d,2sat,4,"[[-3,-4],[3,4],[-3,4],[1,-3],[1,-2],[-1,-4],[-1,-3],[-1,4],[2,-4],[-2,-4],[-1,2],[2,-3],[-1,3],[-1,-2],[2,3]]",4.0,15.0,3.75,30.0,2.0,0.0,2.0,2.0,1.0,0.0,0.4,0.7071067811865476,1.118033988749895,1.0,2.5,0.5,3.0,7.5,0.5,7.0,8.0,-0.1875,0.2305923494668742,-0.5,0.1428571428571428,3.0,0.0,3.0,3.0,0.9333333333333332,0
sat-01026,4d799cebf299bce7eed1d9e70e73e277543e69976e13011ace6587584ae1ea5e,mixed,4,"[[2,4],[-1,3,4],[-1,4],[1,-2,-4],[1,-4],[-1,-3],[-2,4],[-1,2],[-1,-2,-4],[-3,4],[1,-3],[1,3,-4],[-1,2,4],[-1,-2,3],[1,-2],[1,2,-3],[-1,-4],[2,3,4],[1,-3,4],[2,-3,-4]]",4.0,20.0,5.0,50.0,2.5,0.5,2.0,3.0,0.5,0.5,0.5,1.479019945774904,1.0897247358851685,1.0,6.666666666666667,1.4907119849998596,9.0,12.5,2.0615528128088303,10.0,15.0,-0.0082251082251082,0.1349504176525668,-0.2,0.1428571428571428,3.0,0.0,3.0,3.0,1.5578947368421052,0
sat-00708,8b01380c89ac058ce695e43ad44241991efdb22027328ccc564da746d2c08e87,2sat,5,"[[-1,4],[3,5],[1,-3],[3,-4],[-1,-2],[1,-2],[-2,5],[-2,-3]]",5.0,8.0,1.6,16.0,2.0,0.0,2.0,2.0,1.0,0.0,0.4375,0.8,1.32664991614216,0.7,0.8,0.6000000000000001,2.0,3.2,0.9797958971132712,2.0,4.0,0.0,0.6324555320336759,-1.0,1.0,2.8,0.7483314773547882,2.0,4.0,0.7142857142857143,1
sat-00761,9606fcf10a87ec22b1c9911c393d16cf407148083e5b22fe974d4953c705a839,3sat,4,"[[1,2,-4],[-1,3,-4],[1,-3,4],[1,3,4],[2,-3,4],[-1,-2,3],[-1,-2,-4],[-1,2,3],[-1,2,-4],[-1,-2,4],[-1,2,4],[-2,3,-4],[2,3,-4],[2,-3,-4],[-2,-3,4],[1,2,3],[1,2,4],[1,-2,-3],[1,2,-3],[1,3,-4],[1,-2,3],[1,-3,-4],[-1,-3,-4],[-2,3,4],[1,-2,-4],[2,3,4],[-1,-2,-3]]",4.0,27.0,6.75,81.0,3.0,0.0,3.0,3.0,0.0,1.0,0.5185185185185185,0.8660254037844386,0.82915619758885,1.0,13.5,0.5,14.0,20.25,0.4330127018922193,20.0,21.0,0.0369047619047619,0.0818836489953221,-0.1,0.1,3.0,0.0,3.0,3.0,2.2222222222222223,0
sat-00848,19cf0376246c0965088be4f58de08303c8bd0c0c7dd2384aeb350b6a33281d14,mixed,5,"[[1,3,4],[-1,2,5],[-1,2,4],[-1,-2,-5],[2,3,-5],[-1,3,-5],[-1,4],[1,-2,-5],[-1,-2,5],[-2,-4,5],[-2,-5],[-1,2,-5],[1,3,-4],[1,4,-5],[1,-4,5],[2,-3,-4],[3,5],[2,-3,4],[2,-4,5],[-3,4,5],[-2,3,-5],[-2,5],[-3,-5],[-3,-4,5],[2,-3,5],[3,4,-5],[-1,2,3],[1,-4],[-3,4,-5]]",5.0,29.0,5.8,81.0,2.793103448275862,0.4050806939472665,2.0,3.0,0.2068965517241379,0.7931034482758621,0.5061728395061729,1.32664991614216,1.5491933384829668,1.0,7.5,2.202271554554524,12.0,16.2,2.4819347291981715,14.0,21.0,0.0135714285714285,0.0961963694564334,-0.1428571428571428,0.125,4.0,0.0,4.0,4.0,1.5541871921182266,0
sat-02647,259b043eded1273a8c5d68899ba61a394170459875cc2ff60770069474b48fcb,mixed,4,"[[3,4],[1,-3,-4],[2,-3,-4],[1,3],[-1,2,-4],[-2,-3,-4],[2,-3,4],[-1,-3,-4],[-1,-3,4],[1,-2,4],[2,3,4],[-1,4],[2,-4],[-1,2,-3],[-2,-3],[-3,4],[1,-2,-3],[1,-4]]",4.0,18.0,4.5,47.0,2.611111111111111,0.4874980215217845,2.0,3.0,0.3888888888888889,0.6111111111111112,0.4468085106382978,1.479019945774904,2.29128784747792,1.0,6.666666666666667,1.4907119849998596,9.0,11.75,1.7853571071357126,10.0,14.0,-0.0846153846153846,0.2744548119217119,-0.5384615384615384,0.2,3.0,0.0,3.0,3.0,1.69281045751634,1
sat-02417,284597bdf9502fb2ebe1a5a4e56484b6eef2e7e16a4ced3bfdb364366ebbc22f,mixed,4,"[[-1,-3,-4],[1,-2,-3],[-2,-4],[-1,2,3],[-2,3,-4],[2,3],[2,-3]]",4.0,7.0,1.75,18.0,2.571428571428572,0.4948716593053935,2.0,3.0,0.4285714285714285,0.5714285714285714,0.3888888888888889,1.299038105676658,0.4330127018922193,1.0,2.5,1.2583057392117916,5.0,4.5,1.5,3.0,6.0,-0.3333333333333333,0.408248290463863,-1.0,0.0,3.0,0.0,3.0,3.0,1.7142857142857142,1
sat-02019,a745c97c5356ef98bd1b6f18860aa3cb73e5a56e61421530a645237337a4f48e,2sat,4,"[[-1,-4],[-3,-4],[1,-3],[2,-4],[-3,4],[1,4],[-2,3],[-1,2],[1,-4],[-1,-2],[-2,4],[1,-2]]",4.0,12.0,3.0,24.0,2.0,0.0,2.0,2.0,1.0,0.0,0.4166666666666667,1.118033988749895,0.5,1.0,2.0,0.816496580927726,3.0,6.0,1.224744871391589,4.0,7.0,-0.2083333333333333,0.2389122885760652,-0.5,0.1428571428571428,3.0,0.0,3.0,3.0,0.9545454545454546,0
sat-00053,e61887a895d4eb3543f7adb83f626b54c68cbe95aa47a1951aad9cfd8549e744,mixed,4,"[[1,-2,-3],[-1,-3],[3,4],[-3,-4],[1,2,4],[-1,-2,4],[1,3],[-1,4],[1,-2,4],[-2,-4],[-1,2,4],[1,4],[1,2,-3],[2,-4],[2,3,4],[-2,-3],[-1,2,-3],[1,2,3],[-1,-2,-3]]",4.0,19.0,4.75,48.0,2.526315789473684,0.4993069989739546,2.0,3.0,0.4736842105263157,0.5263157894736842,0.5416666666666666,1.5,1.5,1.0,6.5,1.8027756377319943,9.0,12.0,1.0,11.0,13.0,0.0839160839160839,0.2572248133950982,-0.2727272727272727,0.4545454545454545,3.0,0.0,3.0,3.0,1.5555555555555556,0
sat-01784,d917d5b7a9b3c3fb9d1f7822f6312a55043b906a3dc2d5d97560d5a8d0885f64,2sat,4,"[[-1,-4],[-2,-4],[1,4],[-2,4],[3,-4],[1,-2],[2,-4],[2,3],[1,3],[1,-4],[-1,3],[-2,-3],[-3,4],[-1,-3],[-1,2],[-2,3],[2,4],[1,2],[-3,-4],[-1,4]]",4.0,20.0,5.0,40.0,2.0,0.0,2.0,2.0,1.0,0.0,0.5,0.0,0.7071067811865476,1.0,3.333333333333333,0.4714045207910317,4.0,10.0,0.7071067811865476,9.0,11.0,0.005050505050505,0.0716032670644334,-0.0909090909090909,0.1111111111111111,3.0,0.0,3.0,3.0,0.9526315789473684,0
sat-01074,1e9c3a3bec1ae6540c1b4c6d43d7d5c030403dcaa57ce1b3c83d2295a10a491c,2sat,4,"[[-1,-3],[2,-3],[1,-3],[-2,-4],[3,4],[-2,-3],[1,4],[-1,-4]]",4.0,8.0,2.0,16.0,2.0,0.0,2.0,2.0,1.0,0.0,0.375,0.5,0.8660254037844386,0.8333333333333334,1.3333333333333333,0.74535599249993,2.0,4.0,0.7071067811865476,3.0,5.0,-0.2333333333333333,0.2516611478423583,-0.6,0.0,2.5,0.5,2.0,3.0,0.8928571428571429,1
sat-02304,dc6ed5eb4188b1ae295d8d6ebe6d8629940c96e50d320367bf52d322d853d08f,mixed,4,"[[1,2,-4],[-2,-3,-4],[1,-3,4],[3,-4]]",4.0,4.0,1.0,11.0,2.75,0.4330127018922193,2.0,3.0,0.25,0.75,0.4545454545454545,0.4330127018922193,1.118033988749895,1.0,1.6666666666666667,0.7453559924999299,3.0,2.75,0.82915619758885,2.0,4.0,0.0416666666666666,0.5818433351570392,-0.5,1.0,3.0,0.0,3.0,3.0,1.8333333333333333,1
sat-01114,7f5b0880f9d0346735c41f172b5d3f3bf3d0d04b5b615d7bfad3c3444902317e,3sat,5,"[[-1,4,-5],[-3,-4,-5],[1,-2,3],[-1,2,-3],[-2,-3,-4],[1,3,5],[-1,-2,-4],[-2,-3,4],[1,3,-5],[-1,-2,-5],[1,-4,5],[-2,3,-5],[1,-3,-5],[2,4,5],[-1,-3,5],[2,-3,-4],[2,4,-5],[-3,-4,5],[-1,-2,3],[2,3,-4],[1,2,3],[1,-3,-4],[-1,2,3],[-1,-2,5],[-1,3,-4],[-1,-3,-5]]",5.0,26.0,5.2,78.0,3.0,0.0,3.0,3.0,0.0,1.0,0.4230769230769231,1.624807680927192,0.8944271909999159,1.0,7.8,2.08806130178211,12.0,15.6,2.154065922853801,13.0,19.0,-0.1646482722643713,0.1192881264912664,-0.3846153846153846,-0.0526315789473684,4.0,0.0,4.0,4.0,1.7876923076923077,0
sat-00331,c1a1fe49b981e619876e2f4d8aae8a08b4ce4d185bfa4045d145820f25098fb9,mixed,4,"[[-1,-3],[-1,3],[1,-2,-3],[-3,-4],[2,3,-4],[-1,-2],[2,-3],[1,2],[-2,-3],[1,3,4],[2,3],[-2,3,-4],[1,4],[-2,-3,-4],[-1,-2,3],[-3,4],[1,2,3],[-2,4],[1,2,4]]",4.0,19.0,4.75,46.0,2.421052631578948,0.4937279747182557,2.0,3.0,0.5789473684210527,0.4210526315789473,0.5217391304347826,0.7071067811865476,1.5,1.0,5.833333333333333,1.7716909687891085,9.0,11.5,2.0615528128088303,9.0,14.0,0.0585470085470085,0.1055365220391089,-0.0769230769230769,0.2,3.0,0.0,3.0,3.0,1.4619883040935673,0
sat-00172,600fa7f12e5b44bc853f75c2ae2b7cd336464600b0977f2b4160b62934956251,3sat,5,"[[-1,3,4],[-1,-3,-4],[1,2,4],[1,-4,5],[-1,4,5],[1,3,-5],[3,4,-5],[1,4,-5],[-3,4,5],[2,-4,5],[-2,3,5],[-1,-2,-5],[1,2,-4],[2,3,5],[3,-4,-5],[-1,-2,-3],[1,-4,-5]]",5.0,17.0,3.4,51.0,3.0,0.0,3.0,3.0,0.0,1.0,0.5490196078431373,0.7999999999999999,1.3564659966250536,1.0,5.1,1.7578395831246945,8.0,10.2,1.9390719429665315,7.0,12.0,0.1134199134199134,0.1228522310627131,0.0,0.3333333333333333,4.0,0.0,4.0,4.0,1.7941176470588236,1
sat-01203,d58a4642abb991b98e478512ba47d72f9cf2213274d4030be3078d081527f312,mixed,5,"[[-1,-5],[2,-4,5],[3,4,5],[1,2,5],[1,4,-5],[-4,-5],[1,-3,4],[2,4],[-2,3,-4],[-1,-2,-3],[1,-5],[1,-2],[-1,-4,5],[3,4],[-3,-4,-5],[3,-4,5],[-1,4,5],[-2,4,-5],[-1,5],[2,-4],[-1,3,5],[3,4,-5],[2,3],[-4,5],[-2,-3],[-3,-4,5],[1,3],[2,-3,-5],[4,5],[-3,4,-5],[-1,-3,-4]]",5.0,31.0,6.2,80.0,2.5806451612903225,0.4934535013154308,2.0,3.0,0.4193548387096774,0.5806451612903226,0.5125,2.039607805437114,1.7204650534085253,1.0,6.7,3.163858403911275,14.0,16.0,3.63318042491699,11.0,20.0,0.0227972027972028,0.0657009289072034,-0.0769230769230769,0.1,4.0,0.0,4.0,4.0,1.3612903225806452,0
sat-00572,09740be5e2c37510eb5a5cd58bbc438b2c6ef824e209e07ff6d572b317b3be45,mixed,4,"[[1,-2,-4],[-3,4],[-2,4],[-1,-2,-3],[2,-3,-4],[1,2,-4],[2,-3,4],[-1,-2],[1,3,4],[-1,3,4],[-1,-3],[-2,3,-4],[-1,-2,-4],[-2,-3,-4]]",4.0,14.0,3.5,38.0,2.7142857142857144,0.4517539514526257,2.0,3.0,0.2857142857142857,0.7142857142857143,0.3684210526315789,0.8660254037844386,0.7071067811865476,1.0,5.666666666666667,1.3743685418725535,8.0,9.5,1.118033988749895,8.0,11.0,-0.268560606060606,0.1155166410203182,-0.4,-0.0909090909090909,3.0,0.0,3.0,3.0,1.8021978021978025,1
sat-01586,8f6a284355ecd1a7ec28664085e5f8389a90a0cbb462b2b4000422766cec7d76,mixed,5,"[[1,4,5],[1,5],[-1,3,4],[-1,2,5],[-2,-4],[-3,4],[1,4],[-1,4,5],[-2,3,5],[2,4],[1,3,-4],[3,-4,-5],[1,-3,5],[-3,-4],[-1,-3,-4],[-2,4,5],[1,-2,5],[3,4,-5],[-2,-3,-4],[2,5],[-3,5],[1,4,-5]]",5.0,22.0,4.4,58.0,2.636363636363636,0.4810456929208347,2.0,3.0,0.3636363636363636,0.6363636363636364,0.5862068965517241,2.56124969497314,1.16619037896906,1.0,5.0,1.949358868961793,8.0,11.6,2.33238075793812,8.0,15.0,0.134055944055944,0.2775717838029969,-0.25,0.5384615384615384,4.0,0.0,4.0,4.0,1.3896103896103895,0
sat-01276,9ed1eb3b78835a686644e99d2799ada5405bb396de23a687861aa4cd75f04926,2sat,4,"[[-1,-4],[1,-2],[1,4],[1,3],[-2,4],[-3,4]]",4.0,6.0,1.5,12.0,2.0,0.0,2.0,2.0,1.0,0.0,0.5833333333333334,1.299038105676658,0.4330127018922193,0.8333333333333334,1.0,0.5773502691896257,2.0,3.0,1.0,2.0,4.0,0.0,0.6123724356957945,-1.0,0.5,2.5,0.5,2.0,3.0,0.9333333333333332,1
sat-02493,f769c3bf915d93a11547f7aa7ee35e8ec02ab2720920ea9cdd48b0596013fcaa,mixed,4,"[[1,3,-4],[1,-3],[-1,-2],[1,2,4],[1,3,4],[-1,-2,-4],[-1,2,3],[-2,-3,4],[2,-4],[1,4],[1,-3,-4],[-2,-3,-4],[-2,3,4],[1,-2,-4],[1,2,-3],[2,3,4],[1,-4],[1,-2,4],[-1,2,-4],[1,-2,3]]",4.0,20.0,5.0,55.0,2.75,0.4330127018922193,2.0,3.0,0.25,0.75,0.5454545454545454,2.0615528128088303,1.7853571071357126,1.0,8.333333333333334,1.3743685418725535,10.0,13.75,1.6393596310755,11.0,15.0,0.087012987012987,0.2348455921780078,-0.1428571428571428,0.4666666666666667,3.0,0.0,3.0,3.0,1.873684210526316,1
sat-00849,3e85ed05e7fec98c5e1fc65462c666cf0ec904ff2ed499c5aa16fda77c929fdd,mixed,5,"[[-1,-3],[-2,-3,5],[1,4,5],[1,-2,-5],[-1,3,5],[1,-2],[-2,-4,5],[-1,3,-4],[1,-3,5],[3,4,5],[1,-2,5],[-2,4,-5],[2,-3],[2,3,-5],[-2,-3,-5],[1,2,-4],[1,-2,3],[-1,-2,-3],[-1,-3,4],[2,3,5],[-1,4],[-1,2,5],[-1,4,5],[1,3],[-4,5],[-2,-5],[1,3,4],[1,-4,5],[-2,-3,-4],[1,2,3],[-1,-3,-5],[1,-4,-5],[2,-3,4]]",5.0,33.0,6.6,92.0,2.787878787878788,0.4088102291888497,2.0,3.0,0.2121212121212121,0.7878787878787878,0.5217391304347826,2.0591260281974,1.6,1.0,8.5,1.8027756377319943,11.0,18.4,1.9595917942265424,15.0,21.0,0.0395655806182121,0.1663912909834357,-0.2222222222222222,0.2631578947368421,4.0,0.0,4.0,4.0,1.5340909090909092,0
sat-01862,bb54746e6a30545f8c3a63416320040110f0bb4255e36e188822c4c9f5041345,2sat,4,"[[-2,-3],[1,-2],[3,4],[-2,4],[2,4],[-3,-4],[-1,2],[-2,3],[2,-3],[1,3],[1,2],[-1,-3],[-1,-2],[1,-4],[-1,3],[-2,-4],[2,-4],[1,-3],[3,-4],[-1,-4],[1,4]]",4.0,21.0,5.25,42.0,2.0,0.0,2.0,2.0,1.0,0.0,0.4761904761904761,0.7071067811865476,0.5,1.0,3.5,0.5,4.0,10.5,0.5,10.0,11.0,-0.05,0.1078528228882243,-0.2,0.0909090909090909,3.0,0.0,3.0,3.0,0.9523809523809524,0
sat-02888,f278ba04fa28e0709a4f8519f920b5f46a58a3aa77c31af3fbd5d7fe4643f10f,3sat,5,"[[3,-4,-5],[-3,4,5],[-1,4,-5],[1,3,4],[-1,2,3],[3,4,-5],[3,4,5],[-2,3,4],[-1,4,5],[-2,-4,5],[-1,2,4],[2,-3,-4],[-1,2,-3],[2,-3,5],[1,-2,-4],[-1,-3,-4],[-1,-2,5],[-1,-2,-3]]",5.0,18.0,3.6,54.0,3.0,0.0,3.0,3.0,0.0,1.0,0.5,1.9595917942265424,1.624807680927192,1.0,5.4,1.4966629547095764,8.0,10.8,1.469693845669907,9.0,13.0,-0.0071794871794871,0.3237615862946472,-0.6,0.3333333333333333,4.0,0.0,4.0,4.0,1.7647058823529411,1
sat-01828,513c2c6e83b865bbf756103f3d69ecef5d5f9cf2bd9014ef02d52fcc7d8dd0f8,mixed,4,"[[-1,-2,4],[1,-3],[1,-2,3],[-1,-3,4],[-1,-4],[1,-2,-4],[2,3,4],[-1,2],[1,-2,4],[-2,-3,-4],[1,3,4],[1,2],[-2,4],[-3,-4],[-2,-3,4],[-2,-3],[-1,2,-4],[1,-3,-4],[-1,3,4],[1,-4],[-1,2,4],[1,2,-3],[-2,3,-4],[2,3,-4],[1,-2,-3]]",4.0,25.0,6.25,67.0,2.68,0.466476151587624,2.0,3.0,0.32,0.68,0.4776119402985074,1.5811388300841898,1.0897247358851685,1.0,9.833333333333334,1.0671873729054748,11.0,16.75,1.0897247358851685,15.0,18.0,-0.05,0.1518911921608865,-0.2,0.1764705882352941,3.0,0.0,3.0,3.0,1.7666666666666666,0
sat-02646,641ec272895671c1e6bcc38b2b0e93042f5a7f67e2627261565b96bd72ac2f0d,2sat,4,"[[-3,4],[-2,4],[2,-3],[3,4],[1,-2],[1,-3],[3,-4],[-1,-4],[1,4],[1,3],[-1,2],[-2,3],[-1,-3],[-1,3],[-1,-2],[1,-4],[2,-4],[-1,4],[2,4]]",4.0,19.0,4.75,38.0,2.0,0.0,2.0,2.0,1.0,0.0,0.5263157894736842,0.7071067811865476,0.8660254037844386,1.0,3.1666666666666665,0.6871842709362768,4.0,9.5,1.118033988749895,8.0,11.0,0.055050505050505,0.1100998517221984,-0.0909090909090909,0.2,3.0,0.0,3.0,3.0,0.95906432748538,0
sat-01831,1aa74a75b86bd368092eb21e4e29f5d3e9f6a942c7f3571c0f48d070d477817d,3sat,5,"[[2,-4,5],[-1,-4,-5],[2,4,-5],[2,3,4],[1,3,-5],[3,4,5],[1,-3,4],[-1,3,-5],[-1,4,5],[-1,-3,-5],[1,2,3],[-2,3,-4],[1,-2,5],[1,-3,5],[-1,-3,5],[1,3,5],[1,-2,-3],[-2,4,-5],[-1,-4,5],[2,4,5],[-1,-3,4],[-2,-4,-5],[-1,-2,5],[2,-4,-5],[1,2,-3],[1,2,4],[-1,3,4],[-3,4,5],[-1,2,-3],[2,-3,5],[-2,3,-5],[-1,-2,-5],[-3,-4,-5],[-2,3,4],[-2,-3,-5]]",5.0,35.0,7.0,105.0,3.0,0.0,3.0,3.0,0.0,1.0,0.5047619047619047,1.2,1.8547236990991407,1.0,10.5,1.91049731745428,13.0,21.0,1.7888543819998317,19.0,24.0,0.0144497607655502,0.1315086023356161,-0.1,0.2631578947368421,4.0,0.0,4.0,4.0,1.7781512605042016,0
sat-00427,067503baa0edea1543135c6e2c4faab3aa3d38d48760549e0147f13a16588150,2sat,4,"[[1,-4],[1,4],[-2,4],[-1,2],[-2,3],[3,-4],[2,4],[3,4],[-2,-4],[-3,-4],[2,3],[-1,-2]]",4.0,12.0,3.0,24.0,2.0,0.0,2.0,2.0,1.0,0.0,0.5416666666666666,0.82915619758885,1.299038105676658,0.8333333333333334,2.0,1.0,3.0,6.0,1.5811388300841898,4.0,8.0,0.1142857142857142,0.2864276807966203,-0.1428571428571428,0.6,2.5,0.5,2.0,3.0,0.9848484848484848,0
sat-02306,ce27d67f4f93058fe1565544512af0c490d81005b7776d5eb34c10783e401d38,3sat,4,"[[-2,-3,4],[-1,2,-3],[-1,3,-4],[1,-2,-3],[-1,-3,-4],[-1,-2,-3],[-1,-2,4],[-1,2,4],[-2,3,-4],[1,-3,4],[1,-2,4],[2,-3,-4],[-1,3,4],[1,2,-3],[2,3,-4],[1,-3,-4],[1,-2,-4],[1,-2,3]]",4.0,18.0,4.5,54.0,3.0,0.0,3.0,3.0,0.0,1.0,0.4259259259259259,0.82915619758885,0.82915619758885,1.0,9.0,0.5773502691896257,10.0,13.5,0.5,13.0,14.0,-0.1483516483516483,0.1148601371448729,-0.2857142857142857,0.0,3.0,0.0,3.0,3.0,2.2091503267973858,1
sat-00288,847293b8f8ff225b0f836195a96640139b07e1a888f4a010222843a4e15fc045,mixed,4,"[[1,2],[-1,-3],[-1,2],[1,3],[2,3],[1,-2,-4],[-1,3,4],[1,2,3],[-2,-3,4],[-2,3,4],[-1,2,-4],[2,3,4]]",4.0,12.0,3.0,31.0,2.583333333333333,0.4930066485916347,2.0,3.0,0.4166666666666667,0.5833333333333334,0.6451612903225806,1.0,0.82915619758885,1.0,4.333333333333333,0.7453559924999298,5.0,7.75,1.0897247358851685,6.0,9.0,0.2916666666666666,0.1816207893141947,0.0,0.5,3.0,0.0,3.0,3.0,1.621212121212121,1
sat-02262,4e749f503f1c7eb4f6f9f9286ff612c271248274a9cfd56ca044896c14a78b48,2sat,5,"[[1,5],[2,-4],[1,-5],[-4,5],[1,-3],[-2,-5],[3,-4],[2,-3],[4,-5],[2,3],[2,4],[-2,4],[-1,5],[-2,-4],[-3,5],[-2,-3],[-1,2],[3,-5],[-1,3],[-1,-2],[2,-5],[-1,-5],[-1,-3],[-3,4],[1,3],[3,4],[1,-2],[-1,4],[-3,-4],[-2,5],[-1,-4],[1,4],[-2,3],[1,2]]",5.0,34.0,6.8,68.0,2.0,0.0,2.0,2.0,1.0,0.0,0.4852941176470588,0.7999999999999999,0.8944271909999159,1.0,3.4,0.8,4.0,13.6,1.4966629547095764,11.0,15.0,-0.0294638694638694,0.0612044335701265,-0.0909090909090909,0.0769230769230769,4.0,0.0,4.0,4.0,0.7736185383244206,0
sat-00779,4edc75ec0bea4c27863dd94f97dbfb257e56c0872194b4d19d1bd328c247749e,2sat,4,"[[1,4],[3,-4],[1,3],[-1,2],[2,3],[1,-3],[-2,4],[-3,-4],[2,-3],[1,-4],[-1,-2],[-2,3],[-3,4],[-2,-4],[3,4],[-1,3],[-1,-4],[-1,-3],[-1,4],[2,4]]",4.0,20.0,5.0,40.0,2.0,0.0,2.0,2.0,1.0,0.0,0.5,1.0,0.7071067811865476,1.0,3.333333333333333,0.7453559924999298,4.0,10.0,1.224744871391589,8.0,11.0,-0.0045454545454545,0.1187921304124725,-0.2,0.0909090909090909,3.0,0.0,3.0,3.0,0.963157894736842,0
sat-02956,4bd52b63e0a06b6a521d56a3001e0ee880a58019853735e47f0ea53055933daf,2sat,5,"[[-1,-5],[-3,-5],[2,-3],[-1,5],[-1,2],[1,-2],[-1,-4],[2,-4],[1,5],[3,-4],[-3,4],[-2,-4],[1,-3],[2,3]]",5.0,14.0,2.8,28.0,2.0,0.0,2.0,2.0,1.0,0.0,0.4285714285714285,1.019803902718557,0.9797958971132712,0.8,1.4,0.916515138991168,3.0,5.6,1.0198039027185568,4.0,7.0,-0.1485714285714285,0.3137715852491276,-0.6,0.3333333333333333,3.2,0.7483314773547882,2.0,4.0,0.7362637362637363,0
sat-01021,e6d3728fd76eb01db09d6bffae69cfa93f238a0bfd5a8baf074da1194f163794,2sat,5,"[[2,-5],[-2,5],[1,-3],[-3,4],[-2,4],[-1,4],[1,3],[-2,-3],[-1,2],[-1,-5],[-3,-5],[-3,5],[1,4],[-2,3],[-4,-5],[3,-5],[1,2],[-4,5],[2,4],[-2,-4],[-2,-5],[-3,-4],[2,-3],[3,5],[4,5],[-1,-3],[4,-5],[2,5],[3,-4],[-1,5],[2,3],[-1,-4]]",5.0,32.0,6.4,64.0,2.0,0.0,2.0,2.0,1.0,0.0,0.484375,1.16619037896906,0.7999999999999999,1.0,3.2,0.7483314773547882,4.0,12.8,1.469693845669907,10.0,14.0,-0.0378021978021978,0.1141029815548664,-0.2,0.0769230769230769,4.0,0.0,4.0,4.0,0.7721774193548387,0
sat-01742,cc14a955803a4612c2e7faf8b510c648a36784698d1966c68d2d3d3231d1d387,2sat,5,"[[-1,3],[1,-5],[-2,-3],[4,5],[-2,4],[1,-2],[3,4],[1,-3],[2,-3],[1,2],[-3,5],[-4,5],[-2,3],[-3,4],[1,5]]",5.0,15.0,3.0,30.0,2.0,0.0,2.0,2.0,1.0,0.0,0.6,1.019803902718557,1.743559577416269,0.8,1.5,0.9219544457292888,3.0,6.0,1.095445115010332,5.0,8.0,0.2566666666666666,0.4491473403387059,-0.3333333333333333,0.6666666666666666,3.2,0.3999999999999999,3.0,4.0,0.7428571428571429,0
sat-01876,363888422e6c259b370c3300aac3f56765e193f2c3db5bdb6f2a38dc7c143741,mixed,5,"[[-3,4,-5],[-1,-2],[-1,-2,-4],[2,-5],[-1,2,-5],[2,-3,-4],[2,3,-4],[3,-4,5],[4,5],[-1,-3,-4],[-1,4],[1,4],[1,3,-5],[-1,2,4],[2,4,-5],[2,-4,5],[1,-3,-5],[-1,3,5],[-2,3,-5],[3,4],[-3,-4],[-1,3],[-1,-4,-5],[1,-4],[2,3,5],[-1,4,-5],[1,3,5]]",5.0,27.0,5.4,72.0,2.6666666666666665,0.4714045207910317,2.0,3.0,0.3333333333333333,0.6666666666666666,0.5,1.469693845669907,2.712931993250108,1.0,6.3,1.3453624047073711,8.0,14.4,1.9595917942265424,11.0,17.0,0.0296205755029284,0.296117763589793,-0.3333333333333333,0.4545454545454545,4.0,0.0,4.0,4.0,1.4017094017094016,0
sat-00966,0be1b4d60a2fa5d972b3f5eaf26268c391ba3ba35165bd204db286421e6ab243,mixed,5,"[[-1,-3,-5],[1,2,-3],[-2,3],[1,-4,-5],[-2,-3,5],[3,4],[2,3],[-2,3,5],[3,4,5],[4,-5],[-3,-4,5],[2,-4,-5],[1,-3,-4],[3,-5]]",5.0,14.0,2.8,37.0,2.642857142857143,0.4791574237499548,2.0,3.0,0.3571428571428571,0.6428571428571429,0.5135135135135135,1.16619037896906,1.4966629547095764,1.0,3.2,1.661324772583615,6.0,7.4,2.4166091947189146,4.0,11.0,0.0673881673881674,0.2316516693520212,-0.1428571428571428,0.5,4.0,0.0,4.0,4.0,1.4615384615384617,1
sat-01267,7eadf84dfb469b37c798d8c1fb64b156a4dfc2876771c87951512e25388dde59,3sat,5,"[[2,4,-5],[1,4,-5],[-1,2,-3],[2,-4,5],[1,-2,-5],[-1,-3,5],[3,4,-5],[1,-2,-3],[1,-3,-5],[-1,3,5],[-1,-2,4],[-2,3,-4],[1,2,-3],[-1,2,4],[-1,2,-5],[-2,-3,5],[1,-3,4],[1,-2,-4],[1,3,5],[-2,-4,5],[1,-3,5],[-3,4,5],[-1,3,-4],[2,-4,-5],[1,4,5],[-2,-3,4],[1,2,4],[2,3,-5],[3,-4,-5],[-2,3,-5],[-2,4,5],[3,-4,5],[2,3,-4],[-2,4,-5]]",5.0,34.0,6.8,102.0,3.0,0.0,3.0,3.0,0.0,1.0,0.5294117647058824,0.7483314773547883,1.4966629547095764,1.0,10.2,1.6,13.0,20.4,1.3564659966250538,18.0,22.0,0.0634920634920634,0.1018844859421029,-0.0476190476190476,0.2222222222222222,4.0,0.0,4.0,4.0,1.771836007130125,1
sat-00066,5e046c435257a2ec22a524726e8faa45c9d97ec7e319915f2804a772efa3086d,mixed,5,"[[2,3,-5],[1,4,5],[-2,-3,-4],[-2,3,-5],[-4,5]]",5.0,5.0,1.0,14.0,2.8,0.3999999999999999,2.0,3.0,0.2,0.8,0.5,0.4898979485566356,0.8,0.8,1.3,0.9,3.0,2.8,0.9797958971132712,1.0,4.0,0.1333333333333333,0.4988876515698589,-0.3333333333333333,1.0,3.2,0.7483314773547882,2.0,4.0,1.5,1
sat-01393,c6c69e1242d7bcf75dd34da26c7b587361f27ea5c8de050a520a054f4f4572d0,mixed,4,"[[1,3,4],[-1,2,3],[-1,-3],[-2,-3,-4],[-1,2],[-2,-3,4],[1,2,3],[-1,-4],[-1,-3,-4],[3,-4],[-1,2,-3],[-1,3,-4],[2,-4],[-2,3,-4],[-2,-3],[-1,3,4],[-1,-2,4],[-1,2,-4],[-1,3],[2,3,4],[-1,-2],[1,-2],[1,3],[-2,3],[-2,4],[1,2],[1,-2,-4]]",4.0,27.0,6.75,68.0,2.5185185185185186,0.4996569467863719,2.0,3.0,0.4814814814814814,0.5185185185185185,0.4558823529411764,2.0463381929681126,2.165063509461097,1.0,9.166666666666666,0.6871842709362769,10.0,17.0,1.224744871391589,15.0,18.0,-0.0875816993464052,0.23413658630875,-0.3333333333333333,0.2941176470588235,3.0,0.0,3.0,3.0,1.5584045584045585,0
sat-02062,10792cf87f753821c37952f8c58f2d43c7a98289df8d8625c2666edaf56519f2,2sat,4,"[[1,-4],[2,3],[1,2],[3,-4],[1,4],[1,3],[1,-3],[-1,-2],[-2,3],[2,4],[-2,-3],[-3,-4],[-2,4],[-1,3],[2,-4],[-2,-4]]",4.0,16.0,4.0,32.0,2.0,0.0,2.0,2.0,1.0,0.0,0.53125,0.82915619758885,1.299038105676658,1.0,2.6666666666666665,0.7453559924999299,4.0,8.0,0.7071067811865476,7.0,9.0,0.0793650793650793,0.2719484717320541,-0.25,0.4285714285714285,3.0,0.0,3.0,3.0,0.9416666666666668,0
sat-00075,1eb6ef4ee99512195a334d863b54e43d19f7b65551e7640508a31bb83741d5b1,mixed,4,"[[-2,-3,-4],[1,-2,-4],[-1,3,-4],[1,-3,-4],[1,3],[-2,4],[-2,-3],[-2,-4],[1,3,-4],[1,3,4],[-1,2,-3],[2,-3,-4],[-2,3,-4],[1,2,3],[3,4],[-1,-3,-4],[-1,2],[1,2,-3],[-3,-4],[-1,2,4],[-1,-2,-4],[-2,3],[-3,4],[1,2],[2,4],[-1,2,3],[3,-4]]",4.0,27.0,6.75,69.0,2.555555555555556,0.4969039949999532,2.0,3.0,0.4444444444444444,0.5555555555555556,0.4782608695652174,1.479019945774904,1.8708286933869709,1.0,9.5,1.2583057392117916,12.0,17.25,1.479019945774904,15.0,19.0,-0.0388028895768833,0.1701199498239713,-0.3333333333333333,0.0666666666666666,3.0,0.0,3.0,3.0,1.6096866096866096,0
sat-01512,e03b7a9d278615b0a9b59cb437f935bdc89007294aeede9217edf8b46d6d8444,2sat,5,"[[-2,3],[-2,-5],[1,-2],[3,-5],[3,5],[1,3],[1,-5],[2,-4],[-1,4],[1,4],[-2,4],[4,-5],[1,-4],[4,5],[2,-3],[3,4],[-1,2],[3,-4],[2,-5],[-1,-3],[-4,5],[1,2],[2,5],[2,3],[-2,5],[-2,-3],[-1,-5],[-1,-2]]",5.0,28.0,5.6,56.0,2.0,0.0,2.0,2.0,1.0,0.0,0.5535714285714286,0.7483314773547882,1.4142135623730951,1.0,2.8,0.8717797887081347,4.0,11.2,1.469693845669907,10.0,14.0,0.12,0.1700170142190685,-0.0909090909090909,0.4,4.0,0.0,4.0,4.0,0.7698412698412699,0
sat-00574,e6a60cfb00752e106208c4afb231a449fa93f29052463e9876e15801f92ddc4b,mixed,4,"[[-2,-4],[2,4],[1,2,-4],[2,3,4],[2,3,-4],[-2,3,4],[-2,3,-4],[1,-4],[1,3,-4],[-1,-3,-4],[-1,2,-3],[-1,3,4],[1,2],[-1,-2,-4],[3,4],[-2,4],[2,-4],[1,-3,-4]]",4.0,18.0,4.5,47.0,2.611111111111111,0.4874980215217845,2.0,3.0,0.3888888888888889,0.6111111111111112,0.5319148936170213,0.82915619758885,2.692582403567252,1.0,6.666666666666667,2.2110831935702664,10.0,11.75,2.680951323690902,9.0,16.0,0.1069444444444444,0.2328492001274645,-0.25,0.4,3.0,0.0,3.0,3.0,1.7450980392156863,0
sat-02538,908576f9603db3d619e508179e7f643b5fb40d6e2cd65840db6ba46a3ff10d3d,2sat,5,"[[2,5],[-3,-5],[-3,5],[1,4],[2,3],[-2,-4],[1,-3],[3,5],[-1,2]]",5.0,9.0,1.8,18.0,2.0,0.0,2.0,2.0,1.0,0.0,0.6111111111111112,0.7483314773547882,0.8,0.7,0.9,0.8306623862918076,3.0,3.6,1.019803902718557,2.0,5.0,0.2266666666666666,0.2807925291820358,-0.2,0.5,2.8,0.7483314773547882,2.0,4.0,0.7222222222222222,1
sat-00377,7a966e3203d4cc4147aa45ced93eb328bbff6d76367e1462fb6a407417667173,2sat,4,"[[1,2],[-1,2],[3,-4],[2,3],[2,-3],[2,-4],[1,-4],[-1,-3],[-1,-2],[1,3],[1,4],[2,4],[-2,3],[-1,-4],[-3,4],[-1,4],[-2,-4],[1,-3]]",4.0,18.0,4.5,36.0,2.0,0.0,2.0,2.0,1.0,0.0,0.5277777777777778,0.82915619758885,0.82915619758885,1.0,3.0,0.5773502691896257,4.0,9.0,0.7071067811865476,8.0,10.0,0.0555555555555555,0.1666666666666666,-0.1111111111111111,0.3333333333333333,3.0,0.0,3.0,3.0,0.9477124183006536,0
sat-00042,7cb16fcfb496da565397ec15f14672da25d8976a05c99d48cb69a9d2945326ea,2sat,4,"[[3,4],[-2,3],[1,2],[-3,4],[2,-3],[-2,-4],[1,4],[-2,4],[1,-2],[-2,-3],[-1,-3],[2,-4],[-1,-2],[-1,4],[-1,-4],[1,3],[-3,-4],[1,-3],[2,4],[2,3]]",4.0,20.0,5.0,40.0,2.0,0.0,2.0,2.0,1.0,0.0,0.5,0.7071067811865476,1.0,1.0,3.333333333333333,0.4714045207910317,4.0,10.0,0.7071067811865476,9.0,11.0,0.005050505050505,0.1585150713790351,-0.2,0.2,3.0,0.0,3.0,3.0,0.9526315789473684,0
sat-02543,b18fe257a9a150b949db4ac2486dac0d6267cd3cad1c4fffebe5bf5abf071df9,mixed,4,"[[-2,4],[-3,-4],[-1,3,-4],[-1,-2,3],[2,-3],[1,-2,4],[2,3,4],[-1,-4],[1,2,4],[-1,2,-4],[-2,-3],[-1,-3],[-2,3,-4],[1,-3,4],[-1,2,-3],[-2,3],[3,4],[2,-4],[-1,2,4]]",4.0,19.0,4.75,48.0,2.526315789473684,0.4993069989739546,2.0,3.0,0.4736842105263157,0.5263157894736842,0.4791666666666667,1.6393596310755,0.4330127018922193,1.0,6.5,0.957427107756338,8.0,12.0,1.224744871391589,10.0,13.0,-0.0615384615384615,0.1979181589272093,-0.4,0.0769230769230769,3.0,0.0,3.0,3.0,1.5614035087719298,0
sat-01815,50dfa3b667d4406b1e239aaca856eb17fb695eb66f8cdf4da35111375acb04a6,3sat,5,"[[2,4,5],[-2,4,-5],[3,-4,5],[2,3,-5],[-2,-3,-5],[-1,3,4],[-3,-4,5],[1,-3,-4],[-1,-2,-4],[1,-2,3],[-1,2,5],[-1,2,3],[1,-4,5],[-1,-4,-5],[-1,3,5],[1,2,5],[-2,-3,5],[1,-2,4],[-1,3,-4]]",5.0,19.0,3.8,57.0,3.0,0.0,3.0,3.0,0.0,1.0,0.5087719298245614,1.469693845669907,1.3564659966250536,1.0,5.7,0.9,7.0,11.4,0.4898979485566356,11.0,12.0,0.0151515151515151,0.2428027348364864,-0.2727272727272727,0.3333333333333333,4.0,0.0,4.0,4.0,1.736842105263158,1
sat-02979,817e4fdb4b847ff458a6dfba7a625541474b9817754f6679c01df116bfb507ce,mixed,4,"[[-1,-2,-3],[-1,-2,4],[-1,3,-4],[-2,-4],[2,4],[2,-3],[1,2],[-2,4],[3,-4],[2,3],[1,-2,-3],[1,-2,-4],[-3,4],[2,3,-4],[1,-2],[1,2,-3],[-1,-4]]",4.0,17.0,4.25,41.0,2.411764705882353,0.4921529567847503,2.0,3.0,0.5882352941176471,0.4117647058823529,0.4634146341463415,0.82915619758885,1.118033988749895,1.0,5.166666666666667,1.2133516482134197,7.0,10.25,1.6393596310755,9.0,13.0,-0.0692307692307692,0.1133985451349232,-0.2,0.1111111111111111,3.0,0.0,3.0,3.0,1.4338235294117647,0
sat-00037,71cecc247a355d025e2b528a36650f047e793a69fef4625e01b925c5f507137a,3sat,5,"[[-2,-3,-4],[1,-2,3],[1,-4,-5],[1,2,-5],[1,-3,-4],[-2,-4,-5],[1,-4,5],[-1,-4,-5],[1,4,-5],[-1,3,4],[-2,3,5],[2,-3,4],[-3,4,5],[1,3,5],[1,-2,-3],[-2,3,-5],[2,3,5],[-1,-3,5],[1,3,-4],[-1,-2,3],[-1,-3,-5]]",5.0,21.0,4.2,63.0,3.0,0.0,3.0,3.0,0.0,1.0,0.4761904761904761,2.280350850198276,0.7999999999999999,1.0,6.3,1.7916472867168918,9.0,12.6,1.8547236990991407,10.0,15.0,-0.0794538794538794,0.2428208507343967,-0.4,0.2857142857142857,4.0,0.0,4.0,4.0,1.7809523809523808,0
sat-00238,694e1c5f68622281b845e936976216b4268b8a2108ec9b628b5a5aa8be64b7f5,3sat,4,"[[-2,3,4],[-1,2,3],[-2,3,-4],[1,-2,-3],[-1,-3,4],[1,-3,4],[2,3,4]]",4.0,7.0,1.75,21.0,3.0,0.0,3.0,3.0,0.0,1.0,0.5714285714285714,1.0,0.82915619758885,1.0,3.5,1.2583057392117916,5.0,5.25,1.0897247358851685,4.0,7.0,0.1357142857142857,0.2944209120789278,-0.2,0.6,3.0,0.0,3.0,3.0,2.238095238095238,1
sat-00651,a982c7d9d2cc98eb15ed5032c7e78b920d7f47f2ec752492172941fcec199d9e,2sat,4,"[[-1,3],[-1,2],[-1,4],[3,4],[3,-4],[2,3],[1,-4],[-1,-3]]",4.0,8.0,2.0,16.0,2.0,0.0,2.0,2.0,1.0,0.0,0.5625,1.0897247358851685,1.479019945774904,0.8333333333333334,1.3333333333333333,0.7453559924999299,2.0,4.0,1.224744871391589,2.0,5.0,0.25,0.6062177826491071,-0.6,1.0,2.5,0.5,2.0,3.0,0.9642857142857144,1
sat-00985,3d7a02670d39f217c4bcb3d3615815ca5c36c13b7a7abe766e12bc6b23ee6ee4,3sat,4,"[[1,-3,-4],[1,3,4],[2,3,-4],[2,3,4],[-1,2,3]]",4.0,5.0,1.25,15.0,3.0,0.0,3.0,3.0,0.0,1.0,0.7333333333333333,0.82915619758885,0.7071067811865476,1.0,2.5,0.957427107756338,4.0,3.75,0.82915619758885,3.0,5.0,0.4833333333333333,0.3662876829305985,0.0,1.0,3.0,0.0,3.0,3.0,2.2,1
sat-00046,0b133c6fc4cb730429edf25b31173baa3e80b999dbbc9ada4302c8681c2f03c1,2sat,4,"[[2,4],[1,-4],[1,4],[-2,-3],[-1,2],[-1,4],[3,4],[-1,3],[2,-4],[1,-3],[-2,3],[-2,4]]",4.0,12.0,3.0,24.0,2.0,0.0,2.0,2.0,1.0,0.0,0.5833333333333334,0.8660254037844386,0.5,1.0,2.0,0.816496580927726,3.0,6.0,0.7071067811865476,5.0,7.0,0.1571428571428571,0.1767045268121854,0.0,0.4285714285714285,3.0,0.0,3.0,3.0,0.9242424242424242,0
sat-01654,58fd707e1f1e553e2b86cf399cfaa0f96e2d3f824a0ad2a0acfbc8acbf8cc0ee,3sat,4,"[[1,2,-3],[1,2,3],[-1,-3,-4],[-1,2,3],[-1,-2,-3],[1,-3,4],[-2,3,-4],[-2,-3,4],[-1,2,-4],[1,2,4],[-1,2,4],[-1,-2,-4],[-2,-3,-4],[1,3,4],[1,2,-4],[1,3,-4],[1,-3,-4],[1,-2,-3],[1,-2,4],[-1,-3,4],[-1,-2,3]]",4.0,21.0,5.25,63.0,3.0,0.0,3.0,3.0,0.0,1.0,0.4761904761904761,1.5,0.4330127018922193,1.0,10.5,1.5,12.0,15.75,1.299038105676658,15.0,18.0,-0.0555555555555555,0.1105541596785133,-0.2,0.1111111111111111,3.0,0.0,3.0,3.0,2.2285714285714286,0
sat-01674,0118eb91c12111b91398f979434a52cc9ca191d9f42f01692329d55bddebcc1e,mixed,5,"[[-2,4,-5],[1,2,4],[-1,-2,-5],[-2,3,-4],[2,3,5],[1,3,5],[-2,-4,5],[2,3,4],[-2,-4,-5],[3,-4,-5],[-3,4,-5],[1,2,-5],[1,-2,3],[3,4]]",5.0,14.0,2.8,41.0,2.9285714285714284,0.2575393768188564,2.0,3.0,0.0714285714285714,0.9285714285714286,0.5609756097560976,1.3564659966250536,2.244994432064365,1.0,4.0,1.5491933384829668,6.0,8.2,1.7204650534085253,5.0,10.0,0.1855555555555555,0.427504963511724,-0.3333333333333333,0.75,4.0,0.0,4.0,4.0,1.7032967032967032,1
sat-00187,520e969f0fef9934810dd6d528eeb3f220f9a13fa69ff81b2edfef7b29da222d,3sat,5,"[[2,4,5],[3,4,5],[1,2,5],[1,-3,4],[-3,-4,5],[-1,2,-3],[-3,4,5],[2,-3,-4],[1,3,4],[1,-3,-4],[-1,-2,5],[1,-2,5],[-1,-2,3]]",5.0,13.0,2.6,39.0,3.0,0.0,3.0,3.0,0.0,1.0,0.6153846153846154,1.32664991614216,1.8973665961010275,1.0,3.9,1.374772708486752,7.0,7.8,0.7483314773547882,7.0,9.0,0.2619047619047619,0.4274456112383111,-0.3333333333333333,1.0,4.0,0.0,4.0,4.0,1.7179487179487178,1
sat-00266,ebada942d9b48f28184a68ef1d0c4d77d2c7b271f3e8f96534be35f97b869228,3sat,5,"[[1,2,-4],[-2,-3,-4],[2,4,5],[-1,-3,-5],[-3,-4,5],[1,2,5],[-2,-3,4],[-2,-4,5],[-1,3,-4],[-1,2,4],[-1,2,-4],[2,3,-5],[2,3,-4],[3,-4,5]]",5.0,14.0,2.8,42.0,3.0,0.0,3.0,3.0,0.0,1.0,0.5,1.7204650534085253,2.039607805437114,1.0,4.2,1.6613247725836149,8.0,8.4,1.8547236990991407,6.0,11.0,0.0081385281385281,0.3636110483870071,-0.4545454545454545,0.4285714285714285,4.0,0.0,4.0,4.0,1.8021978021978025,1
sat-00182,15a9e8fc98afec96d710f115835b37df5dd57a3aa2140d5d86bb07019d27f845,mixed,4,"[[-2,-3],[1,-3,-4],[-2,-3,-4],[-1,-2,-3],[2,-3,4]]",4.0,5.0,1.25,14.0,2.8,0.3999999999999999,2.0,3.0,0.2,0.8,0.2142857142857142,0.4330127018922193,1.479019945774904,1.0,2.1666666666666665,1.0671873729054748,4.0,3.5,1.118033988749895,2.0,5.0,-0.4583333333333333,0.3608439182435161,-1.0,0.0,3.0,0.0,3.0,3.0,2.0,1
sat-00963,60d8568c7ae73feca97cf0bdfa7b70af7ea23bb94b1b9eb5648ff70c0519e070,2sat,4,"[[1,2],[2,4],[-1,-3],[-2,3],[3,-4],[1,4],[-1,3],[-1,4],[2,-3],[-1,-2],[-1,-4],[3,4],[1,-4],[-1,2],[-2,4],[2,3],[-2,-3],[2,-4],[1,-2],[-3,-4],[-2,-4]]",4.0,21.0,5.25,42.0,2.0,0.0,2.0,2.0,1.0,0.0,0.4761904761904761,0.7071067811865476,0.8660254037844386,1.0,3.5,0.7637626158259734,4.0,10.5,1.118033988749895,9.0,12.0,-0.0449494949494949,0.1145952807027893,-0.2,0.1111111111111111,3.0,0.0,3.0,3.0,0.961904761904762,0
sat-00735,b737c1e69acf1f829c9bfeb334590a51f32a1a0e9326ee085c707657148c35da,mixed,4,"[[1,3],[1,2],[3,-4],[1,2,4]]",4.0,4.0,1.0,9.0,2.25,0.4330127018922193,2.0,3.0,0.75,0.25,0.8888888888888888,0.7071067811865476,0.4330127018922193,0.8333333333333334,1.0,0.5773502691896257,2.0,2.25,0.4330127018922193,2.0,3.0,0.75,0.4330127018922193,0.0,1.0,2.5,0.5,2.0,3.0,1.0,1
sat-02821,be4b7589db0f8a83303eb500183f4f523c8cc674b54486050b2d5c1f7f9647ec,3sat,4,"[[-1,-2,4],[-1,2,-4],[-1,-2,-4],[1,-2,-3],[1,3,4],[-1,-2,3],[-1,2,3],[1,-3,-4],[2,3,4],[2,3,-4],[1,2,-4],[-2,3,4],[1,3,-4],[-1,3,-4],[-1,2,-3],[1,2,4],[-1,-2,-3],[-1,-3,4],[-1,2,4],[-1,3,4],[1,-2,-4],[2,-3,-4],[1,-2,3],[-1,-3,-4],[-2,-3,4],[2,-3,4],[-2,3,-4],[1,-2,4]]",4.0,28.0,7.0,84.0,3.0,0.0,3.0,3.0,0.0,1.0,0.4880952380952381,0.82915619758885,1.0897247358851685,1.0,14.0,0.816496580927726,15.0,21.0,0.7071067811865476,20.0,22.0,-0.0226190476190476,0.0875060736473193,-0.1428571428571428,0.1,3.0,0.0,3.0,3.0,2.2248677248677247,0
sat-00428,841ea2ac07741f7a3ecdc6fc1fd1f2ee903908c15608c164ff8fbc6c92f8a189,3sat,5,"[[-2,-4,5],[1,2,-5],[1,3,5],[-1,-2,-5],[-1,4,-5],[-3,-4,5],[2,-3,-4],[1,3,-4],[3,-4,-5],[1,-3,-4],[-2,-4,-5],[-1,3,5],[2,-4,-5],[2,-4,5],[-1,-2,3],[-1,-2,-4],[1,2,4],[-2,-3,4],[-2,-3,5],[3,4,5],[2,3,-4],[-2,-3,-5],[2,3,-5],[-2,4,-5],[1,3,-5],[-2,3,-5],[2,3,5],[3,4,-5],[-3,4,5],[-2,3,5],[1,-3,-5],[3,-4,5],[2,4,-5]]",5.0,33.0,6.6,99.0,3.0,0.0,3.0,3.0,0.0,1.0,0.494949494949495,2.481934729198171,3.1622776601683795,1.0,9.9,3.6180105030251086,16.0,19.8,4.308131845707604,12.0,25.0,0.0038787878787878,0.1824734052348401,-0.2,0.2727272727272727,4.0,0.0,4.0,4.0,1.850378787878788,0
sat-02200,ae6fd33d155a96166383ac7db822cb15dee40dcd69ae3b53c455fef1adc7a729,2sat,5,"[[-2,5],[-3,-4],[-1,5],[-1,-3],[-1,2],[1,-3],[-2,-4],[-4,-5],[-4,5],[-1,3],[3,-4],[2,5],[1,5],[4,5],[-2,-3],[1,2],[1,3],[2,3],[1,-5],[-1,-5],[1,4],[2,-3],[2,4],[3,-5],[-3,-5],[-3,5],[-3,4],[2,-4],[-2,-5]]",5.0,29.0,5.8,58.0,2.0,0.0,2.0,2.0,1.0,0.0,0.5,1.16619037896906,1.32664991614216,1.0,2.9,0.8306623862918074,4.0,11.6,1.2,10.0,13.0,0.0019580419580419,0.1906814391023742,-0.2307692307692307,0.2727272727272727,4.0,0.0,4.0,4.0,0.7660098522167488,0
sat-02855,2520c36d3f5df2d8077d41d2cb6cc25dd31971797046e2a8dfd3b43d8816b28c,mixed,5,"[[2,3,-4],[-1,2,5],[-2,-4],[-3,-4,-5],[4,-5],[-2,-5],[1,-3],[-1,2],[-1,-3,-5],[2,3,-5],[-1,4,-5],[-1,4],[-1,-2,-3],[1,-4,-5]]",5.0,14.0,2.8,36.0,2.571428571428572,0.4948716593053935,2.0,3.0,0.4285714285714285,0.5714285714285714,0.3333333333333333,1.019803902718557,1.469693845669907,1.0,3.0,0.6324555320336759,4.0,7.2,0.7483314773547882,6.0,8.0,-0.3166666666666666,0.3043151487365801,-0.75,0.1428571428571428,4.0,0.0,4.0,4.0,1.2417582417582418,1
sat-02193,48cc07727946030b4eb97ecb6ee8423b99577d1ec4312a881d16f5e22ed200af,mixed,4,"[[-2,3,4],[1,2,-4],[1,3],[1,-4],[1,-3,-4],[-2,-3,4],[1,2,4],[3,-4],[1,-3],[-1,3],[1,-3,4]]",4.0,11.0,2.75,28.0,2.5454545454545454,0.4979295977319691,2.0,3.0,0.4545454545454545,0.5454545454545454,0.6071428571428571,1.7853571071357126,1.299038105676658,1.0,3.8333333333333335,1.3437096247164249,5.0,7.0,1.7320508075688772,4.0,8.0,0.1875,0.3247595264191645,0.0,0.75,3.0,0.0,3.0,3.0,1.6363636363636365,1
sat-01108,9c977a253bb48bcb9003258b662829c2a34d594ee74b82bf43537de7555313a8,2sat,4,"[[-1,2],[-1,3],[-2,-3],[-3,-4],[-3,4],[3,-4],[-1,-3],[1,3],[2,4],[-2,3],[-1,-4],[1,-4]]",4.0,12.0,3.0,24.0,2.0,0.0,2.0,2.0,1.0,0.0,0.4166666666666667,0.8660254037844386,0.8660254037844386,1.0,2.0,0.816496580927726,3.0,6.0,1.4142135623730951,4.0,8.0,-0.1666666666666666,0.1666666666666666,-0.3333333333333333,0.0,3.0,0.0,3.0,3.0,0.9696969696969696,0
sat-00015,ade576f4fc2ff81ce4d19fb271a099d47ebae5359270b0b77ec79dca66f0a406,3sat,5,"[[-1,2,-3],[2,-4,-5],[1,2,4],[1,-4,-5],[2,3,5]]",5.0,5.0,1.0,15.0,3.0,0.0,3.0,3.0,0.0,1.0,0.6,1.1661903789690604,0.7483314773547883,0.9,1.5,0.6708203932499369,2.0,3.0,0.6324555320336759,2.0,4.0,0.1333333333333333,0.4988876515698588,-0.3333333333333333,1.0,3.6,0.4898979485566356,3.0,4.0,1.6,1
sat-01626,bb3219fdaa6348997245d236c75554e5f519b244989fc22a4becd2c85218158f,mixed,4,"[[-1,2,3],[-1,3,4],[2,-3,4],[-1,-2,-4],[1,-4],[-1,4],[2,-3],[-3,-4],[2,-4],[-1,3],[2,3,-4],[1,-2],[-1,-2],[2,-3,-4]]",4.0,14.0,3.5,34.0,2.4285714285714284,0.4948716593053935,2.0,3.0,0.5714285714285714,0.4285714285714285,0.4411764705882353,1.479019945774904,1.299038105676658,1.0,4.333333333333333,0.7453559924999298,5.0,8.5,0.5,8.0,9.0,-0.125,0.3200477394945253,-0.5,0.3333333333333333,3.0,0.0,3.0,3.0,1.4065934065934067,1
sat-01341,cffe9f04cd37c09dd29b950114eabfe01c0fc3c3f5884e6f20c423111c3152ed,3sat,5,"[[1,-2,3],[2,4,5],[-1,-3,4],[-1,4,5],[-2,3,-5],[-1,-4,-5],[-1,2,5],[2,3,4],[3,4,5],[-2,-3,4],[1,2,-5],[-1,-2,5],[-2,-3,-4],[-2,-4,-5],[-2,-3,-5],[2,-3,-4],[1,-4,5],[-3,4,-5],[-1,2,-5],[-1,2,4],[2,-3,5],[1,-3,-4]]",5.0,22.0,4.4,66.0,3.0,0.0,3.0,3.0,0.0,1.0,0.4696969696969697,1.833030277982336,0.6324555320336759,1.0,6.6,1.624807680927192,9.0,13.2,1.469693845669907,11.0,15.0,-0.0793073593073593,0.1891536930163325,-0.3333333333333333,0.1428571428571428,4.0,0.0,4.0,4.0,1.7662337662337662,0
sat-02786,988a6c7a28af86210a83f47ace05a16f01d2994486b96dc6c1a8cd0840951202,2sat,5,"[[1,-3],[1,4],[3,4],[-3,4],[-1,4],[2,5],[2,-5],[-4,5],[-4,-5],[-1,-5],[2,4],[-1,-3],[-1,3],[4,-5],[-2,5],[3,-4],[-2,-5],[-2,4],[1,-4],[-3,5],[2,-3],[-2,-4]]",5.0,22.0,4.4,44.0,2.0,0.0,2.0,2.0,1.0,0.0,0.4772727272727273,1.469693845669907,0.4898979485566356,0.9,2.2,1.2489995996796797,4.0,8.8,1.7204650534085253,7.0,12.0,-0.0674603174603174,0.1416171937980664,-0.25,0.1666666666666666,3.6,0.4898979485566356,3.0,4.0,0.7748917748917749,0
sat-01024,a357ddbd149135af61168ea517cff6197fb75f486f9fb5da74626b62cb7a3262,mixed,4,"[[-1,-2,-4],[1,3],[-1,2,-3],[-1,-2]]",4.0,4.0,1.0,10.0,2.5,0.5,2.0,3.0,0.5,0.5,0.3,0.4330127018922193,0.82915619758885,0.8333333333333334,1.3333333333333333,0.9428090415820634,3.0,2.5,1.118033988749895,1.0,4.0,-0.4583333333333333,0.3608439182435161,-1.0,0.0,2.5,0.5,2.0,3.0,1.6666666666666667,1
sat-00788,08abf28ec5593fc135a32b4a8328ebd92dae43c4d35a2f45028b85934cb522cd,2sat,5,"[[3,-5],[1,-3],[2,-4],[1,-4],[1,2],[-1,-4],[-1,2]]",5.0,7.0,1.4,14.0,2.0,0.0,2.0,2.0,1.0,0.0,0.5,1.3564659966250538,1.019803902718557,0.5,0.7,0.7810249675906655,2.0,2.8,1.32664991614216,1.0,5.0,-0.16,0.7631513611335565,-1.0,1.0,2.0,0.6324555320336759,1.0,3.0,0.8095238095238095,1
sat-00877,c01657baa654d0d75949464fb3d5cf4cc3d3dece03a3001277f853a756f97476,3sat,4,"[[-1,-3,-4],[1,2,-4],[-2,3,-4],[-1,3,4],[-1,2,3],[2,3,-4],[-1,-2,3],[-1,-2,-3],[-1,2,-3],[-2,-3,-4],[-2,-3,4],[-1,3,-4],[-1,-2,4],[1,2,-3],[1,-2,3],[1,-2,-4]]",4.0,16.0,4.0,48.0,3.0,0.0,3.0,3.0,0.0,1.0,0.3958333333333333,1.479019945774904,0.82915619758885,1.0,8.0,1.4142135623730951,10.0,12.0,1.224744871391589,10.0,13.0,-0.2217948717948717,0.182695681480319,-0.4,0.0769230769230769,3.0,0.0,3.0,3.0,2.225,1
sat-02218,acbe13a45f252f117ce3e53bb731f1f72794921573ee6e53d9e4119ad6363284,3sat,4,"[[-2,-3,-4],[1,2,3],[-1,2,4],[1,3,-4],[-1,2,-3],[1,2,-4],[1,-3,-4],[-1,3,-4],[2,-3,4]]",4.0,9.0,2.25,27.0,3.0,0.0,3.0,3.0,0.0,1.0,0.5185185185185185,1.118033988749895,1.479019945774904,1.0,4.5,0.5,5.0,6.75,0.4330127018922193,6.0,7.0,0.0595238095238095,0.4045867968563435,-0.4285714285714285,0.6666666666666666,3.0,0.0,3.0,3.0,2.1666666666666665,1
sat-00402,7ff6f2072d0a1a99c8de4b01575b77bf1837ca71027fb03ba63aaaf40d75ddb8,3sat,5,"[[2,3,-4],[-2,3,-5],[1,-3,5],[1,3,4],[-3,-4,5],[-1,3,5],[1,2,3],[1,2,4],[-1,-3,4],[-1,2,5],[1,-2,3],[2,3,-5],[1,-3,-5],[-1,-4,-5],[1,-2,5],[1,-2,4],[2,-3,-5],[2,4,5],[1,4,5],[2,3,5],[-2,-3,4],[-1,-2,5],[-1,4,5],[1,3,-4],[1,2,-5],[1,-3,-4],[1,-4,5],[3,-4,-5],[1,4,-5],[2,-3,-4],[-1,3,4]]",5.0,31.0,6.2,93.0,3.0,0.0,3.0,3.0,0.0,1.0,0.6021505376344086,1.469693845669907,0.7999999999999999,1.0,9.3,1.7349351572897471,12.0,18.6,1.624807680927192,16.0,21.0,0.202046783625731,0.0796288541934609,0.1111111111111111,0.3333333333333333,4.0,0.0,4.0,4.0,1.7741935483870968,0
sat-02934,bead93efa3d3951a2f8e8bcfc29e092ca3b53166234d124f2523950ecf9a12b7,mixed,4,"[[-2,-3,-4],[-1,-2],[-1,-2,3],[-1,2],[-1,-2,-3],[-2,3],[1,-2,-4],[-1,-2,-4],[-1,2,-4],[-2,-3,4],[-2,3,4],[2,-3,4],[-1,4],[1,2,4],[2,-3,-4],[1,-3,-4],[1,2],[-2,4],[-1,3],[1,3,-4],[1,-2,3],[-1,3,4],[2,3,-4]]",4.0,23.0,5.75,62.0,2.6956521739130435,0.4601306627938419,2.0,3.0,0.3043478260869565,0.6956521739130435,0.4516129032258064,0.7071067811865476,1.8027756377319943,1.0,9.166666666666666,1.3437096247164249,11.0,15.5,1.5,14.0,18.0,-0.0865079365079365,0.1451730273188589,-0.2222222222222222,0.1428571428571428,3.0,0.0,3.0,3.0,1.7944664031620554,0
sat-02976,66814e3c7a706dce2bfefef97c4de6b5f854bf8895750e1284c875bacca22be7,3sat,5,"[[-2,4,-5],[1,3,5],[-1,3,-5],[1,-2,-5],[2,3,-4],[-2,-3,-5],[-1,3,5],[-3,4,5],[-1,-2,-3]]",5.0,9.0,1.8,27.0,3.0,0.0,3.0,3.0,0.0,1.0,0.4444444444444444,1.019803902718557,1.095445115010332,0.9,2.7,1.3453624047073711,5.0,5.4,1.4966629547095764,3.0,7.0,-0.0933333333333333,0.318864197452824,-0.6,0.3333333333333333,3.6,0.4898979485566356,3.0,4.0,1.805555555555556,1
sat-01090,256d5234cbcfe7020d6cbdf1c28eb869f7feaf69b30534b11f2c12b704c8e434,2sat,4,"[[1,4],[-2,-3],[2,-4],[-1,4],[-1,-4],[1,3],[-1,-3],[2,3],[-2,-4],[2,4],[1,-4],[-3,4],[-1,3],[3,4],[2,-3],[-2,4],[-2,3],[-3,-4]]",4.0,18.0,4.5,36.0,2.0,0.0,2.0,2.0,1.0,0.0,0.5,1.118033988749895,0.5,0.8333333333333334,3.0,1.4142135623730951,4.0,9.0,1.5811388300841898,7.0,11.0,-0.0129870129870129,0.0836629787449683,-0.1428571428571428,0.0909090909090909,2.5,0.5,2.0,3.0,0.9738562091503268,0
sat-02415,dd7032d331f6ec893ebefc7122950760b78b3b3cfc46ebd5b63a8134823ccc59,mixed,4,"[[-1,3,4],[-2,-3],[2,3,-4],[-1,-2,-4],[1,3,4],[-3,4],[1,2,-3],[2,4],[-3,-4],[-1,2],[1,3],[-1,3],[3,-4],[1,4],[1,2,3]]",4.0,15.0,3.75,36.0,2.4,0.4898979485566357,2.0,3.0,0.6,0.4,0.6111111111111112,0.8660254037844386,0.8660254037844386,1.0,4.5,1.118033988749895,6.0,9.0,1.4142135623730951,7.0,11.0,0.2308802308802308,0.1318353790305051,0.1111111111111111,0.4285714285714285,3.0,0.0,3.0,3.0,1.4095238095238096,0
sat-01696,1eb0f9269afa2868793e2276b41c929d439b21ad9fa0d95429a4dfe8c3390948,3sat,5,"[[-3,-4,5],[-2,4,-5],[1,3,-5],[2,-3,-4],[-1,3,5],[1,3,4],[2,-3,4],[-1,4,5],[1,-3,-4]]",5.0,9.0,1.8,27.0,3.0,0.0,3.0,3.0,0.0,1.0,0.5555555555555556,0.6324555320336759,1.019803902718557,0.9,2.7,1.3453624047073711,5.0,5.4,1.4966629547095764,3.0,7.0,0.1466666666666666,0.1577161260532148,-0.1428571428571428,0.3333333333333333,3.6,0.4898979485566356,3.0,4.0,1.805555555555556,1
sat-02808,be85b2fb99988de20276006779cb6b83bb8ea1928673867f0fcf21610ee45b51,3sat,5,"[[-1,-3,-5],[-2,3,-5],[-1,-2,5],[-2,-4,5],[1,-3,5],[2,3,-4],[1,-3,4],[1,2,5],[-1,2,-5],[-1,-4,5],[2,3,-5],[-1,-2,-3],[2,-4,5],[-1,3,-5],[1,3,4],[2,3,5],[-2,-3,5],[-2,-4,-5],[1,-3,-4],[1,-2,-3],[-1,3,-4],[1,-3,-5],[1,3,5],[1,-4,5],[-2,4,5],[-1,-2,4],[-1,-2,-5],[-3,4,-5],[3,4,-5]]",5.0,29.0,5.8,87.0,3.0,0.0,3.0,3.0,0.0,1.0,0.4712643678160919,1.939071942966532,0.7483314773547882,1.0,8.7,2.147091055358389,12.0,17.4,2.33238075793812,14.0,21.0,-0.069047619047619,0.1107590795201238,-0.25,0.0476190476190476,4.0,0.0,4.0,4.0,1.79064039408867,1
sat-01245,9ec81c2353a89209624aa6becf01a5340204c62b1796f23c3a7b95a30953fd61,mixed,5,"[[-1,-2,-5],[2,4],[-1,-4,-5],[-3,-4,5],[-1,-2,-3],[-3,-4],[-3,4],[3,4,5],[1,3],[1,-2,-3],[1,3,5],[2,-4],[-1,4,5],[1,-4],[-1,3],[-1,2,4],[-1,5],[-2,4],[-1,-3,5],[-1,4],[3,5],[3,-5],[2,-4,5],[-3,4,5]]",5.0,24.0,4.8,60.0,2.5,0.5,2.0,3.0,0.5,0.5,0.5166666666666667,2.039607805437114,2.1354156504062622,1.0,4.8,1.6,7.0,12.0,2.0976176963403037,8.0,14.0,0.0362637362637362,0.2890256128001222,-0.3846153846153846,0.5,4.0,0.0,4.0,4.0,1.2355072463768115,0
sat-01280,951ad821158bb54819a1a3d5c37b4a82f6980e9a083ab7d06246bb3a158ab07b,mixed,5,"[[-2,-3,4],[2,-3,4],[-1,2,-3],[1,2,-4],[2,3,5],[-1,4],[1,-3,5],[1,-4],[1,4,-5],[-2,3,-5],[-1,3,-5],[1,2,4],[-2,-4,-5],[2,3,-5],[1,4,5],[4,-5],[-1,-3,-4],[-1,-2,4],[2,3],[3,-4],[1,3,-4],[1,-2],[-2,-3,5],[3,-5],[1,2,3],[1,-5],[-1,3,5],[-1,-2,3],[-2,-4,5],[-1,-3]]",5.0,30.0,6.0,81.0,2.7,0.458257569495584,2.0,3.0,0.3,0.7,0.5308641975308642,1.743559577416269,0.4898979485566356,1.0,7.2,1.6613247725836149,10.0,16.2,1.6,14.0,18.0,0.0514285714285714,0.1211251526113058,-0.1428571428571428,0.2222222222222222,4.0,0.0,4.0,4.0,1.4298850574712645,0
sat-02938,72289f8a052887a2957c53b3c89349a356ea3f8a1e1e1f0debdd0f0de3965604,2sat,5,"[[-1,-5],[1,-2],[1,4],[-1,-3],[-2,5],[2,3]]",5.0,6.0,1.2,12.0,2.0,0.0,2.0,2.0,1.0,0.0,0.5,0.4000000000000001,0.7483314773547883,0.6,0.6,0.4898979485566356,1.0,2.4,1.019803902718557,1.0,4.0,0.1333333333333333,0.4521553322083512,-0.3333333333333333,1.0,2.4,1.019803902718557,1.0,4.0,0.7333333333333333,1
sat-02169,255eec69093e7c1220f8e7d3d9e065308985baed0676677cd27cd627d99b7d94,2sat,4,"[[-3,4],[-2,3],[1,-4],[2,-4],[2,4],[1,2],[2,-3],[-1,-3],[-2,-3],[3,4],[1,3],[-1,3],[-3,-4],[-1,2],[-2,4],[1,-3],[1,4],[-1,-4],[-1,-2]]",4.0,19.0,4.75,38.0,2.0,0.0,2.0,2.0,1.0,0.0,0.5,0.4330127018922193,0.82915619758885,1.0,3.1666666666666665,0.3726779962499649,4.0,9.5,0.5,9.0,10.0,0.0055555555555555,0.1270510736225474,-0.2,0.1111111111111111,3.0,0.0,3.0,3.0,0.9473684210526316,0
sat-00545,63983aba9dc8ed415acdd71eed312d87dcb80cd790f2f504b0c83a0239efcb4b,2sat,4,"[[1,-2],[1,-3],[2,4],[1,-4],[-1,4],[2,-4],[1,3],[-2,-4],[-2,3],[-1,-4],[-1,-2],[1,4],[-1,2],[-2,-3],[-3,-4],[-2,4],[3,4]]",4.0,17.0,4.25,34.0,2.0,0.0,2.0,2.0,1.0,0.0,0.4705882352941176,1.0,1.118033988749895,1.0,2.833333333333333,0.8975274678557507,4.0,8.5,1.5,6.0,10.0,-0.0555555555555555,0.1666666666666666,-0.3333333333333333,0.1111111111111111,3.0,0.0,3.0,3.0,0.9705882352941176,0
sat-00921,7ccebf3fce63ea356639c396719898a2bc7d7c84c46980be5e2c83e9fb3a2aab,mixed,4,"[[2,-4],[1,-2],[2,-3,-4],[-2,-3],[1,-3,4],[-1,3,4],[-2,3],[-2,4],[-1,2,4],[-1,-2,-4],[-2,-3,4],[-1,2],[1,3,4],[3,4],[-1,-2,4],[-1,-3],[1,2,4],[-1,-3,4],[-1,4],[-1,3],[2,4]]",4.0,21.0,5.25,52.0,2.4761904761904763,0.4994327848429292,2.0,3.0,0.5238095238095238,0.4761904761904761,0.5192307692307693,3.112474899497183,2.165063509461097,1.0,6.833333333333333,1.7716909687891085,9.0,13.0,1.4142135623730951,11.0,15.0,0.0118881118881118,0.3610904692175543,-0.3846153846153846,0.6,3.0,0.0,3.0,3.0,1.5047619047619047,0
sat-01041,a5fa4f8d0819aafbd5a2bba33e41e4fab4ee672f6ca63a79bf372bac350c9379,2sat,5,"[[1,-5],[2,-4],[2,-5],[-2,-3],[-3,5],[-1,3],[-4,5],[1,-2],[1,4],[1,-3],[-2,5],[-2,3],[-3,4],[1,2],[-1,-5],[-1,4],[4,5],[3,4],[-1,2],[-3,-5],[2,5],[2,4],[1,5],[-1,-3],[-4,-5],[-1,5],[-2,4],[3,-4],[3,5],[1,-4],[3,-5],[-2,-5]]",5.0,32.0,6.4,64.0,2.0,0.0,2.0,2.0,1.0,0.0,0.53125,0.7483314773547882,0.6324555320336759,1.0,3.2,0.6,4.0,12.8,1.1661903789690602,12.0,15.0,0.062051282051282,0.0614614903244251,0.0,0.1666666666666666,4.0,0.0,4.0,4.0,0.7681451612903226,0
sat-01528,532daf1c4f9971a0af66a461988f154f8cda0c886b233c265fdc861eb670e02b,mixed,5,"[[1,2,-3],[3,4],[-1,3,-5],[-2,4,5],[1,3,4],[2,-4],[1,4,-5],[1,-5],[2,4],[-1,4,-5],[-1,4,5],[1,-3,-5],[-3,-4,5],[1,-3,-4],[-2,3,-5],[-3,4,-5],[-3,5],[-1,2,4],[1,-2,4],[2,3,-5],[-1,-2,3],[-1,3,-4],[2,-4,-5],[-1,-2,-5],[2,-5],[2,-3,5],[-2,-3,4],[1,2,-5],[-2,3,-4],[2,-3,-5],[1,2,3],[3,4,-5],[-1,2,5]]",5.0,33.0,6.6,93.0,2.8181818181818183,0.385694607919935,2.0,3.0,0.1818181818181818,0.8181818181818182,0.5268817204301075,2.227105745132009,2.785677655436824,1.0,8.7,0.7810249675906655,10.0,18.6,1.0198039027185568,17.0,20.0,0.0615892672858617,0.2559794093923733,-0.4,0.3333333333333333,4.0,0.0,4.0,4.0,1.5549242424242424,0
sat-00414,ec90b79c9bc7cd00828f2c123c3e26dac96d1a44170c63ff4b9ed5ba2be2c772,3sat,4,"[[1,-2,4],[-1,2,-3],[1,3,-4],[-2,-3,4]]",4.0,4.0,1.0,12.0,3.0,0.0,3.0,3.0,0.0,1.0,0.5,0.5,0.5,1.0,2.0,0.0,2.0,3.0,0.0,3.0,3.0,0.0,0.3333333333333333,-0.3333333333333333,0.3333333333333333,3.0,0.0,3.0,3.0,2.0,1
sat-00939,db11a3e66527bd55dc41df807435b365fc34b1196cc825ff364940fa1b463a6d,2sat,4,"[[-2,-4],[1,3],[2,4],[-3,4],[-1,4],[2,-4],[3,-4],[-1,-4]]",4.0,8.0,2.0,16.0,2.0,0.0,2.0,2.0,1.0,0.0,0.5,0.7071067811865476,1.224744871391589,0.6666666666666666,1.3333333333333333,1.1055415967851334,3.0,4.0,1.7320508075688772,3.0,7.0,0.0476190476190476,0.2935435239509036,-0.3333333333333333,0.3333333333333333,2.0,0.7071067811865476,1.0,3.0,1.0714285714285714,0
sat-01776,3e289a385985bbf55c9badb31c5e58caa08fe0dba2b2bc5fae2c395094af665b,3sat,5,"[[3,-4,5],[-1,-3,5],[-1,2,-3],[-1,-3,4],[1,2,-5],[1,3,5],[1,2,5],[1,3,4],[1,4,-5],[-1,-3,-4],[-1,4,-5],[3,4,-5],[1,-2,3],[-1,-3,-5],[1,3,-4],[3,-4,-5],[-3,-4,-5],[2,-3,-5],[-1,2,-5],[1,-4,5],[-2,4,5],[1,-2,-5],[-2,-3,4],[1,-3,5],[1,-2,5],[1,-3,-5],[-2,3,-4]]",5.0,27.0,5.4,81.0,3.0,0.0,3.0,3.0,0.0,1.0,0.4938271604938271,2.280350850198276,1.939071942966532,1.0,8.1,2.808914381037628,13.0,16.2,3.1874754901018454,11.0,19.0,-0.019351408825093,0.1502801265566729,-0.1578947368421052,0.2631578947368421,4.0,0.0,4.0,4.0,1.8262108262108263,1
sat-01914,c06cd1ecf2096a4c77fc991edb48d355f73b60385900932755f0e1b04e686f64,3sat,5,"[[-3,-4,-5],[3,-4,-5],[-1,-4,-5],[1,3,-5],[1,2,-5],[-3,4,-5],[-1,2,3],[-2,-3,5]]",5.0,8.0,1.6,24.0,3.0,0.0,3.0,3.0,0.0,1.0,0.375,0.7483314773547883,1.6733200530681511,0.9,2.4,1.3564659966250536,5.0,4.8,1.469693845669907,3.0,7.0,-0.1761904761904761,0.3784441235486767,-0.7142857142857143,0.3333333333333333,3.6,0.4898979485566356,3.0,4.0,1.8214285714285716,1
sat-00772,cce1f37543c8dde8ac8e01a6b8a1f6787239e3d03b6d873a23e166e3de96e74c,3sat,5,"[[-1,-3,-4],[3,4,5],[1,-2,4],[-1,3,4],[-1,3,-4],[-1,-4,-5],[-1,4,5],[3,4,-5],[-1,3,-5],[-1,4,-5],[1,3,4]]",5.0,11.0,2.2,33.0,3.0,0.0,3.0,3.0,0.0,1.0,0.5151515151515151,2.65329983228432,2.227105745132009,0.8,3.3,2.6095976701399777,8.0,6.6,3.1368774282716245,1.0,10.0,-0.1549206349206349,0.6276870482065634,-1.0,0.7142857142857143,3.2,0.7483314773547882,2.0,4.0,2.1272727272727274,1
sat-00755,adc9e73ff121e4a12563390c0f9c78ea32682f6635de861ad2556330f9a6d720,mixed,5,"[[2,-4,5],[1,-3,5],[1,3,-4],[-1,-2],[-1,4],[-1,3,-4]]",5.0,6.0,1.2,16.0,2.6666666666666665,0.4714045207910317,2.0,3.0,0.3333333333333333,0.6666666666666666,0.5,0.4898979485566356,1.2,0.9,1.4,0.916515138991168,3.0,3.2,1.16619037896906,2.0,5.0,0.1266666666666666,0.5139822737972368,-0.5,1.0,3.6,0.4898979485566356,3.0,4.0,1.4,1
sat-02615,a6d0f6bb121799f1dbdf757563dd5dea7665a1caa39d361cee3092c2d837df09,3sat,4,"[[-1,-2,-3],[-1,-2,4],[2,-3,-4],[1,-2,-3],[-2,-3,-4],[-1,3,4],[1,-2,3],[-1,-2,-4],[-2,-3,4],[-1,-2,3],[-1,2,3],[1,2,3],[-1,-3,4],[1,2,4],[-1,2,-3],[-2,3,-4],[2,3,-4],[1,-3,4]]",4.0,18.0,4.5,54.0,3.0,0.0,3.0,3.0,0.0,1.0,0.4444444444444444,0.7071067811865476,1.5,1.0,9.0,1.914854215512676,12.0,13.5,1.6583123951777,11.0,15.0,-0.1016317016317016,0.1271292000466094,-0.2307692307692307,0.0909090909090909,3.0,0.0,3.0,3.0,2.241830065359477,0
sat-02310,3cb45f3d757d9ea9df205c59aaf9aed53e4764f5cf3eb426d939bdfec9d70762,mixed,4,"[[-1,-2],[1,-3],[2,3],[-2,-3,4],[-2,-3,-4],[-1,-3,4],[1,2,-4],[1,-3,-4],[1,-2,-3],[-2,-4],[-1,3],[2,-3,-4],[2,3,-4],[-1,3,-4],[-1,4],[-1,2,-3],[-1,2,3],[-1,-2,3],[1,3,4]]",4.0,19.0,4.75,51.0,2.6842105263157894,0.4648295192804129,2.0,3.0,0.3157894736842105,0.6842105263157895,0.4313725490196078,1.118033988749895,0.82915619758885,1.0,7.5,1.6072751268321592,10.0,12.75,1.479019945774904,11.0,15.0,-0.1425407925407925,0.1127026368933909,-0.2727272727272727,0.0,3.0,0.0,3.0,3.0,1.7777777777777777,0
sat-01892,e44fe2771e9f4558e5432888729b37b6c3fa29a9c73e1253453a34da213a0b64,2sat,4,"[[2,-4],[-3,4],[1,4],[-2,4],[3,4],[1,-2],[2,-3],[1,-4]]",4.0,8.0,2.0,16.0,2.0,0.0,2.0,2.0,1.0,0.0,0.625,1.118033988749895,0.8660254037844386,0.8333333333333334,1.3333333333333333,0.74535599249993,2.0,4.0,1.224744871391589,3.0,6.0,0.25,0.4930066485916346,-0.3333333333333333,1.0,2.5,0.5,2.0,3.0,0.9642857142857144,1
sat-00295,9f6409fa782ab15327c7a9b56c9745a66817a4ce284ca2bc6010a90929c7f8f9,3sat,5,"[[2,4,-5],[2,3,4],[-1,-4,5],[1,3,4],[1,2,5],[1,-4,-5],[-1,2,-4]]",5.0,7.0,1.4,21.0,3.0,0.0,3.0,3.0,0.0,1.0,0.6666666666666666,0.7483314773547882,1.2,0.9,2.1,1.1357816691600546,4.0,4.2,1.32664991614216,2.0,6.0,0.44,0.463033476111609,0.0,1.0,3.6,0.4898979485566356,3.0,4.0,1.809523809523809,1
sat-00775,4374e08f5f4d36f1c023d72097b5385033709519d5b63e97a13d9a05587a758c,3sat,4,"[[2,-3,-4],[-2,-3,-4],[-1,2,-4],[-1,3,-4],[-1,2,-3]]",4.0,5.0,1.25,15.0,3.0,0.0,3.0,3.0,0.0,1.0,0.2666666666666666,1.224744871391589,1.0897247358851685,1.0,2.5,0.5,3.0,3.75,0.4330127018922193,3.0,4.0,-0.5,0.6123724356957945,-1.0,0.5,3.0,0.0,3.0,3.0,2.1,1
sat-00018,2dd6db5190f74062397766459b337b2d49a8fd58f992f7d7f719f136959fac1b,mixed,5,"[[-2,-3,4],[-2,-3,-5],[-2,-5],[1,-2,3],[-2,3,-4],[-1,-2,-3],[2,4,5],[2,4],[3,4,-5],[2,-4],[1,2,3],[-3,-5],[1,2],[1,3,4],[1,-3],[2,-3,5],[-1,-2,-5],[-1,2],[1,3],[1,-4,5],[-2,-3,-4],[1,-2,4],[-1,2,5],[-2,-4,-5],[-3,5],[-1,-3],[-2,4,5]]",5.0,27.0,5.4,71.0,2.6296296296296298,0.4829038818668629,2.0,3.0,0.3703703703703703,0.6296296296296297,0.4929577464788732,0.8944271909999159,2.4,1.0,6.1,2.0712315177207983,9.0,14.2,2.638181191654584,12.0,19.0,0.0079082321187584,0.1706752840301237,-0.2,0.2307692307692307,4.0,0.0,4.0,4.0,1.3846153846153846,0
sat-00173,3be429417de3f82c61e88b599200489f17494b84b7e2a1547fd0c282d44b7150,mixed,5,"[[-2,-3,-4],[-2,-3,4],[3,4,5],[2,4,5],[3,-4,5],[-4,5],[-1,-3],[-3,-4],[1,-3,-5],[2,-4,5],[1,2],[1,-3]]",5.0,12.0,2.4,31.0,2.583333333333333,0.4930066485916347,2.0,3.0,0.4166666666666667,0.5833333333333334,0.5161290322580645,0.9797958971132712,2.0976176963403037,0.9,2.6,1.624807680927192,5.0,6.2,1.6,4.0,8.0,0.1233333333333333,0.4406560765242864,-0.5,0.6666666666666666,3.6,0.4898979485566356,3.0,4.0,1.318181818181818,1
sat-01592,de96454414c0df29eaf98ee25cf42d8a0a28461bedcd36f029f28943d2b65b63,2sat,4,"[[-1,-3],[-1,-2],[2,-3],[2,-4],[-2,-4],[1,-4],[-2,3],[-3,-4],[-1,-4],[-1,2],[1,3],[3,-4],[-2,-3],[-1,4],[2,4],[1,-3],[1,2],[2,3],[1,4],[1,-2]]",4.0,20.0,5.0,40.0,2.0,0.0,2.0,2.0,1.0,0.0,0.475,1.299038105676658,0.4330127018922193,1.0,3.333333333333333,0.7453559924999298,4.0,10.0,1.0,9.0,11.0,-0.0656565656565656,0.1751731837982285,-0.3333333333333333,0.0909090909090909,3.0,0.0,3.0,3.0,0.9578947368421052,0
sat-02182,81d28e84970d8122f1a519328201fbde11f606cb501bc46d34bb577b93f1340c,2sat,4,"[[-1,-3],[1,-4],[2,-4],[-1,-2],[1,2],[-2,4],[2,-3],[2,3],[1,-3],[1,4],[3,-4],[-1,3],[1,3],[1,-2],[-1,-4],[-2,3],[-2,-4],[3,4]]",4.0,18.0,4.5,36.0,2.0,0.0,2.0,2.0,1.0,0.0,0.5277777777777778,1.299038105676658,0.82915619758885,1.0,3.0,0.5773502691896257,4.0,9.0,0.7071067811865476,8.0,10.0,0.0430555555555555,0.2337422012959291,-0.25,0.3333333333333333,3.0,0.0,3.0,3.0,0.9477124183006536,0
sat-01147,de4d72a9c41ca4ba30f27767165a55c7d1761dad4d9d057fdcb3f9653890f08b,mixed,4,"[[-1,-2,4],[-1,-2],[-1,2,4],[-1,3,-4],[1,-2,4],[1,2,-3],[1,-2,-3],[2,3,-4],[-2,-3,-4],[-1,2,-4],[3,4],[3,-4],[-1,-3,4],[1,-4],[-3,4],[1,2,4],[1,-3,4],[1,3],[-2,3,-4],[1,2,-4],[-2,-3,4],[-1,-2,-4],[-1,3]]",4.0,23.0,5.75,62.0,2.6956521739130435,0.4601306627938419,2.0,3.0,0.3043478260869565,0.6956521739130435,0.4838709677419355,1.118033988749895,0.7071067811865476,1.0,9.166666666666666,1.9507833184532708,11.0,15.5,1.6583123951777,14.0,18.0,-0.0357142857142857,0.0618589574131741,-0.1428571428571428,0.0,3.0,0.0,3.0,3.0,1.798418972332016,0
sat-01554,e8f3f5c7c46e7ba2c1d355e14e0011399a389ea9ef9d77f6e8464c58eaff5888,2sat,5,"[[2,-4],[3,-5],[2,-5],[2,3],[-1,-4],[1,-2],[-2,-5],[3,-4],[1,-4],[1,3],[2,-3],[-3,5],[4,-5],[1,4],[-2,5],[1,2],[1,5],[4,5],[-4,5],[-1,3],[3,5],[-2,3],[-3,-5]]",5.0,23.0,4.6,46.0,2.0,0.0,2.0,2.0,1.0,0.0,0.5869565217391305,1.3564659966250536,1.16619037896906,1.0,2.3,1.004987562112089,4.0,9.2,1.1661903789690602,8.0,11.0,0.1704040404040404,0.2637887248887465,-0.25,0.5,4.0,0.0,4.0,4.0,0.758893280632411,0
sat-00870,d7f909508d4f97fa267af882430deee0050a52bb2142130fb8331199df8ec7d6,2sat,4,"[[-3,-4],[3,4],[-1,2],[-2,-3],[-1,-3],[1,-3],[1,-2],[1,2],[-3,4],[-1,-2],[3,-4],[-1,3]]",4.0,12.0,3.0,24.0,2.0,0.0,2.0,2.0,1.0,0.0,0.4166666666666667,0.5,1.118033988749895,0.6666666666666666,2.0,1.7320508075688772,4.0,6.0,1.5811388300841898,4.0,8.0,-0.1482142857142857,0.0935925548669904,-0.25,0.0,2.0,0.7071067811865476,1.0,3.0,0.9848484848484848,0
sat-00980,f2fd42f390d959776e0c2f333d68ea6e467c2b4036265effe01d1fd457e0220f,2sat,5,"[[2,5],[1,2],[-1,-3],[1,3],[-3,-4],[4,5],[-2,-3],[2,-5],[-3,4],[1,-5],[2,-4],[1,-4],[1,-3],[-1,2],[2,-3],[3,-4],[-4,5],[1,4],[3,4],[-2,5],[1,-2],[-3,-5],[3,5],[2,4],[3,-5],[-2,4],[4,-5],[-1,5],[-3,5]]",5.0,29.0,5.8,58.0,2.0,0.0,2.0,2.0,1.0,0.0,0.5689655172413793,0.7999999999999999,1.6733200530681511,1.0,2.9,0.7,4.0,11.6,1.0198039027185568,10.0,13.0,0.155058275058275,0.2111751952263313,-0.2307692307692307,0.4,4.0,0.0,4.0,4.0,0.7635467980295566,0
sat-02870,bd519a04e8eb4c3566db0ed327958b0f842c77073fd06dd135c7732800a3e89f,mixed,5,"[[-1,-2,-4],[-1,3,-5],[2,3,5],[1,4,-5],[1,-3,-5],[1,-2,3],[-1,-3],[1,4,5],[1,2,-5],[3,4,-5],[2,-5],[-1,4,-5],[-2,3,4],[-1,-2,4],[-2,-3,5],[-1,-5],[-1,2,3],[-1,2,-4],[-2,3,5],[-1,2,4],[2,-4],[-3,-5],[-2,4],[1,-4],[1,3,-5],[-1,-2,5],[1,2,-4],[-2,-4,5],[2,-4,-5],[-2,3,-5],[-1,2,5]]",5.0,31.0,6.2,86.0,2.774193548387097,0.4181123031230878,2.0,3.0,0.2258064516129032,0.7741935483870968,0.4883720930232558,1.0198039027185568,2.9257477676655586,1.0,7.9,2.5079872407968904,10.0,17.2,2.7129319932501077,13.0,20.0,0.0060458839406207,0.2219790532680648,-0.2631578947368421,0.3846153846153846,4.0,0.0,4.0,4.0,1.5376344086021505,0
sat-01473,741cc76fa47fc46b691d9dff34b4654f73c6c707fc570ea04181909c596039af,2sat,5,"[[-1,-5],[-3,5],[-2,-5],[2,-4],[-1,2],[2,5],[3,-4],[1,2],[-1,3],[-1,-3],[-2,5],[2,-5],[-1,4],[1,-2]]",5.0,14.0,2.8,28.0,2.0,0.0,2.0,2.0,1.0,0.0,0.4642857142857143,1.3564659966250538,1.095445115010332,0.8,1.4,1.2,4.0,5.6,1.8547236990991407,3.0,8.0,-0.1023809523809523,0.2469312792850318,-0.4285714285714285,0.25,3.2,0.3999999999999999,3.0,4.0,0.8021978021978022,0
sat-02228,c13a427fb7bd0880f916d5ca34ed113d7099e5b983ae985d6f644ff5d0544345,2sat,4,"[[1,2],[-3,4],[2,3],[-1,4],[1,4],[-1,-3],[-2,4],[-1,-4],[2,-3]]",4.0,9.0,2.25,18.0,2.0,0.0,2.0,2.0,1.0,0.0,0.5555555555555556,1.118033988749895,1.0,1.0,1.5,0.7637626158259734,3.0,4.5,0.5,4.0,5.0,0.0999999999999999,0.4636809247747852,-0.5,0.6,3.0,0.0,3.0,3.0,0.8888888888888888,1
sat-00469,7aa8655c45050d1acf809f2db0c5bc385bc46467f3eea83a3a12de341ef57d93,2sat,5,"[[-4,5],[-3,-4],[-1,-3],[1,5],[-1,4],[-2,4],[-3,5],[-1,-5],[-2,-4],[-1,5],[-2,3],[1,-3],[1,2],[2,-4],[-2,-3],[3,4],[3,5],[1,3],[1,-5],[2,-5],[-3,4],[-2,5],[1,-4],[1,-2],[-3,-5],[4,-5],[-1,-2],[2,3],[-1,3]]",5.0,29.0,5.8,58.0,2.0,0.0,2.0,2.0,1.0,0.0,0.4827586206896552,1.0198039027185568,0.8944271909999159,1.0,2.9,0.7,4.0,11.6,1.2,10.0,13.0,-0.0363636363636363,0.132564985858157,-0.2727272727272727,0.0909090909090909,4.0,0.0,4.0,4.0,0.7660098522167488,0
sat-02694,591ae393416d033e28eaf0b66caaed4eba585b509eacb2342af4f36acc1eca2c,3sat,5,"[[2,-3,-4],[1,2,-5],[-1,-2,3],[-2,3,-4],[-1,4,5],[-2,-3,-5],[2,3,5],[1,-4,5],[-3,-4,-5],[1,2,4],[1,-2,-5],[1,2,-4],[-1,-3,5],[1,4,5],[1,2,-3],[-1,3,4],[2,-4,5],[-1,-4,-5],[1,-2,5],[1,3,-5],[1,3,-4],[-1,3,-4],[-1,2,-4],[-1,-2,-4],[1,-3,4],[-1,3,-5],[2,3,-4],[-1,-2,-5],[1,-3,5],[-2,4,5]]",5.0,30.0,6.0,90.0,3.0,0.0,3.0,3.0,0.0,1.0,0.5,1.8973665961010275,1.7888543819998317,1.0,9.0,1.8439088914585773,12.0,18.0,2.0976176963403037,16.0,22.0,4.456327985739861e-05,0.1684760987300646,-0.3333333333333333,0.125,4.0,0.0,4.0,4.0,1.7839080459770116,1
sat-02876,a2f5cf304c4da47b24177edd5a59aaa392cfb5155c748007509711414c587dfb,3sat,4,"[[1,-2,3],[1,2,4],[1,-3,-4],[1,2,-4],[-2,3,-4],[1,3,-4],[1,2,3],[-1,2,-4],[-1,-3,4],[1,2,-3],[-1,-2,-4],[-2,3,4],[-2,-3,-4],[-1,2,-3],[2,-3,-4],[-1,-2,4],[1,-2,4],[-1,2,4],[1,-2,-3],[-1,-2,3],[1,-3,4],[-2,-3,4],[1,3,4],[-1,-3,-4]]",4.0,24.0,6.0,72.0,3.0,0.0,3.0,3.0,0.0,1.0,0.4861111111111111,1.479019945774904,0.82915619758885,1.0,12.0,0.816496580927726,13.0,18.0,0.7071067811865476,17.0,19.0,-0.0324217406260749,0.1267020307512829,-0.1764705882352941,0.1578947368421052,3.0,0.0,3.0,3.0,2.221014492753623,0
sat-00087,f3c569529a4d7c3b2389aed6efb2a321767e9aae8c7f782e5b588cda17ffe8db,2sat,5,"[[-3,5],[3,5],[2,4],[-4,-5],[-4,5],[1,2],[-1,-5],[-2,4]]",5.0,8.0,1.6,16.0,2.0,0.0,2.0,2.0,1.0,0.0,0.5625,0.7483314773547883,0.4898979485566356,0.5,0.8,0.8717797887081347,2.0,3.2,1.16619037896906,2.0,5.0,0.1066666666666666,0.1372750685464933,0.0,0.3333333333333333,2.0,0.6324555320336759,1.0,3.0,0.75,0
sat-00361,7f11810d4cd03c2725d835b202766535881421652cdb62ea061b030838d6fb4f,2sat,4,"[[-1,-4],[2,4],[-3,-4],[2,-3],[1,4],[-1,2],[-1,4],[-1,-2],[-2,3],[1,-4],[3,-4],[2,-4],[1,-2]]",4.0,13.0,3.25,26.0,2.0,0.0,2.0,2.0,1.0,0.0,0.4615384615384615,0.7071067811865476,1.118033988749895,0.8333333333333334,2.1666666666666665,1.21335164821342,4.0,6.5,1.5,4.0,8.0,-0.0625,0.1480636067122946,-0.25,0.1428571428571428,2.5,0.5,2.0,3.0,0.9743589743589745,0
sat-00652,efb6ebbfa14d0b080a3d4be164370508eb1390ce2b918212b61a04ea8ddef0ad,3sat,4,"[[-1,-2,-3],[-2,-3,-4],[-1,2,-3],[-1,2,4],[1,3,4],[2,-3,-4],[-1,-2,3],[-1,3,-4],[-1,-3,4],[1,-2,4],[1,-2,-3],[-1,2,3],[2,-3,4],[1,-2,3],[-2,3,-4],[-1,-2,4],[2,3,-4]]",4.0,17.0,4.25,51.0,3.0,0.0,3.0,3.0,0.0,1.0,0.4509803921568627,1.0897247358851685,1.224744871391589,1.0,8.5,1.5,11.0,12.75,1.299038105676658,11.0,14.0,-0.0963203463203463,0.160213373915264,-0.3333333333333333,0.0909090909090909,3.0,0.0,3.0,3.0,2.2279411764705883,0
sat-01916,5e023e60e2a1da34366fe59d4d35ded524e1ff9a0ef16703bc642941e61d07c7,2sat,4,"[[2,-3],[1,-2],[-1,4],[2,3],[-1,2],[1,3]]",4.0,6.0,1.5,12.0,2.0,0.0,2.0,2.0,1.0,0.0,0.6666666666666666,0.7071067811865476,0.7071067811865476,0.6666666666666666,1.0,0.816496580927726,2.0,3.0,1.224744871391589,1.0,4.0,0.4583333333333333,0.3608439182435161,0.0,1.0,2.0,0.7071067811865476,1.0,3.0,1.0,1
sat-02810,7d1408805db67c49998e90ad7633391f2de51c6cd5267aae835bcbf2ada5e7ea,2sat,4,"[[3,4],[-1,-3],[-3,-4],[1,4],[-1,4],[-1,-2],[1,-3],[2,-3],[-1,2],[2,4],[2,3],[-3,4],[1,-2],[1,3],[1,-4],[1,2]]",4.0,16.0,4.0,32.0,2.0,0.0,2.0,2.0,1.0,0.0,0.59375,1.0897247358851685,1.299038105676658,1.0,2.6666666666666665,0.9428090415820634,4.0,8.0,1.224744871391589,7.0,10.0,0.2017857142857143,0.2770275441252758,-0.25,0.4285714285714285,3.0,0.0,3.0,3.0,0.9583333333333334,0
sat-01513,3fc6a1a8af54b5198c85a5dfc17584d7d5150a23bd7b9990ffbbc1d0c615a5fb,3sat,5,"[[1,3,4],[1,2,3],[1,2,-3],[-1,-2,5],[1,-3,-5],[1,-2,-4],[1,-3,-4],[3,-4,5],[-1,-3,-5],[3,4,5],[1,-3,5],[-1,3,4],[-3,4,5]]",5.0,13.0,2.6,39.0,3.0,0.0,3.0,3.0,0.0,1.0,0.5897435897435898,1.624807680927192,1.469693845669907,1.0,3.9,2.1656407827707715,8.0,7.8,2.4819347291981715,4.0,11.0,0.1761038961038961,0.2084625550779417,-0.0909090909090909,0.4285714285714285,4.0,0.0,4.0,4.0,1.8974358974358971,1
sat-02300,ba0c71a9852314adb10870265e80e95b089fc6e9b60a11eb94ae4c9f70bca0ae,2sat,5,"[[2,3],[-2,4],[1,-3],[2,5],[1,5],[-3,-4],[4,-5],[2,-4],[4,5],[2,-3],[-1,-2],[-4,5],[-3,5],[-1,5],[-4,-5],[3,-4],[-1,3],[1,-4],[3,-5],[-2,3],[3,4],[-1,-5],[2,-5],[-2,-3],[1,4],[1,-2],[-2,5],[-2,-4],[2,4]]",5.0,29.0,5.8,58.0,2.0,0.0,2.0,2.0,1.0,0.0,0.5172413793103449,0.6324555320336759,1.2,1.0,2.9,0.8306623862918074,4.0,11.6,1.4966629547095764,9.0,13.0,0.0429681429681429,0.1009860708969451,-0.0769230769230769,0.1666666666666666,4.0,0.0,4.0,4.0,0.770935960591133,0
sat-00911,8ecca3a3c4a0159500bb310d512d53f9e32c036d1f8b896d737de001bd092ea0,3sat,5,"[[1,2,-5],[-3,-4,-5],[1,-2,4],[2,-4,5],[1,3,-5],[1,2,-3],[3,-4,-5],[-1,-2,-5],[1,3,5],[1,-3,4],[-1,3,4],[-1,2,4],[1,-3,5],[-1,-2,3],[-1,-3,-5],[-1,-2,-3],[-1,2,5],[-1,4,-5],[1,-2,-3],[-1,-2,5],[-1,3,5],[-1,-4,5],[-1,-4,-5],[-3,4,5],[2,3,5],[1,4,-5],[1,2,-4]]",5.0,27.0,5.4,81.0,3.0,0.0,3.0,3.0,0.0,1.0,0.4938271604938271,1.2649110640673518,2.2271057451320084,1.0,8.1,2.8792360097775944,13.0,16.2,3.4292856398964493,13.0,22.0,-0.0007459207459207,0.0700577544490159,-0.0909090909090909,0.0769230769230769,4.0,0.0,4.0,4.0,1.8376068376068373,0
sat-01124,68a027cd2352925f83603b559dc0659de498af867d5c9fd41232efb123b6d6a4,2sat,5,"[[-1,3],[1,4],[1,3],[-1,-2],[-1,2],[-2,-4],[2,3],[-2,4],[4,5]]",5.0,9.0,1.8,18.0,2.0,0.0,2.0,2.0,1.0,0.0,0.6111111111111112,0.7483314773547882,1.3564659966250538,0.6,0.9,0.8306623862918076,2.0,3.6,1.4966629547095764,1.0,5.0,0.42,0.5381449618829485,-0.2,1.0,2.4,0.8,1.0,3.0,0.8055555555555556,1
sat-02429,5234437ae19df53939334a79f58aac6f4a5b9511a06265461c4c649a3d616dac,2sat,5,"[[-2,5],[2,5],[1,4],[-1,3],[2,-5],[3,5],[-1,-3],[-4,-5],[-3,4],[1,-4],[-2,3],[2,-4],[-1,-4],[-2,-5],[1,-5]]",5.0,15.0,3.0,30.0,2.0,0.0,2.0,2.0,1.0,0.0,0.4666666666666667,0.3999999999999999,0.7483314773547882,0.9,1.5,1.118033988749895,4.0,6.0,0.6324555320336759,5.0,7.0,-0.0552380952380952,0.1767840708597654,-0.3333333333333333,0.2,3.6,0.4898979485566356,3.0,4.0,0.7238095238095238,0
sat-01818,897ab614c82193b0a3e4998f3c70a90bb4f0e99dacb43e8ad960ddb23df91d2a,3sat,5,"[[1,3,4],[2,-3,-4],[-1,2,-3],[-1,4,5],[-1,-2,-4],[1,2,-4],[-3,-4,-5],[2,3,4],[-2,-4,-5],[-2,3,4],[1,-2,-5],[1,4,5],[2,3,-4],[-1,2,-5],[-2,-3,-4],[-1,2,5],[2,4,-5],[-2,4,5],[-2,4,-5],[1,3,-5],[-3,4,-5],[2,-3,5],[1,-3,-4]]",5.0,23.0,4.6,69.0,3.0,0.0,3.0,3.0,0.0,1.0,0.4927536231884058,1.833030277982336,1.095445115010332,1.0,6.9,2.0712315177207983,11.0,13.8,2.315167380558045,11.0,17.0,-0.0245406554230083,0.1451693268063334,-0.2307692307692307,0.125,4.0,0.0,4.0,4.0,1.798418972332016,1
sat-00324,65a8fbebe607ecfea916caa650d57c2a7d9c22e0ad4c3fa6b1fb59efa0fef3bb,mixed,5,"[[-1,-4,-5],[1,3],[1,-2,-4],[-2,3,4],[4,5],[2,-3,5],[-1,-2,-3],[1,-4,-5],[1,-3,4],[-2,-3,4],[-1,3,-4],[-1,-3,4],[-2,-5],[4,-5],[-1,4,-5],[-3,4,-5],[-4,5],[2,4],[3,4,5],[-1,-2,-5],[-1,2],[-2,4],[1,-4],[1,2,-3],[3,-4,-5],[1,4],[-2,-3],[-1,-3,5],[-1,-2,5],[-2,3,-4],[3,-4,5]]",5.0,31.0,6.2,82.0,2.6451612903225805,0.4784644185223007,2.0,3.0,0.3548387096774194,0.6451612903225806,0.4512195121951219,2.576819745345025,0.6324555320336759,1.0,7.1,1.8681541692269403,10.0,16.4,2.4166091947189146,14.0,21.0,-0.1204761904761904,0.1828679932296677,-0.4285714285714285,0.1428571428571428,4.0,0.0,4.0,4.0,1.389247311827957,0
sat-01884,e158baf2b5759a625d62821de94c6009865bb0501017698f7adc0c646aa8d563,3sat,4,"[[-1,-2,4],[2,-3,4],[-1,-3,4],[1,3,-4],[-1,-2,-3],[1,-2,4],[2,-3,-4],[1,-3,4],[-2,-3,4],[-1,-2,3],[-1,3,4],[-1,2,4],[1,2,-3],[1,-2,3],[-2,3,4],[-2,3,-4],[-1,2,3],[2,3,-4],[1,-2,-4],[-1,-2,-4]]",4.0,20.0,5.0,60.0,3.0,0.0,3.0,3.0,0.0,1.0,0.4833333333333333,1.299038105676658,1.479019945774904,1.0,10.0,0.816496580927726,11.0,15.0,0.7071067811865476,14.0,16.0,-0.031547619047619,0.1756214669676345,-0.25,0.2,3.0,0.0,3.0,3.0,2.2157894736842105,1
sat-00490,24a7134b8d8658c9607873e758219e807e905190e783ec266cb98a08a98d0995,mixed,5,"[[2,-4],[1,4,5],[1,5],[-2,5],[1,-2],[-3,4,-5],[-1,-2,-5],[-2,3],[1,4],[2,3,-4],[-3,5],[2,-3,-4],[1,-3,-4],[1,3,5],[-1,-3,-4],[-1,5],[2,4,-5],[1,-4,-5],[-2,3,5],[-2,-5],[-1,2],[1,2,5],[2,-3],[-1,3,5],[-3,4,5],[-1,2,-3]]",5.0,26.0,5.2,67.0,2.576923076923077,0.4940474068717357,2.0,3.0,0.4230769230769231,0.5769230769230769,0.5373134328358209,1.939071942966532,0.9797958971132712,1.0,5.6,1.0198039027185568,8.0,13.4,1.3564659966250536,11.0,15.0,0.0594738594738594,0.1978689659941049,-0.2307692307692307,0.3333333333333333,4.0,0.0,4.0,4.0,1.2923076923076924,0
sat-00563,bcf052261fb4df3ad93ac91eb58263dbd8bc0b5e85bb4389657d51247326d587,3sat,5,"[[-2,-4,-5],[1,-4,5],[-1,2,3],[3,-4,-5],[-1,-3,5],[-2,3,4],[2,-4,5],[-1,4,-5],[-1,2,-5],[-2,-4,5]]",5.0,10.0,2.0,30.0,3.0,0.0,3.0,3.0,0.0,1.0,0.4333333333333333,1.019803902718557,1.3564659966250536,1.0,3.0,1.3416407864998738,6.0,6.0,1.4142135623730951,4.0,8.0,-0.1057142857142856,0.3841343302459041,-0.6,0.5,4.0,0.0,4.0,4.0,1.7777777777777777,1
sat-01086,4a7aa738b7452334d46cb2ac843037ad5e9dc1c7b95810d418c2df933cb04be3,mixed,4,"[[2,3,4],[1,2,3],[3,4],[-1,2,-4],[1,-4],[-2,3],[1,-3],[-1,3],[2,-3,-4],[-1,-2,-4],[3,-4],[1,2],[2,-4],[-2,-3,-4]]",4.0,14.0,3.5,34.0,2.4285714285714284,0.4948716593053935,2.0,3.0,0.5714285714285714,0.4285714285714285,0.5294117647058824,1.6583123951777,1.7320508075688772,1.0,4.333333333333333,1.1055415967851332,6.0,8.5,0.8660254037844386,7.0,9.0,0.0634920634920634,0.3657688451366004,-0.5555555555555556,0.3333333333333333,3.0,0.0,3.0,3.0,1.4175824175824177,1
sat-00467,9903c8e3fe0fa43fb9f0c1b0c10fc110b84871e55b9ac9cd2e74495f943cf948,3sat,5,"[[-1,2,-4],[2,3,-4],[-2,3,-4],[1,-2,5],[-1,-2,3],[-2,-4,-5],[-3,4,-5],[1,-3,-4],[-2,-3,-4],[-1,2,-3],[1,-4,5],[-1,4,-5],[-2,-3,-5],[1,-4,-5],[-1,-3,5],[2,-4,5],[-1,-2,4],[-1,-4,5],[1,4,-5],[1,-2,3],[1,-2,-3],[-2,3,5],[-1,2,5],[-1,-2,-4]]",5.0,24.0,4.8,72.0,3.0,0.0,3.0,3.0,0.0,1.0,0.3888888888888889,1.2,2.039607805437114,1.0,7.2,1.7204650534085253,9.0,14.4,1.624807680927192,12.0,16.0,-0.2112820512820513,0.1921052780894437,-0.4666666666666667,0.0769230769230769,4.0,0.0,4.0,4.0,1.7717391304347827,1
sat-02673,b74544d5b5a4ff53a0451777b4253251d8df3ab3d31c4670cfe99ac99e6476d2,mixed,5,"[[2,-3,-4],[1,2,-4],[2,4,-5],[-1,2,3],[-2,5],[1,-3,5],[-1,-3,-4],[-3,-4,5],[-2,-3,5],[-1,-2,4],[-3,4,-5],[-2,3,-5],[-1,2,-3],[-1,-4,-5],[-1,2,-4],[1,-4,-5],[1,-5],[1,5],[-1,3,-4],[-2,3,-4],[2,-3,5],[1,3,-5],[-1,-3,4],[1,2],[-4,5],[3,4,5],[-1,5]]",5.0,27.0,5.4,75.0,2.7777777777777777,0.415739709641549,2.0,3.0,0.2222222222222222,0.7777777777777778,0.4666666666666667,1.4142135623730951,1.7888543819998317,1.0,6.9,0.9433981132056604,8.0,15.0,1.095445115010332,13.0,16.0,-0.0605128205128205,0.2084737593793758,-0.3333333333333333,0.2307692307692307,4.0,0.0,4.0,4.0,1.5042735042735045,0
sat-01710,cbf4556ee193a342b6105d8fdf438bb0f1c3c2c6abceb46a95c7b03694d6a4ba,3sat,5,"[[-3,-4,-5],[-1,-2,4],[-1,3,4],[-2,3,5],[-2,-3,4],[1,2,-5],[1,-2,-4],[1,-4,5],[-1,-3,4],[-1,3,-4],[-2,4,-5],[-2,4,5],[-1,-4,5],[1,3,4],[1,2,-3],[2,3,-5],[1,-2,-5],[-1,2,3],[2,-4,-5],[-1,-4,-5],[1,2,5],[3,4,5],[1,-3,-5],[1,3,-5],[-2,3,-5],[1,-3,-4],[1,-3,5],[-1,-3,-4],[-1,4,-5]]",5.0,29.0,5.8,87.0,3.0,0.0,3.0,3.0,0.0,1.0,0.4827586206896552,1.743559577416269,1.095445115010332,1.0,8.7,1.9,12.0,17.4,1.9595917942265424,14.0,20.0,-0.04125116713352,0.1222642981231704,-0.2222222222222222,0.1,4.0,0.0,4.0,4.0,1.7807881773399017,0
sat-02901,f3cc7491b7b70ae252481d5a684b1661a7ce00d07bb0c671306622017e5c846e,3sat,5,"[[1,3,-5],[-1,-3,5],[1,3,-4],[-1,2,-4],[-1,-2,5],[2,4,-5],[-1,-3,4],[-2,-3,4],[-1,2,4],[1,-3,-5],[-1,-2,-3],[-1,-2,4],[1,-2,-3],[1,4,5],[-1,3,4],[1,-2,5],[2,-3,-5],[1,-2,3],[1,-4,5],[-2,4,-5],[-2,-3,5],[1,4,-5],[2,3,4],[1,-2,4],[3,4,5],[-1,2,5],[1,-2,-4],[1,2,-5],[2,3,5],[1,3,5],[2,-3,-4],[1,-2,-5],[2,3,-4],[-1,4,5],[1,2,-4]]",5.0,35.0,7.0,105.0,3.0,0.0,3.0,3.0,0.0,1.0,0.5619047619047619,2.0396078054371136,1.7204650534085253,1.0,10.5,2.29128784747792,14.0,21.0,2.6076809620810595,18.0,25.0,0.122883295194508,0.1275300638291824,-0.0434782608695652,0.3,4.0,0.0,4.0,4.0,1.7932773109243698,1
sat-00895,f0783654e828f449482e77cbee16aeb6135bd5ce483d0178669fc4bed85270e7,mixed,5,"[[-3,-4],[1,3,-4],[-1,-3,-4],[1,5],[-2,4],[1,-3,4],[-3,4,5],[1,3,-5],[-2,3,4],[-1,3,4],[2,-3,-5],[-1,3,-5],[1,3,4],[1,-3],[-1,-2,-5],[-1,-3,5],[-1,2,-3],[1,-4,5]]",5.0,18.0,3.6,50.0,2.7777777777777777,0.415739709641549,2.0,3.0,0.2222222222222222,0.7777777777777778,0.5,1.7888543819998317,1.7888543819998317,1.0,4.6,2.727636339397171,10.0,10.0,3.286335345030997,5.0,14.0,-0.0131868131868131,0.1452280019958273,-0.2,0.2,4.0,0.0,4.0,4.0,1.6470588235294117,1
sat-01181,d97b70b731364ba7d8859b67f947dc3acd21995cd9af639370155c54a4260a29,mixed,5,"[[1,4],[2,-3,5],[-1,-2,-3],[1,-4],[-3,-4,-5],[-3,-4],[-3,-4,5],[-2,5],[-2,-3,-5],[2,3,5],[2,5],[-1,-2,-5],[-1,2,3],[1,-3],[-3,5],[-1,4,-5],[-1,4,5],[-1,2],[1,2,-5],[-1,-3,-4],[2,-3,4],[-1,2,-4],[1,-2],[2,3,-5],[2,-3],[-2,-3,5],[2,-4,5],[1,-2,4],[-4,5],[1,2],[-2,3,-5],[3,5],[1,-2,-4]]",5.0,33.0,6.6,86.0,2.606060606060606,0.4886216817150636,2.0,3.0,0.3939393939393939,0.6060606060606061,0.4767441860465116,2.9257477676655586,1.6733200530681511,1.0,7.3,2.6476404589747453,11.0,17.2,2.315167380558045,14.0,21.0,-0.0664799253034547,0.2444895920257258,-0.4117647058823529,0.2222222222222222,4.0,0.0,4.0,4.0,1.3446969696969695,0
sat-02050,897ac057b5d9b5d36b5e72d99aac65bac92cc8fd4da0a9ff98035cd71d6ec271,3sat,5,"[[-2,3,4],[-1,-2,5],[-2,-3,5],[-2,3,-4],[1,-4,5],[-1,3,4],[1,-4,-5],[2,-4,5],[-1,2,3],[-1,-2,4],[-1,4,5],[1,-3,-4],[-1,2,5],[2,-3,5],[-1,-2,-5],[1,3,-5],[3,4,-5],[2,-3,-4],[-2,-4,5],[-1,2,-4],[2,-3,4],[1,3,5],[-1,-4,-5],[-2,4,-5],[-1,-2,3],[-1,-4,5],[-1,-3,-5],[-1,4,-5],[3,4,5],[1,-3,4],[1,-3,5]]",5.0,31.0,6.2,93.0,3.0,0.0,3.0,3.0,0.0,1.0,0.4838709677419355,1.8973665961010275,1.8547236990991407,1.0,9.3,1.7349351572897471,13.0,18.6,1.743559577416269,16.0,20.0,-0.033235294117647,0.1694475044000496,-0.3,0.2,4.0,0.0,4.0,4.0,1.7763440860215054,0
sat-00497,ff643ca5f67129b8a0f68d2dc490cac927687dbf7bebbb3585f3d997a7ad266a,2sat,5,"[[-1,2],[-1,3],[1,-2],[1,-5],[4,5],[2,-4],[1,2],[-4,5],[-1,-2],[-1,-4],[-4,-5],[3,-4],[-3,4],[-1,-3],[2,-5],[2,-3],[1,-3],[-2,-4],[3,-5],[-1,5]]",5.0,20.0,4.0,40.0,2.0,0.0,2.0,2.0,1.0,0.0,0.425,1.019803902718557,1.2,1.0,2.0,1.0,4.0,8.0,1.095445115010332,7.0,10.0,-0.1471428571428571,0.2387723704660134,-0.5,0.25,4.0,0.0,4.0,4.0,0.7526315789473684,0
sat-00822,1e2f007ab5d47f63e23fa3ed3a6940849affbc799af771b0147fbb3957a0c908,mixed,5,"[[1,2,4],[-1,2,5],[-2,5],[-1,2,-5],[2,-3],[2,3,-5],[-3,-4,-5],[-3,5],[3,-4,5],[-3,4,5],[1,-2,-4],[-1,2,4],[-1,3,-5],[-2,-5],[-2,-4,5],[1,3,-5],[-1,5],[-1,-2,-3],[2,3],[-3,4,-5]]",5.0,20.0,4.0,54.0,2.7,0.458257569495584,2.0,3.0,0.3,0.7,0.4814814814814814,1.6,1.019803902718557,1.0,4.8,1.469693845669907,8.0,10.8,2.1354156504062622,8.0,14.0,-0.0515151515151515,0.1636363636363636,-0.3333333333333333,0.1666666666666666,4.0,0.0,4.0,4.0,1.4526315789473685,0
sat-00983,412c4468a8f061fe5cf5be4c02df77671622b789297ae8985a0099e79e1b3bf4,3sat,5,"[[-1,2,-4],[2,4,-5],[-3,4,5],[2,-3,-5],[-1,2,3],[1,-3,5],[1,2,3],[-1,3,5],[-1,3,-5],[1,3,-4],[1,3,5],[-1,-2,-3],[-1,2,4],[1,4,5],[2,3,-4],[-1,-2,4],[-1,2,-5],[-2,3,5],[-1,-2,-5],[1,-3,-4],[-2,-4,-5],[2,-4,5],[-2,3,-5],[3,-4,5],[1,-2,4],[3,4,5]]",5.0,26.0,5.2,78.0,3.0,0.0,3.0,3.0,0.0,1.0,0.5512820512820513,1.4966629547095764,1.2649110640673518,1.0,7.8,1.1661903789690602,10.0,15.6,0.7999999999999999,14.0,16.0,0.1,0.16583123951777,-0.125,0.375,4.0,0.0,4.0,4.0,1.756923076923077,0
sat-00946,3edba642bfe43991df799a83b31eb6e1bdb7a9de7677a9e362226afc8837a2ba,mixed,5,"[[-1,-5],[1,-4,-5],[-1,-2,5],[1,4],[3,-4,-5],[-2,3,5],[1,-3,4],[2,-4],[1,-2,3],[4,-5],[-1,-4,-5],[1,-3,-5],[3,-5],[2,3,-4],[-3,4,5],[1,2,-5],[-1,-3,5],[1,2,5],[-1,-4],[-1,-3],[1,2,-3],[-1,3,-5],[-1,4],[-2,-3,5],[1,-2,4],[1,2,-4],[-3,4],[1,-3,5],[1,3]]",5.0,29.0,5.8,77.0,2.655172413793104,0.4753120259341455,2.0,3.0,0.3448275862068966,0.6551724137931034,0.5064935064935064,2.1354156504062622,1.4966629547095764,1.0,6.7,2.0518284528683197,10.0,15.4,2.9393876913398134,11.0,20.0,0.0081818181818181,0.12584097271248,-0.125,0.2,4.0,0.0,4.0,4.0,1.41871921182266,0
sat-01378,1a8e0bb223d9bf7d6f9c4612e48a6c19cc3ffa498814fb961a0b18e059ee5956,2sat,4,"[[-1,2],[1,-2],[-3,4],[1,2],[-1,-2],[-1,4]]",4.0,6.0,1.5,12.0,2.0,0.0,2.0,2.0,1.0,0.0,0.5,0.8660254037844386,1.118033988749895,0.5,1.0,1.4142135623730951,4.0,3.0,1.5811388300841898,1.0,5.0,-0.0499999999999999,0.7123903424387504,-1.0,1.0,1.5,0.5,1.0,2.0,1.1333333333333333,0
sat-01841,189c12117b1b99bac8eb10b306cff8c4ae0dd26f198d5b8566f82853ef739c35,3sat,4,"[[1,-3,4],[-1,-2,4],[-1,-3,4],[1,3,-4],[1,-2,4],[1,3,4],[-1,2,4],[1,-2,3],[1,-2,-3],[-2,-3,4],[-1,2,-3],[1,2,3],[2,3,-4]]",4.0,13.0,3.25,39.0,3.0,0.0,3.0,3.0,0.0,1.0,0.5897435897435898,1.299038105676658,1.224744871391589,1.0,6.5,0.957427107756338,8.0,9.75,0.82915619758885,9.0,11.0,0.1792929292929292,0.2582556880460169,-0.1111111111111111,0.5555555555555556,3.0,0.0,3.0,3.0,2.2051282051282053,1
sat-00580,a1c12db863d1c20498e99af5740c0da2dddc59935d57d9911612b23e00a413b0,3sat,5,"[[2,3,-4],[2,3,4],[2,-3,5],[-1,-4,5],[-1,2,-4],[1,4,5],[1,-2,5],[-3,-4,-5],[1,-4,5],[2,-4,5],[1,2,4],[3,4,-5],[1,-3,-4],[-1,4,5],[1,2,-3],[-1,3,4],[1,-2,-4],[1,-2,4],[-2,4,-5],[-1,3,5],[-2,-3,4],[-2,3,-5],[-1,3,-4],[-2,3,4],[-1,-2,3],[-1,-2,-5],[-3,-4,5],[2,-3,4],[-1,-2,-3],[2,-3,-4],[-1,-3,-5],[1,-2,-5],[-1,3,-5]]",5.0,33.0,6.6,99.0,3.0,0.0,3.0,3.0,0.0,1.0,0.4848484848484848,0.8,1.1661903789690602,1.0,9.9,1.57797338380595,12.0,19.8,1.6,17.0,22.0,-0.028235294117647,0.062408410399411,-0.1,0.0588235294117647,4.0,0.0,4.0,4.0,1.7746212121212122,0
sat-00912,0ac910f2d77b5c06f11d49d2176ed3b76a5a4b5418678429e29deec482205f30,2sat,4,"[[-3,-4],[-1,-3],[-1,-2],[2,3],[1,-2],[3,-4],[1,2],[1,-4],[-1,3],[1,-3],[2,-4],[-2,-3],[1,3],[-1,4],[-3,4]]",4.0,15.0,3.75,30.0,2.0,0.0,2.0,2.0,1.0,0.0,0.4666666666666667,1.118033988749895,0.7071067811865476,1.0,2.5,0.957427107756338,4.0,7.5,1.5,6.0,9.0,-0.0833333333333333,0.1643355495305448,-0.3333333333333333,0.1111111111111111,3.0,0.0,3.0,3.0,0.9714285714285714,0
sat-01926,e9b3e768c758a3f6b17dfbbc0055c3c1c72537c3480444143f17864792bed55a,2sat,4,"[[1,3],[2,-4],[2,-3],[1,-3],[-1,2],[1,2],[3,-4],[-1,3]]",4.0,8.0,2.0,16.0,2.0,0.0,2.0,2.0,1.0,0.0,0.625,1.5,0.8660254037844386,0.8333333333333334,1.3333333333333333,0.9428090415820632,3.0,4.0,1.224744871391589,2.0,5.0,0.0999999999999999,0.714142842854285,-1.0,1.0,2.5,0.5,2.0,3.0,0.9642857142857144,1
sat-00030,2a1bf24ae421914ddd50b5d214a5039a23d76511947492f9cc54753c29ae3eca,2sat,5,"[[-1,4],[-1,-5],[1,4],[-2,5],[-2,-5],[-2,3],[1,-2],[-3,4],[-4,5],[-3,-4],[-4,-5],[3,4],[3,5],[3,-5],[-1,5],[1,-4],[-2,4],[4,-5],[1,3],[2,-3],[-1,-3],[-1,2],[3,-4],[2,3],[-1,-4],[2,5],[1,5],[1,-5]]",5.0,28.0,5.6,56.0,2.0,0.0,2.0,2.0,1.0,0.0,0.5178571428571429,0.9797958971132712,0.7999999999999999,1.0,2.8,0.9797958971132712,4.0,11.2,1.1661903789690602,9.0,12.0,0.0323232323232323,0.1276729317925249,-0.1111111111111111,0.2727272727272727,4.0,0.0,4.0,4.0,0.7645502645502645,0
sat-00214,89af9098267918cfa30ad502db2aec2b4780feb62d751cf1d741821c7af681e2,2sat,5,"[[2,-5],[-1,5],[-2,5],[3,-4],[4,5],[-2,-5],[2,-3],[2,3],[4,-5],[-1,4],[-2,4],[-3,4],[2,-4],[-1,3],[-1,-3],[2,5],[-2,-3],[-1,-4],[-1,2],[1,4],[3,5],[-2,3],[1,-4],[-4,5],[1,-5],[-3,5],[1,-2]]",5.0,27.0,5.4,54.0,2.0,0.0,2.0,2.0,1.0,0.0,0.5185185185185185,1.0198039027185568,0.7483314773547882,1.0,2.7,0.9,4.0,10.8,0.7483314773547882,10.0,12.0,0.0327272727272727,0.1531595613720195,-0.2,0.2727272727272727,4.0,0.0,4.0,4.0,0.7578347578347578,0
sat-02484,8189b2fc12b20fc2a6dfa9ca09d5e21f220b80b9100d8c0bdc4c8c6c2d714f70,3sat,4,"[[-1,-2,4],[-1,3,4],[1,2,3],[2,-3,4],[1,-2,3],[-2,3,4],[1,3,-4],[2,-3,-4],[1,-2,-3],[-1,-2,-4],[-2,3,-4],[1,-3,-4],[1,2,4],[1,2,-3],[2,3,-4],[1,-2,4],[-1,2,-4],[-2,-3,4],[-1,-2,3],[1,-2,-4]]",4.0,20.0,5.0,60.0,3.0,0.0,3.0,3.0,0.0,1.0,0.5166666666666667,0.82915619758885,1.920286436967152,1.0,10.0,1.4142135623730951,12.0,15.0,1.224744871391589,14.0,17.0,0.0463585434173669,0.1796041975372278,-0.1764705882352941,0.2857142857142857,3.0,0.0,3.0,3.0,2.226315789473684,0
sat-02965,39b01d5209a5a6e379ed8e64f2ecf744f8dc2fd7ede203277f1e8673e4e5d9e1,3sat,5,"[[-1,3,5],[1,2,5],[-3,-4,-5],[1,-3,-4],[-1,-3,4],[1,-2,3],[2,-4,5],[-2,-3,-5],[-1,3,-5],[1,3,-5],[-1,2,3]]",5.0,11.0,2.2,33.0,3.0,0.0,3.0,3.0,0.0,1.0,0.4848484848484848,1.32664991614216,0.8,1.0,3.3,1.6155494421403511,7.0,6.6,1.8547236990991407,4.0,9.0,-0.0663492063492063,0.245252015837507,-0.5,0.2,4.0,0.0,4.0,4.0,1.8363636363636364,1
sat-01450,963d369827191529969a2175ae546da365dc9716be9bd18b4ae1571d0f35c806,2sat,5,"[[1,-2],[3,4],[-2,-4],[-3,5],[-1,4],[-3,-4],[-4,-5],[1,-5],[1,-4],[2,5],[4,5],[-2,3],[3,5],[2,3],[-1,5],[3,-5],[-4,5],[1,2],[-3,-5],[-1,-2],[1,4],[2,-5],[1,3],[-2,4],[-1,-4],[-2,5],[1,-3]]",5.0,27.0,5.4,54.0,2.0,0.0,2.0,2.0,1.0,0.0,0.5370370370370371,1.16619037896906,0.8944271909999159,1.0,2.7,0.7810249675906654,4.0,10.8,0.7483314773547883,10.0,12.0,0.0696969696969696,0.1822822360803431,-0.2,0.2727272727272727,4.0,0.0,4.0,4.0,0.7578347578347578,0
sat-01223,7f590ccde4fd407ddec389f184fdc73942ab86930059760569050a5aaee82483,2sat,4,"[[1,2],[-1,-2],[-2,3],[3,4],[-2,4],[-3,4],[1,-4],[2,3],[-3,-4],[2,4],[1,-2],[1,3],[1,-3],[-1,3],[-1,4],[-2,-4],[-1,-3],[-1,-4],[2,-4],[2,-3]]",4.0,20.0,5.0,40.0,2.0,0.0,2.0,2.0,1.0,0.0,0.5,0.0,0.0,1.0,3.333333333333333,0.4714045207910317,4.0,10.0,0.0,10.0,10.0,0.0,0.0,0.0,0.0,3.0,0.0,3.0,3.0,0.9473684210526316,0
sat-02088,9d16f4df705733617d76c05fcd18efe3c5c930b1811799ed15941f24bc21d406,3sat,4,"[[1,-3,4],[1,2,4],[-2,3,4],[2,3,-4],[1,3,4],[-1,3,4],[-1,2,-3],[1,-3,-4],[-1,-2,-4],[2,-3,-4],[2,3,4],[1,3,-4],[-2,-3,-4],[-1,3,-4],[1,-2,-3],[-2,-3,4],[1,-2,-4],[1,2,-4],[1,-2,4],[-1,-3,-4],[-1,2,-4],[-2,3,-4]]",4.0,22.0,5.5,66.0,3.0,0.0,3.0,3.0,0.0,1.0,0.4848484848484848,0.7071067811865476,2.179449471770337,1.0,11.0,2.3804761428476167,14.0,16.5,2.0615528128088303,15.0,20.0,-0.0166666666666666,0.1443375672974064,-0.2,0.2,3.0,0.0,3.0,3.0,2.2510822510822512,0
sat-00871,c6bcefc2c094f4ef177f810fbefa277bc61e3fcddf1daa4875253e79bfae5278,3sat,5,"[[-2,3,5],[-1,3,-4],[1,2,5],[1,3,5],[-2,3,-5],[2,4,5],[-1,-2,-5],[-1,2,-3],[1,4,5],[-2,4,5],[-1,3,-5],[-2,-4,-5],[-1,-2,3],[1,-2,-5],[-1,-2,4],[1,-3,-5],[2,3,-5],[-1,3,5],[1,4,-5],[-1,-2,5],[1,3,-5],[1,3,4],[-2,-3,-4],[-1,2,5],[1,-2,3],[1,-2,-4],[-1,-2,-3],[3,-4,5],[2,3,4]]",5.0,29.0,5.8,87.0,3.0,0.0,3.0,3.0,0.0,1.0,0.5287356321839081,2.481934729198171,3.3105890714493698,1.0,8.7,2.4103941586387903,12.0,17.4,2.870540018881465,12.0,20.0,0.0760577915376677,0.2890103151250804,-0.3684210526315789,0.5294117647058824,4.0,0.0,4.0,4.0,1.807881773399015,0
sat-02192,f3e5c2b88efee38f13782037ea720cec16ee37645842160b6843f7d307e20567,2sat,5,"[[-2,3],[1,-5],[-1,3],[1,3],[1,4],[-2,4],[-1,5],[3,-5],[2,-5],[2,-3],[-1,4],[2,3],[2,-4],[4,5],[1,-4],[-4,-5],[-1,2],[-2,5],[4,-5],[2,5],[-3,4],[-1,-5],[-1,-2],[-1,-3],[1,-3],[-2,-3],[1,5],[1,2],[-1,-4],[2,4]]",5.0,30.0,6.0,60.0,2.0,0.0,2.0,2.0,1.0,0.0,0.5333333333333333,1.2,1.3564659966250536,1.0,3.0,1.095445115010332,4.0,12.0,1.7888543819998317,10.0,15.0,0.0691841491841492,0.152585240388294,-0.0909090909090909,0.2727272727272727,4.0,0.0,4.0,4.0,0.7770114942528735,0
sat-00790,0c5542ac13ba56cd8bc5e023579d793c0a62edc752df6c6d429a8fe4a6d61573,2sat,5,"[[1,-4],[2,-4],[1,3],[2,4],[-2,-5],[-3,-4],[2,-5],[-3,5],[-4,5],[3,-5],[2,-3],[1,-3],[-2,5],[1,5],[2,3],[-1,5],[-3,4],[1,2],[1,-2],[3,-4],[-1,-4],[-1,2],[1,-5],[-2,4],[-1,-2],[-1,3],[1,4],[-3,-5],[-1,-5]]",5.0,29.0,5.8,58.0,2.0,0.0,2.0,2.0,1.0,0.0,0.5,1.469693845669907,0.3999999999999999,1.0,2.9,0.8306623862918076,4.0,11.6,1.3564659966250536,10.0,14.0,-0.0144588744588744,0.1439927577413747,-0.2,0.1666666666666666,4.0,0.0,4.0,4.0,0.7684729064039408,0
sat-02206,483e6d6e21ffb942d25b2bfeab8fbed572c7455c7a32ad91b1f4dda28b778e87,mixed,5,"[[-1,-4,5],[4,5],[-1,4],[-2,3,5],[2,3],[-2,3,-5],[1,2,-5],[-2,4,5],[1,-4,5],[-3,5],[-3,4],[-2,-4,5],[-1,5],[-1,-5],[3,-5],[-1,-3,-5],[-2,-3,-5],[2,-4,-5],[-2,4],[1,-2,3],[3,4,-5],[1,-4],[1,4,-5],[-2,-4,-5],[1,4,5],[2,3,-4],[1,2,3],[2,3,-5],[-2,-3],[1,-3,-4],[2,4,-5],[2,3,4]]",5.0,32.0,6.4,85.0,2.65625,0.4749588797990832,2.0,3.0,0.34375,0.65625,0.5294117647058824,0.8944271909999159,2.449489742783178,1.0,7.4,2.537715508089904,11.0,17.0,2.6076809620810595,13.0,21.0,0.0780399339222868,0.1558956903361709,-0.1428571428571428,0.25,4.0,0.0,4.0,4.0,1.405241935483871,0
sat-01911,85b8f0dd94c5c6b4ebade395b7262339b85bc5a828e853516d6a767020182c87,mixed,4,"[[-1,2],[-1,-2,-3],[1,2,-3],[-1,2,3],[-2,3,-4],[2,3,-4],[1,-3],[-1,-2,-4],[-2,4],[1,-4],[-1,-3,4],[-1,-2,3],[-1,2,4],[-1,3],[2,-3,-4],[-1,2,-3],[2,3,4],[-2,-3],[3,-4],[1,-2,3],[3,4]]",4.0,21.0,5.25,55.0,2.619047619047619,0.4856209060564557,2.0,3.0,0.3809523809523809,0.6190476190476191,0.4727272727272727,2.0615528128088303,1.0897247358851685,1.0,7.833333333333333,2.1921577396609844,11.0,13.75,1.920286436967152,11.0,16.0,-0.0709644522144522,0.1975595400283247,-0.3846153846153846,0.125,3.0,0.0,3.0,3.0,1.7047619047619047,0
sat-00329,af82b2815c560047ae417055601ce66d3ef5b22c0d51ae4867ca198e03a2a55b,mixed,5,"[[-2,3,-4],[2,4],[-2,-3],[-3,4],[-2,-4],[1,5],[-1,-4],[3,-4,5],[-1,2],[-2,-3,4],[1,-3,4],[2,-3,5],[2,4,-5],[-2,-4,5],[1,3,5],[-2,-4,-5],[-2,4],[-1,3,5],[-3,-4],[-1,-3,5],[2,-4],[-1,3,-4],[1,-2,5],[-1,-2,-5],[1,-2,4],[3,5],[1,2,-4],[-1,-3,-4],[1,4,-5],[-1,4],[1,2,4],[1,3,-4]]",5.0,32.0,6.4,84.0,2.625,0.4841229182759271,2.0,3.0,0.375,0.625,0.5,1.2,2.65329983228432,1.0,7.2,2.3151673805580453,12.0,16.8,2.993325909419153,13.0,22.0,0.0218785136432195,0.1963907485935052,-0.1764705882352941,0.3846153846153846,4.0,0.0,4.0,4.0,1.3830645161290325,0
sat-00150,961fbe3e7e00c11b552df44f5365c377cc2aa9b6b5a178df6a2e7117e8018668,3sat,5,"[[1,2,-5],[2,3,4],[1,4,-5],[2,-4,5],[1,3,-4],[1,-2,5],[-1,3,4]]",5.0,7.0,1.4,21.0,3.0,0.0,3.0,3.0,0.0,1.0,0.7142857142857143,0.6324555320336759,0.7483314773547883,0.9,2.1,0.9433981132056604,3.0,4.2,0.7483314773547882,3.0,5.0,0.4600000000000001,0.344093010681705,0.0,1.0,3.6,0.4898979485566356,3.0,4.0,1.6666666666666667,1
sat-01036,5fe93e87a4015132c6a14266d2c70e6518aeb661192dff85d625dab3de14ff5d,3sat,5,"[[-1,2,5],[1,-3,5],[1,2,4],[2,3,5],[2,-4,5],[-1,-2,-4],[-1,2,4],[-3,4,-5],[1,-3,-5],[3,-4,-5],[-2,3,-5],[1,3,-5],[3,-4,5],[-3,-4,5],[2,-3,4],[1,3,-4],[1,-4,5],[-2,4,5],[1,-2,3],[-2,-3,5],[2,-3,-4],[1,2,3],[2,-3,5],[1,2,-3],[-1,3,-5],[2,4,-5],[1,-2,-3],[-1,2,-4],[2,4,5],[1,4,5],[-1,2,-5],[1,2,-5]]",5.0,32.0,6.4,96.0,3.0,0.0,3.0,3.0,0.0,1.0,0.5833333333333334,2.481934729198171,1.6733200530681511,1.0,9.6,1.5620499351813308,12.0,19.2,1.6,17.0,21.0,0.1586613592805543,0.1977654670741868,-0.0588235294117647,0.4285714285714285,4.0,0.0,4.0,4.0,1.7741935483870968,0
sat-00670,8a51297ae567e12c0979c9c2e84437887a3bfc2031a1e3589ffe6c937e1811e1,3sat,4,"[[-2,-3,-4],[-2,3,4],[1,-2,3],[-1,-3,4],[2,-3,-4],[-1,3,-4],[-1,2,4],[1,-2,-4],[1,-3,-4],[1,2,-4],[-1,-3,-4],[-1,3,4],[1,2,-3],[-1,-2,-3],[1,-3,4],[2,-3,4],[-1,-2,4],[-1,2,3],[1,2,3],[2,3,-4],[-1,-2,-4],[-2,3,-4],[2,3,4]]",4.0,23.0,5.75,69.0,3.0,0.0,3.0,3.0,0.0,1.0,0.4782608695652174,0.82915619758885,0.7071067811865476,1.0,11.5,0.957427107756338,13.0,17.25,0.82915619758885,16.0,18.0,-0.0443218954248365,0.0767677747635715,-0.125,0.0588235294117647,3.0,0.0,3.0,3.0,2.2213438735177866,0
sat-01759,a3cba1ca3ac7bb65152685c0b0fa32bd91469bc17e4250a398a7b8973149bdda,2sat,5,"[[-3,-4],[-1,-4],[-2,-3],[-1,-3],[3,4],[1,2],[-4,5],[-1,5],[3,-5],[1,3]]",5.0,10.0,2.0,20.0,2.0,0.0,2.0,2.0,1.0,0.0,0.45,0.7483314773547883,0.9797958971132712,0.8,1.0,0.6324555320336759,2.0,4.0,1.4142135623730951,2.0,6.0,-0.0733333333333333,0.2735771270491092,-0.5,0.3333333333333333,3.2,0.7483314773547882,2.0,4.0,0.7777777777777778,0
sat-00441,d2b7d843ccf3aecbf7e9e2e4284410762840593f851c84f2de55617094a8361d,3sat,5,"[[2,-3,-4],[-2,-4,-5],[-1,4,5],[-1,3,-5],[-1,-3,5]]",5.0,5.0,1.0,15.0,3.0,0.0,3.0,3.0,0.0,1.0,0.3333333333333333,0.6324555320336759,0.6324555320336759,0.9,1.5,0.806225774829855,3.0,3.0,0.6324555320336759,2.0,4.0,-0.3333333333333333,0.3651483716701107,-1.0,0.0,3.6,0.4898979485566356,3.0,4.0,1.6,1
sat-00289,1e6305e33204cbdc09f51960712e4a714db6a1d42d4f37d6f6ef9824f0c01896,mixed,4,"[[1,3,4],[1,-3,-4],[-1,3],[-2,4],[-1,2],[-1,2,-3],[-1,-2,-4],[-1,2,-4],[-1,3,4],[-3,4],[2,3],[2,3,-4],[-1,3,-4]]",4.0,13.0,3.25,34.0,2.6153846153846154,0.4865042554105199,2.0,3.0,0.3846153846153846,0.6153846153846154,0.5,1.479019945774904,1.920286436967152,1.0,4.833333333333333,1.2133516482134197,6.0,8.5,0.8660254037844386,7.0,9.0,0.0238095238095237,0.3916326917928676,-0.5555555555555556,0.4285714285714285,3.0,0.0,3.0,3.0,1.6538461538461535,1
sat-02864,d45a8f880e760d7030a1f0f4cfb255f7b13a3fb5bf87bd26e3d1a553a693e2cd,mixed,4,"[[-2,-3,4],[2,3,4],[-2,-3],[-2,3],[-3,4],[-1,-2],[1,3,-4],[-1,-3,-4],[1,2],[-1,-3],[-2,4],[1,-3,4]]",4.0,12.0,3.0,29.0,2.4166666666666665,0.4930066485916347,2.0,3.0,0.5833333333333334,0.4166666666666667,0.4482758620689655,1.0897247358851685,1.5811388300841898,1.0,3.6666666666666665,1.247219128924647,6.0,7.25,1.0897247358851685,6.0,9.0,-0.0833333333333333,0.3356636233302782,-0.4285714285714285,0.4285714285714285,3.0,0.0,3.0,3.0,1.4090909090909092,1
sat-01056,bce0dbbc1153e1116acc0957ed230bd0b1d70c1b52fe5ccc01bbe55a2ec291da,3sat,5,"[[-2,3,4],[-1,-2,-3],[2,3,5],[1,2,-3],[-2,-4,5],[-1,2,-4],[-1,3,4],[1,-2,5],[3,4,-5],[1,-2,-4],[-1,2,4],[-1,-2,3],[1,3,-5],[1,-4,-5],[1,2,3],[-1,-2,-4],[1,-2,4],[-1,-4,-5],[3,-4,-5],[-1,3,5],[-1,-4,5],[1,2,5],[1,-2,-5],[2,-3,-4],[1,2,-5],[2,3,-4]]",5.0,26.0,5.2,78.0,3.0,0.0,3.0,3.0,0.0,1.0,0.5128205128205128,2.0976176963403037,2.4979991993593598,1.0,7.8,2.227105745132009,13.0,15.6,2.4979991993593598,13.0,19.0,0.0361673414304993,0.2839714068171417,-0.3333333333333333,0.5384615384615384,4.0,0.0,4.0,4.0,1.8,0
sat-02412,036fa35410f51f6b7c2521f8d56317a0adecb25f2040a2d4848e7fd3bb0f5559,3sat,4,"[[2,3,-4],[-1,-2,3],[-1,2,3],[1,3,4],[2,3,4],[1,3,-4],[-1,-3,4],[-1,2,-4],[1,-2,-4],[-1,3,4],[-2,3,4],[-2,-3,-4],[1,2,-4],[-1,-2,4],[-2,3,-4],[1,-3,4],[-1,2,-3],[2,-3,-4],[1,-2,4],[-2,-3,4],[-1,3,-4],[-1,-2,-4],[1,-2,3],[-1,-2,-3],[1,2,-3],[1,-2,-3],[2,-3,4]]",4.0,27.0,6.75,81.0,3.0,0.0,3.0,3.0,0.0,1.0,0.4814814814814814,0.82915619758885,0.8660254037844386,1.0,13.5,0.957427107756338,15.0,20.25,0.82915619758885,19.0,21.0,-0.0369674185463659,0.070674358730758,-0.1428571428571428,0.0476190476190476,3.0,0.0,3.0,3.0,2.225071225071225,0
sat-01173,fd7099152f14505f9d2d9a701bf11036da8148e2d02890a9f9f3057a6d670c60,3sat,5,"[[-1,2,3],[-1,-2,-5],[2,-3,-4],[1,-3,-4],[2,3,-4],[-1,2,4],[1,-2,-5],[-1,2,-4],[-1,4,-5],[1,-2,4],[-2,-3,4],[-1,-3,4],[3,4,5],[-3,4,5],[1,-3,-5],[-1,3,-4],[2,3,-5],[2,-4,5],[1,3,-4],[-2,-3,-5],[1,-4,5],[-2,-3,-4],[-2,3,4],[-1,2,5],[1,-3,4],[1,3,5],[-2,4,5],[-1,3,4],[1,2,-5],[3,-4,-5],[-1,-2,3],[1,2,3],[-1,2,-3],[-1,4,5]]",5.0,34.0,6.8,102.0,3.0,0.0,3.0,3.0,0.0,1.0,0.5196078431372549,1.4966629547095764,1.32664991614216,1.0,10.2,2.0880613017821097,14.0,20.4,2.3323807579381204,16.0,22.0,0.0381818181818181,0.0741675565613495,-0.0909090909090909,0.1,4.0,0.0,4.0,4.0,1.7878787878787878,0
sat-00719,45f489a63ab092919bb29153235e3a00b06d97196bd1a1723f38132bf00bae9c,2sat,5,"[[-1,4],[-1,-5],[-3,-4],[3,-5],[3,4],[-2,5],[2,-4],[-2,3],[1,-2],[-1,3],[2,4],[1,5],[-4,5]]",5.0,13.0,2.6,26.0,2.0,0.0,2.0,2.0,1.0,0.0,0.5384615384615384,0.7483314773547882,0.8,1.0,1.3,0.4582575694955839,2.0,5.2,0.3999999999999999,5.0,6.0,0.0799999999999999,0.2993325909419153,-0.2,0.6,4.0,0.0,4.0,4.0,0.7051282051282052,0
sat-01762,000b7a345ba1ff49f6c60428b2ee22b24a7d31031cb8acebd2788cd92b7bab89,3sat,5,"[[-3,-4,-5],[-3,-4,5],[-1,-4,-5],[-1,-3,-5],[-1,2,5],[-1,2,4],[-1,3,4],[-2,-4,-5],[1,-4,-5],[1,2,-5],[2,-4,-5],[1,3,5],[3,-4,-5],[2,3,4],[-1,-2,-3],[1,-3,-4]]",5.0,16.0,3.2,48.0,3.0,0.0,3.0,3.0,0.0,1.0,0.3958333333333333,0.7483314773547882,2.227105745132009,1.0,4.8,1.32664991614216,7.0,9.6,1.4966629547095764,7.0,11.0,-0.1583261183261183,0.323699394554543,-0.4545454545454545,0.4285714285714285,4.0,0.0,4.0,4.0,1.7666666666666666,1
sat-00971,7dac4c2ae4af9a02cf5a4edd9e4ac4a2d641becbbbb83b2b46f7509bfc47bf06,3sat,4,"[[-1,-3,4],[1,3,-4],[2,-3,4],[-2,3,4],[1,-3,4],[1,2,-4],[1,-2,4],[-1,2,3],[-1,2,-4],[-1,2,4],[2,-3,-4],[-1,3,-4],[1,3,4],[-2,-3,4],[-1,3,4],[-2,3,-4],[-2,-3,-4],[1,-2,3],[1,-3,-4],[-1,-2,-4]]",4.0,20.0,5.0,60.0,3.0,0.0,3.0,3.0,0.0,1.0,0.5,1.118033988749895,0.8660254037844386,1.0,10.0,2.160246899469287,13.0,15.0,1.8708286933869709,13.0,18.0,-0.0025641025641025,0.0508313528246128,-0.0769230769230769,0.0666666666666666,3.0,0.0,3.0,3.0,2.247368421052632,0
sat-01983,3e2a1302e8f405d670e8fd0dbfdf5089fe93a53a1f8ef8953344023cbee602ff,mixed,4,"[[2,4],[-2,4],[-1,3],[-2,-3,-4],[-1,-4],[-1,3,4],[-1,2],[3,-4],[2,3]]",4.0,9.0,2.25,20.0,2.2222222222222223,0.415739709641549,2.0,3.0,0.7777777777777778,0.2222222222222222,0.5,1.5,1.118033988749895,1.0,2.1666666666666665,0.6871842709362768,3.0,5.0,0.7071067811865476,4.0,6.0,-0.05,0.5894913061275798,-1.0,0.6,3.0,0.0,3.0,3.0,1.1388888888888888,1
sat-02001,0cc3c46f48a41ec084dd7b4a19b787bf0db378aaac4801a8f47b0e234c88ea42,2sat,4,"[[2,-3],[-2,-3],[1,-3],[3,4],[3,-4],[1,3],[2,-4],[2,4],[1,-4],[1,-2],[-1,3],[-1,4],[-2,4],[-2,-4],[-1,-3],[-2,3],[-1,-4]]",4.0,17.0,4.25,34.0,2.0,0.0,2.0,2.0,1.0,0.0,0.4705882352941176,0.7071067811865476,0.5,1.0,2.833333333333333,1.0671873729054748,4.0,8.5,0.5,8.0,9.0,-0.0625,0.1337594464184598,-0.25,0.1111111111111111,3.0,0.0,3.0,3.0,0.9411764705882352,0
sat-00080,ff7024098001666fadecd8b1e0c21b00517a721f55fefeee6858f81f3e5fa7f2,2sat,5,"[[-2,3],[1,-4],[-2,-4],[2,-5],[-3,4],[-1,2],[3,4],[3,-4],[4,-5],[1,-2],[-1,5],[-2,-3],[1,5],[-4,-5],[3,5],[-1,-2],[1,2],[-1,4],[1,3],[-1,-3],[1,-5],[-2,5],[-2,-5],[-3,-5],[-3,5]]",5.0,25.0,5.0,50.0,2.0,0.0,2.0,2.0,1.0,0.0,0.46,1.0198039027185568,1.0198039027185568,1.0,2.5,0.806225774829855,4.0,10.0,1.095445115010332,8.0,11.0,-0.08,0.1700170142190684,-0.4,0.0909090909090909,4.0,0.0,4.0,4.0,0.76,0
sat-02061,83ac93d6b101a3ba881f79f33471a7fc975f724835e280cf46c3b4c91c5dbf5e,2sat,5,"[[4,-5],[-1,-5],[-4,5],[-1,5],[3,5],[1,3],[-1,2],[-2,4],[3,-5],[-4,-5]]",5.0,10.0,2.0,20.0,2.0,0.0,2.0,2.0,1.0,0.0,0.5,0.8944271909999159,1.4142135623730951,0.6,1.0,1.0,3.0,4.0,1.6733200530681511,2.0,7.0,0.0714285714285714,0.4989785484735137,-0.5,1.0,2.4,0.4898979485566356,2.0,3.0,0.8222222222222222,1
sat-00110,f657a868374885b87cad90993c0002b65b0a4246d06440056c8c8dbf72f16a8c,mixed,5,"[[-1,-2,3],[-1,-2,-3],[1,-2,-5],[-2,4],[-1,-2,5],[1,2,-3],[1,3,5],[1,-4,5],[-4,-5],[1,2,-4],[3,4,-5],[-2,4,5],[2,3,-5],[-2,5]]",5.0,14.0,2.8,39.0,2.7857142857142856,0.4103259033241448,2.0,3.0,0.2142857142857142,0.7857142857142857,0.5128205128205128,0.8944271909999159,1.7204650534085255,1.0,3.6,1.3564659966250538,6.0,7.8,1.6,6.0,10.0,0.0588888888888888,0.256365865103222,-0.4,0.3333333333333333,4.0,0.0,4.0,4.0,1.5274725274725274,1
sat-02063,954bf0684aef195fd07d5601df61a7601bbe8db7f68c96f83582410e65084588,2sat,5,"[[-1,4],[-3,-4],[2,-5],[-2,4],[-2,5],[-1,-5],[3,-5],[-1,2],[1,-5],[-2,-5],[2,4],[-1,-4],[-3,5],[4,5],[-4,5],[2,-4],[4,-5],[2,5],[-4,-5],[1,-2],[-1,5],[1,-4],[1,5],[3,-4]]",5.0,24.0,4.8,48.0,2.0,0.0,2.0,2.0,1.0,0.0,0.4791666666666667,1.624807680927192,1.8973665961010275,0.8,2.4,1.42828568570857,4.0,9.6,3.3823069050575527,4.0,14.0,-0.0333333333333333,0.0968644209675705,-0.1666666666666666,0.1111111111111111,3.2,0.7483314773547882,2.0,4.0,0.8514492753623188,0
sat-01992,6855156b2b0bf52d02084da81e12a3bf91a2a62315ec5f0dd544a4c8ac24964b,mixed,4,"[[-1,3],[1,-3],[-1,2,4],[-1,-2,3],[-2,3,4],[1,-2],[-1,-3,-4],[-1,-2],[-1,2],[1,2,3],[2,4],[1,2,-4],[2,3,4],[1,-4],[1,-2,3],[1,3,4],[2,-3,4]]",4.0,17.0,4.25,44.0,2.588235294117647,0.4921529567847503,2.0,3.0,0.4117647058823529,0.5882352941176471,0.6136363636363636,0.4330127018922193,1.299038105676658,1.0,6.166666666666667,1.0671873729054746,8.0,11.0,1.5811388300841898,9.0,13.0,0.2442307692307692,0.1286578544978788,0.0769230769230769,0.4,3.0,0.0,3.0,3.0,1.6544117647058822,0
sat-00674,0542998927cf9f1614b57e33a1779dfa4ba4e4ef3c91cb87134fac226e7732ba,2sat,5,"[[1,-5],[-1,4],[-1,-3],[-3,4],[2,-5],[2,-3],[2,3],[-4,5],[-1,2],[1,3],[1,4],[2,5],[-1,3],[-2,-4],[2,-4]]",5.0,15.0,3.0,30.0,2.0,0.0,2.0,2.0,1.0,0.0,0.5666666666666667,1.3564659966250538,1.019803902718557,0.9,1.5,0.806225774829855,3.0,6.0,1.095445115010332,4.0,7.0,0.1142857142857142,0.305059378629466,-0.1428571428571428,0.7142857142857143,3.6,0.4898979485566356,3.0,4.0,0.7428571428571429,0
sat-02109,494202812baf517d587f0a4a92d3872b2c0f21bb51025d6d1233a9e7177f3a3f,3sat,4,"[[-2,-3,4],[2,-3,-4],[1,2,4],[-1,-2,-4],[-1,-2,3]]",4.0,5.0,1.25,15.0,3.0,0.0,3.0,3.0,0.0,1.0,0.4,0.5,0.4330127018922193,1.0,2.5,0.957427107756338,4.0,3.75,0.82915619758885,3.0,5.0,-0.2166666666666666,0.1364225461978741,-0.3333333333333333,0.0,3.0,0.0,3.0,3.0,2.2,1
sat-01459,af29cbdd56814e7994b44da4375915e17978894f4b9439f6052756c7cc192d15,2sat,5,"[[-2,-5],[-3,-4],[1,5],[-1,-5],[-1,5],[1,2],[4,5],[2,5],[1,-2],[2,-3],[-2,-3],[3,5],[-4,5],[-2,-4],[1,3],[-1,4],[-4,-5],[-2,4],[-1,-3],[2,3],[-1,3],[1,-4],[-2,3],[3,-4],[2,4],[4,-5],[-3,4],[1,-3],[-2,5],[-1,-4]]",5.0,30.0,6.0,60.0,2.0,0.0,2.0,2.0,1.0,0.0,0.5,0.6324555320336759,1.095445115010332,1.0,3.0,0.8944271909999159,4.0,12.0,0.6324555320336759,11.0,13.0,0.0058275058275058,0.1469049377723564,-0.1666666666666666,0.2727272727272727,4.0,0.0,4.0,4.0,0.7609195402298851,0
sat-02890,c150db15ece8d63f85567e288a15c64f8dfdecd422c0b1b06c95c6ad0ee5f05d,mixed,5,"[[-2,-3,5],[-1,2,-5],[-2,3],[1,-2,3],[-4,-5],[-3,4,5],[2,-4],[-2,-3],[3,-4,5],[1,-3,-5],[-2,4,-5],[-2,-4,-5],[1,-2,5],[1,2,5],[1,-4,5],[-2,-3,-4],[-1,4,-5],[3,4],[2,3,-4],[1,4],[-1,5],[-1,4],[-1,-2,3],[1,4,5],[2,3,-5],[-1,4,5]]",5.0,26.0,5.2,70.0,2.6923076923076925,0.4615384615384615,2.0,3.0,0.3076923076923077,0.6923076923076923,0.5142857142857142,1.32664991614216,1.32664991614216,1.0,6.2,1.8867962264113207,9.0,14.0,1.4142135623730951,12.0,16.0,0.0299084249084249,0.1618174685528394,-0.2857142857142857,0.1666666666666666,4.0,0.0,4.0,4.0,1.4153846153846157,0
sat-01243,9095264a680676b8b8038f7c6bc104cc5a5c5a5ecfbc87ad5537f5e7c8d071a0,mixed,4,"[[-1,-3],[2,3,-4],[1,-2,-4],[-2,-4],[3,-4],[-2,3]]",4.0,6.0,1.5,14.0,2.333333333333333,0.4714045207910317,2.0,3.0,0.6666666666666666,0.3333333333333333,0.3571428571428571,1.0897247358851685,1.299038105676658,1.0,1.6666666666666667,0.7453559924999299,3.0,3.5,0.8660254037844386,2.0,4.0,-0.25,0.5590169943749475,-1.0,0.5,3.0,0.0,3.0,3.0,1.2666666666666666,1
sat-01325,a48e7fb7a3e68bdadc7bc3c08dd0f5491e851dfdf022418a2c8ef8b6d7e7401c,2sat,5,"[[-2,4],[1,-5],[-1,-4],[1,2],[-1,-2],[3,-4],[2,-5],[1,4]]",5.0,8.0,1.6,16.0,2.0,0.0,2.0,2.0,1.0,0.0,0.5,1.019803902718557,0.8,0.6,0.8,0.7483314773547883,2.0,3.2,1.469693845669907,1.0,5.0,0.0399999999999999,0.6374950980203691,-1.0,1.0,2.4,0.8,1.0,3.0,0.8214285714285714,1
sat-01091,101f29996e5f53257c30c3c919f9ab7dc7c5bcba04fe59b532c6ffd163cc4a2e,mixed,4,"[[1,-3,-4],[2,-4],[-1,-2,-4],[-1,3],[1,-2,-4],[-1,2,3],[2,-3],[1,-2],[1,-3],[-2,-4],[-1,-2],[-2,3,-4],[1,-4],[1,2],[-1,-4],[-1,2,-3],[1,-3,4],[1,-2,-3],[1,-2,4],[-3,4],[-2,3,4],[-2,-3],[1,2,4],[-1,-2,-3],[1,3,4],[1,4],[1,-2,3],[2,4]]",4.0,28.0,7.0,70.0,2.5,0.5,2.0,3.0,0.5,0.5,0.4857142857142857,2.692582403567252,1.8708286933869709,1.0,9.333333333333334,1.795054935711501,12.0,17.5,2.0615528128088303,15.0,20.0,-0.0407894736842105,0.219429346777378,-0.2631578947368421,0.3,3.0,0.0,3.0,3.0,1.5502645502645502,0
sat-01942,71f57a129bf508b8e04df838a423e642a595367bbc7800ae70e70bc252df5148,mixed,4,"[[1,2],[-1,2,-3],[-1,-2,-3],[-1,3,-4],[-2,-3,-4],[1,2,-4],[-1,4],[-1,-3,-4],[2,3,-4],[-2,3],[1,2,-3],[2,-4],[1,-2,3],[-1,-2],[-2,-4],[1,3,-4],[-1,2],[1,3],[3,4],[1,-3,4],[-1,-3],[-2,3,4],[1,-3,-4],[-1,2,3],[1,-3],[1,3,4],[-1,-3,4],[1,-2,-4]]",4.0,28.0,7.0,73.0,2.607142857142857,0.4883855118277622,2.0,3.0,0.3928571428571428,0.6071428571428571,0.4794520547945205,1.920286436967152,0.8660254037844386,1.0,10.333333333333334,2.42670329642684,15.0,18.25,2.277608394786075,16.0,21.0,-0.050595238095238,0.1167562217019823,-0.25,0.0476190476190476,3.0,0.0,3.0,3.0,1.693121693121693,0
sat-01835,87b37bd6cff110492a3ffc4eef17990b1834f3e4163e409ab09f0acf43a0795f,3sat,5,"[[2,4,5],[-2,3,-4],[1,4,-5],[2,-4,5],[1,2,-5],[-1,3,4],[-1,2,-5],[-2,3,4],[2,3,-4],[2,-3,4],[1,-2,3],[-1,-3,5],[2,3,-5],[-1,3,5],[-1,-2,-4],[-2,-3,-5],[-1,2,3],[1,-3,4],[3,4,5],[1,2,-4],[3,4,-5],[1,-4,5],[1,-2,5],[1,3,4],[1,3,-5],[-2,4,-5],[2,-3,-5],[-1,-3,-5],[-1,4,-5],[1,-3,5],[-1,2,4],[-3,-4,5],[-1,-3,4],[-2,-3,4],[1,4,5]]",5.0,35.0,7.0,105.0,3.0,0.0,3.0,3.0,0.0,1.0,0.5619047619047619,1.7204650534085253,1.469693845669907,1.0,10.5,1.2041594578792296,12.0,21.0,1.095445115010332,19.0,22.0,0.1224880382775119,0.1378007006353427,-0.0476190476190476,0.3636363636363636,4.0,0.0,4.0,4.0,1.7697478991596638,0
sat-01651,e83153c5e007bf93c99c4ffa8037e8a2afcc458733a803bee3a784a12fb1fcce,3sat,4,"[[1,-2,-3],[1,2,4],[1,2,3],[1,3,-4],[-1,2,4],[-1,2,-3],[-1,2,3],[-1,3,4],[-2,3,4],[-1,2,-4],[-1,-3,4],[1,-2,4],[-1,-2,4],[-2,-3,4],[1,2,-4],[1,-3,-4],[-1,-2,-4],[1,-2,3],[-1,3,-4],[-1,-2,-3],[1,2,-3],[2,-3,4],[-2,3,-4],[2,3,4]]",4.0,24.0,6.0,72.0,3.0,0.0,3.0,3.0,0.0,1.0,0.5277777777777778,0.5,1.118033988749895,1.0,12.0,1.1547005383792517,14.0,18.0,1.0,17.0,19.0,0.0588235294117647,0.0810885501777634,-0.0526315789473684,0.1764705882352941,3.0,0.0,3.0,3.0,2.2246376811594204,0
sat-00195,d97b726d86ea2b505f656393ab0b655c5ce894b152f4b2308afe79d3767d79b3,3sat,4,"[[-1,-3,4],[1,-3,-4],[1,-2,4],[1,3,-4],[-1,-2,3],[-1,2,-4],[1,2,4],[-1,2,4],[-2,-3,4],[-1,-2,-3],[-1,2,-3],[1,-2,-4],[-2,-3,-4],[1,-2,-3],[1,2,3],[-1,2,3],[2,-3,-4],[-1,-2,4],[1,2,-3],[-1,-2,-4],[-1,3,4],[1,-2,3],[-1,3,-4],[1,-3,4],[2,3,-4],[2,-3,4],[1,2,-4],[-1,-3,-4]]",4.0,28.0,7.0,84.0,3.0,0.0,3.0,3.0,0.0,1.0,0.4642857142857143,1.299038105676658,0.82915619758885,1.0,14.0,1.4142135623730951,16.0,21.0,1.224744871391589,20.0,23.0,-0.0739648033126294,0.0898258931879935,-0.2,0.0476190476190476,3.0,0.0,3.0,3.0,2.2301587301587302,0
sat-02537,97a9d5bde71714b22900ad4398ec548319487252873ce2e9d2010f68f6135493,2sat,5,"[[-1,4],[2,-3],[-1,5],[-1,-5],[-4,5],[2,5],[-3,5],[-1,-4],[2,-5],[-2,3],[1,4],[1,-5],[-4,-5],[2,3],[4,-5],[-2,-4],[3,-5],[-3,-5],[-2,4],[-2,-5],[-1,-3],[3,5],[-1,2],[-2,5],[3,-4],[-3,-4]]",5.0,26.0,5.2,52.0,2.0,0.0,2.0,2.0,1.0,0.0,0.4230769230769231,1.3564659966250536,1.095445115010332,1.0,2.6,1.019803902718557,4.0,10.4,1.9595917942265424,8.0,14.0,-0.1685714285714285,0.1834810783771694,-0.5,0.0,4.0,0.0,4.0,4.0,0.7815384615384615,0
sat-02928,72c82cbfb69fad4b02eac3081b0a874a77a092a291ca97a2d29b4725c103df02,mixed,4,"[[-1,3],[2,-3],[1,2,-4],[-2,3,4],[-1,3,-4],[1,-3,-4],[-1,2,-3],[1,-2,-3],[1,3,-4],[-1,4],[2,3]]",4.0,11.0,2.75,29.0,2.636363636363636,0.4810456929208346,2.0,3.0,0.3636363636363636,0.6363636363636364,0.5172413793103449,1.0897247358851685,0.8660254037844386,1.0,4.166666666666667,1.3437096247164249,6.0,7.25,1.299038105676658,6.0,9.0,0.0277777777777777,0.240562612162344,-0.3333333333333333,0.3333333333333333,3.0,0.0,3.0,3.0,1.709090909090909,1
sat-01907,6ea794f8af3d2872d1cc90f9d6a26a2d19a2c16f75f60a664cb2b693286e410e,2sat,4,"[[2,-4],[1,3],[-1,4],[-2,3],[2,4],[1,4]]",4.0,6.0,1.5,12.0,2.0,0.0,2.0,2.0,1.0,0.0,0.75,0.4330127018922193,0.4330127018922193,0.6666666666666666,1.0,0.816496580927726,2.0,3.0,0.7071067811865476,2.0,4.0,0.5416666666666666,0.27322660517925,0.3333333333333333,1.0,2.0,0.0,2.0,2.0,0.8666666666666667,1
sat-01893,7375e4115e50232363fa8777a29edea93d20c14a0ab12d879fb37cdef7def94a,mixed,5,"[[-2,-4,-5],[-4,5],[1,2,-5],[2,-5],[1,3,4],[-1,4],[4,-5],[-2,-4],[1,4]]",5.0,9.0,1.8,21.0,2.333333333333333,0.4714045207910317,2.0,3.0,0.6666666666666666,0.3333333333333333,0.5238095238095238,1.16619037896906,1.4142135623730951,0.8,1.5,1.118033988749895,3.0,4.2,1.939071942966532,1.0,7.0,0.2085714285714285,0.5315821590654964,-0.6,1.0,3.2,0.7483314773547882,2.0,4.0,1.1944444444444444,0
sat-00557,16c53076fb53419a5023df2d6cca835441fda1578aee774300cb2ee994ad3a48,mixed,5,"[[1,2,5],[-1,2,4],[-1,-3,4],[-2,-3,-5],[1,2,-5],[1,-4],[-2,3,-4],[-1,3,-4],[-2,4,5],[-1,-2,3],[3,5],[-3,4,5],[1,2],[3,4,-5],[-3,4],[2,4,5],[4,5],[1,-2,5],[1,-2,-4],[2,4],[-3,-4,5],[2,-3],[-2,3],[1,3,5]]",5.0,24.0,4.8,64.0,2.6666666666666665,0.4714045207910317,2.0,3.0,0.3333333333333333,0.6666666666666666,0.609375,0.9797958971132712,1.4142135623730951,1.0,5.6,1.0198039027185568,7.0,12.8,1.1661903789690602,11.0,14.0,0.2270729270729271,0.175567313054828,0.0,0.5,4.0,0.0,4.0,4.0,1.3804347826086956,0
sat-02961,ba55cf4a16c60b4ef9c5a9923bdeaa9d8f4e76cac957cfe078efb2e70e2b7d85,mixed,5,"[[2,4],[-2,3,-4],[1,5],[1,4,-5],[-2,-3],[-3,4],[-1,-2,-3],[3,4,-5],[-1,2],[2,3,5],[2,-4,-5],[2,3],[1,-2,4],[-2,-3,-5],[-1,-3,5],[2,3,-4],[1,3],[-2,-3,5],[2,3,-5]]",5.0,19.0,3.8,50.0,2.631578947368421,0.4823763889427201,2.0,3.0,0.3684210526315789,0.631578947368421,0.54,1.3564659966250536,1.3564659966250536,1.0,4.3,1.9519221295943132,9.0,10.0,2.5298221281347035,7.0,13.0,0.0871184371184371,0.1175925604572701,-0.1111111111111111,0.25,4.0,0.0,4.0,4.0,1.409356725146199,1
sat-00927,34960ccecd6efae2406445a56460cc8d459a60f51a5798b810057793ce6229ae,mixed,4,"[[-1,-2,-3],[-1,-3],[-1,3,4],[1,3],[-2,4],[2,3],[1,2,-3],[-3,-4],[3,-4],[1,2,-4],[-2,-3],[1,-2,-3],[-1,-3,4],[-1,-3,-4],[-2,-3,4],[1,2,3],[2,4],[1,4],[-1,2,-4],[2,-3],[-1,4],[-1,-2,-4],[1,2],[1,2,4],[-1,2,-3]]",4.0,25.0,6.25,63.0,2.52,0.4995998398718719,2.0,3.0,0.48,0.52,0.492063492063492,1.7853571071357126,2.1213203435596424,1.0,8.5,1.5,10.0,15.75,1.0897247358851685,14.0,17.0,-0.0102415966386554,0.2379988496143033,-0.375,0.25,3.0,0.0,3.0,3.0,1.5566666666666666,0
sat-02727,e1ece1d59e11cabf7c80e14f898fc923defe9d6f5e5d025e06a4323170920c1c,3sat,5,"[[-1,2,-3],[-2,-3,-5],[1,3,4],[2,-3,-5],[-3,-4,5],[3,-4,-5],[1,-3,-4],[-2,-3,5],[-1,-2,-4],[-2,-3,4],[-1,2,3],[2,-4,-5],[-3,4,-5],[-2,4,5],[-2,4,-5],[1,2,-5],[-1,2,5],[1,-2,4],[-2,3,4],[2,4,5],[2,3,4],[1,2,-3],[2,-3,5],[-1,-3,-4]]",5.0,24.0,4.8,72.0,3.0,0.0,3.0,3.0,0.0,1.0,0.4861111111111111,2.0976176963403037,2.0591260281974,1.0,7.2,2.3579652245103198,10.0,14.4,2.727636339397171,10.0,18.0,-0.0281623931623931,0.1974447957442754,-0.375,0.2,4.0,0.0,4.0,4.0,1.815217391304348,1
sat-01912,afe372552de6357b57dfbd63212816dabc1b6fc9c7a534365d21fec2ae6b7a27,mixed,5,"[[-2,4,5],[2,3,-4],[1,-2,-5],[2,5],[-1,4,-5],[3,4],[-3,5],[-3,-4,-5],[-1,2,5],[1,-4],[-2,-4,-5],[1,-4,5],[1,2],[-1,-2],[3,5],[2,3,-5],[-2,-4],[2,-3,4],[1,-2,4],[1,3,5],[2,3,4],[-2,-4,5]]",5.0,22.0,4.4,58.0,2.636363636363636,0.4810456929208347,2.0,3.0,0.3636363636363636,0.6363636363636364,0.5689655172413793,0.8,1.7888543819998317,1.0,5.0,1.7888543819998317,8.0,11.6,2.154065922853801,9.0,14.0,0.1641025641025641,0.171315826548616,-0.0769230769230769,0.3333333333333333,4.0,0.0,4.0,4.0,1.380952380952381,0
sat-02957,302ec4a8a8bb5cd84414ae2d04d50f689e32a0ea8b4432c6c16b84bb2178b9d6,3sat,5,"[[1,3,5],[2,-3,-5],[2,4,-5],[-2,-3,5],[1,2,-4],[1,3,-4],[-3,4,5],[-1,-2,-3],[3,4,-5],[-2,-3,4],[2,-3,-4],[1,2,3],[-1,-4,-5],[-1,-2,-5],[-3,-4,5],[-1,2,-4],[-1,-2,5],[1,3,4],[1,-2,5],[1,-4,-5],[1,4,5],[2,-4,-5],[1,-2,-3],[2,4,5]]",5.0,24.0,4.8,72.0,3.0,0.0,3.0,3.0,0.0,1.0,0.5138888888888888,1.3564659966250536,1.095445115010332,1.0,7.2,0.8717797887081347,9.0,14.4,0.7999999999999999,13.0,15.0,0.0243223443223443,0.1704479639642004,-0.2307692307692307,0.2857142857142857,4.0,0.0,4.0,4.0,1.7536231884057971,0
sat-02667,96ae4291f76d4b58d162118ae98a31243957ee94f9ee34e1ebef5f07a3ddb63d,mixed,5,"[[-4,-5],[1,-2,4],[-1,5],[-1,-2,-5],[-2,3,-4],[-1,3,-4],[1,-4],[2,-3],[-1,-3,4],[2,3,-4],[-1,-2,-3],[-1,-2,3]]",5.0,12.0,2.4,32.0,2.6666666666666665,0.4714045207910317,2.0,3.0,0.3333333333333333,0.6666666666666666,0.34375,0.9797958971132712,1.469693845669907,0.9,2.8,1.6,5.0,6.4,1.743559577416269,3.0,8.0,-0.3095238095238095,0.2323106841457232,-0.5,0.1428571428571428,3.6,0.4898979485566356,3.0,4.0,1.4242424242424243,1
sat-00158,c75bfc10d7437495727777f5cac1ff3211855de5ee98444499c6ba8b8cbc611f,2sat,4,"[[3,-4],[2,4],[2,3],[-1,-3],[2,-3],[1,3],[-1,3],[1,-2],[-1,-4],[-2,4],[-2,-3],[1,4],[-2,-4],[2,-4],[-2,3],[-3,-4],[1,-3],[1,-4],[-1,4],[-1,2],[-3,4]]",4.0,21.0,5.25,42.0,2.0,0.0,2.0,2.0,1.0,0.0,0.4761904761904761,0.0,0.5,1.0,3.5,0.7637626158259734,4.0,10.5,0.5,10.0,11.0,-0.0454545454545454,0.0454545454545454,-0.0909090909090909,0.0,3.0,0.0,3.0,3.0,0.9523809523809524,0
sat-02039,5287ba002dff99fd43800477338055a8766624d6d2630a7292a8894c5235b8c1,2sat,4,"[[-3,-4],[1,2],[2,4],[-1,3],[-1,-3],[2,3],[-2,3],[2,-4],[2,-3],[1,-4],[3,-4]]",4.0,11.0,2.75,22.0,2.0,0.0,2.0,2.0,1.0,0.0,0.5454545454545454,1.5811388300841898,1.118033988749895,1.0,1.8333333333333333,0.6871842709362768,3.0,5.5,1.118033988749895,4.0,7.0,0.0523809523809523,0.4510758115384841,-0.6,0.6666666666666666,3.0,0.0,3.0,3.0,0.9454545454545454,1
sat-00518,9986289e62b9f5f0d114f085ea636947024f69eb9724553232c23f61812961fc,3sat,5,"[[-3,4,-5],[1,-3,-5],[2,-4,-5],[1,-3,4],[-1,4,5],[-1,-2,-4],[1,-3,-4],[2,-4,5],[-1,-4,5],[-3,-4,-5]]",5.0,10.0,2.0,30.0,3.0,0.0,3.0,3.0,0.0,1.0,0.3666666666666666,1.16619037896906,1.7204650534085253,0.9,3.0,1.6733200530681511,6.0,6.0,2.0,3.0,9.0,-0.2285714285714285,0.4430363180804955,-1.0,0.3333333333333333,3.6,0.4898979485566356,3.0,4.0,1.8888888888888888,1
sat-02573,a37b11879e4fec3aff3184091200d2cf0258d55269aff949f43c9cd18c1a9cd6,3sat,5,"[[-2,-3,5],[-3,4,5],[2,-3,-4],[1,-3,5],[-1,3,4],[2,-3,4],[3,4,-5],[3,-4,5],[1,-2,-3],[1,-2,5],[-2,-3,-4],[1,-3,4],[-2,3,5],[-2,-4,5],[3,-4,-5],[1,-3,-5],[-3,4,-5],[-2,4,5],[-2,4,-5],[1,3,-5],[-1,2,-4],[1,-4,-5],[-1,-3,4],[-1,-4,5]]",5.0,24.0,4.8,72.0,3.0,0.0,3.0,3.0,0.0,1.0,0.4722222222222222,2.227105745132009,2.244994432064365,1.0,7.2,2.315167380558045,11.0,14.4,2.8000000000000003,11.0,17.0,-0.0584224598930481,0.2718515088651491,-0.4545454545454545,0.2727272727272727,4.0,0.0,4.0,4.0,1.818840579710145,1
sat-01396,aec7cf6eb55fee6d75caff8f9b1b1931696da43ba347de9c22c5c641f31bdd74,2sat,4,"[[1,-2],[1,4],[2,-4],[1,-4],[-1,-4],[3,4],[-3,4],[-1,4],[-1,3],[1,-3],[1,2],[-1,-3],[2,-3],[1,3],[2,3],[2,4],[3,-4],[-1,-2],[-3,-4],[-2,3]]",4.0,20.0,5.0,40.0,2.0,0.0,2.0,2.0,1.0,0.0,0.55,0.5,0.8660254037844386,1.0,3.333333333333333,0.7453559924999299,4.0,10.0,1.224744871391589,8.0,11.0,0.1079545454545454,0.0900169290781526,0.0,0.25,3.0,0.0,3.0,3.0,0.963157894736842,0
sat-02316,65e095db988bee612040d0324fcd5738d2edb0d51abff9147172eddb795cbb80,2sat,4,"[[-2,3],[1,-4],[-1,-4],[-1,2],[2,-3],[-1,3],[1,-3],[-1,-3],[-3,-4]]",4.0,9.0,2.25,18.0,2.0,0.0,2.0,2.0,1.0,0.0,0.3333333333333333,0.8660254037844386,1.224744871391589,0.8333333333333334,1.5,0.957427107756338,3.0,4.5,1.5,3.0,6.0,-0.3333333333333333,0.4714045207910317,-1.0,0.3333333333333333,2.5,0.5,2.0,3.0,1.0,1
sat-02452,8c8eb0db710267b556d5bd67e89f4b6aee3687f0507756ee4b88489f247d7017,2sat,5,"[[-3,5],[-3,4],[2,3],[1,5],[1,-2],[1,-3],[2,-3],[-2,4],[3,5],[1,3],[-1,-3],[3,4],[-1,2],[3,-4],[-2,-5],[-2,3],[-2,-3],[1,-4],[-1,3],[-1,5],[-1,-2],[-3,-4],[1,-5],[1,2]]",5.0,24.0,4.8,48.0,2.0,0.0,2.0,2.0,1.0,0.0,0.5208333333333334,1.6733200530681511,1.8547236990991407,0.9,2.4,1.4966629547095769,4.0,9.6,3.2,6.0,14.0,0.0599999999999999,0.1793816539609828,-0.2,0.3333333333333333,3.6,0.4898979485566356,3.0,4.0,0.8405797101449275,0
sat-02217,838d975a0a019be45bcb8be4ae2f8293cac71722d4c740cfbcf46f3b0e0780e4,3sat,5,"[[-2,3,5],[-1,2,3],[1,-2,5],[-1,3,5],[1,-2,4],[2,3,4],[-2,3,-5],[2,-3,-5],[-1,-2,-5],[1,-2,-3],[-1,-4,5],[1,-3,4],[-1,3,4],[1,-4,-5],[2,-3,5],[-1,4,-5],[-2,-3,5],[2,3,-4],[-2,-4,-5]]",5.0,19.0,3.8,57.0,3.0,0.0,3.0,3.0,0.0,1.0,0.4912280701754385,0.7999999999999999,1.32664991614216,1.0,5.7,1.6155494421403511,9.0,11.4,1.3564659966250536,9.0,13.0,-0.0087801087801087,0.1423073476099604,-0.2307692307692307,0.1666666666666666,4.0,0.0,4.0,4.0,1.760233918128655,0
sat-00850,7bcb1ceeca92feaa5426bffe0eac38f0590edaa0ce062570ad47531a5c62eea5,3sat,5,"[[1,-4,5],[-1,4,-5],[-1,-4,5],[-1,3,5],[1,2,-5],[-2,-4,5]]",5.0,6.0,1.2,18.0,3.0,0.0,3.0,3.0,0.0,1.0,0.5,1.1661903789690602,1.16619037896906,0.8,1.8,1.6,5.0,3.6,1.854723699099141,1.0,6.0,0.1266666666666666,0.5139822737972368,-0.5,1.0,3.2,0.7483314773547882,2.0,4.0,2.1333333333333333,1
sat-00479,1d81f79508bf3d051b03e91fa4a3b935239eaa925eb1e6b6e26314528f2c7b7d,mixed,4,"[[1,-3,-4],[2,-3,4],[2,-3,-4],[-1,-2,-4],[1,2,3],[-1,-3],[-1,-2,3],[-2,3],[-2,-3,4],[-2,3,-4],[1,-3,4],[1,-2,-4],[2,3,4],[1,-2,4]]",4.0,14.0,3.5,40.0,2.857142857142857,0.3499271061118826,2.0,3.0,0.1428571428571428,0.8571428571428571,0.475,0.4330127018922193,1.479019945774904,1.0,6.333333333333333,1.3743685418725535,8.0,10.0,1.224744871391589,8.0,11.0,-0.0284090909090909,0.1883589142528497,-0.2727272727272727,0.25,3.0,0.0,3.0,3.0,2.010989010989011,1
sat-00508,550a1f9b14290eeb5d96bc0459d5faad7aac1176542827fb154650592e2355b8,3sat,4,"[[-1,3,-4],[1,-2,-4],[-1,2,-4],[1,-2,4],[1,2,3],[-2,-3,4],[1,2,-4],[1,-3,4]]",4.0,8.0,2.0,24.0,3.0,0.0,3.0,3.0,0.0,1.0,0.5416666666666666,1.0897247358851685,0.82915619758885,1.0,4.0,1.4142135623730951,6.0,6.0,1.224744871391589,4.0,7.0,0.0714285714285714,0.2142857142857142,-0.1428571428571428,0.4285714285714285,3.0,0.0,3.0,3.0,2.25,1
sat-00203,72f93f31cb83252dd4fcf7d9c558deff56e4b4652e991af6237f2b4930c05697,2sat,4,"[[-2,-3],[1,-3],[-2,-4],[2,3],[-1,3],[1,-4],[-1,4],[3,4],[-3,-4],[-2,3],[2,-3],[1,-2]]",4.0,12.0,3.0,24.0,2.0,0.0,2.0,2.0,1.0,0.0,0.4583333333333333,0.82915619758885,0.82915619758885,1.0,2.0,1.0,4.0,6.0,1.224744871391589,5.0,8.0,-0.0833333333333333,0.202072594216369,-0.3333333333333333,0.2,3.0,0.0,3.0,3.0,0.9545454545454546,0
sat-01105,f62cd90d54758327dcb5c1e32f1232ababa436af50d0f3ff1c56fcbc2876db5d,3sat,4,"[[-2,3,4],[-2,-3,-4],[1,-2,3],[-1,-2,-3],[1,-3,4],[-2,3,-4],[2,3,4],[-1,3,4],[2,3,-4],[2,-3,4],[1,-2,-4],[-1,-2,3]]",4.0,12.0,3.0,36.0,3.0,0.0,3.0,3.0,0.0,1.0,0.5,1.6583123951777,1.5,1.0,6.0,2.160246899469287,9.0,9.0,1.8708286933869709,6.0,11.0,-0.004040404040404,0.2483246588854815,-0.4,0.2727272727272727,3.0,0.0,3.0,3.0,2.287878787878788,1
sat-01870,94ac59d40809f8f3fa65d3cefb56559411771cf6ccac390b1662e6fb0db9a2e9,2sat,5,"[[1,-4],[-4,5],[3,-5],[3,5],[2,-4],[-1,3],[2,3],[-3,-4],[-1,-5],[1,3],[-1,2],[-2,-3],[1,-2],[1,2],[4,-5]]",5.0,15.0,3.0,30.0,2.0,0.0,2.0,2.0,1.0,0.0,0.5333333333333333,1.469693845669907,0.7483314773547882,0.9,1.5,0.806225774829855,3.0,6.0,0.8944271909999159,5.0,7.0,0.0209523809523809,0.3776235512852194,-0.6,0.4285714285714285,3.6,0.4898979485566356,3.0,4.0,0.7333333333333333,0
sat-02354,8c925fc1962dcac49906f18365b7b4873b405a541e2c4ae37a6a3618f2ea9ef1,mixed,4,"[[1,-3],[1,2,3],[1,3],[-2,3,4],[1,4],[1,2,-4],[2,3],[-1,-3],[-1,2],[1,-2,-3],[-1,-3,-4],[-1,-2,-4],[3,4],[1,3,-4],[1,-4],[1,2,4],[2,-3,-4],[-1,2,-3],[2,3,-4],[-3,4]]",4.0,20.0,5.0,51.0,2.55,0.4974937185533101,2.0,3.0,0.45,0.55,0.5686274509803921,1.479019945774904,1.6583123951777,1.0,7.0,0.5773502691896257,8.0,12.75,1.299038105676658,11.0,14.0,0.1433982683982683,0.2417487060815677,-0.1666666666666666,0.4545454545454545,3.0,0.0,3.0,3.0,1.5947368421052632,0
sat-01615,e6a9d0191e3f4e68e2ea8652740d1862fe01a07b5d27e5d0e550bd887fd695bb,2sat,5,"[[1,-2],[1,5],[-1,2],[3,4],[-3,4],[-1,4],[-1,5],[-1,-3],[1,2],[-3,-5],[1,-4],[-2,-4],[-2,-3],[-2,5],[1,-3]]",5.0,15.0,3.0,30.0,2.0,0.0,2.0,2.0,1.0,0.0,0.4666666666666667,1.32664991614216,1.469693845669907,0.9,1.5,0.806225774829855,3.0,6.0,1.6733200530681511,4.0,9.0,-0.0377777777777777,0.4124961653394526,-0.6666666666666666,0.5,3.6,0.4898979485566356,3.0,4.0,0.780952380952381,0
sat-02439,0e8b829a6deeaacca0269997c6e41546ce8bc32b17a8f8f89dc6b09a9df888a7,mixed,4,"[[-1,2,3],[-2,3,-4],[2,3,-4],[-1,-2,3],[1,-4],[-1,2],[-1,2,-4],[-1,4],[-1,-2],[2,3],[-1,3,4],[1,4],[2,4],[-2,-3],[-1,-3,4],[1,3,-4],[2,3,4],[-1,-2,-4],[3,4],[1,2,3],[-1,-3],[-1,3],[1,-3,-4],[-2,-3,4],[-2,4]]",4.0,25.0,6.25,63.0,2.52,0.4995998398718719,2.0,3.0,0.48,0.52,0.5238095238095238,2.165063509461097,2.179449471770337,1.0,8.5,0.7637626158259734,9.0,15.75,0.4330127018922193,15.0,16.0,0.0479166666666666,0.2702477644064177,-0.375,0.375,3.0,0.0,3.0,3.0,1.55,0
sat-02347,e4967cb82deb65f551a84c9f415de0ab315c9a8833f632ae8addd46dc6c0d2f0,3sat,4,"[[1,2,-3],[1,-2,-4],[1,-2,-3],[-1,3,-4],[1,3,-4],[1,-2,4],[1,3,4],[1,-3,4],[2,3,-4],[1,-2,3],[-1,3,4],[-2,3,4],[2,-3,-4],[2,-3,4],[-2,3,-4],[1,2,4],[-1,2,-3],[-1,-3,4],[-1,2,-4],[1,2,3],[-1,-2,-3],[-1,2,4],[-1,-2,3],[2,3,4]]",4.0,24.0,6.0,72.0,3.0,0.0,3.0,3.0,0.0,1.0,0.5694444444444444,0.4330127018922193,0.4330127018922193,1.0,12.0,0.816496580927726,13.0,18.0,0.7071067811865476,17.0,19.0,0.1391468868249054,0.0287947478153031,0.1111111111111111,0.1764705882352941,3.0,0.0,3.0,3.0,2.221014492753623,0
sat-02413,b0069cc835d5d961f8cf3386ba9692213fda4882b5ae896e36272ce2ad1f80e2,3sat,5,"[[1,-2,-5],[2,3,4],[1,2,-5],[-1,-3,-4],[1,-3,-4],[-1,2,-5],[2,-4,5],[2,3,5],[1,-3,-5],[1,-2,-3],[1,-3,4],[-2,4,5],[-1,-4,-5],[-2,3,-5],[2,-4,-5],[-1,-2,-5],[1,2,3],[1,-2,-4],[-1,-2,-3],[-2,-3,5],[-1,-4,5],[-1,3,-4],[-1,-3,5],[2,-3,4],[-1,2,-4],[-1,2,5],[1,3,4],[-2,-3,-5]]",5.0,28.0,5.6,84.0,3.0,0.0,3.0,3.0,0.0,1.0,0.4404761904761904,1.8547236990991407,0.4898979485566356,1.0,8.4,2.009975124224178,12.0,16.8,1.939071942966532,14.0,19.0,-0.1321428571428571,0.1248912693480396,-0.2857142857142857,0.0526315789473684,4.0,0.0,4.0,4.0,1.7804232804232805,0
sat-01412,2b9427220e144f5069b3c6329e6d69e566b23ba936d67774bbed271df83802f1,3sat,4,"[[-1,-3,4],[-2,3,4],[-1,2,-3],[1,2,-3],[1,-3,-4],[1,-2,4],[2,3,-4],[-2,-3,-4],[-1,2,4],[1,-2,3],[1,-2,-3],[-2,3,-4],[1,-3,4],[1,3,4],[1,2,-4]]",4.0,15.0,3.75,45.0,3.0,0.0,3.0,3.0,0.0,1.0,0.5333333333333333,1.224744871391589,1.479019945774904,1.0,7.5,0.5,8.0,11.25,0.4330127018922193,11.0,12.0,0.0719696969696969,0.239895667175288,-0.1666666666666666,0.4545454545454545,3.0,0.0,3.0,3.0,2.2,0
sat-02204,7efd33efcc36f5419b2a23bef55851a8a269d335fa974d0b2868b6f4f8a93252,mixed,5,"[[1,-2,-4],[2,-3,4],[-1,-3,5],[1,-5],[-1,2,-5],[-2,4],[4,-5],[-2,3,4],[-1,3],[3,-4],[4,5],[1,-3,5],[-1,-4,-5],[1,-2,3],[1,4,5],[-3,4],[-2,-4,5],[2,-4],[-1,5],[-1,-3,4],[-2,-3],[-1,3,4],[1,3,-5],[1,5],[-2,4,5],[-1,4,-5],[-1,-3],[-3,-4,-5]]",5.0,28.0,5.6,72.0,2.571428571428572,0.4948716593053935,2.0,3.0,0.4285714285714285,0.5714285714285714,0.4861111111111111,2.6076809620810595,1.0198039027185568,1.0,6.0,2.280350850198276,10.0,14.4,2.4166091947189146,10.0,17.0,-0.0614145658263305,0.2315703148259663,-0.4,0.2941176470588235,4.0,0.0,4.0,4.0,1.3148148148148149,0
sat-02819,44615f1f335fd8d35dcbc47926d4c1e2d143cb5303457936822a99d938856e16,mixed,4,"[[3,-4],[2,-3,-4],[-1,-2,-4],[1,-2,-3],[1,2,-3],[1,2],[1,-4],[1,4],[-1,-3],[1,2,-4],[-1,3,-4],[1,-2,4],[-1,-4],[2,3],[1,-2,-4],[-2,3,-4],[1,3],[-2,3],[3,4],[-1,2,-4],[2,-3],[-1,2,3],[-2,3,4],[1,2,3],[-1,-2,-3],[-1,-3,4]]",4.0,26.0,6.5,67.0,2.576923076923077,0.4940474068717357,2.0,3.0,0.4230769230769231,0.5769230769230769,0.5074626865671642,2.0615528128088303,1.0897247358851685,1.0,9.333333333333334,1.4907119849998598,11.0,16.75,1.0897247358851685,15.0,18.0,0.0032679738562091,0.1987562248305224,-0.3333333333333333,0.1764705882352941,3.0,0.0,3.0,3.0,1.6307692307692307,0
sat-01572,22109599da726f4f0613169d0bde3cfbe501d9ee39fad10e11e8635561de370d,mixed,4,"[[2,4],[-1,-3,4],[-2,3,-4],[1,3,4],[1,2,-4],[-2,4],[1,-2,-3],[-1,2,-4],[-2,-3,4],[-1,-3,-4],[-1,3,4],[1,-3]]",4.0,12.0,3.0,33.0,2.75,0.4330127018922193,2.0,3.0,0.25,0.75,0.4848484848484848,1.224744871391589,0.4330127018922193,1.0,5.0,1.4142135623730951,6.0,8.25,1.0897247358851685,7.0,10.0,-0.0482142857142857,0.1685301856326864,-0.25,0.2,3.0,0.0,3.0,3.0,1.8484848484848484,0
sat-02296,c2b17de1e7af6622fd9c36ed6443f9bf4a02de588c36a7ece5e61064ac4a6622,3sat,4,"[[2,3,-4],[-1,-2,-4],[-1,-3,-4],[1,2,-3],[1,-3,4],[-1,-2,-3],[1,-3,-4],[1,3,4],[2,3,4]]",4.0,9.0,2.25,27.0,3.0,0.0,3.0,3.0,0.0,1.0,0.4814814814814814,0.4330127018922193,1.118033988749895,1.0,4.5,1.2583057392117916,6.0,6.75,1.0897247358851685,5.0,8.0,-0.0124999999999999,0.1888725274693306,-0.25,0.2,3.0,0.0,3.0,3.0,2.2222222222222223,1
sat-00340,6fb901a660eb1d436c1ef1babdca773016521f476da6c0eb5d473d2f69e086db,mixed,5,"[[2,-5],[2,4],[2,-3,5],[-1,2,3],[-1,-4,-5],[1,-4,-5],[1,4,-5],[-2,4,5],[-2,3,-4],[-1,-3,-5],[-1,2,4]]",5.0,11.0,2.2,31.0,2.8181818181818183,0.385694607919935,2.0,3.0,0.1818181818181818,0.8181818181818182,0.4838709677419355,1.2649110640673518,1.16619037896906,1.0,2.9,1.044030650891055,4.0,6.2,1.16619037896906,4.0,7.0,-0.038095238095238,0.3135633834886538,-0.4285714285714285,0.4285714285714285,4.0,0.0,4.0,4.0,1.5272727272727271,1
sat-00186,786f1482443569b17183452cc1f7795ff52167991635952cb11bf430f4e444f1,2sat,4,"[[-3,4],[1,4],[-2,-3],[2,-3],[-1,-3],[-1,4],[-2,-4],[1,2],[2,4],[2,-4],[-1,-4],[-1,3],[1,3],[3,4],[1,-3],[-2,3],[1,-2],[-1,-2],[-1,2],[-2,4],[3,-4]]",4.0,21.0,5.25,42.0,2.0,0.0,2.0,2.0,1.0,0.0,0.5,0.4330127018922193,0.82915619758885,1.0,3.5,0.5,4.0,10.5,0.5,10.0,11.0,0.0045454545454545,0.1187921304124725,-0.0909090909090909,0.2,3.0,0.0,3.0,3.0,0.9523809523809524,0
sat-00554,f47103d779450331226f21be6d89c5c2f76b1b91547fd8450219d3c562a307b6,3sat,5,"[[-1,3,5],[1,4,-5],[3,-4,5],[1,4,5],[-2,-3,-4],[-2,-3,4],[-3,4,5],[1,-2,3],[-1,2,4],[-1,-2,4],[1,3,-4],[2,-4,-5],[-3,-4,5],[-1,-2,-5],[2,-3,5],[-1,-3,-4],[1,-3,-4],[1,2,4],[3,-4,-5],[-1,-2,-4],[1,-2,5],[-1,3,4],[2,-3,-4],[2,-3,4],[-1,-3,4],[-1,2,5],[-2,3,-4],[2,4,-5],[-1,-2,5],[-2,-4,-5],[1,-3,-5]]",5.0,31.0,6.2,93.0,3.0,0.0,3.0,3.0,0.0,1.0,0.4623655913978494,1.3564659966250536,1.6733200530681511,1.0,9.3,2.193171219946131,14.0,18.6,2.3323807579381204,16.0,23.0,-0.0725845410628019,0.1142338437030183,-0.2222222222222222,0.125,4.0,0.0,4.0,4.0,1.789247311827957,0
sat-01570,01970b564f840125c220ce11cc61d62e88b399016dceb32c0d83ca0fe7d420f6,mixed,5,"[[-2,4,-5],[-2,3,5],[2,3],[1,-3,-5],[1,4,5],[1,4],[-1,3,-5],[-1,4,-5],[-1,-3,5]]",5.0,9.0,1.8,25.0,2.7777777777777777,0.415739709641549,2.0,3.0,0.2222222222222222,0.7777777777777778,0.56,0.9797958971132712,1.32664991614216,0.8,2.3,1.5524174696260025,5.0,5.0,1.4142135623730951,3.0,7.0,0.1447619047619047,0.4618959252959358,-0.3333333333333333,1.0,3.2,0.3999999999999999,3.0,4.0,1.5277777777777777,1
sat-00860,08cd4e4c0a7ec93acc6f766e0a30f0a405ae0d4b4249f41af94de3102cd1ecc9,3sat,4,"[[-1,3,-4],[1,3,4],[1,2,-3],[1,2,3],[2,3,-4],[-2,-3,-4],[-1,-3,-4],[-1,2,4],[-1,2,-4],[-1,-2,3],[1,-2,3],[-2,3,-4],[1,-3,-4],[2,3,4],[-1,2,3],[1,2,-4],[-1,3,4],[-2,-3,4],[1,-2,-3],[2,-3,-4],[1,-2,4],[-1,-2,4],[-1,2,-3]]",4.0,23.0,5.75,69.0,3.0,0.0,3.0,3.0,0.0,1.0,0.5072463768115942,1.299038105676658,0.5,1.0,11.5,0.957427107756338,13.0,17.25,0.82915619758885,16.0,18.0,0.0095996732026143,0.1041728740300949,-0.125,0.1111111111111111,3.0,0.0,3.0,3.0,2.2213438735177866,0
sat-01089,59d39c7dbea08e4dd0edee0fa55c0dfc64eae21055c35f03c74d529f1053d1c6,3sat,5,"[[2,-4,5],[-2,3,-4],[-2,3,-5],[-1,-3,4],[1,2,3]]",5.0,5.0,1.0,15.0,3.0,0.0,3.0,3.0,0.0,1.0,0.5333333333333333,0.8,0.4898979485566356,0.9,1.5,0.806225774829855,3.0,3.0,0.8944271909999159,2.0,4.0,0.0333333333333333,0.2666666666666666,-0.3333333333333333,0.5,3.6,0.4898979485566356,3.0,4.0,1.7,1
sat-02760,d19b381ebf1ce89eadc4ea1858d6cf72ecb44c918cb97a72c4343a8ebc37b291,mixed,5,"[[-1,-2,3],[-1,-3,4],[-2,-4,5],[-4,5],[1,2,3],[1,-4,5],[3,4,-5],[1,-3,-4],[-1,3]]",5.0,9.0,1.8,25.0,2.7777777777777777,0.415739709641549,2.0,3.0,0.2222222222222222,0.7777777777777778,0.52,1.019803902718557,1.019803902718557,1.0,2.3,1.3453624047073711,5.0,5.0,1.2649110640673518,3.0,6.0,0.0333333333333333,0.339934634239519,-0.3333333333333333,0.5,4.0,0.0,4.0,4.0,1.5,1
sat-02308,d58d4ac6b810952b9e08ce3fc0c3c9b3653fb9dfcb51532bfd1e2121fdaeaa50,3sat,5,"[[2,3,-4],[1,-3,5],[1,3,-5],[-1,-2,3],[-2,-3,4],[-2,-4,-5],[1,2,5],[1,-2,-5],[1,2,-4],[-1,2,5],[-1,-3,-4],[1,3,-4],[-2,3,5],[-2,-4,5],[1,2,4],[-1,3,-5]]",5.0,16.0,3.2,48.0,3.0,0.0,3.0,3.0,0.0,1.0,0.5208333333333334,1.6733200530681511,1.2,1.0,4.8,1.32664991614216,6.0,9.6,1.2,8.0,11.0,0.0252525252525252,0.300969423053068,-0.5,0.3333333333333333,4.0,0.0,4.0,4.0,1.75,1
sat-02861,41b5e958d495d9644d88bda078df2de1526d411ccc94d19fbccdf5ae62b49c6c,3sat,4,"[[-1,-3,-4],[2,-3,-4],[-1,-2,4],[1,-2,3],[-1,-3,4],[1,-2,-4],[1,-3,4],[-1,3,4],[2,3,4],[-1,-2,3]]",4.0,10.0,2.5,30.0,3.0,0.0,3.0,3.0,0.0,1.0,0.4666666666666667,1.118033988749895,0.7071067811865476,1.0,5.0,1.0,6.0,7.5,0.8660254037844386,6.0,8.0,-0.0833333333333333,0.2282177322938192,-0.3333333333333333,0.25,3.0,0.0,3.0,3.0,2.2,1
sat-01151,bf1af3da3d771413a03c33169480c8a904c8b9d1e15e387ab7c20b13ff94354a,mixed,4,"[[-1,-2,3],[-2,-3,4],[3,-4],[-1,-4],[1,2],[1,-3,-4],[-1,-2,4],[-2,4],[-1,3,-4],[-2,3,-4],[2,-3,-4]]",4.0,11.0,2.75,29.0,2.636363636363636,0.4810456929208346,2.0,3.0,0.3636363636363636,0.6363636363636364,0.3793103448275862,0.82915619758885,1.118033988749895,1.0,4.166666666666667,1.0671873729054748,6.0,7.25,1.0897247358851685,6.0,9.0,-0.238095238095238,0.2233531314201632,-0.4285714285714285,0.1428571428571428,3.0,0.0,3.0,3.0,1.690909090909091,1
sat-01071,06565760f3a6a8d36c31fbce149d2b9593c9c9db0aa0dcd465f5b1c6b91cb624,3sat,5,"[[2,3,5],[-3,-4,-5],[2,-4,5],[-1,2,-4],[-2,3,-5],[1,-3,5],[-1,2,5],[-1,2,4],[-1,-3,5],[-2,3,4],[2,-3,-4],[-1,-4,-5],[-3,-4,5],[-1,-3,-4],[1,2,4],[1,-4,-5]]",5.0,16.0,3.2,48.0,3.0,0.0,3.0,3.0,0.0,1.0,0.4583333333333333,1.743559577416269,2.039607805437114,1.0,4.8,0.9797958971132712,6.0,9.6,0.8,9.0,11.0,-0.0731313131313131,0.3874880186476085,-0.4545454545454545,0.5555555555555556,4.0,0.0,4.0,4.0,1.7333333333333334,1
sat-00278,8a43294e441b8070fe1857abcb60841026fb3f710a97c9f721c6c4a00cc507ea,3sat,5,"[[-2,-3,-4],[1,2,-3],[-1,-2,-4],[-1,2,-3],[-1,2,4],[1,-3,4],[1,-2,-5],[-2,3,4],[-1,4,5],[1,-4,-5],[-1,-3,-5],[-1,-2,3],[1,3,4],[2,3,-5],[1,4,-5],[1,-3,-5],[-3,4,-5],[1,3,-4],[1,-3,-4],[-2,-3,-5],[1,3,5],[-3,-4,5],[-1,4,-5],[2,3,4],[3,4,5],[-1,-4,5],[1,4,5],[1,-2,-4],[-2,3,5]]",5.0,29.0,5.8,87.0,3.0,0.0,3.0,3.0,0.0,1.0,0.5057471264367817,2.56124969497314,0.7999999999999999,1.0,8.7,2.3685438564654024,13.0,17.4,2.576819745345025,13.0,20.0,-0.0101012145748987,0.164966721623067,-0.2307692307692307,0.2,4.0,0.0,4.0,4.0,1.7980295566502462,0
sat-02110,7b56107061f2633c16c06a951f7bb40f3b013a3ace7d8651da37b107d9b4cafb,2sat,5,"[[-4,5],[-1,-5],[1,-3],[1,-2],[1,2],[-1,5],[-1,-3],[-3,-4]]",5.0,8.0,1.6,16.0,2.0,0.0,2.0,2.0,1.0,0.0,0.375,1.1661903789690602,0.8944271909999159,0.5,0.8,0.8717797887081347,2.0,3.2,1.4696938456699071,2.0,6.0,-0.3333333333333333,0.5577733510227171,-1.0,0.3333333333333333,2.0,0.6324555320336759,1.0,3.0,0.8214285714285714,0
sat-00675,17a1879de0b59ede44d454e2cfaa2e0d25ac887e516a58db00fe76fa0efe1c19,2sat,4,"[[2,4],[-1,4],[1,3],[-2,4],[1,-3],[-3,-4],[1,4],[-3,4],[1,-2],[-2,-4],[-1,-2],[-2,-3],[3,-4]]",4.0,13.0,3.25,26.0,2.0,0.0,2.0,2.0,1.0,0.0,0.4615384615384615,1.5811388300841898,1.118033988749895,1.0,2.1666666666666665,0.6871842709362768,3.0,6.5,0.8660254037844386,6.0,8.0,-0.1041666666666666,0.4140543107156623,-0.6666666666666666,0.3333333333333333,3.0,0.0,3.0,3.0,0.935897435897436,0
sat-00390,1c6979324865261af506435bfe08257ed1f0ed20ec210159816cb522844c53c7,mixed,4,"[[-1,3],[-1,4],[1,3,4],[1,-3,4],[1,-2,3],[-1,-3,4],[3,-4],[2,-3],[2,-4],[-2,-3,-4],[1,3],[1,-2,-3],[2,3,4]]",4.0,13.0,3.25,33.0,2.5384615384615383,0.4985185152621431,2.0,3.0,0.4615384615384615,0.5384615384615384,0.5757575757575758,1.0897247358851685,0.8660254037844386,1.0,4.5,1.707825127659933,7.0,8.25,1.7853571071357126,6.0,11.0,0.1477272727272727,0.1072043310460977,0.0,0.25,3.0,0.0,3.0,3.0,1.6153846153846154,0
sat-00886,97dbddbea134564bb3fc72a54bc7456f5ce80cc495f8d4e3cdf2607e9cf636de,3sat,5,"[[1,-4,5],[-1,3,5],[-1,-4,5],[-1,3,4],[1,-2,-3],[1,-3,-5],[1,4,5],[1,2,5],[-1,2,4],[3,4,-5],[2,3,-4],[-1,4,5],[-2,-3,5],[1,2,3],[-1,2,-3],[1,-3,4],[1,2,4],[1,3,-5],[-1,-2,-3],[1,-2,-5],[-3,-4,5],[1,-3,-4],[-2,3,-5],[-1,-3,4],[2,-3,5],[-1,-3,5],[-2,4,-5],[2,3,5],[1,-2,-4],[3,-4,5],[1,3,5],[-1,2,3],[-1,2,5],[3,-4,-5],[-1,-2,3]]",5.0,35.0,7.0,105.0,3.0,0.0,3.0,3.0,0.0,1.0,0.5619047619047619,1.939071942966532,1.939071942966532,1.0,10.5,2.692582403567252,15.0,21.0,3.1622776601683795,17.0,25.0,0.1253202614379084,0.1067104517336791,0.04,0.3333333333333333,4.0,0.0,4.0,4.0,1.8067226890756305,0
sat-02562,b0876e119d6d2f1bafeebe6e47d0cac505aa98d692b3ab37ad5c30ee9e1429e5,mixed,5,"[[1,3,-5],[-2,-4,-5],[-1,-4],[1,-4,5],[-1,-2,-3],[-3,4],[-1,3,-4],[-2,3,-5],[-1,4,-5],[-3,-4],[2,4,-5],[-1,-3,5],[-2,3,5],[-1,4],[2,-4,5],[-1,3,4],[-1,-4,5],[2,5],[1,2,3],[-1,-3],[2,3,4],[2,-3,4],[-1,2,-4],[4,-5],[-2,-3,5],[-2,-3,-5],[-3,-4,-5],[3,5],[-1,2,3],[1,-2],[1,4,5],[2,-3,-4],[3,4,5]]",5.0,33.0,6.6,90.0,2.727272727272727,0.4453617714151233,2.0,3.0,0.2727272727272727,0.7272727272727273,0.4888888888888889,1.9390719429665315,1.469693845669907,1.0,8.1,1.57797338380595,10.0,18.0,1.7888543819998317,16.0,20.0,-0.0277777777777777,0.1815145472522727,-0.375,0.125,4.0,0.0,4.0,4.0,1.4640151515151516,0
sat-01587,3cf1900f2cc3b4999d5c96d06b0da104c475e43f3a3938b8aaea4986ec02873e,2sat,4,"[[-2,4],[1,-4],[2,3],[-1,-2],[2,4],[-1,4],[1,2],[2,-3],[-2,-3],[-1,3],[1,-3],[-1,-4],[-1,-3],[-1,2],[-2,3],[3,-4]]",4.0,16.0,4.0,32.0,2.0,0.0,2.0,2.0,1.0,0.0,0.46875,0.82915619758885,1.0897247358851685,1.0,2.6666666666666665,0.9428090415820634,4.0,8.0,1.224744871391589,6.0,9.0,-0.0555555555555555,0.1666666666666666,-0.3333333333333333,0.1111111111111111,3.0,0.0,3.0,3.0,0.9583333333333334,0
sat-00302,239a22bd1fbfff34566aed1aa54114e29ee978154e3c627e229767d80dd4a4e4,2sat,5,"[[4,5],[1,2],[3,-4],[-1,-3],[1,-3],[2,-5],[-2,4],[1,-4],[-1,-4],[-2,5],[-1,5],[1,-5],[-3,-4],[-2,-5],[2,-3],[-4,5],[3,5],[-3,5],[1,-2],[1,5],[-3,4],[1,4],[2,5],[-4,-5],[-1,3],[2,4],[2,3],[2,-4],[-1,4],[-1,2],[-2,3],[-1,-2],[-1,-5],[3,-5]]",5.0,34.0,6.8,68.0,2.0,0.0,2.0,2.0,1.0,0.0,0.5147058823529411,0.8944271909999159,0.7999999999999999,1.0,3.4,0.4898979485566356,4.0,13.6,1.0198039027185568,12.0,15.0,0.0284249084249084,0.0970958842006685,-0.0769230769230769,0.1428571428571428,4.0,0.0,4.0,4.0,0.768270944741533,0
sat-00905,9dfb93e4567555ab3c51f3a2889467034171ac118b26847d4b10c13281ee794f,mixed,5,"[[-2,-4],[-2,-3,-4],[-1,-3,5],[1,-4,-5],[-1,3],[-1,2,-4],[-2,5],[1,4,-5],[-1,3,5],[2,-3,-5],[-2,-4,-5],[2,-4,5],[1,4],[-2,4],[1,2,5],[1,2,-5],[2,3,5],[2,5],[1,-3,5],[1,3,-4],[-1,2],[-3,4,-5],[1,-3,4],[-2,-4,5],[3,4],[1,2,3],[4,5],[-4,5],[1,3,-5],[1,-3,-5],[1,-2],[1,2,-4],[1,-2,3],[1,2,-3],[1,-2,-4]]",5.0,35.0,7.0,94.0,2.685714285714285,0.4642307659791977,2.0,3.0,0.3142857142857143,0.6857142857142857,0.5638297872340425,3.1368774282716245,1.9390719429665315,1.0,8.3,1.676305461424021,11.0,18.8,1.7204650534085253,16.0,21.0,0.1118964076858813,0.2433457831729802,-0.2222222222222222,0.5238095238095238,4.0,0.0,4.0,4.0,1.4184873949579833,0
sat-01807,89cacd1d978c019e40c069ae00946c1cfb3263265147d305485a3aa47571405b,2sat,4,"[[-1,-3],[1,-3],[-2,-3],[1,-2],[3,4],[2,3],[-1,2]]",4.0,7.0,1.75,14.0,2.0,0.0,2.0,2.0,1.0,0.0,0.5,0.4330127018922193,1.0897247358851685,0.6666666666666666,1.1666666666666667,0.8975274678557507,2.0,3.5,1.5,1.0,5.0,0.2,0.469041575982343,-0.2,1.0,2.0,0.7071067811865476,1.0,3.0,1.0476190476190477,1
sat-01734,3acc37f0f980ad39d9d5963a4526f3f4b7bd4c89bc2ffda7bd5b22aebb065c53,2sat,5,"[[-1,-4],[-1,4],[-1,3],[1,-3],[-3,-4],[2,4],[1,3],[-4,-5],[3,5],[2,-3],[3,4],[1,5],[3,-4],[-1,-5],[-1,-3],[-2,4],[-1,-2],[2,-5]]",5.0,18.0,3.6,36.0,2.0,0.0,2.0,2.0,1.0,0.0,0.4722222222222222,1.019803902718557,1.32664991614216,1.0,1.8,0.9797958971132712,4.0,7.2,1.833030277982336,5.0,9.0,-0.0444444444444444,0.1967639432993658,-0.3333333333333333,0.2,4.0,0.0,4.0,4.0,0.7843137254901961,0
sat-02970,65b003e1e8ab29d64782d38bd0b0b3d47b50f631946a5bc45345b103909963ab,mixed,5,"[[3,-4,-5],[1,2,-3],[-1,4,-5],[-1,2,4],[-1,-4,5],[1,-5]]",5.0,6.0,1.2,17.0,2.833333333333333,0.3726779962499649,2.0,3.0,0.1666666666666666,0.8333333333333334,0.4705882352941176,0.4898979485566356,1.1661903789690602,0.9,1.6,1.0198039027185568,3.0,3.4,1.2000000000000002,2.0,5.0,0.06,0.5043808085167397,-0.5,1.0,3.6,0.4898979485566356,3.0,4.0,1.6,1
sat-02894,bc5890e96e869ace18669da802299e3218fc1541e2f7d4a9b739d6a387fe9f9f,mixed,5,"[[-2,-3,5],[1,-2,4],[3,4],[-1,3,5],[-1,3,-4],[2,3],[-1,2,-3],[-2,-4,5],[2,-4,-5],[-1,2,-5],[-4,5],[2,4],[3,-4,-5],[1,-4,-5],[-2,-5],[1,-3,4],[1,5],[-2,4,-5],[3,-5],[-1,2,5],[2,-3,5],[1,3,-5],[-1,-3,5],[1,2]]",5.0,24.0,4.8,64.0,2.6666666666666665,0.4714045207910317,2.0,3.0,0.3333333333333333,0.6666666666666666,0.53125,1.16619037896906,1.095445115010332,1.0,5.6,1.3564659966250536,8.0,12.8,1.7204650534085253,11.0,16.0,0.0613053613053613,0.1187475825721207,-0.0909090909090909,0.2307692307692307,4.0,0.0,4.0,4.0,1.394927536231884,0
sat-02529,76c8233522f7089738230b257e27e02dce9a0f024aaa5a81cb14b2a0877a8e17,mixed,4,"[[-2,-3],[-1,-4],[2,-3,-4],[1,4],[-1,3,4],[2,3,-4],[-1,4],[2,-3],[3,4],[2,-3,4],[2,3,4]]",4.0,11.0,2.75,27.0,2.4545454545454546,0.4979295977319691,2.0,3.0,0.5454545454545454,0.4545454545454545,0.5925925925925926,1.8708286933869709,1.0897247358851685,0.8333333333333334,3.5,2.29128784747792,6.0,6.75,1.920286436967152,4.0,9.0,0.1249999999999999,0.4310033513661916,-0.5,0.6666666666666666,2.5,0.5,2.0,3.0,1.5454545454545454,1
sat-00261,58c52d115c96d467edfa3702e7d699f1877c2d48985ba68a95cfd69daeb906a7,mixed,5,"[[2,-3,-5],[2,-4],[2,3,5],[1,-3,4],[-1,-4,-5],[1,3,4],[4,5],[-4,5],[-3,4,5],[-1,-2,-5],[1,4],[1,3,-4],[-1,2,-4],[-1,-3,4],[-1,-3,-4],[-1,2,4],[1,-2,5],[2,-5],[1,-3,-5],[3,-4,5],[1,2,-4],[3,-5],[1,-3,-4],[1,-4,-5],[2,-4,-5]]",5.0,25.0,5.0,69.0,2.76,0.4270831300812524,2.0,3.0,0.24,0.76,0.5072463768115942,1.4142135623730951,2.9257477676655586,1.0,6.3,2.4515301344262523,12.0,13.8,2.7129319932501077,10.0,18.0,0.0536507936507936,0.310862226330465,-0.2222222222222222,0.6,4.0,0.0,4.0,4.0,1.5333333333333334,0
sat-02630,790b5db6b3d616d2d8ff34d1320d8cf580c3c3cfb2f5ebc727083e5f76d12269,2sat,5,"[[-1,-2],[3,-4],[3,4],[3,-5],[2,3],[-2,4],[-1,3],[-3,-4],[-1,4],[-2,5],[-3,-5],[-1,-3],[1,4],[4,-5],[-4,5],[1,3],[2,4],[-1,-5],[2,-5],[-1,2],[1,5],[-2,3],[4,5],[2,-4],[1,-5],[-3,5],[-2,-4],[1,2]]",5.0,28.0,5.6,56.0,2.0,0.0,2.0,2.0,1.0,0.0,0.5357142857142857,0.8944271909999159,0.7483314773547882,1.0,2.8,0.6,4.0,11.2,0.3999999999999999,11.0,12.0,0.0696969696969696,0.1432920050610532,-0.0909090909090909,0.2727272727272727,4.0,0.0,4.0,4.0,0.7566137566137566,0
sat-02286,b6d59764a11f88254dc5a5118f9395839dbe2940a76aafa64f75f01f9245b83c,2sat,4,"[[1,-3],[2,-4],[-2,4],[2,-3],[1,4],[-2,3],[-1,-4],[-1,2],[-1,3],[-3,4],[1,2],[1,-4],[3,4],[2,4]]",4.0,14.0,3.5,28.0,2.0,0.0,2.0,2.0,1.0,0.0,0.6071428571428571,0.82915619758885,0.4330127018922193,1.0,2.333333333333333,0.4714045207910317,3.0,7.0,0.7071067811865476,6.0,8.0,0.2053571428571428,0.156441209535136,0.0,0.4285714285714285,3.0,0.0,3.0,3.0,0.934065934065934,0
sat-00901,0ed60fbcc4c8c8744e3804f9453602067334e6cdc2780439e5a2938926db711e,2sat,4,"[[-1,-4],[-2,-3],[2,3],[2,4],[-1,-2],[-1,-3],[1,3],[2,-3],[-1,2],[3,-4],[1,-3],[-3,-4],[-2,-4]]",4.0,13.0,3.25,26.0,2.0,0.0,2.0,2.0,1.0,0.0,0.3846153846153846,1.118033988749895,0.7071067811865476,1.0,2.1666666666666665,0.6871842709362768,3.0,6.5,1.118033988749895,5.0,8.0,-0.2601190476190476,0.2661632951025816,-0.6,0.1428571428571428,3.0,0.0,3.0,3.0,0.9487179487179488,0
sat-01899,909b20c691dc0c2ad5a35b9a5972961c20921fc239a113915db362dec2d888e8,3sat,4,"[[-1,-2,4],[2,3,-4],[-1,-3,4],[-2,-3,-4],[1,2,4],[-2,-3,4]]",4.0,6.0,1.5,18.0,3.0,0.0,3.0,3.0,0.0,1.0,0.4444444444444444,1.224744871391589,0.5,1.0,3.0,1.2909944487358056,5.0,4.5,1.118033988749895,3.0,6.0,-0.175,0.3121386800054673,-0.5,0.3333333333333333,3.0,0.0,3.0,3.0,2.2666666666666666,1
sat-02620,3e7c9853db3f677812a32d25aaa3e71672834f57601258747a44caa5246b8966,mixed,5,"[[-2,-4,-5],[-1,2,-4],[-2,-4,5],[-1,5],[1,2,5],[1,-3,5],[3,-5],[1,3,-5],[2,-3],[-1,-3],[2,-4,5],[-1,3,5],[-1,2,5],[4,5],[3,5],[1,4,-5],[-1,-2],[-2,3,4],[-2,4],[2,-4,-5],[1,-3],[1,4],[-1,-2,-3],[-1,3,4]]",5.0,24.0,4.8,62.0,2.583333333333333,0.4930066485916347,2.0,3.0,0.4166666666666667,0.5833333333333334,0.532258064516129,1.2,1.16619037896906,1.0,5.2,1.661324772583615,7.0,12.4,1.3564659966250536,11.0,14.0,0.0649350649350649,0.1396330395399024,-0.1428571428571428,0.2857142857142857,4.0,0.0,4.0,4.0,1.2971014492753623,0
sat-01403,4b7da28850396cc23fa18ad9da7938c09a0f1d7b02fbae691a22bdc49e46326b,3sat,4,"[[-2,3,-4],[1,2,4],[1,-3,-4],[2,-3,-4],[1,3,4],[1,2,3],[-1,-2,4],[-1,2,3],[2,3,-4],[-1,-2,-4],[2,3,4],[-1,-2,3],[1,2,-3],[1,-2,3],[1,-3,4],[1,-2,-4],[-2,3,4],[2,-3,4],[-1,3,4]]",4.0,19.0,4.75,57.0,3.0,0.0,3.0,3.0,0.0,1.0,0.5964912280701754,0.8660254037844386,0.82915619758885,1.0,9.5,0.957427107756338,11.0,14.25,0.82915619758885,13.0,15.0,0.1934065934065933,0.0994908478179159,0.0666666666666666,0.3333333333333333,3.0,0.0,3.0,3.0,2.216374269005848,0
sat-02842,5b09b18ac0a1026288a4ce8bcf078a5df053b43673b7356ccb6d36f09c5f90bb,2sat,5,"[[2,4],[-1,5],[-2,-3],[1,-2],[-2,5],[-2,3],[4,-5],[-3,4],[-1,4],[3,4],[-4,-5],[-3,5],[2,5],[-3,-4],[1,4],[-1,-5],[1,5],[-3,-5],[3,5],[-2,4],[3,-5],[-2,-4],[1,2],[-1,-3],[3,-4]]",5.0,25.0,5.0,50.0,2.0,0.0,2.0,2.0,1.0,0.0,0.5,1.4142135623730951,0.8944271909999159,1.0,2.5,0.9219544457292888,4.0,10.0,1.2649110640673518,8.0,11.0,-0.0121212121212121,0.2006417619060223,-0.3333333333333333,0.2727272727272727,4.0,0.0,4.0,4.0,0.7633333333333333,0
sat-00210,a2323d58f911093f5e99be55dc7b93ad7a366bfee33a5ee74e7280dc4d5cccc0,mixed,5,"[[-1,3,-4],[1,-2,3],[1,-4],[-1,-3],[-2,3,4],[-1,-4,5],[-1,2,4],[1,2,-4],[2,4,-5],[2,-3,-4],[2,-3,-5],[-2,4],[3,4,-5],[1,5],[-1,3],[1,-4,5],[1,-3,-5],[-3,4,-5],[1,-3,4],[-1,3,4],[1,2,-5],[-1,4,5],[-1,-5],[-2,-3],[-1,2],[-2,-3,4],[1,2,-3]]",5.0,27.0,5.4,73.0,2.703703703703704,0.4566232594791834,2.0,3.0,0.2962962962962963,0.7037037037037037,0.5068493150684932,2.154065922853801,1.6,1.0,6.5,1.746424919657298,9.0,14.6,2.4166091947189146,11.0,18.0,0.0016083916083916,0.2145328266448978,-0.2727272727272727,0.25,4.0,0.0,4.0,4.0,1.4558404558404558,0
sat-02444,689312b5c76ef8a3d56ba2232691f09d0fa15016b15c3f44bf7d6a75a213282d,2sat,4,"[[-2,4],[2,-4],[-1,-4],[3,4],[1,2],[2,3],[-3,4],[-2,-4],[-1,2],[1,-4],[-1,3]]",4.0,11.0,2.75,22.0,2.0,0.0,2.0,2.0,1.0,0.0,0.5454545454545454,0.7071067811865476,1.118033988749895,1.0,1.8333333333333333,0.6871842709362768,3.0,5.5,1.118033988749895,4.0,7.0,0.1226190476190476,0.3005734315522615,-0.2,0.5,3.0,0.0,3.0,3.0,0.9454545454545454,0
sat-02366,31424252e8e4bddf36594aec9f39c2b61cbd83eedb0850b97afb57710becdd8d,3sat,4,"[[-2,3,-4],[-1,-2,4],[1,3,-4],[1,-2,-4],[-2,-3,-4],[-1,3,-4],[-1,2,-3],[1,-2,-3],[-1,-3,-4],[2,3,4],[2,-3,-4],[-1,3,4],[-1,-2,-4],[1,-2,4],[1,2,4],[2,3,-4],[-1,2,-4]]",4.0,17.0,4.25,51.0,3.0,0.0,3.0,3.0,0.0,1.0,0.4313725490196078,0.5,1.7853571071357126,1.0,8.5,1.707825127659933,11.0,12.75,1.479019945774904,11.0,15.0,-0.1215034965034965,0.1533118658256912,-0.3333333333333333,0.0909090909090909,3.0,0.0,3.0,3.0,2.235294117647059,0
sat-01639,087256db333895b99285586591174705e908e44db0671662ec837c66e408e174,2sat,5,"[[3,-5],[4,-5],[-1,-2],[2,5],[-2,3],[1,-3],[2,4],[-3,-4],[-1,-4],[-4,-5],[-2,-3],[1,-4],[2,3],[-1,2],[3,-4],[4,5],[1,4],[-2,4],[-1,3],[1,2],[3,4],[3,5],[1,-5],[-1,4],[-1,5]]",5.0,25.0,5.0,50.0,2.0,0.0,2.0,2.0,1.0,0.0,0.56,1.2,1.0198039027185568,1.0,2.5,0.806225774829855,4.0,10.0,1.4142135623730951,8.0,12.0,0.1173737373737373,0.1670358934329059,-0.0909090909090909,0.4,4.0,0.0,4.0,4.0,0.7666666666666667,0
sat-00197,1827e7a4accce3e9d12cd2da2dffb909b09e85176a0c0201463863c924f84660,2sat,5,"[[-3,5],[-1,-3],[-1,-5],[-1,5],[2,3],[-3,-4]]",5.0,6.0,1.2,12.0,2.0,0.0,2.0,2.0,1.0,0.0,0.3333333333333333,0.7483314773547883,1.2000000000000002,0.5,0.6,0.66332495807108,2.0,2.4,1.2000000000000002,1.0,4.0,-0.2333333333333333,0.7859884081701064,-1.0,1.0,2.0,1.095445115010332,1.0,4.0,0.8,1
sat-01946,455bd5c29ba828f6d91a5c116e38d79c4576dadf159088755079e104d0b5456c,mixed,5,"[[1,-3,4],[-2,-3,5],[-1,-3,-4],[-1,-2,-5],[2,-4,-5]]",5.0,5.0,1.0,15.0,3.0,0.0,3.0,3.0,0.0,1.0,0.2666666666666666,0.4,0.3999999999999999,1.0,1.5,0.6708203932499369,3.0,3.0,0.0,3.0,3.0,-0.4666666666666666,0.2666666666666667,-1.0,-0.3333333333333333,4.0,0.0,4.0,4.0,1.5,1
sat-00783,7fff2734f03b78c6eaefe3044deca3e3f137efddc45dfe1ef43272ecad698642,mixed,4,"[[1,3,-4],[1,-2,3],[1,-4],[1,-3],[-1,-2,-3],[-2,-3,4]]",4.0,6.0,1.5,16.0,2.6666666666666665,0.4714045207910317,2.0,3.0,0.3333333333333333,0.6666666666666666,0.4375,1.479019945774904,0.82915619758885,1.0,2.333333333333333,0.9428090415820634,4.0,4.0,1.0,3.0,5.0,-0.2333333333333333,0.5686240703077327,-1.0,0.6,3.0,0.0,3.0,3.0,1.7333333333333334,1
sat-01235,37417656b865db0d6827bb7d4ce7537f7ee163a144bf51aee231f3982b24d17b,mixed,4,"[[-3,4],[1,-2,-4],[2,3,-4],[-1,-2,-3],[1,2,3],[2,-4],[-1,-3,-4],[-1,2,4],[1,-2,4],[3,-4],[2,3],[-1,-2,4],[-3,-4],[1,3,-4],[2,4],[2,3,4],[-1,-3,4],[-2,3,-4],[-1,3,-4],[-2,-3,4],[1,2,-3]]",4.0,21.0,5.25,57.0,2.7142857142857144,0.4517539514526257,2.0,3.0,0.2857142857142857,0.7142857142857143,0.5087719298245614,1.299038105676658,1.224744871391589,1.0,8.5,1.5,11.0,14.25,2.165063509461097,11.0,17.0,0.0149477973007384,0.0944504255622345,-0.0909090909090909,0.1428571428571428,3.0,0.0,3.0,3.0,1.8428571428571427,0
sat-01538,c1d2358c644bf2c2e260ff15e7303d04ffd26c47eb65c2d9532f2d0ed4e022b2,2sat,5,"[[3,-4],[-1,-4],[-1,-3],[2,-3],[2,4],[1,3],[2,3],[-1,5],[-2,-4],[-1,-2],[-4,-5],[-1,4],[3,4],[1,-4],[-2,-3],[3,-5],[1,-5],[-3,-5],[-1,-5],[2,-4],[-2,4],[-3,-4],[-2,3],[1,5]]",5.0,24.0,4.8,48.0,2.0,0.0,2.0,2.0,1.0,0.0,0.4166666666666667,1.2649110640673518,0.8,0.9,2.4,1.3564659966250538,4.0,9.6,1.4966629547095764,7.0,11.0,-0.1843001443001442,0.1725288732670588,-0.4285714285714285,0.0909090909090909,3.6,0.4898979485566356,3.0,4.0,0.7681159420289855,0
sat-01561,7bc1e5c30baa20a9096f1708b9d51ba350fe15eb278b51a0e98603418d104272,mixed,4,"[[-3,4],[1,3,4],[1,-3,-4],[1,-2,-4],[-1,-3,4],[2,3,-4],[3,-4],[2,3,4],[1,-2,4],[2,3],[1,-2,-3],[1,3],[2,4],[-1,-2,-3],[-2,3,4],[1,2,-4],[1,-3,4],[-1,2,-3]]",4.0,18.0,4.5,49.0,2.7222222222222223,0.4479032082388083,2.0,3.0,0.2777777777777778,0.7222222222222222,0.5918367346938775,0.82915619758885,1.4142135623730951,1.0,7.333333333333333,0.9428090415820632,9.0,12.25,1.299038105676658,11.0,14.0,0.194055944055944,0.1713910975181463,0.0,0.4545454545454545,3.0,0.0,3.0,3.0,1.8235294117647056,0
sat-01624,e40def023eed56ecc9bf9e033229cf321b095e36835e660c3c07e62be194f485,2sat,5,"[[-2,-4],[2,5],[2,4],[-2,3],[1,-5],[-2,5],[-3,5],[3,4],[-1,5],[-3,4],[-3,-4],[3,-5],[-1,-4],[-1,-3],[-1,-5],[4,5],[1,2],[1,-2],[1,-3],[-3,-5],[-1,3],[3,5],[-1,2],[-2,-5],[2,3],[1,3],[-1,4],[1,4],[4,-5],[-1,-2]]",5.0,30.0,6.0,60.0,2.0,0.0,2.0,2.0,1.0,0.0,0.5166666666666667,0.7483314773547882,1.6,1.0,3.0,0.7745966692414834,4.0,12.0,1.4142135623730951,10.0,14.0,0.0486313686313686,0.1911882505614489,-0.1428571428571428,0.4,4.0,0.0,4.0,4.0,0.7701149425287356,0
sat-00299,fcf614fd1644bc6103d101458cd9c63d60aab85631bcd8d364b75f5506b96eb6,3sat,4,"[[2,3,-4],[-1,3,-4],[-1,2,4],[-2,-3,-4],[-2,-3,4],[2,-3,-4],[-1,3,4],[-1,2,-4],[-1,2,-3],[1,2,3],[-1,2,3],[-1,-3,-4],[1,-3,4]]",4.0,13.0,3.25,39.0,3.0,0.0,3.0,3.0,0.0,1.0,0.4615384615384615,1.8027756377319943,1.920286436967152,1.0,6.5,0.957427107756338,8.0,9.75,0.82915619758885,9.0,11.0,-0.0727272727272727,0.4013699629499612,-0.5555555555555556,0.5555555555555556,3.0,0.0,3.0,3.0,2.2051282051282053,1
sat-02492,4ea184e461e2d79da845f1827605eb9803ad8e5b18c36315c557e0a6f4bed2fb,3sat,5,"[[-1,4,5],[-2,-3,-4],[-2,-3,5],[-1,-3,-4],[-1,-2,3],[-1,4,-5],[-1,2,-3],[2,-3,5],[2,-3,-5],[-1,2,-5],[1,2,-5],[2,-4,5],[2,3,4],[-1,3,-4],[-2,3,5],[2,4,-5],[-1,-4,-5],[-3,-4,-5],[-1,-2,4],[1,2,4],[-2,-3,-5],[-2,-4,-5],[1,-4,-5],[-1,3,4],[-2,-3,4],[1,-3,5],[2,3,-5],[3,4,5],[1,-2,5]]",5.0,29.0,5.8,87.0,3.0,0.0,3.0,3.0,0.0,1.0,0.4482758620689655,1.7204650534085255,1.019803902718557,1.0,8.7,1.676305461424021,12.0,17.4,1.4966629547095764,15.0,19.0,-0.1112487100103199,0.1493537015716771,-0.3333333333333333,0.0588235294117647,4.0,0.0,4.0,4.0,1.770935960591133,1
sat-02232,9fee429d1b113c403e77bff6660dc4ef7034f5b8a0582c4069e5cea8f8d97b51,mixed,5,"[[-1,-3],[1,3],[1,-4,-5],[2,-4,-5],[-2,4,5],[1,2,4],[1,-2,-5],[-2,-4,5],[-3,-4,5],[1,3,4],[-2,-3],[-2,-3,5]]",5.0,12.0,2.4,33.0,2.75,0.4330127018922193,2.0,3.0,0.25,0.75,0.4848484848484848,1.16619037896906,1.3564659966250536,1.0,3.0,1.1832159566199232,5.0,6.6,0.4898979485566356,6.0,7.0,-0.019047619047619,0.3945202890896758,-0.4285714285714285,0.6666666666666666,4.0,0.0,4.0,4.0,1.4090909090909092,1
sat-01773,44b4cd5883a1944dfe890d5f80af5b81148f89b377fd8a66b60c5d95730c62de,mixed,5,"[[-1,-4,-5],[-1,-3,-5],[-1,-2,-4],[1,3,-5],[2,3,-5],[1,-4,-5],[1,2,5]]",5.0,7.0,1.4,21.0,3.0,0.0,3.0,3.0,0.0,1.0,0.3809523809523809,1.019803902718557,1.4966629547095769,0.9,2.1,1.3,5.0,4.2,1.469693845669907,3.0,6.0,-0.2,0.5416025603090641,-1.0,0.3333333333333333,3.6,0.4898979485566356,3.0,4.0,1.8571428571428568,1
sat-00005,081ebb9912f649469005f0bd15db35c45e4b5a9f6ded05b91cd406a5d956165f,mixed,4,"[[-1,-2,-4],[3,-4],[-2,3,4],[1,-2,3],[-1,2],[2,4],[-1,-3],[-1,-2],[-1,3,-4],[-3,4],[1,3,-4],[1,-3,-4],[1,2],[2,3,-4],[2,-3],[2,-4],[-2,3,-4],[-1,3,4],[-1,2,4],[1,2,3],[-1,-4],[-3,-4],[1,-3,4]]",4.0,23.0,5.75,58.0,2.5217391304347827,0.4995271866554807,2.0,3.0,0.4782608695652174,0.5217391304347826,0.5,1.299038105676658,1.920286436967152,1.0,7.833333333333333,1.5723301886761007,11.0,14.5,1.118033988749895,13.0,16.0,0.0094780219780219,0.2096445023919451,-0.25,0.2307692307692307,3.0,0.0,3.0,3.0,1.5573122529644268,0
sat-01577,ed8433294165ee1ffa726b88ec6f50431e40ccf25c8576e7c3af6d8901578a6d,2sat,4,"[[1,-2],[2,-3],[-1,-4],[1,2],[1,-3],[-3,4],[-1,3],[1,-4],[-3,-4],[2,3],[-2,4],[3,4],[-2,-3],[1,4],[1,3],[-1,-2],[-1,2],[3,-4]]",4.0,18.0,4.5,36.0,2.0,0.0,2.0,2.0,1.0,0.0,0.5277777777777778,0.82915619758885,0.4330127018922193,1.0,3.0,1.0,4.0,9.0,1.0,8.0,10.0,0.05,0.0866025403784438,0.0,0.2,3.0,0.0,3.0,3.0,0.954248366013072,0
sat-02597,f344d6732cc2563f9817a4dd1bb5306279739bb12168ab8941ba1c5ca4f8f854,3sat,4,"[[1,-3,-4],[2,3,4],[1,2,4],[1,-2,3],[-1,2,-4],[2,-3,4],[-1,-2,-3],[-1,-3,4],[-1,2,3],[-2,3,-4],[1,-2,-3],[2,3,-4],[1,-3,4],[1,2,3],[1,2,-4],[-1,2,4],[-2,-3,4],[1,-2,4],[1,-2,-4],[-1,-2,-4],[1,3,4],[-1,-3,-4],[2,-3,-4],[-2,-3,-4],[-1,2,-3],[-2,3,4],[-1,3,-4]]",4.0,27.0,6.75,81.0,3.0,0.0,3.0,3.0,0.0,1.0,0.4938271604938271,0.7071067811865476,0.82915619758885,1.0,13.5,0.957427107756338,15.0,20.25,0.82915619758885,19.0,21.0,-0.0118421052631578,0.0646998621840272,-0.1,0.0526315789473684,3.0,0.0,3.0,3.0,2.225071225071225,0
sat-01332,5c7350b7883e8e0657fd196c16da40aa0183821d24ce90f34e53e877983e50ed,2sat,4,"[[-2,3],[2,3],[2,-4],[-2,-4],[1,3],[-1,-2],[1,-4],[2,-3],[2,4],[-1,-3],[-1,2],[3,4],[3,-4],[-3,4],[-1,4],[-1,3],[-3,-4]]",4.0,17.0,4.25,34.0,2.0,0.0,2.0,2.0,1.0,0.0,0.5,1.479019945774904,0.82915619758885,1.0,2.833333333333333,0.6871842709362768,4.0,8.5,1.118033988749895,7.0,10.0,-0.0224206349206349,0.2722629284896877,-0.4285714285714285,0.25,3.0,0.0,3.0,3.0,0.9558823529411764,0
sat-00399,6455a2d3582adc754d49e4190a5dfa3b6bc1bae8c06f0c48a771fa2256334d03,3sat,4,"[[-1,2,-3],[-1,-2,-3],[1,2,3],[2,-3,4],[-2,3,-4],[2,-3,-4],[2,3,4],[-1,-2,4],[-1,-2,3],[1,-3,-4],[-1,-2,-4],[-2,-3,4],[2,3,-4],[-1,-3,4],[-2,-3,-4],[1,2,-3]]",4.0,16.0,4.0,48.0,3.0,0.0,3.0,3.0,0.0,1.0,0.4166666666666667,1.4142135623730951,1.224744871391589,1.0,8.0,2.449489742783178,12.0,12.0,2.1213203435596424,9.0,14.0,-0.1774891774891775,0.136929356311123,-0.3333333333333333,0.0,3.0,0.0,3.0,3.0,2.275,1
sat-00425,b5bb4f4f5d412125e5313f8e56a5a12069f60640d7bfc5a782ce10c50cea5012,2sat,5,"[[1,-5],[-1,-2],[2,-5],[2,3],[-2,5],[-3,-4],[-3,4],[-1,2],[2,5],[1,2],[4,-5],[-3,-5],[-1,-3],[1,-4],[4,5],[3,4],[1,3],[2,4],[-4,5],[2,-3],[-2,-4],[-3,5],[-2,-3],[-4,-5],[1,4],[-1,-4],[-2,4],[1,-3],[-2,-5],[3,5],[1,-2],[-1,-5],[2,-4]]",5.0,33.0,6.6,66.0,2.0,0.0,2.0,2.0,1.0,0.0,0.4848484848484848,1.3564659966250536,0.9797958971132712,1.0,3.3,0.6403124237432849,4.0,13.2,1.1661903789690602,12.0,15.0,-0.0353846153846153,0.1691095136691375,-0.3333333333333333,0.1666666666666666,4.0,0.0,4.0,4.0,0.7689393939393939,0
sat-02087,7e8fff08691777cf5498ee5b44e9e3b325e781233523e00f93952abc4ada8436,mixed,4,"[[1,-2],[-1,3,4],[1,-2,-4],[-1,2,-3],[-2,-3,4],[-2,4],[2,3,4],[-1,-4],[1,-4],[-1,-3,4],[2,4],[1,-2,-3],[-3,-4],[1,4],[2,-3,4],[-1,3],[2,3,-4],[1,-3],[-2,-3,-4],[-2,3,4],[-1,2,-4],[3,-4],[-1,2],[-2,3,-4]]",4.0,24.0,6.0,61.0,2.5416666666666665,0.4982608642958915,2.0,3.0,0.4583333333333333,0.5416666666666666,0.4754098360655737,1.0897247358851685,0.7071067811865476,1.0,8.333333333333334,2.1343747458109497,11.0,15.25,1.7853571071357126,13.0,18.0,-0.0525641025641025,0.0306353926803808,-0.0769230769230769,0.0,3.0,0.0,3.0,3.0,1.5978260869565215,0
sat-02592,fb8a1bd4073a583aa1af34471953c9591cc7118584bf4c95993f1d3bac1c94f1,3sat,5,"[[1,3,-4],[1,-4,5],[-1,2,4],[1,2,3],[1,2,4],[-1,-2,3],[-1,-2,5],[-1,-2,4],[-1,3,-5],[-1,-3,-4],[-2,-4,-5],[3,-4,5],[-1,-3,5],[1,-4,-5],[1,-3,5],[2,4,5],[2,4,-5],[3,4,5],[-1,3,-4],[2,-3,-4],[-1,-3,-5],[1,-2,5],[-2,-4,5],[2,3,-4],[2,-3,4],[2,-4,5],[-1,2,3],[-1,-2,-5],[-1,-2,-3]]",5.0,29.0,5.8,87.0,3.0,0.0,3.0,3.0,0.0,1.0,0.4942528735632184,1.3564659966250536,2.315167380558045,1.0,8.7,1.5524174696260025,11.0,17.4,1.2000000000000002,16.0,19.0,0.0001461988304093,0.204502012583527,-0.2631578947368421,0.25,4.0,0.0,4.0,4.0,1.7660098522167489,1
sat-02003,acb247134ac083f56ada37593c219bf3b7123e6f351f47d73252443224040b56,2sat,5,"[[1,5],[-2,-4],[-1,3],[2,-5],[4,5],[-1,-2],[1,3],[-1,-3],[-3,5],[4,-5],[-3,4],[-1,2],[-4,5],[1,-2],[-3,-4],[-2,5],[1,4],[-2,-3],[-1,-4],[-2,-5],[-3,-5],[-2,3],[2,-3],[-1,-5],[3,-5],[1,-5],[-1,5],[2,4],[1,-4]]",5.0,29.0,5.8,58.0,2.0,0.0,2.0,2.0,1.0,0.0,0.4310344827586206,0.8944271909999159,0.7999999999999999,1.0,2.9,0.5385164807134505,4.0,11.6,1.2,10.0,13.0,-0.1398601398601398,0.1120628006937629,-0.2727272727272727,0.0,4.0,0.0,4.0,4.0,0.7660098522167488,0
sat-01417,80c08046f54e1d0d9fcd45afe27a2c85c09805db4e3674da0d4e84b8ab936008,2sat,5,"[[-3,-5],[-1,-2],[3,5],[-1,-4],[2,-5],[-2,-5],[-3,-4],[-1,2],[-4,-5],[4,5],[3,-4],[-1,5],[-2,-3],[4,-5],[-1,-5],[-3,4],[1,2],[2,4]]",5.0,18.0,3.6,36.0,2.0,0.0,2.0,2.0,1.0,0.0,0.3888888888888889,1.16619037896906,1.0198039027185568,0.9,1.8,0.9797958971132712,3.0,7.2,1.16619037896906,6.0,9.0,-0.238095238095238,0.2841225502890723,-0.6666666666666666,0.1428571428571428,3.6,0.4898979485566356,3.0,4.0,0.7516339869281046,0
sat-02177,edafb448ddf512fe969d853f266607d2378ae0973cb4304b1b723db793d36a29,3sat,5,"[[-2,-4,-5],[-1,2,-5],[-2,-3,5],[-2,3,-5],[-1,2,-4],[-1,-2,3],[-1,-2,4],[-1,3,5],[1,-3,-4],[-1,4,5],[1,2,-3],[3,4,-5],[-1,-2,-5],[1,-2,-5],[2,-3,-5],[1,-3,4],[-1,3,4],[3,4,5],[1,-2,4],[2,-3,4],[-2,-3,4],[-2,3,4],[1,2,-5],[1,2,5],[-1,2,3],[-1,-2,-3]]",5.0,26.0,5.2,78.0,3.0,0.0,3.0,3.0,0.0,1.0,0.4871794871794871,1.624807680927192,2.756809750418044,1.0,7.8,2.08806130178211,12.0,15.6,2.33238075793812,13.0,19.0,-0.0053346034770183,0.2825333936848713,-0.2307692307692307,0.5384615384615384,4.0,0.0,4.0,4.0,1.793846153846154,1
sat-02936,20ae23eca78e79eb561e9dfc812758ee20e59159da7072969a204d76bdf139e8,2sat,4,"[[1,-3],[-1,-4],[-2,4],[3,4],[-1,4],[2,-4],[2,4],[1,3],[2,3],[1,-4],[-2,-4],[-3,4],[-3,-4],[1,4],[-1,3],[-1,-2],[-1,2],[3,-4],[-2,3],[2,-3]]",4.0,20.0,5.0,40.0,2.0,0.0,2.0,2.0,1.0,0.0,0.525,0.82915619758885,0.82915619758885,1.0,3.333333333333333,0.7453559924999298,4.0,10.0,1.224744871391589,9.0,12.0,0.05,0.1169309176658288,-0.1111111111111111,0.2,3.0,0.0,3.0,3.0,0.963157894736842,0
sat-00466,26b4901f06bad6b9dd89fa0660c7910cb832f716640a9e89293538c936746cab,2sat,5,"[[-1,-3],[-1,2],[3,4],[1,-3],[1,-4],[-1,-4],[-2,-4],[2,-5],[-1,-2],[1,3],[-2,4],[4,-5],[-1,4],[3,-5]]",5.0,14.0,2.8,28.0,2.0,0.0,2.0,2.0,1.0,0.0,0.4285714285714285,1.3564659966250536,0.9797958971132712,0.8,1.4,1.019803902718557,3.0,5.6,1.743559577416269,3.0,8.0,-0.2214285714285714,0.4284285476111078,-1.0,0.2,3.2,0.3999999999999999,3.0,4.0,0.7912087912087912,0
sat-02267,1575f1eeaaae4d195c8116b184fa7aaecced9e9c0820fe893e7aa4731145a2a5,3sat,4,"[[2,3,-4],[-1,-3,4],[-2,3,4],[1,-3,4],[-1,-3,-4],[-1,2,-4],[-1,2,3],[1,3,4]]",4.0,8.0,2.0,24.0,3.0,0.0,3.0,3.0,0.0,1.0,0.5416666666666666,0.82915619758885,1.0897247358851685,1.0,4.0,1.4142135623730951,6.0,6.0,1.224744871391589,4.0,7.0,0.1130952380952381,0.2961272134245893,-0.3333333333333333,0.5,3.0,0.0,3.0,3.0,2.25,1
sat-02702,7dce06601b15a9dbff395444cdcb9f327294e842c40b0d0f03cc471271effe73,mixed,5,"[[-1,-4,5],[2,-4,5],[1,-2],[2,-4,-5],[-1,4],[2,3,-4],[-2,-3],[-1,-4,-5],[-2,-4,-5],[1,2],[-2,-3,-4],[1,-3,5],[1,3,-5],[1,-3,-4],[1,-4,5],[1,-2,-3],[2,3,5],[-2,3,-5],[4,-5],[-1,-3],[2,-3,4],[-2,-4,5],[-1,2,5],[-2,3,4],[-1,4,-5],[1,3],[-1,2,3],[-1,2,-3],[1,2,-4],[-3,4],[1,-2,4],[-1,3,5],[3,4],[-3,4,5],[-3,4,-5]]",5.0,35.0,7.0,96.0,2.742857142857143,0.4370588154508102,2.0,3.0,0.2571428571428571,0.7428571428571429,0.5,0.4898979485566356,1.2,1.0,8.7,1.268857754044952,11.0,19.2,1.32664991614216,17.0,21.0,0.0032935279374907,0.0651363353009867,-0.1,0.0588235294117647,4.0,0.0,4.0,4.0,1.4756302521008404,0
sat-02297,b87a035e26fb32fef1f3274d8fc6a5393ffca96825d86740548b92ae5629dd79,mixed,4,"[[1,-2,-3],[2,-3,4],[2,-3,-4],[-2,3,-4],[2,3],[1,-2,4],[3,4],[-1,-3,4]]",4.0,8.0,2.0,22.0,2.75,0.4330127018922193,2.0,3.0,0.25,0.75,0.5454545454545454,0.7071067811865476,1.118033988749895,1.0,3.333333333333333,1.3743685418725535,5.0,5.5,1.5,3.0,7.0,0.1309523809523809,0.2085882793801813,-0.1428571428571428,0.3333333333333333,3.0,0.0,3.0,3.0,1.9285714285714288,1
sat-00950,3ec9130145962a67b1dc89ecb5ed3ab8cb7a113a54d18b3afdb9fbb69f3a889f,3sat,5,"[[1,3,5],[-3,4,5],[1,-3,-4],[2,3,5],[-2,-3,5]]",5.0,5.0,1.0,15.0,3.0,0.0,3.0,3.0,0.0,1.0,0.6666666666666666,1.095445115010332,1.095445115010332,0.8,1.5,1.118033988749895,4.0,3.0,1.2649110640673518,2.0,5.0,0.36,0.5276362383309168,-0.2,1.0,3.2,0.7483314773547882,2.0,4.0,1.9,1
sat-02856,e134e8bb34301fabf437edb9766854feefe602cc990f2a5a86795c4a12e71a44,mixed,5,"[[-2,-4,5],[1,2,-3],[-2,4,5],[-1,-2,-5],[3,4],[-1,-5],[1,-4],[-2,4,-5],[-1,2,-3],[-1,-2,5],[-2,3,-4],[-1,2,-5],[1,3],[-1,2],[1,-2,4],[2,-3,4],[4,5],[-4,-5],[-1,-2,-4],[1,2,4],[-1,3,4],[1,2,5],[1,-5],[2,3,-4],[-2,-4]]",5.0,25.0,5.0,66.0,2.64,0.48,2.0,3.0,0.36,0.64,0.5,1.3564659966250536,2.0591260281974,0.9,5.7,2.7586228448267445,10.0,13.2,3.249615361854384,8.0,17.0,0.0200534759358288,0.1273600014335102,-0.0909090909090909,0.25,3.6,0.4898979485566356,3.0,4.0,1.43,0
sat-02266,99f59a87f752ee6a11de2073f0f57b45e4ac7636687108831fb063fb7e8465b7,2sat,5,"[[-3,4],[2,-3],[2,3],[-2,-4],[-3,5],[1,3],[-4,-5],[1,-3],[3,4],[-4,5],[-1,2],[2,5],[-1,-3],[4,-5],[2,4],[-1,-5],[-1,-2],[2,-5],[-2,-3],[1,5],[-1,4],[3,-5],[-2,5],[1,-5],[4,5],[-1,-4],[-1,5],[-2,-5]]",5.0,28.0,5.6,56.0,2.0,0.0,2.0,2.0,1.0,0.0,0.4821428571428571,1.2,1.16619037896906,1.0,2.8,0.8717797887081347,4.0,11.2,1.469693845669907,10.0,14.0,-0.0363636363636363,0.1766539316580526,-0.2727272727272727,0.2,4.0,0.0,4.0,4.0,0.7698412698412699,0
sat-01917,5438b5a798b9abf3dc917a1fe30b38c635d6e550f61e48e3b0592f382187dac2,3sat,5,"[[-1,-2,4],[1,3,-5],[2,-3,-4],[-3,4,-5],[2,-4,5],[-2,4,-5],[1,-3,-4],[2,3,4],[-1,3,-4],[1,-2,4],[1,-4,-5],[-1,3,5],[1,4,5],[1,2,3],[-2,3,-4],[-1,-4,-5],[-2,-3,-4],[1,3,-4],[1,3,4],[3,-4,-5],[-1,2,-4],[3,4,5],[-1,2,3],[-2,-4,-5],[-1,3,-5],[1,-3,5],[-2,-3,-5],[1,-2,5],[-1,-3,-4],[-1,4,-5],[2,-3,4]]",5.0,31.0,6.2,93.0,3.0,0.0,3.0,3.0,0.0,1.0,0.4838709677419355,2.1908902300206643,1.8547236990991407,1.0,9.3,2.4515301344262523,13.0,18.6,2.8705400188814645,15.0,23.0,-0.0388939740655987,0.1543787899732588,-0.25,0.2,4.0,0.0,4.0,4.0,1.804301075268817,0
sat-00896,3034453595ecbd7d6bfaae5bd116e05216a8be1a1ad9878d71a1ae9edaa9e604,2sat,5,"[[-3,5],[2,3],[-1,3],[-3,-4],[-1,-4],[1,-3],[1,5],[-3,4],[-1,5],[-2,-4],[3,-4],[-1,4],[-1,2],[2,4],[1,-5],[3,4],[-1,-2],[4,5],[1,3],[2,-4],[-4,5],[4,-5],[3,-5],[1,-4],[-2,-3],[1,4],[1,2],[-3,-5],[2,-3],[-2,5]]",5.0,30.0,6.0,60.0,2.0,0.0,2.0,2.0,1.0,0.0,0.5333333333333333,0.4898979485566356,1.3564659966250536,1.0,3.0,0.7745966692414834,4.0,12.0,1.6733200530681511,10.0,14.0,0.08,0.1093931620592688,-0.0769230769230769,0.2,4.0,0.0,4.0,4.0,0.774712643678161,0
sat-01678,6a6a71de312b5010752a9227ce5b5987f1f5ff57483da7176fd8225000b9b2c3,mixed,4,"[[-2,4],[-1,4],[-1,-2],[1,2,3],[2,4],[2,3],[1,3],[1,-2,4],[2,3,4],[1,-3],[-1,3,-4],[-2,-3],[1,2,4],[-3,-4],[-1,-2,-4]]",4.0,15.0,3.75,36.0,2.4,0.4898979485566357,2.0,3.0,0.6,0.4,0.5833333333333334,0.4330127018922193,0.82915619758885,1.0,4.5,0.957427107756338,6.0,9.0,0.7071067811865476,8.0,10.0,0.1736111111111111,0.1278607822189025,0.0,0.3333333333333333,3.0,0.0,3.0,3.0,1.380952380952381,0
sat-01451,80ddd1a4533b3e8f0b196c043ba8724352f5d46b9db5173f54d3d5a9b74c4693,2sat,4,"[[-3,-4],[1,4],[-1,2],[1,3],[2,4],[3,-4]]",4.0,6.0,1.5,12.0,2.0,0.0,2.0,2.0,1.0,0.0,0.6666666666666666,0.0,0.7071067811865476,0.8333333333333334,1.0,0.5773502691896257,2.0,3.0,0.7071067811865476,2.0,4.0,0.4166666666666666,0.3632415786283894,0.0,1.0,2.5,0.5,2.0,3.0,0.8666666666666667,1
sat-01662,4a5eede7399a89ff7115d65c3b7de0eb104cd1c8fac5a7caa676478e09846794,3sat,4,"[[-2,-3,4],[1,2,3],[-1,-2,3],[2,3,-4],[2,3,4],[1,3,4],[-2,3,-4],[2,-3,-4],[-2,3,4],[-1,2,4],[1,3,-4],[1,-2,-3],[1,-3,-4],[2,-3,4],[1,-2,3],[1,-2,4],[-1,-2,-3],[-1,-3,4],[1,2,-4],[-1,2,-4],[-1,-3,-4],[-1,2,3],[-1,-2,-4]]",4.0,23.0,5.75,69.0,3.0,0.0,3.0,3.0,0.0,1.0,0.5072463768115942,0.82915619758885,0.5,1.0,11.5,0.957427107756338,13.0,17.25,0.82915619758885,16.0,18.0,0.0130718954248366,0.0614865611837476,-0.0588235294117647,0.1111111111111111,3.0,0.0,3.0,3.0,2.2213438735177866,0
sat-02459,e9ef8bff7138deff1a997a5881a4f50ccba736099097513bddd9fb41bfd36a6f,mixed,4,"[[-2,3,4],[-3,-4],[1,-2,4],[-1,-2,-3],[1,-2,3],[-1,3,4],[-1,2,4],[-1,-3],[-2,-3,-4],[-1,3],[-1,-2],[1,3],[1,-3],[-2,-4]]",4.0,14.0,3.5,35.0,2.5,0.5,2.0,3.0,0.5,0.5,0.4,1.5,1.479019945774904,1.0,4.666666666666667,1.247219128924647,7.0,8.75,1.299038105676658,7.0,10.0,-0.2017857142857143,0.3391306036419164,-0.75,0.1428571428571428,3.0,0.0,3.0,3.0,1.5274725274725274,0
sat-01729,31301c74eae77703d47dd7f2c1a4f7f42d5fac2a61701f30fac08fc75c8affb1,mixed,4,"[[1,-3],[1,2,-4],[1,3,-4],[1,4],[1,2,4],[-2,3,-4],[-1,-2,-3],[-2,-4],[-2,-3],[1,2,-3]]",4.0,10.0,2.5,26.0,2.6,0.4898979485566356,2.0,3.0,0.4,0.6,0.5,1.6393596310755,1.299038105676658,1.0,3.6666666666666665,0.7453559924999298,4.0,6.5,0.5,6.0,7.0,-0.0238095238095238,0.4331763190157203,-0.3333333333333333,0.7142857142857143,3.0,0.0,3.0,3.0,1.6,1
sat-01199,5b9a209d133a19cedc225ab4ad3bb00796d59796f43779714aa746769db49274,2sat,4,"[[-1,-4],[-1,3],[3,-4],[-2,-4],[-3,-4],[-2,-3],[3,4],[2,4],[-1,-3]]",4.0,9.0,2.25,18.0,2.0,0.0,2.0,2.0,1.0,0.0,0.3333333333333333,1.118033988749895,0.7071067811865476,0.8333333333333334,1.5,0.957427107756338,3.0,4.5,1.5,3.0,6.0,-0.4166666666666666,0.3632415786283894,-1.0,0.0,2.5,0.5,2.0,3.0,1.0,0
sat-02916,c2bfa131fc9a3bf11ac61d4a3e9d4a44750639422d59dc4c166369fbfb537356,2sat,4,"[[-2,-3],[-1,4],[-3,4],[-1,2],[-2,3],[3,4]]",4.0,6.0,1.5,12.0,2.0,0.0,2.0,2.0,1.0,0.0,0.5,1.118033988749895,0.8660254037844386,0.6666666666666666,1.0,0.816496580927726,2.0,3.0,0.7071067811865476,2.0,4.0,-0.0833333333333333,0.7216878364870322,-1.0,1.0,2.0,0.0,2.0,2.0,0.8666666666666667,1
sat-01694,4ea38ffc24d8a4ebdedd79f3d7b4f692d7e9a16d4c36c293c916a7cd64c3494a,2sat,5,"[[4,-5],[-1,5],[-2,3],[3,5],[2,-3],[-3,5],[-2,-4],[2,-4],[4,5],[3,4],[1,-2],[-1,-4],[-2,4],[-2,-3],[-3,-5],[1,-5],[-4,-5],[-1,-2],[2,5],[2,4]]",5.0,20.0,4.0,40.0,2.0,0.0,2.0,2.0,1.0,0.0,0.475,1.16619037896906,0.9797958971132712,0.9,2.0,1.1832159566199232,4.0,8.0,1.7888543819998317,5.0,10.0,-0.0641269841269841,0.1445947238483376,-0.2,0.1111111111111111,3.6,0.4898979485566356,3.0,4.0,0.7789473684210526,0
sat-00365,c64c7628511ffae3312ceadf452d0a67d8caa7f995f5209996bdb6f8c77ac949,mixed,5,"[[1,2,3],[1,2,4],[1,-3],[-1,-3],[-3,-4],[1,4],[2,-3,4],[1,4,-5],[1,-5],[3,4,5],[1,-2,-4],[-3,4],[-1,-4,-5],[-2,-3,-5],[-2,-5],[-3,4,-5],[1,-3,-5],[1,2,-5],[-3,-5],[1,-2,-5]]",5.0,20.0,4.0,52.0,2.6,0.4898979485566356,2.0,3.0,0.4,0.6,0.4615384615384615,3.3105890714493698,3.2619012860600183,1.0,4.4,0.916515138991168,6.0,10.4,1.3564659966250536,8.0,12.0,-0.0775757575757575,0.5742359478326722,-0.8181818181818182,0.6666666666666666,4.0,0.0,4.0,4.0,1.3105263157894738,1
sat-02554,43f56345a9bea42501a2dcee4bfe4ea33a05cb0acd9a0fa6b49dd00b115ab4e8,2sat,4,"[[1,4],[1,2],[-2,3],[3,-4],[2,4],[-2,-3],[-1,3],[1,3],[-1,-3],[2,3],[-3,4],[2,-3],[-2,4],[-2,-4],[3,4],[1,-4],[2,-4],[1,-3],[-3,-4],[-1,-2],[-1,2]]",4.0,21.0,5.25,42.0,2.0,0.0,2.0,2.0,1.0,0.0,0.5238095238095238,0.5,0.7071067811865476,1.0,3.5,0.7637626158259734,4.0,10.5,1.118033988749895,9.0,12.0,0.0505050505050505,0.0510076006987983,0.0,0.1111111111111111,3.0,0.0,3.0,3.0,0.961904761904762,0
sat-01495,5d22a78ad5cd01836fdec5de4bb358057a827d8a537fd63eddb1c91deb076fc0,2sat,5,"[[-2,-4],[-3,-4],[-3,4],[-1,3],[-4,-5],[3,4],[-1,2],[3,-5],[-1,-4],[2,-3],[-4,5],[-1,-5],[2,-4],[-2,3],[-1,4],[2,-5],[3,-4],[-1,5]]",5.0,18.0,3.6,36.0,2.0,0.0,2.0,2.0,1.0,0.0,0.3888888888888889,1.7204650534085253,1.8547236990991407,1.0,1.8,0.8717797887081347,4.0,7.2,1.6,6.0,10.0,-0.23,0.4858440536267213,-1.0,0.3333333333333333,4.0,0.0,4.0,4.0,0.7712418300653595,0
sat-01778,25fa5ad91e1c85ea24e586654e9338342f77e5dd13761217030f8e7c47a588c5,mixed,4,"[[2,4],[2,-3,-4],[-2,-4],[-2,-3,4],[-1,-2,3],[1,-2,4],[3,4],[-1,2],[-1,-3,-4],[2,-3],[-3,4],[-1,2,-4],[-1,-2,-3],[1,3,-4],[1,3],[-1,-4]]",4.0,16.0,4.0,40.0,2.5,0.5,2.0,3.0,0.5,0.5,0.425,0.82915619758885,0.4330127018922193,1.0,5.333333333333333,0.4714045207910317,6.0,10.0,0.7071067811865476,9.0,11.0,-0.156060606060606,0.12445473360324,-0.3333333333333333,0.0,3.0,0.0,3.0,3.0,1.5083333333333333,0
sat-02407,1dae66d3bb7cad71fb721f81321d38aecb4bc349750f57e39037a1985fe632a9,mixed,5,"[[1,3,4],[2,4],[1,-3,-4],[-2,-3,4],[-3,-4],[1,2,3],[2,3,5],[2,4,-5],[2,-5],[-1,2,-5],[-2,-4,-5]]",5.0,11.0,2.2,30.0,2.727272727272727,0.4453617714151232,2.0,3.0,0.2727272727272727,0.7272727272727273,0.5666666666666667,1.624807680927192,1.019803902718557,1.0,2.7,1.2688577540449522,5.0,6.0,1.4142135623730951,4.0,8.0,0.1085714285714285,0.405331811669181,-0.6,0.5,4.0,0.0,4.0,4.0,1.4545454545454546,1
sat-01336,3450d45e40b4a9ba9d4b47bf900a84e13072d85983de1f0812500e7dec87fcec,mixed,5,"[[-2,-3,4],[-3,-5],[-2,3,4],[-1,4],[1,-4,5],[-3,-4],[-1,2],[-2,5],[1,-2,-3],[3,4,-5],[1,2],[-1,-5],[1,-2,-4],[-1,2,3],[-2,-3,-4],[1,2,-3],[1,-3,-4],[2,-3,-5],[2,3,-5],[2,-4,-5],[3,4],[2,-3,-4],[2,5],[-2,-3,5],[-1,2,5],[1,4,-5],[2,4]]",5.0,27.0,5.4,71.0,2.6296296296296298,0.4829038818668629,2.0,3.0,0.3703703703703703,0.6296296296296297,0.4929577464788732,2.1908902300206643,1.6,1.0,6.1,1.9209372712298547,10.0,14.2,2.2271057451320084,12.0,18.0,-0.0222222222222222,0.2066786137526474,-0.3333333333333333,0.2222222222222222,4.0,0.0,4.0,4.0,1.3703703703703705,0
sat-00529,3cd5472513a30d14785d1f362a352d5d484a7454b9322d7685b31d849d44f7b9,2sat,4,"[[1,3],[-1,3],[3,4],[1,-3],[-1,4],[2,4],[-1,2],[-2,4],[2,-3],[-2,-3],[-2,3],[3,-4],[-2,-4],[1,-2],[-1,-3],[1,-4],[1,2]]",4.0,17.0,4.25,34.0,2.0,0.0,2.0,2.0,1.0,0.0,0.5294117647058824,0.5,0.7071067811865476,1.0,2.833333333333333,0.6871842709362768,4.0,8.5,0.8660254037844386,7.0,9.0,0.0634920634920634,0.1016368926576642,-0.1111111111111111,0.1428571428571428,3.0,0.0,3.0,3.0,0.9485294117647058,0
sat-00835,e10cd59c8553e5ff213e720c5230ec295a909caffd74b423529eb5d4012f038b,3sat,4,"[[1,-2,3],[1,2,-4],[-1,3,4],[-2,3,4]]",4.0,4.0,1.0,12.0,3.0,0.0,3.0,3.0,0.0,1.0,0.6666666666666666,0.7071067811865476,0.7071067811865476,1.0,2.0,0.0,2.0,3.0,0.0,3.0,3.0,0.3333333333333333,0.4714045207910317,-0.3333333333333333,1.0,3.0,0.0,3.0,3.0,2.0,1
sat-02477,89951bbef86f03d58dadaf9869cb22d42491e819fa5eaf2534c1f23bae94c29e,3sat,4,"[[-2,-3,-4],[-1,2,4],[-1,-2,4],[1,-2,-4],[-1,2,3],[1,-3,4],[1,3,4],[1,2,4],[1,2,-3],[-2,-3,4],[1,2,3],[-1,2,-3],[1,3,-4],[-2,3,-4],[-1,-3,-4],[-1,-2,-4],[-1,2,-4],[1,-2,-3],[-1,-3,4],[2,3,4],[2,3,-4],[-2,3,4]]",4.0,22.0,5.5,66.0,3.0,0.0,3.0,3.0,0.0,1.0,0.5151515151515151,0.5,0.0,1.0,11.0,0.5773502691896257,12.0,16.5,0.5,16.0,17.0,0.0294117647058823,0.0294117647058823,0.0,0.0588235294117647,3.0,0.0,3.0,3.0,2.2164502164502164,0
sat-02474,2beacff928ec84db590332a1cb20b5d3e64b1680ca5d2e9105308ee1e563c3a6,mixed,4,"[[1,-3,4],[1,2],[1,-2,-3],[2,3],[1,2,-4],[-1,-3,4],[1,-3],[-1,2,4]]",4.0,8.0,2.0,21.0,2.625,0.4841229182759271,2.0,3.0,0.375,0.625,0.6190476190476191,1.479019945774904,1.224744871391589,1.0,3.0,1.0,4.0,5.25,1.0897247358851685,4.0,7.0,0.2321428571428571,0.4842809734281224,-0.6,0.6,3.0,0.0,3.0,3.0,1.6785714285714286,1
sat-00420,7eff4e575da0312f42eb641bf16f4061f5a8adffce11175977984a45bfd47883,2sat,5,"[[4,5],[1,5],[-1,4],[-2,4],[1,-4],[1,3],[3,-4],[-1,-2],[2,-3],[-1,-5],[2,4],[-2,-3],[-1,2],[1,-3],[-2,-5],[-3,4],[-2,-4],[2,3],[-2,3],[4,-5],[1,-5],[-2,5],[-4,-5],[1,2],[2,5],[2,-4],[3,4],[-1,-4],[-3,-4],[-1,5],[3,5],[1,4]]",5.0,32.0,6.4,64.0,2.0,0.0,2.0,2.0,1.0,0.0,0.53125,0.7483314773547882,0.8944271909999159,1.0,3.2,0.9797958971132712,4.0,12.8,1.6,11.0,15.0,0.065081585081585,0.0338007876947705,0.0,0.0909090909090909,4.0,0.0,4.0,4.0,0.7741935483870968,0
sat-01954,6a1c558e50bf8b62bbc878250879fdc51c6b02fac65ae10b468aab411feec224,2sat,4,"[[-3,-4],[1,-4],[-1,2],[-2,-4],[-3,4],[-1,-4],[1,-2],[2,4],[1,3],[-1,3],[-2,3],[3,4]]",4.0,12.0,3.0,24.0,2.0,0.0,2.0,2.0,1.0,0.0,0.5,0.7071067811865476,0.7071067811865476,1.0,2.0,0.5773502691896257,3.0,6.0,0.7071067811865476,5.0,7.0,-0.0023809523809523,0.2070607390594942,-0.2,0.3333333333333333,3.0,0.0,3.0,3.0,0.9242424242424242,0
sat-02235,bf9a41585dbc7f7e89640d16e9aa4fefa1d6a63e0d9b40244dbf2943a90cb503,3sat,4,"[[1,-2,-3],[-1,-3,-4],[2,-3,4],[1,-3,-4],[1,2,-4],[-1,2,-3],[-1,3,-4]]",4.0,7.0,1.75,21.0,3.0,0.0,3.0,3.0,0.0,1.0,0.3809523809523809,1.0,1.479019945774904,1.0,3.5,0.957427107756338,5.0,5.25,0.82915619758885,4.0,6.0,-0.1916666666666666,0.4763139720814412,-0.6666666666666666,0.5,3.0,0.0,3.0,3.0,2.1904761904761907,1
sat-00138,e86cdbba64552a887476ed43e7aade00fb488a62d1a313ea2ab56f8c54f97a1c,3sat,5,"[[-1,-2,5],[-1,2,-4],[-3,4,5],[-2,-3,5],[1,2,-5],[1,-3,5],[-1,3,5],[1,-2,-3],[-1,-3,4],[-1,2,-3],[-1,3,4],[2,-4,5],[-1,-4,-5],[1,3,5],[-1,-2,4],[3,4,5],[-2,3,4],[1,4,5],[2,-3,5],[-1,3,-5],[2,3,-5],[1,-4,-5],[-2,-4,5],[-1,-3,-4],[-1,2,5],[1,-4,5],[-1,2,3],[-3,-4,5],[-1,3,-4]]",5.0,29.0,5.8,87.0,3.0,0.0,3.0,3.0,0.0,1.0,0.5172413793103449,2.6076809620810595,2.8000000000000003,1.0,8.7,1.7916472867168918,11.0,17.4,2.154065922853802,14.0,20.0,0.0383082706766917,0.2619436109379466,-0.3,0.4736842105263157,4.0,0.0,4.0,4.0,1.7857142857142858,0
sat-00551,7cbbbd5d497d872bfdf3de6f221d0bdcadada95dca1fed1ff3c1fddae5438245,mixed,5,"[[-1,2],[2,3,-5],[-3,4,5],[1,2,-3],[1,-2,4],[1,3,4],[1,4,5],[2,-4],[-2,3,5]]",5.0,9.0,1.8,25.0,2.7777777777777777,0.415739709641549,2.0,3.0,0.2222222222222222,0.7777777777777778,0.72,0.4898979485566356,0.4898979485566356,1.0,2.3,0.6403124237432849,3.0,5.0,0.6324555320336759,4.0,6.0,0.4466666666666666,0.1571976816340212,0.2,0.6,4.0,0.0,4.0,4.0,1.4166666666666667,1
sat-01698,a2e1f4d649bc69e24d6bb46f8363788fff9aa637540d983c98ccb4175d13d136,3sat,4,"[[-1,2,4],[1,-2,-4],[1,-2,-3],[-1,2,-3],[1,2,-3],[-1,-2,-3],[-1,-2,-4],[-1,-3,4],[-2,-3,4],[-1,3,4],[1,3,-4],[-1,-2,3],[1,-3,4],[-2,3,4],[-1,3,-4],[1,-2,3],[2,3,4],[-2,3,-4],[1,-3,-4],[1,-2,4],[1,2,3],[1,2,-4],[2,-3,-4],[-2,-3,-4],[2,3,-4]]",4.0,25.0,6.25,75.0,3.0,0.0,3.0,3.0,0.0,1.0,0.48,1.0,1.0897247358851685,1.0,12.5,0.957427107756338,14.0,18.75,0.82915619758885,18.0,20.0,-0.0394736842105263,0.1041506348594664,-0.1578947368421052,0.1111111111111111,3.0,0.0,3.0,3.0,2.223333333333333,0
sat-01723,a69fe7ccd0c366a7760f6d0d4e0740d8b5c0a651f47587b18d4810358fec80f4,mixed,4,"[[2,3,-4],[1,-3,4],[1,-2,-3],[1,-3],[-3,-4],[1,-2,4],[1,-2,-4],[-2,-3,-4],[-1,2,-4],[-1,3,4],[-1,2,-3],[-1,-2,3],[-1,-2,4],[-1,2,3],[1,-3,-4],[3,-4],[1,-4],[-2,-3,4],[-2,3,4],[-1,2,4],[1,4]]",4.0,21.0,5.25,58.0,2.761904761904762,0.4259177099999599,2.0,3.0,0.238095238095238,0.7619047619047619,0.4655172413793103,1.299038105676658,0.4330127018922193,1.0,8.833333333333334,0.6871842709362769,10.0,14.5,1.118033988749895,13.0,16.0,-0.0767399267399267,0.1167807562864872,-0.2307692307692307,0.0666666666666666,3.0,0.0,3.0,3.0,1.876190476190476,0
sat-01874,d3c083bd570eb27cdaf56a4f3b5fb78913949c69717ac5228b2bdac3323b54ee,3sat,4,"[[2,-3,4],[1,-2,4],[1,-2,3],[-1,2,4],[-1,2,3],[-2,-3,4],[-2,3,4],[1,-3,-4],[1,-2,-4],[-1,-3,4],[1,-3,4],[-1,-3,-4],[1,3,-4],[-1,-2,3],[1,2,4],[1,2,3],[1,3,4],[2,3,-4],[-1,-2,-4],[1,2,-4],[-1,2,-4],[1,-2,-3],[2,-3,-4]]",4.0,23.0,5.75,69.0,3.0,0.0,3.0,3.0,0.0,1.0,0.5362318840579711,1.0897247358851685,0.7071067811865476,1.0,11.5,0.957427107756338,13.0,17.25,0.82915619758885,16.0,18.0,0.0702614379084967,0.0909618670569724,0.0,0.2222222222222222,3.0,0.0,3.0,3.0,2.2213438735177866,0
sat-00956,0967d595aceea9aa15525859da01b48fcfd6b9f69e07fd52d749c6f7431517c3,2sat,5,"[[-2,4],[4,-5],[-1,-5],[-3,5],[-1,3],[1,-3],[2,5],[2,-3],[-1,5],[-2,-4],[2,3],[-2,3],[1,5],[-1,-3],[-2,-3],[1,-5],[3,-5],[1,4],[3,-4],[-1,-2],[3,5],[-4,-5],[-3,-5],[1,-2],[-3,-4],[-1,4],[-3,4],[3,4],[-1,2],[-2,5],[1,-4],[2,4],[-2,-5],[2,-4],[1,3]]",5.0,35.0,7.0,70.0,2.0,0.0,2.0,2.0,1.0,0.0,0.4857142857142857,0.7483314773547882,0.7483314773547882,1.0,3.5,0.6708203932499369,4.0,14.0,1.095445115010332,13.0,16.0,-0.0285714285714285,0.0750477849624785,-0.1428571428571428,0.0769230769230769,4.0,0.0,4.0,4.0,0.7697478991596639,0
sat-02174,d1eeecc1f978d1ba7f5f5b987c4048e6c31d880cefafb29d8dd1b99eb38896f9,3sat,4,"[[1,-2,4],[-2,3,4],[-1,-2,-3],[-1,-3,4],[-1,2,3],[-2,-3,-4],[-2,-3,4],[-1,2,-4],[-1,-2,-4],[1,3,4],[1,3,-4],[-1,-3,-4],[1,2,-3],[-1,2,4],[2,3,4],[2,-3,-4]]",4.0,16.0,4.0,48.0,3.0,0.0,3.0,3.0,0.0,1.0,0.4583333333333333,1.118033988749895,0.5,1.0,8.0,0.816496580927726,9.0,12.0,0.7071067811865476,11.0,13.0,-0.0906177156177156,0.1371393646033614,-0.2727272727272727,0.0769230769230769,3.0,0.0,3.0,3.0,2.208333333333333,0
sat-01061,74e69386395c6c349f2ddcaa45234a9d4db5e12ef2aeea816483609d15e8e37f,2sat,5,"[[-2,-5],[2,5],[-1,2],[-2,-3],[-4,-5],[2,3],[-3,-4],[-1,-3],[-1,-2],[1,4],[3,5],[1,-2],[-1,-4],[3,4],[1,-3],[2,-4],[-2,4],[-1,4],[-2,5],[2,4],[-1,-5],[-2,3],[1,-5],[-1,5],[-3,4],[-3,-5],[2,-5],[4,-5],[-3,5],[1,5]]",5.0,30.0,6.0,60.0,2.0,0.0,2.0,2.0,1.0,0.0,0.4666666666666667,1.019803902718557,1.2,1.0,3.0,0.6324555320336759,4.0,12.0,0.8944271909999159,11.0,13.0,-0.0641025641025641,0.1832084792035023,-0.2727272727272727,0.2727272727272727,4.0,0.0,4.0,4.0,0.7632183908045977,0
sat-00611,0fc4f92b37d85b873137e22ec28b893f9a22a8a35d61578722a7389406962019,mixed,5,"[[-2,-5],[3,-4,-5],[1,2,-3],[-1,3,5],[3,4],[-1,-2,4],[2,-3,-4],[-1,-2,3],[1,3,-5],[2,-4],[2,5],[1,-4],[1,-5],[-1,-4,-5],[-3,-4,-5],[1,-3,4],[-2,3,-4],[1,5],[2,4,5],[2,-3,-5],[-2,4,5]]",5.0,21.0,4.2,56.0,2.6666666666666665,0.4714045207910317,2.0,3.0,0.3333333333333333,0.6666666666666666,0.5,0.4898979485566356,1.2,1.0,4.9,0.8306623862918074,6.0,11.2,0.7483314773547883,10.0,12.0,0.0096969696969697,0.1494083833450255,-0.1666666666666666,0.2,4.0,0.0,4.0,4.0,1.3666666666666667,1
sat-00334,3c9f20ae419f9a904d0f753937f9fb0d6d40f32c230329f30328bb902aaadee0,3sat,5,"[[1,3,5],[-1,3,4],[-2,-3,-5],[-2,3,5],[3,-4,5],[-1,2,3],[1,2,4],[2,3,-5],[-1,3,-5],[-1,-2,5],[1,2,3],[-2,3,4],[3,-4,-5],[1,2,-4],[1,2,5],[-2,-3,4],[1,-3,5],[1,-2,-3],[-1,2,4],[-1,2,-3],[1,-4,-5],[-1,-3,-5],[2,-3,-5],[2,3,-4],[3,4,5],[1,2,-3],[-3,4,-5],[2,4,-5],[1,-3,4],[-1,4,-5]]",5.0,30.0,6.0,90.0,3.0,0.0,3.0,3.0,0.0,1.0,0.5666666666666667,1.833030277982336,2.039607805437114,1.0,9.0,2.0,12.0,18.0,2.280350850198276,15.0,22.0,0.1384432560903149,0.1887546326701166,-0.1764705882352941,0.3333333333333333,4.0,0.0,4.0,4.0,1.7885057471264367,0
sat-00917,a35a7eb6cad1857924e21deffade068b428891a87d9f47c7550d2e1edf12a403,3sat,5,"[[-2,-3,-4],[-2,-3,-5],[1,-4,-5],[2,-4,5],[1,-2,-3],[-1,-3,5],[-1,3,-5],[-2,4,5],[-1,2,4],[3,-4,5],[1,3,4],[-1,3,4],[2,-4,-5],[2,-3,-5],[-2,-3,5],[2,4,-5],[-3,4,5],[3,4,-5],[-1,2,3],[-2,-4,-5],[1,4,-5],[-1,2,-5]]",5.0,22.0,4.4,66.0,3.0,0.0,3.0,3.0,0.0,1.0,0.4696969696969697,1.32664991614216,1.5491933384829668,1.0,6.6,1.8,10.0,13.2,1.9390719429665315,10.0,16.0,-0.0614285714285714,0.1522334627164197,-0.25,0.1428571428571428,4.0,0.0,4.0,4.0,1.7835497835497836,0
sat-02362,766ff8dd9b4208eea8e5faefcdf114190cb75f267c49859ace5cbed4dca06ae1,mixed,5,"[[2,-3,-5],[-2,-3,-4],[1,3],[2,-4,-5],[1,-3,-5],[2,4,-5],[-1,-2,-3],[2,4],[1,-2,4],[1,2],[1,2,5],[-2,-4],[3,-5],[1,3,5],[3,4],[4,5],[-3,4],[2,3,-4],[-1,3,-5],[-1,4,5],[-2,-3,5]]",5.0,21.0,4.2,55.0,2.619047619047619,0.4856209060564557,2.0,3.0,0.3809523809523809,0.6190476190476191,0.5636363636363636,0.7483314773547882,1.16619037896906,1.0,4.7,1.2688577540449522,7.0,11.0,1.095445115010332,9.0,12.0,0.1363636363636363,0.1603485643069448,-0.0909090909090909,0.3333333333333333,4.0,0.0,4.0,4.0,1.3238095238095238,1
sat-01066,9483bd7e6763150fc40dcb0674a76ae9854d7a2d1ed7dfc8edaf0c0cfb23daab,mixed,4,"[[3,4],[1,-4],[1,2,-3],[-1,2,-4],[2,3,4],[1,2,4],[-2,-3],[-1,-3],[1,-2,-4],[-2,-4]]",4.0,10.0,2.5,25.0,2.5,0.5,2.0,3.0,0.5,0.5,0.52,0.82915619758885,0.7071067811865476,1.0,3.333333333333333,1.1055415967851334,5.0,6.25,0.82915619758885,5.0,7.0,0.0333333333333333,0.2164965318413201,-0.2,0.3333333333333333,3.0,0.0,3.0,3.0,1.488888888888889,0
sat-00207,6e9069ffb44eb23d8bb195f49ef1f9a64e1e9bc82d6c56f41d930ce840d9c754,3sat,4,"[[-1,2,-3],[-1,-3,-4],[1,-3,4],[2,-3,4],[-2,-3,-4]]",4.0,5.0,1.25,15.0,3.0,0.0,3.0,3.0,0.0,1.0,0.3333333333333333,0.82915619758885,1.5,1.0,2.5,0.957427107756338,4.0,3.75,0.82915619758885,3.0,5.0,-0.25,0.4930066485916346,-1.0,0.3333333333333333,3.0,0.0,3.0,3.0,2.2,1
sat-01579,d11366fc9f99c4a2f2ced30b9c022fb1fcf0eec7a20de469d34282b49958ad9f,2sat,4,"[[2,-4],[1,-2],[-2,-3],[-2,-4],[-1,-2],[-1,3]]",4.0,6.0,1.5,12.0,2.0,0.0,2.0,2.0,1.0,0.0,0.25,0.4330127018922193,1.0897247358851685,0.6666666666666666,1.0,0.816496580927726,2.0,3.0,1.224744871391589,2.0,5.0,-0.4833333333333333,0.3662876829305985,-1.0,0.0,2.0,0.7071067811865476,1.0,3.0,1.0,1
sat-00934,c7c452b8d505ddd8f15a09dd5798934c4f1a8b7581ae05aedd8945dd1fd71964,2sat,5,"[[-2,5],[2,-5],[-3,-5],[-1,3],[-4,5],[3,5],[-1,-4],[1,-2]]",5.0,8.0,1.6,16.0,2.0,0.0,2.0,2.0,1.0,0.0,0.4375,1.019803902718557,0.4,0.6,0.8,0.7483314773547883,2.0,3.2,0.9797958971132712,2.0,5.0,-0.2266666666666666,0.472534537244516,-1.0,0.3333333333333333,2.4,0.4898979485566356,2.0,3.0,0.7142857142857143,1
sat-00234,c7d1b4d46d423496182433e32c8569a4e984fb283f2f9041c3ff687e0f30a323,3sat,4,"[[1,2,3],[-2,3,-4],[2,3,4],[1,3,4],[-1,2,-3],[1,-3,-4],[-1,3,4],[-1,3,-4],[1,-2,4],[-1,-3,4],[2,-3,-4],[1,-2,-3],[-2,-3,-4],[-2,-3,4],[1,2,-3],[1,2,4]]",4.0,16.0,4.0,48.0,3.0,0.0,3.0,3.0,0.0,1.0,0.5416666666666666,0.5,1.5,1.0,8.0,1.4142135623730951,10.0,12.0,1.224744871391589,11.0,14.0,0.0968614718614718,0.1527268724042814,-0.1428571428571428,0.2727272727272727,3.0,0.0,3.0,3.0,2.225,0
sat-01628,2ee74a2038f475c6f5641b6015397a9a686c0399b6b4fc65b71563720809fdcf,3sat,4,"[[1,-3,-4],[1,-2,-3],[1,2,4],[-1,2,-3],[2,3,-4],[-1,2,3]]",4.0,6.0,1.5,18.0,3.0,0.0,3.0,3.0,0.0,1.0,0.5555555555555556,1.118033988749895,0.7071067811865476,1.0,3.0,1.0,4.0,4.5,0.8660254037844386,3.0,5.0,0.0666666666666667,0.3651483716701107,-0.3333333333333333,0.6,3.0,0.0,3.0,3.0,2.2,1
sat-00090,f1b6e43fea2f30f45134a35ece4280717ee5851a3de52f3cd1a4445e2b5e4e19,2sat,4,"[[3,-4],[-3,4],[-1,4],[2,3],[2,-3],[1,4],[2,-4],[-1,-3],[-2,-3],[1,-4]]",4.0,10.0,2.5,20.0,2.0,0.0,2.0,2.0,1.0,0.0,0.5,0.5,1.118033988749895,0.8333333333333334,1.6666666666666667,1.1055415967851332,3.0,5.0,1.0,4.0,6.0,0.0416666666666666,0.2975595178559521,-0.3333333333333333,0.5,2.5,0.5,2.0,3.0,0.9333333333333332,0
sat-02789,e36ccf205e9a62f6eced4b40fdb0e80ac18fb6880e7c24c755743146ed256bf7,3sat,5,"[[-1,-2,-5],[-2,-3,-5],[-2,-3,-4],[-2,3,4],[-1,2,4],[-2,4,-5]]",5.0,6.0,1.2,18.0,3.0,0.0,3.0,3.0,0.0,1.0,0.2777777777777778,1.095445115010332,1.3564659966250538,0.9,1.8,1.1661903789690602,4.0,3.6,1.3564659966250536,2.0,6.0,-0.5,0.5577733510227171,-1.0,0.5,3.6,0.4898979485566356,3.0,4.0,1.8666666666666667,1
sat-02926,1f4d263bc6d36492f2a0a16d9cb98b7bfbf107b973e6544eded70642fa1152fc,3sat,5,"[[1,2,-4],[-1,2,-3],[1,-3,5],[2,3,-4],[-1,2,4],[2,-3,-5],[-1,2,-5],[-1,-4,-5],[-2,3,-5],[3,4,5],[-2,-4,-5],[2,3,4],[-1,-2,-3],[1,4,5],[-2,-3,-4],[-2,3,4],[-2,4,-5],[1,2,-3],[-1,-3,4],[1,2,5],[2,-3,-4]]",5.0,21.0,4.2,63.0,3.0,0.0,3.0,3.0,0.0,1.0,0.492063492063492,2.1354156504062622,0.7999999999999999,1.0,6.3,1.8466185312619388,10.0,12.6,2.0591260281974,10.0,16.0,-0.0389510489510489,0.1801944168786138,-0.2307692307692307,0.25,4.0,0.0,4.0,4.0,1.7904761904761906,1
sat-00068,01849d9ab6cc0134ce35ae4e16d736b24791d62c731a6c4a2c18bc7e3363d05a,3sat,4,"[[1,-2,-3],[1,-2,3],[-1,3,-4],[1,-2,4],[1,3,-4],[1,2,4],[2,-3,-4],[1,-2,-4],[2,-3,4]]",4.0,9.0,2.25,27.0,3.0,0.0,3.0,3.0,0.0,1.0,0.5555555555555556,1.299038105676658,1.224744871391589,1.0,4.5,0.5,5.0,6.75,0.4330127018922193,6.0,7.0,0.1071428571428571,0.3553526561095071,-0.1428571428571428,0.7142857142857143,3.0,0.0,3.0,3.0,2.1666666666666665,1
sat-00447,eb1b84301a6c5fb152571b78f9438f1c3f9a46de3eb934b692190142776562df,2sat,4,"[[-1,-2],[1,-4],[1,-2],[2,3],[1,4],[3,-4],[-1,2],[3,4],[-1,-3],[-2,4],[-2,-4],[-1,-4],[-3,-4],[2,4],[2,-4],[1,3],[-2,-3],[1,2],[-3,4]]",4.0,19.0,4.75,38.0,2.0,0.0,2.0,2.0,1.0,0.0,0.5,0.4330127018922193,0.82915619758885,1.0,3.1666666666666665,0.8975274678557507,4.0,9.5,1.118033988749895,8.0,11.0,0.005050505050505,0.0716032670644334,-0.0909090909090909,0.1111111111111111,3.0,0.0,3.0,3.0,0.95906432748538,0
sat-01210,d2dc97d47654a6967eaf007312e29c177337fad155a632dcef6c688a5e315450,mixed,4,"[[1,-2,4],[-1,2,3],[2,-3,4],[-3,4],[-2,3],[1,-2,-4],[1,-3],[1,3]]",4.0,8.0,2.0,20.0,2.5,0.5,2.0,3.0,0.5,0.5,0.6,0.7071067811865476,1.0,1.0,2.6666666666666665,0.4714045207910317,3.0,5.0,0.7071067811865476,4.0,6.0,0.2249999999999999,0.3344772040064913,-0.2,0.6,3.0,0.0,3.0,3.0,1.4642857142857142,1
sat-01463,2cf4c5c7ef107f5c194e8019fff37e7179b5663afbb00530a4fe54523df8a2d4,3sat,5,"[[-1,3,-5],[-2,3,5],[-2,-4,5],[-1,2,5],[3,-4,-5],[1,3,-5],[1,2,-5],[-2,3,-4],[-1,-4,5],[-1,4,-5],[-3,-4,-5],[1,-3,-4],[-2,4,5],[2,-3,-4],[1,2,-3],[1,4,5],[-1,4,5],[1,-4,-5],[-1,2,-5],[1,-3,-5]]",5.0,20.0,4.0,60.0,3.0,0.0,3.0,3.0,0.0,1.0,0.4666666666666667,1.2,1.8547236990991407,1.0,6.0,2.1908902300206643,11.0,12.0,2.449489742783178,9.0,16.0,-0.054059829059829,0.1614847511667158,-0.3333333333333333,0.1111111111111111,4.0,0.0,4.0,4.0,1.8157894736842104,1
sat-00114,c9fb5e6d235240cf3763115a78a00d44059c6d3fb3d4cb67bdae851351a2bacc,3sat,4,"[[-2,3,4],[-1,-2,4],[1,-2,3],[-2,-3,4],[2,3,-4],[-1,2,-4],[-1,2,-3],[1,-2,-4],[1,3,-4],[2,3,4],[-1,2,3],[-1,-2,-4],[-1,2,4],[-2,-3,-4],[-1,3,4],[-1,3,-4],[-1,-3,-4],[1,2,4]]",4.0,18.0,4.5,54.0,3.0,0.0,3.0,3.0,0.0,1.0,0.4814814814814814,1.5,1.8708286933869709,1.0,9.0,1.2909944487358056,11.0,13.5,1.118033988749895,12.0,15.0,-0.0294871794871794,0.2549541991328831,-0.3846153846153846,0.3333333333333333,3.0,0.0,3.0,3.0,2.2222222222222223,1
sat-00003,a830f1d4897508f0713763fba234fe1fd2f5d2b3ec67d46ff47e3e23ed71a054,3sat,4,"[[1,-3,4],[-1,3,4],[1,-2,-4],[2,-3,-4],[-1,-3,4],[2,3,4],[-1,-2,-3],[-1,-2,-4],[-1,2,-3],[-1,-2,4],[2,-3,4],[-1,2,4],[1,3,-4],[-2,3,-4],[1,2,4]]",4.0,15.0,3.75,45.0,3.0,0.0,3.0,3.0,0.0,1.0,0.4888888888888889,1.6583123951777,0.82915619758885,1.0,7.5,1.2583057392117916,9.0,11.25,1.0897247358851685,10.0,13.0,-0.0377622377622377,0.2062735559674027,-0.2727272727272727,0.2307692307692307,3.0,0.0,3.0,3.0,2.219047619047619,1
sat-01169,09689705321b0d8e5d22f36c9b43a05951ec1fe3ff15d3b5073b026cf205d678,2sat,4,"[[2,-4],[-1,-2],[-1,3],[2,4],[1,4],[-2,-3],[3,4],[-3,4],[1,-3],[1,-4],[-1,-4],[-2,4],[2,-3],[-2,3],[1,2],[-1,4],[-1,-3],[3,-4]]",4.0,18.0,4.5,36.0,2.0,0.0,2.0,2.0,1.0,0.0,0.5,0.8660254037844386,0.5,1.0,3.0,0.5773502691896257,4.0,9.0,0.7071067811865476,8.0,10.0,-0.0055555555555555,0.1270510736225474,-0.1111111111111111,0.2,3.0,0.0,3.0,3.0,0.9477124183006536,0
sat-02609,f359d5c1e7be472a54aea3aa43c1301c21652c21e535afa307c10d92425967cf,3sat,5,"[[-1,2,-3],[1,-3,-4],[3,4,-5],[1,-4,5],[1,-3,-5],[-1,-2,3],[-1,3,5],[-1,2,5],[1,-4,-5],[-1,4,5],[3,-4,-5],[-1,-3,-5],[3,-4,5],[-1,2,-4],[-2,3,-5],[1,-2,-3],[-3,-4,5],[-1,-3,4],[-2,-4,-5],[-1,-3,-4],[2,-3,-5],[-2,-3,-4],[-1,-3,5],[1,2,3],[-1,-2,-5],[-1,3,-5],[1,4,5],[-1,-2,-3],[1,-3,4],[1,2,4],[1,2,-5],[2,-3,4],[2,3,-4],[2,3,4]]",5.0,34.0,6.8,102.0,3.0,0.0,3.0,3.0,0.0,1.0,0.4509803921568627,0.9797958971132712,2.4,1.0,10.2,2.2715633383201093,14.0,20.4,2.65329983228432,17.0,24.0,-0.0872840669448557,0.1324400490310776,-0.1666666666666666,0.1764705882352941,4.0,0.0,4.0,4.0,1.7950089126559714,0
sat-00025,de5aa868b3f34b1497ab17c21fffc391ac3ab239950b65d2eeb145e67399906e,3sat,4,"[[-1,2,4],[-1,2,-4],[2,3,4],[1,2,-3],[1,-2,3],[-2,3,4],[1,-3,-4],[1,3,4],[-1,-2,3],[-1,-3,4],[-1,2,-3],[-1,3,-4],[1,-2,-3],[-1,-2,-4],[-1,2,3],[1,2,4],[-1,-2,-3],[-1,-2,4],[-2,-3,4],[1,2,3],[-2,3,-4],[-1,-3,-4],[1,-2,-4],[2,-3,-4]]",4.0,24.0,6.0,72.0,3.0,0.0,3.0,3.0,0.0,1.0,0.4722222222222222,0.5,1.118033988749895,1.0,12.0,1.4142135623730951,14.0,18.0,1.224744871391589,16.0,19.0,-0.0526315789473684,0.064460256389031,-0.1578947368421052,0.0,3.0,0.0,3.0,3.0,2.2282608695652173,0
sat-02717,538858885a15e7c0b505e12255f72093c63ed94dfecb7baf42a09ef4b5a9f5a9,3sat,4,"[[2,-3,-4],[-1,-2,4],[2,3,4],[-2,3,4],[-1,2,4],[-2,-3,-4],[1,-3,-4],[1,2,3],[1,3,-4],[1,2,-4],[-1,2,-3]]",4.0,11.0,2.75,33.0,3.0,0.0,3.0,3.0,0.0,1.0,0.5454545454545454,0.8660254037844386,0.82915619758885,1.0,5.5,0.957427107756338,7.0,8.25,0.82915619758885,7.0,9.0,0.0912698412698412,0.1662409529020111,-0.1111111111111111,0.3333333333333333,3.0,0.0,3.0,3.0,2.2,1
sat-00823,cf8e7b0ed7544fc531e0e7d30f196f7e5be635ba302b4f6eff7a657c6c497db5,mixed,5,"[[-1,2,-4],[-1,-2,5],[-2,3,-5],[1,-3,4],[1,3],[-1,2,5],[-2,4,-5],[1,-3,-5]]",5.0,8.0,1.6,23.0,2.875,0.3307189138830738,2.0,3.0,0.125,0.875,0.4782608695652174,0.3999999999999999,0.8,1.0,2.2,0.9797958971132712,4.0,4.6,1.0198039027185568,3.0,6.0,-0.0133333333333333,0.1950498511777039,-0.2,0.3333333333333333,4.0,0.0,4.0,4.0,1.5714285714285714,1
sat-00638,fdd1ad2c354ba8f86f76b2ee17fdb22e28b978ae250068baa47e5ac0c7d91dcc,2sat,5,"[[-2,-4],[1,-4],[-4,-5],[3,5],[2,3],[3,-5],[1,3],[1,4],[-1,-5],[1,5],[1,-5],[4,-5],[1,-3],[-1,-3],[-2,4],[-2,-5],[4,5],[1,-2],[-2,5],[3,-4],[-3,4],[-2,-3],[-3,-5],[-1,-4],[-3,-4],[-1,5],[-3,5],[-2,3],[3,4],[-1,-2],[2,-3],[2,-4],[-1,4],[-4,5],[-1,3]]",5.0,35.0,7.0,70.0,2.0,0.0,2.0,2.0,1.0,0.0,0.4571428571428571,1.743559577416269,0.4898979485566356,1.0,3.5,0.806225774829855,4.0,14.0,1.6733200530681511,11.0,16.0,-0.1042424242424242,0.1770444010030763,-0.4545454545454545,0.0,4.0,0.0,4.0,4.0,0.7764705882352941,0
sat-00232,233510399c97b3c44828b4b5433963d27c21b5b3bd66605d819dfb3ad7ed6aab,3sat,4,"[[-1,3,-4],[1,-2,3],[-1,2,3],[2,3,4],[1,2,4],[2,-3,4],[-2,3,-4],[-2,-3,-4],[-2,-3,4],[1,2,3],[-1,2,-4],[1,3,4],[2,3,-4],[1,-2,4],[-1,-2,-4],[1,-2,-4],[2,-3,-4],[1,2,-4],[1,-3,-4],[1,-2,-3],[-1,3,4]]",4.0,21.0,5.25,63.0,3.0,0.0,3.0,3.0,0.0,1.0,0.5396825396825397,0.8660254037844386,1.920286436967152,1.0,10.5,1.5,13.0,15.75,1.299038105676658,14.0,17.0,0.092016806722689,0.1749045155992471,-0.1764705882352941,0.2857142857142857,3.0,0.0,3.0,3.0,2.2285714285714286,0
sat-02908,f4ddbe79ebf2107308af2eeafb8790eb24e32e9e1c1d0ae3078e5c6f1cd2ec95,mixed,5,"[[3,5],[-3,-4,5],[1,-2,4],[2,-3],[3,4],[-1,-3,-5],[2,3,5],[1,-2,-3],[1,3,5],[-1,3,5],[-3,4],[-1,-2,-5],[-1,2,4],[-2,-3],[-1,-3,-4],[1,2,-4],[-2,3,-4],[1,-2,3],[-3,5],[1,3,-5],[-1,-2,-3],[-1,2,5],[1,3,-4],[-2,-4],[-1,2,-5],[3,4,5],[-1,3,-4],[-3,-5]]",5.0,28.0,5.6,76.0,2.7142857142857144,0.4517539514526256,2.0,3.0,0.2857142857142857,0.7142857142857143,0.4868421052631579,2.0591260281974,1.7204650534085253,1.0,6.8,2.4819347291981715,10.0,15.2,3.1874754901018454,12.0,21.0,-0.0312271062271062,0.1512992344940691,-0.1666666666666666,0.2307692307692307,4.0,0.0,4.0,4.0,1.4947089947089949,0
sat-00283,27b004ad6e20b6460a04b6d294f6902e33a13c6fddb0dc42e4bf40516698267b,3sat,4,"[[1,-2,3],[1,2,-4],[2,3,4],[-1,-3,-4],[-1,-2,3],[-2,-3,4],[-1,2,-3],[-1,2,4],[-1,-2,-3],[-2,-3,-4],[1,2,4],[1,2,-3],[-1,3,4],[1,-2,-3],[2,-3,-4],[-1,-2,4],[-2,3,-4],[2,3,-4],[2,-3,4],[1,3,4],[1,-3,-4],[1,-3,4],[-2,3,4]]",4.0,23.0,5.75,69.0,3.0,0.0,3.0,3.0,0.0,1.0,0.5072463768115942,0.82915619758885,1.6583123951777,1.0,11.5,1.707825127659933,14.0,17.25,1.479019945774904,15.0,19.0,0.0213106295149638,0.1211409191372765,-0.1578947368421052,0.1764705882352941,3.0,0.0,3.0,3.0,2.233201581027668,0
sat-01487,5cbacc61a42135bc8689925b2fe755c8f7e827b7998f0ba6370448f55dce99b9,3sat,4,"[[-1,-2,4],[-1,2,-4],[-2,3,4],[1,2,3],[-1,-3,-4],[2,3,4],[1,-2,4],[-2,-3,-4],[-2,3,-4],[-1,-2,-4],[1,-2,3],[1,-3,4],[1,-2,-3],[2,3,-4],[1,3,-4],[1,-2,-4],[1,2,4],[-1,2,4],[-1,-2,3],[-1,-2,-3],[1,2,-3],[-2,-3,4],[-1,-3,4]]",4.0,23.0,5.75,69.0,3.0,0.0,3.0,3.0,0.0,1.0,0.4782608695652174,0.82915619758885,1.7320508075688772,1.0,11.5,1.2583057392117916,13.0,17.25,1.0897247358851685,16.0,19.0,-0.0363777089783281,0.1331156845991416,-0.2631578947368421,0.0588235294117647,3.0,0.0,3.0,3.0,2.225296442687747,0
sat-02792,5471091192aad1fc592ff0f4a8d0d76220df29ece68030681c8849aec0d1eb36,3sat,5,"[[1,2,-5],[3,4,-5],[-1,2,4],[1,3,-5],[1,3,-4],[1,3,5],[2,-4,5],[1,4,5],[-1,3,-5],[-1,2,5],[-1,-3,-5],[-2,4,5],[1,-4,5],[1,-3,4],[1,3,4],[2,-3,-5],[1,4,-5],[-1,-2,-3],[-1,2,-4],[-1,-2,-5]]",5.0,20.0,4.0,60.0,3.0,0.0,3.0,3.0,0.0,1.0,0.5666666666666667,1.16619037896906,1.939071942966532,1.0,6.0,2.1908902300206643,10.0,12.0,2.6076809620810595,9.0,16.0,0.1576406926406926,0.1656933914098488,-0.1428571428571428,0.3333333333333333,4.0,0.0,4.0,4.0,1.826315789473684,1
sat-00734,874645c533a073c635761a58819256d72f525b2e49c5b626a0d1b4543c260f74,3sat,5,"[[3,-4,-5],[1,3,5],[-1,3,4],[-1,-4,5],[2,-4,-5],[1,-2,3],[1,4,5],[1,2,-3],[1,-2,-5],[-1,2,5],[-1,3,-5]]",5.0,11.0,2.2,33.0,3.0,0.0,3.0,3.0,0.0,1.0,0.5757575757575758,1.16619037896906,1.16619037896906,1.0,3.3,1.417744687875783,6.0,6.6,1.624807680927192,5.0,9.0,0.1555555555555555,0.2883756124001481,-0.2,0.6666666666666666,4.0,0.0,4.0,4.0,1.8,1
sat-01485,f133a67571f29b099fb86504e31a5d7b9a978deb49ff8ff19f8f6e252e218826,3sat,4,"[[1,-2,3],[1,-2,-4],[1,-2,4],[-1,2,4],[2,-3,-4],[2,3,-4],[-1,-2,4],[1,2,3],[-1,2,3],[2,3,4],[-1,-3,-4],[1,-3,-4],[-1,-2,-4],[-1,-2,-3],[1,2,4],[-2,-3,4],[-1,3,4],[1,3,-4],[1,-3,4],[-2,3,4]]",4.0,20.0,5.0,60.0,3.0,0.0,3.0,3.0,0.0,1.0,0.5333333333333333,0.7071067811865476,0.7071067811865476,1.0,10.0,0.816496580927726,11.0,15.0,0.7071067811865476,14.0,16.0,0.0669642857142857,0.0821358476995536,-0.0666666666666666,0.1428571428571428,3.0,0.0,3.0,3.0,2.2157894736842105,0
sat-00085,f45887f5ac141874eb18b70fa899422b8325292ead4b7a21c6921b61f67d9bcf,2sat,4,"[[2,3],[3,4],[-1,-2],[-3,4],[1,-2],[2,-4],[-2,3],[-1,-3]]",4.0,8.0,2.0,16.0,2.0,0.0,2.0,2.0,1.0,0.0,0.5,0.7071067811865476,0.7071067811865476,0.8333333333333334,1.3333333333333333,0.7453559924999299,2.0,4.0,1.0,3.0,5.0,0.0,0.2748737083745107,-0.3333333333333333,0.3333333333333333,2.5,0.5,2.0,3.0,0.9285714285714286,0
sat-01103,753f02a0f006709a440328106ceb2de47c874ff094401394c5bdf702862d2991,2sat,4,"[[-3,-4],[-1,-2],[-1,2],[1,-4],[-1,-3],[2,3],[-2,3],[1,3],[-2,4],[2,4],[3,4],[-3,4],[3,-4],[1,-3],[-1,-4],[-1,3],[2,-4],[1,2],[1,-2]]",4.0,19.0,4.75,38.0,2.0,0.0,2.0,2.0,1.0,0.0,0.5263157894736842,0.7071067811865476,0.5,1.0,3.1666666666666665,0.8975274678557507,4.0,9.5,0.5,9.0,10.0,0.05,0.1169309176658288,-0.1111111111111111,0.2,3.0,0.0,3.0,3.0,0.9473684210526316,0
sat-01758,94fbe5baeb43cabc1ca195b3a3a7265af0d439cdefe0dd408cd3db31b7ca8416,2sat,5,"[[2,-3],[4,5],[3,5],[-3,-5],[2,3],[-4,-5],[1,4],[1,3],[-1,2],[-3,4],[1,-4],[-2,-3],[-1,3],[2,-4],[-2,5],[-1,5],[3,4],[-1,-3],[1,-5],[-2,-4],[-3,5],[-2,4],[1,-2],[3,-4],[2,5],[-1,-4],[1,2],[-1,-5],[2,4]]",5.0,29.0,5.8,58.0,2.0,0.0,2.0,2.0,1.0,0.0,0.5344827586206896,0.3999999999999999,0.8,1.0,2.9,0.5385164807134505,4.0,11.6,0.7999999999999999,10.0,12.0,0.0733333333333333,0.0904310664416702,0.0,0.2,4.0,0.0,4.0,4.0,0.7610837438423645,0
sat-00968,b520ca1f856ce800c11b936f43b7093e8728f4554ce2b250fc98b3e0ebc5553b,mixed,4,"[[-1,3,4],[-1,-2,4],[-2,3,-4],[1,-3,4],[-1,-2,-3],[-2,4],[2,-3,4]]",4.0,7.0,1.75,20.0,2.857142857142857,0.3499271061118826,2.0,3.0,0.1428571428571428,0.8571428571428571,0.45,1.6393596310755,1.0897247358851685,1.0,3.1666666666666665,0.6871842709362768,4.0,5.0,0.7071067811865476,4.0,6.0,-0.1583333333333333,0.4985395337048674,-0.6,0.6666666666666666,3.0,0.0,3.0,3.0,1.9523809523809523,1
sat-02281,6a994a3ab165a6a3e11e068a977f6e40fe25cb99f91534c0944621c9ac5dfef7,3sat,4,"[[-1,-3,4],[-1,3,4],[-2,-3,4],[1,-3,-4],[-1,-2,3],[-2,3,-4],[2,3,-4],[1,3,4],[1,-2,3],[-1,2,4],[2,-3,-4],[1,-2,-4],[-1,-3,-4],[-1,-2,-3],[2,3,4],[1,-3,4],[1,-2,-3],[1,2,-4],[-1,2,-4],[1,-2,4],[1,3,-4]]",4.0,21.0,5.25,63.0,3.0,0.0,3.0,3.0,0.0,1.0,0.492063492063492,1.0897247358851685,0.7071067811865476,1.0,10.5,1.2583057392117916,12.0,15.75,1.0897247358851685,14.0,17.0,-0.0191701680672268,0.0974979352382141,-0.1428571428571428,0.125,3.0,0.0,3.0,3.0,2.223809523809524,0
sat-02340,38b30963952d689ce9dfe61b6eb2ec5cf48c8ade2627bbd1aeb0211971d9aed1,mixed,5,"[[2,-3,5],[1,4,-5],[-2,3,4],[1,-3,5],[3,4,5],[1,2,-5],[-1,-3,-4],[-1,4,5]]",5.0,8.0,1.6,24.0,3.0,0.0,3.0,3.0,0.0,1.0,0.625,0.8944271909999159,0.7483314773547883,1.0,2.4,0.916515138991168,4.0,4.8,0.9797958971132712,3.0,6.0,0.2533333333333333,0.2612789058968723,-0.2,0.6,4.0,0.0,4.0,4.0,1.7142857142857142,1
sat-02841,7eafeb2f5ad78d54bc13b0068ad52c58e0a52553edd7a88d11db6944fe2e59a1,3sat,5,"[[-1,3,5],[2,3,-5],[-2,4,-5],[1,2,3],[-2,-3,4],[1,-2,4],[1,-3,4],[-1,3,-4],[-2,3,5],[-2,3,-5],[2,3,-4],[1,-2,5],[-2,-4,5],[-2,-3,-5],[-1,2,3],[-1,2,-3],[-2,-3,5],[2,3,4],[-2,-4,-5],[-1,-2,4],[-1,2,-4],[1,2,-3],[1,-3,-4],[1,4,5],[-2,3,-4],[3,-4,5],[1,-2,-5],[-1,4,5],[1,2,5],[-1,-2,3],[2,3,5],[-1,3,-5],[-3,4,-5]]",5.0,33.0,6.6,99.0,3.0,0.0,3.0,3.0,0.0,1.0,0.5252525252525253,1.8547236990991407,2.33238075793812,1.0,9.9,2.3000000000000003,15.0,19.8,2.7129319932501077,17.0,24.0,0.0551990493166963,0.1433381696998402,-0.1666666666666666,0.2727272727272727,4.0,0.0,4.0,4.0,1.7973484848484849,0
sat-02498,8f1b0d6481022b55454c7233dd53db43316a1a1cca56abdb57db2a526bfa835e,3sat,4,"[[-1,-2,-4],[-1,3,-4],[-2,-3,4],[-1,3,4],[-1,-2,3],[-1,2,-4],[1,2,-4],[1,3,-4],[-2,3,-4],[-1,-2,-3],[2,-3,4],[1,-2,-4]]",4.0,12.0,3.0,36.0,3.0,0.0,3.0,3.0,0.0,1.0,0.3888888888888889,0.8660254037844386,1.5,1.0,6.0,0.816496580927726,7.0,9.0,0.7071067811865476,8.0,10.0,-0.2041666666666666,0.2636219410022196,-0.4,0.25,3.0,0.0,3.0,3.0,2.196969696969697,1
sat-02320,6579f9cd0b0d14c325daa8cffea80d1811adac5e1a43d40258536f1b7f8dca8d,3sat,5,"[[-1,4,5],[1,3,5],[1,2,-5],[1,-2,-4],[-1,2,5],[1,-2,4],[1,-2,5],[-1,3,4],[-1,-4,5],[-2,-3,-4]]",5.0,10.0,2.0,30.0,3.0,0.0,3.0,3.0,0.0,1.0,0.5666666666666667,1.3564659966250538,1.3564659966250538,1.0,3.0,1.6733200530681511,6.0,6.0,1.8973665961010275,3.0,9.0,0.1555555555555555,0.3340732528527312,-0.3333333333333333,0.6666666666666666,4.0,0.0,4.0,4.0,1.8666666666666667,1
sat-01705,01dce463242888003f899aeafe839a6a8958d6a951e90d2a6701b20b698c8fe7,3sat,4,"[[1,3,-4],[1,2,4],[-1,2,3],[-2,3,-4],[1,2,3],[1,2,-4],[-2,-3,-4],[-1,-2,-4],[2,-3,4],[2,3,4],[-1,2,-4],[1,-2,3],[-1,2,-3],[1,-2,4],[1,-2,-3],[2,3,-4]]",4.0,16.0,4.0,48.0,3.0,0.0,3.0,3.0,0.0,1.0,0.5625,1.7853571071357126,1.299038105676658,1.0,8.0,2.0,10.0,12.0,1.7320508075688772,11.0,15.0,0.1181818181818181,0.2276360731917984,-0.2727272727272727,0.2727272727272727,3.0,0.0,3.0,3.0,2.25,1
sat-00707,208d39912d53810fe75a10dfdb831bdb3b256fca5a53a7fadead6ca2683b821a,mixed,5,"[[-3,-4,5],[2,-3,-4],[2,4,5],[3,-4,5],[-1,-3,-4],[-2,-3],[-1,-3],[1,-3,5],[1,-4,-5],[2,3,5],[1,2,-3],[1,-4],[1,-2,-3]]",5.0,13.0,2.6,36.0,2.769230769230769,0.4213250442347432,2.0,3.0,0.2307692307692307,0.7692307692307693,0.4722222222222222,1.624807680927192,2.7129319932501077,1.0,3.3,1.1874342087037917,5.0,7.2,1.469693845669907,6.0,10.0,0.0228571428571428,0.5668899120072617,-0.7142857142857143,0.6666666666666666,4.0,0.0,4.0,4.0,1.5,1
sat-00308,998e4e48dd2095afad917dc1ab6fab25c88c8562c78112b97e8fa5e81b3f7ffa,3sat,5,"[[2,3,5],[1,-2,5],[1,2,3],[3,4,-5],[2,3,-5],[1,2,5],[2,-4,5],[1,-2,3],[-1,-2,5],[2,4,5],[3,-4,-5],[2,4,-5],[-1,4,5],[1,-2,-5],[-1,2,4],[-2,3,5],[-1,-2,4]]",5.0,17.0,3.4,51.0,3.0,0.0,3.0,3.0,0.0,1.0,0.6666666666666666,1.16619037896906,2.154065922853802,1.0,5.1,2.3853720883753127,10.0,10.2,2.785677655436824,7.0,14.0,0.396947496947497,0.3311107680167043,0.1111111111111111,1.0,4.0,0.0,4.0,4.0,1.8676470588235292,1
sat-02290,4365ef4781263f2f8d9bd802a553992be72b86cf6e8c52b349074351c6bb9703,3sat,5,"[[2,-4,5],[-2,3,-5],[-1,-3,-4],[-2,3,4],[1,3,-4],[2,3,5],[1,-3,4],[-2,-4,-5],[1,-4,-5]]",5.0,9.0,1.8,27.0,3.0,0.0,3.0,3.0,0.0,1.0,0.4814814814814814,0.8,1.32664991614216,0.9,2.7,1.2688577540449522,4.0,5.4,1.0198039027185568,4.0,7.0,0.0009523809523809,0.3534911725493223,-0.4285714285714285,0.5,3.6,0.4898979485566356,3.0,4.0,1.7222222222222223,1
sat-00405,04e7e1c20d138e1c9595e023813098d800c28f70ccbdf055bc904cb017b1018e,mixed,5,"[[1,-3,-4],[-2,4],[-3,-4,5],[-1,-3,-4],[-1,2,-3],[-1,3,4],[-4,5],[1,4],[1,-4],[3,4,-5],[-1,2,-5],[2,3,4],[1,-5],[-1,-2,5],[2,3,-4],[-2,-3,4],[-1,-4,5]]",5.0,17.0,3.4,46.0,2.7058823529411766,0.4556450995538137,2.0,3.0,0.2941176470588235,0.7058823529411765,0.4782608695652174,0.7999999999999999,1.6,1.0,4.1,1.7,8.0,9.2,2.227105745132009,7.0,13.0,-0.0204639804639804,0.139273323234653,-0.2,0.1428571428571428,4.0,0.0,4.0,4.0,1.4779411764705883,1
sat-01780,04d6e238f4316252c95b640175e9269e7b64f9e6f0b6687d46a45f1ad7ba0b95,3sat,4,"[[1,2,3],[1,-3,4],[-1,2,-3],[-1,-2,4],[-1,-2,-4],[-1,-3,-4],[-2,-3,4],[1,3,-4],[-1,-2,3]]",4.0,9.0,2.25,27.0,3.0,0.0,3.0,3.0,0.0,1.0,0.4074074074074074,0.4330127018922193,0.7071067811865476,1.0,4.5,0.957427107756338,6.0,6.75,0.82915619758885,6.0,8.0,-0.181547619047619,0.1246807146765084,-0.3333333333333333,0.0,3.0,0.0,3.0,3.0,2.1944444444444446,1
sat-01432,b3621e1edee62b838a25c1ffd5828cadb5c662126a9a95bab6391bcae85b4388,mixed,5,"[[-3,4,5],[1,3,4],[-2,4,-5],[-1,-2,3],[2,-4,5],[1,-2,4],[-2,-3,-5],[-1,-3,4],[-1,-3],[1,3],[-1,3,-5],[-1,3,-4],[-3,-4,5],[-2,3,-5],[1,-2,3],[2,4],[2,3,4],[1,2,3],[-2,4],[1,3,-5],[4,5],[1,-3,4],[-2,-5],[-1,-3,-5],[-2,-3],[-1,4],[-3,4,-5],[2,-3,5],[-1,2,3],[1,2,4],[-2,4,5]]",5.0,31.0,6.2,85.0,2.7419354838709675,0.4375696763306625,2.0,3.0,0.2580645161290322,0.7419354838709677,0.5411764705882353,2.9257477676655586,2.56124969497314,1.0,7.7,2.4103941586387903,13.0,17.0,2.280350850198276,14.0,21.0,0.0750700280112044,0.2981023921584036,-0.1764705882352941,0.6470588235294118,4.0,0.0,4.0,4.0,1.4903225806451612,1
sat-01568,7a78e916478136ae52366807b58e76600ccaae80eb967f46e01b5047e1c20a9f,3sat,5,"[[-3,4,-5],[1,3,4],[-1,3,-4],[-2,3,5],[2,4,5],[1,-2,-3],[1,-3,4],[1,2,-5],[1,-3,-4],[1,-2,-5],[-1,-4,5],[2,-3,5],[-2,4,-5],[-2,-3,5],[2,-3,-4],[1,2,-3],[2,-4,5],[1,-3,-5],[-2,4,5],[2,-3,-5],[2,3,-4],[1,-2,3]]",5.0,22.0,4.4,66.0,3.0,0.0,3.0,3.0,0.0,1.0,0.5303030303030303,1.4142135623730951,2.56124969497314,1.0,6.6,1.8,10.0,13.2,1.6,11.0,15.0,0.0893240093240093,0.3119415008607354,-0.3333333333333333,0.6363636363636364,4.0,0.0,4.0,4.0,1.770562770562771,1
sat-00357,f256bdd42b0003453be92b79bac74cf6dbebd355cf616fad5afac1a22a1725ca,mixed,5,"[[-2,3,4],[3,-4],[-2,-4,5],[-1,2,5],[-1,-3,-5],[3,5],[1,3,4],[1,2,-4],[-1,2,4],[-2,-4,-5],[-2,-3,5],[1,2],[-1,3,-4],[1,-2,-3],[-1,-2,4],[2,-3,-5],[-3,4]]",5.0,17.0,3.4,47.0,2.764705882352941,0.4241825029957634,2.0,3.0,0.2352941176470588,0.7647058823529411,0.4893617021276595,0.4898979485566356,0.9797958971132712,1.0,4.3,1.3453624047073711,6.0,9.4,1.3564659966250536,7.0,11.0,-0.0118326118326118,0.0897978302339904,-0.1111111111111111,0.1428571428571428,4.0,0.0,4.0,4.0,1.4852941176470589,0
sat-02273,26d711d521e5d35655925d420c81f234cd8eedd41bdcaceb494dac281c3cd678,3sat,5,"[[-1,4,5],[-1,-2,-4],[2,-4,-5],[-1,-3,-4],[1,3,-4],[1,-3,5],[-1,3,-4],[3,4,5],[1,-2,-5],[1,2,-4],[3,-4,5],[-1,-2,4],[1,2,4],[1,3,-5],[-2,-3,5],[1,4,5],[2,3,-4],[1,2,-5],[-2,4,-5],[2,-4,5],[-1,-4,-5],[-2,3,-4],[1,3,5],[1,3,4],[-2,-3,-5],[2,3,5],[-1,-2,5],[-1,-4,5]]",5.0,28.0,5.6,84.0,3.0,0.0,3.0,3.0,0.0,1.0,0.5357142857142857,1.6733200530681511,2.56124969497314,1.0,8.4,1.8,12.0,16.8,1.939071942966532,14.0,19.0,0.0864160401002506,0.2373856467957631,-0.2631578947368421,0.4285714285714285,4.0,0.0,4.0,4.0,1.7804232804232805,1
sat-02318,d33d1c55c9b3fa9d84637a14314dc7e47bbe7f6bd2052215449513a3e64305ff,mixed,4,"[[-1,-2,-4],[-1,3],[-1,-3,-4],[-1,-2,3],[-1,3,4],[-1,-2],[1,-3],[-2,3,4],[-1,3,-4],[2,-3],[1,2,4],[3,-4],[-1,2],[-2,3],[1,3],[2,4],[2,3,-4]]",4.0,17.0,4.25,42.0,2.4705882352941178,0.4991341984846218,2.0,3.0,0.5294117647058824,0.4705882352941176,0.5,2.277608394786075,1.7853571071357126,1.0,5.5,0.7637626158259734,7.0,10.5,1.118033988749895,9.0,12.0,-0.0164141414141414,0.342008608483334,-0.4545454545454545,0.5,3.0,0.0,3.0,3.0,1.4852941176470589,0
sat-01087,d760fe6714aaf09ab4dfb196fc15f9fa78fc01eb4b783b2b984732bedad9796a,mixed,4,"[[-1,2,-3],[-1,2,4],[1,3,4],[1,3,-4],[1,-4],[2,4],[1,-2,3],[2,3],[2,-3,4]]",4.0,9.0,2.25,24.0,2.6666666666666665,0.4714045207910317,2.0,3.0,0.3333333333333333,0.6666666666666666,0.7083333333333334,0.4330127018922193,0.4330127018922193,1.0,3.5,0.5,4.0,6.0,0.0,6.0,6.0,0.4166666666666666,0.1443375672974064,0.3333333333333333,0.6666666666666666,3.0,0.0,3.0,3.0,1.6666666666666667,1
sat-01635,3b3aa53b14edb8eff6f4e6d627f49a311aea23b29f2ffb7de7dbc8def234a1cf,3sat,5,"[[1,-2,-3],[1,-3,4],[-1,3,5],[1,-2,-5],[1,-4,-5],[1,-4,5],[-1,-3,5],[1,-3,5],[-1,-3,-5]]",5.0,9.0,1.8,27.0,3.0,0.0,3.0,3.0,0.0,1.0,0.4444444444444444,2.244994432064365,1.095445115010332,0.9,2.7,2.193171219946131,7.0,5.4,2.576819745345025,2.0,9.0,-0.3047619047619048,0.4945049518379873,-1.0,0.3333333333333333,3.6,0.4898979485566356,3.0,4.0,2.111111111111111,1
sat-01510,7908c1cebe4e825e99ce3b04b69f7df1a13a821f2c41ecd472f0a8a7bc9ede07,2sat,5,"[[1,2],[-1,-5],[-1,2],[3,4],[1,3],[4,5],[-4,5],[-2,3],[-1,-4],[-3,4],[-2,4],[2,-5],[-3,-5],[-4,-5],[1,5],[2,-3],[-3,-4],[2,5],[2,4],[-1,3],[3,-4],[-1,5],[-2,-4],[-2,5],[-3,5],[-1,-3],[2,3],[4,-5]]",5.0,28.0,5.6,56.0,2.0,0.0,2.0,2.0,1.0,0.0,0.5178571428571429,1.469693845669907,0.7999999999999999,1.0,2.8,0.8717797887081347,4.0,11.2,1.1661903789690602,9.0,12.0,0.0212121212121212,0.2054357728082217,-0.3333333333333333,0.2727272727272727,4.0,0.0,4.0,4.0,0.7645502645502645,0
sat-00587,458d196071200a7e358cd758ae9b0b6189cfc6a5e638f4cd44ac3cd320d7aadf,mixed,4,"[[1,4],[2,-4],[1,-2],[1,2],[-1,2,4],[1,-2,-4],[-1,4],[-1,-3,-4],[-1,-2],[-2,3,4],[1,3],[-2,-4],[-1,-2,3],[-1,-4],[3,-4],[1,-3,4],[2,-3],[-1,3,4]]",4.0,18.0,4.5,43.0,2.388888888888889,0.4874980215217845,2.0,3.0,0.6111111111111112,0.3888888888888889,0.4883720930232558,0.82915619758885,1.5,1.0,5.333333333333333,1.4907119849998596,8.0,10.75,1.920286436967152,8.0,13.0,-0.0067307692307692,0.1644961600961874,-0.2,0.25,3.0,0.0,3.0,3.0,1.4183006535947713,0
sat-01866,456b73d59decd186e221dc2d63d33207c291df40344b351740ff5a6c91feb425,mixed,5,"[[2,-4,5],[-2,4],[-1,4],[-2,4,-5],[1,5],[1,-4,5],[1,-3,-4],[1,-5],[3,-5],[-1,-3,4],[1,2,-3]]",5.0,11.0,2.2,28.0,2.5454545454545454,0.4979295977319691,2.0,3.0,0.4545454545454545,0.5454545454545454,0.5357142857142857,1.4142135623730951,0.4898979485566356,1.0,2.3,1.004987562112089,4.0,5.6,1.3564659966250536,4.0,7.0,0.0142857142857142,0.3010186786529353,-0.5,0.4285714285714285,4.0,0.0,4.0,4.0,1.2545454545454546,1
sat-02909,2bea8f46c7c59fa0a38363ad1332953eb90b0067b946587146adbb9ab65fe29c,2sat,4,"[[2,4],[2,-4],[-1,4],[2,3],[-2,-3],[1,-4],[1,-2],[1,2],[-1,2],[3,4],[-3,4],[-1,-3],[1,-3],[-1,-2],[-2,-4],[3,-4],[-2,4],[-2,3]]",4.0,18.0,4.5,36.0,2.0,0.0,2.0,2.0,1.0,0.0,0.5,0.5,0.8660254037844386,1.0,3.0,0.816496580927726,4.0,9.0,1.224744871391589,8.0,11.0,0.005050505050505,0.0716032670644334,-0.0909090909090909,0.1111111111111111,3.0,0.0,3.0,3.0,0.9607843137254902,0
sat-01404,8e789d111257b92d865728f13521c07b179abb174c22332c982a5ee6f5341735,mixed,4,"[[-1,3,-4],[1,2,3],[1,-2],[-2,-3,4],[2,4],[1,-2,3],[2,3,-4],[-1,2,4],[1,3],[-1,-2,-4],[2,-4],[1,-2,4],[1,-2,-4],[-1,-2],[-1,-3],[1,4],[2,-3,-4],[-2,3],[-1,4],[2,-3,4],[1,2,4],[1,3,-4],[-1,2],[-1,3,4]]",4.0,24.0,6.0,62.0,2.583333333333333,0.4930066485916347,2.0,3.0,0.4166666666666667,0.5833333333333334,0.5645161290322581,0.4330127018922193,1.6393596310755,1.0,8.666666666666666,1.699673171197595,11.0,15.5,2.0615528128088303,12.0,17.0,0.1439950980392156,0.1126034782974434,0.0588235294117647,0.3333333333333333,3.0,0.0,3.0,3.0,1.6594202898550725,0
sat-00588,4343a0cf5754fc68ddea96f11622d586ba34843eba7f5d1c8ac70a7ebbc0eaf0,2sat,4,"[[-1,4],[-3,-4],[1,2],[-2,-3],[2,-3],[-2,3]]",4.0,6.0,1.5,12.0,2.0,0.0,2.0,2.0,1.0,0.0,0.4166666666666667,0.4330127018922193,0.82915619758885,0.6666666666666666,1.0,1.0,3.0,3.0,1.0,2.0,4.0,-0.125,0.2165063509461096,-0.5,0.0,2.0,0.0,2.0,2.0,0.9333333333333332,1
sat-02315,051f6f127e57f907c75a30eb49cbf7bcef9815bc5a4cc9db1b4e8274e2068f33,3sat,5,"[[1,-2,-5],[1,-3,-4],[1,-3,-5],[-1,-4,5],[-1,-2,-4],[2,-4,5],[-1,2,-3],[2,-4,-5],[1,-2,-3],[-3,4,5],[1,-2,3],[3,4,5],[-2,-3,-4],[3,4,-5],[1,3,4],[1,3,-4],[-1,2,-4],[2,-3,-5],[-1,-2,3],[-3,4,-5],[-2,4,-5]]",5.0,21.0,4.2,63.0,3.0,0.0,3.0,3.0,0.0,1.0,0.4444444444444444,1.0198039027185568,1.095445115010332,1.0,6.3,1.4866068747318506,8.0,12.6,1.2,11.0,14.0,-0.1116883116883116,0.1472281579973726,-0.2727272727272727,0.1666666666666666,4.0,0.0,4.0,4.0,1.7571428571428571,0
sat-02137,3b2b58ec0cf553883409ac9b357000b58739a5cb1a9425b7bca070c3c1243c5e,mixed,4,"[[1,-3,-4],[-1,-2],[2,-3,-4],[-2,4],[3,4],[1,-2,-4],[1,-2,3]]",4.0,7.0,1.75,18.0,2.571428571428572,0.4948716593053934,2.0,3.0,0.4285714285714285,0.5714285714285714,0.4444444444444444,0.7071067811865476,1.118033988749895,1.0,2.5,0.5,3.0,4.5,0.5,4.0,5.0,-0.075,0.3960744879438714,-0.6,0.5,3.0,0.0,3.0,3.0,1.5238095238095235,1
sat-00811,972530f2cecf122804f897c6ffe8024ffe9c5edb2c40a3c0e64ae5aa7323927e,3sat,5,"[[-1,-4,5],[-1,3,-5],[1,-3,5],[-2,3,4],[1,3,-5],[2,3,-4],[1,2,-4],[1,-3,4],[-2,-4,5],[-1,2,-3],[-2,4,-5],[2,-3,5],[-1,-4,-5],[-1,-2,5],[2,-3,-5]]",5.0,15.0,3.0,45.0,3.0,0.0,3.0,3.0,0.0,1.0,0.4666666666666667,0.7483314773547882,0.3999999999999999,1.0,4.5,0.9219544457292888,6.0,9.0,0.6324555320336759,8.0,10.0,-0.0722222222222222,0.1212079123848412,-0.25,0.1111111111111111,4.0,0.0,4.0,4.0,1.723809523809524,1
sat-00016,0459bd45578c0ee5c4455404a8e61e338a0f8f81d42724ae0f50ad27405ce1f6,3sat,4,"[[-1,2,4],[-1,-2,4],[1,2,4],[1,3,-4],[-2,3,4],[2,-3,4],[-1,-3,-4],[-1,-2,-3],[-1,2,-4],[-1,-3,4],[2,3,4]]",4.0,11.0,2.75,33.0,3.0,0.0,3.0,3.0,0.0,1.0,0.5151515151515151,1.920286436967152,1.224744871391589,1.0,5.5,1.2583057392117916,7.0,8.25,1.0897247358851685,7.0,10.0,0.0017857142857142,0.3510325512553163,-0.5,0.4,3.0,0.0,3.0,3.0,2.2181818181818183,1
sat-01216,4ed6ca005834eea7ed6f2f1ca62a45fd24772173db0d7cc1cd454e8575315d60,mixed,4,"[[1,2],[-1,2],[1,-4],[3,-4],[1,-2,4]]",4.0,5.0,1.25,11.0,2.2,0.3999999999999999,2.0,3.0,0.8,0.2,0.6363636363636364,0.82915619758885,0.7071067811865476,0.6666666666666666,1.1666666666666667,1.0671873729054748,3.0,2.75,1.0897247358851685,1.0,4.0,0.375,0.4768967975941498,-0.3333333333333333,1.0,2.0,0.7071067811865476,1.0,3.0,1.2,1
sat-01606,efe0177463aa339d03c3388f4b11f8ef9096e884080153d417708ad8c72e1726,3sat,5,"[[3,-4,5],[1,2,3],[-1,2,-5],[-3,4,5],[-2,4,-5],[1,-3,-4],[-2,3,-5],[-1,-4,5],[-2,3,4],[2,4,5],[-2,-3,5],[-1,3,-4],[2,3,4],[2,4,-5],[-1,-2,5],[1,2,-3],[-3,-4,5]]",5.0,17.0,3.4,51.0,3.0,0.0,3.0,3.0,0.0,1.0,0.5490196078431373,1.3564659966250536,0.4898979485566356,1.0,5.1,1.5132745950421556,7.0,10.2,1.6,7.0,11.0,0.0805194805194805,0.1320339223598839,-0.1428571428571428,0.2727272727272727,4.0,0.0,4.0,4.0,1.7720588235294117,1
sat-02551,689f1d37b96f4c56bf0b821f3c79dd33eff674d19da75091a33788c3959aee66,2sat,5,"[[2,5],[-1,-3],[2,3],[1,-3],[-3,5],[-4,-5],[-3,4],[2,4],[2,-4],[-2,5],[3,-4],[-3,-5],[-1,5],[1,3],[-1,-4],[2,-5],[-3,-4],[1,4],[-1,-2],[-1,-5],[-1,4],[1,-4],[1,-5],[3,5],[-4,5],[-1,3],[3,4],[4,5],[-2,4],[-2,3],[1,2],[-2,-3],[-1,2],[3,-5]]",5.0,34.0,6.8,68.0,2.0,0.0,2.0,2.0,1.0,0.0,0.5147058823529411,0.6324555320336759,1.0198039027185568,1.0,3.4,0.4898979485566356,4.0,13.6,1.0198039027185568,12.0,15.0,0.0334798534798534,0.102900964335306,-0.1428571428571428,0.1666666666666666,4.0,0.0,4.0,4.0,0.768270944741533,0
sat-02026,1f2d5804262759e3a9f886534812bc1b9bd216d129c2ea5b963db51166756a87,mixed,5,"[[2,3,4],[-1,-3,-4],[3,4,5],[2,-3,-5],[1,3,-4],[-1,3,-5],[1,3,4],[2,3,5],[2,-4,-5],[1,2,5],[3,-4],[-3,-5],[1,4],[-2,5],[-1,-2,3]]",5.0,15.0,3.0,41.0,2.7333333333333334,0.4422166387140533,2.0,3.0,0.2666666666666666,0.7333333333333333,0.6097560975609756,1.5491933384829668,0.7483314773547882,1.0,3.7,1.4866068747318506,6.0,8.2,1.469693845669907,7.0,11.0,0.2051948051948052,0.2000843134812546,0.0,0.4545454545454545,4.0,0.0,4.0,4.0,1.457142857142857,1
sat-00156,2405c53a9fb1690ed0e048aa968d675d90418096a413fdc729fe2afae09e03be,mixed,5,"[[2,-4],[-1,3],[1,3],[-2,-3,-5],[-2,-4],[1,2,-3],[-2,-4,-5],[-3,-4,5],[3,-4,5],[-1,-3,-4]]",5.0,10.0,2.0,26.0,2.6,0.4898979485566356,2.0,3.0,0.4,0.6,0.3461538461538461,0.9797958971132712,1.4966629547095764,0.9,2.2,1.1661903789690602,4.0,5.2,1.16619037896906,4.0,7.0,-0.2685714285714285,0.3741002812190379,-1.0,0.0,3.6,0.4898979485566356,3.0,4.0,1.288888888888889,1
sat-00692,7a67eb761cc814429eab5cb1109a2027a59d73ab200981d86507b917036a98d4,3sat,4,"[[1,-2,-4],[-1,3,-4],[1,-3,4],[1,2,3],[-1,-2,3],[1,2,-3],[-2,3,4],[1,-2,-3],[2,3,-4],[-1,-3,4],[-2,-3,-4],[1,2,4],[1,3,4],[1,-2,3],[1,-2,4],[-1,-3,-4],[-1,3,4],[-1,2,4],[-1,-2,-4],[-2,-3,4],[-1,-2,-3],[1,-3,-4],[1,3,-4],[-1,-2,4]]",4.0,24.0,6.0,72.0,3.0,0.0,3.0,3.0,0.0,1.0,0.4861111111111111,2.277608394786075,1.0897247358851685,1.0,12.0,1.632993161855452,14.0,18.0,1.4142135623730951,16.0,20.0,-0.0409722222222222,0.1976460137702232,-0.375,0.1111111111111111,3.0,0.0,3.0,3.0,2.231884057971014,0
sat-00658,46696edffd75fa8e930bf26f0e05030a90c971d4b2078748fd617ac06bb13480,mixed,5,"[[1,-3,-4],[1,-3],[2,-4],[-2,-4,-5],[1,2],[-3,4,5],[-1,-5],[2,-3,-4],[-2,-5],[-3,-5],[3,-4,-5],[1,2,-4],[1,2,5],[2,4],[-2,-3],[-2,3,-5],[1,4,5],[1,-2,4],[2,4,-5],[-1,-2,-5],[3,-4,5],[1,-2,3],[-1,2,5]]",5.0,23.0,4.6,61.0,2.652173913043478,0.476280484787101,2.0,3.0,0.3478260869565217,0.6521739130434783,0.4918032786885246,1.6733200530681511,1.7204650534085253,1.0,5.3,1.3453624047073711,7.0,12.2,1.7204650534085253,10.0,15.0,-0.0152447552447552,0.2572649286349059,-0.2307692307692307,0.4545454545454545,4.0,0.0,4.0,4.0,1.3794466403162056,1
sat-00566,b7e46dc23e3153ed3fd9c9b8578d1c96f6a17495e8813ecb150b05c57f54c010,3sat,4,"[[-2,3,4],[-1,2,-4],[-1,3,4],[-2,-3,4],[-1,-2,-3],[2,-3,4],[-1,3,-4],[1,2,-3],[-1,-2,4],[1,3,4],[2,-3,-4],[1,-2,-3],[2,3,-4],[2,3,4],[1,-2,4],[1,-2,-4],[1,-3,-4],[-1,2,3],[-1,-2,3],[-2,3,-4],[1,-2,3],[1,2,3],[1,-3,4],[-2,-3,-4]]",4.0,24.0,6.0,72.0,3.0,0.0,3.0,3.0,0.0,1.0,0.5138888888888888,1.0897247358851685,1.479019945774904,1.0,12.0,1.8257418583505536,15.0,18.0,1.5811388300841898,16.0,20.0,0.0314821981424148,0.1118608961337487,-0.1578947368421052,0.125,3.0,0.0,3.0,3.0,2.2355072463768115,0
sat-01927,2c623056885e150f4b8172ee219ae51545d49ef6ddd2c1e8c1d6421529e66988,2sat,4,"[[1,3],[3,-4],[-3,-4],[-1,-3],[-1,2],[-1,-2],[2,-4],[1,-3],[2,-3],[-1,3],[1,-2],[2,4],[-1,4],[-2,-4],[3,4],[-3,4],[2,3],[-2,3]]",4.0,18.0,4.5,36.0,2.0,0.0,2.0,2.0,1.0,0.0,0.5,1.118033988749895,0.5,1.0,3.0,1.0,4.0,9.0,1.224744871391589,8.0,11.0,-0.0119949494949494,0.143644201561286,-0.25,0.1111111111111111,3.0,0.0,3.0,3.0,0.9607843137254902,0
sat-00439,e80342866e34a2404ef6ef626f8a213f6e4ce7d5b40880e8821bda643cffdd99,3sat,5,"[[2,-4,-5],[1,-3,5],[1,3,5],[-3,-4,5],[-1,2,-5],[3,4,-5],[-1,-2,-5],[-2,-3,-5],[1,2,4],[2,3,5],[1,-2,5],[1,4,5],[-2,3,-4],[-1,2,-4],[1,-3,4],[-1,2,3],[-1,-2,-3],[-1,-4,-5],[2,3,-4],[-2,-3,-4],[-2,3,5],[-3,4,5],[2,3,-5],[-1,4,-5],[1,2,-4],[-1,3,5],[-1,-4,5],[1,2,5],[3,-4,5],[3,-4,-5],[2,-4,5],[-1,-3,-4]]",5.0,32.0,6.4,96.0,3.0,0.0,3.0,3.0,0.0,1.0,0.5104166666666666,2.481934729198171,2.0591260281974,1.0,9.6,1.42828568570857,12.0,19.2,1.469693845669907,18.0,22.0,0.0164805954279638,0.2254298188428918,-0.3684210526315789,0.2222222222222222,4.0,0.0,4.0,4.0,1.7721774193548387,0
sat-00031,86d925b0f7fa1b252ab1a6fc6ced8f65137b04e7c51ced1b2d7a2b3c62b3fb1b,mixed,5,"[[-1,4,-5],[-2,-3,-5],[2,3,-5],[1,-4,-5],[1,-3,-5],[1,2,5],[-1,2,-3],[2,-3,-4],[-1,-3,-4],[-1,-2,5],[2,3],[-1,-3,4],[-2,-3,-4],[-3,-4],[-3,-5],[2,4],[2,-3],[-1,-5],[-1,-3],[1,-4,5],[3,-4],[-2,-3],[-1,3],[-1,5],[2,-3,4],[1,-2,4],[-1,-3,5],[-2,3,4],[-1,-4],[-3,4],[-1,2,3],[4,-5],[2,-4,-5]]",5.0,33.0,6.6,85.0,2.575757575757576,0.4942274675848512,2.0,3.0,0.4242424242424242,0.5757575757575758,0.4,1.939071942966532,3.059411708155671,1.0,7.1,2.0223748416156684,11.0,17.0,2.280350850198276,14.0,21.0,-0.1869747899159663,0.2553502076565508,-0.4285714285714285,0.25,4.0,0.0,4.0,4.0,1.3125,0
sat-00673,5acc3a65862e708883f05f0143694ebabe2609ae89e69441bcf76d862b26f7fa,mixed,4,"[[3,-4],[-1,2,3],[-1,-2,3],[2,3,4],[3,4],[-1,4]]",4.0,6.0,1.5,15.0,2.5,0.5,2.0,3.0,0.5,0.5,0.6666666666666666,1.8027756377319943,1.0897247358851685,1.0,2.0,0.816496580927726,3.0,3.75,0.82915619758885,3.0,5.0,0.2083333333333333,0.739509972887452,-1.0,1.0,3.0,0.0,3.0,3.0,1.4666666666666666,1
sat-02462,9b0ec1f832d6d92d7301d50f037d005942ff28b7c923c6e8f9e3c534a0b1383e,mixed,5,"[[2,5],[1,3,5],[1,2,-4],[2,-3,5],[-1,-3,4],[1,3,4],[1,2,4],[-1,-4,5],[-4,-5],[-1,-2,-3],[2,3,5],[-2,4],[3,-5],[-3,4,-5],[-1,-5],[-2,-4,5],[-1,-2],[-2,-4,-5],[-1,5],[-1,-2,-4],[-1,-2,5],[-2,-4],[-1,-4],[1,2]]",5.0,24.0,4.8,62.0,2.583333333333333,0.4930066485916347,2.0,3.0,0.4166666666666667,0.5833333333333334,0.4516129032258064,1.3564659966250536,1.939071942966532,1.0,5.2,1.469693845669907,7.0,12.4,2.244994432064365,8.0,14.0,-0.0857142857142857,0.1853725967820619,-0.2857142857142857,0.2307692307692307,4.0,0.0,4.0,4.0,1.326086956521739,0
sat-02238,3dfe80229b2bdf903f91479f192a4818ddff71c953a41b8f05e453ad59e07ad9,mixed,5,"[[-1,3,-4],[-1,-4,-5],[1,3,-4],[-1,2,-4],[-2,-4,5],[-1,-3,5],[1,2,4],[-2,3,-4],[1,-3,-4],[1,2,3],[3,5],[-3,4],[-1,-2,4],[-1,-2],[-3,-4,-5],[1,-2],[-1,-2,3],[2,3,-4],[-3,-5],[1,-2,3],[-2,-3,5],[1,-2,4],[-1,-4,5],[2,3],[-2,4,5]]",5.0,25.0,5.0,69.0,2.76,0.4270831300812524,2.0,3.0,0.24,0.76,0.463768115942029,1.4966629547095764,2.65329983228432,1.0,6.3,2.1,9.0,13.8,2.4,9.0,15.0,-0.0399999999999999,0.2719477073916151,-0.3333333333333333,0.3333333333333333,4.0,0.0,4.0,4.0,1.52,0
sat-01461,fa312856f7c9eb89a23c72d73e40945ffb8351c746828bc81e50292d56b8f218,3sat,4,"[[-1,-3,4],[1,2,4],[-1,2,4],[-1,-2,4],[2,-3,4],[1,-3,-4],[-2,3,4],[1,3,-4],[-2,-3,4],[1,2,-4],[2,-3,-4]]",4.0,11.0,2.75,33.0,3.0,0.0,3.0,3.0,0.0,1.0,0.5454545454545454,1.8027756377319943,0.82915619758885,1.0,5.5,1.8929694486000912,8.0,8.25,1.6393596310755,7.0,11.0,0.0592532467532467,0.2858837215281384,-0.4285714285714285,0.2727272727272727,3.0,0.0,3.0,3.0,2.272727272727273,1
sat-02862,288155350a513f249b4057f4d017190b64b8855b68db39d016ec982698ff3b3f,3sat,5,"[[3,-4,5],[1,3,-4],[2,4,5],[-1,2,5],[-2,-3,-4],[2,-3,5],[-3,-4,-5],[1,2,4],[-1,4,5],[1,3,4],[1,3,5],[1,2,-5],[-1,2,4],[2,-3,4],[3,4,5],[3,-4,-5],[1,-4,-5],[1,4,5],[-1,3,-4],[2,-4,5],[-1,-2,5],[2,3,-5],[-2,-3,-5],[1,-3,-4],[-2,-4,-5],[1,-2,5],[-1,-2,4],[1,-2,-4],[1,3,-5],[-1,-2,-3],[1,-3,5],[-1,2,-5],[-1,2,-3],[1,-3,4]]",5.0,34.0,6.8,102.0,3.0,0.0,3.0,3.0,0.0,1.0,0.5392156862745098,1.4142135623730951,1.0198039027185568,1.0,10.2,1.32664991614216,12.0,20.4,1.2000000000000002,19.0,22.0,0.0764638869902027,0.1041160786409082,-0.0526315789473684,0.1818181818181818,4.0,0.0,4.0,4.0,1.7700534759358288,0
sat-01110,440fe9d221f0352d8ca3e86e511f792c8f620c7cca19f0f52a4bc03ae64d9f78,mixed,4,"[[-1,4],[2,-3,4],[-1,3],[-3,4],[1,2,-4],[-1,2,-3],[-1,-4],[1,-2]]",4.0,8.0,2.0,19.0,2.375,0.4841229182759271,2.0,3.0,0.625,0.375,0.4736842105263157,0.82915619758885,1.118033988749895,1.0,2.333333333333333,0.4714045207910317,3.0,4.75,0.82915619758885,4.0,6.0,-0.0333333333333333,0.4020779360604939,-0.5,0.5,3.0,0.0,3.0,3.0,1.3214285714285714,1
sat-01733,32ec71e8b02737a0d05b88e1768bd3ab09bca0f4f4ce5af36f79920d1fc5e9e2,2sat,5,"[[-3,4],[-4,-5],[-2,-4],[-4,5],[4,5],[1,3],[2,3],[3,4],[-2,-5],[1,2]]",5.0,10.0,2.0,20.0,2.0,0.0,2.0,2.0,1.0,0.0,0.6,0.4898979485566356,1.019803902718557,0.7,1.0,0.8944271909999159,3.0,4.0,1.2649110640673518,2.0,6.0,0.3,0.3999999999999999,0.0,1.0,2.8,0.7483314773547882,2.0,4.0,0.7555555555555555,0
sat-01886,a7d09011d7d176f9e827a1fe597003dbc08fbf1a0c037943cea763fc3b23fe7f,mixed,5,"[[2,-3,-4],[4,-5],[-4,5],[-1,-4,-5],[3,-5],[4,5],[-2,3,5],[1,-3],[1,2,4],[-2,-5],[-1,4,5],[-1,-4,5],[1,-3,5],[-1,4,-5],[1,3,4],[-1,-5],[1,2],[-2,4],[-2,-3,5],[1,2,-5],[1,-2,3],[-1,3,4],[1,-2,-3],[1,-4,5],[1,4],[-2,-3,4],[-1,-3],[-1,-2,5],[1,3,5],[3,4,5]]",5.0,30.0,6.0,79.0,2.6333333333333333,0.4818944098266986,2.0,3.0,0.3666666666666666,0.6333333333333333,0.5569620253164557,2.85657137141714,1.095445115010332,1.0,6.8,1.939071942966532,10.0,15.8,2.56124969497314,12.0,19.0,0.0843567251461988,0.2410266747461677,-0.3333333333333333,0.375,4.0,0.0,4.0,4.0,1.3816091954022989,0
sat-00315,633d0696022a1a8173ce346d524099fa811fa70db20a12416bc5be013162c07a,2sat,5,"[[1,-4],[3,5],[2,-4],[-1,3],[1,-2],[-1,-4],[3,-5],[1,2],[-1,4],[-4,5],[4,-5],[-2,5],[1,5],[-3,4],[1,-5]]",5.0,15.0,3.0,30.0,2.0,0.0,2.0,2.0,1.0,0.0,0.5666666666666667,1.019803902718557,1.019803902718557,0.9,1.5,0.806225774829855,3.0,6.0,1.6733200530681511,4.0,8.0,0.15,0.2194613070819602,-0.1428571428571428,0.5,3.6,0.4898979485566356,3.0,4.0,0.780952380952381,0
sat-01351,e1944ed5be596f2ad1f3d727c4a6d87b3730276b6e82ab6be6eae6438a8ef608,mixed,4,"[[2,4],[-1,2,4],[1,3],[1,3,-4],[2,-3,-4],[-2,4]]",4.0,6.0,1.5,15.0,2.5,0.5,2.0,3.0,0.5,0.5,0.6666666666666666,0.5,0.4330127018922193,1.0,2.0,1.0,4.0,3.75,0.82915619758885,3.0,5.0,0.3416666666666666,0.1063928777900308,0.2,0.5,3.0,0.0,3.0,3.0,1.4666666666666666,1
sat-02156,895683110fa80cf9e8450798b891fbd8c5684672d106208333019b8f80e75ec6,2sat,4,"[[3,4],[1,4],[-1,-4],[-1,4],[3,-4],[-2,3],[-2,-3],[-1,-2],[-2,4],[1,-4],[1,-3],[-1,-3],[2,3],[-3,4],[-2,-4],[1,2],[1,3],[-1,2],[2,4],[1,-2],[2,-4],[-3,-4]]",4.0,22.0,5.5,44.0,2.0,0.0,2.0,2.0,1.0,0.0,0.5,0.5,0.5,1.0,3.6666666666666665,0.4714045207910317,4.0,11.0,0.7071067811865476,10.0,12.0,0.0,0.0642824346533225,-0.0909090909090909,0.0909090909090909,3.0,0.0,3.0,3.0,0.9567099567099568,0
sat-02839,50d01f64a2fc07c141388f31269029744efd9e408772ca416439791bddb07452,2sat,4,"[[-3,4],[2,-3],[-2,3],[1,-4],[1,3],[-1,-3],[-1,3],[2,3],[-1,2],[-1,-2],[2,4],[1,4]]",4.0,12.0,3.0,24.0,2.0,0.0,2.0,2.0,1.0,0.0,0.5833333333333334,0.5,1.118033988749895,1.0,2.0,0.816496580927726,3.0,6.0,1.224744871391589,4.0,7.0,0.2083333333333333,0.2389122885760652,-0.1428571428571428,0.5,3.0,0.0,3.0,3.0,0.9545454545454546,0
sat-02433,79c93832f669babf43a981f8cb9706c121bf747dcb5439cd929ba20e666fe8a5,2sat,4,"[[-1,4],[-3,-4],[-1,-4],[-3,4],[3,-4],[-2,4],[-1,3],[1,-3],[2,3],[-1,2],[2,4],[1,3],[3,4],[2,-3],[1,-4],[-2,-4],[1,-2]]",4.0,17.0,4.25,34.0,2.0,0.0,2.0,2.0,1.0,0.0,0.5294117647058824,0.5,0.7071067811865476,1.0,2.833333333333333,0.6871842709362768,4.0,8.5,1.118033988749895,7.0,10.0,0.0634920634920634,0.0644764952748885,0.0,0.1428571428571428,3.0,0.0,3.0,3.0,0.9558823529411764,0
sat-02305,982bdfe775e263ffc96a852381053c2c452633c770d24cb0c3e51052b6998999,3sat,5,"[[1,-3,-4],[1,-3,-5],[-1,2,-3],[3,-4,5],[-1,-2,5],[2,4,5],[1,3,4],[-2,4,5],[1,2,-5],[1,4,-5],[2,3,4],[-1,2,-4],[-3,-4,-5],[-1,-4,5],[1,2,3],[-1,3,5],[2,-3,5],[-1,-3,-4],[-3,4,5],[-3,4,-5],[1,-2,5],[-2,-3,4],[1,2,5],[-1,-2,-3],[1,-2,3],[-1,4,-5],[-1,2,-5],[1,2,-3],[-1,-3,5],[-2,-3,-4],[2,-4,5],[-1,2,5],[1,2,4]]",5.0,33.0,6.6,99.0,3.0,0.0,3.0,3.0,0.0,1.0,0.5353535353535354,2.576819745345025,2.4,1.0,9.9,1.640121946685673,13.0,19.8,1.32664991614216,18.0,22.0,0.0685380116959064,0.2468167157217538,-0.3684210526315789,0.3,4.0,0.0,4.0,4.0,1.7708333333333333,1
sat-01875,67f5ac3e896d7f6dfeee721f097efe02593f81dc979d479952be87e04527e722,mixed,5,"[[-4,5],[1,-3,-5],[2,-5],[-1,4],[-2,4],[-1,4,5],[-1,2,4],[-3,-5],[-1,2,-4],[-2,3,-5],[1,4],[4,5],[3,4,-5],[-1,2]]",5.0,14.0,2.8,34.0,2.4285714285714284,0.4948716593053935,2.0,3.0,0.5714285714285714,0.4285714285714285,0.5294117647058824,1.8547236990991407,1.469693845669907,1.0,2.6,1.3564659966250538,5.0,6.8,1.7204650534085253,4.0,9.0,0.042063492063492,0.3625134118855828,-0.4285714285714285,0.5555555555555556,4.0,0.0,4.0,4.0,1.164835164835165,0
sat-00608,98953219565cad96e325093f84b4f2b3bc97feb289f5e20cb24a8054144c3dfe,2sat,4,"[[3,-4],[-3,-4],[-2,-4],[1,3],[2,-4],[-3,4],[2,3],[2,4],[-2,-3]]",4.0,9.0,2.25,18.0,2.0,0.0,2.0,2.0,1.0,0.0,0.5,0.82915619758885,1.479019945774904,0.6666666666666666,1.5,1.2583057392117916,3.0,4.5,2.0615528128088303,1.0,6.0,0.2166666666666666,0.4907477288111819,-0.3333333333333333,1.0,2.0,0.7071067811865476,1.0,3.0,1.1111111111111112,1
sat-02294,799f45a8cbd2af6f3dc75cfe9e439763bcccdc766a219ce33919996603989906,mixed,4,"[[1,-3,4],[2,-3,4],[-1,2,-3],[-3,-4],[1,-2],[1,-3,-4],[-1,3],[-1,4],[1,2,-3],[1,-2,4],[2,-3,-4],[-1,3,-4],[-1,-3],[-1,-2,-3],[1,4],[-2,3],[-2,3,-4],[1,-3],[-1,2,4],[-2,-3],[-1,-4],[-1,-2,4],[-1,-3,-4]]",4.0,23.0,5.75,59.0,2.565217391304348,0.4957284456952773,2.0,3.0,0.4347826086956521,0.5652173913043478,0.3898305084745763,1.299038105676658,2.1213203435596424,1.0,8.166666666666666,1.4624940645653537,10.0,14.75,1.920286436967152,12.0,17.0,-0.2107843137254902,0.1811073843324624,-0.5,0.0,3.0,0.0,3.0,3.0,1.6324110671936758,1
sat-00442,f8a1d97fec2198bb0f70e53228800f0b618fee9fe2f04a9022fff1eb88dbe853,2sat,4,"[[1,-3],[1,4],[2,4],[-1,-4],[2,-3],[-1,-2],[2,3],[-1,2],[-1,-3],[3,-4],[1,3],[-2,-3],[1,2],[-2,3],[-2,4],[-1,4],[-1,3],[1,-2],[-3,-4],[2,-4]]",4.0,20.0,5.0,40.0,2.0,0.0,2.0,2.0,1.0,0.0,0.5,0.7071067811865476,0.7071067811865476,1.0,3.333333333333333,0.7453559924999298,4.0,10.0,1.224744871391589,8.0,11.0,0.0,0.0642824346533225,-0.0909090909090909,0.0909090909090909,3.0,0.0,3.0,3.0,0.963157894736842,0
sat-01023,68038d3558242006fa8a45a9f06f14d1c33e03dd54777f2e5ab4a6353916818c,2sat,5,"[[-1,4],[-1,-5],[-1,5],[4,-5],[1,4],[3,-4],[4,5],[-2,3]]",5.0,8.0,1.6,16.0,2.0,0.0,2.0,2.0,1.0,0.0,0.5625,1.32664991614216,1.019803902718557,0.5,0.8,0.8717797887081347,2.0,3.2,1.469693845669907,1.0,5.0,0.0199999999999999,0.7222188034107115,-1.0,1.0,2.0,0.6324555320336759,1.0,3.0,0.8214285714285714,1
sat-00724,d5ecac9411f682cae5d5ecebafe2317ab311e290d44c99507f608690a33e8b87,3sat,4,"[[1,-2,-4],[-2,-3,-4],[1,2,3],[-2,3,4],[1,-2,4],[1,-3,-4],[-1,-2,-4],[1,2,4],[-1,-2,3],[1,3,-4],[2,-3,-4],[-1,-3,-4],[1,3,4],[1,-3,4],[2,3,-4],[1,2,-3],[2,3,4],[-2,-3,4],[1,-2,3],[-1,2,-3],[-1,2,-4],[-1,2,3]]",4.0,22.0,5.5,66.0,3.0,0.0,3.0,3.0,0.0,1.0,0.5303030303030303,1.0897247358851685,1.0897247358851685,1.0,11.0,0.5773502691896257,12.0,16.5,0.5,16.0,17.0,0.0606617647058823,0.1325952642781654,-0.125,0.25,3.0,0.0,3.0,3.0,2.2164502164502164,0
sat-02740,05dbd76d95c88b838a03dc34a9bbfcd0f82320a81f684bb785192a6a38d35694,2sat,4,"[[1,4],[-2,4],[-2,-3],[-1,3],[2,-3],[2,3],[1,3],[-1,-4],[2,4],[1,-2],[-1,-3],[-3,4],[2,-4],[3,4],[-2,-4],[-2,3],[-3,-4]]",4.0,17.0,4.25,34.0,2.0,0.0,2.0,2.0,1.0,0.0,0.5,0.82915619758885,0.82915619758885,1.0,2.833333333333333,1.0671873729054748,4.0,8.5,1.5,6.0,10.0,0.0,0.0785674201318386,-0.1111111111111111,0.1111111111111111,3.0,0.0,3.0,3.0,0.9705882352941176,0
sat-01581,31b3e1c46ff54309f34624a4a76ce1935acc85aabb231c26f2445b10bc5aa68c,3sat,5,"[[1,-4,-5],[-1,-2,-4],[-2,-3,4],[-1,3,4],[-1,3,-5],[-2,3,-5],[2,3,-5],[2,3,5],[-1,3,5],[1,-2,-3],[1,2,-3],[1,2,4],[1,-2,-4],[-1,-2,-5],[2,3,-4],[-2,3,4],[-2,4,5],[-1,-2,-3],[1,-3,-5],[-1,-2,3],[-3,4,-5],[-1,-3,-5],[-1,2,3],[-1,2,4]]",5.0,24.0,4.8,72.0,3.0,0.0,3.0,3.0,0.0,1.0,0.4583333333333333,2.244994432064365,2.2271057451320084,1.0,7.2,2.481934729198171,11.0,14.4,2.8000000000000003,11.0,17.0,-0.0863636363636363,0.2714708397348265,-0.4545454545454545,0.2727272727272727,4.0,0.0,4.0,4.0,1.818840579710145,1
sat-01590,609d4a8160593c6fdba90da276262083ae2577fc2347ced3da27911b58addda6,2sat,5,"[[1,5],[-3,-4],[-1,-4],[2,5],[4,5],[-1,2],[1,2],[-2,3],[1,-3],[-2,4],[2,-4],[3,5],[-1,-2],[-1,-3],[-1,-5],[2,3],[-4,-5],[-3,-5],[-3,5],[1,4],[-4,5],[1,3],[-2,-4],[2,-5],[-1,4],[-1,5]]",5.0,26.0,5.2,52.0,2.0,0.0,2.0,2.0,1.0,0.0,0.5,1.16619037896906,1.16619037896906,1.0,2.6,0.66332495807108,3.0,10.4,1.0198039027185568,9.0,12.0,-0.001010101010101,0.1972300791254349,-0.2,0.2727272727272727,4.0,0.0,4.0,4.0,0.76,0
sat-00382,4dedc70026ada00b2216d9be9370c3d0acb9647a3a79575f4e80f21570994870,2sat,4,"[[1,4],[2,-4],[-1,-2],[-1,3],[-2,-4]]",4.0,5.0,1.25,10.0,2.0,0.0,2.0,2.0,1.0,0.0,0.4,0.0,0.8660254037844386,0.6666666666666666,0.8333333333333334,0.6871842709362768,2.0,2.5,0.8660254037844386,1.0,3.0,1.3877787807814457e-17,0.5773502691896258,-0.3333333333333333,1.0,2.0,0.7071067811865476,1.0,3.0,0.9,1
sat-01741,8be7907d3ad869b11ee9cd8e71bce085108b2297c8df33919ae3998c9e6ffa7f,mixed,5,"[[-3,-4,5],[-1,3,-4],[-1,-5],[-3,-4],[1,-2,4],[-1,-3,5],[1,-4],[-4,5],[3,4,5],[1,-3],[3,4]]",5.0,11.0,2.2,27.0,2.4545454545454546,0.4979295977319691,2.0,3.0,0.5454545454545454,0.4545454545454545,0.4814814814814814,1.3564659966250538,1.6,0.8,2.1,1.5132745950421556,5.0,5.4,2.4166091947189146,1.0,8.0,-0.1585714285714285,0.513260883658474,-1.0,0.6,3.2,0.7483314773547882,2.0,4.0,1.3454545454545457,0
sat-02111,f843c2c406fd0ddcd4f258b2319e566afc34c4f693c01373c6dbe4554dc6dbd7,3sat,4,"[[1,2,3],[1,-2,-4],[1,2,4],[1,-2,3],[1,-2,-3],[-2,3,4],[2,-3,4],[-1,3,4],[1,-2,4],[-1,2,4]]",4.0,10.0,2.5,30.0,3.0,0.0,3.0,3.0,0.0,1.0,0.6666666666666666,1.0,1.5,1.0,5.0,1.2909944487358056,7.0,7.5,1.118033988749895,6.0,9.0,0.3591269841269841,0.3032210863559531,-0.1111111111111111,0.7142857142857143,3.0,0.0,3.0,3.0,2.2222222222222223,1
sat-02437,1e1b2370133496d05a58f8193e9c1907d2495966880c571bf68042a11b110770,3sat,5,"[[1,-2,5],[-1,3,5],[-1,2,5],[2,-3,-4],[1,3,-4],[-1,2,-4],[-1,-4,5],[-1,-2,-4],[-2,3,5],[1,2,3],[-1,-4,-5],[2,3,4],[-3,-4,5],[3,4,-5],[1,4,-5],[-1,2,-3],[-1,-2,3],[-1,-3,5],[1,3,5],[1,-2,4],[2,-3,4],[3,4,5],[1,-3,4],[2,-3,5],[2,-3,-5],[2,4,-5],[-2,-3,-4],[2,-4,5],[-2,3,-5],[1,3,-5],[1,2,-3],[-3,4,5]]",5.0,32.0,6.4,96.0,3.0,0.0,3.0,3.0,0.0,1.0,0.5520833333333334,1.3564659966250536,1.4966629547095764,1.0,9.6,1.3564659966250536,12.0,19.2,1.469693845669907,18.0,22.0,0.1052631578947368,0.128920512778062,0.0,0.2631578947368421,4.0,0.0,4.0,4.0,1.7721774193548387,1
sat-02813,04ffa08742423353982bf54e350be4d0072b703092447575dca9b566c553e3ee,mixed,4,"[[-2,-3],[-2,3],[1,-3,4],[-3,-4],[1,-3,-4]]",4.0,5.0,1.25,12.0,2.4,0.4898979485566356,2.0,3.0,0.6,0.4,0.3333333333333333,0.7071067811865476,1.4142135623730951,0.6666666666666666,1.5,1.118033988749895,3.0,3.0,1.224744871391589,2.0,5.0,-0.2333333333333333,0.7505553499465135,-1.0,1.0,2.0,0.7071067811865476,1.0,3.0,1.5,1
sat-00646,4b4813edc4614c5818b0a4970486f35c4cf3a2a9e903bbbeea5e05e0360b38f8,mixed,4,"[[-2,3,4],[2,4],[-1,-3],[1,3,-4],[2,-3,4],[2,3],[-1,-2],[-1,-2,4],[2,-4],[1,2,4],[2,3,4],[-1,-3,-4],[-2,3],[1,-2,-3],[1,3],[-1,3,-4],[1,-2,4],[-2,-4],[2,-3],[-1,2,3],[-2,-3,-4],[1,-4],[-1,-2,3],[-3,-4]]",4.0,24.0,6.0,61.0,2.5416666666666665,0.4982608642958915,2.0,3.0,0.4583333333333333,0.5416666666666666,0.4918032786885246,1.118033988749895,0.82915619758885,1.0,8.333333333333334,1.247219128924647,10.0,15.25,1.479019945774904,13.0,17.0,-0.019353318250377,0.0835891860694511,-0.0769230769230769,0.125,3.0,0.0,3.0,3.0,1.5905797101449275,0
sat-00116,e4819f5b3cafebc2cfd7b778068feac1841cfe821d5d5149c19f254f7a2a4bcc,3sat,5,"[[-3,4,5],[1,2,3],[2,-4,-5],[1,-2,3],[-2,3,-4],[1,2,4],[-1,2,-5],[-1,4,5],[-1,-2,4],[1,-3,-4],[1,3,5],[1,2,5],[-1,3,5],[2,-3,5],[-2,-3,-5],[-2,3,4],[-1,-2,3]]",5.0,17.0,3.4,51.0,3.0,0.0,3.0,3.0,0.0,1.0,0.5882352941176471,0.6324555320336759,1.16619037896906,1.0,5.1,1.2206555615733703,7.0,10.2,1.469693845669907,8.0,12.0,0.1893939393939394,0.1240204965435219,0.0,0.3333333333333333,4.0,0.0,4.0,4.0,1.7647058823529411,1
sat-02804,670f6c6a60a2f16657ee77f7942d0c8ee895e6b814c07b1d751fa1633f3a2e8f,2sat,4,"[[2,4],[3,4],[1,-4],[1,2],[-1,-2],[-1,3]]",4.0,6.0,1.5,12.0,2.0,0.0,2.0,2.0,1.0,0.0,0.6666666666666666,0.0,0.7071067811865476,0.8333333333333334,1.0,0.5773502691896257,2.0,3.0,0.7071067811865476,2.0,4.0,0.4166666666666666,0.3632415786283894,0.0,1.0,2.5,0.5,2.0,3.0,0.8666666666666667,1
sat-00221,7c608ff4a57c566d09e7d6cfa7989972cbb386c08d735b87913958ed6768e719,2sat,5,"[[3,5],[-1,-4],[-2,-5],[1,-4],[-1,5],[3,-4],[2,-3],[3,4],[1,3],[-2,3],[-1,2],[4,-5],[-2,-4],[2,-5],[2,4],[1,-5],[-1,-5],[-1,-2],[1,-2],[-2,4],[-2,-3],[1,-3],[1,4]]",5.0,23.0,4.6,46.0,2.0,0.0,2.0,2.0,1.0,0.0,0.4782608695652174,1.3564659966250536,1.32664991614216,1.0,2.3,0.7810249675906654,3.0,9.2,1.6,7.0,11.0,-0.0498556998556998,0.2564120989574268,-0.4285714285714285,0.25,4.0,0.0,4.0,4.0,0.7707509881422925,0
sat-02907,3223b2fbebb72006818aa9bab17f8c16a05d5343a05d5281b57061931216ea9a,mixed,4,"[[1,4],[2,3,-4],[-2,3,4],[1,3,4],[-2,-4],[1,-3,4],[-1,-2,-3],[1,2,3],[1,-2,3],[1,3,-4],[-1,3,4],[-1,-4],[2,3],[1,2,-4],[-1,-3,4],[2,-3,4],[1,2,-3]]",4.0,17.0,4.25,47.0,2.764705882352941,0.4241825029957634,2.0,3.0,0.2352941176470588,0.7647058823529411,0.6170212765957447,0.82915619758885,0.5,1.0,7.166666666666667,1.5723301886761007,9.0,11.75,1.0897247358851685,10.0,13.0,0.2326923076923076,0.062370839584747,0.1666666666666666,0.3333333333333333,3.0,0.0,3.0,3.0,1.875,0
sat-00690,db5624c12958b78996d20fb211d78b49471e9d6a8a33fa96e463970901136ad9,2sat,5,"[[-1,-2],[-1,-5],[-1,-3],[-3,-4],[-2,4],[1,5],[-1,4],[3,-5],[-3,5],[3,-4],[-2,-4],[1,-2],[1,-3],[-2,-3],[2,-3],[4,5],[-3,4],[2,4],[3,5],[1,2],[-3,-5],[1,-4],[3,4],[1,3],[-2,-5],[-1,-4],[-1,2],[2,5],[2,-4],[1,-5],[-1,3],[4,-5],[-2,3],[-1,5],[-4,5]]",5.0,35.0,7.0,70.0,2.0,0.0,2.0,2.0,1.0,0.0,0.4857142857142857,0.3999999999999999,0.7483314773547882,1.0,3.5,0.6708203932499369,4.0,14.0,0.8944271909999159,13.0,15.0,-0.0266666666666666,0.0585963358239413,-0.0769230769230769,0.0769230769230769,4.0,0.0,4.0,4.0,0.7680672268907563,0
sat-00496,717b95997948d90f5b0188506fff2979044b5e886725848b6134a3e77b86a00c,3sat,5,"[[1,-2,3],[-1,-3,-5],[2,3,-5],[-2,3,5],[1,2,3],[2,3,5],[2,3,4],[-1,2,4],[1,3,-5],[1,4,5],[2,-3,-5],[-1,-4,5],[1,-2,4],[2,4,5],[-1,2,-4],[-2,3,4],[1,-2,-5],[1,-3,-5],[-1,-2,3],[-2,-3,5],[-1,-2,-5],[1,2,-4],[2,-3,5],[1,-4,5],[-1,2,5]]",5.0,25.0,5.0,75.0,3.0,0.0,3.0,3.0,0.0,1.0,0.5866666666666667,1.6,1.469693845669907,1.0,7.5,2.7294688127912363,11.0,15.0,2.9664793948382653,10.0,19.0,0.1787218045112781,0.0601763806569063,0.125,0.2857142857142857,4.0,0.0,4.0,4.0,1.8233333333333333,0
sat-00403,efbc0de9dcc41abe1b32f0979017d6019bea12c054e0368aaac15ec5e3255341,3sat,5,"[[-2,3,4],[1,-3,-5],[-3,-4,5],[-2,3,-4],[-1,-2,-5],[-2,-4,-5],[1,-3,4],[-1,2,-5],[1,-4,-5],[-1,2,3],[-3,-4,-5],[1,2,3],[-1,-2,3],[1,-2,4],[2,-3,4],[1,-3,-4],[1,2,-3],[-1,2,-4],[1,2,-4],[-2,-3,5],[-1,3,-4],[1,-4,5],[1,-2,-5]]",5.0,23.0,4.6,69.0,3.0,0.0,3.0,3.0,0.0,1.0,0.4347826086956521,2.449489742783178,1.32664991614216,1.0,6.9,1.7578395831246945,10.0,13.8,2.039607805437114,10.0,16.0,-0.1576190476190476,0.2477124366017288,-0.4285714285714285,0.25,4.0,0.0,4.0,4.0,1.7865612648221345,0
sat-00151,7693fc0f30c9593a19c5ac1e5fd6bc1018e18ba80cfd2b5406f776e13e0716ff,mixed,4,"[[1,-4],[-1,2],[-2,3],[-1,-3,-4],[-1,-2,4],[1,2,4],[-2,4],[-1,3,4],[1,2,3],[-1,2,-3],[1,-2,4],[-2,-3],[-1,-2],[-3,-4],[3,-4],[1,2,-3],[2,-3],[-3,4],[-1,-2,-3],[1,-2,-4],[2,3],[-2,-4],[2,-3,-4],[1,3,4],[1,3],[-1,-4],[1,-2,-3]]",4.0,27.0,6.75,67.0,2.4814814814814814,0.4996569467863719,2.0,3.0,0.5185185185185185,0.4814814814814814,0.4626865671641791,0.82915619758885,1.0,1.0,8.833333333333334,1.462494064565354,11.0,16.75,1.0897247358851685,15.0,18.0,-0.0738562091503268,0.0859843605854145,-0.1764705882352941,0.0588235294117647,3.0,0.0,3.0,3.0,1.50997150997151,0
sat-01186,5160137c70a0969a761cce5b84aa4ba385930862239ad9dc1964bc63b156cc39,mixed,4,"[[-1,2,-3],[-1,-4],[1,-2,-4],[1,-2],[1,3],[-1,-2,4],[1,2,4],[3,-4],[1,3,-4]]",4.0,9.0,2.25,23.0,2.555555555555556,0.4969039949999532,2.0,3.0,0.4444444444444444,0.5555555555555556,0.5217391304347826,1.224744871391589,1.0897247358851685,1.0,3.1666666666666665,1.4624940645653537,5.0,5.75,1.479019945774904,4.0,8.0,0.0541666666666666,0.3361082414937188,-0.3333333333333333,0.5,3.0,0.0,3.0,3.0,1.6388888888888888,1
sat-00864,fbb6f7e94d87c54073b43c9e63ba87f08caff10cce49b57aaae87e6dc0df56ed,mixed,5,"[[-1,-2,-4],[-2,-3,-4],[2,3,-4],[1,2],[-1,2,-4],[1,3,5],[-2,-3,4]]",5.0,7.0,1.4,20.0,2.857142857142857,0.3499271061118826,2.0,3.0,0.1428571428571428,0.8571428571428571,0.45,0.7483314773547883,1.32664991614216,0.8,1.9,1.5132745950421556,5.0,4.0,1.6733200530681511,1.0,6.0,0.08,0.515363949069005,-0.6,1.0,3.2,0.7483314773547882,2.0,4.0,1.761904761904762,1
sat-01390,96ba26fe9c936f005c599a2a4dea26849b78ef3db29f4716d27c44c667b1419f,mixed,4,"[[1,3,-4],[1,2],[1,3,4],[1,-3,4],[-1,2,4],[-1,-4],[-2,3,-4],[1,-3],[-1,-2,-3],[1,-2,4],[-1,-2,-4],[-1,-2],[2,3,-4],[-1,2,3],[1,2,-3]]",4.0,15.0,3.75,41.0,2.7333333333333334,0.4422166387140533,2.0,3.0,0.2666666666666666,0.7333333333333333,0.5121951219512195,1.0897247358851685,0.7071067811865476,1.0,6.166666666666667,1.2133516482134197,8.0,10.25,1.6393596310755,9.0,13.0,0.0192307692307692,0.0853364339645976,-0.1111111111111111,0.1111111111111111,3.0,0.0,3.0,3.0,1.8571428571428568,0
sat-01376,cd7cba11d5811981366794a47cc5309b45e6fc1d491382dba0a697843e490ebe,mixed,5,"[[2,3,-5],[-1,4,5],[-3,-4,-5],[-3,4,5],[2,4,-5],[-1,4],[2,-3,-4],[2,-3,5],[-2,5],[-2,4,5],[-2,-3,5],[2,3,5],[3,-4,-5],[3,4,5],[-1,2],[-1,-3,4],[2,-3],[1,-4],[1,-2,-4],[-1,-2,5],[3,4]]",5.0,21.0,4.2,57.0,2.7142857142857144,0.4517539514526256,2.0,3.0,0.2857142857142857,0.7142857142857143,0.543859649122807,2.4819347291981715,0.9797958971132712,1.0,5.1,2.3853720883753127,8.0,11.4,2.244994432064365,7.0,13.0,0.0373626373626373,0.294425754152898,-0.4285714285714285,0.3846153846153846,4.0,0.0,4.0,4.0,1.4714285714285715,1
sat-00786,5f0f25d4c59c94edc2153fe6df59b56665e6229c7d63e7fc0cc9a0237ed69e22,3sat,5,"[[-2,-4,5],[-2,4,-5],[-1,4,5],[1,-3,-5],[1,2,-4],[-2,-4,-5],[-1,-3,5],[2,3,-5],[-2,4,5],[3,4,-5],[2,3,4],[-1,3,-4],[1,-2,3],[-1,2,4],[-1,-3,-4],[-2,3,-5],[-3,4,-5],[1,3,-5],[-1,-2,5],[-1,2,-5],[-1,2,-3],[-2,-3,4],[1,-2,-4],[1,2,3],[1,2,-5],[2,-3,4],[-2,3,5],[-1,2,5],[-1,2,3],[-2,-3,-5],[3,4,5],[-1,-4,5]]",5.0,32.0,6.4,96.0,3.0,0.0,3.0,3.0,0.0,1.0,0.5,1.4966629547095764,1.743559577416269,1.0,9.6,1.42828568570857,12.0,19.2,1.7204650534085253,17.0,22.0,0.0024286205710354,0.1519380409868054,-0.2222222222222222,0.1764705882352941,4.0,0.0,4.0,4.0,1.7762096774193548,0
sat-02234,b327491a7d08520569eb2837538b412309556502baf681a536bf57a54b3fb9dd,3sat,4,"[[-1,2,3],[2,-3,4],[1,-2,-4],[1,-3,4],[1,-3,-4],[2,3,4],[1,-2,4],[-2,-3,-4],[1,-2,-3],[-1,-2,3],[-2,3,4],[1,2,3],[1,3,4],[-1,-2,-3],[2,-3,-4],[1,3,-4],[-1,2,-4],[-2,-3,4],[-1,2,-3],[-1,-3,4]]",4.0,20.0,5.0,60.0,3.0,0.0,3.0,3.0,0.0,1.0,0.5,0.5,1.6583123951777,1.0,10.0,1.4142135623730951,12.0,15.0,1.224744871391589,14.0,17.0,0.0106442577030812,0.137794628522821,-0.1764705882352941,0.1428571428571428,3.0,0.0,3.0,3.0,2.226315789473684,0
sat-02955,6ef1772c9515cf3c8e7e24e57afce3155890c5da67aa759d95498c2bd19043ad,mixed,4,"[[2,-3,4],[-1,3,4],[3,-4],[-1,-2],[2,3,4],[1,-2,-4],[1,-2,-3],[-1,-2,-3],[1,2],[-1,2]]",4.0,10.0,2.5,26.0,2.6,0.4898979485566356,2.0,3.0,0.4,0.6,0.5,0.4330127018922193,0.82915619758885,1.0,3.6666666666666665,1.247219128924647,6.0,6.5,1.118033988749895,5.0,8.0,0.0142857142857142,0.122057196361679,-0.1428571428571428,0.2,3.0,0.0,3.0,3.0,1.6444444444444444,1
sat-01688,db184c7d052ed286b149a233bfb54eb59468d30443913513b2de2b8708270413,mixed,5,"[[-1,2,-5],[-2,3,-4],[2,5],[2,3],[-3,-4,5],[1,3,4],[-4,-5],[2,4,-5],[-1,-2,4],[1,3],[1,5],[1,-2,4],[-1,2,5],[3,-5],[-3,-4,-5],[2,3,5],[-1,2,-3],[-3,-5],[-1,3],[-2,3,4],[-1,3,-4],[-1,-2],[2,3,-4],[-2,3,5],[-1,2,-4],[3,4],[1,2,4],[1,3,-5],[1,-3,4]]",5.0,29.0,5.8,77.0,2.655172413793104,0.4753120259341455,2.0,3.0,0.3448275862068966,0.6551724137931034,0.5714285714285714,2.481934729198171,1.0198039027185568,1.0,6.7,1.5524174696260025,9.0,15.4,1.624807680927192,13.0,18.0,0.1235042735042735,0.199283910529998,-0.0769230769230769,0.4444444444444444,4.0,0.0,4.0,4.0,1.3817733990147782,0
sat-02338,c1c48f5ecb597a9b5ca50e1524c83c401f1f50848709344dd31f19d926a70277,2sat,4,"[[3,4],[2,-4],[1,-2],[-2,-3],[1,2]]",4.0,5.0,1.25,10.0,2.0,0.0,2.0,2.0,1.0,0.0,0.6,0.5,0.7071067811865476,0.6666666666666666,0.8333333333333334,0.6871842709362768,2.0,2.5,0.8660254037844386,2.0,4.0,0.25,0.4330127018922193,0.0,1.0,2.0,0.7071067811865476,1.0,3.0,0.9,1
sat-02070,cbbdd77e5bfca22f1c374c57907a7eb6b492c9e3a7873077a3a0b52e5bb67d95,2sat,4,"[[1,-3],[-1,-4],[-3,4],[1,4],[2,3],[-1,-3],[-1,-2],[3,-4],[-1,2],[1,3],[1,-2],[1,-4],[2,4],[-1,4],[-3,-4],[1,2],[2,-4],[2,-3],[-2,3],[-2,-4],[-1,3],[3,4]]",4.0,22.0,5.5,44.0,2.0,0.0,2.0,2.0,1.0,0.0,0.5227272727272727,0.4330127018922193,0.82915619758885,1.0,3.6666666666666665,0.4714045207910317,4.0,11.0,0.7071067811865476,10.0,12.0,0.0499999999999999,0.1078528228882242,-0.0909090909090909,0.2,3.0,0.0,3.0,3.0,0.9567099567099568,0
sat-02098,46bce5f7de7763d68214c00949d14a072eb3b6d8507eff6704b8624bff0a207f,3sat,5,"[[-1,-2,-3],[-1,2,-3],[-1,3,-5],[1,2,4],[-3,4,5],[1,-2,-4],[1,2,-3],[2,-3,4],[1,4,-5],[2,-4,5],[2,-3,-4],[1,2,5],[-2,-3,5],[2,3,-4],[-1,-3,4],[-2,4,5],[-1,-4,-5],[-2,-3,-4],[-3,-4,-5],[-2,-3,-5],[-1,3,-4],[-1,-3,-4],[-1,-3,-5],[-1,-3,5],[-2,-3,4],[1,-2,3],[-1,4,-5],[-2,3,5],[1,3,-4],[2,3,4],[-1,2,3]]",5.0,31.0,6.2,93.0,3.0,0.0,3.0,3.0,0.0,1.0,0.4408602150537634,1.1661903789690602,2.65329983228432,1.0,9.3,2.4919871588754225,14.0,18.6,2.870540018881465,14.0,23.0,-0.1053140096618357,0.1357168216124729,-0.3043478260869565,0.0526315789473684,4.0,0.0,4.0,4.0,1.804301075268817,0
sat-00063,1e76b48b6cf8b3355d4d3a6b8d008c5cb482631549c4785fbf2a3ecddecc3f7f,3sat,5,"[[-2,4,5],[1,-3,-4],[1,-2,-3],[1,-4,-5],[-1,-4,-5],[3,-4,-5],[1,-4,5],[-2,-3,4]]",5.0,8.0,1.6,24.0,3.0,0.0,3.0,3.0,0.0,1.0,0.375,1.32664991614216,1.2649110640673518,1.0,2.4,1.2806248474865698,5.0,4.8,1.32664991614216,3.0,7.0,-0.3057142857142857,0.522755649790373,-1.0,0.6,4.0,0.0,4.0,4.0,1.7857142857142858,1
sat-02470,d130d0f40bda6f7aac64179aa28a30f86b3d51fd373933e258e8e5e6cf6ef9f4,2sat,5,"[[2,-4],[3,4],[-1,-3],[-3,5],[-4,5],[-1,3],[-2,-3],[-3,-4],[-1,5],[4,-5],[-1,-2],[-1,-5],[2,-5],[2,5],[2,3],[3,5],[-2,-5],[4,5],[-2,5],[1,-4],[1,-3],[-2,-4],[1,5],[3,-4],[-3,-5],[-4,-5],[-1,-4],[3,-5],[-2,3],[1,4],[2,-3],[1,-2],[1,3],[-3,4]]",5.0,34.0,6.8,68.0,2.0,0.0,2.0,2.0,1.0,0.0,0.4705882352941176,1.3564659966250536,0.7483314773547882,1.0,3.4,0.8,4.0,13.6,1.624807680927192,12.0,16.0,-0.0661538461538461,0.1127785469735365,-0.2307692307692307,0.0666666666666666,4.0,0.0,4.0,4.0,0.7754010695187166,0
sat-01196,1962f83900f3eb0115028f84bdbd55f43f0c95f92a066503e01a9e0ee7a69c80,3sat,4,"[[-1,3,4],[-1,2,-4],[1,-2,-3],[2,-3,-4],[2,-3,4],[1,-2,4],[-2,-3,-4],[1,3,4],[-1,-2,-4],[1,-2,3]]",4.0,10.0,2.5,30.0,3.0,0.0,3.0,3.0,0.0,1.0,0.4666666666666667,0.5,0.7071067811865476,1.0,5.0,0.5773502691896257,6.0,7.5,0.5,7.0,8.0,-0.0625,0.1480636067122946,-0.25,0.1428571428571428,3.0,0.0,3.0,3.0,2.1777777777777776,1
sat-00178,cf06f943f930f3250e4959e37c906c8df7faacf800e5be012b25a7cd4fa85e00,3sat,4,"[[2,3,4],[-1,-3,-4],[1,-2,-3],[1,-3,-4],[2,-3,-4],[-1,3,-4],[-1,-2,3]]",4.0,7.0,1.75,21.0,3.0,0.0,3.0,3.0,0.0,1.0,0.3809523809523809,0.7071067811865476,0.82915619758885,1.0,3.5,1.2583057392117916,5.0,5.25,1.0897247358851685,4.0,7.0,-0.2357142857142857,0.2225776635840411,-0.6,0.0,3.0,0.0,3.0,3.0,2.238095238095238,1
sat-00027,cc1eb20f796e612899864f60d827ed2b62f7bde6f585a2b90ae763977f9c28ab,3sat,4,"[[-1,2,4],[2,-3,4],[1,-2,-4],[1,-3,-4],[1,3,-4],[-1,2,-4],[1,2,-3],[-1,-2,-3],[1,3,4],[-1,-3,-4],[1,2,-4],[-1,2,-3],[-2,-3,4],[-1,-3,4],[1,-2,-3],[-1,-2,4],[-1,2,3],[-1,3,-4],[1,-2,4],[1,-2,3],[-2,3,-4],[2,3,4],[-1,-2,-4],[-1,3,4]]",4.0,24.0,6.0,72.0,3.0,0.0,3.0,3.0,0.0,1.0,0.4722222222222222,0.5,0.8660254037844386,1.0,12.0,1.4142135623730951,14.0,18.0,1.224744871391589,17.0,20.0,-0.0544117647058823,0.0356295336458403,-0.1,0.0,3.0,0.0,3.0,3.0,2.2282608695652173,0
sat-00373,0e3c3645c0ba859ed94d8a6639f867f105ab3a243f5501c67a23235cf63cc508,3sat,5,"[[-1,3,5],[-2,3,4],[1,-2,5],[-1,-2,5],[-2,-3,-5],[2,-3,-4],[-1,2,3],[1,-3,-5],[3,-4,5],[1,2,-3],[-1,-3,-4],[-1,2,-5],[-3,-4,-5],[2,4,-5],[-2,-4,-5],[-3,-4,5],[1,-2,-5],[-2,3,-5],[2,3,4],[-1,2,4],[-1,3,-5],[-1,4,-5],[-1,2,-3]]",5.0,23.0,4.6,69.0,3.0,0.0,3.0,3.0,0.0,1.0,0.4202898550724637,1.469693845669907,1.4142135623730951,1.0,6.9,1.5132745950421556,8.0,13.8,1.6,11.0,15.0,-0.1617715617715617,0.1704953171806818,-0.3846153846153846,0.0666666666666666,4.0,0.0,4.0,4.0,1.7707509881422925,1
sat-01767,cff028d8f3396d2fd5c817697f98689eeb58eb5eedf2b7345a3f55c265762107,mixed,5,"[[2,-4],[-3,-4],[-2,-3,-4],[1,-2],[-1,-2,4],[-2,4,5],[2,3,-5],[-1,-2,-4],[1,3,5],[-1,-3,4],[1,2,-4],[-1,-2],[-1,4,5],[1,4,-5],[3,4,-5],[1,2,-3],[-2,-3,-5],[-1,4],[1,4],[-2,4],[-2,-3,4],[1,-2,3],[-1,-4],[-1,2,-5],[-2,-4],[2,-3,5],[-3,4,-5],[1,2],[-2,-5],[-2,-4,-5],[-1,4,-5],[-2,-4,5],[1,2,4],[4,-5],[2,3,5]]",5.0,35.0,7.0,93.0,2.657142857142857,0.4746642207381757,2.0,3.0,0.3428571428571428,0.6571428571428571,0.4623655913978494,3.1368774282716245,2.0976176963403037,1.0,8.1,2.467792535850613,12.0,18.6,3.929376540877701,13.0,23.0,-0.0961538461538461,0.181132319386151,-0.25,0.217391304347826,4.0,0.0,4.0,4.0,1.4403361344537815,0
sat-00639,ccac2b8e59edb7981dfa9fc5dae03a9da0b35b7c0c3b62bdfcf9b308d9514d4a,3sat,5,"[[1,3,-4],[2,3,5],[1,2,3],[1,-3,-5],[2,-3,5],[-1,2,4],[-1,4,5],[1,2,5],[3,-4,5]]",5.0,9.0,1.8,27.0,3.0,0.0,3.0,3.0,0.0,1.0,0.7407407407407407,1.095445115010332,0.8,1.0,2.7,0.7810249675906654,4.0,5.4,0.8,4.0,6.0,0.4666666666666666,0.339934634239519,0.0,1.0,4.0,0.0,4.0,4.0,1.6944444444444444,1
sat-02802,b760cc286bf85f5a8853ff03dfa23cbe2ffbbbe34e128756d134d3df3e41ccce,mixed,5,"[[-3,5],[2,3],[2,-3,-5],[1,2,-4],[-1,-3,-4],[-1,3,5],[-2,3,4],[-1,-3,5],[3,4],[-2,-4],[1,-4,5],[-4,5],[1,3],[1,3,-4],[-1,2],[2,4],[2,-4,-5],[3,5],[-1,2,5],[2,-3,4],[-1,-5],[1,4,5],[2,3,-4],[3,4,5],[1,-4],[-2,-4,5],[-1,5],[2,4,-5],[1,-2,-3],[1,5],[-1,3,-5],[-1,-4,5],[-1,-3,-5],[1,-2,4],[-2,3,5]]",5.0,35.0,7.0,92.0,2.628571428571429,0.4831867007225075,2.0,3.0,0.3714285714285714,0.6285714285714286,0.5652173913043478,2.0591260281974,2.0976176963403037,1.0,7.9,1.7,11.0,18.4,1.3564659966250538,16.0,20.0,0.1323391812865497,0.2059200099826834,-0.1578947368421052,0.4,4.0,0.0,4.0,4.0,1.3529411764705883,0
sat-00625,0b9fc9e723daf0ae2fab28b17fa9c100ea63a8ddb8f4d9e2f96519a0c1640ddf,2sat,5,"[[-1,4],[3,4],[-3,-4],[-1,3],[1,-5],[-2,5],[1,-3],[-3,5],[-1,-3],[-1,-5],[-3,-5],[2,3],[-3,4]]",5.0,13.0,2.6,26.0,2.0,0.0,2.0,2.0,1.0,0.0,0.4230769230769231,0.7483314773547882,1.8973665961010275,0.7,1.3,1.1,3.0,5.2,2.3151673805580453,2.0,9.0,-0.0733333333333333,0.3115552385479446,-0.3333333333333333,0.5,2.8,0.7483314773547882,2.0,4.0,0.8717948717948718,0
sat-00781,fa96e6c4bac13fdd430622773e9663493bfe0960019c2b36f2a07d57d1b8e395,2sat,5,"[[-3,-5],[-2,3],[1,4],[-4,5],[-3,5]]",5.0,5.0,1.0,10.0,2.0,0.0,2.0,2.0,1.0,0.0,0.5,0.6324555320336759,0.6324555320336759,0.4,0.5,0.6708203932499369,2.0,2.0,0.8944271909999159,1.0,3.0,0.0,0.6666666666666667,-1.0,1.0,1.6,0.4898979485566356,1.0,2.0,0.7,1
sat-00350,a43973aad8f314517c512ec7428e8f820afae8f4832c2ecb3f092597e650bdb3,2sat,4,"[[-2,4],[3,4],[1,3],[1,2],[-1,-4],[-2,-4],[2,3],[-1,3],[1,-4],[-1,2],[-2,-3],[1,4],[1,-3],[-1,-2],[2,-3],[-3,-4],[2,4],[-2,3],[-1,-3],[1,-2]]",4.0,20.0,5.0,40.0,2.0,0.0,2.0,2.0,1.0,0.0,0.5,0.7071067811865476,0.7071067811865476,1.0,3.333333333333333,0.7453559924999298,4.0,10.0,1.224744871391589,8.0,11.0,0.0,0.0642824346533225,-0.0909090909090909,0.0909090909090909,3.0,0.0,3.0,3.0,0.963157894736842,0
sat-02291,9ad50bc32ce066c6df056a010c46bcb31786c697642c38b9ff6b73feb920710c,3sat,4,"[[1,-2,-3],[-1,-2,-4],[1,-2,4],[1,2,3],[-1,-2,-3],[1,-2,-4],[2,-3,4],[-2,3,-4],[-1,2,-4],[1,3,4],[2,3,-4],[-1,-3,-4],[1,-2,3],[-2,-3,-4],[-2,-3,4],[1,2,4]]",4.0,16.0,4.0,48.0,3.0,0.0,3.0,3.0,0.0,1.0,0.4583333333333333,0.8660254037844386,1.8027756377319943,1.0,8.0,1.4142135623730951,10.0,12.0,1.224744871391589,11.0,14.0,-0.0676406926406926,0.2084190524727317,-0.2857142857142857,0.2727272727272727,3.0,0.0,3.0,3.0,2.225,1
sat-00498,89c290de47353f286e752735e117c301cce2c6abc3d362f2e44f049f11cd6f54,2sat,5,"[[-4,5],[-2,-5],[-2,5],[2,-3],[4,-5],[1,-2],[-3,-5],[-1,-2],[1,-3],[-2,3],[1,-4],[-1,-3],[1,5],[1,-5],[-1,5],[-3,5],[-1,3]]",5.0,17.0,3.4,34.0,2.0,0.0,2.0,2.0,1.0,0.0,0.4117647058823529,1.833030277982336,1.095445115010332,0.8,1.7,1.004987562112089,3.0,6.8,2.227105745132009,3.0,9.0,-0.2412698412698412,0.3075271374809482,-0.6666666666666666,0.1111111111111111,3.2,0.7483314773547882,2.0,4.0,0.8161764705882353,0
sat-00213,91a893fbb5ce8673d5743a7fbf274d2e4b47f2d5a0b0817b6dc73fe4c3c8fb8c,mixed,5,"[[3,-4,5],[-2,3,4],[-1,-2,4],[-1,2,-3],[-1,-3,-4],[1,3,4],[1,-2,3],[1,4],[-1,-3,-5],[1,-4,5],[-2,-3],[-3,4],[-1,2,-4],[-1,-2,3],[-1,3,-5],[-1,-2,-5],[-3,5],[-2,-3,4],[-1,2,-5],[3,4,-5],[2,4],[2,3,-5],[-1,2,3],[1,-3,4],[-1,-4,5],[1,-3,5],[2,3,-4],[2,3,5],[1,-3,-5],[2,-3,5],[-1,4,-5],[-1,4],[1,2,4],[1,-2]]",5.0,34.0,6.8,95.0,2.794117647058824,0.4043449142608094,2.0,3.0,0.2058823529411764,0.7941176470588235,0.5157894736842106,1.7204650534085253,2.481934729198171,1.0,8.8,2.227105745132009,11.0,19.0,2.683281572999748,15.0,22.0,0.0391919191919191,0.1750880082460481,-0.1818181818181818,0.3333333333333333,4.0,0.0,4.0,4.0,1.5561497326203209,0
sat-02996,4622c823875054eca915e9360eca05275b1063957d714672c19deb6114b45c8a,mixed,5,"[[-1,-2],[-1,3],[-1,-4,-5],[1,4,-5],[1,2],[2,-3,4],[2,4,-5],[-2,4,-5],[-1,3,-4],[2,-3],[-2,-4]]",5.0,11.0,2.2,28.0,2.5454545454545454,0.4979295977319691,2.0,3.0,0.4545454545454545,0.5454545454545454,0.4285714285714285,1.4966629547095769,0.7483314773547882,0.9,2.3,1.1,4.0,5.6,1.3564659966250536,4.0,7.0,-0.2095238095238095,0.4318393923335099,-1.0,0.1428571428571428,3.6,0.4898979485566356,3.0,4.0,1.2545454545454546,1
sat-01452,5ac60d9854b061f3d28148356a507230ea3c839b53bf4b4b53feb0604250c0b8,3sat,4,"[[-1,2,4],[1,-3,4],[-2,3,-4],[-1,-3,-4],[-1,3,4],[-2,-3,-4],[1,-2,3],[1,3,-4],[-1,-2,-3],[1,2,-4],[1,-3,-4],[-2,-3,4],[1,2,3],[1,2,4],[2,-3,4],[-1,2,-4],[2,3,-4],[1,2,-3],[1,-2,-3]]",4.0,19.0,4.75,57.0,3.0,0.0,3.0,3.0,0.0,1.0,0.5087719298245614,1.299038105676658,1.5811388300841898,1.0,9.5,0.5,10.0,14.25,0.4330127018922193,14.0,15.0,0.0214285714285714,0.2003822877015076,-0.2,0.2857142857142857,3.0,0.0,3.0,3.0,2.210526315789474,0
sat-00603,a99adbcee8bdcbba52c6293c14db9e4e7da408c973e9c8ce22ee5bbb4bf4af66,mixed,5,"[[2,3,5],[2,5],[-1,-3,4],[-2,3,4],[1,-2,-5],[1,-4,5],[2,4,-5],[3,-5],[3,4,5],[2,-4,5],[-1,-2,3],[2,3,4],[-2,3],[-1,4,-5],[2,-3,5],[1,3,5],[-3,-4],[-2,3,-5],[1,3,-5],[-2,5],[1,4,-5],[-2,-3,-5],[-1,-2,4],[-1,-3,-4],[-4,-5],[-1,2,-4]]",5.0,26.0,5.2,72.0,2.769230769230769,0.4213250442347432,2.0,3.0,0.2307692307692307,0.7692307692307693,0.5277777777777778,1.624807680927192,1.469693845669907,1.0,6.6,1.42828568570857,9.0,14.4,1.9595917942265424,11.0,17.0,0.0519582378405907,0.1638231344137565,-0.0909090909090909,0.3333333333333333,4.0,0.0,4.0,4.0,1.5138461538461538,0
sat-00649,2dd4aff6c3ccf0e5742db53b068a1bceb70980ceeffb49650350fe9f47a02607,mixed,4,"[[-1,-2,-4],[-3,4],[-1,2,-4],[1,-3,-4],[1,3],[-1,2,4],[1,-3,4],[3,4],[-2,-4],[2,-4]]",4.0,10.0,2.5,25.0,2.5,0.5,2.0,3.0,0.5,0.5,0.48,0.7071067811865476,1.0897247358851685,0.8333333333333334,3.333333333333333,1.699673171197595,5.0,6.25,1.6393596310755,5.0,9.0,-0.0277777777777777,0.149381440663875,-0.2,0.2,2.5,0.5,2.0,3.0,1.5777777777777775,0
sat-02142,0e669c61624bbc1c5397d0a7676310eb3292398f2d7722e8952b203a982bf3c8,2sat,4,"[[-3,-4],[1,3],[-1,4],[3,-4],[-1,2],[-1,3],[1,2]]",4.0,7.0,1.75,14.0,2.0,0.0,2.0,2.0,1.0,0.0,0.5714285714285714,0.7071067811865476,1.118033988749895,0.6666666666666666,1.1666666666666667,0.8975274678557508,2.0,3.5,1.118033988749895,2.0,5.0,0.2416666666666667,0.5402545696243577,-0.3333333333333333,1.0,2.0,0.7071067811865476,1.0,3.0,0.9523809523809524,1
sat-00222,8fcc6771950d1480c1f74be62d4113b0f7d10cab33e2ec9cf6583347e59b6e16,2sat,4,"[[-1,-2],[-1,-4],[2,4],[2,-4],[1,3],[-1,-3],[-1,4],[2,-3],[2,3],[1,-3],[1,4],[-2,4],[-1,2],[1,-2],[1,2],[3,-4],[3,4],[-2,-3],[-2,3]]",4.0,19.0,4.75,38.0,2.0,0.0,2.0,2.0,1.0,0.0,0.5526315789473685,0.4330127018922193,0.82915619758885,1.0,3.1666666666666665,0.6871842709362768,4.0,9.5,1.118033988749895,8.0,11.0,0.1130050505050505,0.089484043359231,0.0,0.25,3.0,0.0,3.0,3.0,0.95906432748538,0
sat-00309,a6d054c4b3b3350008d24ead34a6cb273ad1a3fa4ad56abd547cc16eb2582c5c,2sat,5,"[[2,4],[-2,-3],[1,-4],[-3,4],[2,-4],[1,3],[-1,-3],[3,4],[-3,-5],[1,-5],[1,-3],[3,-5],[1,5],[2,-5],[3,-4],[2,5],[-2,-5],[-1,3],[4,5]]",5.0,19.0,3.8,38.0,2.0,0.0,2.0,2.0,1.0,0.0,0.5526315789473685,0.7483314773547882,1.3564659966250538,0.9,1.9,1.1357816691600546,4.0,7.6,1.3564659966250536,6.0,10.0,0.1309523809523809,0.2416402753593385,-0.25,0.4285714285714285,3.6,0.4898979485566356,3.0,4.0,0.7602339181286549,0
sat-02357,0bf0b14eee1564bcf8b97af4ddbaf76192b75b6c4cf8dd25bb3339c2f9c175cf,mixed,4,"[[1,2,-3],[1,3],[-1,4],[1,-3,-4],[-3,-4],[-1,-2,4]]",4.0,6.0,1.5,15.0,2.5,0.5,2.0,3.0,0.5,0.5,0.4666666666666667,0.82915619758885,0.7071067811865476,1.0,2.0,0.816496580927726,3.0,3.75,1.0897247358851685,2.0,5.0,-0.075,0.258602010819715,-0.5,0.2,3.0,0.0,3.0,3.0,1.5333333333333334,1
sat-01994,05dc658622aea174adeab55de849f4566641df2878a421de5dc981cee0170875,2sat,5,"[[-2,-4],[2,5],[-2,3],[1,3],[2,4],[3,5],[4,-5],[-2,5],[1,5],[1,-3],[3,-4],[-1,-4],[-3,-4],[2,-5],[-1,-2],[-1,-3],[1,2],[-3,5],[-3,-5],[2,3],[2,-3],[2,-4],[4,5]]",5.0,23.0,4.6,46.0,2.0,0.0,2.0,2.0,1.0,0.0,0.5434782608695652,1.4142135623730951,1.16619037896906,1.0,2.3,0.7810249675906654,3.0,9.2,1.6,7.0,11.0,0.0816017316017315,0.2206217076688445,-0.25,0.3333333333333333,4.0,0.0,4.0,4.0,0.7707509881422925,0
sat-01247,11daf221a90f5930cb54e334aeb8f762c4512ef96a972aa713b0b486bb2f9876,3sat,5,"[[1,-4,5],[1,-3,4],[2,-3,5],[-1,2,5],[1,-2,-5],[-2,3,-5],[-2,-4,5],[-2,3,-4],[1,-4,-5],[3,4,-5],[-1,3,-5],[1,2,-3],[-1,-4,-5],[2,3,-4],[1,4,-5],[1,-3,-5],[-2,4,5],[1,3,-5],[-2,-3,-4],[-2,3,5],[-1,3,-4],[-1,-2,-3],[1,-2,3],[-1,3,4],[1,2,4],[1,-3,-4],[-2,-4,-5],[1,3,-4],[-1,2,3],[-2,-3,5],[-1,-2,-5]]",5.0,31.0,6.2,93.0,3.0,0.0,3.0,3.0,0.0,1.0,0.4623655913978494,2.8000000000000003,1.6733200530681511,1.0,9.3,1.4866068747318506,12.0,18.6,1.2,17.0,20.0,-0.0899346405228758,0.2393983373551362,-0.3333333333333333,0.2,4.0,0.0,4.0,4.0,1.767741935483871,1
sat-02378,72cf2291de4c49b581b39f8dc5d18a2d1274fa568a60ecc02ee8f5a300fd8e74,2sat,4,"[[-3,-4],[-1,2],[-2,-4],[3,-4]]",4.0,4.0,1.0,8.0,2.0,0.0,2.0,2.0,1.0,0.0,0.25,0.5,0.8660254037844386,0.5,0.6666666666666666,0.74535599249993,2.0,2.0,0.7071067811865476,1.0,3.0,-0.5,0.5,-1.0,0.0,1.5,0.5,1.0,2.0,0.8333333333333334,1
sat-01405,2b1730ab2d39a8f2ce8c99293305d88f765abdaca908a0ad9c4c7d4e38ee95b7,2sat,5,"[[-1,3],[1,3],[-1,5],[3,4],[4,-5],[2,3],[2,5],[3,-4],[-1,4],[-2,-5],[-2,3],[-2,4],[-1,-5],[-3,-4],[2,4],[3,5],[3,-5],[2,-4],[2,-5],[-2,-4],[1,-2]]",5.0,21.0,4.2,42.0,2.0,0.0,2.0,2.0,1.0,0.0,0.5476190476190477,2.0591260281974,1.469693845669907,1.0,2.1,0.9433981132056604,4.0,8.4,1.3564659966250536,6.0,10.0,0.0611111111111111,0.3929942040850532,-0.3333333333333333,0.7777777777777778,4.0,0.0,4.0,4.0,0.7619047619047619,0
sat-00509,e3aeeede5d033d4eaf69622ab610d5c3dd897989ea0efb0638c75d55e4ac256f,3sat,4,"[[-2,-3,4],[-1,-2,-3],[-1,2,-3],[-1,3,-4],[2,-3,-4],[-1,-2,-4],[1,2,4],[2,-3,4],[-1,2,4],[-1,-3,-4],[-2,3,4],[2,3,4],[2,3,-4],[1,-2,3],[1,2,-4],[1,3,4],[1,-3,-4],[-2,-3,-4],[1,-2,4],[-2,3,-4],[1,-3,4],[1,2,-3],[-1,-2,3]]",4.0,23.0,5.75,69.0,3.0,0.0,3.0,3.0,0.0,1.0,0.4927536231884058,0.5,1.0897247358851685,1.0,11.5,1.5,13.0,17.25,1.299038105676658,15.0,18.0,-0.0111111111111111,0.0638284738504225,-0.1111111111111111,0.0666666666666666,3.0,0.0,3.0,3.0,2.2292490118577075,0
sat-02790,878bb19b7d5b2435e3acc6ee14f24967ccfa9547e819fa3f5ef39e765cc6086d,3sat,5,"[[-1,3,5],[-1,2,-5],[-1,4,5],[2,3,4],[2,4,5],[1,2,3],[1,-3,-5],[-1,-4,-5],[1,2,5],[-1,-3,-4],[1,-2,4],[-1,-2,-4],[-3,4,-5],[-1,-2,4],[1,-2,-4],[-1,2,-4],[-1,2,-3],[2,-4,-5],[1,2,-4],[-2,-3,4],[3,4,-5],[3,4,5],[1,3,-5],[2,-3,-5],[1,2,4],[-1,3,-4]]",5.0,26.0,5.2,78.0,3.0,0.0,3.0,3.0,0.0,1.0,0.5256410256410257,2.1354156504062622,1.743559577416269,1.0,7.8,2.227105745132009,11.0,15.6,2.244994432064365,13.0,18.0,0.0442307692307692,0.2072226584734882,-0.2307692307692307,0.375,4.0,0.0,4.0,4.0,1.790769230769231,0
sat-01981,1d8a0fb94f567d458537f3f590c4149076d8bf6c60ee64e8fd7974186789ace7,3sat,4,"[[-1,-2,-3],[1,-2,4],[-1,3,-4],[1,2,3],[2,3,4],[-2,3,4],[-2,3,-4],[-1,2,3],[-1,-2,3],[1,3,4],[1,2,-3],[-2,-3,-4],[1,-3,-4],[-1,3,4],[1,-2,-3],[1,-2,-4],[-2,-3,4],[1,3,-4],[-1,2,4],[2,-3,4],[-1,-2,-4],[1,-3,4],[-1,-3,-4],[1,2,-4]]",4.0,24.0,6.0,72.0,3.0,0.0,3.0,3.0,0.0,1.0,0.5,1.224744871391589,0.7071067811865476,1.0,12.0,0.816496580927726,13.0,18.0,0.7071067811865476,17.0,19.0,-0.0031819745442036,0.1074908493535026,-0.1764705882352941,0.1111111111111111,3.0,0.0,3.0,3.0,2.221014492753623,0
sat-00559,3b5fab6e2292dbffe6887ec52a489e196c13c5dfc452a98dcc9aedfed051ea30,mixed,5,"[[1,2,-4],[-3,-4,-5],[-1,-2],[-1,3,-5],[-3,4],[1,4,-5],[1,3],[2,4,5],[-1,4,-5],[2,-4,5],[-2,4],[-2,3,-5],[3,-4],[2,4],[-1,3,4],[2,-4],[-1,-3,4],[-1,3],[-1,3,5],[-1,-2,-5],[-3,4,-5]]",5.0,21.0,4.2,55.0,2.619047619047619,0.4856209060564557,2.0,3.0,0.3809523809523809,0.6190476190476191,0.4909090909090909,2.33238075793812,1.624807680927192,1.0,4.7,1.5524174696260025,6.0,11.0,1.6733200530681511,9.0,14.0,-0.036998556998557,0.3250001850802189,-0.4545454545454545,0.2857142857142857,4.0,0.0,4.0,4.0,1.3428571428571427,1
sat-01683,439a8850d165cdb1b2bbee07821cb660670252a6674a8ea820d6e2cd772330c5,3sat,4,"[[-2,3,-4],[-1,-3,-4],[-2,-3,-4],[1,-2,-3],[-2,-3,4],[-1,2,3],[-1,-2,-3],[1,2,3]]",4.0,8.0,2.0,24.0,3.0,0.0,3.0,3.0,0.0,1.0,0.3333333333333333,0.7071067811865476,1.0,1.0,4.0,1.8257418583505536,7.0,6.0,1.5811388300841898,4.0,8.0,-0.3446428571428571,0.1235502665612136,-0.5,-0.2,3.0,0.0,3.0,3.0,2.321428571428572,1
sat-02601,aaeb7cf40c08de5f6e0d51020147ee233b7aa8b20d28c188d327ad791fb5e4a6,mixed,5,"[[-1,-2,3],[2,-3,4],[-1,-3],[-2,-4,-5],[1,4,-5],[1,4,5],[3,-4],[-2,-3,5],[4,-5],[-1,2,5],[-1,-2],[-3,-4],[2,4],[-1,-4,-5],[-2,-3,-5],[2,3],[1,-2,3],[-2,5],[-3,5],[-1,-3,-5],[-1,-2,4],[-3,4,-5],[-2,-5],[-1,4,5],[2,3,-4],[1,-3,-4],[-1,-2,-3],[-2,-3,4],[-4,5]]",5.0,29.0,5.8,76.0,2.6206896551724137,0.48521542343001,2.0,3.0,0.3793103448275862,0.6206896551724138,0.3947368421052631,1.7888543819998317,1.6,1.0,6.5,1.118033988749895,9.0,15.2,1.1661903789690602,13.0,16.0,-0.2152564102564102,0.2086009720710355,-0.3846153846153846,0.125,4.0,0.0,4.0,4.0,1.3374384236453205,0
sat-02047,c0e6a9849325199c94923d86f2e4f9f73909f6cece5e3f8f238398fa8ec914cc,2sat,4,"[[2,4],[-2,3],[-1,-4],[1,-3],[-1,3],[-1,2],[-1,-2],[1,4]]",4.0,8.0,2.0,16.0,2.0,0.0,2.0,2.0,1.0,0.0,0.5,0.0,1.224744871391589,0.8333333333333334,1.3333333333333333,0.7453559924999299,2.0,4.0,1.224744871391589,3.0,6.0,0.0833333333333333,0.2763853991962833,-0.3333333333333333,0.3333333333333333,2.5,0.5,2.0,3.0,0.9642857142857144,1
sat-00704,8b7118f51f53c12a0e3cd73df99d1df7f371191c3d7eea63c7adb52545df7ebc,3sat,5,"[[-1,2,-3],[-1,3,-5],[-3,-4,5],[-1,2,4],[3,-4,-5],[-3,-4,-5],[1,3,5]]",5.0,7.0,1.4,21.0,3.0,0.0,3.0,3.0,0.0,1.0,0.4285714285714285,0.7483314773547883,1.2000000000000002,0.9,2.1,1.374772708486752,5.0,4.2,1.32664991614216,2.0,6.0,-0.04,0.553534100123922,-0.5,1.0,3.6,0.4898979485566356,3.0,4.0,1.809523809523809,1
sat-02394,14825775ff2cfcc727ca692f33291e95bf9845e7a2d490b42818839307e93b82,mixed,5,"[[-1,3,-4],[-1,-4,5],[-1,4,5],[1,3,5],[-1,2],[-1,-4,-5],[-1,5],[1,4,-5]]",5.0,8.0,1.6,22.0,2.75,0.4330127018922193,2.0,3.0,0.25,0.75,0.5,0.9797958971132712,2.227105745132009,0.7,2.0,2.0976176963403037,6.0,4.4,2.576819745345025,1.0,8.0,0.3266666666666666,0.6111555539395115,-0.5,1.0,2.8,0.9797958971132712,1.0,4.0,1.9285714285714288,1
sat-02720,3b4f21b890330c3ea0fc151f88d75c7cccea02910fbaa86457ee623256d66c82,mixed,4,"[[2,-4],[2,3,-4],[1,-3],[1,2,3],[1,-3,4],[-2,3,-4],[2,-3],[1,-3,-4],[1,3,4],[2,-3,-4],[1,2,4],[-2,-3,-4],[-1,3,4],[-1,-3],[-2,3,4],[2,4],[-1,2,-3],[1,2,-4],[-1,-4],[-1,-3,4],[1,-2,4],[-1,-2,4],[-1,2,3],[1,2],[-1,2,-4]]",4.0,25.0,6.25,68.0,2.72,0.448998886412873,2.0,3.0,0.28,0.72,0.5441176470588235,1.7853571071357126,1.6393596310755,1.0,10.166666666666666,1.0671873729054748,12.0,17.0,0.7071067811865476,16.0,18.0,0.0863970588235294,0.1992345185512614,-0.125,0.4117647058823529,3.0,0.0,3.0,3.0,1.8166666666666669,0
sat-02380,b3fe50c426861658c05c64108af039994cd404eff0f862ff7690c2e5f6fcfa41,3sat,5,"[[-1,-4,-5],[-2,-3,5],[3,-4,-5],[-1,-2,-4],[-2,4,5],[3,-4,5],[1,-4,5],[-2,-3,-5],[-1,-3,4],[-1,-2,-5],[-1,3,-4],[-1,2,-3],[1,2,4],[-2,3,-5],[-3,-4,5],[1,3,4],[-1,-2,4],[1,2,-4],[-1,-4,5],[-2,3,4],[-1,3,-5],[1,4,-5],[1,2,3],[1,2,-5],[1,-2,-3],[2,3,-4],[1,-2,3],[2,-3,5],[1,2,5]]",5.0,29.0,5.8,87.0,3.0,0.0,3.0,3.0,0.0,1.0,0.4942528735632184,1.2,1.1661903789690602,1.0,8.7,1.3453624047073711,11.0,17.4,1.0198039027185568,16.0,19.0,-0.0116959064327485,0.123867290276846,-0.1764705882352941,0.1764705882352941,4.0,0.0,4.0,4.0,1.7635467980295567,1
sat-01032,6a9f1b8106859ec487b60aa0b8dc8859431d39d8a4d760ff7c2810c53acc2280,2sat,5,"[[-1,5],[3,5],[1,2],[-1,2],[-3,5],[2,4],[-2,-4],[-1,-5],[2,3],[-4,-5],[-3,4],[-2,4],[2,-3],[-4,5],[-3,-4],[1,3],[-1,-2],[-1,-3],[-3,-5],[1,4],[-1,-4],[2,-4],[-2,3],[-2,-5],[-1,3],[4,-5],[1,5],[3,4],[1,-4],[1,-5],[3,-4],[-2,-3],[1,-2],[1,-3],[-1,4]]",5.0,35.0,7.0,70.0,2.0,0.0,2.0,2.0,1.0,0.0,0.4714285714285714,1.0198039027185568,0.8,1.0,3.5,0.9219544457292888,4.0,14.0,1.7888543819998317,11.0,16.0,-0.0602331002331002,0.0314018459446777,-0.0909090909090909,0.0,4.0,0.0,4.0,4.0,0.7781512605042017,0
sat-02150,586e8db8e50ec67cad9e5791db19d02b81fdf0a38807bc84edd74f20eab6146e,3sat,5,"[[1,3,-5],[-1,4,-5],[-1,3,-5],[1,-4,5],[3,-4,-5],[1,-2,3],[-2,3,-5],[-2,3,5],[-1,3,4],[2,-4,5],[-3,-4,5],[-1,-4,-5],[1,-3,-4],[2,3,5],[-3,-4,-5],[-1,-3,-4],[-1,2,4],[2,-3,4],[-1,2,-3],[1,2,-5],[2,3,4]]",5.0,21.0,4.2,63.0,3.0,0.0,3.0,3.0,0.0,1.0,0.492063492063492,1.6,1.8547236990991407,1.0,6.3,1.417744687875783,8.0,12.6,1.624807680927192,10.0,15.0,-0.0056410256410256,0.2585063046295038,-0.2307692307692307,0.4,4.0,0.0,4.0,4.0,1.7714285714285714,1
sat-00174,6645f10153a54ac5afb33a7984f926433888f6a4893113a5bd9ebf923c069314,mixed,5,"[[-1,-3],[3,-5],[1,-4],[-1,2],[-4,-5],[3,4],[1,-5],[3,-4,5],[-1,3],[1,4,-5],[1,-4,5],[1,-2],[-2,4,-5],[1,-2,-5],[-1,-2,3],[1,-3,-5],[-2,3],[3,-4],[1,5],[2,4,5],[2,3,-4],[-2,3,4],[2,-4]]",5.0,23.0,4.6,56.0,2.4347826086956523,0.4957284456952773,2.0,3.0,0.5652173913043478,0.4347826086956521,0.5357142857142857,2.0976176963403037,1.939071942966532,1.0,4.3,1.1,6.0,11.2,0.7483314773547882,10.0,12.0,0.066060606060606,0.3567653888758332,-0.2727272727272727,0.6363636363636364,4.0,0.0,4.0,4.0,1.134387351778656,0
sat-02016,328eadc02593f246d437cccd2c502c2cc32fca6eefc4e89794c17dbee33af252,3sat,4,"[[1,2,-4],[1,-3,-4],[1,2,3],[-1,2,4],[-1,-3,-4],[-2,-3,4],[1,-2,-3],[-1,-2,4],[-1,-2,-4],[-1,-3,4],[1,-2,3],[1,-3,4],[1,-2,4],[2,3,-4],[1,-2,-4],[-2,-3,-4],[-2,3,4],[1,3,-4]]",4.0,18.0,4.5,54.0,3.0,0.0,3.0,3.0,0.0,1.0,0.4629629629629629,1.920286436967152,1.479019945774904,1.0,9.0,1.2909944487358056,11.0,13.5,1.118033988749895,12.0,15.0,-0.083058608058608,0.2419653590267381,-0.3846153846153846,0.2857142857142857,3.0,0.0,3.0,3.0,2.2222222222222223,0
sat-00953,54bd402e4b433a15a7988af934f18acc2600ccea4371a199c838a34172d6a944,3sat,4,"[[-1,2,-3],[-1,-3,-4],[1,2,4],[-2,3,-4],[1,-2,-3],[1,-3,-4],[-2,-3,-4],[1,2,-3],[-1,2,3],[-1,-2,-4],[1,-2,-4],[-1,2,4],[-1,2,-4]]",4.0,13.0,3.25,39.0,3.0,0.0,3.0,3.0,0.0,1.0,0.3846153846153846,1.7853571071357126,0.7071067811865476,1.0,6.5,1.5,9.0,9.75,1.299038105676658,8.0,11.0,-0.2638888888888889,0.2723148537136871,-0.5555555555555556,0.0909090909090909,3.0,0.0,3.0,3.0,2.230769230769231,1
sat-00969,b41f36b3dd40d999cb4f574bd4011bd32967927a1269424e76655a7c9cc3f806,2sat,5,"[[-2,-3],[-3,-5],[1,-3],[-2,4],[1,-4],[-3,4],[3,4],[1,3],[2,5],[1,-5],[1,-2],[-1,5],[3,5],[-4,5],[4,-5],[-2,3],[4,5],[-1,-2],[3,-4],[1,2],[1,5],[-1,-4],[-3,5],[-2,5],[-1,-3],[-4,-5]]",5.0,26.0,5.2,52.0,2.0,0.0,2.0,2.0,1.0,0.0,0.5192307692307693,2.0591260281974,0.8944271909999159,1.0,2.6,0.8,4.0,10.4,1.3564659966250536,8.0,12.0,0.003030303030303,0.2978958964228971,-0.5,0.3333333333333333,4.0,0.0,4.0,4.0,0.7661538461538462,0
sat-02226,89a8c39d4e7369cf89a7250b027b6af9f7a4c598795cf5660e6daf10b9cc94be,3sat,5,"[[3,4,5],[-3,4,5],[-2,-3,-4],[-2,4,5],[-1,2,-5],[1,4,5],[-1,2,-4],[1,-2,3],[3,-4,5],[-2,-4,-5],[3,-4,-5],[-1,-3,-4],[2,3,4],[-1,-4,5],[1,-3,-5],[2,3,-4],[1,3,4],[2,-4,-5],[3,4,-5],[1,2,-5],[1,-2,5],[2,-3,-5],[-1,3,4]]",5.0,23.0,4.6,69.0,3.0,0.0,3.0,3.0,0.0,1.0,0.5362318840579711,1.0198039027185568,1.743559577416269,1.0,6.9,1.9723082923316024,11.0,13.8,2.1354156504062622,11.0,17.0,0.0835599694423223,0.1346612069155861,-0.0666666666666666,0.2857142857142857,4.0,0.0,4.0,4.0,1.790513833992095,1
sat-00017,5d193edd67a79d47490bce0224c34eab04092716989e9438b17d62549aa10f0b,mixed,4,"[[-1,4],[2,-3,4],[-1,2,3],[-1,2],[1,4],[-2,-3]]",4.0,6.0,1.5,14.0,2.333333333333333,0.4714045207910317,2.0,3.0,0.6666666666666666,0.3333333333333333,0.5714285714285714,1.0,1.118033988749895,1.0,1.6666666666666667,0.7453559924999299,3.0,3.5,0.5,3.0,4.0,0.1666666666666666,0.6123724356957945,-0.5,1.0,3.0,0.0,3.0,3.0,1.2,1
sat-01721,45c76031ce2e27f87a155f66c347640eb9d7fe195d83f4a99b4c9b960b6784c6,2sat,5,"[[-1,-4],[3,-4],[-3,-4],[3,-5],[3,5],[-1,-5],[2,-3],[1,3],[-3,5],[-2,-5],[-2,4],[1,4],[2,5],[4,-5],[-1,3],[3,4],[4,5],[-2,5],[1,-3],[-1,-3],[1,-5],[-1,2],[-2,-3],[-1,5],[1,2]]",5.0,25.0,5.0,50.0,2.0,0.0,2.0,2.0,1.0,0.0,0.52,0.7483314773547882,1.16619037896906,1.0,2.5,0.806225774829855,4.0,10.0,1.6733200530681511,8.0,12.0,0.05,0.1153507049131774,-0.0909090909090909,0.25,4.0,0.0,4.0,4.0,0.7733333333333333,0
sat-00432,58829a4d643b572c9f5e917ed10bb1672a0d2432adf0a632acaa76a6b43dfa4e,2sat,5,"[[2,-5],[1,-2],[-2,-4],[1,5],[-3,5],[4,-5],[1,-4],[3,-5],[-1,2],[-2,5],[-2,-5],[1,-3],[-1,-3],[-4,5],[-3,4],[2,4],[3,-4],[-1,-4],[-1,-2],[1,4]]",5.0,20.0,4.0,40.0,2.0,0.0,2.0,2.0,1.0,0.0,0.45,1.019803902718557,0.4898979485566356,0.9,2.0,0.8944271909999159,3.0,8.0,1.095445115010332,6.0,9.0,-0.1166666666666666,0.1613982116259327,-0.3333333333333333,0.1111111111111111,3.6,0.4898979485566356,3.0,4.0,0.7526315789473684,0
sat-00268,477f24866b2f6e871739a81b57e8a7e4b6d6b6db984da71bd800ad97a3be774b,3sat,4,"[[-2,-3,4],[1,-2,-3],[1,3,-4],[1,2,-4],[-1,-2,-3],[1,2,3],[1,2,4],[1,-2,4],[-2,-3,-4],[-1,-3,4],[2,3,4],[1,-3,-4],[1,2,-3],[-1,2,-3],[-1,-3,-4],[1,-3,4],[2,-3,4],[-1,2,-4],[-1,3,-4],[-1,3,4],[-1,-2,3],[-1,2,3],[-2,3,4],[-1,2,4]]",4.0,24.0,6.0,72.0,3.0,0.0,3.0,3.0,0.0,1.0,0.5138888888888888,0.82915619758885,1.7853571071357126,1.0,12.0,1.1547005383792517,14.0,18.0,1.0,17.0,19.0,0.0356037151702786,0.1457000942977105,-0.1578947368421052,0.1764705882352941,3.0,0.0,3.0,3.0,2.2246376811594204,0
sat-02029,e474d67f1c68b0d90448038c4137701c7ef0e471de650c6114afaa7bcfade2f2,2sat,5,"[[4,5],[1,3],[1,-3],[1,-4],[1,4],[4,-5],[-2,-3],[2,-5],[-1,3],[1,5],[1,2],[3,-5],[-4,-5],[-3,5],[-3,4],[2,4],[2,5],[-2,3],[-1,2],[-1,-5],[-2,-4],[-1,-4],[-1,5],[-4,5]]",5.0,24.0,4.8,48.0,2.0,0.0,2.0,2.0,1.0,0.0,0.5416666666666666,0.7483314773547882,0.7999999999999999,1.0,2.4,0.8,4.0,9.6,1.3564659966250536,8.0,11.0,0.0863636363636363,0.0913625056465535,0.0,0.25,4.0,0.0,4.0,4.0,0.7644927536231884,0
sat-01215,9aa83695326ea845e0d40b6a7860a7c88a175653ffac18fce05e78e6c068bcc8,2sat,4,"[[3,-4],[-3,4],[1,4],[-2,4],[-2,-3],[2,-4],[1,-4],[-1,-3]]",4.0,8.0,2.0,16.0,2.0,0.0,2.0,2.0,1.0,0.0,0.4375,0.82915619758885,0.82915619758885,0.8333333333333334,1.3333333333333333,0.74535599249993,2.0,4.0,1.224744871391589,3.0,6.0,-0.125,0.3200477394945253,-0.5,0.3333333333333333,2.5,0.5,2.0,3.0,0.9642857142857144,1
sat-02401,78b48e4582231f7181eeff48eb709f7796119d9fd91ad2c85ed1ccce4831ed5f,2sat,4,"[[-2,4],[-1,-4],[2,3],[-2,-4],[1,4],[3,-4],[1,-3],[-1,4],[-3,-4],[1,2],[-2,3],[2,-4],[-2,-3],[-1,-2],[-3,4],[3,4],[2,4],[1,-4],[-1,3]]",4.0,19.0,4.75,38.0,2.0,0.0,2.0,2.0,1.0,0.0,0.5,0.82915619758885,0.82915619758885,1.0,3.1666666666666665,0.8975274678557507,4.0,9.5,1.5,8.0,12.0,0.0,0.0785674201318386,-0.1111111111111111,0.1111111111111111,3.0,0.0,3.0,3.0,0.9707602339181286,0
sat-00065,5a409992434c8f9765452920b22b92d261f747933dcff78e0a186f061d8036e0,mixed,4,"[[-3,4],[2,3],[-2,-3,-4],[-1,2,-4],[-1,-2,-3],[2,3,-4]]",4.0,6.0,1.5,16.0,2.6666666666666665,0.4714045207910317,2.0,3.0,0.3333333333333333,0.6666666666666666,0.375,1.118033988749895,0.5,1.0,2.333333333333333,1.1055415967851334,4.0,4.0,1.224744871391589,2.0,5.0,-0.375,0.4380353866983807,-1.0,0.2,3.0,0.0,3.0,3.0,1.8,1
sat-02382,9067abce53785d0eca3c732b40ab4601d332e4a50c2a193db27bcb5e19394073,3sat,4,"[[1,-3,-4],[-2,-3,4],[1,3,-4],[1,2,4],[-1,-3,-4],[1,-2,4],[2,3,4],[2,3,-4],[-1,2,-4],[-2,-3,-4],[1,3,4],[-1,2,4],[-1,-2,-3],[-1,-2,4],[1,-2,-4],[-1,-3,4],[-1,-2,-4],[-2,3,-4],[-1,-2,3],[1,2,-4]]",4.0,20.0,5.0,60.0,3.0,0.0,3.0,3.0,0.0,1.0,0.45,0.82915619758885,1.479019945774904,1.0,10.0,2.449489742783178,13.0,15.0,2.1213203435596424,12.0,18.0,-0.0944444444444444,0.0726483157256779,-0.2,0.0,3.0,0.0,3.0,3.0,2.2578947368421054,0
sat-01068,3ed7946a3e30f3290180115334186d26de9c31d53b9bb2e3bd63e7f6d6bc1656,3sat,5,"[[-1,2,5],[-2,4,-5],[1,3,-5],[1,-4,5],[-1,2,4],[1,-2,5],[2,3,-4],[-2,3,4],[-1,-2,5],[-1,-3,4],[-3,4,5],[-2,-4,-5],[2,-4,5],[-3,4,-5],[1,2,-5],[1,3,5],[-3,-4,-5],[1,-2,-3]]",5.0,18.0,3.6,54.0,3.0,0.0,3.0,3.0,0.0,1.0,0.5185185185185185,1.019803902718557,0.7483314773547882,1.0,5.4,1.4966629547095764,7.0,10.8,1.32664991614216,9.0,13.0,0.0331623931623931,0.117722591539779,-0.1111111111111111,0.2,4.0,0.0,4.0,4.0,1.7581699346405228,0
sat-01060,6fffe5912c9c5e9b0628d58666788d5207223bc9be5f6f0a927a432a569e60d1,mixed,5,"[[-2,-3,-5],[1,-5],[2,4],[1,5],[2,3,5],[-1,3,-4],[2,-3,4],[3,5],[-2,3],[-1,2,4],[3,-4,-5],[1,-2,3],[1,2,3],[-1,3,-5],[-1,-2,-4],[-2,-3],[-1,5],[1,2,5],[-1,4,-5],[-1,2],[3,-5],[2,-3,-5],[2,-4,5]]",5.0,23.0,4.6,60.0,2.608695652173913,0.4880422678400792,2.0,3.0,0.391304347826087,0.6086956521739131,0.55,2.0591260281974,1.3564659966250536,1.0,5.1,1.57797338380595,8.0,12.0,2.0976176963403037,8.0,14.0,0.0853479853479853,0.2129953951006249,-0.1666666666666666,0.3846153846153846,4.0,0.0,4.0,4.0,1.3478260869565215,0
sat-02944,893ed984887571bb4d64d17d9e28111570fef7cc492608125b4f7caaaa093be3,mixed,4,"[[-2,-4],[1,-2,-3],[1,3,4],[2,3],[1,2,-4],[1,3],[3,-4],[-1,3,-4],[-2,-3,-4],[-1,-2,3],[1,-2,3],[-1,2,3],[1,2,-3],[-1,-3,4],[1,-4],[1,-3,4],[1,-3,-4],[-1,-2,-3],[2,3,-4],[1,-2],[-2,-3,4],[-1,-2,-4],[1,3,-4],[2,-3,4]]",4.0,24.0,6.0,66.0,2.75,0.4330127018922193,2.0,3.0,0.25,0.75,0.4848484848484848,2.549509756796392,1.5,1.0,10.0,1.914854215512676,13.0,16.5,1.6583123951777,15.0,19.0,-0.0466460268317853,0.2406672896595299,-0.3333333333333333,0.2941176470588235,3.0,0.0,3.0,3.0,1.8731884057971016,1
sat-02120,209d92bd3c72f28b9053fb6b290e3671b1384caa4b7650b183b91979bb8b8380,3sat,5,"[[1,-2,-3],[1,-2,-5],[1,-4,5],[-1,-3,5],[1,3,-4],[-1,3,4],[2,4,-5],[2,3,-5],[-1,-3,-4],[-1,-3,-5],[-1,-2,3],[3,-4,5],[-2,-4,-5],[3,4,-5],[2,-3,-4],[1,-4,-5],[1,2,-4],[1,-2,4],[2,3,-4],[-3,-4,-5],[-2,-4,5],[-1,-4,-5],[1,2,-5],[-2,4,5]]",5.0,24.0,4.8,72.0,3.0,0.0,3.0,3.0,0.0,1.0,0.4305555555555556,1.16619037896906,2.4,1.0,7.2,1.32664991614216,10.0,14.4,1.4966629547095764,13.0,17.0,-0.1204481792717086,0.2192555346914082,-0.4117647058823529,0.1428571428571428,4.0,0.0,4.0,4.0,1.7681159420289856,1
sat-01415,9676ae7e64bfd18c3c0e2288070e0d5c446240d447a04e151c0b80719163fa47,mixed,4,"[[-2,4],[2,-3],[1,-2,-4],[-1,2,3]]",4.0,4.0,1.0,10.0,2.5,0.5,2.0,3.0,0.5,0.5,0.5,0.4330127018922193,0.4330127018922193,0.8333333333333334,1.3333333333333333,0.7453559924999299,2.0,2.5,0.8660254037844386,2.0,4.0,0.0,0.0,0.0,0.0,2.5,0.5,2.0,3.0,1.5,1
sat-02897,baec0b35d40403559b7d1868b9bd53b15d894d032e7d0eebf3d4b489011c1198,mixed,5,"[[1,-5],[-1,-3,4],[1,3,-5],[-1,-3,-5],[1,4,-5],[1,-3,4],[-2,4],[1,-3,5],[1,-3],[1,3,4],[2,-3,4],[-1,-2],[-1,5],[1,5],[1,2,-3],[-1,4,-5],[-1,-2,-3],[2,3,-4],[1,2,-4],[-2,-3],[-1,2,-3],[-2,5]]",5.0,22.0,4.4,58.0,2.636363636363636,0.4810456929208347,2.0,3.0,0.3636363636363636,0.6363636363636364,0.5,2.4819347291981715,2.638181191654584,1.0,5.0,2.569046515733026,10.0,11.6,3.0724582991474434,9.0,17.0,0.01649069884364,0.3579694499517262,-0.5384615384615384,0.5555555555555556,4.0,0.0,4.0,4.0,1.432900432900433,0
sat-02198,eb9374f0ce1cb3e9959b0022d2caee95e8906dbffc6bc19cc2ee674efbf785a8,mixed,5,"[[-1,2,-5],[-2,3],[2,3,5],[2,4,5],[1,2,-4],[-1,-2],[2,-4,-5],[2,5],[-1,-3],[-1,2],[-3,-4],[-2,-4,5],[-1,4,5],[1,-4],[2,3],[-2,-3,4],[-1,-2,5],[1,-3,-4],[-1,3],[-1,4,-5],[-1,-4,-5],[1,3,4]]",5.0,22.0,4.4,57.0,2.590909090909091,0.4916660830178166,2.0,3.0,0.4090909090909091,0.5909090909090909,0.4912280701754385,1.3564659966250536,1.939071942966532,1.0,4.8,1.661324772583615,7.0,11.4,1.624807680927192,9.0,13.0,-0.0018803418803418,0.2371873564568109,-0.3846153846153846,0.2307692307692307,4.0,0.0,4.0,4.0,1.3116883116883118,1
sat-01848,c4b22a014c141dd275ac1e594facf6345e9febf2dc0a80594f32aee8d5cf5708,mixed,4,"[[1,-3,4],[2,-3,4],[1,2,-4],[1,-2,-3],[-1,2,-3],[-1,2,-4],[-1,-3,-4],[-1,-3,4],[-1,4]]",4.0,9.0,2.25,26.0,2.888888888888889,0.3142696805273545,2.0,3.0,0.1111111111111111,0.8888888888888888,0.4230769230769231,1.6393596310755,1.920286436967152,1.0,4.166666666666667,1.0671873729054748,6.0,6.5,1.118033988749895,5.0,8.0,-0.1267857142857142,0.5870710548727366,-1.0,0.6,3.0,0.0,3.0,3.0,2.055555555555556,1
sat-00887,9a179e2073e5be26347ac6fefccee64957685233e81c21a7c363a6d6f672489d,mixed,4,"[[-1,-2,3],[1,-3],[-1,-3],[-1,3,4],[-1,2,3],[3,-4],[2,3],[-2,3,4],[2,-3],[1,3],[1,2,-3],[-1,2,-3],[1,-2,-4],[1,-2,-3],[2,-3,4],[1,-3,-4],[-2,-4],[-3,-4],[-2,-3],[-1,2,4],[-2,-3,-4],[-1,-2,4],[-1,-3,4]]",4.0,23.0,5.75,60.0,2.608695652173913,0.4880422678400792,2.0,3.0,0.391304347826087,0.6086956521739131,0.4333333333333333,0.5,2.179449471770337,1.0,8.5,1.8929694486000912,11.0,15.0,2.549509756796392,12.0,19.0,-0.1181704260651629,0.0977850792380781,-0.2631578947368421,0.0,3.0,0.0,3.0,3.0,1.7114624505928853,0
sat-02176,2ce580c458ee3129396d68f21fa617e2c5ab546c4f6e87ed1ae1aa0d39330e5c,2sat,5,"[[-2,3],[-3,-5],[-3,-4],[2,-5],[2,-4],[2,4],[-1,3],[2,5],[-1,5],[1,5],[-2,-4],[-1,-5],[-1,2],[-2,-5],[1,4],[-4,-5],[-3,5],[1,-3],[3,4],[1,-2],[1,-4],[-1,-2],[3,5],[-1,-3],[4,5]]",5.0,25.0,5.0,50.0,2.0,0.0,2.0,2.0,1.0,0.0,0.48,0.7483314773547882,0.3999999999999999,1.0,2.5,0.6708203932499369,3.0,10.0,0.8944271909999159,9.0,11.0,-0.0444444444444444,0.0791754260293552,-0.1111111111111111,0.0909090909090909,4.0,0.0,4.0,4.0,0.7566666666666667,0
sat-01033,664870fde4eb7f870c489421467b94abde36038933f20a5a54bb1011277bf9b2,2sat,5,"[[2,4],[1,-4],[1,4],[-4,-5],[1,-5],[-2,5],[-1,-3],[-1,3],[-2,3],[3,-5],[1,-3],[-3,5],[4,-5],[-1,4]]",5.0,14.0,2.8,28.0,2.0,0.0,2.0,2.0,1.0,0.0,0.5,1.16619037896906,0.7483314773547882,0.8,1.4,1.0198039027185568,3.0,5.6,1.3564659966250536,3.0,7.0,-0.038095238095238,0.2632433325921,-0.3333333333333333,0.3333333333333333,3.2,0.3999999999999999,3.0,4.0,0.7582417582417582,0
sat-02189,1bc3a0aca0e5b848b21539f8aeabf33bd92a6e8cc51ced788df88bf27ca541bb,2sat,5,"[[-1,-4],[1,4],[-3,4],[-2,5],[-1,3],[3,-4],[-2,4],[-2,-4],[3,4],[-1,4],[-2,-5],[3,5],[4,5],[-1,2],[1,-2],[1,-3],[2,5],[3,-5],[-1,-5],[1,5],[1,2],[2,-5],[4,-5],[-3,-5],[2,-3]]",5.0,25.0,5.0,50.0,2.0,0.0,2.0,2.0,1.0,0.0,0.54,0.7999999999999999,1.019803902718557,1.0,2.5,0.806225774829855,4.0,10.0,0.6324555320336759,9.0,11.0,0.084040404040404,0.1704677061885278,-0.0909090909090909,0.4,4.0,0.0,4.0,4.0,0.7533333333333333,0
sat-00102,b49321ae3c9b34e76d22c27f5847d0678ea21511ab3a37c0db25b721b013b999,3sat,5,"[[3,-4,-5],[-1,2,4],[1,-3,-4],[1,-3,4],[-1,-4,5],[-1,-3,5],[2,-3,4],[1,-2,-4],[-1,2,-4],[-2,4,5],[-1,-3,-4],[-2,3,5],[2,3,4],[1,-2,-5],[-1,2,5],[-2,-4,5],[-1,3,-4],[-1,4,-5],[-1,-2,-4],[1,-4,-5],[-1,-2,5],[-1,3,-5],[1,3,-5],[1,-2,3],[-1,-2,-3],[1,4,5],[2,-3,-4],[-1,-4,-5],[1,-2,-3],[-2,3,4],[-2,4,-5],[-2,-3,-4],[-2,-3,5],[1,2,-4],[-1,3,5]]",5.0,35.0,7.0,105.0,3.0,0.0,3.0,3.0,0.0,1.0,0.4285714285714285,1.095445115010332,2.5298221281347035,1.0,10.5,2.0615528128088303,14.0,21.0,2.280350850198276,18.0,24.0,-0.1317823544368166,0.1512816482625853,-0.3333333333333333,0.1111111111111111,4.0,0.0,4.0,4.0,1.7865546218487396,0
sat-00013,ae4d17ef2811645d1627090ec9c45619ea6aa7145339d198737befdd3693d17c,mixed,4,"[[2,3,4],[-1,3],[2,4],[2,3]]",4.0,4.0,1.0,9.0,2.25,0.4330127018922193,2.0,3.0,0.75,0.25,0.8888888888888888,1.224744871391589,0.4330127018922193,0.6666666666666666,1.0,0.816496580927726,2.0,2.25,0.82915619758885,1.0,3.0,0.5,0.8660254037844386,-1.0,1.0,2.0,0.7071067811865476,1.0,3.0,1.1666666666666667,1
sat-01400,471255fff1084348f0cb757f101931897a5d7717f26def874c83ffe83ae42cd3,3sat,5,"[[-1,2,5],[1,4,5],[-2,3,5],[1,-2,4],[3,-4,-5],[-2,3,-4],[2,-3,4],[-1,-3,-5],[2,-4,5],[1,-3,-4],[-1,-2,4],[2,-4,-5],[-1,3,-5],[-3,4,-5],[1,3,5],[-2,4,5],[-1,3,-4],[2,3,5],[-3,-4,-5],[2,-3,5],[-2,3,4],[-2,3,-5],[-1,4,5],[-1,-2,-4],[-1,2,-3],[-1,3,4],[-1,2,4],[-1,3,5],[-2,-3,4],[-1,-2,-3]]",5.0,30.0,6.0,90.0,3.0,0.0,3.0,3.0,0.0,1.0,0.4888888888888889,2.638181191654584,1.7204650534085253,1.0,9.0,1.4142135623730951,11.0,18.0,1.4142135623730951,16.0,20.0,-0.0353491572067423,0.2538387207936406,-0.5,0.1764705882352941,4.0,0.0,4.0,4.0,1.7701149425287357,1
sat-01232,dcb7c07302592125f51571172204dd7ebe6d090da6345e9055dd49fa7507097c,2sat,5,"[[-2,-5],[-4,5],[1,2],[-3,-5],[-1,-3],[1,-3],[-1,4],[-1,3],[-2,-4],[1,-4],[-4,-5],[3,-4],[-1,2],[-1,5],[-3,5],[1,4],[-3,-4],[4,-5],[2,4],[2,3],[3,4],[1,-5],[1,-2],[3,-5],[-2,4],[-2,3],[1,5],[-2,5],[-1,-5]]",5.0,29.0,5.8,58.0,2.0,0.0,2.0,2.0,1.0,0.0,0.4827586206896552,1.0198039027185568,0.6324555320336759,1.0,2.9,0.5385164807134505,4.0,11.6,1.0198039027185568,10.0,13.0,-0.0397668997668997,0.1216982898529436,-0.2,0.0909090909090909,4.0,0.0,4.0,4.0,0.7635467980295566,0
sat-00103,dc8ab39b176c687d2b468c643421bd3ee46f839993b33a623fc35d692e53ac55,mixed,5,"[[-1,-2],[1,3],[1,2,-5],[-1,2,3],[-2,4],[1,2,3],[-2,-3,4],[-2,-3,-4],[-1,3,-4],[2,-4,-5],[-1,2,4],[-1,2,5],[-1,-2,-4],[3,-4],[-2,-4,5],[-1,4,5]]",5.0,16.0,3.2,44.0,2.75,0.4330127018922193,2.0,3.0,0.25,0.75,0.4772727272727273,1.16619037896906,2.154065922853801,0.9,4.0,1.8973665961010275,7.0,8.8,2.481934729198171,5.0,12.0,0.0057142857142857,0.2910361503599278,-0.4,0.4285714285714285,3.6,0.4898979485566356,3.0,4.0,1.5583333333333331,1
sat-01856,533df7da5b30beb0090ead96e3a2562e207a2da039016992746c431a109945ce,3sat,4,"[[2,3,4],[-1,-2,3],[1,-2,-4],[-1,2,3],[1,-3,-4],[-1,2,-3],[-1,-2,4],[-1,3,-4],[-1,-3,-4]]",4.0,9.0,2.25,27.0,3.0,0.0,3.0,3.0,0.0,1.0,0.4074074074074074,0.82915619758885,1.224744871391589,1.0,4.5,0.957427107756338,6.0,6.75,0.82915619758885,6.0,8.0,-0.1726190476190476,0.256090771003559,-0.5,0.1428571428571428,3.0,0.0,3.0,3.0,2.1944444444444446,1
sat-02381,c0db0e168553a53c046f500914d3b7a7ea0fdf4aaa2c09689a957705b7b44c33,2sat,5,"[[-3,5],[3,-4],[-3,-4],[-1,-3],[2,-5],[-1,3],[4,5],[1,4],[-1,-2],[1,3],[-2,-5]]",5.0,11.0,2.2,22.0,2.0,0.0,2.0,2.0,1.0,0.0,0.4545454545454545,0.6324555320336759,0.4898979485566356,0.7,1.1,0.9433981132056604,3.0,4.4,1.0198039027185568,3.0,6.0,-0.1066666666666666,0.1372750685464933,-0.3333333333333333,0.0,2.8,0.3999999999999999,2.0,3.0,0.7272727272727273,0
sat-01003,71c5173ba98f74e7c9debce5f8cbce8ead4bdd786d45a0c0d1250fc96b91ea30,3sat,4,"[[1,-3,-4],[-1,2,3],[1,-2,4],[1,2,3],[1,3,4],[1,3,-4],[-2,3,4],[-1,-2,-4],[-1,2,-4],[2,3,-4],[-1,3,4],[2,-3,-4],[1,-2,-3],[2,3,4],[-2,-3,-4],[-1,-2,-3],[-1,3,-4],[1,-2,-4],[-1,-3,4],[1,2,-4],[-2,-3,4],[-2,3,-4]]",4.0,22.0,5.5,66.0,3.0,0.0,3.0,3.0,0.0,1.0,0.4848484848484848,1.224744871391589,1.6583123951777,1.0,11.0,1.2909944487358056,13.0,16.5,1.118033988749895,15.0,18.0,-0.0260212418300653,0.1564333795105946,-0.2222222222222222,0.1764705882352941,3.0,0.0,3.0,3.0,2.225108225108225,1
sat-01751,9c6bc60ad0166768a9e19bdaea159b792fc7a4f65917de83750114f1b8349c0b,3sat,5,"[[2,-3,5],[-1,3,-4],[-2,-3,-5],[2,4,-5],[-2,3,-5],[1,-4,-5],[2,-3,-4],[2,3,-4],[1,-4,5],[-1,-2,-4],[-2,3,-4],[-1,-3,5],[1,-2,5],[1,3,-5]]",5.0,14.0,2.8,42.0,3.0,0.0,3.0,3.0,0.0,1.0,0.4285714285714285,1.3564659966250536,1.32664991614216,1.0,4.2,1.1661903789690602,6.0,8.4,0.7999999999999999,7.0,9.0,-0.1436507936507936,0.3214863753628849,-0.75,0.1428571428571428,4.0,0.0,4.0,4.0,1.7252747252747254,1
sat-00011,1dafcdc54a790bf0d31a0da55ce1c0f85c8f8ca9cb2edb62ff30e3cd2dc899ef,3sat,4,"[[2,-3,-4],[2,3,4],[1,-2,3],[1,-2,-4],[-2,3,-4],[-1,2,-4],[-1,2,3],[1,3,4],[-1,-2,4],[-1,-3,-4],[-2,-3,4],[1,2,4],[-1,-3,4],[2,3,-4],[-1,2,4],[2,-3,4],[1,-2,4],[-1,-2,3],[-1,3,4],[-1,2,-3],[1,3,-4]]",4.0,21.0,5.25,63.0,3.0,0.0,3.0,3.0,0.0,1.0,0.5396825396825397,1.5,1.0897247358851685,1.0,10.5,0.957427107756338,12.0,15.75,0.82915619758885,15.0,17.0,0.0753676470588235,0.1612806092028558,-0.2,0.2,3.0,0.0,3.0,3.0,2.219047619047619,0
sat-02133,7247fbc98c758e2abf154842bb4e9ad285cfae5e586504d9535439aa7414cbcb,2sat,4,"[[-3,-4],[1,-2],[3,-4],[-2,-4],[1,-3],[1,3],[-2,3],[-1,-3],[2,-4],[-1,-4],[2,4],[-1,-2],[2,3],[-2,4],[-1,4],[1,4],[-1,3],[1,2],[1,-4]]",4.0,19.0,4.75,38.0,2.0,0.0,2.0,2.0,1.0,0.0,0.5,0.82915619758885,1.0897247358851685,1.0,3.1666666666666665,0.8975274678557507,4.0,9.5,1.118033988749895,8.0,11.0,0.0074494949494949,0.1752770392280837,-0.2,0.25,3.0,0.0,3.0,3.0,0.95906432748538,0
sat-00434,291f74124c53127af5f7ed76cbceb583176ca2673049d684c75136035a7a1843,3sat,5,"[[-3,4,-5],[1,-2,3],[2,-3,-4],[-1,-4,5],[1,2,3],[-3,-4,-5],[-1,-2,4],[2,-4,5],[2,-3,-5],[-2,3,5],[1,3,4],[-1,4,5],[-1,3,-4],[3,-4,-5],[1,4,-5]]",5.0,15.0,3.0,45.0,3.0,0.0,3.0,3.0,0.0,1.0,0.5111111111111111,0.7999999999999999,1.0198039027185568,1.0,4.5,1.4317821063276353,7.0,9.0,1.4142135623730951,7.0,11.0,0.0281673881673881,0.1241380653197943,-0.1111111111111111,0.2,4.0,0.0,4.0,4.0,1.761904761904762,1
sat-02435,a46319f91e26977c89d99aa5d93068b626a709211c121d9b164a123ce08b13cb,2sat,5,"[[-2,3],[-1,-4],[-2,-5],[2,3],[4,5]]",5.0,5.0,1.0,10.0,2.0,0.0,2.0,2.0,1.0,0.0,0.5,0.6324555320336759,0.6324555320336759,0.4,0.5,0.6708203932499369,2.0,2.0,0.6324555320336759,1.0,3.0,-0.0666666666666666,0.6463573143221771,-1.0,1.0,1.6,0.4898979485566356,1.0,2.0,0.6,1
sat-00785,54e802b9be7cc4470c90c6d3efcba90fd3d731e656e54825bcd231a426e692ba,2sat,5,"[[-1,-2],[2,5],[-2,5],[-2,3],[-1,5],[3,4],[3,-4],[-2,4],[-2,-4],[-1,2],[-3,5],[2,-5],[-1,3],[-4,-5],[-4,5],[1,5],[-1,-3],[1,2],[-1,4],[-1,-4],[1,3],[2,4],[-3,-4],[1,4]]",5.0,24.0,4.8,48.0,2.0,0.0,2.0,2.0,1.0,0.0,0.5208333333333334,0.6324555320336759,1.8547236990991407,1.0,2.4,0.8,3.0,9.6,1.3564659966250536,8.0,11.0,0.0772727272727272,0.2702921590421546,-0.2727272727272727,0.5,4.0,0.0,4.0,4.0,0.7644927536231884,0
sat-00635,55a09316b048f39a3623c50562973f493c2cdb12b2cb9548fcdcb647bb553934,3sat,4,"[[1,-2,-3],[-1,-2,3],[-1,2,-4],[-1,-2,-3],[2,3,4],[2,3,-4],[-1,3,4],[1,2,4],[-2,-3,4]]",4.0,9.0,2.25,27.0,3.0,0.0,3.0,3.0,0.0,1.0,0.5185185185185185,0.8660254037844386,0.82915619758885,1.0,4.5,0.957427107756338,6.0,6.75,0.82915619758885,6.0,8.0,0.0357142857142857,0.2436843986959371,-0.3333333333333333,0.3333333333333333,3.0,0.0,3.0,3.0,2.1944444444444446,1
sat-01253,73bf9ea056125aca77112f16ecb579a8f9e20b97ca8344005b3c238efc118a7c,3sat,4,"[[2,-3,4],[1,-2,-4],[-1,-2,-3],[-1,2,-3],[-2,-3,4],[-2,-3,-4],[-1,-2,4],[1,2,4],[-1,2,-4],[1,-3,4],[2,-3,-4],[1,2,-4],[2,3,-4],[1,3,4],[1,-3,-4],[-1,-2,-4],[1,-2,3]]",4.0,17.0,4.25,51.0,3.0,0.0,3.0,3.0,0.0,1.0,0.4509803921568627,1.6393596310755,1.224744871391589,1.0,8.5,1.5,11.0,12.75,1.299038105676658,11.0,14.0,-0.1076839826839826,0.2282619935426617,-0.4545454545454545,0.1666666666666666,3.0,0.0,3.0,3.0,2.2279411764705883,1
sat-02073,8737485dfcc9c0933a2cc4d17cc11d9cfaf4ab34cfb87c4e0c1e6b203bcc8271,2sat,5,"[[-3,-4],[-3,5],[2,3],[-1,2],[-2,-4],[4,-5],[-4,-5],[-1,3],[-2,4],[-1,5],[1,-5],[1,2],[1,3],[-4,5],[2,-5]]",5.0,15.0,3.0,30.0,2.0,0.0,2.0,2.0,1.0,0.0,0.5,0.6324555320336759,0.8944271909999159,0.9,1.5,0.806225774829855,3.0,6.0,0.6324555320336759,5.0,7.0,0.0114285714285714,0.2374772933410849,-0.3333333333333333,0.3333333333333333,3.6,0.4898979485566356,3.0,4.0,0.7238095238095238,0
sat-00741,5a81f43c2b0efe9a4c85979e9a9d4a5ba0f6f728f6d4d858b86d08484be23c18,mixed,4,"[[-2,-3,4],[-2,3],[-2,3,-4],[-1,-3,-4],[1,2,3],[1,-2],[-1,2],[2,-4],[3,4],[1,-4],[-1,2,3],[2,-3,-4],[1,-2,-4],[2,3,4],[-1,-2],[2,-3,4],[1,-2,4],[-1,2,-4],[1,2,4],[-1,-2,-3],[1,3,4],[-1,-4]]",4.0,22.0,5.5,58.0,2.636363636363636,0.4810456929208347,2.0,3.0,0.3636363636363636,0.6363636363636364,0.5172413793103449,0.8660254037844386,1.224744871391589,1.0,8.333333333333334,1.6996731711975948,10.0,14.5,1.8027756377319943,12.0,17.0,0.0397058823529411,0.0856974349980449,-0.0666666666666666,0.1666666666666666,3.0,0.0,3.0,3.0,1.722943722943723,0
sat-02371,38753b77d8ec4d286f5175eff093fc427e8ceb1d9b419dcf310dd0a6bcee4399,3sat,4,"[[-1,-2,4],[2,3,-4],[1,2,-4],[-1,2,3],[-1,-3,-4],[-2,-3,-4],[-1,3,4],[-1,2,-3],[1,2,3],[2,-3,-4],[-1,-2,-4],[-1,-2,3],[1,2,-3],[1,3,4],[1,-3,4],[1,2,4],[1,3,-4],[-1,3,-4],[-1,2,4],[1,-2,-4],[-1,2,-4],[1,-2,4]]",4.0,22.0,5.5,66.0,3.0,0.0,3.0,3.0,0.0,1.0,0.5151515151515151,1.118033988749895,2.0,1.0,11.0,2.0816659994661326,14.0,16.5,1.8027756377319943,14.0,19.0,0.04093874391862,0.1659187993156385,-0.1764705882352941,0.25,3.0,0.0,3.0,3.0,2.242424242424242,0
sat-00321,898d0eb966b6aff2f8112fe526a8dd71b88772bdfa2c19bd8b57e6c2ee5bb2ea,2sat,5,"[[-1,-3],[-2,4],[3,-5],[-3,-4],[2,5],[-4,-5],[-4,5],[3,4],[2,-3],[1,2],[1,-4],[-3,4],[1,-2],[4,-5],[1,4],[3,-4],[-1,-5],[1,-3],[-2,-3],[-1,2],[-2,-4],[-2,3],[4,5],[2,4],[2,-4],[2,3],[-3,5],[2,-5],[3,5],[1,3],[-2,5],[-2,-5]]",5.0,32.0,6.4,64.0,2.0,0.0,2.0,2.0,1.0,0.0,0.53125,0.7483314773547882,1.5491933384829668,1.0,3.2,0.9797958971132712,4.0,12.8,2.1354156504062622,9.0,15.0,0.0799999999999999,0.1292714628644354,0.0,0.3333333333333333,4.0,0.0,4.0,4.0,0.7842741935483871,0
sat-01184,fe58a8a506d85902f36964fc8a66b62b0f26c0a8d85b669f1bafd9cc33888cf2,2sat,4,"[[1,3],[1,2],[1,-3],[2,3],[1,-4],[-3,-4],[2,-4],[2,-3],[-1,-2],[-2,4],[-2,-3]]",4.0,11.0,2.75,22.0,2.0,0.0,2.0,2.0,1.0,0.0,0.5,1.299038105676658,1.0897247358851685,1.0,1.8333333333333333,0.6871842709362768,3.0,5.5,1.118033988749895,4.0,7.0,-0.0226190476190476,0.4299630185014887,-0.5,0.6,3.0,0.0,3.0,3.0,0.9454545454545454,0
sat-00631,8b309d03dd1234ee79698ef716d2ddb88778d8b4a885e7121266ad43c471cc28,2sat,5,"[[1,-3],[-2,-4],[-4,5],[-4,-5],[-1,-3],[2,-3],[2,5],[1,-2],[-3,5],[-1,4],[2,-4],[1,4],[-1,3],[2,3],[-2,-3],[-3,-4],[4,-5],[2,-5],[1,-4],[-1,2],[1,3],[3,5],[1,5],[-1,5],[-3,4],[3,-5],[1,-5],[-2,5],[-1,-5],[-2,3],[-2,4],[3,-4],[4,5]]",5.0,33.0,6.6,66.0,2.0,0.0,2.0,2.0,1.0,0.0,0.5151515151515151,0.7483314773547882,0.4898979485566356,1.0,3.3,0.6403124237432849,4.0,13.2,0.7483314773547882,12.0,14.0,0.0285714285714285,0.0750477849624785,-0.0769230769230769,0.1428571428571428,4.0,0.0,4.0,4.0,0.7651515151515151,0
sat-01380,f482c389b765258c58a736a34e6b85cebdbdc4aa96fc2a6a2db75a32d8010f54,mixed,4,"[[2,-4],[1,-4],[2,3],[-1,3],[-2,3],[-3,-4],[-1,-4],[3,-4],[2,-3],[-1,-2,3],[2,4],[2,-3,-4],[1,2],[1,-3,4],[1,-2,-4],[-1,-2],[-1,2,-3],[-1,2]]",4.0,18.0,4.5,41.0,2.2777777777777777,0.4479032082388083,2.0,3.0,0.7222222222222222,0.2777777777777778,0.4634146341463415,2.165063509461097,1.118033988749895,1.0,4.666666666666667,0.9428090415820634,6.0,10.25,1.0897247358851685,9.0,12.0,-0.1055555555555555,0.3221743259421773,-0.5555555555555556,0.3333333333333333,3.0,0.0,3.0,3.0,1.2549019607843137,0
sat-00345,ec5e90f8351a6449c7d5049f869757b068b5bde8509b76b5ab81f5f77ec29431,mixed,5,"[[2,3,5],[-1,-2,5],[1,-3,-4],[-1,2,-4],[-2,4,-5],[-1,4],[2,4],[-2,-5],[1,-4,5],[-3,5]]",5.0,10.0,2.0,26.0,2.6,0.4898979485566356,2.0,3.0,0.4,0.6,0.5,1.019803902718557,0.4898979485566356,1.0,2.2,1.077032961426901,4.0,5.2,1.16619037896906,3.0,6.0,-0.04,0.2254871270038368,-0.3333333333333333,0.3333333333333333,4.0,0.0,4.0,4.0,1.288888888888889,1
sat-01045,df9e37179a35cd3eacf7f5ebdc2ce786f71e0e708065336cd14f5dc7d39e140f,2sat,4,"[[2,4],[-1,4],[-2,4],[1,-4],[-1,-4],[-2,3],[2,-3],[-3,4],[-1,-3],[-2,-4],[-3,-4],[1,2],[-1,-2],[-1,3],[-1,2],[1,-2],[-2,-3],[2,-4],[1,4]]",4.0,19.0,4.75,38.0,2.0,0.0,2.0,2.0,1.0,0.0,0.4210526315789473,1.224744871391589,0.5,1.0,3.1666666666666665,0.8975274678557507,4.0,9.5,1.5,7.0,11.0,-0.1798701298701298,0.1600975309925819,-0.4285714285714285,0.0,3.0,0.0,3.0,3.0,0.9707602339181286,0
sat-01270,baf66054c1193e1757b056fe7771c9f48760ff7714aad744d0b4e0804b724c47,mixed,4,"[[-2,-3],[-1,3,-4],[1,-3],[2,4],[1,-2,-3],[-2,4],[2,-4],[2,3]]",4.0,8.0,2.0,18.0,2.25,0.4330127018922193,2.0,3.0,0.75,0.25,0.5,0.4330127018922193,0.82915619758885,1.0,2.0,1.0,3.0,4.5,1.118033988749895,3.0,6.0,0.0333333333333333,0.1914854215512676,-0.2,0.3333333333333333,3.0,0.0,3.0,3.0,1.2142857142857142,1
sat-02852,f46fb90a41ae45a10e1ec5a488087734720c888d33700a149f8402102fd7719f,mixed,5,"[[-1,-2,5],[-3,-5],[-1,2,5],[-1,-4,-5],[1,-2,3],[1,-2,-3],[-1,-4,5],[2,3,-4],[-1,4,5],[1,2,3],[1,-4],[-3,4,-5],[1,-5],[-3,-4],[1,-3,5],[-2,4,5],[2,5],[-1,-3,5],[-1,-2,-5],[-1,-4],[-4,-5],[-1,3],[2,-3],[1,2,-4],[-2,3,5],[-2,4,-5],[-2,4],[2,-4,5],[3,5],[4,-5],[-1,-3,-5]]",5.0,31.0,6.2,81.0,2.6129032258064515,0.4870860925981129,2.0,3.0,0.3870967741935484,0.6129032258064516,0.4567901234567901,1.8547236990991407,0.7483314773547882,1.0,6.9,1.8138357147217052,10.0,16.2,2.1354156504062622,14.0,20.0,-0.0971988795518207,0.1084032889641403,-0.2,0.1,4.0,0.0,4.0,4.0,1.3483870967741935,0
sat-00874,5944aa058f90a36eab7e0047bda4477bdafe6bfce7ed4d0f19417555c77ba238,mixed,4,"[[1,-4],[-1,2,4],[1,-2,-3],[2,-4],[-3,-4],[-1,4],[2,-3],[-2,-4],[1,2,3],[-2,4],[2,-3,-4],[1,-2,-4],[-1,2],[-1,-2,-4],[1,3,4],[-1,3,-4],[2,4],[1,-2,3],[-2,3,-4],[-1,-2,-3],[-2,-3,-4],[1,4],[1,2,-3],[1,3,-4],[-1,3,4],[2,-3,4],[1,-2,4]]",4.0,27.0,6.75,71.0,2.6296296296296298,0.4829038818668629,2.0,3.0,0.3703703703703703,0.6296296296296297,0.4929577464788732,1.0897247358851685,1.5811388300841898,1.0,10.166666666666666,1.0671873729054748,12.0,17.75,1.920286436967152,15.0,20.0,-0.0107069143446852,0.1094278803595209,-0.1,0.1764705882352941,3.0,0.0,3.0,3.0,1.7150997150997151,0
sat-00633,0305cb701888c3358c6a80719098841fb44a02c3a819f3191e23d351c80e5248,2sat,4,"[[1,-4],[-2,4],[1,3],[-2,-4],[2,3],[-3,-4],[1,-3],[2,4],[3,4],[1,4]]",4.0,10.0,2.5,20.0,2.0,0.0,2.0,2.0,1.0,0.0,0.65,0.82915619758885,1.0897247358851685,0.8333333333333334,1.6666666666666667,0.9428090415820634,3.0,5.0,1.224744871391589,4.0,7.0,0.3357142857142857,0.3903818120554203,0.0,1.0,2.5,0.5,2.0,3.0,0.9555555555555556,0
sat-00915,c96b57745ea365e7cd2e657dce8bc225fb4e81d0cccabcf50734d414319cbd6e,2sat,4,"[[-3,-4],[-2,3],[1,-2],[-1,-4],[1,-3]]",4.0,5.0,1.25,10.0,2.0,0.0,2.0,2.0,1.0,0.0,0.3,0.82915619758885,0.4330127018922193,0.8333333333333334,0.8333333333333334,0.3726779962499649,1.0,2.5,0.5,2.0,3.0,-0.5,0.5527707983925666,-1.0,0.3333333333333333,2.5,0.5,2.0,3.0,0.8,1
sat-02046,0d484dbcf24ac2668299564dbf682d6f2549034a267424e80b900a2a4041962e,3sat,5,"[[1,2,5],[-1,-4,-5],[3,4,5],[-1,4,5],[-2,3,4],[1,2,-3],[-1,2,5],[-1,3,4],[-2,4,-5],[-1,-2,-3],[-3,-4,-5],[1,-2,5],[-3,-4,5],[1,-3,-4],[-2,-3,4],[1,-3,5],[-1,2,-3],[-2,-4,5],[2,-4,5],[-1,3,-4],[-1,3,5],[1,-2,-5],[-1,-2,3],[-2,4,5],[-1,2,-4],[1,3,5],[-1,4,-5],[-1,-3,5],[1,-2,3],[2,-3,5],[1,3,-4],[1,-4,-5]]",5.0,32.0,6.4,96.0,3.0,0.0,3.0,3.0,0.0,1.0,0.5,2.4166091947189146,1.9595917942265424,1.0,9.6,1.8,13.0,19.2,1.7204650534085253,17.0,22.0,-0.0062244738405729,0.2070402729248138,-0.1764705882352941,0.4,4.0,0.0,4.0,4.0,1.7762096774193548,1
sat-00394,e720037f9487d5e9e3c0baf47443f66b6baf69e510512de3448ec8da9fb15404,mixed,5,"[[3,-4],[-2,4,-5],[1,-2],[-2,3,-4],[1,2,5],[1,3]]",5.0,6.0,1.2,15.0,2.5,0.5,2.0,3.0,0.5,0.5,0.6,0.9797958971132712,1.16619037896906,0.8,1.2,0.7483314773547883,2.0,3.0,0.6324555320336759,2.0,4.0,0.2333333333333333,0.6463573143221772,-0.5,1.0,3.2,0.3999999999999999,3.0,4.0,1.0666666666666669,1
sat-01154,8b0d060d1bdd914104471086c65e39be738fa5b5b02df252c98ba0008bb133a6,mixed,5,"[[-2,3,4],[-3,5],[-2,4],[-1,-2,-3],[1,2],[2,3,4],[-3,4,5],[-1,2],[3,4,5],[1,-3,4],[-2,4,5],[-2,-4,-5],[-1,-3,4],[-1,2,4],[1,-4,5],[1,4],[-1,4,5],[-2,-5]]",5.0,18.0,3.6,48.0,2.6666666666666665,0.4714045207910317,2.0,3.0,0.3333333333333333,0.6666666666666666,0.5833333333333334,2.870540018881465,1.6733200530681511,1.0,4.2,1.5362291495737217,6.0,9.6,1.8547236990991407,8.0,13.0,0.1262393162393162,0.3910124793450709,-0.25,0.6923076923076923,4.0,0.0,4.0,4.0,1.4052287581699343,1
sat-01525,8676a98a7107d31a8b5dbfa221a1b83368e23862b2e427dc7369cd5e03b729b3,mixed,4,"[[-1,-2,-3],[-1,-4],[1,-2,3],[2,4],[-2,3,-4],[1,-3,4],[1,-4],[-1,2,-4],[1,2,-3],[1,3]]",4.0,10.0,2.5,26.0,2.6,0.4898979485566356,2.0,3.0,0.4,0.6,0.5,1.0897247358851685,0.4330127018922193,1.0,3.6666666666666665,0.9428090415820634,5.0,6.5,0.8660254037844386,6.0,8.0,-0.0208333333333333,0.2072890493972125,-0.3333333333333333,0.25,3.0,0.0,3.0,3.0,1.6222222222222222,1
sat-01333,c1804baaab05a5efe523ab8fa34abea3f01fa9e7c51c751669faf8214b7b52b5,2sat,4,"[[-2,-4],[-1,2],[1,3],[-2,4],[1,4],[-3,-4],[2,3],[1,-2],[2,-3],[-2,-3],[2,-4],[-1,4],[1,2],[-1,3],[3,-4],[-2,3],[1,-3],[-1,-4],[-3,4]]",4.0,19.0,4.75,38.0,2.0,0.0,2.0,2.0,1.0,0.0,0.5,0.4330127018922193,0.4330127018922193,1.0,3.1666666666666665,0.3726779962499649,4.0,9.5,0.5,9.0,10.0,0.0,0.0785674201318386,-0.1111111111111111,0.1111111111111111,3.0,0.0,3.0,3.0,0.9473684210526316,0
sat-01978,28344b55812f44fbaee726627615076ddcfa7747da818d08d59227755ee349a1,3sat,5,"[[1,2,5],[2,-3,-5],[1,2,3],[-3,4,-5],[1,2,-3],[-1,-3,-5],[3,4,-5],[-1,-2,3],[2,3,-4],[-2,-3,4],[-1,4,5],[2,-3,4],[-2,-4,-5],[3,4,5],[-2,3,4],[2,-4,-5],[-1,-4,5],[-1,3,4],[-2,3,5],[-3,-4,-5],[-2,-3,5],[1,-4,5],[-3,4,5],[-2,-3,-5],[1,4,-5]]",5.0,25.0,5.0,75.0,3.0,0.0,3.0,3.0,0.0,1.0,0.5066666666666667,1.624807680927192,1.8547236990991407,1.0,7.5,2.5787593916455256,11.0,15.0,2.8284271247461903,10.0,18.0,0.0160130718954248,0.124115908945761,-0.1111111111111111,0.25,4.0,0.0,4.0,4.0,1.8166666666666669,0
sat-01906,365650e56edaa3f4233dc9e99cccba7f44768397cc9debd6f6e3a033ee940003,3sat,4,"[[2,-3,-4],[1,3,-4],[1,2,4],[-1,3,4],[-1,-2,3],[-1,2,-4],[-1,2,4],[1,-2,3],[2,-3,4],[-1,2,-3],[2,3,-4],[-1,2,3],[-2,-3,-4],[-1,-2,-4],[1,3,4],[1,-3,4],[1,2,3],[2,3,4],[-2,3,-4],[1,-2,-3]]",4.0,20.0,5.0,60.0,3.0,0.0,3.0,3.0,0.0,1.0,0.5666666666666667,1.5,0.5,1.0,10.0,1.1547005383792517,12.0,15.0,1.0,14.0,16.0,0.125,0.125,0.0,0.25,3.0,0.0,3.0,3.0,2.221052631578947,1
sat-01589,22d024d84a158a08172794768f6840ac6a73e09d9a170d7a0e5b2cf84ba83369,3sat,5,"[[1,2,-3],[-1,2,-5],[-1,-3,-5],[3,4,5],[-2,3,-4],[-1,-4,5],[2,4,-5],[1,-4,5],[2,3,-4],[1,-2,3],[-2,-3,5],[-1,-4,-5],[-2,3,4],[-1,2,5],[-1,4,5],[-1,-2,5],[2,-3,4],[-2,-3,-5],[-3,4,5],[-1,3,5],[1,2,3],[1,-3,-4],[2,-4,5],[3,-4,-5],[1,2,-4],[1,3,-5],[-2,-4,5]]",5.0,27.0,5.4,81.0,3.0,0.0,3.0,3.0,0.0,1.0,0.5185185185185185,1.743559577416269,1.16619037896906,1.0,8.1,1.2206555615733703,10.0,16.2,0.9797958971132712,15.0,18.0,0.0311111111111111,0.1689601457865064,-0.25,0.2222222222222222,4.0,0.0,4.0,4.0,1.7606837606837606,0
sat-01616,daf04dfe36c6f373cb00633c1b532f5c8fb5bff841bfa4300720a1249dd837a3,3sat,5,"[[-1,-3,4],[-3,-4,5],[-1,-4,5],[-1,-2,3],[-1,2,3],[1,-2,-3],[-2,-3,5],[-1,-4,-5],[1,-3,5],[2,3,-4],[-2,3,-4],[3,4,5],[1,4,5],[-1,3,5],[-1,-3,-5],[-1,4,5],[-2,3,4],[-2,-3,4],[1,3,-5],[1,2,5],[2,-4,-5],[1,2,-3],[3,-4,5],[2,-3,-5],[3,4,-5],[1,-2,4],[2,3,4],[-1,-3,5],[3,-4,-5]]",5.0,29.0,5.8,87.0,3.0,0.0,3.0,3.0,0.0,1.0,0.5287356321839081,2.039607805437114,1.1661903789690602,1.0,8.7,2.570992026436488,12.0,17.4,2.65329983228432,14.0,22.0,0.0493909685086155,0.1136090204347009,-0.125,0.2222222222222222,4.0,0.0,4.0,4.0,1.8004926108374384,0
sat-02008,483b9cd1cb3cadd5ef7404ccdebe54bdb3e42ee7388b24dc9556130587c31f10,mixed,4,"[[-1,-4],[1,-3,4],[-1,-2,3],[-1,2],[-2,-3],[1,-4],[2,-3,4],[-1,3,-4]]",4.0,8.0,2.0,20.0,2.5,0.5,2.0,3.0,0.5,0.5,0.4,0.0,0.7071067811865476,1.0,2.6666666666666665,0.9428090415820634,4.0,5.0,0.7071067811865476,4.0,6.0,-0.1833333333333333,0.1190238071423808,-0.3333333333333333,0.0,3.0,0.0,3.0,3.0,1.4642857142857142,1
sat-02342,0a62af5f753d64c01ee5d986c054dd6276aa5c7e931e460ee6e2bf5e50ab004d,2sat,4,"[[2,-3],[-3,-4],[2,4],[-1,2],[-1,-3],[-3,4],[-1,-4],[1,-2],[-2,-3],[3,-4],[1,3],[-1,3],[1,2],[-2,4]]",4.0,14.0,3.5,28.0,2.0,0.0,2.0,2.0,1.0,0.0,0.4642857142857143,0.4330127018922193,0.82915619758885,1.0,2.333333333333333,0.7453559924999298,3.0,7.0,0.7071067811865476,6.0,8.0,-0.0625,0.1480636067122946,-0.25,0.1428571428571428,3.0,0.0,3.0,3.0,0.934065934065934,0
sat-02587,4b30023bf2707fa0b06f9ec3c6832c17a4e1dbf44a5c3ee08f66a8bdc88b67a6,3sat,4,"[[2,3,4],[2,-3,-4],[-1,2,-4],[-2,-3,-4],[-1,3,-4],[1,2,-4],[1,2,4],[1,-3,-4],[-1,2,3],[2,-3,4],[-2,3,-4],[-2,3,4],[1,-2,-3],[1,3,-4],[1,-3,4],[-1,2,4],[-1,-3,-4],[-1,3,4],[-1,-2,4],[1,-2,3],[-1,-2,-4],[1,-2,4]]",4.0,22.0,5.5,66.0,3.0,0.0,3.0,3.0,0.0,1.0,0.5,0.4330127018922193,1.0897247358851685,1.0,11.0,1.7320508075688772,13.0,16.5,1.5,15.0,19.0,0.0035087719298245,0.0423239932695256,-0.0526315789473684,0.0666666666666666,3.0,0.0,3.0,3.0,2.2337662337662336,0
sat-01731,9e9a7e18167ee7b14e858226df2b90d47ee5f705cc3ce38855863c24fcc6dc8c,mixed,5,"[[-1,3,5],[-2,-3,-5],[-3,-5],[1,3,4],[-3,4,-5],[2,-5],[1,2,5],[-2,4],[-2,3,5],[1,-5],[2,5],[-4,-5],[1,4,5],[1,-3,5],[-1,2,4],[-1,2,-3],[2,3,5],[-1,-4],[2,-4,-5],[1,3],[-3,5],[-1,-3,-5]]",5.0,22.0,4.4,57.0,2.590909090909091,0.4916660830178166,2.0,3.0,0.4090909090909091,0.5909090909090909,0.543859649122807,1.16619037896906,2.039607805437114,1.0,4.8,2.039607805437114,9.0,11.4,2.65329983228432,8.0,16.0,0.1148484848484848,0.1962607287399758,-0.1666666666666666,0.4,4.0,0.0,4.0,4.0,1.3593073593073592,0
sat-00235,fbde6c563cdea31a906934601c49b09b43c0ba9330b6042808ef3e8a8294534f,2sat,4,"[[2,3],[2,-4],[-1,-2],[1,2],[2,-3],[-1,3],[1,-3],[1,-4],[1,-2],[-2,4],[1,3],[-2,-3],[-1,2],[3,4],[-1,-3],[1,4],[-1,4],[-3,4]]",4.0,18.0,4.5,36.0,2.0,0.0,2.0,2.0,1.0,0.0,0.5555555555555556,0.7071067811865476,1.224744871391589,1.0,3.0,0.816496580927726,4.0,9.0,1.4142135623730951,7.0,11.0,0.1298701298701298,0.1931089638600615,-0.1111111111111111,0.4285714285714285,3.0,0.0,3.0,3.0,0.9673202614379084,0
sat-02686,6abbb2cec704a75c6b3f78ad964544d1e9094d5737c74fde3407aa078d0cad12,2sat,4,"[[3,-4],[-1,3],[-1,4],[-2,-3],[-1,2],[-2,4],[-3,-4],[-1,-3],[-3,4],[1,-2],[-1,-4],[-2,3],[-2,-4],[2,-3],[-1,-2],[2,4]]",4.0,16.0,4.0,32.0,2.0,0.0,2.0,2.0,1.0,0.0,0.34375,1.0897247358851685,0.82915619758885,1.0,2.6666666666666665,0.4714045207910317,3.0,8.0,0.7071067811865476,7.0,9.0,-0.3244047619047619,0.2563500509839149,-0.7142857142857143,0.0,3.0,0.0,3.0,3.0,0.9416666666666668,0
sat-01613,de0cb8175d29a433558bb5543d294920b7e0d4bfe82b1dbc4c7b308836456e01,mixed,5,"[[4,-5],[3,5],[2,3,4],[-2,4,-5],[2,5],[1,-3,5],[-1,2,3],[1,-2],[-1,4,5],[1,-2,4],[-1,2,-3],[-1,4],[-2,-3,5],[1,4,5],[-1,-4,5],[-1,-3],[-4,5],[-1,2,4],[-1,-2],[1,2,-5],[2,4,5],[-2,4],[2,3,5],[1,-4,5],[2,-5],[-2,3,5],[-1,-2,3],[1,-2,-3],[3,-4,5],[1,-2,3],[-3,-5]]",5.0,31.0,6.2,82.0,2.6451612903225805,0.4784644185223007,2.0,3.0,0.3548387096774194,0.6451612903225806,0.5853658536585366,1.8547236990991407,2.3151673805580453,1.0,7.1,2.118962010041709,10.0,16.4,2.0591260281974,14.0,19.0,0.1808835815027765,0.2210196540035224,-0.0588235294117647,0.4444444444444444,4.0,0.0,4.0,4.0,1.3806451612903226,0
sat-01377,fabb9edbef6cad2a2400afcf9584f6f0237d2e168ae059cb89870c4f9cf15a2c,mixed,5,"[[2,-3,-5],[-1,2,4],[-1,3,4],[-1,-4,-5],[2,3,4],[3,-4,5],[1,-2],[1,-5],[1,2,-3],[-2,-5],[-1,2,-5],[3,5],[-2,3,-5],[-2,-4],[1,2,3],[1,-2,3],[-1,3],[-2,-3,-5],[-1,-5],[2,4],[-1,4],[-2,3,-4],[-1,2,-4],[2,3,-5]]",5.0,24.0,4.8,63.0,2.625,0.4841229182759271,2.0,3.0,0.375,0.625,0.492063492063492,2.9257477676655586,2.154065922853801,1.0,5.4,1.8,9.0,12.6,2.0591260281974,10.0,16.0,-0.0407342657342657,0.3887113432699362,-0.6363636363636364,0.5384615384615384,4.0,0.0,4.0,4.0,1.3623188405797102,0
sat-01801,9851ba035acf2540a8ab5ab270ca520eb4343d47e95c6f175a8d55a3f45aaa41,mixed,4,"[[2,3],[-3,-4],[-1,4],[-1,-2,-4],[-1,-2,4],[1,-2,3],[1,3,4],[1,2,-4],[-1,-3,4],[1,4],[2,-3,4],[-1,3,4]]",4.0,12.0,3.0,32.0,2.6666666666666665,0.4714045207910317,2.0,3.0,0.3333333333333333,0.6666666666666666,0.5625,1.5,0.8660254037844386,1.0,4.666666666666667,1.5986105077709063,8.0,8.0,1.5811388300841898,6.0,10.0,0.1079365079365079,0.1911496032532767,-0.1111111111111111,0.4,3.0,0.0,3.0,3.0,1.7727272727272727,0
sat-02663,7c57b23a6366f8c25b38b185ea89a6f62b85dbe06efdb56845a58fb6b40fd6d6,3sat,4,"[[-1,2,-4],[-1,3,-4],[-1,2,3],[1,2,-4],[-2,3,-4],[-1,-3,4],[2,3,-4],[2,-3,4],[1,-3,-4],[1,3,4],[1,-2,4],[-1,3,4],[-1,-3,-4],[1,2,4],[1,-2,-4],[1,-2,-3],[1,2,3],[2,-3,-4],[-1,-2,-3],[1,-3,4],[-1,-2,-4],[-1,2,-3],[-1,2,4],[-1,-2,3],[1,2,-3],[-2,3,4],[-2,-3,4],[-2,-3,-4]]",4.0,28.0,7.0,84.0,3.0,0.0,3.0,3.0,0.0,1.0,0.4761904761904761,0.7071067811865476,0.7071067811865476,1.0,14.0,0.0,14.0,21.0,0.0,21.0,21.0,-0.0476190476190476,0.0673435029701473,-0.1428571428571428,0.0476190476190476,3.0,0.0,3.0,3.0,2.2222222222222223,0
sat-01364,dfc3a814cdda4328643cafbea50d531ccee1384b0f9499fb721412f839939344,3sat,5,"[[3,4,-5],[-1,3,-4],[-2,3,4],[-1,-3,5],[1,3,-5],[2,3,-4],[-1,-4,5],[2,-3,5],[2,-4,-5],[1,-2,3],[-2,3,-4],[2,3,5],[-1,2,5],[-2,3,-5],[-2,4,-5],[3,4,5],[1,3,-4],[-1,-2,5],[-1,-3,4],[-2,3,5],[1,-4,-5],[-3,-4,5],[-2,-3,-4],[1,-3,-5],[1,-2,-4],[-1,3,5]]",5.0,26.0,5.2,78.0,3.0,0.0,3.0,3.0,0.0,1.0,0.5,3.1874754901018454,1.469693845669907,1.0,7.8,1.8867962264113207,11.0,15.6,2.154065922853801,13.0,19.0,-0.0302158110207645,0.2686901145526972,-0.3333333333333333,0.3684210526315789,4.0,0.0,4.0,4.0,1.7876923076923077,1
sat-02800,40adeaa5f3d9ff76cf27231812ef35f1b21d1f6aa1f823745c843c613807e244,3sat,4,"[[2,-3,4],[-2,3,4],[1,2,-3],[-1,-3,4],[1,2,4],[-1,3,4],[1,-3,4],[1,3,4],[1,-2,-4],[-1,-2,-4],[1,-2,4],[-1,-2,-3],[1,3,-4],[-1,2,4],[-2,-3,4],[-2,3,-4],[-1,2,-3],[-1,-3,-4],[1,-3,-4],[1,2,3],[2,3,4],[1,-2,3],[-1,-2,4],[-1,2,3]]",4.0,24.0,6.0,72.0,3.0,0.0,3.0,3.0,0.0,1.0,0.5416666666666666,1.479019945774904,1.299038105676658,1.0,12.0,0.816496580927726,13.0,18.0,0.7071067811865476,17.0,19.0,0.0817853457172342,0.1504875665376635,-0.0588235294117647,0.3333333333333333,3.0,0.0,3.0,3.0,2.221014492753623,0
sat-00940,48f39cd7246178dc9304d5717d1e5ba1af6f796c9e97b48978db4f90786c4b84,3sat,5,"[[-1,-3,4],[1,-4,5],[-2,-3,4],[-3,-4,-5],[-3,-4,5],[2,-3,5],[1,-3,4],[-2,4,-5],[2,4,5],[-3,4,-5],[-1,2,-5],[1,-2,-3],[-1,-3,-5],[-1,-2,-4]]",5.0,14.0,2.8,42.0,3.0,0.0,3.0,3.0,0.0,1.0,0.3809523809523809,1.939071942966532,1.939071942966532,1.0,4.2,1.0770329614269007,6.0,8.4,1.2,7.0,10.0,-0.2393650793650793,0.4016674742733607,-1.0,0.2,4.0,0.0,4.0,4.0,1.7472527472527473,1
sat-02575,185e87e77c3cf6e05334deb970c55ac7ecd2b7bf54e9daa82971fdeeb5e9d89d,2sat,4,"[[1,-2],[-3,4],[-1,-3],[1,4],[-1,3],[2,3],[-1,2],[2,-4],[2,-3],[-1,4],[3,4],[1,-3],[-2,4],[-1,-4],[-2,-3],[-2,3],[1,-4],[3,-4],[-2,-4],[1,3],[-3,-4],[-1,-2]]",4.0,22.0,5.5,44.0,2.0,0.0,2.0,2.0,1.0,0.0,0.4545454545454545,0.7071067811865476,0.0,1.0,3.6666666666666665,0.4714045207910317,4.0,11.0,0.7071067811865476,10.0,12.0,-0.0954545454545454,0.0708566239459995,-0.2,0.0,3.0,0.0,3.0,3.0,0.9567099567099568,0
sat-00052,2cfd07139c8073a916e2f871569841b44e7675479b9a01050a619823231ceec6,mixed,4,"[[-2,3,4],[-3,4],[2,4],[1,3],[-1,-2,4],[-1,-2],[-1,2,-4],[-2,-3],[3,4],[1,3,4],[1,2,3],[1,3,-4],[-1,2,-3],[2,-3,4],[1,-3,-4],[-2,-3,4],[1,2,-4],[-1,-3],[1,-3,4],[-2,-3,-4],[1,-2,-3],[1,4],[-1,3],[-2,3,-4],[2,3],[-1,2,4]]",4.0,26.0,6.5,68.0,2.6153846153846154,0.4865042554105199,2.0,3.0,0.3846153846153846,0.6153846153846154,0.5441176470588235,1.0897247358851685,1.479019945774904,1.0,9.666666666666666,0.9428090415820634,11.0,17.0,1.224744871391589,16.0,19.0,0.0916215170278637,0.1335311423263906,-0.0526315789473684,0.2941176470588235,3.0,0.0,3.0,3.0,1.6830769230769231,0
sat-02460,7201c4d93224ebab1af8e15a622aa8ef3ae817a53b8b5078774217afbf748e60,mixed,4,"[[-1,-2,-3],[-1,4],[1,-3,-4],[-1,2,-3],[2,-3],[-1,-2],[-1,2,-4],[-1,-3,-4],[2,3,4],[-2,3,-4],[-1,-2,-4],[1,-4],[-1,-3,4],[2,-3,4],[-2,-3,4],[1,-2,-3],[1,2,-4],[-1,-3],[1,-2,3],[1,4],[1,-2],[-1,-2,4],[-2,-3,-4],[-3,-4],[2,-3,-4]]",4.0,25.0,6.25,67.0,2.68,0.466476151587624,2.0,3.0,0.32,0.68,0.3582089552238806,1.7320508075688772,1.299038105676658,1.0,9.833333333333334,0.8975274678557508,11.0,16.75,0.4330127018922193,16.0,17.0,-0.2886029411764706,0.194218932466363,-0.625,-0.1764705882352941,3.0,0.0,3.0,3.0,1.76,0
sat-00333,9d3eb1b4796f358fd000a808c1336e28df25b9c1b9d743058a8d947e71490296,3sat,4,"[[1,2,-3],[2,3,-4],[1,-2,4],[1,-2,-4],[-2,-3,4],[-2,3,-4],[2,-3,4],[1,-3,4],[2,-3,-4],[-1,3,-4],[-1,-3,-4],[-1,-2,-4],[2,3,4],[-1,2,4],[-1,3,4],[-1,-2,3],[-1,-3,4],[-2,-3,-4],[1,-2,-3],[-1,-2,-3],[-1,2,-4],[1,2,-4],[1,3,4]]",4.0,23.0,5.75,69.0,3.0,0.0,3.0,3.0,0.0,1.0,0.4492753623188406,0.82915619758885,0.5,1.0,11.5,1.2583057392117916,13.0,17.25,1.0897247358851685,16.0,19.0,-0.1032314241486068,0.0509172159000821,-0.1764705882352941,-0.0526315789473684,3.0,0.0,3.0,3.0,2.225296442687747,0
sat-02622,d62b0405ac57f55076346a25e94932eae14cc54317f4cd4ea0724ab05fbf0bc7,2sat,5,"[[-1,-4],[1,4],[-1,4],[2,5],[-1,3],[3,-5],[1,3],[3,5],[4,-5],[-2,-3],[-4,-5],[1,-5],[-2,5],[2,4],[2,-3],[-1,-3],[1,-2]]",5.0,17.0,3.4,34.0,2.0,0.0,2.0,2.0,1.0,0.0,0.5294117647058824,0.4898979485566356,0.7483314773547882,0.9,1.7,0.9,3.0,6.8,0.7483314773547882,6.0,8.0,0.0666666666666666,0.1610622335741691,-0.1428571428571428,0.3333333333333333,3.6,0.4898979485566356,3.0,4.0,0.7352941176470589,0
sat-02869,13b9a89fc59a4a147c4848efa0f0a632c143c556e91feba4f31c01089873b623,mixed,4,"[[2,-3,-4],[1,-3,4],[-1,-3],[-1,2,-4],[-1,-2,-4],[1,-2,-4],[-2,3,4],[-2,-3,4],[1,2,-4],[-1,-2,-3],[2,-3],[2,4],[-1,2,4],[1,-2,4],[1,-2,-3],[-2,-3,-4],[-1,-3,4],[-1,2],[1,3,-4]]",4.0,19.0,4.75,53.0,2.789473684210526,0.4076824574955175,2.0,3.0,0.2105263157894736,0.7894736842105263,0.4150943396226415,2.0615528128088303,0.82915619758885,1.0,8.166666666666666,1.674979270186815,11.0,13.25,1.479019945774904,11.0,15.0,-0.194988344988345,0.2565338492131853,-0.6363636363636364,0.0,3.0,0.0,3.0,3.0,1.9239766081871343,0
sat-00024,0f344b391958bcc61b6fc7c00d19bf034b5cd07e132310836ac3311a7d993e0a,3sat,4,"[[-2,3,-4],[-1,-2,3],[-1,-3,-4],[1,3,-4],[1,2,4],[1,-2,3],[-1,2,4],[2,-3,4],[1,-2,-3],[1,-2,4]]",4.0,10.0,2.5,30.0,3.0,0.0,3.0,3.0,0.0,1.0,0.5333333333333333,0.7071067811865476,0.8660254037844386,1.0,5.0,0.5773502691896257,6.0,7.5,0.5,7.0,8.0,0.0714285714285714,0.1906621116434162,-0.25,0.25,3.0,0.0,3.0,3.0,2.1777777777777776,1
sat-02149,2b80ab69d49440bc98074fbe6e612fe3e9902bfe19fde8b9c93cdab975d744d2,2sat,4,"[[-1,-4],[1,-4],[-2,3],[-2,-4],[1,3],[1,4],[2,3],[1,2],[2,-4],[-1,-3],[3,-4],[-1,-2],[2,-3],[1,-2],[1,-3]]",4.0,15.0,3.75,30.0,2.0,0.0,2.0,2.0,1.0,0.0,0.5,1.7853571071357126,0.82915619758885,1.0,2.5,0.7637626158259734,3.0,7.5,1.118033988749895,6.0,9.0,-0.0476190476190476,0.3764616262105213,-0.6666666666666666,0.3333333333333333,3.0,0.0,3.0,3.0,0.9523809523809524,0
sat-02094,08db72b5b2f3a2ac44f13ecab1a86d0fd71f70283012e1148cfa576025462d3f,mixed,4,"[[-1,3,-4],[-1,-3,4],[-1,2],[-1,3,4],[1,-3],[-1,2,3],[-1,2,-4],[1,-2],[2,-3,4],[-2,-4],[2,-3],[3,-4],[2,3,-4],[1,3,-4],[1,-2,4],[1,-2,-4],[-1,4],[1,2,-4],[-3,-4],[1,-3,4],[2,-4],[3,4],[1,2],[-2,-3],[-1,-2,-3],[1,3,4]]",4.0,26.0,6.5,66.0,2.5384615384615383,0.4985185152621431,2.0,3.0,0.4615384615384615,0.5384615384615384,0.5151515151515151,0.5,1.4142135623730951,1.0,9.0,1.7320508075688772,11.0,16.5,1.118033988749895,15.0,18.0,0.0369281045751634,0.1121953062685173,-0.1111111111111111,0.2,3.0,0.0,3.0,3.0,1.5815384615384616,0
sat-00006,9bfc7905417833e6203fb7bda5ffe06ac5458ecb8a08271a2469cbe27d138bc4,2sat,4,"[[3,4],[-1,-3],[2,3],[1,2],[-1,-2],[1,-4],[-1,4],[2,-3],[3,-4],[1,3],[1,-2],[2,-4],[-2,3],[-3,-4],[-1,-4],[-2,4],[2,4],[-1,2],[-2,-3],[1,4],[-2,-4],[-1,3],[-3,4],[1,-3]]",4.0,24.0,6.0,48.0,2.0,0.0,2.0,2.0,1.0,0.0,0.5,0.0,0.0,1.0,4.0,0.0,4.0,12.0,0.0,12.0,12.0,0.0,0.0,0.0,0.0,3.0,0.0,3.0,3.0,0.9565217391304348,0
sat-02971,1431466964893be2df4f30a2cdd4119aeba523087b9bf711363c68a13cccd797,2sat,5,"[[1,-3],[2,4],[-3,5],[3,5],[3,-5],[2,-5],[-2,4],[2,-4],[-4,-5],[-2,-3],[-3,-4],[-2,5],[2,5],[-1,-2],[-2,-4],[-4,5],[-1,-5],[1,4],[1,-5],[-1,2],[-1,4],[-1,-3],[-3,-5],[-1,-4]]",5.0,24.0,4.8,48.0,2.0,0.0,2.0,2.0,1.0,0.0,0.3958333333333333,1.16619037896906,0.3999999999999999,1.0,2.4,1.019803902718557,4.0,9.6,1.019803902718557,8.0,11.0,-0.2248484848484848,0.1769696969696969,-0.5,0.0,4.0,0.0,4.0,4.0,0.7572463768115942,0
sat-02687,3518873deb54fd87ec14b2676e3f2c246650ceecb798c152403ddabe0e189979,mixed,4,"[[-2,3,4],[-2,-3,4],[1,2,3],[1,-2],[-3,-4],[-2,3],[-1,-2,-4],[2,-3],[2,-3,4],[1,-3,4],[-1,-4],[3,4],[1,-2,-3],[1,2],[-1,3,-4],[1,2,4],[-1,4],[2,3,-4],[-1,-3,-4],[3,-4],[-2,-4],[1,-4]]",4.0,22.0,5.5,55.0,2.5,0.5,2.0,3.0,0.5,0.5,0.4909090909090909,0.4330127018922193,1.4142135623730951,1.0,7.333333333333333,1.5986105077709063,10.0,13.75,1.479019945774904,12.0,16.0,-0.0088141025641025,0.1106900898060089,-0.125,0.1666666666666666,3.0,0.0,3.0,3.0,1.5367965367965368,0
sat-02906,21f15bf84bd07d3382996f7a70d14a2a01977d94bbcef4a7adfa2b0f49cf1fe7,mixed,4,"[[-2,-3],[-1,-2],[-1,-3,4],[-1,-2,-3],[-1,3],[1,3,4]]",4.0,6.0,1.5,15.0,2.5,0.5,2.0,3.0,0.5,0.5,0.3333333333333333,0.82915619758885,1.5,0.8333333333333334,2.0,1.1547005383792517,4.0,3.75,1.299038105676658,2.0,5.0,-0.2,0.7483314773547883,-1.0,1.0,2.5,0.5,2.0,3.0,1.6,1
sat-02091,6a819d8665f6466a9120110307e92906640d02a16cef18ce9374da4f7f60a480,2sat,5,"[[2,5],[-3,4],[-1,-2],[-2,-3],[1,5],[-3,5],[-1,-5],[-2,3],[-4,-5],[1,-4],[3,4],[2,3],[-1,4],[2,-5],[-1,-3],[-1,-4],[-4,5],[3,-5],[-2,-5],[4,5],[1,-5],[1,2],[-1,5],[-3,-5],[-2,5],[3,5],[-1,3],[2,-3],[-1,2],[2,4]]",5.0,30.0,6.0,60.0,2.0,0.0,2.0,2.0,1.0,0.0,0.5,1.4142135623730951,1.4142135623730951,1.0,3.0,1.0,4.0,12.0,1.8973665961010275,9.0,15.0,0.0022222222222222,0.1764394065891485,-0.3333333333333333,0.1666666666666666,4.0,0.0,4.0,4.0,0.7793103448275862,0
sat-02656,5f0d2946898079bc727274585f74b801994ff18b177212949961de423948ccda,3sat,4,"[[-2,-3,-4],[-2,-3,4],[2,-3,4],[-1,2,3]]",4.0,4.0,1.0,12.0,3.0,0.0,3.0,3.0,0.0,1.0,0.4166666666666667,0.82915619758885,0.82915619758885,0.8333333333333334,2.0,1.4142135623730951,4.0,3.0,1.224744871391589,1.0,4.0,-0.2916666666666667,0.5051814855409226,-1.0,0.3333333333333333,2.5,0.5,2.0,3.0,2.5,1
sat-02986,4b51bf50674faf4eadf388977d867b75aeb7ab979beac5cb6b6c6a089d318048,2sat,4,"[[-1,4],[1,2],[3,4],[-1,-4],[2,4],[1,-2],[2,3],[2,-3],[1,3],[1,-3],[-1,-3],[-3,-4],[2,-4],[-1,2],[-1,-2],[1,-4]]",4.0,16.0,4.0,32.0,2.0,0.0,2.0,2.0,1.0,0.0,0.53125,1.299038105676658,1.0897247358851685,1.0,2.6666666666666665,0.7453559924999298,4.0,8.0,1.224744871391589,7.0,10.0,0.0535714285714285,0.264261581909799,-0.1428571428571428,0.5,3.0,0.0,3.0,3.0,0.9583333333333334,0
sat-02171,4b5545de932706154193d7a7f02bf971868f9659c990decf7ba1da4349cd2fa0,mixed,4,"[[-1,3,-4],[1,2],[-1,-3,-4],[-1,-3,4],[-3,-4],[2,4],[1,3,-4]]",4.0,7.0,1.75,18.0,2.571428571428572,0.4948716593053935,2.0,3.0,0.4285714285714285,0.5714285714285714,0.4444444444444444,0.0,1.5,0.8333333333333334,2.5,1.8929694486000912,5.0,4.5,1.5,2.0,6.0,0.0666666666666667,0.5416025603090641,-0.3333333333333333,1.0,2.5,0.5,2.0,3.0,1.7142857142857142,1
sat-00074,e31a34667fbd3c5be7ae351b80f20cca7469723db91f1b4df997bfbbdc37bacb,2sat,4,"[[-2,-4],[-2,-3],[2,-3],[-2,4],[1,4],[-1,-4],[-1,2],[-3,-4],[-1,-2],[1,-4],[1,-3],[-1,3]]",4.0,12.0,3.0,24.0,2.0,0.0,2.0,2.0,1.0,0.0,0.3333333333333333,0.7071067811865476,0.0,1.0,2.0,0.5773502691896257,3.0,6.0,0.7071067811865476,5.0,7.0,-0.3523809523809523,0.1627429284822386,-0.6,-0.1428571428571428,3.0,0.0,3.0,3.0,0.9242424242424242,0
sat-00612,09ffc925545a47fe4d999518b0e0ecb942733219db76359693d9bfa150e2b6ef,mixed,4,"[[2,3,-4],[2,4],[-1,2],[-1,-2,-4],[-2,4],[2,3,4],[-3,-4],[1,-3,-4],[1,3,4],[-1,-4],[1,-2,4]]",4.0,11.0,2.75,28.0,2.5454545454545454,0.4979295977319691,2.0,3.0,0.4545454545454545,0.5454545454545454,0.5357142857142857,0.82915619758885,1.0897247358851685,1.0,3.8333333333333335,1.5723301886761003,6.0,7.0,1.8708286933869709,5.0,10.0,0.0857142857142857,0.088063057185271,0.0,0.2,3.0,0.0,3.0,3.0,1.6545454545454543,1
sat-02853,6ec20719a9a0a44f6f9e4268272262312da88bca18b7bfa6501a279b096b06cf,2sat,5,"[[-2,-5],[1,4],[-1,-5],[-2,4],[-2,3],[2,-3],[3,-5]]",5.0,7.0,1.4,14.0,2.0,0.0,2.0,2.0,1.0,0.0,0.4285714285714285,0.7483314773547883,1.2,0.6,0.7,0.6403124237432849,2.0,2.8,0.7483314773547882,2.0,4.0,-0.0333333333333333,0.6863753427324667,-1.0,1.0,2.4,0.4898979485566356,2.0,3.0,0.6666666666666666,1
sat-02317,39a2b9bfaa49b9d4148f016f0ec4e9355a0521524bb3d93ebed9df94d04aa540,3sat,5,"[[1,-2,5],[-2,-3,-5],[-1,-4,-5],[-3,-4,5],[-1,4,5]]",5.0,5.0,1.0,15.0,3.0,0.0,3.0,3.0,0.0,1.0,0.3333333333333333,1.095445115010332,0.0,0.8,1.5,1.02469507659596,3.0,3.0,1.095445115010332,2.0,5.0,-0.4933333333333333,0.4572380853195266,-1.0,0.2,3.2,0.3999999999999999,3.0,4.0,1.8,1
sat-01511,2af4c95939da7deb9db7ac373a7b310378e58ceb91afb5bfc25a3afa12d16920,3sat,5,"[[-1,-4,5],[1,-4,-5],[3,4,5],[-2,-3,-4],[-3,4,-5],[-3,4,5],[-1,-3,-4],[-1,2,-5],[-1,4,5]]",5.0,9.0,1.8,27.0,3.0,0.0,3.0,3.0,0.0,1.0,0.4074074074074074,1.469693845669907,1.16619037896906,1.0,2.7,1.8466185312619388,6.0,5.4,2.0591260281974,2.0,8.0,-0.2114285714285714,0.3215269690659474,-0.6,0.1428571428571428,4.0,0.0,4.0,4.0,1.9444444444444444,1
sat-02707,9072bfb0f3311686b7ab5c67e774a749ab74406f1ec7cf0f8ba76f9ffb0b2c70,mixed,5,"[[1,-3,-4],[1,-2,3],[3,-5],[-2,3,-4],[-2,-4,-5],[-1,2,-3],[-4,5],[-1,5],[-1,-3,4],[1,2,-5],[-1,-2],[1,4,5],[-2,3,5],[-2,-5],[-3,-4,5],[2,4,-5],[1,-5]]",5.0,17.0,3.4,45.0,2.647058823529412,0.4778846120374094,2.0,3.0,0.3529411764705882,0.6470588235294118,0.4444444444444444,0.8944271909999159,0.8944271909999159,1.0,3.9,0.7,5.0,9.0,1.095445115010332,8.0,11.0,-0.1126262626262626,0.1617392208263504,-0.3333333333333333,0.1111111111111111,4.0,0.0,4.0,4.0,1.3455882352941178,0
sat-01804,5bea0430aadd37f168f97131f1ee189046ad091699e6892bf138ab5ec4e50a25,2sat,5,"[[-3,-4],[4,5],[4,-5],[-2,-3],[2,-3],[-1,2],[-2,-4],[1,-5]]",5.0,8.0,1.6,16.0,2.0,0.0,2.0,2.0,1.0,0.0,0.375,0.7483314773547883,0.6324555320336759,0.6,0.8,0.7483314773547882,2.0,3.2,0.7483314773547882,2.0,4.0,-0.2666666666666666,0.38873012632302,-1.0,0.0,2.4,0.4898979485566356,2.0,3.0,0.6785714285714286,1
sat-01438,d152c17a64f6fc79cc81adf487f5fa30007ccd7ba8ec6f03ffe8d9f33e89fd0b,mixed,4,"[[2,3,4],[-2,-3],[-2,-4],[1,4],[1,2,4],[-1,4],[-1,2,-4],[-1,2,-3],[2,3],[1,2],[-1,2,3],[-1,-2,-4],[-1,-2,4],[-1,-2],[-1,-2,-3]]",4.0,15.0,3.75,38.0,2.533333333333333,0.498887651569859,2.0,3.0,0.4666666666666667,0.5333333333333333,0.4736842105263157,1.6583123951777,2.1213203435596424,1.0,5.166666666666667,2.5440562537456244,9.0,9.5,2.692582403567252,6.0,13.0,-0.0319055944055944,0.2602675845133957,-0.4545454545454545,0.25,3.0,0.0,3.0,3.0,1.6761904761904762,0
sat-00243,77a68d40c5d5019b465f90c3741f8ff1ee714cefbe7d981f6210070a9534209d,mixed,4,"[[1,-4],[-2,4],[1,-3,4],[2,4],[1,-2,4],[1,-2,3],[1,2,-4],[-1,2,3],[-1,-3]]",4.0,9.0,2.25,23.0,2.555555555555556,0.4969039949999532,2.0,3.0,0.4444444444444444,0.5555555555555556,0.6086956521739131,1.118033988749895,0.4330127018922193,1.0,3.1666666666666665,1.2133516482134197,4.0,5.75,1.0897247358851685,4.0,7.0,0.1904761904761904,0.1934294858246657,0.0,0.4285714285714285,3.0,0.0,3.0,3.0,1.5833333333333333,1
sat-00255,9f6536b2dce120fbc8a06533a3c21bddfcbceddcba4db93e63e4c07bdd066aad,3sat,5,"[[-1,-3,-5],[2,-3,5],[1,3,5],[2,-4,5],[2,4,5],[-1,-4,5],[1,2,-5],[1,2,3],[-2,4,-5],[-3,-4,-5],[-1,-3,4],[-1,2,-3],[1,2,-4],[3,4,-5],[1,-3,-4],[-2,-4,-5],[2,3,-4],[-1,-2,4],[-1,-2,-4],[-3,4,5],[-1,-2,-3],[-2,-3,-4],[1,-2,-5],[2,3,4],[-1,2,-4],[-2,4,5],[3,4,5],[-3,4,-5],[-2,-4,5]]",5.0,29.0,5.8,87.0,3.0,0.0,3.0,3.0,0.0,1.0,0.4712643678160919,1.833030277982336,1.16619037896906,1.0,8.7,2.325940669922601,13.0,17.4,2.4166091947189146,14.0,21.0,-0.0658042164234114,0.1181143963968026,-0.25,0.0588235294117647,4.0,0.0,4.0,4.0,1.793103448275862,0
sat-02309,c62a5ae7fcb68f25a93713a9d263fe51841ce5d0afb8c0b6ffac015fe9af6793,2sat,4,"[[2,-4],[-1,-4],[-1,-2],[1,2],[3,4]]",4.0,5.0,1.25,10.0,2.0,0.0,2.0,2.0,1.0,0.0,0.5,0.4330127018922193,0.82915619758885,0.6666666666666666,0.8333333333333334,0.6871842709362768,2.0,2.5,0.8660254037844386,1.0,3.0,0.1666666666666666,0.5527707983925666,-0.3333333333333333,1.0,2.0,0.7071067811865476,1.0,3.0,0.9,1
sat-02428,7a5a62046c6bdf078e43f2e364c1c56e6f83ef0943214f906634719840d329f1,mixed,5,"[[2,3,-5],[1,2,-5],[-2,-3,5],[3,4,5],[2,-3,4],[1,3,4],[-1,-3,-5],[2,-4,5],[-2,-5],[1,2],[1,3],[2,5],[3,-4,-5],[-1,-2,-3],[3,4,-5],[1,-4,-5],[-2,5],[-3,4,5],[-1,3,4],[4,5],[-1,-4,-5],[-1,-2,4],[2,-3,-4],[2,4],[-2,3,-5],[2,-5],[1,4]]",5.0,27.0,5.4,72.0,2.6666666666666665,0.4714045207910317,2.0,3.0,0.3333333333333333,0.6666666666666666,0.5555555555555556,1.4142135623730951,1.8547236990991407,1.0,6.3,1.7349351572897471,9.0,14.4,1.9595917942265424,11.0,17.0,0.1181257957728545,0.1680220744804649,-0.1764705882352941,0.3333333333333333,4.0,0.0,4.0,4.0,1.4017094017094016,0
sat-02211,1f5688afb2cb187ce4613654e06c62bfdbf2f924858c3bb1608767ce3f88c098,3sat,4,"[[1,-2,-4],[1,2,-4],[2,3,4],[1,3,-4],[-1,-2,-3],[1,-3,4],[1,-2,-3],[-1,3,4],[-1,2,3],[1,2,4],[-2,-3,4],[2,3,-4],[-2,3,4],[-2,3,-4],[-1,-3,4],[1,-2,4],[-1,2,-4],[1,2,-3],[2,-3,4],[-2,-3,-4],[-1,-3,-4],[1,-3,-4],[-1,-2,4],[-1,2,4],[-1,-2,3]]",4.0,25.0,6.25,75.0,3.0,0.0,3.0,3.0,0.0,1.0,0.4933333333333333,1.0897247358851685,0.5,1.0,12.5,0.957427107756338,14.0,18.75,0.82915619758885,18.0,20.0,-0.0159356725146198,0.0776208404374526,-0.1111111111111111,0.1,3.0,0.0,3.0,3.0,2.223333333333333,0
sat-02124,d50c225744671a9d8d5973c4b5a8fe7bd8144f83f79feb8ad8327b8e25375c32,3sat,4,"[[1,2,-3],[1,-3,-4],[1,2,3],[-2,-3,-4],[-1,-2,-4],[1,-2,-4],[-1,2,-4],[2,3,-4],[-2,3,4],[-1,-3,4],[1,3,4],[1,-2,3],[1,-3,4],[-1,2,-3],[-1,2,4],[-1,-2,3],[-1,2,3],[-2,3,-4],[2,3,4],[-1,3,-4],[-1,-2,4],[1,2,-4],[-1,-3,-4],[1,-2,4],[-1,-2,-3],[-1,3,4],[1,2,4],[1,-2,-3]]",4.0,28.0,7.0,84.0,3.0,0.0,3.0,3.0,0.0,1.0,0.5,0.5,1.118033988749895,1.0,14.0,1.4142135623730951,16.0,21.0,1.224744871391589,20.0,23.0,0.0022256728778467,0.0594519099469276,-0.0476190476190476,0.1,3.0,0.0,3.0,3.0,2.2301587301587302,0
sat-00876,0a282b7508db8b2251ce561c098accb6d8a4d0f5688f35498edf7c6cbe4c458c,mixed,4,"[[1,-2,4],[-1,-3],[-2,3,4],[-2,4],[-3,-4],[1,-2],[1,3],[-1,-4],[1,-3,4],[-2,-4],[-2,3,-4],[-1,2,4],[-1,-2,3],[1,2,4],[-1,3,4],[-2,3],[-2,-3,-4],[1,-2,-3]]",4.0,18.0,4.5,46.0,2.555555555555556,0.4969039949999532,2.0,3.0,0.4444444444444444,0.5555555555555556,0.4565217391304347,1.920286436967152,2.165063509461097,1.0,6.333333333333333,0.7453559924999298,8.0,11.5,0.5,11.0,12.0,-0.0795454545454545,0.3403825900683982,-0.6666666666666666,0.1666666666666666,3.0,0.0,3.0,3.0,1.5816993464052287,0
sat-02035,4ad1b2befcb599fa89c6331c406838102c7270b73ce60e254d2f339435844b7f,2sat,5,"[[3,-5],[3,4],[2,4],[-1,2],[-1,-3],[4,5],[-1,4],[1,3],[2,-3],[-2,-3],[2,3],[1,-5],[2,5],[-1,3],[-3,5],[-4,-5],[-3,4]]",5.0,17.0,3.4,34.0,2.0,0.0,2.0,2.0,1.0,0.0,0.5882352941176471,1.2649110640673518,1.6,1.0,1.7,0.7810249675906654,3.0,6.8,1.6,6.0,10.0,0.2,0.3999999999999999,-0.3333333333333333,0.6666666666666666,4.0,0.0,4.0,4.0,0.7720588235294118,0
sat-02245,8157f6c6ece23743e1f8a8f59e8f660fd5f0b5cf1b6d2eff87dffb77c7bf9f0f,mixed,4,"[[2,-3,-4],[-3,4],[-1,-4],[1,-2,-3],[-1,4]]",4.0,5.0,1.25,12.0,2.4,0.4898979485566356,2.0,3.0,0.6,0.4,0.3333333333333333,0.7071067811865476,0.7071067811865476,1.0,1.5,0.5,2.0,3.0,0.7071067811865476,2.0,4.0,-0.3333333333333333,0.408248290463863,-1.0,0.0,3.0,0.0,3.0,3.0,1.3,1
sat-02141,ec6bd82c511ebb5efbe73be6b31c7f7130bbac07fa851d8e0d2b4a87b3e8ba8f,mixed,5,"[[-1,2,-5],[1,4,5],[-3,4],[2,-5],[-1,-2,3],[2,4],[1,4],[-1,-3,4],[3,-4,-5],[-2,5],[1,-2,4],[2,-3,4],[1,2,-3],[3,5],[-1,3,-5],[1,-4,5],[1,-2,-5],[1,-3,4],[4,5],[-1,-5],[1,2,4],[-1,-3,5],[3,4,-5],[-2,-4],[3,4],[-4,-5],[-2,3,4],[-1,-2,4],[-4,5],[-1,-3,-5]]",5.0,30.0,6.0,78.0,2.6,0.4898979485566356,2.0,3.0,0.4,0.6,0.5384615384615384,2.8705400188814645,1.32664991614216,1.0,6.6,1.42828568570857,8.0,15.6,2.0591260281974,13.0,19.0,0.0543522267206477,0.2150107291824243,-0.125,0.4736842105263157,4.0,0.0,4.0,4.0,1.3333333333333333,0
sat-02140,bcb7682708333730f6a3c4d39bfa2d80ad87b1d623fcbdcfd3856678f3888776,2sat,5,"[[-3,-5],[2,5],[4,-5],[-2,-4],[3,-4],[2,3],[1,2],[-2,3],[1,-4],[3,5],[-1,-5],[1,4],[1,-5],[-2,4],[-1,3],[-1,5],[-3,-4],[4,5],[-3,5],[-3,4],[3,-5],[-1,2],[-1,-3]]",5.0,23.0,4.6,46.0,2.0,0.0,2.0,2.0,1.0,0.0,0.5217391304347826,0.7483314773547882,0.7999999999999999,1.0,2.3,0.7810249675906654,4.0,9.2,1.32664991614216,7.0,11.0,0.0467532467532467,0.0921245392825005,-0.1111111111111111,0.1428571428571428,4.0,0.0,4.0,4.0,0.7628458498023716,0
sat-00412,7625432bc3213c5b3e3a9252ea1fb69ea27c136deba11e9e19035494f6f69582,3sat,4,"[[-1,-2,-4],[-1,2,3],[2,-3,-4],[1,-3,4],[2,3,-4],[-1,-3,-4],[1,2,-4],[1,3,4],[-2,-3,-4],[2,-3,4]]",4.0,10.0,2.5,30.0,3.0,0.0,3.0,3.0,0.0,1.0,0.4666666666666667,0.8660254037844386,1.5811388300841898,1.0,5.0,1.2909944487358056,7.0,7.5,1.118033988749895,6.0,9.0,-0.0386904761904761,0.2963514673101362,-0.3333333333333333,0.4285714285714285,3.0,0.0,3.0,3.0,2.2222222222222223,1
sat-01611,7c0b544e42401c8577fd23a1e6893f5d245bd43331458f74894e201d82371c9d,3sat,5,"[[-1,2,4],[2,-3,4],[1,-4,-5],[-2,3,-4],[1,3,-5],[1,-2,5],[-2,-3,5]]",5.0,7.0,1.4,21.0,3.0,0.0,3.0,3.0,0.0,1.0,0.5238095238095238,0.3999999999999999,0.6324555320336759,1.0,2.1,0.7000000000000001,3.0,4.2,0.3999999999999999,4.0,5.0,0.06,0.233238075793812,-0.2,0.5,4.0,0.0,4.0,4.0,1.619047619047619,1
sat-00106,ae9d811f0789d52d940a32dd6488849e7d4070b71e7845aafdcf8ac119d3a790,mixed,4,"[[1,4],[2,3,-4],[1,2,4],[1,-2,4],[-1,-2,3],[-1,4],[-1,-2],[-2,3,-4],[-1,-2,-4],[1,-2,-3],[2,-3],[-1,-3]]",4.0,12.0,3.0,31.0,2.583333333333333,0.4930066485916347,2.0,3.0,0.4166666666666667,0.5833333333333334,0.4516129032258064,0.5,1.299038105676658,1.0,4.333333333333333,1.3743685418725535,6.0,7.75,1.299038105676658,6.0,9.0,-0.0753968253968253,0.1740159678514341,-0.3333333333333333,0.1428571428571428,3.0,0.0,3.0,3.0,1.6363636363636365,0
sat-00762,e9cc4c6ca9e446c01b26713c24e233315e642321ce59fde34671e3cce18b8cdb,3sat,5,"[[-2,-4,5],[1,2,5],[1,3,-5],[2,-4,-5],[-1,2,5],[1,-2,3]]",5.0,6.0,1.2,18.0,3.0,0.0,3.0,3.0,0.0,1.0,0.6111111111111112,1.16619037896906,0.8,0.8,1.8,1.2489995996796797,4.0,3.6,1.3564659966250536,2.0,5.0,0.18,0.6584831053261732,-1.0,1.0,3.2,0.7483314773547882,2.0,4.0,1.8666666666666667,1
sat-02051,693083d6c92d441b4e06be557aed860116b7c94d23a0afbb3914b01379dd7dc8,3sat,5,"[[-1,-4,5],[-1,-2,-5],[1,3,4],[1,-2,4],[3,4,5],[1,2,-3],[2,4,5],[1,-4,-5],[-1,4,-5],[-1,-3,-5],[-1,-3,5],[1,-3,-5],[1,-3,4],[1,-2,-5],[-1,-3,4],[-1,2,3],[1,-2,3]]",5.0,17.0,3.4,51.0,3.0,0.0,3.0,3.0,0.0,1.0,0.5098039215686274,1.939071942966532,1.7888543819998317,1.0,5.1,2.211334438749598,9.0,10.2,2.638181191654584,7.0,15.0,0.0158730158730158,0.2871357936077867,-0.2,0.5555555555555556,4.0,0.0,4.0,4.0,1.8529411764705883,1
sat-02044,30828f457106f908cf7e7e9d307dfb87fcd0d618494e0de3c87d706ab92569e6,2sat,5,"[[2,3],[2,-4],[2,5],[1,-4],[-4,5],[4,-5],[-2,5],[-2,3],[4,5],[-3,-4],[-1,4],[1,5],[-2,-4],[-3,4],[1,-3],[2,-3],[2,4],[-1,-3],[3,-5],[1,2],[3,-4],[1,-5],[1,3],[1,-2],[1,4],[2,-5],[-2,-3]]",5.0,27.0,5.4,54.0,2.0,0.0,2.0,2.0,1.0,0.0,0.5740740740740741,1.16619037896906,1.4966629547095764,1.0,2.7,0.7810249675906654,4.0,10.8,1.1661903789690602,9.0,12.0,0.1573737373737373,0.2385604550319061,-0.0909090909090909,0.6,4.0,0.0,4.0,4.0,0.7635327635327636,0
sat-02244,bab5e67b50fb49c6440636baf95213b08249a822ac525f073e292ca7c9d089c5,mixed,4,"[[-2,-4],[1,2,-4],[1,-2,4],[-3,-4],[-1,-2,-4],[2,-4],[-2,3,4],[1,-3,4],[-2,-3,4],[-1,3,4],[-1,3],[1,-3,-4],[1,2],[-1,2,3],[-2,3,-4],[1,-3],[-1,2,4],[-2,-3,-4],[-2,3],[1,2,-3],[1,3,-4],[1,3],[-1,-2,3],[1,4],[2,3,-4],[1,-2],[-1,2,-4]]",4.0,27.0,6.75,71.0,2.6296296296296298,0.4829038818668629,2.0,3.0,0.3703703703703703,0.6296296296296297,0.5070422535211268,1.5811388300841898,1.7853571071357126,1.0,10.166666666666666,0.8975274678557508,12.0,17.75,0.4330127018922193,17.0,18.0,0.0163398692810457,0.1878729719190171,-0.2222222222222222,0.2222222222222222,3.0,0.0,3.0,3.0,1.6951566951566952,0
sat-02106,ddf6fa895036baebd70c1348daec550e0f333b7bbdce7aa98c70eb3edc8a7eae,3sat,5,"[[-1,-3,-4],[2,-3,4],[-3,4,5],[1,-2,-4],[-1,2,3],[2,-3,-4],[-2,-3,-5],[2,4,5],[-2,3,-4],[1,3,-5]]",5.0,10.0,2.0,30.0,3.0,0.0,3.0,3.0,0.0,1.0,0.4666666666666667,0.7483314773547882,1.16619037896906,1.0,3.0,1.4142135623730951,5.0,6.0,1.6733200530681511,4.0,8.0,-0.05,0.13477115902938,-0.25,0.1428571428571428,4.0,0.0,4.0,4.0,1.8222222222222224,1
sat-02525,b01c1e1d1b10612c253a50d24a6fbd0c5a7127d3a5e6ddb04cda0a36671656dc,2sat,5,"[[1,-5],[2,-5],[3,-4],[1,4],[2,4],[-2,-4],[1,5],[1,2],[-2,4],[-1,-4],[-1,4],[2,-4]]",5.0,12.0,2.4,24.0,2.0,0.0,2.0,2.0,1.0,0.0,0.5833333333333334,1.469693845669907,1.2649110640673518,0.6,1.2,1.32664991614216,4.0,4.8,2.4819347291981715,1.0,8.0,0.2666666666666666,0.4422166387140533,-0.3333333333333333,1.0,2.4,0.8,1.0,3.0,0.9242424242424242,0
sat-00812,f71be8884bf9fbfa1c5a94cae0defcfb73cf30e6dd0552bc13b223e2525b69ca,2sat,5,"[[2,3],[-1,2],[-2,4],[3,5],[-4,-5],[1,-2],[-3,-4],[-2,-3],[2,-3],[1,-4],[2,4],[4,-5],[-1,-5],[1,-3],[-2,-5],[-1,3],[2,-4],[-1,-4],[-2,5],[1,-5],[3,4],[-2,3],[-3,5],[2,-5]]",5.0,24.0,4.8,48.0,2.0,0.0,2.0,2.0,1.0,0.0,0.4583333333333333,1.0198039027185568,0.7483314773547882,1.0,2.4,0.66332495807108,4.0,9.6,1.3564659966250536,8.0,12.0,-0.0888888888888888,0.12957670877434,-0.3333333333333333,0.0,4.0,0.0,4.0,4.0,0.7644927536231884,0
sat-01334,41db6e043edbd8abaa7990b4bce6cff41d893fba5c634d44e593b4fff52574a0,mixed,5,"[[4,5],[2,4],[2,4,-5],[3,-4],[-1,5],[-1,3,-5],[-2,-3,-4],[-1,-2,-5],[-2,-4],[-2,-4,5],[-3,-4,-5],[3,4],[-2,-3,5],[2,-3,-4],[1,-3,4],[1,2,4],[1,4,5],[-1,2,-3],[-1,-4,-5],[1,2,3],[2,-3,-5],[-1,-2,-4],[2,4,5],[1,3,-5]]",5.0,24.0,4.8,66.0,2.75,0.4330127018922193,2.0,3.0,0.25,0.75,0.4848484848484848,1.3564659966250536,0.7483314773547882,1.0,6.0,1.1832159566199232,9.0,13.2,1.7204650534085253,11.0,16.0,-0.0383283383283383,0.1049021029543803,-0.1666666666666666,0.1428571428571428,4.0,0.0,4.0,4.0,1.4855072463768115,0
sat-00854,64447a318096048a02fa5629b84907efb54fec8bea2dd0d799bb9e4cbba33a11,3sat,5,"[[-2,-3,4],[1,-2,4],[-2,4,5],[2,-3,4],[3,-4,5],[2,-3,-4],[2,-3,-5],[-1,2,5],[-1,3,-4],[-1,2,4],[2,4,-5],[1,3,-5],[-2,3,5],[-2,-4,-5],[-1,-3,5],[1,-3,-4],[1,-2,-3],[2,3,5],[1,2,5],[-2,4,-5],[1,3,5],[3,4,5],[2,3,-5],[1,-4,5],[-1,-4,5],[-1,-2,-3],[-2,3,-4],[-1,2,-3],[2,-4,-5]]",5.0,29.0,5.8,87.0,3.0,0.0,3.0,3.0,0.0,1.0,0.5287356321839081,1.6,0.9797958971132712,1.0,8.7,1.7349351572897471,11.0,17.4,1.9595917942265424,14.0,20.0,0.0526797385620915,0.0989617596720954,-0.0588235294117647,0.2222222222222222,4.0,0.0,4.0,4.0,1.7807881773399017,0
sat-01288,b72168f70c7b6d17f26a479c9d13112d8c56f7fa486449ab8dbbb34ba6d180cb,2sat,5,"[[-2,-5],[-2,5],[2,-3],[1,-2],[-1,-3],[-1,-5],[3,-5],[1,4],[3,5],[-3,-4],[-1,5],[2,-5],[-1,-4],[4,5],[-4,-5]]",5.0,15.0,3.0,30.0,2.0,0.0,2.0,2.0,1.0,0.0,0.4,0.8,0.8,0.9,1.5,0.806225774829855,3.0,6.0,1.5491933384829668,5.0,9.0,-0.2088888888888889,0.0711111111111111,-0.3333333333333333,-0.1111111111111111,3.6,0.4898979485566356,3.0,4.0,0.7714285714285715,0
sat-00396,b2115bac111990b15ac1b7fa5cbe4a99f6fcbb6871e828653cd77e83b88225d9,3sat,5,"[[-1,-3,-5],[1,4,5],[-1,3,-5],[1,2,-5],[1,-2,-3],[-1,-2,-5],[-1,2,3],[-2,-4,-5],[2,-3,-5],[1,2,4],[-1,4,5],[-1,2,4],[3,4,-5],[2,3,-4],[2,-4,5],[1,3,-4],[2,-4,-5],[-3,4,-5],[1,-3,-4],[-1,-3,5],[-2,-4,5],[1,-3,5],[2,4,5]]",5.0,23.0,4.6,69.0,3.0,0.0,3.0,3.0,0.0,1.0,0.5072463768115942,1.2649110640673518,1.6,1.0,6.9,1.5132745950421556,9.0,13.8,1.32664991614216,12.0,16.0,0.0185897435897435,0.1947325751008063,-0.1666666666666666,0.3846153846153846,4.0,0.0,4.0,4.0,1.7628458498023716,0
sat-01293,254120eee8df9187f17fd8cf4d3313fac7d8167d4e9ea7e51b70ae554b0e1300,3sat,5,"[[2,-4,-5],[1,4,-5],[1,-3,-4],[-2,-4,5],[2,-3,5],[3,-4,5],[1,-3,-5],[-1,3,-4],[-1,-2,3],[-2,3,4],[-3,-4,5],[-2,3,-5],[-1,2,3],[2,-4,5],[3,-4,-5],[-1,-4,-5],[-1,-2,-4],[2,-3,-4],[1,-2,4],[-1,2,5],[-3,4,-5],[1,-2,3],[-1,-3,5],[1,2,-5],[1,3,5],[1,2,-3],[-1,-2,5],[-1,4,5],[1,-2,-4],[-2,-3,-5],[-1,-2,-5]]",5.0,31.0,6.2,93.0,3.0,0.0,3.0,3.0,0.0,1.0,0.4408602150537634,1.7204650534085253,1.0198039027185568,1.0,9.3,1.004987562112089,11.0,18.6,1.0198039027185568,17.0,20.0,-0.1244582043343653,0.1547913310910131,-0.4117647058823529,0.0,4.0,0.0,4.0,4.0,1.7655913978494624,0
sat-02068,1377a73eed7bfd23c3c219d685666685262bf19b277f88a598a1d9d77e67df2e,2sat,4,"[[-1,3],[-1,2],[-2,-3],[-1,4],[3,4],[-2,3],[3,-4],[2,3],[-1,-4],[1,2],[-1,-3],[-2,4],[1,3],[1,-2],[2,-3],[1,-4],[1,4],[-3,-4]]",4.0,18.0,4.5,36.0,2.0,0.0,2.0,2.0,1.0,0.0,0.5277777777777778,0.82915619758885,0.4330127018922193,1.0,3.0,1.0,4.0,9.0,1.0,8.0,10.0,0.05,0.0866025403784438,0.0,0.2,3.0,0.0,3.0,3.0,0.954248366013072,0
sat-01932,6f71ba03317603ff8b70800e8522b0e1f61531c5e85893320006bc41bdb8a990,3sat,5,"[[-1,2,5],[-2,3,4],[-2,3,-4],[-1,3,-4],[-1,-3,5],[1,3,5],[1,-3,5],[-1,-4,-5],[-1,-3,-4],[1,-4,5],[-1,-2,-5]]",5.0,11.0,2.2,33.0,3.0,0.0,3.0,3.0,0.0,1.0,0.4242424242424242,1.6,1.469693845669907,1.0,3.3,1.6155494421403511,7.0,6.6,1.624807680927192,4.0,9.0,-0.1857142857142857,0.4091914487417302,-0.6666666666666666,0.4285714285714285,4.0,0.0,4.0,4.0,1.8,1
sat-01739,4e6f53a5792a803f6f4d7850d6dbf98510587806d39cae378b67df57ba212415,3sat,4,"[[2,-3,-4],[2,3,-4],[1,-3,4],[-1,-2,-4],[-1,2,3],[1,2,-3],[2,3,4],[-2,-3,4],[-1,-2,3],[1,2,4],[2,-3,4],[1,3,-4],[1,-2,-3],[-2,-3,-4]]",4.0,14.0,3.5,42.0,3.0,0.0,3.0,3.0,0.0,1.0,0.5238095238095238,0.8660254037844386,1.4142135623730951,1.0,7.0,1.914854215512676,10.0,10.5,1.6583123951777,8.0,12.0,0.0624999999999999,0.1600238697472626,-0.1666666666666666,0.25,3.0,0.0,3.0,3.0,2.2527472527472527,1
sat-01582,eef6d2b7fb959acf3cf05a3a8c71851dd8ab5e20d3a245246e062b08c46b82a5,2sat,4,"[[2,-4],[-2,-4],[1,-3],[1,-4],[-1,-2],[1,-2],[-2,3],[-2,4],[2,4],[1,4],[-1,3],[2,3],[-2,-3],[1,3],[3,4],[-3,4]]",4.0,16.0,4.0,32.0,2.0,0.0,2.0,2.0,1.0,0.0,0.5625,0.8660254037844386,1.5,1.0,2.6666666666666665,0.7453559924999299,4.0,8.0,0.7071067811865476,7.0,9.0,0.1488095238095238,0.2877531420302814,-0.3333333333333333,0.4285714285714285,3.0,0.0,3.0,3.0,0.9416666666666668,0
sat-00486,bac4d397714fe2d272dbec970ad249a34156b2004f80aec52db929a09352f747,3sat,5,"[[2,4,5],[1,4,-5],[1,-3,4],[2,-3,-5],[-2,-4,5],[-2,4,-5],[3,-4,5],[1,-3,-4],[-1,2,-5],[-2,3,-5],[-1,-2,-5]]",5.0,11.0,2.2,33.0,3.0,0.0,3.0,3.0,0.0,1.0,0.4545454545454545,0.6324555320336759,1.3564659966250538,1.0,3.3,1.4866068747318506,7.0,6.6,1.4966629547095764,5.0,9.0,-0.0666666666666666,0.2047951246585236,-0.3333333333333333,0.2,4.0,0.0,4.0,4.0,1.7818181818181815,1
sat-01225,739111546e10a13d83d90bc20e39876c6fd8a2d83a99a4e9da331aeb32e5764a,3sat,4,"[[1,-2,-3],[-1,-2,-4],[1,-2,3],[1,-3,4],[1,2,4],[1,2,-4],[-1,-2,3],[2,3,-4],[1,3,-4],[-1,-3,4],[1,-3,-4],[-1,3,-4],[-2,-3,-4],[-2,-3,4],[-1,-2,4],[2,3,4],[-1,2,-3],[-1,2,3],[-2,3,4],[2,-3,4]]",4.0,20.0,5.0,60.0,3.0,0.0,3.0,3.0,0.0,1.0,0.5,0.5,0.5,1.0,10.0,0.816496580927726,11.0,15.0,0.7071067811865476,14.0,16.0,0.0,0.0471404520791031,-0.0666666666666666,0.0666666666666666,3.0,0.0,3.0,3.0,2.2157894736842105,0
sat-00370,41f2e1265e70d66328985d3cb92e2f12b57bd53c0174080b84d4f8a374b3534e,2sat,5,"[[-1,-5],[3,-4],[-2,5],[-1,-2],[3,5],[-1,-3]]",5.0,6.0,1.2,12.0,2.0,0.0,2.0,2.0,1.0,0.0,0.3333333333333333,0.9797958971132712,0.8,0.6,0.6,0.4898979485566356,1.0,2.4,0.8,1.0,3.0,-0.4666666666666667,0.6531972647421809,-1.0,0.3333333333333333,2.4,0.8,1.0,3.0,0.6666666666666666,1
sat-02628,af853512071f8089c17028aee5a0ca34bf32f081c3a8acbf9c4d863e4cbe4471,mixed,5,"[[2,3],[-1,-2,4],[3,4,5],[1,4],[-4,5],[-1,3,-5],[1,-2,3],[1,-2,-4],[1,-4,5],[-2,-3,-5],[2,5]]",5.0,11.0,2.2,29.0,2.636363636363636,0.4810456929208346,2.0,3.0,0.3636363636363636,0.6363636363636364,0.5862068965517241,0.8,1.019803902718557,1.0,2.5,0.806225774829855,4.0,5.8,0.3999999999999999,5.0,6.0,0.1866666666666666,0.3222145592958553,-0.3333333333333333,0.6,4.0,0.0,4.0,4.0,1.2727272727272727,1
sat-00157,00c3dbf97257c0f42b1b60718fd67ba934948d9a2f154d64dbdc93f99d97e3a0,3sat,5,"[[1,-4,5],[1,4,5],[-2,-3,-5],[1,2,-3],[-1,4,5],[-2,4,-5],[-1,2,-4],[1,-3,5],[-1,-2,-5],[-2,-3,5],[2,4,5],[-2,3,4],[1,4,-5],[1,-3,-5],[2,-4,5]]",5.0,15.0,3.0,45.0,3.0,0.0,3.0,3.0,0.0,1.0,0.5333333333333333,2.1354156504062622,0.9797958971132712,1.0,4.5,1.8027756377319943,7.0,9.0,1.8973665961010275,6.0,12.0,0.0111111111111111,0.375811878339728,-0.6666666666666666,0.3333333333333333,4.0,0.0,4.0,4.0,1.8,1
sat-00488,fd453d38fc823783018b87ce46d8f0edc0a47ea68a66284d0915ab925fb778d1,2sat,5,"[[3,5],[-1,3],[2,3],[-2,5],[-3,-4],[1,-2],[1,4],[2,-4],[-1,-2],[3,-4],[-2,-4],[2,-3],[-1,-3],[-4,-5],[-1,2],[1,-5],[1,-3],[-2,-3],[2,5],[-2,-5],[-3,5],[-1,-5],[-3,4],[-1,-4],[1,3],[4,5],[1,2],[2,4],[3,4],[1,5]]",5.0,30.0,6.0,60.0,2.0,0.0,2.0,2.0,1.0,0.0,0.5166666666666667,0.7483314773547882,0.9797958971132712,1.0,3.0,0.7745966692414834,4.0,12.0,1.2649110640673518,10.0,13.0,0.0372027972027972,0.1087158695879271,-0.0909090909090909,0.2,4.0,0.0,4.0,4.0,0.767816091954023,0
sat-00436,95433169b70d490e3ea36cc6230c56f855b1da2b58dc77c6a07495264d880545,mixed,4,"[[-1,-3,4],[3,-4],[2,-3],[-1,2,3],[2,3]]",4.0,5.0,1.25,12.0,2.4,0.4898979485566356,2.0,3.0,0.6,0.4,0.5833333333333334,1.299038105676658,0.82915619758885,0.8333333333333334,1.5,0.957427107756338,3.0,3.0,1.224744871391589,2.0,5.0,0.05,0.7123903424387503,-1.0,1.0,2.5,0.5,2.0,3.0,1.5,1
sat-02910,2a4bcb3e34c7c232413f637930a416d96334ea07295383af8f7391a62cff09ee,mixed,4,"[[1,3,-4],[-2,-4],[3,-4],[1,4],[1,-3,4],[1,2,4],[-1,-4],[2,-3,-4],[1,-2,-3],[-1,-2,3],[1,-2,-4]]",4.0,11.0,2.75,29.0,2.636363636363636,0.4810456929208346,2.0,3.0,0.3636363636363636,0.6363636363636364,0.4827586206896552,1.5,1.479019945774904,1.0,4.166666666666667,0.8975274678557507,6.0,7.25,1.299038105676658,6.0,9.0,-0.0416666666666666,0.3410563654946854,-0.3333333333333333,0.5,3.0,0.0,3.0,3.0,1.709090909090909,1
sat-02973,5fe808d308070dc521c93374a026b8e92061a44f0b47d00c7d8c2dae5770ffd4,3sat,5,"[[-1,2,4],[2,4,5],[-1,-3,-4],[3,4,5],[-1,3,-5],[-2,3,4],[-1,-2,-5],[1,2,-5],[1,-2,-5],[1,-2,3],[-1,-2,3],[-1,2,-3],[-2,-3,5],[1,-3,-4],[1,-3,4],[-3,4,-5],[1,-4,-5],[-2,3,-4],[1,3,-5],[-1,4,-5],[1,-3,-5],[1,-2,-4]]",5.0,22.0,4.4,66.0,3.0,0.0,3.0,3.0,0.0,1.0,0.4545454545454545,2.1908902300206643,1.32664991614216,1.0,6.6,1.3564659966250536,9.0,13.2,1.6,12.0,16.0,-0.1083333333333333,0.2629955639676583,-0.5,0.1666666666666666,4.0,0.0,4.0,4.0,1.770562770562771,1
sat-02408,7d6b15f990baff99b72e1c80840f783d8bed049028826c8f7e565e970924142a,2sat,5,"[[-1,3],[3,-5],[-3,-4],[-3,5],[-2,-5],[3,5],[-4,5],[2,5],[4,-5],[-4,-5],[1,-4]]",5.0,11.0,2.2,22.0,2.0,0.0,2.0,2.0,1.0,0.0,0.4545454545454545,1.2649110640673518,1.3564659966250536,0.6,1.1,1.1357816691600546,3.0,4.4,2.244994432064365,2.0,8.0,-0.0799999999999999,0.2712931993250107,-0.6,0.2,2.4,0.8,1.0,3.0,0.9090909090909092,0
sat-01601,588541d265cfd5ee779c7f8e7997c6140df9374a892c238768bc21282a15776f,mixed,4,"[[-1,4],[-1,-2],[-1,2,-4],[-1,-2,4],[1,3,-4],[-1,2],[1,-2,-4],[1,-4],[-2,-4],[-3,4]]",4.0,10.0,2.5,24.0,2.4,0.4898979485566356,2.0,3.0,0.6,0.4,0.375,0.82915619758885,1.6393596310755,0.8333333333333334,3.0,2.160246899469287,6.0,6.0,2.449489742783178,2.0,8.0,-0.2083333333333333,0.1249999999999999,-0.3333333333333333,0.0,2.5,0.5,2.0,3.0,1.6,1
sat-01523,f84f2a56a79ba7439a748b3dd9bea0f51f2739ac74c8faa3636066905d42e43b,3sat,5,"[[-1,3,-5],[-1,2,-3],[-2,-4,-5],[-1,-4,5],[-2,3,-4],[-1,-4,-5],[1,4,5],[1,3,-4],[-1,-2,-5],[1,2,-5],[-2,-4,5],[1,-3,5],[-1,2,-4],[-2,-3,-4],[2,3,-5],[-1,4,5],[3,-4,5],[-1,-2,3]]",5.0,18.0,3.6,54.0,3.0,0.0,3.0,3.0,0.0,1.0,0.4074074074074074,1.4966629547095764,2.0591260281974,1.0,5.4,1.2,8.0,10.8,1.1661903789690602,9.0,12.0,-0.1672727272727273,0.3247399185384795,-0.6363636363636364,0.3333333333333333,4.0,0.0,4.0,4.0,1.7516339869281046,1
sat-02627,b1a70123e450b005ba355f3404454fc0616aa0a46689e578efcb75f4b9929a3b,mixed,4,"[[1,-2,-4],[-1,-3,-4],[2,-3,4],[-1,-2]]",4.0,4.0,1.0,11.0,2.75,0.4330127018922193,2.0,3.0,0.25,0.75,0.2727272727272727,0.4330127018922193,0.0,1.0,1.6666666666666667,0.4714045207910317,2.0,2.75,0.4330127018922193,2.0,3.0,-0.4999999999999999,0.2886751345948128,-1.0,-0.3333333333333333,3.0,0.0,3.0,3.0,1.6666666666666667,1
sat-01200,e965fcd4971147635019df9e301002e56d84a0a52379e33a5ccd46fbcd58e41f,3sat,4,"[[-2,3,4],[1,3,4],[1,-2,4],[1,-2,-4],[-2,-3,-4]]",4.0,5.0,1.25,15.0,3.0,0.0,3.0,3.0,0.0,1.0,0.5333333333333333,1.224744871391589,1.479019945774904,1.0,2.5,0.957427107756338,4.0,3.75,0.82915619758885,3.0,5.0,0.1333333333333333,0.7211102550927978,-1.0,1.0,3.0,0.0,3.0,3.0,2.2,1
sat-00183,5ff1583e98d531b6d945c5b0d97b4ee722bedbc0c595a0c54bff522462304cd3,mixed,4,"[[1,4],[1,-3,4],[-1,-3,4],[2,-3],[-1,2,4],[-2,3,-4],[-1,2,-3],[1,2,3],[-1,-2,-4],[-1,2],[1,2,-3],[1,3,4],[1,-3],[1,2],[-1,3,-4],[3,4],[-1,-2,3],[3,-4],[-2,-4],[2,-3,4],[1,-2],[-2,3,4],[1,3],[-1,2,-4],[-1,4]]",4.0,25.0,6.25,64.0,2.56,0.4963869458396342,2.0,3.0,0.44,0.56,0.5625,0.0,1.224744871391589,1.0,8.833333333333334,1.0671873729054748,10.0,16.0,1.224744871391589,15.0,18.0,0.13125,0.0817293551913876,0.0,0.2,3.0,0.0,3.0,3.0,1.61,0
sat-01944,a11f72cdca9381026f1ee3d2a230684aa2904acc268401cda1ac040291708fdd,2sat,5,"[[1,-4],[1,4],[2,-3],[4,5],[-2,3],[2,3],[-3,-4]]",5.0,7.0,1.4,14.0,2.0,0.0,2.0,2.0,1.0,0.0,0.6428571428571429,0.4,0.8944271909999159,0.4,0.7,1.004987562112089,3.0,2.8,1.16619037896906,1.0,4.0,0.4666666666666666,0.4521553322083512,0.0,1.0,1.6,0.8,1.0,3.0,0.7619047619047619,1
sat-00054,c1bc0ce358abde5ba4dd364d49f954cf710432ff44f6519f8306eaa44545921e,3sat,4,"[[1,-2,-3],[2,-3,4],[-2,-3,-4],[1,-3,4],[-1,2,-4],[1,3,-4],[2,-3,-4],[1,2,-4],[-1,2,3],[-1,-3,4],[1,2,-3],[-1,2,4],[1,-2,-4],[-1,3,-4],[-1,-3,-4],[-1,-2,-3],[-1,3,4]]",4.0,17.0,4.25,51.0,3.0,0.0,3.0,3.0,0.0,1.0,0.4313725490196078,1.118033988749895,1.920286436967152,1.0,8.5,1.2583057392117916,10.0,12.75,1.0897247358851685,11.0,14.0,-0.1213786213786213,0.2434341192171539,-0.3846153846153846,0.2727272727272727,3.0,0.0,3.0,3.0,2.2205882352941178,1
sat-00143,0f86d4665417db7510558fc64a941f14c6d5dfbe3846087d1dc31aeda4785f29,3sat,4,"[[2,3,-4],[-1,2,-4],[1,2,-3],[-1,-2,-4],[-1,-3,-4],[1,3,4],[-1,-3,4]]",4.0,7.0,1.75,21.0,3.0,0.0,3.0,3.0,0.0,1.0,0.4285714285714285,0.4330127018922193,1.224744871391589,1.0,3.5,0.957427107756338,5.0,5.25,0.82915619758885,4.0,6.0,-0.0916666666666666,0.3459086263419543,-0.3333333333333333,0.5,3.0,0.0,3.0,3.0,2.1904761904761907,1
sat-01925,728b1f58697e6b1423c30321634bfe4c402ba95b6fe06108d2469bea78713ce2,2sat,4,"[[2,3],[-2,4],[1,-4],[-1,-4],[-2,-3],[1,3],[-1,3],[-1,4],[1,2],[-1,-3],[-2,-4],[1,4],[-1,2],[-3,-4],[-3,4],[2,4],[2,-4],[3,4],[-1,-2],[3,-4]]",4.0,20.0,5.0,40.0,2.0,0.0,2.0,2.0,1.0,0.0,0.5,0.7071067811865476,1.0,1.0,3.333333333333333,0.7453559924999298,4.0,10.0,1.224744871391589,9.0,12.0,0.0055555555555555,0.1270510736225474,-0.2,0.1111111111111111,3.0,0.0,3.0,3.0,0.963157894736842,0
sat-01486,4c2f97c59d3d9168aab9cf657b3c1b05dae98163f8709cceb75e7e65f1b48e14,2sat,4,"[[2,-3],[1,-3],[1,-4],[-1,2],[-1,-4]]",4.0,5.0,1.25,10.0,2.0,0.0,2.0,2.0,1.0,0.0,0.4,1.0,0.8660254037844386,0.6666666666666666,0.8333333333333334,0.6871842709362768,2.0,2.5,0.8660254037844386,2.0,4.0,-0.25,0.82915619758885,-1.0,1.0,2.0,0.7071067811865476,1.0,3.0,0.9,1
sat-00920,4f8a8130627d19657c536e58597c2cbd3f42d2bae06652f74745e638a8261624,2sat,5,"[[2,5],[-2,5],[-3,4],[2,-4],[1,3],[-2,4],[-3,-5],[1,-3],[2,3],[1,-5],[-1,-2],[-3,-4],[1,-2],[3,-5],[-3,5],[1,2],[-4,5],[1,-4],[-1,3],[-1,5],[4,5],[3,-4],[3,5],[-1,4],[2,-5],[-1,-5],[-2,-4],[1,4],[-1,-3],[-4,-5],[1,5],[4,-5],[2,4]]",5.0,33.0,6.6,66.0,2.0,0.0,2.0,2.0,1.0,0.0,0.5303030303030303,0.8944271909999159,0.7483314773547882,1.0,3.3,0.9,4.0,13.2,1.469693845669907,11.0,15.0,0.06008658008658,0.0548909555157548,0.0,0.1428571428571428,4.0,0.0,4.0,4.0,0.7727272727272727,0
sat-02761,6bd61e78176cc9c4757427de91a95dfc398c3c59a875475c2c0fd9821f660038,2sat,4,"[[-2,3],[-1,3],[2,-4],[1,-3],[3,-4],[-2,-3],[1,-4],[-1,2],[1,2],[-3,-4],[2,3],[-1,-3],[2,4],[-1,4],[1,4],[1,-2],[-2,-4],[-3,4]]",4.0,18.0,4.5,36.0,2.0,0.0,2.0,2.0,1.0,0.0,0.5,0.5,0.5,1.0,3.0,0.0,3.0,9.0,0.0,9.0,9.0,0.0,0.1111111111111111,-0.1111111111111111,0.1111111111111111,3.0,0.0,3.0,3.0,0.9411764705882352,0
sat-01248,df532ed06cf879b46825171b8e91177cca3996a73ba3b179cbc1ce95f3204934,3sat,4,"[[-2,-3,-4],[2,-3,-4],[-1,2,-3],[1,3,-4],[-1,2,3],[1,-3,-4],[1,-2,3],[-1,-3,-4],[1,-2,-4],[-2,-3,4],[2,3,4],[-1,3,-4],[-1,-2,4],[-1,2,4],[1,2,-3],[-1,-2,3],[1,2,3],[1,3,4],[1,2,-4],[-1,-3,4],[-1,2,-4],[-2,3,4],[-2,3,-4],[-1,-2,-4],[2,-3,4],[-1,-2,-3],[1,-2,4]]",4.0,27.0,6.75,81.0,3.0,0.0,3.0,3.0,0.0,1.0,0.4691358024691358,0.5,0.4330127018922193,1.0,13.5,0.5,14.0,20.25,0.4330127018922193,20.0,21.0,-0.0619047619047619,0.0416496563917521,-0.1,0.0,3.0,0.0,3.0,3.0,2.2222222222222223,0
sat-02785,697b3f05e3b387b182e1a30ba63708653b78ffa67a9d1a28ae58776958e43607,mixed,5,"[[-3,5],[-3,-5],[-1,2,5],[3,4,5],[1,2,4],[-1,-3],[-4,5],[-1,3],[1,2,-5],[1,3],[-1,-2],[1,-2],[-1,2],[-2,4],[-2,4,5],[-1,-5],[2,-4,5],[2,3,4],[2,3,5],[-2,-4,5],[1,3,4],[-1,3,-4],[-1,-2,-3],[1,3,-5],[-1,4,5],[1,-2,4],[-1,3,4],[2,4,-5],[1,-3,4],[3,-4,5],[1,-2,-5],[1,4,-5]]",5.0,32.0,6.4,85.0,2.65625,0.4749588797990832,2.0,3.0,0.34375,0.65625,0.5882352941176471,1.2649110640673518,1.8973665961010275,1.0,7.4,1.743559577416269,9.0,17.0,1.6733200530681511,15.0,20.0,0.1843137254901961,0.1684905965407124,0.0,0.4117647058823529,4.0,0.0,4.0,4.0,1.3850806451612905,0
sat-00665,f48e9e8b8b91724ce7dbf7f291d50ce85af62438b82fd1e47e943293d1926bb5,3sat,5,"[[-2,-3,-5],[-1,2,-3],[1,-4,-5],[2,3,5],[1,4,5],[1,-3,-4],[1,-2,-5],[3,4,-5],[2,3,-5],[2,4,5],[-2,3,-5],[1,-3,4],[2,-4,5],[-1,-2,-4],[1,2,-3],[2,-3,4],[1,2,5],[2,-4,-5],[1,3,-4],[2,3,4],[-2,-4,-5],[-1,4,-5],[-1,-2,-3],[-3,4,5]]",5.0,24.0,4.8,72.0,3.0,0.0,3.0,3.0,0.0,1.0,0.5277777777777778,1.4966629547095764,1.7204650534085253,1.0,7.2,1.5362291495737217,10.0,14.4,1.3564659966250536,12.0,16.0,0.0614285714285714,0.20956925913983,-0.2,0.3333333333333333,4.0,0.0,4.0,4.0,1.7644927536231885,1
sat-00109,b3299407a0d722821c217f3957a00d06774330a8b204906b9bfb1fa1945a205c,2sat,4,"[[2,-3],[-1,-3],[1,-4],[1,2],[-2,-3],[1,-2],[-1,-4],[-1,4],[2,-4],[3,4],[-1,2],[2,4],[1,4],[-2,4],[-1,-2],[-2,3],[2,3],[-2,-4],[1,3],[-1,3],[3,-4]]",4.0,21.0,5.25,42.0,2.0,0.0,2.0,2.0,1.0,0.0,0.5238095238095238,0.5,1.224744871391589,1.0,3.5,0.7637626158259734,4.0,10.5,1.118033988749895,9.0,12.0,0.0606060606060606,0.1617739129095653,-0.0909090909090909,0.3333333333333333,3.0,0.0,3.0,3.0,0.961904761904762,0
sat-01935,2878045ee8bb65ccf11aeb08259486886bb2b5ad09383be9634c34e48f6e0e5e,2sat,4,"[[2,-4],[2,3],[-2,4],[1,3],[1,-2],[1,-4],[3,-4],[-2,3],[-2,-3],[1,-3],[2,4],[1,2],[2,-3],[-2,-4],[-1,-4],[-1,-2],[-1,2],[-1,-3],[-3,-4]]",4.0,19.0,4.75,38.0,2.0,0.0,2.0,2.0,1.0,0.0,0.4473684210526316,1.479019945774904,0.82915619758885,1.0,3.1666666666666665,0.8975274678557507,4.0,9.5,1.5,8.0,12.0,-0.125,0.2303211659969027,-0.5,0.1111111111111111,3.0,0.0,3.0,3.0,0.9707602339181286,0
sat-02960,551224e456d0031d5d418afa7ef64fc248dc097f16ebf5138cd53d3d27aa945e,mixed,5,"[[-1,2],[1,2,3],[-2,3,-4],[-1,3],[-2,-4,-5],[1,3],[2,4,5],[2,3,-4],[-2,5],[1,2,4],[2,-4],[4,-5],[-3,5],[-1,-4,5],[-2,-4]]",5.0,15.0,3.0,37.0,2.466666666666667,0.498887651569859,2.0,3.0,0.5333333333333333,0.4666666666666667,0.5675675675675675,1.16619037896906,1.7204650534085253,1.0,2.9,1.640121946685673,7.0,7.4,1.743559577416269,6.0,10.0,0.1733333333333333,0.3335998934185814,-0.3333333333333333,0.6666666666666666,4.0,0.0,4.0,4.0,1.2,0
sat-02614,a9762c02bbc60d25b0461911a48a377459ce8a35d3825efc1238191ce58632e0,mixed,4,"[[-1,-3],[-1,3],[-2,3,4],[-1,3,-4],[-1,2,-4],[-1,-2,-3],[1,2,-3],[3,-4],[2,3,-4],[2,-3,4]]",4.0,10.0,2.5,27.0,2.7,0.458257569495584,2.0,3.0,0.3,0.7,0.4444444444444444,1.5811388300841898,1.0897247358851685,1.0,4.0,1.1547005383792517,5.0,6.75,1.299038105676658,6.0,9.0,-0.1388888888888889,0.3878955567713594,-0.6666666666666666,0.3333333333333333,3.0,0.0,3.0,3.0,1.8,1
sat-00843,9c750ed1a1cd42d94afd7231477b6b2477900c926f37b40e5a5e16a184fa9ee3,2sat,5,"[[-1,2],[3,5],[-2,4],[3,-5],[3,-4],[-1,-2],[-2,-4],[2,4],[1,-4],[-2,-5],[-4,-5],[-1,5],[3,4],[2,-4],[1,2],[2,5],[-1,-4],[-3,-5],[2,-3]]",5.0,19.0,3.8,38.0,2.0,0.0,2.0,2.0,1.0,0.0,0.4736842105263157,1.3564659966250536,1.2649110640673518,0.9,1.9,1.1357816691600549,4.0,7.6,1.624807680927192,6.0,10.0,-0.0552380952380952,0.2751309727278901,-0.3333333333333333,0.3333333333333333,3.6,0.4898979485566356,3.0,4.0,0.7719298245614035,0
sat-01413,a2f617b5b45176875e9246535366cd275497fb9e12e32e7d1ab90c43c12a96bf,3sat,4,"[[-1,-2,-4],[-1,2,3],[-1,-2,4],[1,3,4],[-1,3,4],[-1,-2,-3],[-2,-3,-4],[-1,2,-3],[2,-3,4],[-2,-3,4],[2,-3,-4],[1,-2,3],[-1,2,-4],[-1,-3,-4],[1,2,-3],[2,3,4],[1,2,-4],[1,2,4],[2,3,-4],[-2,3,-4],[-1,2,4],[-1,3,-4],[-1,-2,3],[1,-3,4]]",4.0,24.0,6.0,72.0,3.0,0.0,3.0,3.0,0.0,1.0,0.4861111111111111,1.7853571071357126,1.0897247358851685,1.0,12.0,0.816496580927726,13.0,18.0,0.7071067811865476,17.0,19.0,-0.0340557275541795,0.1633988738615404,-0.2941176470588235,0.1578947368421052,3.0,0.0,3.0,3.0,2.221014492753623,0
sat-02118,75a7d5d8637183097d4bcc588b38e18960fd645eae278b146da3f03f5ece0dab,mixed,4,"[[1,3,4],[-2,3,4],[2,-3,-4],[-1,3,-4],[-1,-4],[1,-2,-4],[-2,-3,4],[-1,3],[2,3],[1,-2,-3],[3,4],[-1,-2],[-1,-3,4],[-1,-2,3],[1,-2],[1,2,-4],[-2,3],[2,3,-4],[1,2,3],[-2,-4],[-1,2,3],[-2,3,-4],[1,-2,4],[-1,-2,-4],[2,4],[-1,3,4]]",4.0,26.0,6.5,69.0,2.6538461538461537,0.4757429568020377,2.0,3.0,0.3461538461538461,0.6538461538461539,0.5072463768115942,2.48746859276655,2.8722813232690143,1.0,10.0,0.816496580927726,11.0,17.25,1.0897247358851685,16.0,19.0,0.0206075851393188,0.3028677151508076,-0.2631578947368421,0.5294117647058824,3.0,0.0,3.0,3.0,1.7323076923076923,0
sat-00281,e6641a82202995f90159a2463d6358ae193b3d2e65566592ca0b2c98d05ad61f,2sat,5,"[[-1,3],[-1,2],[-2,5],[-1,-5],[-2,-3],[3,-4],[-1,5],[2,-3],[1,-3],[1,-4],[-3,-4],[2,5]]",5.0,12.0,2.4,24.0,2.0,0.0,2.0,2.0,1.0,0.0,0.4166666666666667,1.095445115010332,1.16619037896906,0.7,1.2,0.8717797887081347,2.0,4.8,1.16619037896906,3.0,6.0,-0.1933333333333333,0.5148462553682086,-1.0,0.5,2.8,0.7483314773547882,2.0,4.0,0.7424242424242424,1
sat-00282,9d695dff6f8c35a8c8be4aa3d4513446f2a210a62b8125c294b262052ece5c1e,3sat,4,"[[-1,-3,4],[-1,3,4],[-1,-2,3],[1,2,3],[2,3,4],[-1,3,-4],[1,3,-4],[1,-2,4],[1,2,-3],[-1,-2,-4],[1,-2,-3],[1,-3,4],[-2,3,4],[-1,2,4],[-1,2,-3],[2,3,-4]]",4.0,16.0,4.0,48.0,3.0,0.0,3.0,3.0,0.0,1.0,0.5625,0.82915619758885,1.0897247358851685,1.0,8.0,1.1547005383792517,10.0,12.0,1.0,11.0,13.0,0.1293706293706293,0.136811171653943,-0.0769230769230769,0.2727272727272727,3.0,0.0,3.0,3.0,2.216666666666667,0
sat-02383,e1e51051757ac29070a581541f418a9ce1d117e0f3ee2d1f2ff2c2e606f1976f,2sat,4,"[[2,-4],[3,-4],[-2,-4],[-3,-4],[-3,4],[1,-4],[-2,4],[-1,-4],[1,-3],[3,4]]",4.0,10.0,2.5,20.0,2.0,0.0,2.0,2.0,1.0,0.0,0.4,0.7071067811865476,1.8708286933869709,0.6666666666666666,1.6666666666666667,1.4907119849998596,4.0,5.0,2.449489742783178,3.0,9.0,-0.1333333333333333,0.2748737083745107,-0.3333333333333333,0.3333333333333333,2.0,0.7071067811865476,1.0,3.0,1.1555555555555554,0
sat-00922,46f85819b2922e06f111b6f25eceb1c55f312a91d563ef204f2440322643e38b,2sat,4,"[[2,3],[3,-4],[3,4],[-1,-3],[-3,4],[2,4],[1,2],[-2,3],[2,-3],[1,-4],[-1,4],[1,-3],[-2,-3],[-1,2],[-1,3],[1,3],[-2,-4],[-2,4],[1,-2],[-1,-4]]",4.0,20.0,5.0,40.0,2.0,0.0,2.0,2.0,1.0,0.0,0.525,0.4330127018922193,0.4330127018922193,1.0,3.333333333333333,0.4714045207910317,4.0,10.0,0.7071067811865476,9.0,11.0,0.0505050505050505,0.0510076006987983,0.0,0.1111111111111111,3.0,0.0,3.0,3.0,0.9526315789473684,0
sat-01392,43381eff174b54c9086282ab89a937c4a50b352deafd319176c717f741dcae17,mixed,5,"[[-2,-3,-5],[-1,-2,5],[-1,2],[1,-3,-4],[1,2,-3],[1,-4,-5],[-1,3,4],[1,3,-5],[1,-5]]",5.0,9.0,1.8,25.0,2.7777777777777777,0.415739709641549,2.0,3.0,0.2222222222222222,0.7777777777777778,0.44,1.469693845669907,0.7483314773547882,0.9,2.3,1.1874342087037917,4.0,5.0,1.6733200530681511,3.0,8.0,-0.1766666666666666,0.2889828906892432,-0.6,0.25,3.6,0.4898979485566356,3.0,4.0,1.5833333333333333,1
sat-01428,3b58e6928c68f0540b9e769cc060cca7649d218e2b007fe36bad3d4b5b127545,mixed,5,"[[-1,-4],[2,4,5],[-3,-4,-5],[-1,2,-5],[-1,2,3],[-4,5],[4,5],[-1,4],[3,4],[1,-2,-4],[1,2,4]]",5.0,11.0,2.2,28.0,2.5454545454545454,0.4979295977319691,2.0,3.0,0.4545454545454545,0.5454545454545454,0.5714285714285714,1.16619037896906,1.3564659966250538,1.0,2.3,1.2688577540449522,4.0,5.6,1.9595917942265424,3.0,9.0,0.1822222222222222,0.3061186730261789,-0.3333333333333333,0.6,4.0,0.0,4.0,4.0,1.3454545454545457,1
sat-01462,9bbde3bc51977d3c75d062328c5e75d36f716c9f1f930205805972050562814b,3sat,5,"[[1,2,3],[-2,-3,5],[1,-3,-5],[-1,3,4],[-2,4,5],[3,4,5],[-2,4,-5],[1,3,-5],[1,2,4],[-1,2,5],[2,-4,5],[-2,-4,5],[1,-2,5],[-1,-4,5],[-2,-3,4],[3,-4,-5],[-2,-4,-5],[-1,-2,3],[1,-2,-5],[-2,-3,-4],[1,-3,-4],[1,2,-3],[2,-3,-4],[-2,3,4],[3,-4,5],[-1,-3,-4],[-2,-3,-5],[-2,3,5],[1,-4,5],[-1,-2,-5],[1,3,-4]]",5.0,31.0,6.2,93.0,3.0,0.0,3.0,3.0,0.0,1.0,0.4731182795698925,1.939071942966532,2.85657137141714,1.0,9.3,1.4866068747318506,12.0,18.6,1.3564659966250536,16.0,20.0,-0.0405263157894736,0.249495890639472,-0.4,0.25,4.0,0.0,4.0,4.0,1.7698924731182797,1
sat-00200,6d25e58670848f68bca022dabb5c9c9865847851008a3f41408d6c10d5d257d2,mixed,4,"[[2,-3],[2,4],[3,4],[1,-3]]",4.0,4.0,1.0,8.0,2.0,0.0,2.0,2.0,1.0,0.0,0.75,0.5,0.8660254037844386,0.6666666666666666,0.6666666666666666,0.4714045207910317,1.0,2.0,0.7071067811865476,1.0,3.0,0.6666666666666667,0.5773502691896257,-0.3333333333333333,1.0,2.0,0.7071067811865476,1.0,3.0,0.8333333333333334,1
sat-02496,f5a77996d683c7767e0f64b17937d9c062b7298a46a92bdad3c72d81a681fcc3,2sat,5,"[[-4,-5],[-2,5],[3,4],[3,-5],[-1,-5],[-3,5],[1,5],[-2,-4],[-1,-4],[1,-4],[-1,4],[2,3],[3,5],[2,-4],[-1,-3],[-3,-4],[1,3],[-1,-2],[-4,5],[4,5],[1,2],[2,-3]]",5.0,22.0,4.4,44.0,2.0,0.0,2.0,2.0,1.0,0.0,0.5,1.019803902718557,1.4966629547095764,1.0,2.2,0.6,3.0,8.8,0.9797958971132712,7.0,10.0,0.0152380952380952,0.2510177821066397,-0.4,0.3333333333333333,4.0,0.0,4.0,4.0,0.7532467532467533,1
sat-01950,3576a29e1163bc14b919709f5283018d833070c7340c04870562c4791c6afc19,3sat,5,"[[-1,3,-4],[3,4,5],[1,-3,5],[2,3,4],[1,-2,-4],[-2,-3,-5],[-1,-3,-4],[1,3,4],[-1,2,-5],[-3,-4,-5],[1,2,-4],[-2,4,5],[-1,2,-4],[-1,-3,5],[-3,4,5],[2,-4,5],[1,2,-5]]",5.0,17.0,3.4,51.0,3.0,0.0,3.0,3.0,0.0,1.0,0.5098039215686274,0.7483314773547882,1.4142135623730951,1.0,5.1,1.3,7.0,10.2,0.9797958971132712,9.0,12.0,0.0333333333333333,0.2065591117977289,-0.2,0.3333333333333333,4.0,0.0,4.0,4.0,1.7426470588235294,1
sat-02095,127b89f7e80e42c980a4c39ef6554b6d51dbe238c67a78727b49e3b118939c7b,mixed,4,"[[2,-4],[-2,4],[1,2,3],[2,3,4],[1,2,4],[-2,-4],[1,-2],[-1,3,4],[-1,-2,-3],[-2,3,-4],[2,-3,-4]]",4.0,11.0,2.75,29.0,2.636363636363636,0.4810456929208346,2.0,3.0,0.3636363636363636,0.6363636363636364,0.5517241379310345,0.7071067811865476,1.299038105676658,1.0,4.166666666666667,1.5723301886761007,7.0,7.25,1.920286436967152,5.0,10.0,0.1333333333333333,0.1414213562373095,0.0,0.3333333333333333,3.0,0.0,3.0,3.0,1.7818181818181815,1
sat-01746,bce83ddf6ebf0916ce48bcf92a5dc936cef81254d5b95f6dd851bc16d033f3ac,3sat,4,"[[-1,2,4],[-2,-3,4],[-1,-2,-3],[-1,-3,4],[-1,3,4],[1,-2,-3],[-1,3,-4]]",4.0,7.0,1.75,21.0,3.0,0.0,3.0,3.0,0.0,1.0,0.3809523809523809,1.224744871391589,1.479019945774904,1.0,3.5,0.957427107756338,5.0,5.25,0.82915619758885,4.0,6.0,-0.2249999999999999,0.4906769700005176,-0.6666666666666666,0.6,3.0,0.0,3.0,3.0,2.1904761904761907,1
sat-01437,a22703bc401fe2499706a2b361b6ec61ee971cc57767a0aeb3a991386866d845,mixed,5,"[[-3,5],[-2,-4,-5],[1,-2],[1,2],[-1,3,5],[2,5],[2,-3,4],[1,-2,-3],[-1,2,-3],[1,-3,5],[1,-2,-5],[2,3,5],[2,4],[-2,4],[-1,4,5],[3,-4],[-1,2,3],[-2,-3],[1,3,-4],[-2,-3,5],[-1,-2,-3],[2,-3,5],[-2,-4,5]]",5.0,23.0,4.6,61.0,2.652173913043478,0.476280484787101,2.0,3.0,0.3478260869565217,0.6521739130434783,0.5245901639344263,1.8547236990991407,2.785677655436824,1.0,5.3,2.147091055358389,9.0,12.2,3.059411708155671,8.0,17.0,0.0765469824293353,0.3062739945128754,-0.2857142857142857,0.6363636363636364,4.0,0.0,4.0,4.0,1.4426877470355732,0
sat-00555,6270907b4200b6cee48ae7ca4d4a1f1e42e3149692af9079a27f50ad6c173cc5,mixed,4,"[[-1,-3,4],[-2,4],[1,-2,-3],[-1,-2,-4],[-1,3,-4],[2,-4],[3,-4],[2,-3,4],[1,2,4],[-2,-4],[1,-3,4],[-2,-3,-4],[-1,-3,-4],[-1,-2],[1,4],[-1,-2,4],[2,-3],[1,-4]]",4.0,18.0,4.5,46.0,2.555555555555556,0.4969039949999532,2.0,3.0,0.4444444444444444,0.5555555555555556,0.391304347826087,1.8027756377319943,0.7071067811865476,1.0,6.333333333333333,1.795054935711501,9.0,11.5,2.179449471770337,9.0,15.0,-0.2464646464646464,0.1954173482731812,-0.5555555555555556,-0.0666666666666666,3.0,0.0,3.0,3.0,1.6405228758169934,1
sat-02002,07932d5256058b9260a50616d97571aa9263a3a5ed6e8a1c7e7941e688aa4756,3sat,4,"[[-1,2,-3],[1,3,4],[1,-2,4],[-1,-2,-4],[2,3,4],[2,-3,-4],[1,3,-4],[-1,-2,-3],[1,2,4]]",4.0,9.0,2.25,27.0,3.0,0.0,3.0,3.0,0.0,1.0,0.5555555555555556,0.4330127018922193,0.0,1.0,4.5,0.5,5.0,6.75,0.4330127018922193,6.0,7.0,0.1071428571428571,0.0618589574131741,0.0,0.1428571428571428,3.0,0.0,3.0,3.0,2.1666666666666665,1
sat-00393,38659a0c15d25e5b8e87e710a336f4f79ddadc2eeda762d7dd304ebd50948e4a,2sat,4,"[[-1,4],[2,4],[-3,4],[1,-2],[-1,2],[3,4],[-2,-4],[-2,3],[-1,3],[-2,-3],[1,4],[1,3],[2,3],[-1,-4],[-1,-2],[-3,-4],[-2,4],[2,-3],[1,-3],[-1,-3],[2,-4]]",4.0,21.0,5.25,42.0,2.0,0.0,2.0,2.0,1.0,0.0,0.4761904761904761,0.7071067811865476,0.8660254037844386,1.0,3.5,0.5,4.0,10.5,0.5,10.0,11.0,-0.0454545454545454,0.1485466785306199,-0.2,0.2,3.0,0.0,3.0,3.0,0.9523809523809524,0
sat-02817,b833187fe0923806541906c3cb3b5286118989f71073f48a3c3575a118c3741a,mixed,4,"[[-2,-3,-4],[1,3,-4],[-1,-2,-3],[2,3,-4],[1,4],[-1,-2,-4],[1,-2,-3],[1,-4],[-2,4],[1,-3,4],[-1,-2],[-3,4],[1,2,3],[-1,2],[-1,-2,4],[1,-3,-4],[-2,-3,4],[-2,3,4],[-1,2,-3],[-1,4]]",4.0,20.0,5.0,53.0,2.65,0.4769696007084729,2.0,3.0,0.35,0.65,0.4339622641509434,1.7853571071357126,1.118033988749895,1.0,7.666666666666667,0.4714045207910317,8.0,13.25,0.82915619758885,12.0,14.0,-0.1437728937728937,0.2217913932752634,-0.3846153846153846,0.1428571428571428,3.0,0.0,3.0,3.0,1.7157894736842103,0
sat-02202,6dde577e50ce4ab77859f6ea04b98a1f8c01012491b30f42caae19dc3d5d0ea0,mixed,5,"[[3,-4,-5],[2,-4],[2,-5],[-2,-4,5],[-4,-5],[-1,2,-3],[-3,4,5],[1,4],[2,-3,5],[-1,3,-5],[-3,-5],[1,5],[-1,-2,-3],[2,-3,4],[3,4,-5],[3,-5],[-1,-3,-4],[-1,-3],[-1,3,5],[1,-3,4]]",5.0,20.0,4.0,52.0,2.6,0.4898979485566356,2.0,3.0,0.4,0.6,0.4423076923076923,0.7999999999999999,2.3151673805580453,1.0,4.4,1.9078784028338915,8.0,10.4,2.4166091947189146,7.0,14.0,-0.0714285714285714,0.2752034909866645,-0.3333333333333333,0.4285714285714285,4.0,0.0,4.0,4.0,1.363157894736842,0
sat-02674,60829f933024bc5651a80783a76796ed71f69a12720c183218b79c4230f760a1,3sat,5,"[[-1,2,5],[1,4,5],[2,3,-5],[-1,2,3],[-1,4,5],[2,3,-4],[-1,2,-4],[-2,4,5],[1,2,5],[2,3,4],[-1,-2,5],[-2,4,-5],[-1,2,-3]]",5.0,13.0,2.6,39.0,3.0,0.0,3.0,3.0,0.0,1.0,0.6410256410256411,2.0,1.7204650534085255,1.0,3.9,1.7,6.0,7.8,1.939071942966532,5.0,11.0,0.2966233766233766,0.4025811475562216,-0.5,0.6,4.0,0.0,4.0,4.0,1.8205128205128205,1
sat-02368,387608c292cb2d09605a9aa554d4229d67182794b8b461ddc9d8661eb40007f1,mixed,5,"[[-1,-2,-5],[-2,5],[-1,3],[-1,2,3],[-1,-5],[1,-2,4],[2,-3,-4],[-2,3,-4],[2,-5],[1,-2,-5],[-1,2,-4],[-4,-5],[-2,-3,-5],[-2,-5],[-1,2],[1,-3,4],[1,3,4]]",5.0,17.0,3.4,44.0,2.588235294117647,0.4921529567847503,2.0,3.0,0.4117647058823529,0.5882352941176471,0.3863636363636363,1.3564659966250538,1.624807680927192,1.0,3.7,1.6155494421403511,6.0,8.8,1.9390719429665315,7.0,12.0,-0.2233333333333333,0.2904152941632038,-0.75,0.1428571428571428,4.0,0.0,4.0,4.0,1.3308823529411764,1
sat-02706,bdef773b272b0460e2709199b36253b218e5eb5ac34d21031db23e850073d9bb,mixed,4,"[[-1,2,3],[1,3],[1,-2],[-1,-3,-4],[2,-3],[-1,2,4],[-2,3],[1,-2,4],[1,3,-4],[-1,-4],[-3,4],[2,-3,4],[-1,3,-4],[1,3,4],[-2,-3,-4],[1,2,3],[-1,2,-4],[2,3],[1,2,4],[1,-4],[1,-2,-4],[-1,-2,-4],[1,2,-3],[1,-3,4],[-2,-4],[-2,-3,4],[3,-4],[-2,3,4]]",4.0,28.0,7.0,74.0,2.642857142857143,0.4791574237499549,2.0,3.0,0.3571428571428571,0.6428571428571429,0.527027027027027,0.82915619758885,1.479019945774904,1.0,10.666666666666666,1.247219128924647,13.0,18.5,0.8660254037844386,18.0,20.0,0.0583333333333333,0.1205376330763729,-0.1,0.2222222222222222,3.0,0.0,3.0,3.0,1.716931216931217,0
sat-01350,d7847801c34b9bc32ff75f5e5ee152165600f5dd1a54ef2c69a0315f93c7b205,3sat,5,"[[-1,-3,-4],[-1,-2,-5],[1,-2,5],[-1,2,3],[3,-4,5],[2,-3,-4],[-2,4,5],[-2,4,-5],[1,-3,5],[1,2,-5],[-1,3,4],[-2,-3,4],[2,4,5],[1,2,-4],[-2,3,5],[1,-4,-5],[-2,-3,5],[1,-2,4],[-1,-4,-5],[1,2,-3],[-1,2,4],[1,3,5],[-2,-3,-4],[-1,2,-3],[1,4,-5],[-3,4,5],[3,4,5],[1,3,4],[-1,4,-5],[1,-2,3],[2,-4,5],[-1,3,5],[2,-3,4]]",5.0,33.0,6.6,99.0,3.0,0.0,3.0,3.0,0.0,1.0,0.5555555555555556,1.4142135623730951,1.16619037896906,1.0,9.9,0.8306623862918076,11.0,19.8,0.7483314773547882,19.0,21.0,0.1097243107769423,0.1253111177757767,-0.0526315789473684,0.2631578947368421,4.0,0.0,4.0,4.0,1.7651515151515151,0
sat-02071,154adc284a46835f71b827d03977a8b1e154a2c828479c54cf7b10ee3205c0d7,3sat,4,"[[2,3,4],[-2,-3,-4],[-2,-3,4],[-1,2,-4],[-1,-2,-4],[1,3,4],[1,-3,4],[-1,-3,4],[-1,2,-3],[-1,-2,4],[1,2,-4],[1,-2,-4],[-1,3,4],[1,-2,4],[2,-3,-4],[-1,-3,-4],[2,-3,4],[-1,2,3],[-2,3,4],[1,3,-4],[1,2,-3],[1,-2,3],[1,2,4],[-1,2,4]]",4.0,24.0,6.0,72.0,3.0,0.0,3.0,3.0,0.0,1.0,0.5277777777777778,1.8027756377319943,0.5,1.0,12.0,1.632993161855452,14.0,18.0,1.4142135623730951,16.0,20.0,0.0465277777777777,0.1217696006733542,-0.125,0.2,3.0,0.0,3.0,3.0,2.231884057971014,0
sat-01845,df2c1536c328d509031fdd361b89b4bc0a0002fb958337c32415689e55a993c3,3sat,5,"[[-1,-2,-3],[-1,2,4],[-2,3,-4],[-1,3,4],[-3,-4,-5],[1,3,4],[1,-4,-5],[-1,-4,-5],[2,3,-5],[2,-4,-5],[-1,-2,3],[1,3,-4]]",5.0,12.0,2.4,36.0,3.0,0.0,3.0,3.0,0.0,1.0,0.4166666666666667,1.8973665961010275,1.469693845669907,1.0,3.6,1.3564659966250538,6.0,7.2,1.469693845669907,5.0,9.0,-0.2166666666666666,0.4876246279442598,-1.0,0.5,4.0,0.0,4.0,4.0,1.7727272727272727,1
sat-00230,555e7c882519df7712809fd5994c7c64bd1bbdc7c038032d2e42a2244b4d588a,3sat,5,"[[-1,-4,-5],[-1,2,-3],[1,2,4],[2,-3,-4],[-1,2,4],[1,-3,-5],[-2,3,-4],[2,-3,5],[2,-4,5],[2,4,-5],[-1,-3,4],[-2,4,-5],[-3,-4,5],[1,2,5],[-2,-3,-5],[2,-3,-5],[-1,2,3],[-1,3,-5],[-1,-3,5],[1,-2,-3],[1,2,3],[-1,4,-5],[-1,3,4],[-2,-4,5],[1,4,5]]",5.0,25.0,5.0,75.0,3.0,0.0,3.0,3.0,0.0,1.0,0.4933333333333333,2.0591260281974,1.8547236990991407,1.0,7.5,1.118033988749895,9.0,15.0,0.6324555320336759,14.0,16.0,-0.0164285714285714,0.2510933009958423,-0.3333333333333333,0.375,4.0,0.0,4.0,4.0,1.7533333333333334,0
sat-01240,463d0a2c95b39a725934655a8cfa87fab6469c25c64cade068f8dea44de073a6,2sat,4,"[[2,3],[1,-3],[1,3],[-1,3],[-2,-4],[-1,4],[1,-2],[1,2],[-1,-2],[-3,4],[-3,-4],[-2,4],[3,-4],[-1,2],[2,-3],[1,4]]",4.0,16.0,4.0,32.0,2.0,0.0,2.0,2.0,1.0,0.0,0.53125,0.4330127018922193,0.4330127018922193,1.0,2.6666666666666665,0.7453559924999298,4.0,8.0,0.7071067811865476,7.0,9.0,0.0634920634920634,0.0644764952748885,0.0,0.1428571428571428,3.0,0.0,3.0,3.0,0.9416666666666668,0
sat-01025,3ef2ff47769e9a3e4cd5d3375bc4d6b368ca85eceb1775ca85507450451a67e4,2sat,5,"[[2,4],[-2,5],[-1,-3],[-3,5],[3,5],[1,5],[1,-3],[1,-5],[1,-4],[-3,-5],[-2,-5],[-1,-2],[2,-4],[1,2],[2,5],[-3,4],[-1,-4],[-1,3],[2,-5],[2,-3],[-2,3],[-1,5],[1,-2],[3,-5],[-2,-4],[-2,-3],[-1,4],[-2,4]]",5.0,28.0,5.6,56.0,2.0,0.0,2.0,2.0,1.0,0.0,0.4642857142857143,0.9797958971132712,1.4142135623730951,0.9,2.8,1.2489995996796797,4.0,11.2,1.9390719429665315,8.0,14.0,-0.0649350649350649,0.128039039416792,-0.2727272727272727,0.0909090909090909,3.6,0.4898979485566356,3.0,4.0,0.7804232804232805,0
sat-00890,8e2a39811127f8bd3f547c2dd97cb2f91118446e3bf5362cb89d1407a66c0495,mixed,5,"[[-2,3,-5],[1,-3],[1,2,5],[2,-3,-5],[-3,-4,-5],[-3,4,5],[1,-2,5],[-3,4],[-1,3,-4]]",5.0,9.0,1.8,25.0,2.7777777777777777,0.415739709641549,2.0,3.0,0.2222222222222222,0.7777777777777778,0.48,0.4898979485566356,1.3564659966250536,0.9,2.3,1.268857754044952,4.0,5.0,1.2649110640673518,4.0,7.0,0.0142857142857142,0.2941608611710571,-0.4285714285714285,0.5,3.6,0.4898979485566356,3.0,4.0,1.5,1
sat-02836,3b088a8a17130fa64d6547bbc3138d8635c57d8e6ba86cc0402ac92ef249c1ef,mixed,4,"[[-2,3,-4],[1,2,4],[1,4],[-1,2],[1,-2,4],[2,-4],[1,-2,-4],[2,3],[1,-3,4],[-3,-4],[-1,3,-4],[-3,4],[1,2,-4],[1,-2],[-1,2,3],[2,-3,-4],[1,-3],[2,3,4],[-1,-4],[-1,2,-3],[-1,3],[1,2,3],[-1,3,4],[-1,-3],[1,3,-4],[1,3]]",4.0,26.0,6.5,66.0,2.5384615384615383,0.4985185152621431,2.0,3.0,0.4615384615384615,0.5384615384615384,0.5757575757575758,1.5,1.8708286933869709,1.0,9.0,1.2909944487358056,11.0,16.5,1.8027756377319943,14.0,19.0,0.159484188412207,0.195978481221984,-0.125,0.4285714285714285,3.0,0.0,3.0,3.0,1.593846153846154,0
sat-01822,c813e9a4644fdfcd04176eb31ea34577f8f9701b9c695c89828a12b075771007,2sat,5,"[[-2,3],[-2,-5],[-4,-5],[-1,-2],[-2,-4],[-3,-4],[-3,4],[-1,3],[1,4],[-1,-5],[1,5]]",5.0,11.0,2.2,22.0,2.0,0.0,2.0,2.0,1.0,0.0,0.3181818181818182,0.8,0.6324555320336759,0.9,1.1,0.5385164807134504,2.0,4.4,0.4898979485566356,4.0,5.0,-0.38,0.3487119154832538,-1.0,0.0,3.6,0.4898979485566356,3.0,4.0,0.6909090909090909,0
sat-01970,ba7b014a764f8b254a0b1be8e560da1ea4f6952d4cd733442298061422375efb,mixed,4,"[[1,3,4],[-1,2,-3],[1,4],[-1,-4],[-3,-4],[2,-3],[-1,-2],[-1,2,-4],[-1,2,3],[1,3,-4],[1,-3,4],[1,2,-3],[-1,3],[1,2,4],[2,3,-4],[1,2,-4],[1,-2],[2,-4],[2,4],[-2,3],[-1,-2,-4],[1,-4],[1,-2,3],[-1,3,4],[-2,-3,-4],[1,2,3]]",4.0,26.0,6.5,67.0,2.576923076923077,0.4940474068717357,2.0,3.0,0.4230769230769231,0.5769230769230769,0.5522388059701493,2.0463381929681126,1.6583123951777,1.0,9.333333333333334,1.4907119849998598,11.0,16.75,1.479019945774904,15.0,19.0,0.1005030959752322,0.2082861307381203,-0.25,0.2941176470588235,3.0,0.0,3.0,3.0,1.636923076923077,0
sat-02698,4e2d32b6906d7d870e889ffe1c88e655bc29f2b1eccfb0f261a3d61621350a95,mixed,5,"[[2,-4,-5],[3,-4,-5],[3,4],[2,3,4],[-1,2,-4],[2,-4,5],[1,4],[-1,-2,-5],[1,2,5],[-2,-3,4],[-1,-2,-3],[-1,-4],[-1,-4,-5],[-4,5],[-2,-3],[1,-5],[-2,3,-4],[-3,-4],[-2,-4],[2,4,-5],[1,-4,-5],[3,-4,5],[-3,-4,5],[-1,4,-5]]",5.0,24.0,4.8,64.0,2.6666666666666665,0.4714045207910317,2.0,3.0,0.3333333333333333,0.6666666666666666,0.40625,0.7483314773547882,2.870540018881465,1.0,5.6,2.4979991993593598,10.0,12.8,3.3105890714493698,10.0,19.0,-0.1598380566801619,0.1423007294960428,-0.3684210526315789,0.0,4.0,0.0,4.0,4.0,1.4673913043478262,1
sat-01005,402bbd3ca50a57e6187e8e54528b38cf218794fc36a14b7f9221288888344e3e,3sat,5,"[[1,-4,-5],[-1,3,5],[-2,-4,-5],[1,2,-4],[-1,2,5],[1,3,-5],[2,-4,-5],[3,4,5],[-1,-2,5],[1,-3,-5],[-1,2,-5]]",5.0,11.0,2.2,33.0,3.0,0.0,3.0,3.0,0.0,1.0,0.4848484848484848,1.16619037896906,1.743559577416269,0.9,3.3,1.9,7.0,6.6,2.154065922853801,4.0,10.0,0.0066666666666666,0.3900997023554078,-0.6,0.5,3.6,0.4898979485566356,3.0,4.0,1.8909090909090909,1
sat-01691,69b0671b64900ade75022783c99f2d2ab0d615d09ed1593bd343aa8fb3938c5d,2sat,5,"[[-1,-3],[1,-3],[2,3],[2,5],[-4,-5],[3,-5],[-2,-4],[-4,5],[3,4],[-1,-2],[-3,-4],[-1,5],[-1,-4],[-1,-5]]",5.0,14.0,2.8,28.0,2.0,0.0,2.0,2.0,1.0,0.0,0.3571428571428571,0.8944271909999159,1.2000000000000002,1.0,1.4,0.4898979485566356,2.0,5.6,0.7999999999999999,4.0,6.0,-0.2666666666666666,0.3265986323710904,-0.6666666666666666,0.0,4.0,0.0,4.0,4.0,0.7252747252747253,0
sat-02103,5c90e94f61f2a0175d24f2bc325cd5ff5db71fb51ccc6f67ddcf04ff7065cf8e,mixed,5,"[[-2,4,-5],[-3,4],[-1,2,-4],[2,3],[-2,4],[1,5],[-1,2,-3],[-2,-4,-5],[1,-4,5],[-1,-2,-4],[2,-3,-5],[1,4,-5],[3,4,5],[2,4],[-3,-4,-5],[-2,4,5],[-1,2,-5],[-2,-3],[2,3,4],[-3,4,-5],[1,2,-4],[-1,-5],[1,4,5],[1,3],[1,-5],[1,2,5],[-2,5],[1,-4],[1,3,4],[-2,3],[-1,-3,4],[-2,-3,4],[1,-2,5],[-1,3,-5],[3,-4]]",5.0,35.0,7.0,92.0,2.628571428571429,0.4831867007225075,2.0,3.0,0.3714285714285714,0.6285714285714286,0.532608695652174,1.939071942966532,1.2,1.0,7.9,1.7578395831246945,10.0,18.4,1.624807680927192,16.0,21.0,0.0593149540517961,0.1439420033881814,-0.1111111111111111,0.238095238095238,4.0,0.0,4.0,4.0,1.3563025210084034,0
sat-02236,e40ca532743581334113ba49aee9d18f1fbca927d705bf8ca73204f7f6df6bd8,3sat,4,"[[2,3,4],[-1,-2,4],[-2,3,4],[1,3,-4],[1,2,4],[-1,-2,3],[1,3,4],[2,3,-4],[2,-3,4],[1,2,-4],[-1,-2,-4],[-2,3,-4],[-1,-3,-4],[-2,-3,-4],[-1,2,4],[-1,-2,-3],[-1,3,-4],[-1,2,-4],[-1,2,-3],[-1,3,4],[1,2,3]]",4.0,21.0,5.25,63.0,3.0,0.0,3.0,3.0,0.0,1.0,0.5079365079365079,1.8708286933869709,1.920286436967152,1.0,10.5,0.957427107756338,12.0,15.75,0.82915619758885,15.0,17.0,0.0165441176470588,0.2450574414906635,-0.3333333333333333,0.3333333333333333,3.0,0.0,3.0,3.0,2.219047619047619,1
sat-01670,761d8901a06f76e14ba0c31c463f623878b3f33ea312a3bdc70dc3049adeb4af,mixed,4,"[[1,-3,4],[2,3,4],[-1,-2,4],[1,-2,-3],[-2,4],[2,-3],[3,4],[1,-3,-4],[-1,3,-4],[-1,-2,-3],[-1,3],[1,-2],[1,2,-4],[2,-4],[-1,3,4],[-2,3,-4],[-2,3,4],[-1,-3],[-1,4],[-1,2],[1,3,-4],[2,4],[1,-2,4],[2,3],[1,-2,3],[1,2,3],[2,-3,-4]]",4.0,27.0,6.75,70.0,2.592592592592593,0.4913518207933925,2.0,3.0,0.4074074074074074,0.5925925925925926,0.5571428571428572,0.82915619758885,0.82915619758885,1.0,9.833333333333334,0.6871842709362769,11.0,17.5,0.5,17.0,18.0,0.1143790849673202,0.088958546332132,0.0,0.2222222222222222,3.0,0.0,3.0,3.0,1.6467236467236468,0
sat-00680,323641d9390c519e6f6398c6e40aa9a2943237c3a999739acf815c899f2386a3,mixed,5,"[[-1,-2,5],[-2,-3,-5],[-4,5],[1,2,4],[-3,-4,-5],[-1,-4,-5],[4,5],[1,-4,5],[3,-4,5],[-1,2,3],[-1,-2,-5],[3,-4,-5],[-3,-4],[-2,3,5],[-2,-3,-4],[-1,3,-5],[1,4,-5],[-3,5],[-1,-3],[-2,-4],[1,-2,-4],[-1,2],[1,3]]",5.0,23.0,4.6,61.0,2.652173913043478,0.476280484787101,2.0,3.0,0.3478260869565217,0.6521739130434783,0.3934426229508196,1.6,1.3564659966250536,1.0,5.3,1.3453624047073711,8.0,12.2,1.32664991614216,10.0,14.0,-0.221025641025641,0.2160818993928769,-0.5384615384615384,0.0,4.0,0.0,4.0,4.0,1.3675889328063242,0
sat-00344,977bcfca9c6078715105779059f4d21c167f8ce6ddaa901dc395e609e72f35e3,2sat,4,"[[2,-3],[1,3],[3,-4],[1,-4],[-1,3],[1,-3],[2,4],[2,-4],[1,-2],[-2,-4],[-1,2],[1,4],[-2,3],[3,4],[-1,-2]]",4.0,15.0,3.75,30.0,2.0,0.0,2.0,2.0,1.0,0.0,0.5666666666666667,0.82915619758885,0.82915619758885,1.0,2.5,0.5,3.0,7.5,0.5,7.0,8.0,0.1339285714285714,0.2207001266840763,-0.1428571428571428,0.4285714285714285,3.0,0.0,3.0,3.0,0.9333333333333332,0
sat-01211,1d34cc298d65d85b41f67e6e5fddab476cc16ad70ea796cca54e0114a9f765f2,2sat,5,"[[3,-5],[1,2],[-1,-5],[-3,-4],[-4,-5],[4,5],[2,-4],[-2,-3],[2,-3],[3,-4],[-2,-5],[1,-5],[2,3],[-1,3],[1,-3],[-4,5],[3,4],[2,-5],[-3,4],[-3,5],[-1,-2],[-1,2],[1,-2],[2,4],[2,5],[-1,5],[1,5],[-1,4],[1,4]]",5.0,29.0,5.8,58.0,2.0,0.0,2.0,2.0,1.0,0.0,0.5344827586206896,0.9797958971132712,0.7999999999999999,1.0,2.9,0.8306623862918074,4.0,11.6,0.4898979485566356,11.0,12.0,0.0666666666666666,0.145201800614678,-0.0909090909090909,0.3333333333333333,4.0,0.0,4.0,4.0,0.7586206896551724,0
sat-00131,8d13704d04ef2a5e198cefc3f9f0085747f235e13a875a226d88fe5f81fac88c,mixed,5,"[[1,-2,5],[-1,-3,4],[-2,-4,5],[-3,-4],[-2,3,-5],[-2,-4],[-1,3,5],[-4,5],[-1,2,-4],[-1,-2,-4],[1,-3,-5]]",5.0,11.0,2.2,30.0,2.727272727272727,0.4453617714151232,2.0,3.0,0.2727272727272727,0.7272727272727273,0.3333333333333333,1.095445115010332,1.4142135623730951,1.0,2.7,0.7810249675906654,4.0,6.0,0.6324555320336759,5.0,7.0,-0.3161904761904762,0.3786789305286258,-0.7142857142857143,0.3333333333333333,4.0,0.0,4.0,4.0,1.3818181818181818,1
sat-02242,41196f3573235b36e14deec487ae307144213500326271b781a2b87dc900a726,3sat,5,"[[-3,-4,-5],[1,3,-5],[2,4,-5],[-1,-4,-5],[-1,-2,-3],[2,-3,-5],[-1,2,-5],[1,-3,4],[-1,-2,3],[-1,3,4],[-2,-3,-4],[2,3,5]]",5.0,12.0,2.4,36.0,3.0,0.0,3.0,3.0,0.0,1.0,0.3888888888888889,1.16619037896906,1.2,1.0,3.6,0.916515138991168,5.0,7.2,0.9797958971132712,6.0,9.0,-0.2222222222222222,0.3097475788609642,-0.7142857142857143,0.1428571428571428,4.0,0.0,4.0,4.0,1.7272727272727273,1
sat-01712,cc094b2e1ab946b3e329be4b27339005b72be44f8c9c0f5e4f89728906bac0ed,mixed,4,"[[-2,4],[-1,3,4],[-1,-2,3],[1,2,-4],[1,-3],[-1,2],[-2,-3,-4],[-2,3],[1,-2],[1,-3,4],[-2,-3,4],[3,4],[-1,2,-4],[-1,-2],[1,-2,4],[1,-2,-3],[2,3,-4],[-1,2,4],[1,3],[-1,4],[1,3,4],[-1,-3,4],[-1,-4]]",4.0,23.0,5.75,59.0,2.565217391304348,0.4957284456952773,2.0,3.0,0.4347826086956521,0.5652173913043478,0.5084745762711864,1.8027756377319943,1.7853571071357126,1.0,8.166666666666666,1.2133516482134197,10.0,14.75,1.479019945774904,13.0,17.0,0.0164296487825899,0.2241882011344647,-0.2857142857142857,0.3333333333333333,3.0,0.0,3.0,3.0,1.6205533596837944,0
sat-00958,4c2a6e5a85098d625f13b931f2095d7aff65c0ba9afd14af083e3e96623e80af,mixed,5,"[[1,-3,5],[1,-2,3],[2,4,5],[-1,4],[-2,4],[1,-2],[4,5],[1,3,4],[1,2,-4],[-1,2,-4],[1,-3],[2,3],[-2,-3,-5],[-1,-2,5],[1,5],[1,-5],[1,-2,5],[-2,-5],[2,4,-5],[2,-3,5],[2,5],[1,-3,-5],[-1,-2,3],[-2,-4,-5],[1,-4,-5],[1,2,3],[-1,-2],[1,-2,-5]]",5.0,28.0,5.6,73.0,2.607142857142857,0.4883855118277622,2.0,3.0,0.3928571428571428,0.6071428571428571,0.547945205479452,2.756809750418044,2.576819745345025,1.0,6.2,2.6,10.0,14.6,3.878143885933064,10.0,19.0,0.0973099415204678,0.2074200995691517,-0.1578947368421052,0.4444444444444444,4.0,0.0,4.0,4.0,1.4126984126984128,0
sat-02178,3d939a7f4e747e6d4cf2327c095f051c54c9802c54e3294991a6eb9b8a02b34f,mixed,5,"[[2,-3,4],[1,4],[4,-5],[-2,-3],[1,-5],[1,3,-5],[-1,2,-3],[4,5],[-2,4,5],[2,-3],[-1,-2,4],[1,-4,5],[1,2],[1,-2],[-1,3],[2,4,5],[1,2,-4],[-3,4,-5],[3,5],[-1,-3,-4]]",5.0,20.0,4.0,50.0,2.5,0.5,2.0,3.0,0.5,0.5,0.58,1.7204650534085253,0.9797958971132712,1.0,4.0,1.1832159566199232,6.0,10.0,0.8944271909999159,9.0,11.0,0.141010101010101,0.2626896582381013,-0.3333333333333333,0.4545454545454545,4.0,0.0,4.0,4.0,1.194736842105263,0
sat-00387,e55278c38cce24ea6f752aa4ca1387de8728d9f8765a5a955693b5c56f30f2b6,mixed,5,"[[-1,3,-5],[3,4],[-2,3],[-1,-3],[1,-3,-4],[-2,-4],[2,5],[1,3,5],[-3,-4],[1,2,5],[-1,-3,4],[2,-5],[-1,2],[-1,3,4],[-1,-5],[1,4],[-1,3],[1,-4,5],[-2,-4,-5]]",5.0,19.0,3.8,46.0,2.421052631578948,0.4937279747182557,2.0,3.0,0.5789473684210527,0.4210526315789473,0.5,0.7999999999999999,1.3564659966250536,1.0,3.5,1.857417562100671,7.0,9.2,1.7204650534085253,7.0,12.0,0.013015873015873,0.1411981269731315,-0.1666666666666666,0.2,4.0,0.0,4.0,4.0,1.1461988304093569,0
sat-00984,8a016655cf464cd8e9e448d062e21ab273b01c6016232981e691c4b4269cb2b6,3sat,4,"[[-2,-3,-4],[-2,3,4],[-1,2,4],[-1,3,4],[2,-3,4],[1,3,4],[1,-3,4],[-1,3,-4],[1,-3,-4],[-1,-3,-4],[1,-2,-3],[-1,2,-4],[1,-2,-4],[2,3,-4],[1,2,-3],[-1,2,-3],[1,2,-4],[-2,-3,4],[2,3,4],[-1,-3,4],[2,-3,-4],[1,-2,3],[1,2,4],[-2,3,-4],[-1,-2,-4],[1,2,3]]",4.0,26.0,6.5,78.0,3.0,0.0,3.0,3.0,0.0,1.0,0.5128205128205128,0.7071067811865476,1.5,1.0,13.0,1.2909944487358056,15.0,19.5,1.118033988749895,18.0,21.0,0.0303467000835421,0.1070751042575801,-0.1,0.1578947368421052,3.0,0.0,3.0,3.0,2.227692307692308,0
sat-00552,078be7d7e0c6dc0ff6511c583f13914e8a58b95b6d2416f3ce636e2076456e6c,mixed,4,"[[1,2],[1,3],[1,-3,4],[-1,-2,4],[-1,-4],[2,-3,4],[3,4],[1,-2,-4],[-1,-2],[2,3,-4],[1,-3,-4],[-2,-4],[-1,-3,-4]]",4.0,13.0,3.25,33.0,2.5384615384615383,0.4985185152621431,2.0,3.0,0.4615384615384615,0.5384615384615384,0.4545454545454545,0.82915619758885,0.8660254037844386,1.0,4.5,1.384437310486346,6.0,8.25,1.299038105676658,7.0,10.0,-0.0936507936507936,0.1204990881057443,-0.2,0.1111111111111111,3.0,0.0,3.0,3.0,1.5769230769230769,0
sat-00123,8dd0b087b831735152eef14ab4720e01218fe6cc68e481f58f96faf2afb15b5d,2sat,4,"[[-3,-4],[-2,3],[2,-3],[3,4],[1,3],[-2,-4],[-3,4],[-1,-3],[2,4],[-1,4],[1,4],[-1,-4],[1,2],[1,-2],[2,3],[1,-3],[-2,4],[1,-4],[2,-4],[-2,-3],[-1,-2],[3,-4],[-1,2]]",4.0,23.0,5.75,46.0,2.0,0.0,2.0,2.0,1.0,0.0,0.5,0.4330127018922193,0.4330127018922193,1.0,3.8333333333333335,0.3726779962499649,4.0,11.5,0.5,11.0,12.0,0.0,0.0642824346533225,-0.0909090909090909,0.0909090909090909,3.0,0.0,3.0,3.0,0.9565217391304348,0
sat-02518,fc86013017a5822b1e02ab00b48b8c43d26292f83567a95279e1ee49e56b6ec8,3sat,5,"[[-1,4,5],[-1,2,5],[-1,3,-5],[-2,3,-4],[1,-2,4],[1,-2,3],[-2,-3,4],[2,-3,-5],[-1,2,3],[-1,-3,-4],[1,-2,-5],[1,3,5],[1,3,-5],[2,4,5],[-1,3,5],[2,4,-5],[-1,4,-5],[2,3,5],[-1,2,-4],[-1,-2,-5],[1,-4,5],[-2,-3,5],[-2,4,-5],[3,4,5],[1,3,-4],[-3,-4,5],[1,2,-5],[-2,-3,-4],[-3,4,-5]]",5.0,29.0,5.8,87.0,3.0,0.0,3.0,3.0,0.0,1.0,0.5172413793103449,0.8944271909999159,1.2,1.0,8.7,1.1874342087037917,11.0,17.4,1.3564659966250536,16.0,20.0,0.0367647058823529,0.0968804064235329,-0.0588235294117647,0.1764705882352941,4.0,0.0,4.0,4.0,1.7684729064039408,0
sat-01811,771841c1ceb8a2370371c5ed00ed7f3634accfe058a59facc144e7a4f03afd88,3sat,5,"[[-1,2,4],[1,-3,-5],[1,4,-5],[2,-4,5],[-1,-3,-4],[2,-3,5],[1,3,5],[1,3,4],[2,4,5],[-1,-2,3],[2,-3,-5],[1,-2,5],[1,4,5],[2,4,-5],[1,-3,-4],[1,2,5],[3,-4,5],[3,4,5],[-3,-4,-5],[-2,-3,-5],[-2,3,5],[1,-2,-3],[2,3,4],[-3,4,-5],[-1,-2,4],[-1,4,5],[1,3,-4],[-1,-4,5],[-1,-2,-3],[2,3,-5],[2,3,5],[2,-3,4],[-3,4,5],[-1,3,-4],[-1,-3,-5]]",5.0,35.0,7.0,105.0,3.0,0.0,3.0,3.0,0.0,1.0,0.5619047619047619,1.469693845669907,2.0396078054371136,1.0,10.5,2.1095023109728985,14.0,21.0,2.280350850198276,18.0,24.0,0.1294014020558643,0.1259539208884584,-0.0833333333333333,0.238095238095238,4.0,0.0,4.0,4.0,1.7865546218487396,0
sat-01640,b45b2eb68b77816e0e87b9a17cb04bd59cf4050669337138b6cce30bf34ed877,3sat,4,"[[-1,-2,4],[-1,-3,-4],[-1,3,4],[1,-3,-4],[2,-3,-4],[-1,2,4],[1,2,3],[1,-2,3],[-1,-2,-3],[-2,3,4],[1,2,4],[1,-2,-3],[-1,3,-4],[-1,-2,3],[-2,3,-4],[1,-3,4],[1,3,4],[2,-3,4],[1,2,-3],[1,3,-4],[-1,-3,4],[1,2,-4],[-1,2,-3],[1,-2,-4],[1,-2,4],[-2,-3,-4],[2,3,4]]",4.0,27.0,6.75,81.0,3.0,0.0,3.0,3.0,0.0,1.0,0.5185185185185185,1.118033988749895,0.82915619758885,1.0,13.5,0.957427107756338,15.0,20.25,0.82915619758885,19.0,21.0,0.0356516290726817,0.0871229955892816,-0.0526315789473684,0.1428571428571428,3.0,0.0,3.0,3.0,2.225071225071225,0
sat-00313,5b6bade1fbdf71da7a6ca882bbd59254cc78ccf1572bac08b948c8ec9c28aba5,mixed,4,"[[-1,-2,-3],[-2,4],[-1,-3,4],[1,-4],[3,-4],[-1,4],[-1,2],[2,3,-4],[1,-3,4]]",4.0,9.0,2.25,22.0,2.4444444444444446,0.4969039949999532,2.0,3.0,0.5555555555555556,0.4444444444444444,0.4545454545454545,0.8660254037844386,0.7071067811865476,1.0,2.833333333333333,0.8975274678557507,4.0,5.5,1.118033988749895,4.0,7.0,-0.0976190476190476,0.1826207549432824,-0.3333333333333333,0.1428571428571428,3.0,0.0,3.0,3.0,1.4444444444444444,1
sat-02323,f5478f07a185e2965f60675f880922df105d1c6ccc15301fd30ce46b2fd6dbf7,mixed,5,"[[1,-4,-5],[-3,-4],[-3,-4,5],[-1,2,-4],[1,2,4],[2,3],[1,3],[-1,2,5],[-3,4,5],[-1,2],[-2,3],[-2,4,5],[2,-4,-5],[2,-3,-4],[4,-5],[-1,-2,-3],[1,-2,5],[1,-4],[-2,-3,-4],[-1,4,-5],[-1,-3,5],[-1,2,-5],[1,-2,-5],[-1,-2],[-2,5]]",5.0,25.0,5.0,66.0,2.64,0.48,2.0,3.0,0.36,0.64,0.4393939393939394,1.7204650534085253,0.8,1.0,5.7,1.7916472867168916,9.0,13.2,1.9390719429665315,10.0,16.0,-0.1393406593406593,0.1688198235818257,-0.4,0.0769230769230769,4.0,0.0,4.0,4.0,1.3733333333333333,0
sat-02327,ba450de651a60399b999cb682f6aed3bd2fc3e77843384aa07626ac70c665299,mixed,4,"[[-1,3],[1,-2],[1,-3,4],[-1,2,3],[1,3],[1,-2,3],[-2,3,4],[-1,2,4],[-2,-3,-4],[-1,3,4],[-1,-3,4],[1,4],[1,-4],[-2,-3]]",4.0,14.0,3.5,36.0,2.571428571428572,0.4948716593053935,2.0,3.0,0.4285714285714285,0.5714285714285714,0.5555555555555556,1.7320508075688772,1.224744871391589,1.0,5.0,1.2909944487358056,7.0,9.0,1.5811388300841898,7.0,11.0,0.0905844155844155,0.3350805077927512,-0.4285714285714285,0.5,3.0,0.0,3.0,3.0,1.637362637362637,1
sat-02458,01166377e02505d8d9570325b032ab755f772222a9d00b7029634255ef4807b0,3sat,5,"[[1,-2,-4],[1,2,3],[-2,3,-5],[-1,3,-5],[-1,3,4],[-1,-3,5],[1,-4,-5],[2,-3,5],[-2,-3,-4],[-1,2,-5],[-1,2,-3],[-3,-4,-5],[-1,3,5],[1,3,5],[1,-3,4],[-2,-3,5],[-2,4,5],[-2,4,-5],[-1,-3,4],[-1,-2,4],[-1,-2,3],[2,-4,5],[1,-4,5],[1,-2,4],[1,3,-5],[-3,-4,5],[-2,3,4],[1,-2,5],[-2,-4,-5],[-3,4,-5],[-2,3,-4],[-1,-2,-4],[-1,2,-4],[1,-2,3]]",5.0,34.0,6.8,102.0,3.0,0.0,3.0,3.0,0.0,1.0,0.4509803921568627,1.7204650534085253,2.0396078054371136,1.0,10.2,1.16619037896906,12.0,20.4,0.8,19.0,21.0,-0.095187969924812,0.1764510990560862,-0.4285714285714285,0.0526315789473684,4.0,0.0,4.0,4.0,1.7664884135472372,0
sat-00916,616fe7a021146eb1f03178bcaea4374e27b536307c1e93996a39996cd195c70f,mixed,5,"[[-1,2,4],[-3,4,-5],[1,-2,5],[-1,5],[-3,-5],[4,5],[1,2,3],[2,-3,-5],[1,-4,-5],[-3,4,5],[-1,-2],[1,-5],[-2,-5],[2,4,5],[-1,-2,-4],[-3,5],[1,2,-5],[3,-5],[3,-4,-5],[-1,2,5],[2,-3],[-2,-3,5],[1,-2,-4],[-1,-2,-5],[1,-3],[1,-2,-5],[-1,2,-4],[-1,-3,-4],[-4,-5],[-1,-2,5]]",5.0,30.0,6.0,79.0,2.6333333333333333,0.4818944098266986,2.0,3.0,0.3666666666666666,0.6333333333333333,0.4177215189873418,2.244994432064365,1.6,1.0,6.8,2.785677655436824,12.0,15.8,3.4292856398964493,12.0,21.0,-0.1854341736694678,0.1632036718003646,-0.5,-0.0588235294117647,4.0,0.0,4.0,4.0,1.4114942528735632,0
sat-02981,8c111c91f91e98fbaf75ae1761c348c6c2f62eedfdee8ee4b9b21550c87fb605,3sat,4,"[[2,3,4],[-2,3,4],[-1,-2,4],[1,2,3],[-2,3,-4],[-2,-3,4],[2,-3,-4],[-1,-2,-3],[1,-3,4],[1,2,-3],[1,2,-4],[2,3,-4]]",4.0,12.0,3.0,36.0,3.0,0.0,3.0,3.0,0.0,1.0,0.5555555555555556,0.7071067811865476,1.224744871391589,1.0,6.0,2.160246899469287,9.0,9.0,1.8708286933869709,6.0,11.0,0.1338383838383838,0.1225463187732417,0.0,0.3333333333333333,3.0,0.0,3.0,3.0,2.287878787878788,1
sat-00352,51eed700c06d2523cb72ec8146bcfa570cc2fc3a4b8543ab3f3f36b08d19bf25,2sat,4,"[[2,4],[2,-3],[-2,-3],[-1,3],[-1,2],[2,3],[2,-4],[-1,-4],[3,-4],[1,4],[1,-3],[-2,4],[-1,4],[1,-4],[-1,-2],[3,4],[-1,-3],[-3,4]]",4.0,18.0,4.5,36.0,2.0,0.0,2.0,2.0,1.0,0.0,0.5,1.118033988749895,1.118033988749895,1.0,3.0,0.5773502691896257,4.0,9.0,0.7071067811865476,8.0,10.0,0.0013888888888888,0.2376705040986754,-0.3333333333333333,0.25,3.0,0.0,3.0,3.0,0.9477124183006536,0
sat-01864,38566df6891411bec9ddbca6e04abbe777e1ffa21654c9820111978ebfaf0cad,3sat,4,"[[1,-2,3],[-2,-3,4],[1,2,4],[2,-3,-4],[-1,-3,4],[-2,3,4],[-1,2,3],[1,-3,-4],[2,-3,4],[-1,-2,-3]]",4.0,10.0,2.5,30.0,3.0,0.0,3.0,3.0,0.0,1.0,0.5,0.82915619758885,1.479019945774904,1.0,5.0,1.2909944487358056,7.0,7.5,1.118033988749895,6.0,9.0,0.0238095238095238,0.2704242069428701,-0.3333333333333333,0.4285714285714285,3.0,0.0,3.0,3.0,2.2222222222222223,1
sat-01305,ae15c8bb75d4c5d2fadfaea523d4a124de12af960cc86aee9ec8900b29f40196,mixed,5,"[[-1,-3,-5],[1,3],[1,-3,5],[-4,5],[-3,-4],[-3,4],[1,3,-4],[-1,-2,-5],[3,4,-5],[2,4,-5],[-1,2,3]]",5.0,11.0,2.2,29.0,2.636363636363636,0.4810456929208346,2.0,3.0,0.3636363636363636,0.6363636363636364,0.4827586206896552,0.7483314773547882,1.095445115010332,1.0,2.5,1.284523257866513,5.0,5.8,1.6,3.0,8.0,0.0,0.2108185106778919,-0.3333333333333333,0.3333333333333333,4.0,0.0,4.0,4.0,1.3818181818181818,1
sat-02781,f91bfb880c296ec822b4a8fdfeabc89ae9a0d86fa424edf10d5cdd76255b95d8,mixed,5,"[[1,3,5],[1,-2,-3],[-2,-3,-4],[1,-4,5],[-3,-4,-5],[2,3,5],[-1,2,-4],[3,4],[1,4,-5],[1,4,5],[-1,-4,5],[-1,3,4],[1,-2,4],[-1,3,5],[-1,3],[-1,-4],[-3,4,5],[-1,4,-5],[-2,-3],[1,-3,5],[-1,-3,4],[-1,-2]]",5.0,22.0,4.4,61.0,2.772727272727273,0.419070202604222,2.0,3.0,0.2272727272727272,0.7727272727272727,0.5081967213114754,2.2271057451320084,2.0,1.0,5.6,2.4979991993593598,10.0,12.2,3.059411708155671,7.0,16.0,-0.0066183816183816,0.2939443307118122,-0.4285714285714285,0.4545454545454545,4.0,0.0,4.0,4.0,1.58008658008658,1
sat-02745,ab13e2ab4c0eb9b2945a47715fc52fef71da4769e7fa6da9bff06648e735a3a8,mixed,5,"[[-1,4,-5],[-1,2,-5],[1,-4,-5],[-1,2,4],[3,-5],[1,-3,4],[2,-4,-5],[1,2,4],[4,-5],[1,3,-5],[-2,-3,-5],[-1,3,5],[3,5],[1,2,-4],[2,-3,5],[2,-3],[-3,-4,-5],[-3,-4,5],[-2,3,5],[-1,-2],[-1,-2,4],[1,2,-3],[-1,2,-3],[2,3,-4],[1,-3],[-1,-3,5],[1,-3,-5],[1,-2,3],[-2,-4],[-2,3],[-3,5],[3,-4,5],[-3,-4],[2,4],[-1,-3,-5]]",5.0,35.0,7.0,94.0,2.685714285714285,0.4642307659791977,2.0,3.0,0.3142857142857143,0.6857142857142857,0.4680851063829787,1.32664991614216,2.3664319132398464,1.0,8.3,2.3685438564654024,14.0,18.8,2.315167380558045,16.0,23.0,-0.0556127637935418,0.1560343203875917,-0.217391304347826,0.2222222222222222,4.0,0.0,4.0,4.0,1.4285714285714286,0
sat-02954,8993554fd9b7489257b5b98fbc851017132c729f3a75d18ddba2dfe0dd7cab1d,3sat,5,"[[1,-2,-4],[-2,-3,-5],[-1,-4,-5],[-1,2,-4],[1,2,-5],[1,-2,5],[1,-4,-5],[2,-3,5],[1,3,-4],[2,3,4],[-1,2,4],[1,4,5],[1,2,4],[-2,-3,-4],[-2,-3,4],[1,2,-3],[2,-3,4],[-3,4,-5],[-1,4,5],[1,-4,5],[3,-4,5],[1,3,4],[1,2,-4],[3,4,-5],[-1,2,5],[1,-2,3],[3,-4,-5]]",5.0,27.0,5.4,81.0,3.0,0.0,3.0,3.0,0.0,1.0,0.5679012345679012,1.939071942966532,1.6733200530681511,1.0,8.1,2.3430749027719964,12.0,16.2,2.2271057451320084,14.0,20.0,0.1323529411764706,0.169978626785881,0.0,0.4117647058823529,4.0,0.0,4.0,4.0,1.789173789173789,0
sat-00265,e811561d8311d8ff713dc17d9d1a03919a6ac718644acb9fbf94fffe0db7341d,mixed,4,"[[-1,-4],[1,-2],[1,2,4],[1,-2,4],[-3,-4],[1,-2,-4],[1,-3,4],[-1,2,3],[-2,3],[-3,4],[-1,4],[-2,-3],[1,-2,3],[2,-3,-4],[1,3],[1,2],[2,4],[-2,4],[-1,2,-4],[2,-3,4],[1,3,-4],[-1,-2,3],[1,2,-3],[2,3,4],[-1,-2,-4],[-1,-3]]",4.0,26.0,6.5,66.0,2.5384615384615383,0.4985185152621431,2.0,3.0,0.4615384615384615,0.5384615384615384,0.5303030303030303,1.0897247358851685,0.82915619758885,1.0,9.0,1.2909944487358056,11.0,16.5,1.118033988749895,15.0,18.0,0.0587009803921568,0.0967317070051925,-0.0666666666666666,0.1764705882352941,3.0,0.0,3.0,3.0,1.5815384615384616,0
sat-02886,a1bd10567984ab54884eab4f8a9cedacfc3ac0a282d93a702a469f2081475ce2,2sat,4,"[[1,3],[3,-4],[-1,2],[-3,4],[1,4],[-2,3],[1,-3],[2,-4],[-1,-3],[1,2],[-2,-3]]",4.0,11.0,2.75,22.0,2.0,0.0,2.0,2.0,1.0,0.0,0.5454545454545454,0.7071067811865476,0.8660254037844386,1.0,1.8333333333333333,0.6871842709362768,3.0,5.5,1.118033988749895,4.0,7.0,0.0976190476190476,0.1826207549432824,-0.1428571428571428,0.3333333333333333,3.0,0.0,3.0,3.0,0.9454545454545454,0
sat-01356,cc6126fdf8795a148f4373a6902b72cfd0d8df131d7be4d1d5f5de3bfae36976,2sat,4,"[[1,-2],[-2,-4],[2,4],[-1,3],[3,4],[-1,2],[-3,-4],[2,-3],[2,3],[-1,-2],[1,-3],[1,4],[1,2]]",4.0,13.0,3.25,26.0,2.0,0.0,2.0,2.0,1.0,0.0,0.5769230769230769,0.82915619758885,0.4330127018922193,1.0,2.1666666666666665,0.8975274678557507,4.0,6.5,1.118033988749895,5.0,8.0,0.1482142857142857,0.0935925548669904,0.0,0.25,3.0,0.0,3.0,3.0,0.9487179487179488,0
sat-01544,0f6658911308dd5ec3347156c2387c480cf8995659dcfb94725c638e608ce924,2sat,5,"[[3,-4],[-1,-5],[-2,-3],[3,4],[3,-5],[2,5],[-3,-4],[1,5],[4,5],[-1,-2],[-3,-5],[2,4]]",5.0,12.0,2.4,24.0,2.0,0.0,2.0,2.0,1.0,0.0,0.5,0.8,0.4898979485566356,0.8,1.2,0.8717797887081347,3.0,4.8,1.16619037896906,3.0,6.0,-0.0266666666666666,0.1717879830230016,-0.3333333333333333,0.2,3.2,0.7483314773547882,2.0,4.0,0.7424242424242424,0
sat-02377,c27d9c2be50e78150a83352af0f44f5abd671a536fd375e59483c3b3bd3e8571,3sat,5,"[[2,3,4],[1,2,-4],[3,-4,5],[-3,4,5],[-1,2,-3]]",5.0,5.0,1.0,15.0,3.0,0.0,3.0,3.0,0.0,1.0,0.6666666666666666,0.6324555320336759,0.8944271909999159,0.8,1.5,0.9219544457292888,3.0,3.0,0.8944271909999159,2.0,4.0,0.4,0.4898979485566356,0.0,1.0,3.2,0.7483314773547882,2.0,4.0,1.7,1
sat-02009,2fc675e2fb3b08f2a38e5aeca89caf4737defbfa1955b7455c42c3eb5c3937fd,3sat,4,"[[2,-3,-4],[1,-2,4],[-2,-3,4],[-1,-2,4],[-1,2,-4],[1,2,-4],[2,3,4],[-2,-3,-4],[-1,3,-4],[1,3,-4],[-1,-2,3],[-1,-2,-4],[2,3,-4],[1,2,3],[-1,2,-3],[-2,3,-4]]",4.0,16.0,4.0,48.0,3.0,0.0,3.0,3.0,0.0,1.0,0.4583333333333333,1.5,1.8027756377319943,1.0,8.0,1.8257418583505536,11.0,12.0,1.5811388300841898,10.0,14.0,-0.0779720279720279,0.2439214068034074,-0.3846153846153846,0.2727272727272727,3.0,0.0,3.0,3.0,2.2416666666666667,1
sat-01198,6a7450fce6f5ce52706e09e58a4ccb27ff8417ee31566e123de254bdb267dfc5,3sat,5,"[[-3,4,5],[-3,-4,5],[-1,-4,5],[-1,-3,-5],[-1,3,5],[-1,-3,5],[2,3,4],[-1,-2,3],[3,-4,-5],[2,-3,4],[1,3,4],[-1,2,-4],[-2,-4,-5],[-2,-4,5],[1,4,5],[-1,-4,-5],[-1,2,-5],[2,-4,5],[-1,-2,-3],[1,3,-5],[-2,4,-5],[-1,4,-5],[-1,2,3],[1,-2,-5],[1,-2,5],[-1,2,5]]",5.0,26.0,5.2,78.0,3.0,0.0,3.0,3.0,0.0,1.0,0.4615384615384615,1.6,2.0591260281974,1.0,7.8,2.08806130178211,12.0,15.6,2.154065922853801,13.0,19.0,-0.0697753433357148,0.1779544141810184,-0.4117647058823529,0.0769230769230769,4.0,0.0,4.0,4.0,1.7876923076923077,1
sat-02993,308fe5929a6fd8574d6accadd1aded00504eaff966d284efb9cb2bede2bc4a71,2sat,5,"[[3,-4],[-1,4],[1,5],[-2,4],[4,5],[-2,5],[2,5],[-1,-5],[-1,-2],[4,-5],[-3,5],[-1,-4],[-2,-4],[1,-3],[2,3],[2,4],[-4,-5],[-1,2],[1,-4],[-1,-3]]",5.0,20.0,4.0,40.0,2.0,0.0,2.0,2.0,1.0,0.0,0.475,1.16619037896906,1.16619037896906,1.0,2.0,0.7745966692414834,3.0,8.0,1.6733200530681511,5.0,10.0,-0.0566666666666666,0.1987740202116743,-0.3333333333333333,0.25,4.0,0.0,4.0,4.0,0.7736842105263158,0
sat-01340,4cc0e12966845b7fc933934c2f68694a8afd398c4aea96737b773a64cf3f9bdf,mixed,5,"[[-3,4,5],[2,-3,5],[-2,-3,-4],[-2,-4,-5],[2,-4,5],[-1,5],[4,-5],[3,-4],[-3,4],[3,-4,-5],[-3,-4,5],[-1,-2],[-1,-3,-5],[-2,-4,5],[1,-3,4],[2,-3,-5],[3,-5],[-1,3,-4],[2,-4,-5],[-2,-3,5]]",5.0,20.0,4.0,54.0,2.7,0.458257569495584,2.0,3.0,0.3,0.7,0.3703703703703703,1.8973665961010275,2.0396078054371136,1.0,4.8,2.638181191654584,8.0,10.8,3.370459909270543,5.0,14.0,-0.296068376068376,0.2144393856730611,-0.6,0.0,4.0,0.0,4.0,4.0,1.5421052631578946,1
sat-00092,293f8406de0197d157d677e5e07b4c4e2b143a8e8d8f22b6c15edeba94fc973b,3sat,5,"[[2,3,5],[-3,4,-5],[-1,3,5],[-2,3,5],[-3,-4,5],[1,-2,5],[-1,-3,4],[-1,-4,5],[-2,-4,5],[1,-2,4],[1,-2,-4],[-1,-2,-3],[-3,-4,-5],[-3,4,5],[2,-3,-5],[1,3,-4],[-2,-3,5],[-1,3,4],[-1,4,-5],[2,-3,-4],[-1,2,-3],[1,-2,-3],[1,-3,4],[-2,-4,-5],[1,-2,-5],[2,-4,-5],[2,-4,5],[2,4,5],[1,-4,5],[-2,3,-5],[-1,-2,5],[-1,3,-5]]",5.0,32.0,6.4,96.0,3.0,0.0,3.0,3.0,0.0,1.0,0.4479166666666667,2.244994432064365,1.3564659966250536,1.0,9.6,1.6852299546352716,13.0,19.2,1.6,17.0,22.0,-0.1122431747818744,0.1655054745158875,-0.2631578947368421,0.1818181818181818,4.0,0.0,4.0,4.0,1.7741935483870968,1
sat-02075,58970b51b4474f98603641160682d853888598d5bc2dacc9da528d0604fee4ad,3sat,4,"[[1,-3,4],[-1,2,-4],[1,2,4],[-1,-3,-4],[1,-2,-4],[1,2,-4],[-1,-2,3],[-1,3,-4],[-1,2,-3],[1,-3,-4],[2,-3,-4],[-2,-3,-4],[1,2,-3],[2,3,-4],[1,-2,3],[1,3,-4],[1,3,4],[-1,-2,-4],[1,-2,4],[2,-3,4],[-1,-3,4],[-1,-2,-3],[-1,-2,4]]",4.0,23.0,5.75,69.0,3.0,0.0,3.0,3.0,0.0,1.0,0.4492753623188406,1.479019945774904,1.118033988749895,1.0,11.5,1.5,14.0,17.25,1.299038105676658,16.0,19.0,-0.1048976608187134,0.1328897307647626,-0.25,0.0526315789473684,3.0,0.0,3.0,3.0,2.2292490118577075,1
sat-02132,f5ee4f0148bf562ed8b92e90616dd29bba4d06162f52600ea3b1c794bd0a8567,mixed,5,"[[-1,-3,5],[-2,-3,5],[-1,2,4],[3,-4],[2,-3,4],[1,-2,5],[-2,-5],[-2,3,-4],[1,5]]",5.0,9.0,1.8,24.0,2.6666666666666665,0.4714045207910317,2.0,3.0,0.3333333333333333,0.6666666666666666,0.5,0.8,1.019803902718557,0.9,2.1,1.0440306508910548,3.0,4.8,0.7483314773547882,4.0,6.0,0.0133333333333333,0.3194439613522917,-0.3333333333333333,0.6,3.6,0.4898979485566356,3.0,4.0,1.3055555555555556,1
sat-00624,b258568d8cc61488e9ff6251103cdc5a6d741c070ad12a455d632bfc523f052d,mixed,4,"[[3,4],[1,3,4],[-3,4],[-1,2,-4],[1,-2,4],[1,-3],[1,2],[-2,-3,4],[-1,3],[-2,3,4],[-1,-4],[-1,-3,-4],[-1,-2,3],[-2,-3,-4],[-1,-2,4],[2,3,-4]]",4.0,16.0,4.0,42.0,2.625,0.4841229182759271,2.0,3.0,0.375,0.625,0.4761904761904761,1.5811388300841898,0.5,1.0,6.0,1.1547005383792517,8.0,10.5,1.118033988749895,9.0,12.0,-0.0689393939393939,0.2050260907493742,-0.3333333333333333,0.1666666666666666,3.0,0.0,3.0,3.0,1.6833333333333331,1
sat-02201,15a6a5c2104aa164593cd95715e3bda3ca831989eb9c766a78727bf1e35be46f,2sat,4,"[[-2,-4],[-1,-2],[-1,2],[1,-3],[1,2],[1,-4]]",4.0,6.0,1.5,12.0,2.0,0.0,2.0,2.0,1.0,0.0,0.4166666666666667,1.299038105676658,0.4330127018922193,0.6666666666666666,1.0,1.0,3.0,3.0,1.5811388300841898,1.0,5.0,-0.45,0.5545268253204708,-1.0,0.2,2.0,0.7071067811865476,1.0,3.0,1.1333333333333333,1
sat-01256,994d0b179081435c3dd7d0c5376c16c4adec7f206a4262e0a0b984f640c57936,2sat,5,"[[2,-5],[3,-4],[-2,3],[1,-2],[-1,-4],[-2,5],[-2,4],[1,3],[1,-5],[-3,4],[1,4],[-4,-5],[-1,5],[1,-3],[-1,2],[4,5],[-3,5],[-3,-4],[-3,-5],[2,5],[-2,-3],[-1,-3],[1,-4],[2,3],[3,4],[-2,-5],[2,-4],[-1,3],[2,4]]",5.0,29.0,5.8,58.0,2.0,0.0,2.0,2.0,1.0,0.0,0.5,0.3999999999999999,0.7483314773547882,1.0,2.9,0.8306623862918074,4.0,11.6,1.0198039027185568,10.0,13.0,0.0027972027972027,0.0531836457114169,-0.0769230769230769,0.0909090909090909,4.0,0.0,4.0,4.0,0.7635467980295566,0
sat-00148,cac7f50bf93b1b0e3d3433975c3484710a01f80848464f8880fc8147c5163691,3sat,4,"[[-1,2,-4],[1,-3,4],[1,3,-4],[2,-3,-4],[2,3,-4],[1,2,-3],[-2,3,4],[-1,-2,4],[2,3,4],[-1,2,-3],[1,-2,4],[-2,-3,4]]",4.0,12.0,3.0,36.0,3.0,0.0,3.0,3.0,0.0,1.0,0.5555555555555556,1.0,0.7071067811865476,1.0,6.0,1.4142135623730951,8.0,9.0,1.224744871391589,7.0,10.0,0.1079365079365079,0.128600819685899,-0.1111111111111111,0.2,3.0,0.0,3.0,3.0,2.227272727272727,1
sat-00389,7c8abf07d730e858dd3ca26eae8abf29f40a366c2b55894e23223caca84e6def,3sat,4,"[[1,3,4],[-1,2,4],[1,2,-4],[-1,2,-4],[-1,-2,4],[2,-3,4],[-1,-3,4],[-1,3,-4],[1,2,-3],[2,-3,-4],[1,2,3],[-1,-2,-4],[1,-3,4]]",4.0,13.0,3.25,39.0,3.0,0.0,3.0,3.0,0.0,1.0,0.5384615384615384,1.479019945774904,1.5,1.0,6.5,1.5,9.0,9.75,1.299038105676658,8.0,11.0,0.0763888888888889,0.3017987125327743,-0.25,0.5555555555555556,3.0,0.0,3.0,3.0,2.230769230769231,1
sat-00965,c7829ad99411931504fb05c3dcdb1543e998bfc4fdc80a46aec0464d4a945c73,2sat,4,"[[-3,4],[-1,-4],[1,-3],[2,3],[1,-4],[-1,-3],[2,4],[3,4]]",4.0,8.0,2.0,16.0,2.0,0.0,2.0,2.0,1.0,0.0,0.5625,0.4330127018922193,1.0897247358851685,0.8333333333333334,1.3333333333333333,0.74535599249993,2.0,4.0,1.224744871391589,2.0,5.0,0.25,0.4555216789572149,-0.2,1.0,2.5,0.5,2.0,3.0,0.9642857142857144,0
sat-02042,a6987a68bac24f6489f943addfdbebfdceb7e9535bd1c52c6d05263c98322574,mixed,5,"[[2,4,5],[2,-4],[1,2,-3],[1,-3,4],[-1,-4,5],[1,3],[1,-2,-4],[1,3,5],[-1,-2,-5],[1,-2],[-2,-4,-5],[1,-3,5],[2,-3,4],[-1,3],[2,-4,5],[1,-5],[-2,3],[-2,5],[-3,4],[-1,-2,-4],[1,2,-5],[-1,-2,4],[-4,-5],[-1,2,4],[-1,-3,5]]",5.0,25.0,5.0,66.0,2.64,0.48,2.0,3.0,0.36,0.64,0.5,1.624807680927192,1.0198039027185568,1.0,5.7,2.0518284528683197,9.0,13.2,2.1354156504062622,10.0,16.0,-0.0103846153846153,0.136546827720093,-0.2,0.1666666666666666,4.0,0.0,4.0,4.0,1.38,0
sat-00928,f536267a308e1aa3fe57f9bd64a765fff15e8db3bbdb0726078395d9a80f969b,mixed,4,"[[1,-2],[2,-3,-4],[-2,-3],[-1,2,4],[-1,-3,4],[1,-2,4],[-3,4],[-1,2,-3]]",4.0,8.0,2.0,21.0,2.625,0.4841229182759271,2.0,3.0,0.375,0.625,0.4285714285714285,1.479019945774904,1.4142135623730951,1.0,3.0,0.5773502691896257,4.0,5.25,0.4330127018922193,5.0,6.0,-0.15,0.5722761571129799,-1.0,0.6,3.0,0.0,3.0,3.0,1.6071428571428572,1
sat-02101,33fcf36a07b5b17db44a0cf7110485dbc17775e98419ac0260917e5f1a0662b8,mixed,4,"[[1,-2],[2,3,-4],[-2,-4],[-1,-2,3],[-1,-3,4],[1,2,-3],[-2,3],[1,2,4]]",4.0,8.0,2.0,21.0,2.625,0.4841229182759271,2.0,3.0,0.375,0.625,0.5238095238095238,0.4330127018922193,0.8660254037844386,1.0,3.0,0.816496580927726,4.0,5.25,1.0897247358851685,4.0,7.0,0.0642857142857143,0.1448081066622378,-0.1428571428571428,0.2,3.0,0.0,3.0,3.0,1.6785714285714286,1
sat-01952,ce36f8c37b772fda30b2e9046bd4ad1cf98bb8ad44e3c8dd06935cfb9e32726f,mixed,4,"[[-2,3,-4],[-1,-3],[-1,2,-4],[-1,-2,-4],[2,3,4],[1,2,4],[-1,4],[-2,3],[2,3],[-1,3],[1,-3,-4],[-1,2,-3],[1,-3],[1,-2],[-2,-3],[1,3,-4],[1,2],[-2,-3,-4],[-1,3,-4],[2,3,-4],[-1,-2,4],[3,4],[1,-2,4],[-2,4]]",4.0,24.0,6.0,61.0,2.5416666666666665,0.4982608642958915,2.0,3.0,0.4583333333333333,0.5416666666666666,0.4918032786885246,0.8660254037844386,1.0897247358851685,1.0,8.333333333333334,0.9428090415820634,10.0,15.25,0.4330127018922193,15.0,16.0,-0.0145833333333333,0.1261578321433557,-0.125,0.2,3.0,0.0,3.0,3.0,1.576086956521739,0
sat-01051,c6f7731994727e308e833a8e293159266c456f6b92bff0f4469a820aa4bba5bc,mixed,5,"[[-2,-4,5],[-2,-4],[1,2,4],[2,3],[2,4,5],[3,4,5],[1,-5],[-2,3],[2,3,4],[4,-5],[-1,2,3],[2,4],[-2,-3,-5],[1,-3,5]]",5.0,14.0,2.8,36.0,2.571428571428572,0.4948716593053935,2.0,3.0,0.4285714285714285,0.5714285714285714,0.6666666666666666,1.16619037896906,1.019803902718557,1.0,3.0,1.4832396974191326,6.0,7.2,1.939071942966532,4.0,10.0,0.3542857142857142,0.1526366901622066,0.1428571428571428,0.5,4.0,0.0,4.0,4.0,1.3296703296703296,1
sat-01621,aef4104f79e502c2a153d0a8b5ed27215ba6eb06008ec7e9125defd196c74de8,mixed,5,"[[-3,4],[-1,2,-3],[-1,2,-4],[-2,3,5],[-3,-4],[-1,-4],[4,-5],[1,-2,3],[1,-3],[1,-2,-5],[-2,-3,-5],[1,-5],[-1,2],[1,-2],[-2,-3,-4],[-1,2,4],[-2,-5],[-1,-3,4],[-3,-4,-5],[1,2,3],[3,-4,-5]]",5.0,21.0,4.2,54.0,2.571428571428572,0.4948716593053935,2.0,3.0,0.4285714285714285,0.5714285714285714,0.3703703703703703,1.6733200530681511,0.7483314773547882,1.0,4.5,1.688194301613413,8.0,10.8,1.6,8.0,12.0,-0.29,0.2533333333333333,-0.75,0.0,4.0,0.0,4.0,4.0,1.2904761904761906,0
sat-01355,13022cafdba9d14f685ed6567511a95ba0e989216b9cca74ec4d1168bbf33b66,2sat,5,"[[-2,4],[2,4],[-2,-4],[1,3],[-1,5],[-1,4],[-2,-3],[-1,2],[-1,-4],[2,-3],[3,-5],[4,-5],[3,4],[4,5],[3,5],[2,3],[2,5],[2,-5],[-2,-5],[-1,-5],[-2,3],[-3,-5],[1,-4]]",5.0,23.0,4.6,46.0,2.0,0.0,2.0,2.0,1.0,0.0,0.5217391304347826,1.6,1.2,1.0,2.3,1.004987562112089,4.0,9.2,1.32664991614216,7.0,11.0,0.0258008658008657,0.3002771156913304,-0.4285714285714285,0.3333333333333333,4.0,0.0,4.0,4.0,0.7628458498023716,0
sat-01933,0527f5d9991d55cf3198438c37a3fd68eaa163d6655f603a424175006a1d2458,2sat,4,"[[2,3],[-2,4],[-1,-3],[-2,3],[2,-3],[-1,2],[-3,-4],[1,-3],[-1,-2]]",4.0,9.0,2.25,18.0,2.0,0.0,2.0,2.0,1.0,0.0,0.3888888888888889,0.82915619758885,1.0897247358851685,0.8333333333333334,1.5,0.957427107756338,3.0,4.5,1.6583123951777,2.0,6.0,-0.2083333333333333,0.2165063509461096,-0.5,0.0,2.5,0.5,2.0,3.0,1.0277777777777777,0
sat-01455,f46fdaf7b3cee22b09df09dadcbc3c63c729efbd30a348ca6980ccd2984a990c,mixed,5,"[[-2,3,4],[3,4,5],[1,3],[1,-5],[1,2],[2,-3,5],[-2,4,-5],[1,2,3],[-1,-2,-3],[-1,4,5],[3,-4,-5],[2,3],[-4,5],[-3,4,5],[1,2,-3],[-3,4],[-1,4,-5]]",5.0,17.0,3.4,45.0,2.647058823529412,0.4778846120374094,2.0,3.0,0.3529411764705882,0.6470588235294118,0.6222222222222222,0.8,1.019803902718557,1.0,3.9,1.640121946685673,7.0,9.0,1.095445115010332,8.0,11.0,0.2515151515151516,0.1661040396392916,0.0909090909090909,0.5555555555555556,4.0,0.0,4.0,4.0,1.3455882352941178,1
sat-00777,64ab038e3a7f729a0304cc26c952463ac4929f9a9b34a51ebe0c484e1e84b451,2sat,4,"[[-2,-3],[-2,3],[2,-3],[2,3],[3,4],[1,2]]",4.0,6.0,1.5,12.0,2.0,0.0,2.0,2.0,1.0,0.0,0.6666666666666666,1.0,1.0,0.5,1.0,1.4142135623730951,4.0,3.0,2.0,1.0,5.0,0.6,0.4,0.2,1.0,1.5,0.5,1.0,2.0,1.3333333333333333,0
sat-01158,d68e9d95d5b57bb291b2f05ee92dec39e92b130bf63e7070c1f934302bd9e3ee,2sat,4,"[[1,-2],[3,-4],[-2,3],[-2,-4],[1,3],[-1,-2],[2,4],[2,-4]]",4.0,8.0,2.0,16.0,2.0,0.0,2.0,2.0,1.0,0.0,0.5,0.7071067811865476,1.5811388300841898,0.8333333333333334,1.3333333333333333,0.9428090415820634,3.0,4.0,1.224744871391589,3.0,6.0,0.125,0.5936586186989586,-0.5,1.0,2.5,0.5,2.0,3.0,0.9642857142857144,0
sat-02611,9bad4e8312553d2b3641292f33e722469cc1e4410c26a27cf1ae1928b156471b,mixed,5,"[[-1,2,5],[2,-3,-5],[-2,-3,-4],[2,5],[-2,-5]]",5.0,5.0,1.0,13.0,2.6,0.4898979485566356,2.0,3.0,0.4,0.6,0.3846153846153846,1.2649110640673518,0.4898979485566356,0.7,1.1,1.1357816691600546,4.0,2.6,1.624807680927192,1.0,5.0,-0.5599999999999999,0.5425863986500215,-1.0,0.2,2.8,0.7483314773547882,2.0,4.0,1.7,1
sat-01631,16243b2b86fbb073a99c8a273522e7aa7d5e2ba8accedf3ce8b8a5b4b8486657,3sat,4,"[[-1,-2,3],[-1,2,3],[-1,-2,-4],[1,-2,3],[-1,3,-4],[-1,-3,4],[2,-3,4]]",4.0,7.0,1.75,21.0,3.0,0.0,3.0,3.0,0.0,1.0,0.4285714285714285,1.0897247358851685,1.224744871391589,1.0,3.5,0.957427107756338,5.0,5.25,0.82915619758885,4.0,6.0,-0.1333333333333333,0.3620926830400072,-0.6666666666666666,0.3333333333333333,3.0,0.0,3.0,3.0,2.1904761904761907,1
sat-01493,a6ec5b974d2fcc5a1d47dec30b38321cde3fd9a492ce66e3fe6fdfa260720b3d,3sat,5,"[[2,-3,-4],[2,-3,5],[-1,-4,5],[-1,-3,5],[1,-3,4],[-1,2,-3],[2,-3,-5],[-2,-3,-4],[1,2,4],[2,3,-4],[-1,-4,-5],[-1,3,-5],[-1,-2,-3],[-1,-2,3],[1,2,5],[1,2,-5],[-2,3,-5],[1,-2,-3],[-1,2,-4],[-2,-4,5],[-2,-3,-5],[1,-3,-5],[-1,-3,4],[2,3,4],[3,4,5],[1,4,-5],[-1,3,-4],[-2,3,5],[2,-4,-5],[1,3,-4],[-3,4,5]]",5.0,31.0,6.2,93.0,3.0,0.0,3.0,3.0,0.0,1.0,0.4623655913978494,1.3564659966250536,1.6733200530681511,1.0,9.3,1.676305461424021,13.0,18.6,1.8547236990991407,17.0,22.0,-0.0740657347468493,0.1245051717649247,-0.1818181818181818,0.1578947368421052,4.0,0.0,4.0,4.0,1.778494623655914,0
sat-01777,72d348093f9695e0d6a838e7df9dbcd2fe837015144f3fc8e806253ae5fba925,3sat,5,"[[1,-2,-3],[-1,-3,5],[-2,-3,-4],[2,-3,5],[-1,3,4],[1,-2,3],[1,-3,5],[-2,4,-5],[2,4,5],[-1,2,-3],[-1,2,-5],[-1,4,-5],[1,2,-4],[-1,-4,-5],[-2,-3,-5],[-1,-2,5],[1,4,-5],[1,-2,5],[-3,-4,-5],[-2,-4,5],[-2,3,-5],[-1,4,5],[1,2,3],[1,2,4],[-1,-4,5],[-1,3,-4],[-1,2,-4],[-1,-2,3],[1,-2,-4],[-1,-2,-3],[-1,2,4],[-1,3,-5]]",5.0,32.0,6.4,96.0,3.0,0.0,3.0,3.0,0.0,1.0,0.4375,0.7999999999999999,2.4,1.0,9.6,2.615339366124404,14.0,19.2,2.9257477676655586,16.0,24.0,-0.1153361344537815,0.0842392442084555,-0.25,0.0,4.0,0.0,4.0,4.0,1.804435483870968,0
sat-00801,1f3ade4eeb0163a30ece812d0999e8c8a10691a4366bce0c3918d0a94ab1c9d4,2sat,4,"[[-1,3],[2,-4],[-1,-4],[1,-3],[1,3],[3,-4],[2,3],[-3,-4],[1,-4],[-2,-4],[-1,2],[1,2],[2,-3],[-1,4],[3,4],[1,4],[-1,-2],[2,4],[-2,4],[1,-2],[-3,4],[-2,-3],[-2,3]]",4.0,23.0,5.75,46.0,2.0,0.0,2.0,2.0,1.0,0.0,0.5217391304347826,0.0,0.5,1.0,3.8333333333333335,0.3726779962499649,4.0,11.5,0.5,11.0,12.0,0.0454545454545454,0.0454545454545454,0.0,0.0909090909090909,3.0,0.0,3.0,3.0,0.9565217391304348,0
sat-00359,443f08b9c3f7476ec208d85382a720bef15d7c2233de78d6d5073a2fb8f13285,3sat,4,"[[-1,2,-4],[1,-3,4],[1,3,4],[-1,3,-4],[-1,-3,4],[-1,2,-3],[1,3,-4],[2,3,4],[2,3,-4],[-1,3,4],[-2,3,4],[2,-3,-4],[1,-2,-4],[-1,-3,-4],[-1,2,3],[1,2,-3],[-2,3,-4],[1,2,-4],[-2,-3,4],[-1,-2,-4],[1,-3,-4],[-1,2,4],[1,-2,3],[1,2,4],[1,2,3],[-1,-2,4],[1,-2,-3]]",4.0,27.0,6.75,81.0,3.0,0.0,3.0,3.0,0.0,1.0,0.5308641975308642,0.4330127018922193,1.118033988749895,1.0,13.5,0.957427107756338,15.0,20.25,0.82915619758885,19.0,21.0,0.0644736842105263,0.0755620134260814,-0.0476190476190476,0.1578947368421052,3.0,0.0,3.0,3.0,2.225071225071225,0
sat-00220,bca79549a30cdec5f1fc8985fd156e29fdf61b90bed39a936df624b8983fa777,mixed,4,"[[2,-3,4],[-1,-3,-4],[2,4],[-2,3],[-1,2,4],[-1,-2,-3]]",4.0,6.0,1.5,16.0,2.6666666666666665,0.4714045207910317,2.0,3.0,0.3333333333333333,0.6666666666666666,0.4375,1.299038105676658,0.82915619758885,1.0,2.333333333333333,0.4714045207910317,3.0,4.0,0.7071067811865476,3.0,5.0,-0.2,0.5873670062235365,-1.0,0.5,3.0,0.0,3.0,3.0,1.6666666666666667,1
sat-00564,9ab0e74a4904fdc77fa22eadd05c56c3a5135ff1ab4553e760de31e7dbaa243c,3sat,5,"[[-1,2,4],[-1,-2,4],[2,4,-5],[-2,-3,5],[1,4,-5],[-1,2,5],[-1,-2,-5],[-2,-4,5],[-2,-3,-4],[-1,-3,5],[1,4,5],[1,3,-5],[-2,3,-5],[1,2,5],[1,2,3],[-2,3,-4],[-3,-4,-5],[1,-3,4],[-1,-4,-5],[2,3,4],[-1,4,5],[1,-2,-4],[-2,3,4],[-1,-3,4],[-3,4,-5],[1,-2,3],[2,3,-4],[-1,-2,-3],[-1,4,-5],[2,-4,5],[2,-4,-5],[1,3,5],[-1,2,-5],[-2,4,-5],[2,-3,-5]]",5.0,35.0,7.0,105.0,3.0,0.0,3.0,3.0,0.0,1.0,0.4857142857142857,1.6,1.6,1.0,10.5,1.688194301613413,13.0,21.0,1.7888543819998317,18.0,23.0,-0.028695652173913,0.1215638592503132,-0.1818181818181818,0.1818181818181818,4.0,0.0,4.0,4.0,1.7781512605042016,0
sat-01326,c00ffc674ae4c2a62856e10c49fc46c8d52d2b4e634062439eb8d6f5762d3009,3sat,4,"[[-1,-3,-4],[1,2,-3],[1,2,-4],[-1,-3,4],[-1,-2,-3],[-2,3,4],[1,-3,4],[2,3,-4],[-2,-3,4],[2,3,4],[-1,-2,4],[2,-3,-4],[-1,3,-4],[1,3,4],[1,-3,-4],[1,3,-4],[-2,3,-4]]",4.0,17.0,4.25,51.0,3.0,0.0,3.0,3.0,0.0,1.0,0.4901960784313725,0.82915619758885,1.5,1.0,8.5,2.6299556396765835,13.0,12.75,2.277608394786075,10.0,15.0,-0.0106060606060606,0.0646208124610185,-0.0666666666666666,0.0909090909090909,3.0,0.0,3.0,3.0,2.2794117647058822,0
sat-02748,f5e217b73f314b1c8dcb65c4f90a080f4179e69018396a252b5b02c5c705a351,3sat,5,"[[1,2,3],[-1,-3,-5],[-1,-4,-5],[1,-2,-5],[1,-3,5]]",5.0,5.0,1.0,15.0,3.0,0.0,3.0,3.0,0.0,1.0,0.4,0.9797958971132712,0.7483314773547883,0.8,1.5,1.2041594578792296,4.0,3.0,1.4142135623730951,1.0,5.0,-0.3266666666666666,0.4165466493816882,-1.0,0.2,3.2,0.7483314773547882,2.0,4.0,2.0,1
sat-02988,3cb136feec2193283acf252cc6a6207ebcb0422b51bb4b6c5652c760870bb817,mixed,4,"[[2,-3,4],[-1,-2,3],[2,-3],[-1,-2,-4],[1,3],[2,3,4],[1,-2],[-1,2,3],[1,2],[1,-2,-3],[-1,2],[-1,4],[-1,-3,-4]]",4.0,13.0,3.25,33.0,2.5384615384615383,0.4985185152621431,2.0,3.0,0.4615384615384615,0.5384615384615384,0.5151515151515151,1.0897247358851685,1.4142135623730951,1.0,4.5,1.6072751268321592,7.0,8.25,2.0463381929681126,5.0,10.0,0.05,0.16583123951777,-0.2,0.2,3.0,0.0,3.0,3.0,1.641025641025641,0
sat-00233,1716f2d16731666b690d62369edce6a2212eed527564e1f4b1918ff1c2c5d1a5,mixed,5,"[[-2,-3,-5],[-1,-2],[-1,-3,-5],[1,4,-5],[-1,2,-5],[1,-2,-5],[1,3,-4],[3,4,-5],[1,2,-4],[1,4],[2,3,5],[1,-5],[2,3,-5],[-4,-5],[-3,5],[-1,-2,-4],[-2,4],[1,-3,4],[1,-2,3],[3,4,5],[1,-4],[-3,4,-5],[1,3],[-1,2,-3],[1,2,3],[-1,3,4],[2,-3,4],[-1,-2,5],[1,4,5]]",5.0,29.0,5.8,79.0,2.7241379310344827,0.4469476343729558,2.0,3.0,0.2758620689655172,0.7241379310344828,0.5443037974683544,2.4166091947189146,1.6,1.0,7.1,1.445683229480096,9.0,15.8,1.7204650534085253,14.0,19.0,0.0776315789473684,0.2353575958133671,-0.3333333333333333,0.3333333333333333,4.0,0.0,4.0,4.0,1.458128078817734,0
sat-01847,3f6698960519b48c982c2b7d956431fd9ffe75a00d4feffc29963b195e6736a8,mixed,4,"[[-1,2,-4],[1,2,3],[1,-3,4],[-2,-4],[-1,-4],[-1,2,3],[2,-3,4],[1,4],[-1,-2],[2,3,4],[-3,4],[-2,4],[1,-3,-4],[2,-3],[2,4],[-1,3,-4],[-1,3,4]]",4.0,17.0,4.25,43.0,2.5294117647058822,0.4991341984846218,2.0,3.0,0.4705882352941176,0.5294117647058824,0.5581395348837209,1.5811388300841898,1.0897247358851685,1.0,5.833333333333333,1.0671873729054746,7.0,10.75,1.299038105676658,10.0,13.0,0.1076923076923077,0.2274114692168382,-0.2,0.4,3.0,0.0,3.0,3.0,1.5661764705882353,0
sat-02064,016e39ba03ab7675c47d10bb44df7a54420e2273281c00612faac269dc18fd8e,mixed,5,"[[3,4,5],[-1,3,-5],[1,-3,-4],[-1,-3],[2,3,4],[1,-2,-4],[1,-3,5],[-1,2,-4],[-4,5],[-2,4,5],[-2,3,-4],[-3,-4,5],[2,-3,4],[1,-2,4],[1,-4],[-2,4,-5],[1,-3],[2,-3,-5],[-2,-3,-4],[1,-2,3],[1,-2,-5],[2,-3],[-2,-3],[-1,3,-4],[1,4,-5],[4,5],[-3,5],[1,-3,-5],[-1,2,3]]",5.0,29.0,5.8,79.0,2.7241379310344827,0.4469476343729558,2.0,3.0,0.2758620689655172,0.7241379310344828,0.4810126582278481,1.3564659966250536,2.481934729198171,1.0,7.1,1.640121946685673,9.0,15.8,2.039607805437114,13.0,19.0,-0.0223450027784393,0.2131872699310941,-0.2631578947368421,0.3333333333333333,4.0,0.0,4.0,4.0,1.4655172413793105,0
sat-02664,6559cb8483def8a5dd1aa4c5c52151acec2d76e3458e10692abcb6b5112151dd,2sat,4,"[[2,3],[-2,3],[1,-4],[-1,-3],[-1,-2],[2,-3],[3,4],[-3,-4],[-1,-4],[1,-2],[1,4],[-1,4],[-3,4],[1,2]]",4.0,14.0,3.5,28.0,2.0,0.0,2.0,2.0,1.0,0.0,0.5,0.5,0.5,0.8333333333333334,2.333333333333333,1.3743685418725535,4.0,7.0,0.7071067811865476,6.0,8.0,0.0,0.101015254455221,-0.1428571428571428,0.1428571428571428,2.5,0.5,2.0,3.0,0.934065934065934,0
sat-00239,6c27e4484e8ec7a6a456c532048380b711cfd368a159f7ed3021676da2cfb3b3,2sat,5,"[[-1,-3],[3,-5],[2,3],[-1,-5],[3,-4],[-1,5],[-2,-3],[1,4],[-1,4],[1,5],[-2,4],[3,5],[2,4]]",5.0,13.0,2.6,26.0,2.0,0.0,2.0,2.0,1.0,0.0,0.5769230769230769,0.8944271909999159,0.9797958971132712,0.7,1.3,1.004987562112089,3.0,5.2,0.7483314773547882,4.0,6.0,0.16,0.3143953632680425,-0.3333333333333333,0.6,2.8,0.7483314773547882,2.0,4.0,0.717948717948718,1
sat-02999,eb3bf7e0198f3210645c22d01fa420772e7a68e0dc7afdd37c2808a3ec47a689,mixed,4,"[[-1,-2,3],[2,3,4],[2,-3,-4],[-1,-4]]",4.0,4.0,1.0,11.0,2.75,0.4330127018922193,2.0,3.0,0.25,0.75,0.4545454545454545,0.82915619758885,0.5,1.0,1.6666666666666667,0.7453559924999299,3.0,2.75,0.4330127018922193,2.0,3.0,-0.1666666666666666,0.5527707983925666,-1.0,0.3333333333333333,3.0,0.0,3.0,3.0,1.6666666666666667,1
sat-00461,5b22e76bb986b998908fcf15d9a971e332bc59b379577bca47c9f7aa0a47d53e,mixed,4,"[[3,4],[-1,-3,4],[1,4],[2,3],[-2,3],[1,2],[-2,3,4],[3,-4],[-1,3,-4],[-1,-2],[-1,2,-3],[1,-2],[-2,4],[-1,-3],[1,2,-4],[-2,-3],[-3,-4]]",4.0,17.0,4.25,39.0,2.294117647058824,0.4556450995538137,2.0,3.0,0.7058823529411765,0.2941176470588235,0.4871794871794871,0.82915619758885,0.7071067811865476,1.0,4.5,0.957427107756338,6.0,9.75,0.82915619758885,9.0,11.0,-0.0272727272727272,0.132269246447387,-0.2,0.1111111111111111,3.0,0.0,3.0,3.0,1.2647058823529411,0
sat-00120,5c5a4eccbf217df9989d7b961f268a20a75b17642964ec7a935595e4cad8cf4b,mixed,5,"[[2,-3,-5],[1,4,-5],[-1,-2,3],[-2,-4,-5],[1,2,-4]]",5.0,5.0,1.0,15.0,3.0,0.0,3.0,3.0,0.0,1.0,0.4,0.7483314773547883,0.7483314773547883,0.9,1.5,0.6708203932499369,2.0,3.0,0.6324555320336759,2.0,4.0,-0.2,0.4521553322083512,-1.0,0.3333333333333333,3.6,0.4898979485566356,3.0,4.0,1.6,1
sat-01111,0a3006655a9482cf53d4d00e1327413db69fa1e9d29f4dd983b418a9f44baad6,mixed,5,"[[-1,4,5],[-1,-3],[3,-5],[-1,-2],[-1,2],[2,-4,-5]]",5.0,6.0,1.2,14.0,2.333333333333333,0.4714045207910317,2.0,3.0,0.6666666666666666,0.3333333333333333,0.3571428571428571,0.6324555320336759,1.1661903789690602,0.8,1.0,0.6324555320336759,2.0,2.8,0.7483314773547882,2.0,4.0,-0.2,0.4521553322083512,-1.0,0.3333333333333333,3.2,0.7483314773547882,2.0,4.0,0.9333333333333332,1
sat-01193,cf9963c6604a4d16504c9e860e44750b40f48d540fcb6e51e5a894f3c275df5f,3sat,4,"[[-2,3,4],[-1,2,-4],[-1,-3,4],[1,-3,4],[1,2,4],[1,2,-3],[-2,-3,4],[1,-2,4],[-1,3,-4]]",4.0,9.0,2.25,27.0,3.0,0.0,3.0,3.0,0.0,1.0,0.5555555555555556,1.479019945774904,0.7071067811865476,1.0,4.5,0.957427107756338,6.0,6.75,0.82915619758885,6.0,8.0,0.0773809523809523,0.2989849608303419,-0.3333333333333333,0.5,3.0,0.0,3.0,3.0,2.1944444444444446,1
sat-01673,48321340a1a0c0b0cb60b5cc73d02d8cdec1ba5d203d0f3da55321134da3a9c4,3sat,4,"[[1,-2,-3],[1,-2,-4],[-1,3,-4],[2,3,-4],[2,-3,4],[1,2,-3],[1,2,-4],[-1,-3,-4],[-1,-2,4],[1,3,-4],[-2,3,4],[2,3,4],[-1,2,-3],[2,-3,-4]]",4.0,14.0,3.5,42.0,3.0,0.0,3.0,3.0,0.0,1.0,0.5,1.0897247358851685,1.299038105676658,1.0,7.0,1.0,8.0,10.5,0.8660254037844386,9.0,11.0,0.005050505050505,0.2057112308526898,-0.2727272727272727,0.2727272727272727,3.0,0.0,3.0,3.0,2.208791208791209,0
sat-02690,836a490595828b02e07b573596d8e0d74279e86c8ec133220e0d0da436f8cccc,3sat,5,"[[1,-3,5],[-2,-3,4],[1,-2,3],[1,-3,-4],[-2,-4,-5],[1,4,5],[2,3,-5],[2,3,4],[-1,-3,5],[1,-2,-4],[1,4,-5],[-1,-2,3],[-1,4,5],[-2,-3,-5],[1,-2,-5],[2,-3,4],[2,4,5],[-3,-4,5],[-1,-4,5]]",5.0,19.0,3.8,57.0,3.0,0.0,3.0,3.0,0.0,1.0,0.5087719298245614,1.469693845669907,1.2,1.0,5.7,1.004987562112089,7.0,11.4,0.4898979485566356,11.0,12.0,0.0121212121212121,0.2357801656233564,-0.2727272727272727,0.2727272727272727,4.0,0.0,4.0,4.0,1.736842105263158,1
sat-00737,f9cb807b8e68383aecaefd27f4eec6d75773d646ecc0b7c7fe6f189da1661b43,2sat,5,"[[4,5],[-1,-2],[-3,-4],[2,5],[-2,3],[1,2],[-1,3]]",5.0,7.0,1.4,14.0,2.0,0.0,2.0,2.0,1.0,0.0,0.5714285714285714,0.4898979485566356,0.7483314773547883,0.6,0.7,0.6403124237432849,2.0,2.8,0.7483314773547882,2.0,4.0,0.2,0.4521553322083512,-0.3333333333333333,1.0,2.4,0.4898979485566356,2.0,3.0,0.6666666666666666,1
sat-02983,d775f5a709f46b4bb6c04c46ba94a80b74f8b9e9105867e0f8c70cf4f8ab4040,3sat,5,"[[-1,3,4],[-1,2,-5],[-1,-2,3],[-1,-4,-5],[-1,3,-4],[-1,-2,4],[-2,4,-5],[2,-4,5],[-2,4,5],[-2,-4,-5],[-3,-4,5],[-2,3,4],[1,2,-3],[-1,2,5],[3,-4,-5],[2,4,-5],[1,-3,5],[-1,2,-4],[2,3,-4],[-1,2,4],[-1,3,5],[-1,-2,-4],[1,-3,4]]",5.0,23.0,4.6,69.0,3.0,0.0,3.0,3.0,0.0,1.0,0.463768115942029,1.8547236990991407,2.4166091947189146,1.0,6.9,2.0223748416156684,11.0,13.8,2.1354156504062622,11.0,17.0,-0.0581716322892793,0.2799627602289489,-0.5714285714285714,0.2727272727272727,4.0,0.0,4.0,4.0,1.790513833992095,1
sat-01641,09ff3c7a905aab7665e0d6740e2c2e98e304a00da4d0d993b0fe030f71888105,mixed,4,"[[-2,3,4],[1,-4],[1,4],[-2,3,-4],[-1,2],[-1,-3,4],[2,3,4],[2,-3],[-1,2,3],[-1,-4],[1,2,4],[1,-2,-3],[1,2,3],[-1,-2,-4]]",4.0,14.0,3.5,37.0,2.642857142857143,0.4791574237499548,2.0,3.0,0.3571428571428571,0.6428571428571429,0.5675675675675675,0.4330127018922193,0.7071067811865476,1.0,5.333333333333333,1.1055415967851332,7.0,9.25,0.82915619758885,8.0,10.0,0.1402777777777777,0.0950450672829201,0.0,0.25,3.0,0.0,3.0,3.0,1.6923076923076923,0
sat-00948,534d50a0481be4774b6543f0b1a113961fe27f321301f586695e6caffeb9c0a6,2sat,4,"[[1,2],[2,3],[-2,4],[-2,3],[-1,2],[3,-4],[-1,-4],[-1,-3],[3,4],[1,3]]",4.0,10.0,2.5,20.0,2.0,0.0,2.0,2.0,1.0,0.0,0.6,1.224744871391589,0.7071067811865476,1.0,1.6666666666666667,0.4714045207910317,2.0,5.0,0.7071067811865476,4.0,6.0,0.1666666666666666,0.3214550253664318,-0.2,0.6666666666666666,3.0,0.0,3.0,3.0,0.9111111111111112,1
sat-00401,fb608129b36a01828acaee853e65b8960c7e2cb1325f53626427d32f73f7538f,3sat,5,"[[2,-3,-4],[2,3,-4],[3,4,-5],[1,2,-4],[-1,3,-4],[1,-3,-5],[-1,2,-3],[-2,4,-5],[-2,-4,5],[-2,-3,4],[1,2,3],[1,2,4],[-1,-2,5],[1,-2,5],[-1,-2,-4],[1,-2,-4],[2,-4,-5],[1,-3,-4],[-2,-3,-5],[1,2,-5],[1,3,4],[-1,-4,-5],[2,4,-5],[2,3,4],[1,3,5],[-1,2,-5],[2,-3,5],[-2,3,-4],[-3,4,5],[-1,-3,-4],[1,-4,-5],[1,-2,-3],[1,2,-3],[-1,-3,4]]",5.0,34.0,6.8,102.0,3.0,0.0,3.0,3.0,0.0,1.0,0.4803921568627451,2.785677655436824,1.743559577416269,1.0,10.2,2.08806130178211,13.0,20.4,2.4166091947189146,16.0,23.0,-0.0526576322228496,0.1976847465035635,-0.25,0.238095238095238,4.0,0.0,4.0,4.0,1.7896613190730837,0
sat-01849,19957bf5bdf222ffa85cca4819810236c1534aa17e0cbccdb029ccf5100e0bd2,3sat,5,"[[2,-3,-4],[-1,-3,-5],[1,2,3],[-2,-3,-5],[1,2,4],[1,3,-4],[3,4,-5],[1,2,-5],[-2,3,-5],[1,2,5],[-2,-4,-5],[-2,-3,-4],[-1,4,-5],[-3,-4,5],[-1,3,4],[2,3,4],[1,4,5]]",5.0,17.0,3.4,51.0,3.0,0.0,3.0,3.0,0.0,1.0,0.5294117647058824,1.2,1.32664991614216,1.0,5.1,0.8306623862918074,7.0,10.2,0.7483314773547882,9.0,11.0,0.063030303030303,0.2481031806448626,-0.4,0.3333333333333333,4.0,0.0,4.0,4.0,1.7352941176470589,1
sat-02145,6b8c63c6849e75ce400359779abdfb812e97bb76c22ff389cda6a88d3e116d80,mixed,4,"[[1,3,-4],[1,-4],[-1,2,-3],[1,3],[1,-3,4],[2,3,-4],[-1,-3,4],[-3,-4],[-2,3,4],[-1,-4],[2,3,4],[-2,-3,-4],[1,-2,-3],[-2,-3],[-1,-2,-4],[-1,3,-4],[2,3],[-1,-3,-4],[2,-3],[-1,3],[1,2,-3],[3,-4]]",4.0,22.0,5.5,57.0,2.590909090909091,0.4916660830178166,2.0,3.0,0.4090909090909091,0.5909090909090909,0.4385964912280701,1.7853571071357126,2.1213203435596424,1.0,8.0,2.6457513110645907,11.0,14.25,2.947456530637899,11.0,19.0,-0.1168042483831957,0.1910839117390747,-0.4285714285714285,0.0909090909090909,3.0,0.0,3.0,3.0,1.70995670995671,0
sat-01233,9ada7f294961b0a4c0d8e6dc278b133a8ce483425015fa8f8954352a1ffcd237,mixed,4,"[[1,-3,4],[-1,3,4],[-1,4],[-1,-2],[-1,-3],[-1,3],[-2,-3],[-3,4],[1,-2,-4],[-2,3,4],[-3,-4],[2,3,-4],[1,3,-4],[1,3,4],[1,2,4],[-1,-2,4],[-1,-4],[-1,-3,4],[2,-3,4],[-1,2,-3],[1,-2,4],[-2,-3,-4],[-1,2,-4],[2,3,4],[2,4],[2,-4]]",4.0,26.0,6.5,68.0,2.6153846153846154,0.4865042554105199,2.0,3.0,0.3846153846153846,0.6153846153846154,0.5,2.692582403567252,1.118033988749895,1.0,9.666666666666666,2.3570226039551585,12.0,17.0,2.345207879911715,15.0,21.0,-0.0175595238095238,0.1857588755230848,-0.25,0.238095238095238,3.0,0.0,3.0,3.0,1.7076923076923076,0
sat-01218,2537cb5f71bddb0334568d60a24898822e5300fd3ba3f6ecf615984d1d9e4f86,mixed,5,"[[-1,-2,4],[-3,5],[-1,4],[2,-4,5],[-2,-4],[-4,-5],[-3,-5],[1,3],[-1,3],[1,-3],[1,-2],[1,2,3],[1,4,-5],[-1,4,5],[-2,5],[-2,-3,5],[3,4],[1,-2,5],[1,-3,-5],[-2,3,5],[-3,4],[-1,-5],[1,3,4],[-2,3,-5]]",5.0,24.0,4.8,59.0,2.458333333333333,0.4982608642958915,2.0,3.0,0.5416666666666666,0.4583333333333333,0.5254237288135594,2.1354156504062622,1.624807680927192,1.0,4.6,1.1135528725660042,6.0,11.8,1.469693845669907,10.0,13.0,0.0369230769230769,0.3400800462682609,-0.6,0.4,4.0,0.0,4.0,4.0,1.173913043478261,0
sat-00062,c328760083b50d03f353ea358c650631a21421e100916097412e3727ffaac8a2,2sat,4,"[[2,3],[1,2],[1,3],[3,-4]]",4.0,4.0,1.0,8.0,2.0,0.0,2.0,2.0,1.0,0.0,0.875,1.0897247358851685,0.4330127018922193,0.6666666666666666,0.6666666666666666,0.4714045207910317,1.0,2.0,0.7071067811865476,1.0,3.0,0.5,0.8660254037844386,-1.0,1.0,2.0,0.7071067811865476,1.0,3.0,0.8333333333333334,1
sat-02506,926e84169ac46810cac0a06e330f1c11478622198241ce1372ded4e0ff2af241,mixed,4,"[[-1,-4],[2,-3,4],[1,2,-4],[2,3,-4],[-1,-3,4],[1,4],[3,-4],[-3,-4],[-1,-2,3],[1,-3]]",4.0,10.0,2.5,25.0,2.5,0.5,2.0,3.0,0.5,0.5,0.48,0.0,1.479019945774904,1.0,3.333333333333333,0.9428090415820634,5.0,6.25,1.479019945774904,4.0,8.0,0.0267857142857142,0.2872447846811681,-0.25,0.5,3.0,0.0,3.0,3.0,1.5555555555555556,1
sat-01067,d1d2d0b04c7439e38dab755696ae346e907428560a0df915548dbfbd00ee454b,3sat,5,"[[2,4,5],[2,3,4],[1,-2,5],[-3,4,5],[1,-2,-4],[-1,2,-3],[1,4,-5],[2,-3,-5],[2,-3,5],[-3,-4,-5],[-3,-4,5],[-2,3,-4],[-1,2,5],[-2,-3,-4],[2,3,-5],[1,-3,4],[2,4,-5],[-2,-4,5],[1,3,4],[1,-2,4],[-1,3,5],[2,3,-4]]",5.0,22.0,4.4,66.0,3.0,0.0,3.0,3.0,0.0,1.0,0.5606060606060606,1.2,1.7204650534085253,1.0,6.6,1.854723699099141,9.0,13.2,2.2271057451320084,9.0,15.0,0.1375824175824175,0.1640570318831658,-0.1428571428571428,0.3333333333333333,4.0,0.0,4.0,4.0,1.7965367965367964,1
sat-02590,dba72061ef0a6798efd2353dd21d4a4ecf3a1f87377e2546a36b9d2e5c5d9dc8,mixed,5,"[[-2,3],[3,4,5],[2,5],[-1,-2,4],[-2,3,4],[1,4,-5],[1,-2,-5],[-1,-3,5],[-1,3],[2,-3,-4],[-3,4,-5],[-3,4,5],[1,3,-4],[-4,-5],[1,-5],[-1,2,-3],[-1,4,-5],[3,4],[-3,-4,-5],[1,-3,5],[-2,-4,-5],[-1,-3,-4]]",5.0,22.0,4.4,60.0,2.727272727272727,0.4453617714151233,2.0,3.0,0.2727272727272727,0.7272727272727273,0.45,1.624807680927192,1.2,1.0,5.4,1.9078784028338915,9.0,12.0,2.280350850198276,8.0,14.0,-0.1143356643356643,0.1410475143453181,-0.25,0.1428571428571428,4.0,0.0,4.0,4.0,1.4848484848484849,0
sat-02578,acfe38c9249536aeb312b08583c577799ed4d178578da945472de9f8b1281dd5,2sat,4,"[[-2,4],[-1,-2],[-1,2],[-1,-3],[1,-2],[-2,3],[2,-4],[1,-3],[1,4],[2,3],[2,-3]]",4.0,11.0,2.75,22.0,2.0,0.0,2.0,2.0,1.0,0.0,0.5,0.82915619758885,1.0897247358851685,0.8333333333333334,1.8333333333333333,1.0671873729054748,3.0,5.5,1.8027756377319943,3.0,8.0,0.0333333333333333,0.1914854215512676,-0.2,0.3333333333333333,2.5,0.5,2.0,3.0,1.018181818181818,0
sat-01986,85beb218dbda454b5ea441862e8f872e31106d80d811d5661a13f60a3690a1a8,mixed,4,"[[-2,3,4],[1,4],[1,-4],[-1,2,-4],[2,-4],[1,-2,-3],[2,3,-4],[-1,3,4],[1,2,4],[-1,-3,-4],[1,2,-4],[1,2,-3],[-1,2,4],[2,3,4],[-2,-3,-4],[1,2]]",4.0,16.0,4.0,44.0,2.75,0.4330127018922193,2.0,3.0,0.25,0.75,0.5909090909090909,1.8027756377319943,1.5,1.0,6.666666666666667,1.5986105077709063,9.0,11.0,1.8708286933869709,8.0,13.0,0.1739510489510489,0.2287255207272949,-0.0769230769230769,0.5,3.0,0.0,3.0,3.0,1.8916666666666664,1
sat-02651,e12ec782b9157edc77e72e06ada5739c1dd053ead6e95a31b69adedbbd14944d,3sat,5,"[[1,-3,4],[-3,-4,-5],[2,-4,5],[-1,-3,4],[-2,-4,5],[1,-2,-5],[-2,3,4],[-1,3,4],[-1,-2,-4],[1,-2,4],[2,-3,-4],[2,3,-5],[1,2,4],[2,3,5],[-1,-2,4],[1,-2,5],[-1,2,5],[1,2,5],[-1,2,-4],[-3,4,-5],[2,-3,5]]",5.0,21.0,4.2,63.0,3.0,0.0,3.0,3.0,0.0,1.0,0.5396825396825397,1.7204650534085255,0.9797958971132712,1.0,6.3,2.238302928559939,9.0,12.6,2.154065922853801,10.0,16.0,0.0681168831168831,0.1595078554346253,-0.2,0.2727272727272727,4.0,0.0,4.0,4.0,1.7952380952380953,0
sat-01281,9af38fa2c31162279b281279e9518c6d0eb10a09c41346244131535b4ac8998d,3sat,5,"[[-2,-4,-5],[-1,2,-5],[3,-4,-5],[1,3,-5],[-1,2,5],[-2,-4,5],[1,3,4],[-1,-3,4],[2,3,-4],[1,3,5],[1,2,5],[2,-3,-5],[2,-4,-5],[2,3,4],[-2,-3,-5],[1,-2,-3],[-1,-2,4],[1,4,-5],[1,-2,5],[-3,-4,-5],[-1,3,4],[-1,-4,5]]",5.0,22.0,4.4,66.0,3.0,0.0,3.0,3.0,0.0,1.0,0.5,0.4898979485566356,1.3564659966250536,1.0,6.6,1.1135528725660042,9.0,13.2,0.9797958971132712,12.0,15.0,0.0087179487179487,0.1304984627637235,-0.2,0.1666666666666666,4.0,0.0,4.0,4.0,1.7532467532467533,0
sat-01518,29eee2869e982022245bc0782f1c2cefb796d3159cb152f5d7ca9d13a558da0f,mixed,4,"[[-1,-2,3],[1,-3],[2,-3],[2,-3,-4],[-1,3,-4],[1,3,4],[2,3,4],[-1,3],[1,-2],[-1,3,4],[-1,2],[1,-2,3],[-2,3,-4],[1,-3,4],[-3,4],[2,4]]",4.0,16.0,4.0,41.0,2.5625,0.4960783708246107,2.0,3.0,0.4375,0.5625,0.5853658536585366,1.224744871391589,0.82915619758885,1.0,5.666666666666667,1.795054935711501,8.0,10.25,1.6393596310755,9.0,13.0,0.1688034188034188,0.1252326347187402,0.0,0.3333333333333333,3.0,0.0,3.0,3.0,1.625,1
sat-00262,1fb9823589dc0f2375b08bdbf9724d1d1751ef553133c8cea9173bf2a0368935,2sat,5,"[[1,-3],[-2,-3],[-4,5],[-2,4],[-1,-5]]",5.0,5.0,1.0,10.0,2.0,0.0,2.0,2.0,1.0,0.0,0.3,0.4898979485566356,0.4898979485566356,0.5,0.5,0.5,1.0,2.0,0.0,2.0,2.0,-0.4,0.4898979485566356,-1.0,0.0,2.0,0.0,2.0,2.0,0.5,1
sat-00861,bde89349c54269b828ba84118bb9ed17767fed67e526afbf17aff3dfc01b4532,2sat,5,"[[4,-5],[1,-4],[-2,4],[3,-4],[2,3],[1,2],[-2,-4],[-2,-3],[-1,-3],[-1,3],[-1,-4],[2,-4],[1,-2],[-3,5],[-1,2],[2,5],[1,4],[-1,5],[1,-3],[-3,4],[-2,5],[-3,-5],[-2,-5],[2,4],[-1,-2],[-1,-5],[-1,4],[-2,3],[1,-5],[3,4],[1,3],[1,5],[3,-5],[2,-3]]",5.0,34.0,6.8,68.0,2.0,0.0,2.0,2.0,1.0,0.0,0.5,0.9797958971132712,1.16619037896906,1.0,3.4,0.916515138991168,4.0,13.6,1.8547236990991407,11.0,16.0,0.0018181818181818,0.0899668340073382,-0.0909090909090909,0.1666666666666666,4.0,0.0,4.0,4.0,0.7789661319073083,0
sat-02279,dfda201f4ab197c3c5a9700843c654ab6222bd14fe60708d4a99c5f3deae7cb3,2sat,5,"[[-3,-5],[-4,5],[3,-4],[-1,-4],[2,-4],[-1,5],[1,4],[2,-5],[-3,5],[-2,3],[-2,-3],[2,4],[-3,4],[3,4],[1,-5],[2,-3],[-1,-5],[-2,4],[-1,-2],[-1,3],[-2,5],[1,-2],[2,3],[3,5],[1,5],[-1,2],[1,-3]]",5.0,27.0,5.4,54.0,2.0,0.0,2.0,2.0,1.0,0.0,0.5185185185185185,0.4898979485566356,0.9797958971132712,1.0,2.7,0.9,4.0,10.8,1.16619037896906,9.0,12.0,0.044040404040404,0.100908231460127,-0.0909090909090909,0.2,4.0,0.0,4.0,4.0,0.7635327635327636,0
sat-00794,1722e9ea7786b5dc8d614ecbf5eb5142b6144146deaff9b40e7b9fab0c6cd63a,mixed,5,"[[-2,-3,4],[-4,-5],[-2,4,-5],[-1,4,-5],[-1,-2,-3],[2,4],[-3,4,5],[1,-3],[-1,-4,5],[-4,5],[-1,-2,-4],[-2,4,5],[1,3],[1,-3,5],[1,-4,-5],[1,-3,-5]]",5.0,16.0,3.2,43.0,2.6875,0.4635124054434789,2.0,3.0,0.3125,0.6875,0.4186046511627907,2.154065922853802,0.6324555320336759,1.0,3.8,1.8867962264113207,8.0,8.6,1.8547236990991407,6.0,11.0,-0.2357864357864358,0.3734387369823879,-0.7142857142857143,0.1111111111111111,4.0,0.0,4.0,4.0,1.4333333333333331,0
sat-01936,ef7c9c300aee0afd6d11dbb78b9f289f1598a53453125bd13e2277ee759bef31,3sat,5,"[[-2,-4,5],[1,2,-3],[2,4,5],[-1,2,4],[2,3,4],[-2,-3,5],[1,-3,5],[2,-3,5],[-2,-4,-5]]",5.0,9.0,1.8,27.0,3.0,0.0,3.0,3.0,0.0,1.0,0.5925925925925926,1.6,1.16619037896906,1.0,2.7,1.4866068747318506,5.0,5.4,1.624807680927192,3.0,8.0,0.1699999999999999,0.4179845823844596,-0.6,0.6666666666666666,4.0,0.0,4.0,4.0,1.8333333333333333,1
sat-00845,b1a5f300d4514ae1f825aa37e110aa4ab22dc3eb861ca3c911e2f73cbc936806,3sat,5,"[[1,2,-5],[-1,-3,-5],[2,3,-4],[-1,-2,4],[-1,3,5],[-3,-4,-5],[1,-3,4],[-2,-4,5],[-1,3,-5],[2,3,-5],[-3,4,5],[-2,4,-5],[2,-3,4],[-2,-3,-5],[2,-3,-5],[1,2,5],[-1,2,-5],[1,3,-5],[-1,2,4],[2,4,5],[-1,2,-3],[1,-3,-4]]",5.0,22.0,4.4,66.0,3.0,0.0,3.0,3.0,0.0,1.0,0.4848484848484848,1.9595917942265424,2.4819347291981715,1.0,6.6,1.4966629547095764,9.0,13.2,1.469693845669907,11.0,15.0,-0.0168831168831168,0.3089174577289796,-0.3333333333333333,0.4285714285714285,4.0,0.0,4.0,4.0,1.7662337662337662,1
sat-00534,c4efeabf623ccd90e9554cde686af57ba39ba52c5bf230fe14e16661e0f42f15,2sat,5,"[[-4,-5],[1,-3],[3,-5],[-1,2],[1,-2],[-1,-5],[-1,-3],[2,-4],[-1,-2],[2,-5],[-2,5],[3,-4],[1,5],[1,-4],[1,4]]",5.0,15.0,3.0,30.0,2.0,0.0,2.0,2.0,1.0,0.0,0.4333333333333333,1.3564659966250536,0.8,0.9,1.5,0.806225774829855,3.0,6.0,1.6733200530681511,4.0,9.0,-0.1644444444444444,0.2639116949209515,-0.6,0.1111111111111111,3.6,0.4898979485566356,3.0,4.0,0.780952380952381,0
sat-02277,e4411ae6a754ed1ab49f7c42bec35ee256145861506c24d7b71fa07ff77b1ba2,2sat,5,"[[-4,5],[-1,4],[-2,-3],[1,-2],[-2,-5],[3,4],[-2,4],[2,3],[-1,-2],[2,5],[2,-5],[1,4],[2,-3],[2,-4],[2,4],[4,5],[1,-3],[1,-5],[-3,5],[-1,2],[1,-4],[1,2],[-1,3],[-1,-4],[-1,-3],[1,3],[1,5],[-3,4],[-2,3]]",5.0,29.0,5.8,58.0,2.0,0.0,2.0,2.0,1.0,0.0,0.5689655172413793,1.3564659966250536,1.2649110640673518,1.0,2.9,1.044030650891055,4.0,11.6,2.244994432064365,8.0,14.0,0.1435064935064935,0.1288335253240704,-0.0909090909090909,0.2727272727272727,4.0,0.0,4.0,4.0,0.7881773399014779,0
sat-01559,083c272e0a6f3e0bebbdb6d12b91657a757da7399148aa04558551a5315141bb,mixed,4,"[[-1,-3,-4],[1,2,4],[3,-4],[2,-3,4]]",4.0,4.0,1.0,11.0,2.75,0.4330127018922193,2.0,3.0,0.25,0.75,0.5454545454545454,0.5,0.82915619758885,1.0,1.6666666666666667,0.7453559924999299,3.0,2.75,0.82915619758885,2.0,4.0,0.1666666666666666,0.4999999999999999,-0.3333333333333333,1.0,3.0,0.0,3.0,3.0,1.8333333333333333,1
sat-00430,bd9b4a45957c25b101ac4fe2cc42420d17248f13bf6e3b0705f4a4ff901bcc3d,3sat,4,"[[-1,-2,3],[1,-2,4],[-1,3,-4],[-1,-3,4],[-2,-3,-4],[1,-2,-4],[-1,3,4],[1,2,-4],[2,3,-4],[-2,-3,4],[-1,2,4],[2,3,4],[1,-2,-3],[1,-2,3],[1,2,4],[-2,3,4],[1,2,3],[2,-3,-4],[1,3,-4],[-1,-3,-4],[-1,-2,-4],[1,-3,-4],[-1,2,3],[-1,-2,4],[1,2,-3]]",4.0,25.0,6.25,75.0,3.0,0.0,3.0,3.0,0.0,1.0,0.5066666666666667,0.5,0.82915619758885,1.0,12.5,0.5,13.0,18.75,0.4330127018922193,18.0,19.0,0.0146198830409356,0.0703579497983389,-0.0526315789473684,0.1111111111111111,3.0,0.0,3.0,3.0,2.22,0
sat-02816,9d7e0075dc9d306038cf1b708a6da66d9d0cdffeefcb8ae4d1f6352e1d8cf221,3sat,5,"[[-2,-3,4],[2,-3,-4],[1,-3,-4],[-1,-4,5],[2,3,-4],[1,-4,5],[-1,-2,4],[-2,-3,-5],[2,3,-5],[-1,2,4],[3,-4,-5],[1,3,4],[-1,2,-4],[-2,-4,-5],[1,2,5],[2,-4,5],[-1,4,-5],[-2,4,-5],[1,-2,-4],[2,3,5],[-1,-2,5],[1,2,-3],[-1,-2,-5],[-3,-4,5],[1,2,3],[-3,-4,-5],[1,3,-5],[1,-2,-5],[1,2,-4],[1,-3,5],[1,-3,4],[-3,4,-5],[-1,3,-5]]",5.0,33.0,6.6,99.0,3.0,0.0,3.0,3.0,0.0,1.0,0.4747474747474747,1.743559577416269,1.8547236990991407,1.0,9.9,1.0440306508910548,11.0,19.8,0.9797958971132712,18.0,21.0,-0.0498412698412698,0.1712391663837583,-0.238095238095238,0.2,4.0,0.0,4.0,4.0,1.7670454545454546,0
sat-01642,4116b6b4600363c63ea4feaaad616089b11bceef11ff3c9281785fad9e51f03c,2sat,4,"[[2,-4],[1,-2],[1,3],[-1,-4],[3,4],[2,4],[-2,-4],[-1,2],[-2,4],[-3,-4],[1,4],[1,-4],[-3,4],[3,-4],[-1,3],[-2,3],[2,-3],[-1,-3],[-2,-3],[-1,-2],[1,2]]",4.0,21.0,5.25,42.0,2.0,0.0,2.0,2.0,1.0,0.0,0.4761904761904761,0.0,0.5,1.0,3.5,0.5,4.0,10.5,0.5,10.0,11.0,-0.0454545454545454,0.0454545454545454,-0.0909090909090909,0.0,3.0,0.0,3.0,3.0,0.9523809523809524,0
sat-01307,c00b0cb9d6366c408d8db61b5e775db66129c45fac15842bea247643776f5f88,mixed,4,"[[1,-3,4],[1,2,3],[-1,2],[-1,3],[-1,3,4],[3,-4],[2,3,-4],[-2,-3,-4],[1,-2,3],[-2,3],[-1,-2],[2,3,4],[-2,3,4],[2,4],[-2,-3,4],[1,-2],[-2,-4],[3,4],[-1,2,3],[1,-3],[-1,-3],[2,-3],[-1,-3,4]]",4.0,23.0,5.75,57.0,2.4782608695652173,0.4995271866554807,2.0,3.0,0.5217391304347826,0.4782608695652174,0.543859649122807,2.165063509461097,1.5,1.0,7.5,2.5,10.0,14.25,2.48746859276655,12.0,18.0,0.0805555555555555,0.2041808385104116,-0.1666666666666666,0.3333333333333333,3.0,0.0,3.0,3.0,1.541501976284585,0
sat-01989,766c49684dfd037228014df16a399e059b6970e1c9c2304bb85cf1c3c9c24295,3sat,4,"[[2,3,-4],[1,2,-3],[-1,-3,-4],[1,2,3],[-1,-2,-4],[1,-2,4],[-2,3,-4],[1,-2,-4],[1,-3,-4],[-1,-2,3],[1,2,4],[-1,2,3],[-1,3,4],[2,3,4],[2,-3,4],[1,3,-4],[1,3,4],[-1,-2,-3]]",4.0,18.0,4.5,54.0,3.0,0.0,3.0,3.0,0.0,1.0,0.5555555555555556,1.118033988749895,0.7071067811865476,1.0,9.0,0.5773502691896257,10.0,13.5,0.5,13.0,14.0,0.1071428571428571,0.1303425952118292,-0.0769230769230769,0.2857142857142857,3.0,0.0,3.0,3.0,2.2091503267973858,0
sat-02015,556dd56da4fc05b8972ffaa5e82e825ecdd244bb878d45f941dd3b7f8bba7229,2sat,4,"[[-2,-4],[-1,4],[2,-3],[2,-4],[1,-2],[-2,-3],[1,3],[1,4],[2,3],[1,-4],[-3,-4],[3,-4],[2,4]]",4.0,13.0,3.25,26.0,2.0,0.0,2.0,2.0,1.0,0.0,0.5384615384615384,0.5,1.4142135623730951,1.0,2.1666666666666665,0.8975274678557507,3.0,6.5,1.118033988749895,5.0,8.0,0.1232142857142857,0.309103996435253,-0.25,0.6,3.0,0.0,3.0,3.0,0.9487179487179488,0
sat-01289,f5d28da93b5c11caafbec881b7f3d4bf7dab99802430ac05ded68ccbbfda1c5b,3sat,4,"[[-1,-2,4],[1,-2,3],[1,-3,-4],[1,3,4],[2,3,4],[1,-2,-4],[1,2,3],[-1,3,4],[-1,-3,-4],[2,3,-4],[2,-3,-4],[-1,2,3],[-1,-2,3],[-1,2,4],[-2,-3,-4],[-2,3,-4],[-1,2,-3],[1,2,4],[2,-3,4],[1,3,-4],[-1,-2,-3],[1,2,-4],[-1,-2,-4],[-1,-3,4],[1,-3,4],[1,2,-3]]",4.0,26.0,6.5,78.0,3.0,0.0,3.0,3.0,0.0,1.0,0.5128205128205128,0.7071067811865476,0.8660254037844386,1.0,13.0,0.5773502691896257,14.0,19.5,0.5,19.0,20.0,0.0263157894736842,0.0789473684210526,-0.0526315789473684,0.1578947368421052,3.0,0.0,3.0,3.0,2.221538461538461,0
sat-02602,74b9f1e68b2a5993efac4b6fd7ee251a97f7a6409a687a3f4c6bf6473ac3573d,3sat,5,"[[-1,2,3],[-3,-4,-5],[1,-2,-5],[-1,-3,5],[-1,4,5],[1,2,5],[-1,2,-4],[3,4,5],[1,2,-5],[1,4,5]]",5.0,10.0,2.0,30.0,3.0,0.0,3.0,3.0,0.0,1.0,0.6,1.019803902718557,1.019803902718557,1.0,3.0,1.5491933384829668,6.0,6.0,1.6733200530681511,4.0,8.0,0.21,0.2199999999999999,0.0,0.6,4.0,0.0,4.0,4.0,1.8222222222222224,1
sat-02605,a726d18132014ebdd692a7f61f05da8b0da40d86939e26aaea886ebcd95032d7,2sat,4,"[[-1,-4],[3,-4],[-2,-3],[1,-3],[1,-4],[1,4],[3,4],[1,2]]",4.0,8.0,2.0,16.0,2.0,0.0,2.0,2.0,1.0,0.0,0.5625,1.0897247358851685,0.82915619758885,0.8333333333333334,1.3333333333333333,0.9428090415820634,3.0,4.0,1.224744871391589,2.0,5.0,0.0999999999999999,0.3,-0.2,0.6,2.5,0.5,2.0,3.0,0.9642857142857144,1
sat-01957,c63d95f67048283cb902bf2d8aeba71507ed4cc1c0f2ed46909c551db5142fbf,3sat,5,"[[-2,-3,-4],[-1,-3,-4],[-2,3,-5],[2,-3,4],[-3,4,5],[-1,-4,-5]]",5.0,6.0,1.2,18.0,3.0,0.0,3.0,3.0,0.0,1.0,0.2777777777777778,0.6324555320336759,0.8,0.9,1.8,1.0770329614269007,4.0,3.6,1.2000000000000002,2.0,5.0,-0.4933333333333333,0.2847220867208349,-1.0,-0.2,3.6,0.4898979485566356,3.0,4.0,1.8,1
sat-02943,bcc80d87edcd8cb34fa2894bb4c0fec22191a8ed1e61f3c4b6029fb307302cd9,mixed,4,"[[-2,-3,-4],[-1,-2,4],[2,3,4],[1,-2,3],[-1,4],[1,-4],[1,-3,4],[1,3,4],[-1,-2],[-1,-4],[-1,2,4],[-2,-4],[-1,3,4],[1,-2,-4],[-2,3,4],[-1,2,3],[-2,3],[2,-3,4],[1,2,3],[1,3,-4],[-1,-3,-4],[-1,-2,3],[-1,-2,-3],[-1,3],[-2,-3,4]]",4.0,25.0,6.25,68.0,2.72,0.448998886412873,2.0,3.0,0.28,0.72,0.4852941176470588,2.384848003542364,2.277608394786075,1.0,10.166666666666666,0.8975274678557508,11.0,17.0,0.7071067811865476,16.0,18.0,-0.0316584967320261,0.2755202956279198,-0.375,0.2941176470588235,3.0,0.0,3.0,3.0,1.8166666666666669,0
sat-02263,65e12ff6b77ca4ead41e7a56b6703a6ca615a307fce80f8a9e1597f17a5e1605,2sat,4,"[[3,-4],[1,-4],[-3,-4],[-1,3],[2,4],[-2,-4],[-1,4],[-1,-2],[2,-4],[-2,-3],[1,3],[1,2],[1,-2],[-1,-3],[-2,3]]",4.0,15.0,3.75,30.0,2.0,0.0,2.0,2.0,1.0,0.0,0.4333333333333333,0.82915619758885,0.82915619758885,1.0,2.5,0.5,3.0,7.5,0.5,7.0,8.0,-0.1339285714285714,0.2207001266840763,-0.4285714285714285,0.1428571428571428,3.0,0.0,3.0,3.0,0.9333333333333332,0
sat-01274,e5ef2ae5f8883fec9560ac56956c6d15aafe6a1c2b9d01508ee4c12c64e7137c,mixed,4,"[[2,-3],[1,-4],[1,3,4],[-2,3,-4],[-1,4],[-1,-3,4],[1,3,-4],[3,-4],[-1,-2,4],[1,2,3],[2,3],[2,-4]]",4.0,12.0,3.0,30.0,2.5,0.5,2.0,3.0,0.5,0.5,0.6,0.8660254037844386,1.224744871391589,1.0,4.0,1.2909944487358056,6.0,7.5,1.118033988749895,6.0,9.0,0.2162698412698412,0.2273622530331462,-0.1111111111111111,0.5,3.0,0.0,3.0,3.0,1.5151515151515151,1
sat-00907,54846469642cd596ae3ab41fce429cddb032b6c064b5a5e1656fb595e96c42c6,3sat,5,"[[2,-3,4],[1,-3,-4],[1,-4,5],[-1,4,-5],[-1,3,-4],[-3,4,-5],[-1,-2,-3],[-1,2,-5],[1,4,-5],[1,3,-4],[-2,-4,-5],[3,-4,-5],[-1,2,-4],[-2,3,-4],[2,4,5],[2,-4,-5],[2,3,-4],[-2,-3,5],[2,-3,-4],[1,2,-5],[-2,-4,5],[-1,4,5],[-1,2,5],[1,2,-4],[-1,-3,4]]",5.0,25.0,5.0,75.0,3.0,0.0,3.0,3.0,0.0,1.0,0.4533333333333333,1.7204650534085253,2.638181191654584,1.0,7.5,2.3769728648009427,10.0,15.0,2.683281572999748,12.0,20.0,-0.0838095238095238,0.2166033397773937,-0.3,0.3333333333333333,4.0,0.0,4.0,4.0,1.81,1
sat-00957,d3f477df1c441a1470ab7ee93f83b4e658c41d8311d04ecd3088e26838688d21,2sat,5,"[[1,4],[-3,5],[4,-5],[-1,-2],[1,-5],[-2,-4],[1,5],[-2,5],[1,2],[-2,-3],[3,-5],[3,5]]",5.0,12.0,2.4,24.0,2.0,0.0,2.0,2.0,1.0,0.0,0.5416666666666666,1.2000000000000002,1.16619037896906,0.8,1.2,0.8717797887081347,3.0,4.8,1.32664991614216,3.0,7.0,0.0952380952380952,0.4015389895025176,-0.6,0.6,3.2,0.7483314773547882,2.0,4.0,0.7575757575757576,1
sat-01634,144d2479335a2bf49ac23a45bddae7c326853112ebd0ca3315d1e36c3a4080fc,2sat,5,"[[-1,2],[1,-2],[2,-3],[-4,5],[-1,-4],[-3,-5],[-2,-3],[1,2],[3,5],[2,-5],[3,-5],[4,5],[3,-4],[-3,-4],[2,5],[-1,-2],[3,4],[-4,-5],[2,4]]",5.0,19.0,3.8,38.0,2.0,0.0,2.0,2.0,1.0,0.0,0.5,1.32664991614216,0.7483314773547882,0.8,1.9,1.3,4.0,7.6,1.3564659966250536,5.0,9.0,-0.0233333333333333,0.2053722906766581,-0.25,0.3333333333333333,3.2,0.7483314773547882,2.0,4.0,0.7602339181286549,0
sat-00524,e56f878d3a7fd4f1af7af831c55acb4e1e1555df4912ca8e2a3c8e759def8ae5,3sat,5,"[[2,3,-4],[-3,-4,5],[-1,-3,-5],[2,4,5],[-2,3,4],[3,4,5],[1,2,5],[1,-3,-4],[1,-2,-5],[1,4,5],[3,4,-5],[-1,-4,5],[1,-2,4],[1,-4,5],[-2,-4,-5]]",5.0,15.0,3.0,45.0,3.0,0.0,3.0,3.0,0.0,1.0,0.5777777777777777,1.469693845669907,1.32664991614216,1.0,4.5,1.8027756377319943,8.0,9.0,2.0976176963403037,7.0,12.0,0.1545454545454545,0.2217092709908914,-0.1428571428571428,0.5,4.0,0.0,4.0,4.0,1.819047619047619,1
sat-01629,77b467e9827e0291978a5aee44e1d0c9c7604be40e01ef40a19e1a2486e2acd8,3sat,5,"[[-1,2,-4],[2,4,-5],[2,3,-4],[-1,3,5],[1,-2,-5],[-1,-2,4],[-2,3,-4],[1,2,5],[1,2,-5],[3,-4,-5],[-2,-3,-5],[-3,4,5],[1,-2,-4],[1,-2,-3],[-1,4,5],[1,3,5],[-1,-4,-5],[-1,-3,4],[-1,2,3],[3,4,-5],[1,4,5],[-2,-3,4],[1,-2,5],[-2,-4,-5],[2,-4,5],[-1,3,-4],[1,3,-5],[-1,2,-5],[2,3,-5],[-1,-2,-4],[-2,3,-5],[1,-4,-5],[2,4,5]]",5.0,33.0,6.6,99.0,3.0,0.0,3.0,3.0,0.0,1.0,0.494949494949495,0.7483314773547882,2.683281572999748,1.0,9.9,1.7,12.0,19.8,2.039607805437114,16.0,22.0,0.0091125541125541,0.1926318933736277,-0.1818181818181818,0.375,4.0,0.0,4.0,4.0,1.7821969696969695,0
sat-01284,cb91bf0ca600c5fedbf07e6eae5995701dd94bae4fcd75065852045ac79e30bc,mixed,5,"[[3,-4,5],[1,3,-5],[2,3],[2,-3,5],[-2,-4],[-2,3,-4],[-1,-2,-4]]",5.0,7.0,1.4,19.0,2.7142857142857144,0.4517539514526256,2.0,3.0,0.2857142857142857,0.7142857142857143,0.4736842105263157,1.32664991614216,1.2649110640673518,1.0,1.7,0.9,3.0,3.8,1.16619037896906,2.0,5.0,-0.0533333333333333,0.5471542540982185,-1.0,0.6,4.0,0.0,4.0,4.0,1.4285714285714286,1
sat-00149,783eba95edb22dc41f6f9c405b27012aefc76b7df7e8d480a813ac594b15514b,mixed,4,"[[-2,4],[-1,-2,-3],[2,3,-4],[1,-3,4]]",4.0,4.0,1.0,11.0,2.75,0.4330127018922193,2.0,3.0,0.25,0.75,0.4545454545454545,0.4330127018922193,0.5,1.0,1.6666666666666667,0.4714045207910317,2.0,2.75,0.4330127018922193,2.0,3.0,-0.0833333333333333,0.2763853991962833,-0.3333333333333333,0.3333333333333333,3.0,0.0,3.0,3.0,1.6666666666666667,1
sat-00590,7ada0eb846d7f7fb3d1ee1a49517e446ce76da58c142970554c911daa5bbae00,2sat,4,"[[1,-4],[2,-3],[-1,-3],[-1,4],[3,4]]",4.0,5.0,1.25,10.0,2.0,0.0,2.0,2.0,1.0,0.0,0.5,0.4330127018922193,0.82915619758885,0.6666666666666666,0.8333333333333334,0.6871842709362768,2.0,2.5,0.8660254037844386,1.0,3.0,0.1666666666666666,0.5527707983925666,-0.3333333333333333,1.0,2.0,0.7071067811865476,1.0,3.0,0.9,1
sat-01080,43e5fb0434e8f3751ee15202787763ccc2dd2d523ffd259c3dec47a185fea888,mixed,5,"[[-3,-4,-5],[-1,4,-5],[-1,3,-4],[-3,-4],[2,4,5],[2,3,4],[-1,2,-4],[-1,-2,5],[2,-4,-5],[1,2],[1,-2,3],[-1,-3,4],[1,2,-4],[-1,-2,3],[-1,3],[1,3],[1,-5],[-1,4],[1,-3,5],[2,-3],[1,2,5],[-1,-3,5],[2,-3,4],[-1,3,4],[3,4,5],[-1,3,5],[1,-2,-3],[1,3,4],[-3,-5],[-2,5],[2,5],[1,-3,4]]",5.0,32.0,6.4,86.0,2.6875,0.4635124054434789,2.0,3.0,0.3125,0.6875,0.5697674418604651,0.4,2.576819745345025,1.0,7.6,2.33238075793812,13.0,17.2,2.785677655436824,14.0,21.0,0.1642857142857142,0.1565645925978437,-0.0476190476190476,0.3333333333333333,4.0,0.0,4.0,4.0,1.4435483870967742,0
sat-02820,fd899339d12c6d9065f1c90d9599de79cc616bc96b7b604e81a4e08088511883,mixed,5,"[[-1,2,3],[2,-5],[3,4,5],[-3,-4,5],[-1,-2,4],[1,2,-5],[2,3,5],[2,-3,5],[-1,-4],[-1,4,-5],[3,5],[2,-3],[2,3,-5],[-2,-3,-4],[-2,-3,5],[-3,5],[-1,5],[1,3,5],[-1,3,4],[-1,-2,3],[1,-2,-4],[-2,-3],[-1,2,4],[1,-4,5],[3,-5],[2,3],[-2,4,5],[-4,-5],[-1,-2],[-1,2,-4],[1,2,-3]]",5.0,31.0,6.2,82.0,2.6451612903225805,0.4784644185223007,2.0,3.0,0.3548387096774194,0.6451612903225806,0.524390243902439,2.576819745345025,1.32664991614216,1.0,7.1,2.2113344387495983,11.0,16.4,2.154065922853801,13.0,19.0,0.0305734169511259,0.2173183006561066,-0.3333333333333333,0.2941176470588235,4.0,0.0,4.0,4.0,1.3827956989247312,0
sat-02577,c291534d009deca19943aefcb055ffcc7d9bf4007209188721d032ec7fc692b6,3sat,5,"[[-2,3,5],[1,-2,-5],[1,2,-5],[2,3,4],[-1,2,-3],[1,-3,5],[1,2,-4],[1,-4,5],[3,4,5],[3,4,-5],[-2,-3,5],[-2,4,-5]]",5.0,12.0,2.4,36.0,3.0,0.0,3.0,3.0,0.0,1.0,0.6111111111111112,0.4898979485566356,1.16619037896906,1.0,3.6,1.019803902718557,5.0,7.2,1.16619037896906,6.0,9.0,0.2507936507936508,0.2340179999235823,0.0,0.6666666666666666,4.0,0.0,4.0,4.0,1.7424242424242424,1
sat-01905,96633c546608e898654efb3201fc129de7a2094369ca3403759eb7575f5b0e46,mixed,4,"[[-1,-2,3],[1,4],[-1,-4],[1,-3],[-2,3],[1,-2,3],[2,3,-4],[1,-3,-4],[-2,-3,4],[-1,-2,-3]]",4.0,10.0,2.5,26.0,2.6,0.4898979485566356,2.0,3.0,0.4,0.6,0.4230769230769231,1.299038105676658,0.82915619758885,1.0,3.6666666666666665,1.3743685418725535,6.0,6.5,1.118033988749895,5.0,8.0,-0.1809523809523809,0.3057276365576099,-0.6666666666666666,0.1428571428571428,3.0,0.0,3.0,3.0,1.6444444444444444,1
sat-00424,cf9509fab3c13b06a15f5d6bcb66f7c424dc91b5148a5d7ac13672c595c2c5fd,2sat,4,"[[-3,4],[-1,3],[-1,2],[2,-3],[1,3],[1,2],[-2,4],[1,-3],[-3,-4]]",4.0,9.0,2.25,18.0,2.0,0.0,2.0,2.0,1.0,0.0,0.5555555555555556,0.5,1.224744871391589,0.8333333333333334,1.5,0.957427107756338,3.0,4.5,1.118033988749895,3.0,6.0,0.175,0.3121386800054673,-0.3333333333333333,0.5,2.5,0.5,2.0,3.0,0.9444444444444444,0
sat-01919,daee49f6ef9c4c9dce6609eee65fc62d700b272d67165c6634053d02251d0858,3sat,4,"[[-1,-2,4],[-1,2,3],[-1,-3,4],[-1,-3,-4],[-1,2,4],[-1,-2,3],[-2,-3,4],[1,2,3],[1,2,4],[-1,2,-4],[1,3,-4],[1,2,-3]]",4.0,12.0,3.0,36.0,3.0,0.0,3.0,3.0,0.0,1.0,0.5277777777777778,0.82915619758885,1.6393596310755,1.0,6.0,1.4142135623730951,8.0,9.0,1.224744871391589,8.0,11.0,0.0776515151515151,0.2365756988677532,-0.2727272727272727,0.3333333333333333,3.0,0.0,3.0,3.0,2.227272727272727,1
sat-01410,8bd7e1e4a7a133eef0690c42147ce363e8abffffc67a19fae70f13cff0174681,mixed,4,"[[1,3],[-1,-3],[-1,3,4],[1,-2,-4],[1,-4],[1,-2,-3],[1,-2,4],[-1,-4]]",4.0,8.0,2.0,20.0,2.5,0.5,2.0,3.0,0.5,0.5,0.45,1.7853571071357126,0.4330127018922193,1.0,2.6666666666666665,1.4907119849998598,5.0,5.0,1.8708286933869709,3.0,8.0,-0.2375,0.468208020008201,-1.0,0.25,3.0,0.0,3.0,3.0,1.6785714285714286,1
sat-02570,1bf3d41ba31aca7301d4658df5bcbbf4df28dd9ffc8f473297e0ee8127b84491,mixed,4,"[[-1,3,-4],[-2,4],[-2,-3,-4],[1,3,-4],[2,3,4],[-1,2],[-2,3,-4],[1,-4],[2,3,-4],[1,-2,4],[-2,3],[1,-3,-4],[-1,2,3],[-1,-2,-4],[-2,-4],[1,3],[-1,2,-4],[1,-2,-3],[1,2,4],[2,-3,4],[-2,-3],[1,3,4],[1,2,3],[-2,3,4],[-1,-3,4]]",4.0,25.0,6.25,68.0,2.72,0.4489988864128729,2.0,3.0,0.28,0.72,0.5294117647058824,1.224744871391589,2.0,1.0,10.166666666666666,1.3437096247164249,12.0,17.0,1.224744871391589,15.0,18.0,0.0679738562091503,0.1821501906561869,-0.1111111111111111,0.2941176470588235,3.0,0.0,3.0,3.0,1.8233333333333333,0
sat-00910,d46d9db0c645dd62e38d84b2004dcff0a5bf8c6add6e144805566d4aa69c891a,3sat,5,"[[3,-4,5],[-1,-4,5],[1,4,5],[-1,-3,4],[2,-4,5],[2,-3,-4],[3,-4,-5],[1,-2,5],[-2,3,5],[1,2,-3],[-3,-4,-5]]",5.0,11.0,2.2,33.0,3.0,0.0,3.0,3.0,0.0,1.0,0.5151515151515151,1.3564659966250536,1.6,1.0,3.3,1.2688577540449522,6.0,6.6,1.3564659966250536,5.0,8.0,0.0514285714285714,0.3426904356615129,-0.5,0.5,4.0,0.0,4.0,4.0,1.7636363636363637,1
sat-01078,b5e11b25b14770e75231a2c02888bbce7538682949ec6f9a654cabb437f16a47,mixed,4,"[[-2,-3],[1,4],[1,-2,3],[1,3,4],[-2,3,4],[-1,2],[-1,-2],[-1,3,4],[-1,2,-3],[2,-3,-4],[1,2],[2,-3],[-1,-2,3],[-1,2,4],[-3,4],[2,3,4],[2,3,-4],[-1,3],[3,4],[-1,4],[-1,2,-4],[-2,3,-4],[-1,3,-4],[1,-3,4]]",4.0,24.0,6.0,62.0,2.583333333333333,0.4930066485916347,2.0,3.0,0.4166666666666667,0.5833333333333334,0.5645161290322581,2.277608394786075,1.920286436967152,1.0,8.666666666666666,1.3743685418725535,11.0,15.5,0.8660254037844386,15.0,17.0,0.1235294117647058,0.2681834028467756,-0.3333333333333333,0.3333333333333333,3.0,0.0,3.0,3.0,1.634057971014493,0
sat-02968,297d6fb30523ef78bdf055325c32906c58b3bf7ca6c333c73567ee0b75c43a84,2sat,5,"[[2,4],[2,-5],[-2,-5],[-3,-4],[-1,4],[-2,-3],[2,-4],[1,-5],[-2,4],[-4,-5],[1,3],[1,-2],[3,-5],[1,-3],[-1,-3],[-1,3],[-1,-5],[-2,5],[-1,2],[-3,-5],[-4,5],[2,5],[1,5],[1,2],[-2,3],[4,-5],[2,-3]]",5.0,27.0,5.4,54.0,2.0,0.0,2.0,2.0,1.0,0.0,0.4629629629629629,1.2649110640673518,1.32664991614216,1.0,2.7,1.004987562112089,4.0,10.8,1.7204650534085253,8.0,13.0,-0.0731002331002331,0.1664779344464605,-0.3333333333333333,0.0909090909090909,4.0,0.0,4.0,4.0,0.7749287749287749,0
sat-02849,7801d28086811c5556ff32d8096808c9d3dd6232ed5fab3eeec1e32b168bdaca,2sat,5,"[[1,4],[3,4],[4,5],[2,-4],[-1,4],[-2,-4],[1,5],[-2,3]]",5.0,8.0,1.6,16.0,2.0,0.0,2.0,2.0,1.0,0.0,0.6875,0.9797958971132712,0.8944271909999159,0.6,0.8,0.7483314773547883,2.0,3.2,1.469693845669907,2.0,6.0,0.4666666666666666,0.4988876515698589,-0.3333333333333333,1.0,2.4,0.8,2.0,4.0,0.8214285714285714,0
sat-01059,6a2c06b158420a994d2ca00e04efb297a48b3cf9b817693798531217608633a0,mixed,5,"[[1,-2],[2,-3,-5],[-1,-2,-5],[2,-3,4],[-1,-2,-4],[1,2],[1,3],[-2,4,5],[-1,3]]",5.0,9.0,1.8,23.0,2.555555555555556,0.4969039949999532,2.0,3.0,0.4444444444444444,0.5555555555555556,0.4782608695652174,0.7483314773547882,1.019803902718557,1.0,1.9,1.044030650891055,4.0,4.6,1.624807680927192,3.0,7.0,-0.0285714285714285,0.2184256179272326,-0.3333333333333333,0.3333333333333333,4.0,0.0,4.0,4.0,1.3333333333333333,1
sat-00716,44314b659955f833d7009a9d92c0d473fee99323a5baba01ff494098101c8e1b,2sat,5,"[[-3,-5],[2,-4],[-1,-3],[-4,-5],[1,-2],[-1,5],[-2,3],[-3,5],[-2,4],[-1,3],[2,-5],[3,-4],[-1,2],[1,3],[2,5],[-2,-4],[1,-3],[1,-5],[-3,-4],[-2,5],[4,-5],[2,3],[2,-3],[-3,4],[4,5],[1,2],[1,4],[2,4]]",5.0,28.0,5.6,56.0,2.0,0.0,2.0,2.0,1.0,0.0,0.5357142857142857,1.095445115010332,0.9797958971132712,1.0,2.8,0.8717797887081347,4.0,11.2,1.1661903789690602,10.0,13.0,0.071002331002331,0.1442844575265782,-0.1666666666666666,0.2307692307692307,4.0,0.0,4.0,4.0,0.7645502645502645,0
sat-00391,f12e9e8cc46267fed7dfd09e7f25cfdbbfa52645353ae351fdb3c2a231693af9,2sat,5,"[[-1,-3],[2,5],[1,-4],[1,4],[2,-4],[2,3],[-1,3],[1,2],[4,5],[2,-5],[-1,4],[-3,-5],[1,-2],[2,4],[-2,-5],[1,3],[-4,-5],[3,5],[-3,4],[1,-3],[1,-5],[1,5],[-2,4],[-1,-2],[-2,5],[4,-5],[2,-3],[-1,-4]]",5.0,28.0,5.6,56.0,2.0,0.0,2.0,2.0,1.0,0.0,0.5535714285714286,1.469693845669907,0.6324555320336759,1.0,2.8,0.9797958971132712,4.0,11.2,1.32664991614216,9.0,13.0,0.0936285936285936,0.1625982503194778,-0.1111111111111111,0.2727272727272727,4.0,0.0,4.0,4.0,0.7671957671957672,0
sat-01406,c1fae5ecba7f6a98847951a5def6bcbc7d73bc29e32850e8dd2eea7de5e27319,mixed,4,"[[-1,-4],[-1,-3,4],[-1,-2],[1,-3],[1,2],[-1,3,-4],[1,-3,-4],[-1,3,4],[-1,3],[1,2,-3],[-2,-4],[-1,2],[-1,2,4],[1,-2],[-1,2,-4],[3,-4]]",4.0,16.0,4.0,39.0,2.4375,0.4960783708246107,2.0,3.0,0.5625,0.4375,0.4358974358974359,0.82915619758885,2.29128784747792,1.0,5.0,2.309401076758503,7.0,9.75,2.48746859276655,8.0,14.0,-0.0922619047619047,0.2351567178984881,-0.3333333333333333,0.25,3.0,0.0,3.0,3.0,1.525,0
sat-02356,2e80cafd60f23f8dbb0f8ee08acf93f0a155d842a0d73eebd345ce69c0ed8b8d,3sat,5,"[[-1,2,5],[1,-2,-5],[-2,3,4],[-2,-3,-5],[1,-3,-4],[1,-3,5],[3,4,-5],[-1,-2,5],[-1,3,-5],[1,2,-4],[-2,-4,5],[1,4,5],[1,-3,4],[2,-3,-5],[-1,3,5],[1,-2,3],[-1,2,4],[-1,4,-5],[2,4,-5]]",5.0,19.0,3.8,57.0,3.0,0.0,3.0,3.0,0.0,1.0,0.5263157894736842,0.8944271909999159,1.3564659966250536,1.0,5.7,1.1874342087037917,8.0,11.4,1.3564659966250536,10.0,13.0,0.0618181818181818,0.1794387607625597,-0.0909090909090909,0.4,4.0,0.0,4.0,4.0,1.760233918128655,0
sat-02066,3b831098e313bc5acdab65621b8324d636cd6f741c774505d64ae3b960866296,2sat,4,"[[-1,2],[1,-2],[-2,-4],[-1,-4],[2,-3],[2,3],[1,-4],[3,4],[2,4],[-2,4]]",4.0,10.0,2.5,20.0,2.0,0.0,2.0,2.0,1.0,0.0,0.55,0.82915619758885,0.82915619758885,0.8333333333333334,1.6666666666666667,0.9428090415820634,3.0,5.0,1.5811388300841898,3.0,7.0,0.119047619047619,0.1367753011080483,0.0,0.3333333333333333,2.5,0.5,2.0,3.0,1.0,0
sat-01827,0d7dcdc215bd013ab69254f79212439db58a68380ffe17497a473f4e5aad7229,mixed,5,"[[-1,-3],[2,-3,-4],[1,2,-5],[-1,-4,-5],[-1,-2,3],[1,3,-5],[-2,4,-5],[-3,4,5],[-4,-5],[-1,3,-5],[1,3,4],[-1,4,5]]",5.0,12.0,2.4,34.0,2.833333333333333,0.3726779962499649,2.0,3.0,0.1666666666666666,0.8333333333333334,0.4411764705882353,0.8944271909999159,1.469693845669907,1.0,3.2,1.2489995996796797,5.0,6.8,1.469693845669907,4.0,8.0,-0.0928571428571428,0.2490799396308956,-0.5,0.1428571428571428,4.0,0.0,4.0,4.0,1.5757575757575757,1
sat-00869,47481179719722a1d266d0374ee9cde589734756c1da6fed0aa9b2b13fde94d2,3sat,5,"[[-3,4,5],[3,-4,5],[-3,-4,5],[-1,-2,3],[-1,3,4],[-3,-4,-5],[1,-2,-3],[1,-3,5],[1,-3,4],[-2,-3,4],[2,-3,5],[-3,4,-5],[-2,4,-5]]",5.0,13.0,2.6,39.0,3.0,0.0,3.0,3.0,0.0,1.0,0.4615384615384615,1.743559577416269,2.4819347291981715,1.0,3.9,2.3430749027719964,8.0,7.8,2.638181191654584,5.0,12.0,-0.0633333333333333,0.4008879034232775,-0.6,0.3333333333333333,4.0,0.0,4.0,4.0,1.9230769230769231,1
sat-00601,97e9a769fb187f39fb4ac551e6bc8033297fbb3bce8ed8b3ff31d39ee0598a8f,2sat,4,"[[2,-3],[-2,-3],[2,3],[1,-4],[1,-3]]",4.0,5.0,1.25,10.0,2.0,0.0,2.0,2.0,1.0,0.0,0.5,0.82915619758885,1.0897247358851685,0.5,0.8333333333333334,1.0671873729054748,3.0,2.5,1.118033988749895,1.0,4.0,-0.0416666666666666,0.7671646933134154,-1.0,1.0,1.5,0.5,1.0,2.0,1.0,1
sat-02116,fe536ff4fa7cfc063ea2d052c759b2384a3136dde9b3f0447e893cefd8364ae5,mixed,5,"[[-3,-5],[3,-4,-5],[2,5],[2,-3,-4],[3,5],[-3,-4],[-4,-5],[-1,4,5],[1,-4,5],[1,-4],[2,-4,-5],[-1,5],[2,3],[-1,2,-3],[2,3,-5],[-1,-2,-3],[-1,2],[-3,4,5],[-2,5],[-2,3,4],[2,4,5],[1,-3,-4],[1,-3],[1,-3,5]]",5.0,24.0,4.8,61.0,2.5416666666666665,0.4982608642958915,2.0,3.0,0.4583333333333333,0.5416666666666666,0.5081967213114754,1.939071942966532,2.1908902300206643,1.0,5.0,1.1832159566199232,7.0,12.2,1.6,10.0,14.0,0.0242424242424242,0.3092085095257714,-0.3333333333333333,0.4545454545454545,4.0,0.0,4.0,4.0,1.2608695652173914,0
sat-00137,534c63b207438d49e8c1c201d30b95e34703e75fdfa0dd76f9e6d3189e528435,mixed,4,"[[-1,-2,3],[-1,2],[-2,3,4],[1,4],[2,-4],[-1,-3],[2,-3,-4],[-1,-2,-3],[2,-3,4],[-3,-4],[1,-3,-4],[1,-2,4],[-1,3,-4],[1,3],[1,-3,4],[2,3,-4],[-2,3],[-1,2,4],[-2,4],[1,-3]]",4.0,20.0,5.0,51.0,2.55,0.4974937185533101,2.0,3.0,0.45,0.55,0.4901960784313725,0.4330127018922193,0.8660254037844386,1.0,7.0,1.1547005383792517,8.0,12.75,0.82915619758885,12.0,14.0,-0.0164835164835164,0.0794331444769283,-0.1428571428571428,0.0769230769230769,3.0,0.0,3.0,3.0,1.5842105263157895,0
sat-00722,c238669fb4772ce1a00653efb2538ceccea0b2086013fd595dc5bf3bc00501b2,3sat,4,"[[-1,2,4],[-1,3,4],[-2,-3,-4],[-1,-2,3],[-1,2,-3],[2,-3,4],[-1,2,3],[-1,-2,-4],[-2,3,-4],[1,3,4],[1,-3,4],[-2,-3,4],[-1,-3,4],[-1,2,-4],[1,3,-4],[1,2,3],[1,2,4],[2,3,-4],[2,-3,-4],[1,2,-4],[1,-2,-4],[-2,3,4],[2,3,4],[1,2,-3],[1,-2,4],[-1,-3,-4],[1,-2,3],[-1,-2,-3]]",4.0,28.0,7.0,84.0,3.0,0.0,3.0,3.0,0.0,1.0,0.5238095238095238,0.7071067811865476,0.0,1.0,14.0,0.816496580927726,15.0,21.0,0.7071067811865476,20.0,22.0,0.0465367965367965,0.0321594328097481,0.0,0.0909090909090909,3.0,0.0,3.0,3.0,2.2248677248677247,0
sat-01543,987733b642bb89b18d33a0261b929c433d4c63c097cf27414aa17f8d3dc698d6,3sat,5,"[[2,3,4],[1,4,5],[1,-3,4],[3,-4,-5],[2,-3,4],[1,-2,-4],[-1,3,-4],[1,-2,4],[-2,4,5],[1,-4,5],[-1,-4,-5],[3,4,-5],[-1,2,5],[1,-2,-5],[-3,-4,-5],[2,-3,5],[1,2,3],[1,3,4],[3,-4,5],[2,4,-5],[-1,3,-5],[2,-4,-5],[2,-3,-5],[-1,-3,-5],[-2,-3,-5],[-2,3,-5],[-1,2,4]]",5.0,27.0,5.4,81.0,3.0,0.0,3.0,3.0,0.0,1.0,0.5185185185185185,1.3564659966250536,2.2271057451320084,1.0,8.1,1.445683229480096,10.0,16.2,1.6,14.0,18.0,0.0491269841269841,0.1936092201015737,-0.3333333333333333,0.2,4.0,0.0,4.0,4.0,1.772079772079772,1
sat-02243,6eacb9fa9025a1fb2e9ceeb20bd36f08fa5bdbbf7aa854c3a6c1c1595977b9e3,2sat,4,"[[1,4],[1,-4],[2,3],[-1,4],[-1,-3],[1,3]]",4.0,6.0,1.5,12.0,2.0,0.0,2.0,2.0,1.0,0.0,0.6666666666666666,0.7071067811865476,0.7071067811865476,0.5,1.0,1.1547005383792517,3.0,3.0,1.4142135623730951,1.0,5.0,0.4666666666666666,0.3126943839882287,0.2,1.0,1.5,0.5,1.0,2.0,1.0666666666666669,1
sat-01422,cbc03841695739d8833403565e3599d0f876191d6737ccee96e1ac3000234d21,2sat,5,"[[2,3],[-2,-5],[-1,2],[-1,-5],[2,-4],[-2,3],[4,5],[-2,4],[-2,-4],[-1,5],[2,-3],[2,5],[-3,-5],[1,5],[-1,3],[2,-5],[1,3],[-3,4],[3,-5],[-1,-2],[-1,-3],[3,-4],[1,-3]]",5.0,23.0,4.6,46.0,2.0,0.0,2.0,2.0,1.0,0.0,0.4782608695652174,1.3564659966250536,0.9797958971132712,0.9,2.3,1.1,4.0,9.2,1.833030277982336,6.0,11.0,-0.0525252525252525,0.1588654808188888,-0.3333333333333333,0.0909090909090909,3.6,0.4898979485566356,3.0,4.0,0.7786561264822134,0
sat-01081,c4d549979f18eb47d49cef2c74fe920731099ec5e87e2b3120756a20b44d6edc,mixed,4,"[[-1,-2,4],[-1,4],[2,-4],[3,-4],[-1,2,-4],[2,-3,4],[-1,-2,-3],[-1,-3,4]]",4.0,8.0,2.0,21.0,2.625,0.4841229182759271,2.0,3.0,0.375,0.625,0.3809523809523809,1.5811388300841898,1.0897247358851685,1.0,3.0,0.816496580927726,4.0,5.25,1.0897247358851685,4.0,7.0,-0.2892857142857143,0.4938783416252738,-1.0,0.2,3.0,0.0,3.0,3.0,1.6785714285714286,1
sat-01726,713c487dd80f8244221cdd5a72b76669379cd83aa3f2121608456d8dade276d7,3sat,5,"[[1,2,5],[1,2,-5],[-2,4,5],[-1,-2,3],[-1,3,-4],[-1,4,-5],[-3,4,5],[-1,-2,-4],[-3,-4,-5],[1,2,-3],[-1,3,5],[-2,-3,5],[-1,-2,5],[-1,2,5],[1,4,5],[-2,3,-5],[-2,4,-5],[-1,-3,-4],[-1,4,5],[2,3,-4],[1,3,4],[2,4,-5],[-1,-2,4],[-1,3,4],[-1,-4,-5],[2,3,4],[1,-4,-5],[2,3,5],[2,-3,4],[-1,-2,-3]]",5.0,30.0,6.0,90.0,3.0,0.0,3.0,3.0,0.0,1.0,0.5111111111111111,1.9390719429665315,2.2271057451320084,1.0,9.0,1.3416407864998738,11.0,18.0,1.095445115010332,16.0,19.0,0.0261695906432748,0.2142580645971816,-0.3684210526315789,0.2631578947368421,4.0,0.0,4.0,4.0,1.7655172413793103,1
sat-01736,38e4ba4d0049147d89afdad24ece5c99bd4770f42bcea8515646f65f963dbaed,mixed,4,"[[-1,-2,-4],[1,3,-4],[3,4],[-2,3,-4],[1,-2],[2,4],[2,3,-4],[-1,3,4],[-2,-3],[-2,3,4],[3,-4],[1,2,-3],[-2,-4],[-2,-3,4],[-1,2],[2,-3],[-3,4],[1,2],[-1,2,4],[-1,2,-4],[-1,3],[-1,2,3],[-1,-2,3],[1,2,4],[1,-3]]",4.0,25.0,6.25,63.0,2.52,0.4995998398718719,2.0,3.0,0.48,0.52,0.5396825396825397,1.6583123951777,0.82915619758885,1.0,8.5,1.5,10.0,15.75,1.479019945774904,14.0,18.0,0.0712301587301587,0.1408929954532887,-0.1428571428571428,0.25,3.0,0.0,3.0,3.0,1.5633333333333332,0
sat-02596,993768b1e199dcdcd7dece8c29f9a01aebbc2b609fc8f1d0500654e862ec054a,2sat,5,"[[2,4],[-1,-3],[1,3],[3,-4],[-4,-5],[1,-4],[-3,4],[-3,-5],[3,5],[4,-5],[-1,-4],[-1,3],[1,-2],[-1,-5],[2,3],[-2,5],[-1,5],[-1,2],[3,-5],[3,4],[-2,3],[2,-4],[2,-5],[-2,-3],[1,-5],[-3,5],[-4,5],[1,5],[-2,-4],[2,5],[-2,-5],[-1,4],[4,5],[1,-3]]",5.0,34.0,6.8,68.0,2.0,0.0,2.0,2.0,1.0,0.0,0.5,0.9797958971132712,0.7483314773547882,1.0,3.4,0.66332495807108,4.0,13.6,1.3564659966250536,12.0,16.0,-0.0021978021978022,0.0802724499681304,-0.0769230769230769,0.1428571428571428,4.0,0.0,4.0,4.0,0.7718360071301248,0
sat-00478,1872bcf51f033d33137e4306e391e493861c724c3944506c0cab55ae776e79b5,3sat,5,"[[1,-2,4],[-1,3,4],[-2,3,5],[-2,4,-5],[2,-3,4],[1,-2,-4]]",5.0,6.0,1.2,18.0,3.0,0.0,3.0,3.0,0.0,1.0,0.5555555555555556,1.095445115010332,1.2000000000000002,0.9,1.8,1.077032961426901,4.0,3.6,1.2,2.0,5.0,0.1333333333333333,0.4131182235954578,-0.6,0.6,3.6,0.4898979485566356,3.0,4.0,1.8,1
sat-01465,41d63a6d86777b06cc21c49f86dd6d702af9a004a02e51311778b788e476c371,mixed,5,"[[1,2,-5],[-1,2,5],[2,-3,4],[-1,2,4],[1,-2,-3],[1,-2,4],[3,5],[-1,2,-3],[-2,-3,5],[-1,3,4],[1,3,-5],[3,4,-5],[-1,-4,-5],[-2,-4],[-3,-4],[-1,-3,4],[-3,4,5],[-2,-4,-5],[-1,4,5],[-3,-4,-5],[2,-5],[3,4,5],[-1,-2,-4],[-1,-2,-3],[2,3,5],[2,-4],[1,-4,-5],[-3,5],[-1,-2,-5],[-2,3,4],[-1,2],[1,3]]",5.0,32.0,6.4,88.0,2.75,0.4330127018922193,2.0,3.0,0.25,0.75,0.4659090909090909,1.32664991614216,1.0198039027185568,1.0,8.0,1.0,10.0,17.6,0.4898979485566356,17.0,18.0,-0.0705882352941176,0.1339725801340544,-0.2941176470588235,0.1111111111111111,4.0,0.0,4.0,4.0,1.4737903225806452,0
sat-00515,1d7dcb33f14d910de683477d3a3f96125523917cc64dce3b21dae2c7e9254c6c,2sat,5,"[[-1,-3],[-1,-4],[1,5],[-2,5],[-3,-4],[-3,4],[-2,-3],[1,4],[-2,-4],[2,-3],[-2,-5],[-1,5],[4,-5],[-3,5],[1,-4],[-2,3],[2,5],[1,-3],[-3,-5],[1,-5],[2,4],[1,3],[3,-5],[-1,2],[3,5],[2,-5],[-2,4]]",5.0,27.0,5.4,54.0,2.0,0.0,2.0,2.0,1.0,0.0,0.4814814814814814,0.7483314773547882,1.4966629547095764,1.0,2.7,1.004987562112089,4.0,10.8,1.16619037896906,9.0,12.0,-0.0226262626262626,0.1839355942340748,-0.3333333333333333,0.2,4.0,0.0,4.0,4.0,0.7635327635327636,0
sat-02494,d7a4513e6b2c7300dbe93cb09a3b56d9ace5509d8884f973c1c08092cfdf7455,mixed,5,"[[1,-3],[2,3,4],[-2,3,5],[-2,-3,-5],[-1,-2,-3],[-1,-2],[-3,4,5],[1,-4,-5],[1,2,-5],[3,-4,-5],[2,3,-5],[-1,3],[-3,-5],[2,4,-5],[-1,2,-4],[-1,4,-5],[1,2,3],[-2,-3,4],[1,5],[-2,-3,-4],[3,-5],[-1,2,-5],[2,-3],[1,4,-5],[-1,-4,-5],[-3,4],[-1,-3,-5],[-1,4,5],[-1,2],[2,-3,-5],[-2,3],[1,3],[-1,-2,3],[-2,-5]]",5.0,34.0,6.8,90.0,2.647058823529412,0.4778846120374094,2.0,3.0,0.3529411764705882,0.6470588235294118,0.4333333333333333,2.227105745132009,3.249615361854384,1.0,7.8,1.8867962264113207,12.0,18.0,2.683281572999748,13.0,21.0,-0.1130775657091446,0.275289733475833,-0.5789473684210527,0.2307692307692307,4.0,0.0,4.0,4.0,1.39572192513369,0
sat-00376,23ced337f72a07c664943c9f2e7aa8df3053aae035da982f67f225a93ea3b5af,3sat,5,"[[-1,-4,-5],[-2,-3,-5],[-1,-2,-3],[-2,-3,5],[3,4,-5],[2,-3,-4],[-1,2,3],[-2,-4,5],[2,4,-5],[1,-4,5],[1,-2,3],[1,3,-5],[1,2,3],[-1,3,4],[1,-3,4],[1,3,4]]",5.0,16.0,3.2,48.0,3.0,0.0,3.0,3.0,0.0,1.0,0.5208333333333334,1.4142135623730951,0.4898979485566356,1.0,4.8,1.5362291495737217,8.0,9.6,1.3564659966250536,8.0,12.0,0.0233333333333333,0.1744975149280051,-0.25,0.2,4.0,0.0,4.0,4.0,1.7583333333333333,1
sat-00044,a6004acb40f0443112504542cf623da4aa6a178c5724e82b5c5c3bb938109887,mixed,5,"[[-1,-2,-4],[1,-2],[1,3,-4],[-2,-4],[1,-2,-3],[1,3,-5],[-1,3,-5],[1,-3],[1,-2,4],[1,-4,5],[1,3,4],[3,-5],[-3,-4],[-1,-3],[1,-4],[2,3,4],[-2,-3,5],[-2,3],[3,4,5]]",5.0,19.0,3.8,49.0,2.5789473684210527,0.4937279747182557,2.0,3.0,0.4210526315789473,0.5789473684210527,0.5102040816326531,3.03315017762062,1.6,1.0,4.1,1.7,7.0,9.8,2.56124969497314,6.0,13.0,-0.0438461538461538,0.4233537555837481,-0.75,0.5,4.0,0.0,4.0,4.0,1.3567251461988303,1
sat-00817,71a5a0be2b2313f8548ed33b86082227cf9ac9ee98f7f5e5802d47ed72daaf0a,mixed,5,"[[1,-2,-4],[-2,4,5],[2,-4],[-1,-2,3],[1,2,5],[-1,2,3],[1,3]]",5.0,7.0,1.4,19.0,2.7142857142857144,0.4517539514526256,2.0,3.0,0.2857142857142857,0.7142857142857143,0.631578947368421,0.8,1.2000000000000002,0.8,1.7,1.268857754044952,4.0,3.8,1.469693845669907,2.0,6.0,0.3733333333333333,0.5392999577641783,-0.3333333333333333,1.0,3.2,0.7483314773547882,2.0,4.0,1.5238095238095235,1
sat-02138,946d7e541e0232c2eb2c0aa3f82e03ccae0eb90019f9a4be0a240e8b78c3ff6c,2sat,4,"[[-1,-2],[2,4],[2,-4],[1,-3],[3,-4],[-1,4],[2,3],[3,4],[1,3],[-1,2],[-2,-3],[1,4],[-1,-4],[-2,3],[-3,-4],[-3,4],[-1,-3],[1,-2],[1,2],[-1,3],[2,-3]]",4.0,21.0,5.25,42.0,2.0,0.0,2.0,2.0,1.0,0.0,0.5238095238095238,0.5,1.0,1.0,3.5,0.7637626158259734,4.0,10.5,1.118033988749895,9.0,12.0,0.055050505050505,0.1100998517221984,-0.0909090909090909,0.2,3.0,0.0,3.0,3.0,0.961904761904762,0
sat-02713,66ab7b2dfb2494d719c9ca76bf4701a4fc6a037d336197f39cd9613dac3e0af2,2sat,4,"[[-2,-4],[3,-4],[1,2],[-3,-4],[-2,-3],[1,-3],[-1,3],[-1,-3],[2,-3],[-2,3],[-3,4],[-1,4],[1,-4],[1,-2],[2,4],[1,4],[3,4],[-1,2],[-2,4],[-1,-4],[1,3]]",4.0,21.0,5.25,42.0,2.0,0.0,2.0,2.0,1.0,0.0,0.5,0.82915619758885,0.4330127018922193,1.0,3.5,0.5,4.0,10.5,0.8660254037844386,9.0,11.0,-0.005050505050505,0.0962250448649376,-0.1111111111111111,0.0909090909090909,3.0,0.0,3.0,3.0,0.9571428571428572,0
sat-01542,010eb79df15eb69c19027a6f0db5d540274a07e95637355f0d041b8aee192f5a,3sat,5,"[[-1,2,-4],[-2,3,5],[-3,-4,-5],[-1,-2,5],[1,-4,5],[-2,3,-5],[-3,4,5],[-2,4,-5],[1,-3,5],[1,4,5],[-1,-4,-5],[-1,3,5],[1,2,3],[3,4,5],[-3,-4,5],[-2,-3,4],[-1,2,-3]]",5.0,17.0,3.4,51.0,3.0,0.0,3.0,3.0,0.0,1.0,0.5098039215686274,2.039607805437114,0.6324555320336759,1.0,5.1,1.6401219466856725,8.0,10.2,1.7204650534085253,8.0,13.0,-0.0134809634809634,0.2145369217748907,-0.25,0.3846153846153846,4.0,0.0,4.0,4.0,1.7794117647058822,1
sat-00519,cbb34e253aec86b07ab2ef43fd9f17988c245f418b56a58e865af2e1d62023a9,mixed,5,"[[1,2],[1,3,5],[-1,-2],[1,3,4],[-2,4,5],[-3,-4,-5],[-1,-5],[1,-4,-5],[2,-3,-5],[2,-4],[1,3,-5],[-1,-4,5],[-1,-2,-3],[2,3,-5],[-1,-3,-5],[-2,-5],[-1,3,-5],[1,2,3],[-1,-4,-5],[-1,4,-5],[3,4,-5],[-1,-3,5],[1,-4],[-1,-3],[-2,-4,-5],[-2,3,5],[1,5],[-2,-3],[1,-3,-4],[4,-5],[3,5],[1,-3,5]]",5.0,32.0,6.4,85.0,2.65625,0.4749588797990832,2.0,3.0,0.34375,0.65625,0.4352941176470588,2.0591260281974,2.4166091947189146,1.0,7.4,3.2310988842807027,12.0,17.0,3.898717737923585,12.0,22.0,-0.134032634032634,0.1145326556124727,-0.2727272727272727,0.0,4.0,0.0,4.0,4.0,1.4475806451612905,0
sat-00246,e37f7a0b9bd1369197fd7a1ad915845b835e536ea87748336ceb4765e0600e6b,2sat,4,"[[-1,2],[2,4],[1,2],[3,4],[-3,-4],[-1,3],[-2,3],[-1,-4],[3,-4],[-2,-4]]",4.0,10.0,2.5,20.0,2.0,0.0,2.0,2.0,1.0,0.0,0.5,1.118033988749895,1.118033988749895,1.0,1.6666666666666667,0.7453559924999299,3.0,5.0,0.7071067811865476,4.0,6.0,-0.0083333333333333,0.4361288036043175,-0.5,0.6,3.0,0.0,3.0,3.0,0.9111111111111112,1
sat-02463,ace34e9287326baefc3aaa482ee0bb177eccb9ceb4f93cbfc86e3b3152607e8b,3sat,5,"[[1,4,-5],[2,3,5],[-1,3,4],[1,2,4],[-2,3,-4],[-1,-2,-4],[1,-4,-5],[-1,-2,4],[2,3,-4],[-1,2,5],[1,-2,-3],[2,4,5],[2,3,4],[1,3,-5],[1,2,5],[-2,3,5],[3,4,5],[2,4,-5],[1,-2,3]]",5.0,19.0,3.8,57.0,3.0,0.0,3.0,3.0,0.0,1.0,0.6666666666666666,1.0198039027185568,1.6,1.0,5.7,1.2688577540449522,8.0,11.4,1.4966629547095764,10.0,14.0,0.3497835497835497,0.2341609622331477,0.1428571428571428,0.8,4.0,0.0,4.0,4.0,1.7660818713450293,1
sat-02053,1d8b3f6a45fa10ad4393c2ee734712fe0d00c9178537bc443fa5db02b74bca34,2sat,4,"[[-2,4],[3,4],[-1,-2],[1,4],[1,-2],[2,3],[1,2],[-1,3],[-3,-4],[1,-4],[-1,2],[-1,-3],[1,-3],[2,4],[-2,3],[-1,-4],[-3,4],[2,-4],[3,-4],[-2,-4],[2,-3]]",4.0,21.0,5.25,42.0,2.0,0.0,2.0,2.0,1.0,0.0,0.5,0.4330127018922193,0.4330127018922193,1.0,3.5,0.5,4.0,10.5,0.5,10.0,11.0,0.0,0.0642824346533225,-0.0909090909090909,0.0909090909090909,3.0,0.0,3.0,3.0,0.9523809523809524,0
sat-01492,b5ebb9b85f3dd82fd729fa87bf1f9595342f1d7b188e6cea472e4826f034b323,3sat,4,"[[-1,3,-4],[-1,2,-4],[2,3,-4],[1,-2,3],[-1,-2,4],[1,3,-4],[1,-2,-3],[-2,-3,-4],[-1,-2,-4],[-1,2,-3],[-2,3,-4],[-1,3,4],[-1,-3,-4],[1,-2,4],[-1,-3,4],[-1,2,4],[-1,2,3],[1,2,-4],[-1,-2,-3],[2,-3,4],[2,-3,-4],[1,-2,-4],[-1,-2,3]]",4.0,23.0,5.75,69.0,3.0,0.0,3.0,3.0,0.0,1.0,0.4057971014492754,1.0,1.479019945774904,1.0,11.5,0.957427107756338,13.0,17.25,0.82915619758885,16.0,18.0,-0.184640522875817,0.13564060019354,-0.3333333333333333,0.0,3.0,0.0,3.0,3.0,2.2213438735177866,1
sat-01923,a933344802143cbda6dd18fedb4b1b7e378bedfc01cd3cda0dc11b5665b8c1fc,mixed,4,"[[1,3],[-1,-3,4],[-2,3,4],[1,4],[-2,4],[-1,-3,-4],[1,-3,-4],[-3,-4],[-2,3],[1,-3],[2,3,-4],[-1,3,4],[1,-2,-4],[1,2],[1,2,4]]",4.0,15.0,3.75,38.0,2.533333333333333,0.498887651569859,2.0,3.0,0.4666666666666667,0.5333333333333333,0.5526315789473685,1.479019945774904,0.82915619758885,1.0,5.166666666666667,1.6749792701868151,7.0,9.5,1.5,7.0,11.0,0.087012987012987,0.1989896897074912,-0.1428571428571428,0.4,3.0,0.0,3.0,3.0,1.5809523809523809,0
sat-00179,ba4fa95aaf3c7b028accf75b257d2f69a1547f8722a1511dc0de85a854805170,mixed,5,"[[1,5],[-1,-2,4],[-1,4,5],[1,3],[2,-5],[-1,3,-4],[-1,2,3],[1,4,-5],[-1,3,4],[2,-4],[-1,5]]",5.0,11.0,2.2,28.0,2.5454545454545454,0.4979295977319691,2.0,3.0,0.4545454545454545,0.5454545454545454,0.6071428571428571,0.4898979485566356,2.0396078054371136,0.9,2.3,1.4866068747318506,5.0,5.6,1.8547236990991407,4.0,9.0,0.3399999999999999,0.4322550687319287,-0.3333333333333333,1.0,3.6,0.4898979485566356,3.0,4.0,1.3272727272727274,1
sat-01489,473fd8567af6248bd47b410f8fc1f7ad38f40fb45a6262dd6627a0c072b461e3,mixed,5,"[[3,5],[2,4],[-3,-4],[-1,2,3],[2,3,4],[-1,-2,5],[1,-4],[1,3,5],[-1,4,-5],[-1,3,-4],[1,2,3],[-2,4],[-1,-3,4],[2,5],[-1,-3,-4],[-2,-4,-5],[-1,2,4],[2,3,-5],[1,-2,3],[-3,4,5],[-1,4],[3,4],[3,-5],[-1,2],[-2,-4],[1,-2,5]]",5.0,26.0,5.2,67.0,2.576923076923077,0.4940474068717357,2.0,3.0,0.4230769230769231,0.5769230769230769,0.5671641791044776,1.8547236990991407,1.833030277982336,1.0,5.6,1.3564659966250536,7.0,13.4,1.743559577416269,10.0,15.0,0.1371428571428571,0.2330980349070987,-0.2857142857142857,0.4285714285714285,4.0,0.0,4.0,4.0,1.3015384615384615,0
sat-00925,509affe502e6053eb71713fdfcfda30e309e1776de3f15e01fb14fe8c3a0d814,mixed,4,"[[-2,4],[1,3],[1,-3],[-1,2,4],[-2,-3],[-1,-3],[-1,-2,-4],[1,-2,4],[-1,-3,-4],[-1,2,-3],[1,3,4],[-1,3,-4],[2,-3,-4],[-2,3],[-2,3,-4],[1,-2],[-1,2],[1,2,4],[1,-2,3],[-1,-4],[2,-4],[1,2,3],[2,3,-4],[-1,-2,-3],[1,2,-4],[1,2],[1,3,-4]]",4.0,27.0,6.75,70.0,2.592592592592593,0.4913518207933925,2.0,3.0,0.4074074074074074,0.5925925925925926,0.5,2.277608394786075,1.0897247358851685,1.0,9.833333333333334,1.5723301886761003,12.0,17.5,2.0615528128088303,15.0,20.0,-0.0139254385964912,0.1862327326580813,-0.3333333333333333,0.125,3.0,0.0,3.0,3.0,1.6695156695156694,0
sat-00643,cb50603d60cbeaeafc5ab67217807f76e94319807773fa57afb8809cb1503fcd,3sat,5,"[[-1,2,4],[-1,-4,5],[-1,2,5],[-1,2,-3],[1,3,-4],[-1,-4,-5],[-3,4,5],[-2,3,-4],[-1,-2,4],[1,3,-5],[-1,2,3],[-3,-4,5],[-2,-3,5],[-2,3,4],[-1,3,5],[2,3,4],[3,4,-5],[-2,-4,5],[-1,-2,-4],[-1,-2,-3],[2,-3,5],[1,2,-5],[-1,3,-4],[2,-3,4],[-1,-3,-4],[2,-3,-4],[2,-3,-5],[1,4,5],[-2,4,-5],[1,-2,-4],[-2,-3,-4]]",5.0,31.0,6.2,93.0,3.0,0.0,3.0,3.0,0.0,1.0,0.4516129032258064,1.743559577416269,2.2271057451320084,1.0,9.3,1.9519221295943137,12.0,18.6,2.244994432064365,15.0,21.0,-0.0909243697478991,0.1993098749211505,-0.4117647058823529,0.2,4.0,0.0,4.0,4.0,1.7870967741935484,0
sat-01653,7d566ca1709cf5d3a1c383520c706c084c99a4c024032a8d21d48899d09437d7,3sat,5,"[[-1,4,5],[-2,4,5],[1,-3,4],[-3,-4,5],[-2,-3,-5],[-2,-4,-5],[-2,-3,-4],[-2,3,-4],[-1,-3,-4],[1,3,-4],[2,3,-4],[-3,4,-5],[1,3,5],[-3,-4,-5],[1,-3,-4],[2,3,5],[2,-3,5],[-1,-2,-3],[-1,-3,4],[-1,-2,5],[-1,2,3],[1,3,4],[1,-3,-5],[1,-2,5],[1,4,5]]",5.0,25.0,5.0,75.0,3.0,0.0,3.0,3.0,0.0,1.0,0.4666666666666667,1.6733200530681511,2.449489742783178,1.0,7.5,2.202271554554524,12.0,15.0,2.3664319132398464,12.0,19.0,-0.0585839598997493,0.2370099589520623,-0.3333333333333333,0.2857142857142857,4.0,0.0,4.0,4.0,1.7966666666666666,1
sat-01646,aba6f2c80f9ee751c7f2d71176a1a7e6ab7a1c5e2d0901c9421c31a9fe3af3f4,3sat,4,"[[-1,-2,4],[1,3,-4],[1,2,4],[1,-2,3],[1,2,-3],[1,3,4],[1,2,-4],[2,-3,-4],[1,-2,-4],[-1,3,4],[1,-2,4],[-1,2,-4],[1,2,3],[-1,3,-4],[-1,-2,-4],[-1,-2,3],[-2,3,4],[2,-3,4],[-1,-3,4],[-2,3,-4],[1,-2,-3],[-1,-3,-4],[1,-3,-4],[-1,2,4]]",4.0,24.0,6.0,72.0,3.0,0.0,3.0,3.0,0.0,1.0,0.5138888888888888,1.0897247358851685,1.0897247358851685,1.0,12.0,1.8257418583505536,15.0,18.0,1.5811388300841898,16.0,20.0,0.0283862229102167,0.0846052304980545,-0.0588235294117647,0.125,3.0,0.0,3.0,3.0,2.2355072463768115,0
sat-02933,4bf676eb30ba6cb82b6e00b694d6062eb7d9e5cae7c4b0f20478d44f8b7963ad,2sat,5,"[[-1,-2],[2,4],[1,-3],[1,-4],[-2,-5],[-1,2],[4,-5],[-3,-4],[3,5],[-1,-4],[2,5],[1,4],[-2,3],[3,-5],[3,-4],[-1,5],[2,-4],[-1,3],[-2,4],[3,4],[-2,5],[2,3],[1,2],[1,-5],[-1,-3],[-3,5],[-4,-5],[-1,-5],[1,5],[4,5],[2,-5],[-3,4],[-3,-5],[2,-3]]",5.0,34.0,6.8,68.0,2.0,0.0,2.0,2.0,1.0,0.0,0.5147058823529411,0.6324555320336759,1.0198039027185568,1.0,3.4,0.4898979485566356,4.0,13.6,0.8,13.0,15.0,0.0328205128205128,0.1132671810648494,-0.0769230769230769,0.2307692307692307,4.0,0.0,4.0,4.0,0.7664884135472371,0
sat-02208,96bd50ca72d75c167497c599a76bd6e33985ea9896f87b0e2925ea6707b564db,mixed,4,"[[1,2,4],[1,-2],[-3,4],[-1,-3,-4],[3,-4],[2,-3,-4],[1,3],[-1,-4]]",4.0,8.0,2.0,19.0,2.375,0.4841229182759271,2.0,3.0,0.625,0.375,0.4736842105263157,0.4330127018922193,1.118033988749895,1.0,2.333333333333333,0.9428090415820634,4.0,4.75,1.0897247358851685,3.0,6.0,0.0,0.2748737083745107,-0.3333333333333333,0.3333333333333333,3.0,0.0,3.0,3.0,1.3571428571428572,1
sat-01548,b07641cb67809255f77a6f49f2d1eec56189ebf092ff7ddcf28c3337bd4b4bec,mixed,4,"[[1,3,-4],[-1,4],[1,-3,-4],[1,-2,3],[2,-3,4],[-1,2,-4],[-2,3,-4],[-2,-3,-4],[1,3,4],[-2,-3,4],[-2,3],[-1,2,4],[3,4],[-1,-3,4],[1,-3,4],[-1,2]]",4.0,16.0,4.0,44.0,2.75,0.4330127018922193,2.0,3.0,0.25,0.75,0.5227272727272727,1.479019945774904,0.4330127018922193,1.0,6.666666666666667,1.8856180831641267,10.0,11.0,1.5811388300841898,9.0,13.0,0.0299145299145299,0.1245196776438757,-0.1111111111111111,0.2307692307692307,3.0,0.0,3.0,3.0,1.875,0
sat-01584,ceaab41e4810ec8743d38b3bcec58f0491b22c36e39ab60a2384560a6039abcd,3sat,4,"[[1,-2,-4],[-1,-3,-4],[1,-3,-4],[2,-3,-4],[-2,-3,-4],[2,3,-4],[-1,-2,4],[-1,2,-4],[-1,3,-4],[-1,-2,-3],[2,3,4],[1,-2,-3],[1,2,3],[1,-2,4],[1,3,4],[-1,-2,3],[-2,-3,4],[1,3,-4],[-2,3,-4],[-2,3,4],[-1,-3,4]]",4.0,21.0,5.25,63.0,3.0,0.0,3.0,3.0,0.0,1.0,0.4444444444444444,1.4142135623730951,1.299038105676658,1.0,10.5,1.5,13.0,15.75,1.299038105676658,14.0,17.0,-0.1127450980392156,0.1540027262000491,-0.3333333333333333,0.0588235294117647,3.0,0.0,3.0,3.0,2.2285714285714286,1
sat-02532,e51b5228d626a04fe5568af6c60e74608637a74d2aba27e54b6034b0bb5f9cef,2sat,4,"[[3,-4],[-2,3],[1,2],[2,3],[-3,4]]",4.0,5.0,1.25,10.0,2.0,0.0,2.0,2.0,1.0,0.0,0.7,0.82915619758885,0.4330127018922193,0.5,0.8333333333333334,0.8975274678557507,2.0,2.5,1.118033988749895,1.0,4.0,0.4583333333333333,0.3608439182435161,0.0,1.0,1.5,0.5,1.0,2.0,1.0,1
sat-00765,e3d84ff0f893d22c7a30d9b977b68134b5d2e220f9e89a63b377d32c82703277,mixed,4,"[[-2,3,4],[1,-4],[3,4],[-1,2,4],[-1,2,-3],[-1,-2,-3],[-1,-4],[1,3],[1,2,-3]]",4.0,9.0,2.25,23.0,2.555555555555556,0.4969039949999532,2.0,3.0,0.4444444444444444,0.5555555555555556,0.5217391304347826,0.0,0.82915619758885,1.0,3.1666666666666665,0.8975274678557507,4.0,5.75,0.82915619758885,5.0,7.0,0.0642857142857143,0.1448081066622378,-0.1428571428571428,0.2,3.0,0.0,3.0,3.0,1.5555555555555556,1
sat-01082,1b6d1a22f4900ae99728e084b3419941f47bac1317418d03ee9063f4be3d6e12,3sat,4,"[[2,-3,4],[-2,3,-4],[-2,3,4],[-1,-2,3],[-1,2,-3],[-2,-3,-4],[1,-3,-4],[1,3,-4],[-1,-2,4],[1,3,4],[-1,-3,4],[-1,2,3],[1,2,3],[-2,-3,4],[-1,3,-4],[1,2,4],[-1,-2,-4],[1,-2,3],[-1,2,4],[1,-2,-3]]",4.0,20.0,5.0,60.0,3.0,0.0,3.0,3.0,0.0,1.0,0.5,1.118033988749895,1.118033988749895,1.0,10.0,0.816496580927726,11.0,15.0,0.7071067811865476,14.0,16.0,0.000297619047619,0.1418425653685808,-0.2,0.1428571428571428,3.0,0.0,3.0,3.0,2.2157894736842105,0
sat-00679,0a6824f056e542eeebf806175411e1fb59f860c74b074063c6d2482cb9249055,2sat,4,"[[1,4],[1,3],[-2,-4],[-1,2],[1,-3],[-1,4],[3,4],[3,-4],[-1,3],[2,-4],[2,4],[1,-4],[1,2],[-1,-3],[-2,4],[2,3],[-2,3]]",4.0,17.0,4.25,34.0,2.0,0.0,2.0,2.0,1.0,0.0,0.6176470588235294,0.4330127018922193,0.82915619758885,1.0,2.833333333333333,0.8975274678557507,4.0,8.5,0.5,8.0,9.0,0.2430555555555555,0.1588138420281843,0.1111111111111111,0.5,3.0,0.0,3.0,3.0,0.9411764705882352,0
sat-01668,0e750f14246ecaff32780fc28a1553e0e7a50eec3be13da6d02c540dba86a1bd,mixed,5,"[[1,2],[-2,-4],[2,3,-5],[1,-3,-5],[-1,3,5],[-2,3,-4],[-1,-4],[3,5],[1,4],[1,-2],[-2,4],[-1,2,-4],[1,2,4],[1,-2,-5],[-1,-3,5],[-2,-5],[1,-2,3],[-1,-2,-4]]",5.0,18.0,3.6,46.0,2.555555555555556,0.4969039949999532,2.0,3.0,0.4444444444444444,0.5555555555555556,0.4782608695652174,1.4966629547095764,1.939071942966532,0.9,3.8,2.039607805437114,7.0,9.2,2.3151673805580453,7.0,12.0,-0.0261904761904761,0.2835633320182744,-0.3333333333333333,0.4285714285714285,3.6,0.4898979485566356,3.0,4.0,1.3202614379084967,1
sat-01549,006e710a8441ddba19b2f72ab4e48a9e5ceeba8c8ba3ec07084839445c26ca1b,2sat,5,"[[-4,-5],[-1,-4],[1,5],[1,-3],[-3,-4],[-3,4],[-1,3],[1,-5],[-2,-3]]",5.0,9.0,1.8,18.0,2.0,0.0,2.0,2.0,1.0,0.0,0.3333333333333333,0.9797958971132712,1.019803902718557,0.6,0.9,0.8306623862918076,2.0,3.6,1.4966629547095764,1.0,5.0,-0.4466666666666666,0.3907826903934092,-1.0,0.2,2.4,0.8,1.0,3.0,0.8055555555555556,0
sat-00202,1dd98b4ca2003992cf3284eb9809c3b71662a219412a425d6038d27a8db26fab,3sat,5,"[[-2,-3,-5],[2,-4,5],[-1,3,-5],[-2,3,5],[2,3,4],[1,3,-5],[3,4,5],[1,4,-5],[2,3,5],[1,-2,-4],[1,-2,5],[1,2,-4],[-1,-3,-5],[-1,-2,4],[-2,-3,4],[-1,3,-4],[1,-4,5],[-1,2,3],[1,3,-4],[2,-3,5]]",5.0,20.0,4.0,60.0,3.0,0.0,3.0,3.0,0.0,1.0,0.5666666666666667,1.32664991614216,0.7483314773547882,1.0,6.0,1.095445115010332,8.0,12.0,0.6324555320336759,11.0,13.0,0.1254079254079254,0.1631645020662976,-0.0909090909090909,0.3846153846153846,4.0,0.0,4.0,4.0,1.7421052631578948,1
sat-02283,c12b23333d7aa2d8fa42de81b07be3eeb1b5862033f2084daeddd803b3b11c2f,3sat,5,"[[-1,4,5],[-2,4,-5],[-1,-2,-5],[-1,2,5],[1,2,-5],[-1,-3,-5],[1,3,4],[-1,-2,4],[-1,3,-4]]",5.0,9.0,1.8,27.0,3.0,0.0,3.0,3.0,0.0,1.0,0.4444444444444444,0.8,1.8973665961010275,0.9,2.7,1.4866068747318506,5.0,5.4,1.624807680927192,3.0,8.0,-0.0199999999999999,0.4171863425909871,-0.5,0.6,3.6,0.4898979485566356,3.0,4.0,1.8333333333333333,1
sat-02895,151bacc53063fe61806655e561e429bf5856a3c93f5b9080b781c08f64ed9c3d,3sat,4,"[[-1,-3,4],[1,3,-4],[-2,-3,-4],[-1,2,3],[1,-2,3],[1,-2,-4]]",4.0,6.0,1.5,18.0,3.0,0.0,3.0,3.0,0.0,1.0,0.4444444444444444,1.0,0.5,1.0,3.0,0.5773502691896257,4.0,4.5,0.5,4.0,5.0,-0.15,0.35,-0.5,0.2,3.0,0.0,3.0,3.0,2.1333333333333333,1
sat-01448,29cb83cc93a249352321bbf0103feb84671e34724da376f02fec9296469dccf2,3sat,5,"[[1,-3,-4],[-2,3,5],[-1,4,-5],[-2,-3,4],[1,-2,4],[2,3,5],[2,-3,4],[1,-4,-5],[-1,2,4],[2,-3,-4],[-3,-4,5],[-1,-2,-4]]",5.0,12.0,2.4,36.0,3.0,0.0,3.0,3.0,0.0,1.0,0.4722222222222222,1.019803902718557,1.16619037896906,1.0,3.6,1.6852299546352716,6.0,7.2,1.7204650534085253,5.0,10.0,-0.0457142857142857,0.206506411423916,-0.4285714285714285,0.2,4.0,0.0,4.0,4.0,1.803030303030303,1
sat-00476,098f93c316a1013d2f28c47641afec5c6f98cb56779561b1f869adfc2ac0a55e,3sat,5,"[[1,-2,5],[-2,-4,-5],[1,-4,5],[1,3,-5],[-1,-4,5],[3,-4,-5],[2,4,5],[1,3,4],[2,-3,-5],[2,-4,-5],[-1,-2,3],[-1,2,-5],[-1,-2,-4],[3,4,-5],[2,3,-4],[2,4,-5],[1,-2,-4],[-1,3,5],[-1,-2,4],[1,2,4],[1,2,5],[-1,-2,-5],[-3,4,-5],[1,3,5],[-1,2,-4],[-1,-3,-4],[3,-4,5],[-1,2,5],[1,2,-4],[-1,2,4],[-2,3,4],[1,-2,4],[2,3,4]]",5.0,33.0,6.6,99.0,3.0,0.0,3.0,3.0,0.0,1.0,0.5454545454545454,1.32664991614216,3.1622776601683795,1.0,9.9,3.014962686336267,15.0,19.8,3.1874754901018454,14.0,23.0,0.1219035731621544,0.2417494875704781,-0.0526315789473684,0.5714285714285714,4.0,0.0,4.0,4.0,1.8106060606060608,0
sat-01537,a8567f08bfd6e27a8d5e723aedd5ed022713316b14d5722a3647f08a82311a20,mixed,4,"[[-1,2,-3],[1,3],[-3,-4],[-2,-3,4],[1,4],[-1,-3,4],[2,-3],[-1,-2,-4],[-2,-3],[-2,-3,-4],[-1,-2,3],[3,4],[2,3,4],[1,2]]",4.0,14.0,3.5,35.0,2.5,0.5,2.0,3.0,0.5,0.5,0.4571428571428571,0.7071067811865476,1.479019945774904,1.0,4.666666666666667,1.3743685418725535,7.0,8.75,1.479019945774904,7.0,11.0,-0.0691738816738816,0.1939677189273896,-0.2727272727272727,0.25,3.0,0.0,3.0,3.0,1.5384615384615383,1
sat-02539,6ab24dce7a90c34ef5a5a3a9b975c84147d065ea3790a1890f3659b2cd1cd864,2sat,4,"[[-2,3],[-2,4],[1,3],[-1,-4],[2,3],[1,4],[2,-3]]",4.0,7.0,1.75,14.0,2.0,0.0,2.0,2.0,1.0,0.0,0.6428571428571429,0.4330127018922193,0.4330127018922193,0.6666666666666666,1.1666666666666667,1.0671873729054748,3.0,3.5,0.5,3.0,4.0,0.2916666666666666,0.1816207893141947,0.0,0.5,2.0,0.0,2.0,2.0,0.8571428571428571,1
sat-00225,5000ec5939ecbd6b1d92827f1630e1d70204c6b946e53437743c2e664d1770e8,mixed,4,"[[-2,-3,4],[2,3],[-2,3],[-1,2,4],[1,-3,4],[1,3,4],[2,-4]]",4.0,7.0,1.75,18.0,2.571428571428572,0.4948716593053934,2.0,3.0,0.4285714285714285,0.5714285714285714,0.6666666666666666,0.7071067811865476,0.5,1.0,2.5,0.7637626158259734,3.0,4.5,0.8660254037844386,3.0,5.0,0.3333333333333333,0.1632993161855452,0.2,0.6,3.0,0.0,3.0,3.0,1.5714285714285714,1
sat-00715,f3333788161a3f8b53d88b8010a2e81276ec5996042c560d7d0fbc833c181029,2sat,5,"[[-2,3],[3,5],[2,3],[-1,4],[-3,4],[-1,-2],[4,5],[-3,-5],[1,4],[-2,-3],[-1,-4],[-3,5],[-2,-5],[-1,-5],[2,-5],[1,-4],[-3,-4],[-2,5],[4,-5],[1,3],[1,-2],[-1,5],[-1,3],[1,-3],[-4,5],[1,-5],[-1,2],[3,-5],[3,-4],[-1,-3],[-2,-4],[1,2],[2,5],[-2,4],[2,-4]]",5.0,35.0,7.0,70.0,2.0,0.0,2.0,2.0,1.0,0.0,0.4714285714285714,0.4898979485566356,0.4898979485566356,1.0,3.5,0.5,4.0,14.0,0.6324555320336759,13.0,15.0,-0.0572893772893772,0.0535899313715572,-0.1428571428571428,0.0,4.0,0.0,4.0,4.0,0.7663865546218488,0
sat-01208,7b05b0a7818c302155f0613de74c926cafd7ab6ae308835b6f6f982a316e6654,2sat,5,"[[-1,-2],[-2,3],[3,5],[1,-4],[1,4],[-2,-5],[3,4],[-4,5],[1,2],[-3,-5],[4,-5],[-1,-3],[1,5],[2,4],[1,3],[-3,4]]",5.0,16.0,3.2,32.0,2.0,0.0,2.0,2.0,1.0,0.0,0.59375,1.16619037896906,0.4898979485566356,1.0,1.6,0.4898979485566356,2.0,6.4,0.7999999999999999,5.0,7.0,0.1599999999999999,0.2448489746928977,-0.2,0.4285714285714285,4.0,0.0,4.0,4.0,0.7333333333333333,1
sat-02946,380cf0686af3efee286bc69f8ed624d4ab41c72a5b0e6fab771421f7c7c09471,2sat,4,"[[-2,3],[1,4],[-1,3],[2,4],[3,4],[2,-3],[2,-4],[-2,4],[1,-4],[-1,4],[-1,-4],[3,-4],[-2,-4],[2,3],[-1,-2],[-2,-3],[-3,4],[1,2]]",4.0,18.0,4.5,36.0,2.0,0.0,2.0,2.0,1.0,0.0,0.5277777777777778,1.0897247358851685,0.82915619758885,1.0,3.0,1.1547005383792517,4.0,9.0,1.5811388300841898,7.0,11.0,0.049512987012987,0.1426240534967985,-0.1428571428571428,0.25,3.0,0.0,3.0,3.0,0.9738562091503268,0
sat-00332,5df9967ff2d70e6d942b7e0eba96b30f30fdc9e72ac992c251bbd43d2f6767dd,3sat,4,"[[1,-2,4],[1,3,-4],[-1,2,4],[2,3,-4]]",4.0,4.0,1.0,12.0,3.0,0.0,3.0,3.0,0.0,1.0,0.6666666666666666,0.0,0.7071067811865476,1.0,2.0,0.816496580927726,3.0,3.0,0.7071067811865476,2.0,4.0,0.4166666666666666,0.3632415786283894,0.0,1.0,3.0,0.0,3.0,3.0,2.1666666666666665,1
sat-02414,e83ff33acf4682c9fcf029bce31300918162b623f1f465c1c8d76b5946958397,mixed,5,"[[2,-4,5],[4,-5],[-1,4,5],[-1,4,-5],[-2,-3],[1,4],[-1,-4],[-1,3,-5],[-1,5],[2,4,-5],[-1,2,-3],[1,-4],[1,-2,5],[2,3,4],[-2,4,5],[-1,4],[3,4,-5],[-2,3,-4],[-1,2,4],[1,-2,-3],[1,2,3],[-1,-2,5],[-3,4],[-2,-3,5],[3,-4,-5]]",5.0,25.0,5.0,67.0,2.68,0.466476151587624,2.0,3.0,0.32,0.68,0.5223880597014925,2.0976176963403037,1.4966629547095764,1.0,5.9,1.2206555615733703,8.0,13.4,1.624807680927192,11.0,16.0,0.036038961038961,0.2171922659000224,-0.2857142857142857,0.375,4.0,0.0,4.0,4.0,1.4066666666666667,0
sat-01469,fe06a36be53f80a7da04921ae026ceb5a26dafe5e849a333a93e25679013488e,2sat,5,"[[-2,4],[-1,3],[4,-5],[1,-3],[2,-3],[3,-5],[3,4],[-2,3],[2,3],[2,-4]]",5.0,10.0,2.0,20.0,2.0,0.0,2.0,2.0,1.0,0.0,0.6,1.743559577416269,0.4898979485566356,0.6,1.0,1.0,3.0,4.0,1.8973665961010275,2.0,7.0,0.0257142857142857,0.5422854132168365,-1.0,0.5,2.4,1.019803902718557,1.0,4.0,0.8666666666666667,1
sat-00632,f5b6a5a744e7a74d09d548d617fe4aab4b32a84d558ecea51e2103f79d948932,3sat,4,"[[1,2,4],[1,-2,3],[2,-3,-4],[1,3,-4],[-2,-3,-4],[1,-2,-3],[-1,-3,-4],[-1,-2,3],[-1,2,3]]",4.0,9.0,2.25,27.0,3.0,0.0,3.0,3.0,0.0,1.0,0.4444444444444444,1.224744871391589,0.4330127018922193,1.0,4.5,1.2583057392117916,6.0,6.75,1.0897247358851685,5.0,8.0,-0.15,0.2787545185869693,-0.6,0.1428571428571428,3.0,0.0,3.0,3.0,2.2222222222222223,1
sat-01395,704055a4892083b13aba6d75d05e35491a27e1be6270fde1a7063e761441ce5f,3sat,5,"[[-1,3,4],[-1,-2,-5],[-2,-3,-5],[-1,2,3],[-1,-3,-5],[-2,-3,4],[1,3,4],[3,-4,5],[2,-3,4],[-1,3,5],[2,4,5],[-1,-2,4],[1,-4,-5],[-2,-4,-5],[-1,-4,-5],[-3,-4,5],[-2,3,-5],[1,4,-5],[-3,-4,-5],[1,-2,5],[1,-2,-3]]",5.0,21.0,4.2,63.0,3.0,0.0,3.0,3.0,0.0,1.0,0.4126984126984127,1.32664991614216,1.019803902718557,1.0,6.3,0.9,8.0,12.6,1.0198039027185568,11.0,14.0,-0.1813852813852814,0.1807502249500535,-0.4545454545454545,0.0769230769230769,4.0,0.0,4.0,4.0,1.7523809523809524,0
sat-02246,55404ef97f4a50efa1915380912f72fce33b455ad7cae4c548f626c0d810a167,2sat,5,"[[3,4],[-4,-5],[2,-3],[-1,-4],[-1,-5],[-1,3],[4,-5],[-2,3],[-2,5],[1,-5],[3,-4],[-3,-4],[-1,5],[1,-2],[1,-4],[-3,-5]]",5.0,16.0,3.2,32.0,2.0,0.0,2.0,2.0,1.0,0.0,0.375,1.019803902718557,0.8944271909999159,0.9,1.6,0.916515138991168,3.0,6.4,1.2,4.0,7.0,-0.2714285714285714,0.2407471363764674,-0.5,0.1428571428571428,3.6,0.4898979485566356,3.0,4.0,0.75,0
sat-02840,b1e5390cd3cf73eb00cbff63a7c612db976c0db8536abcba68507f7b4b73b7c2,2sat,4,"[[-1,4],[-2,4],[-1,-2],[3,-4],[-2,-4],[1,-3],[-1,3],[1,3],[2,-3],[-1,-3],[2,4],[1,4],[3,4],[1,-4],[2,-4],[-1,-4],[-2,3],[-3,-4]]",4.0,18.0,4.5,36.0,2.0,0.0,2.0,2.0,1.0,0.0,0.4722222222222222,0.82915619758885,0.82915619758885,1.0,3.0,1.1547005383792517,4.0,9.0,1.4142135623730951,7.0,11.0,-0.0584415584415584,0.099627206484477,-0.1428571428571428,0.1111111111111111,3.0,0.0,3.0,3.0,0.9673202614379084,0
sat-02625,7201cf7f3eb2e12d92fb31b876477242a1a08bde9cd15f54053d32d3370a4d0b,2sat,5,"[[-1,-4],[1,-2],[2,-5],[-1,5],[-4,5],[2,4],[-4,-5],[1,-4],[4,5],[1,-3],[-3,4],[-1,-2],[-1,3],[1,-5],[2,3],[3,4]]",5.0,16.0,3.2,32.0,2.0,0.0,2.0,2.0,1.0,0.0,0.53125,0.4898979485566356,0.8944271909999159,0.9,1.6,0.8,3.0,6.4,1.3564659966250536,5.0,8.0,0.08,0.0979795897113271,0.0,0.2,3.6,0.4898979485566356,3.0,4.0,0.7583333333333333,0
sat-01816,406bf83976d8445f0cf7094f4bb96f060d480897d6ab55d0cc842ff20bdecea6,3sat,5,"[[2,-3,5],[2,4,-5],[2,3,5],[-2,-3,-4],[-3,-4,5],[1,3,5],[1,2,-3],[3,4,5],[1,-2,-4],[2,-3,-5],[-1,2,-3],[-1,-4,5],[-1,-3,-4],[-1,2,4],[2,3,-4],[-1,-2,4],[-1,4,5],[-2,3,4]]",5.0,18.0,3.6,54.0,3.0,0.0,3.0,3.0,0.0,1.0,0.5370370370370371,1.7204650534085253,1.7888543819998317,1.0,5.4,1.42828568570857,8.0,10.8,1.469693845669907,9.0,12.0,0.0777777777777777,0.3250830852961732,-0.3333333333333333,0.5555555555555556,4.0,0.0,4.0,4.0,1.7647058823529411,1
sat-00725,0abd26e145eb8d5d7e45c1c1f331153a78c954309fc15570202598c74a0c5d30,2sat,4,"[[2,3],[-1,-3],[-2,3],[2,-4],[1,4],[3,-4],[-2,-4],[-1,2]]",4.0,8.0,2.0,16.0,2.0,0.0,2.0,2.0,1.0,0.0,0.5,1.0,0.7071067811865476,1.0,1.3333333333333333,0.4714045207910317,2.0,4.0,0.7071067811865476,3.0,5.0,-0.0333333333333333,0.4020779360604939,-0.5,0.5,3.0,0.0,3.0,3.0,0.8928571428571429,0
sat-00136,7bbf07bc1090d806a57251a33b5265e7e70d78ef2bcb6f4194288407453a350b,3sat,4,"[[-1,-3,4],[-1,-2,-3],[-1,-2,4],[-1,-2,-4],[1,-2,-4],[-2,-3,-4],[-1,2,4],[2,3,-4],[-1,2,-3],[1,-3,-4],[1,-2,-3],[-2,3,4],[-2,3,-4],[-1,-3,-4],[1,-2,3],[-1,2,3],[2,3,4],[1,2,3],[1,2,4],[-1,-2,3],[1,2,-3],[1,3,4],[2,-3,4],[-1,3,-4],[1,2,-4],[1,-2,4],[-1,3,4],[-2,-3,4]]",4.0,28.0,7.0,84.0,3.0,0.0,3.0,3.0,0.0,1.0,0.5,0.5,1.118033988749895,1.0,14.0,0.816496580927726,15.0,21.0,0.7071067811865476,20.0,22.0,0.0022727272727272,0.0754634829655754,-0.0909090909090909,0.1,3.0,0.0,3.0,3.0,2.2248677248677247,0
sat-00976,58dca8b1a76a8a5d63aaa0ac376de338c87ea672f94d46e835315fef9721da3b,2sat,4,"[[1,-2],[-3,4],[2,-4],[3,4],[2,4],[1,-3],[-1,-3],[1,-4],[-2,-4],[-1,2],[1,2],[-3,-4],[2,3],[1,3]]",4.0,14.0,3.5,28.0,2.0,0.0,2.0,2.0,1.0,0.0,0.5714285714285714,1.0,1.0,1.0,2.333333333333333,0.9428090415820634,3.0,7.0,0.0,7.0,7.0,0.1428571428571428,0.2857142857142857,-0.1428571428571428,0.4285714285714285,3.0,0.0,3.0,3.0,0.9230769230769232,0
sat-01929,5a140b6ec4dc9d91be213ee729747dee5bbf46e8dc26b176ecebeddcb542cf1f,mixed,4,"[[1,3],[1,3,-4],[-1,2,-4],[2,3],[1,4],[1,-3],[1,-3,-4],[-2,-3,-4],[-1,2,-3],[1,2,-4],[1,3,4],[1,2,4],[-1,3,4],[-3,4],[-1,3],[-2,3],[2,-3,-4],[-1,-4],[-1,-3,-4],[1,-2,3],[2,3,4]]",4.0,21.0,5.25,55.0,2.619047619047619,0.4856209060564557,2.0,3.0,0.3809523809523809,0.6190476190476191,0.5636363636363636,1.299038105676658,1.8708286933869709,1.0,7.833333333333333,1.9507833184532708,10.0,13.75,2.277608394786075,10.0,16.0,0.1455357142857143,0.1944933075549734,-0.1428571428571428,0.4,3.0,0.0,3.0,3.0,1.7190476190476192,0
sat-01368,add94cf46c6ba48bfde5992c922b389aa3bdefe8ac072c59dcfdee0b523eb3ab,mixed,4,"[[-1,3],[-1,2,3],[-3,4],[1,2],[3,-4],[-2,-3,4],[1,-3,-4],[3,4],[1,-2,3],[1,3],[-2,3],[-1,2,4],[2,4],[2,-3,-4],[2,3],[-1,-2,-4]]",4.0,16.0,4.0,39.0,2.4375,0.4960783708246107,2.0,3.0,0.5625,0.4375,0.5897435897435898,1.479019945774904,0.0,1.0,5.0,1.0,6.0,9.75,1.479019945774904,8.0,12.0,0.1611111111111111,0.1220958943101995,0.0,0.3333333333333333,3.0,0.0,3.0,3.0,1.4583333333333333,0
sat-00813,b20cc91e13801700ae6ef77c7134280f308270d11ef4b082ddbfe3752098ce19,2sat,5,"[[-1,-3],[-3,5],[-3,-5],[-1,3],[-3,4],[1,-4],[-2,4],[-3,-4],[-4,-5],[2,4],[2,-3],[-4,5],[4,-5],[3,5],[-1,5],[1,-3],[-2,-3],[-2,-4],[1,2],[2,-5],[1,4],[1,-5],[4,5]]",5.0,23.0,4.6,46.0,2.0,0.0,2.0,2.0,1.0,0.0,0.4782608695652174,1.3564659966250536,1.833030277982336,1.0,2.3,0.9,4.0,9.2,1.469693845669907,7.0,11.0,-0.0232467532467532,0.2994897555485483,-0.6,0.25,4.0,0.0,4.0,4.0,0.766798418972332,0
sat-00795,8b81ade361dac622324ef7a25c7b3e2f8b50beb3ceaa2708e94120b918c0ac55,3sat,4,"[[-1,-2,4],[-1,-2,-4],[1,3,-4],[1,-2,4],[2,-3,-4],[-1,3,4],[-2,-3,4],[1,2,-4],[1,-2,-3],[-1,2,4],[-1,2,-4],[-2,-3,-4],[1,-3,4],[2,-3,4],[1,2,4],[-1,-2,-3],[1,2,-3],[-1,-2,3],[-1,-3,-4],[-1,3,-4]]",4.0,20.0,5.0,60.0,3.0,0.0,3.0,3.0,0.0,1.0,0.4333333333333333,1.5,0.5,1.0,10.0,1.4142135623730951,12.0,15.0,1.224744871391589,13.0,16.0,-0.1440705128205128,0.1457508043458272,-0.3846153846153846,0.0,3.0,0.0,3.0,3.0,2.226315789473684,0
sat-00884,1431461cd1148e46bd2eb150c7eba3173c7f0d3f0595bb091461733b42472d65,2sat,4,"[[2,3],[1,4],[3,-4],[-3,-4],[2,-4],[1,3],[-2,-3],[3,4],[-1,3],[1,-4]]",4.0,10.0,2.5,20.0,2.0,0.0,2.0,2.0,1.0,0.0,0.6,1.224744871391589,1.224744871391589,0.8333333333333334,1.6666666666666667,0.9428090415820634,3.0,5.0,1.5811388300841898,3.0,7.0,0.2321428571428571,0.3317885121278995,-0.3333333333333333,0.5,2.5,0.5,2.0,3.0,1.0,1
sat-00211,3c8abd40c6544016c198e4cf90f8d475bc0b63b420fb2b5cc314f619f21d1bee,3sat,5,"[[1,-2,-4],[1,4,-5],[-2,3,5],[1,-4,5],[3,-4,5],[1,-2,4]]",5.0,6.0,1.2,18.0,3.0,0.0,3.0,3.0,0.0,1.0,0.6111111111111112,1.32664991614216,1.3564659966250538,0.9,1.8,1.0770329614269007,4.0,3.6,1.019803902718557,2.0,5.0,0.26,0.7683749084919419,-1.0,1.0,3.6,0.4898979485566356,3.0,4.0,1.7333333333333334,1
sat-02811,38109a760c05c444853cd4dfbcfd4fe16d330318c618bda1c70023181fe1ff1d,mixed,4,"[[1,2,4],[-1,-2,-4],[2,3,4],[-1,-2,3],[1,2,-3],[1,-4],[1,2,-4],[2,-3],[1,2,3],[1,-2,3],[-1,2,-4],[1,-3,4],[-2,-4],[2,-3,4],[-2,-3,4],[-1,-2],[-2,3],[-3,-4],[1,-3]]",4.0,19.0,4.75,50.0,2.631578947368421,0.48237638894272,2.0,3.0,0.3684210526315789,0.631578947368421,0.52,1.5,1.224744871391589,1.0,7.166666666666667,1.5723301886761003,9.0,12.5,1.5,11.0,15.0,0.0356060606060606,0.1913939849732227,-0.1666666666666666,0.3333333333333333,3.0,0.0,3.0,3.0,1.7076023391812865,0
sat-00962,6b476937490495f53cdcae38bb18d94f3c22479b2542134db07a03464cfa9e95,2sat,5,"[[4,-5],[1,-4],[3,4],[-3,-4],[-2,5],[-1,-2],[-3,4],[-1,3],[3,-4],[-2,4],[1,4],[3,5]]",5.0,12.0,2.4,24.0,2.0,0.0,2.0,2.0,1.0,0.0,0.5416666666666666,1.743559577416269,0.7483314773547882,0.8,1.2,1.0770329614269007,4.0,4.8,1.939071942966532,3.0,8.0,-0.0166666666666666,0.5066228051190221,-1.0,0.3333333333333333,3.2,0.3999999999999999,3.0,4.0,0.8333333333333334,0
sat-00821,85640a8e67c68bd32fce7b3a4f976d7472233c67974379c7971a6569234fadfd,2sat,5,"[[1,-3],[2,3],[-1,4],[-2,3],[3,-5],[-1,2]]",5.0,6.0,1.2,12.0,2.0,0.0,2.0,2.0,1.0,0.0,0.5833333333333334,1.019803902718557,0.6324555320336759,0.5,0.6,0.66332495807108,2.0,2.4,1.2,1.0,4.0,0.1,0.69602043392737,-1.0,1.0,2.0,0.8944271909999159,1.0,3.0,0.8,1
sat-00602,ea82b70857906b3e1a91bedcc51ed310001a5eb3ddea501c4b175a9c1e22108b,2sat,5,"[[1,-3],[-3,-5],[-2,-5],[-2,3],[2,4],[1,2],[-1,-3],[2,3],[3,-5],[-1,5],[4,5],[2,-3],[-3,5],[-1,3],[1,3],[-2,5],[3,-4],[1,5],[1,-4],[1,4],[-3,-4],[-3,4],[1,-5],[-1,-4],[-2,-3]]",5.0,25.0,5.0,50.0,2.0,0.0,2.0,2.0,1.0,0.0,0.52,1.16619037896906,1.6,1.0,2.5,1.118033988749895,4.0,10.0,2.280350850198276,8.0,14.0,0.0481962481962481,0.138216942424535,-0.1428571428571428,0.2727272727272727,4.0,0.0,4.0,4.0,0.7933333333333333,0
sat-02879,9c7db47ca42d233df1a5c526a839e4199c1185f95d3e6f7a0510e579ee391169,2sat,5,"[[-1,3],[-1,-3],[2,-5],[-3,-5],[2,-3],[2,-4],[1,3],[1,-2],[3,4],[-1,-2],[2,5],[-3,-4],[-1,2],[-2,-4],[-4,-5],[4,5],[-2,3],[3,5],[-2,-3],[2,3],[1,2],[-2,5],[1,5],[-3,5],[4,-5],[-1,-4],[1,-5],[-2,4],[1,4],[-2,-5],[1,-4],[-1,-5],[3,-5]]",5.0,33.0,6.6,66.0,2.0,0.0,2.0,2.0,1.0,0.0,0.4848484848484848,0.8,0.9797958971132712,1.0,3.3,0.6403124237432849,4.0,13.2,1.32664991614216,11.0,15.0,-0.0293173493173493,0.0901707881648128,-0.1428571428571428,0.0769230769230769,4.0,0.0,4.0,4.0,0.7708333333333334,0
sat-00757,85f41084390cda57117b6c182129a802c4d009bf07be0692fe44a30f8129e975,3sat,4,"[[1,-2,-3],[2,3,-4],[1,3,4],[-1,2,4],[2,-3,4],[-1,-2,3],[1,2,3],[-1,-2,-4],[-1,-3,4],[1,2,4],[-1,2,-3],[-1,-2,4],[-2,-3,-4],[-2,3,4],[1,-2,-4],[-1,3,4],[1,-2,4],[-1,3,-4],[1,-2,3]]",4.0,19.0,4.75,57.0,3.0,0.0,3.0,3.0,0.0,1.0,0.5263157894736842,1.118033988749895,1.7853571071357126,1.0,9.5,0.957427107756338,11.0,14.25,0.82915619758885,13.0,15.0,0.0624542124542124,0.2023174614080478,-0.2,0.2857142857142857,3.0,0.0,3.0,3.0,2.216374269005848,1
sat-02697,a4b3ef80f7381638ae4ed96d9f7a7a57c6217fc30a77b8c9acf0ec3a84282ce0,mixed,4,"[[-1,-3,4],[-1,3,-4],[1,-2,3],[1,-2,-3],[-1,3],[1,3,-4],[-1,-2,-3],[1,-4],[-1,2,-4],[2,4],[2,-3,4],[1,2,-4]]",4.0,12.0,3.0,33.0,2.75,0.4330127018922193,2.0,3.0,0.25,0.75,0.4848484848484848,0.7071067811865476,0.82915619758885,1.0,5.0,1.1547005383792517,7.0,8.25,1.0897247358851685,7.0,10.0,-0.0267857142857142,0.1414551742656684,-0.25,0.1428571428571428,3.0,0.0,3.0,3.0,1.8484848484848484,0
sat-00118,b8693385b4a84fd163e0d878905a375601c460af3655200643276a6a9a9e7c61,mixed,4,"[[2,-3,4],[1,-3],[-2,-3],[1,-3,4],[-1,-2,-4],[1,2,-4],[-2,4],[1,3,-4],[-1,2],[1,3],[-2,-3,4],[-1,2,3],[-1,-3,4],[-1,4],[2,-3,-4],[-1,-3],[1,4],[1,-4],[1,2]]",4.0,19.0,4.75,47.0,2.473684210526316,0.4993069989739546,2.0,3.0,0.5263157894736842,0.4736842105263157,0.5106382978723404,1.8708286933869709,1.479019945774904,1.0,6.166666666666667,1.0671873729054748,8.0,11.75,1.479019945774904,10.0,14.0,0.0137445887445887,0.2711281322603698,-0.4545454545454545,0.2,3.0,0.0,3.0,3.0,1.5029239766081872,0
sat-00661,0b0fb3b1705670ebd8a86ef0120cc9f9ec97b2879962f9af27792811495390b4,mixed,5,"[[3,-4,5],[-3,5],[-1,-2,-5],[-2,-3,-4],[-2,-3],[-1,2,4],[2,-3,-4],[1,-2,-5],[1,-2],[1,-3],[-1,-2,-4],[-3,4,5],[1,4,-5],[-1,2,5]]",5.0,14.0,2.8,38.0,2.7142857142857144,0.4517539514526257,2.0,3.0,0.2857142857142857,0.7142857142857143,0.3947368421052631,1.095445115010332,1.2,1.0,3.4,1.2,6.0,7.6,0.7999999999999999,7.0,9.0,-0.2095238095238095,0.2975333209869202,-0.7142857142857143,0.1428571428571428,4.0,0.0,4.0,4.0,1.3956043956043955,1
sat-00140,7c9938f46e8e0c7d639c147db19499f9a4ea8c76a315020340e3845ad4c3f5ab,3sat,5,"[[-1,-2,-4],[3,-4,-5],[-1,2,5],[-1,3,-4],[1,2,4],[-1,2,-4],[2,4,5],[2,-3,4],[1,3,-4],[-3,4,5],[1,3,5],[-1,-2,4],[-1,-3,-5],[-1,2,3],[3,4,5],[2,3,-4],[-1,2,-3],[-1,2,4],[3,4,-5],[2,-3,5],[1,-4,-5],[1,4,-5],[-1,-2,-3],[2,-4,-5],[1,-3,-4],[-1,-3,-4],[-1,-2,-5],[-2,-4,5]]",5.0,28.0,5.6,84.0,3.0,0.0,3.0,3.0,0.0,1.0,0.4880952380952381,1.7204650534085253,2.576819745345025,1.0,8.4,1.8547236990991407,11.0,16.8,2.039607805437114,14.0,20.0,-0.0116666666666666,0.2284975078881848,-0.3333333333333333,0.375,4.0,0.0,4.0,4.0,1.783068783068783,0
sat-00410,c6c8e61cd22c778c7a142039753e6373a49a0f51408fa64aaf9da5bbd5998ff8,3sat,5,"[[1,-3,-5],[1,2,-4],[1,-4,5],[2,4,5],[-2,4,5],[1,2,5],[3,4,5],[-1,2,4],[-1,4,5],[1,-2,3],[1,4,5],[-1,-4,5],[2,4,-5],[2,3,-5],[-3,-4,-5],[-1,-3,4],[-1,-3,5],[1,-2,-4]]",5.0,18.0,3.6,54.0,3.0,0.0,3.0,3.0,0.0,1.0,0.6111111111111112,2.0591260281974,0.7483314773547882,1.0,5.4,2.0591260281974,9.0,10.8,2.4,7.0,13.0,0.1945054945054945,0.1851045905118092,-0.1428571428571428,0.3846153846153846,4.0,0.0,4.0,4.0,1.8235294117647056,1
sat-01789,bd6d767d3bd8f36416d96ad002687453356f45ff353f41835e73c2088b460ad4,3sat,5,"[[-1,4,-5],[-1,2,-5],[1,3,-4],[2,3,5],[2,4,-5],[2,-3,4],[-2,3,-4],[-2,4,5],[-1,3,-4],[-1,-2,-5],[3,4,-5],[-2,-4,-5],[1,-4,5]]",5.0,13.0,2.6,39.0,3.0,0.0,3.0,3.0,0.0,1.0,0.4871794871794871,1.16619037896906,1.6733200530681511,1.0,3.9,1.5132745950421556,6.0,7.8,1.6,6.0,10.0,0.0,0.3651483716701107,-0.3333333333333333,0.6666666666666666,4.0,0.0,4.0,4.0,1.7820512820512822,1
sat-02197,df8f0d81f86c0fcf32daf7c9c9ec4b9483d867be6cc1dc97b9413811f7642281,3sat,4,"[[1,2,-3],[-1,3,4],[-1,2,4],[-2,-3,4],[-1,3,-4],[2,-3,4],[1,2,-4],[-2,-3,-4],[1,2,3],[1,-2,3],[1,-3,-4],[-1,-2,4],[1,-3,4],[-1,-2,-3],[-1,-2,-4],[-1,2,-4],[-1,2,-3],[1,2,4],[-1,-3,4],[-1,-3,-4],[1,3,-4]]",4.0,21.0,5.25,63.0,3.0,0.0,3.0,3.0,0.0,1.0,0.4603174603174603,1.299038105676658,1.6583123951777,1.0,10.5,1.707825127659933,13.0,15.75,1.479019945774904,14.0,18.0,-0.0753968253968253,0.1740159678514341,-0.3333333333333333,0.1428571428571428,3.0,0.0,3.0,3.0,2.2333333333333334,0
sat-00135,ad87485dcdd0660b3b0d70a6d25709d0ca9f786c576cac8df56bae22f7221eaa,2sat,5,"[[-2,-3],[-3,-4],[-1,4],[1,-4],[-3,5],[2,3],[1,-5],[3,5]]",5.0,8.0,1.6,16.0,2.0,0.0,2.0,2.0,1.0,0.0,0.5,0.4898979485566356,0.8,0.5,0.8,0.8717797887081348,2.0,3.2,0.9797958971132712,2.0,5.0,0.0266666666666666,0.2719477073916151,-0.3333333333333333,0.3333333333333333,2.0,0.6324555320336759,1.0,3.0,0.7142857142857143,1
sat-02952,9a8ebe4fbdcfbe8be2a59543304739d4dc2f4d533bf36c37d0b4665c27f09852,2sat,5,"[[2,-4],[-2,-5],[3,5],[2,-3],[-1,-5],[1,-3],[1,-4],[-1,-4],[-2,3],[-3,-5],[-1,-3],[4,5],[1,4],[-1,3],[3,-5],[-4,5],[-3,4],[-1,5],[-3,-4],[-4,-5],[-3,5],[2,-5],[-2,-4],[-2,-3],[1,2],[1,-2],[-1,-2]]",5.0,27.0,5.4,54.0,2.0,0.0,2.0,2.0,1.0,0.0,0.3888888888888889,0.7483314773547882,0.7999999999999999,1.0,2.7,0.6403124237432849,4.0,10.8,0.7483314773547882,10.0,12.0,-0.223030303030303,0.1256403250409691,-0.4,-0.0909090909090909,4.0,0.0,4.0,4.0,0.7578347578347578,0
sat-02159,8181d0c5b4d8824272509cbcb096eb9b25303155362aad0d8645e86c5a5490a5,3sat,5,"[[-1,2,-4],[-2,3,-4],[-2,3,-5],[-1,2,4],[2,-4,-5],[-1,-3,-4],[1,-3,5],[2,3,4]]",5.0,8.0,1.6,24.0,3.0,0.0,3.0,3.0,0.0,1.0,0.4583333333333333,1.16619037896906,0.8,1.0,2.4,1.1135528725660044,5.0,4.8,1.16619037896906,3.0,6.0,-0.1266666666666666,0.3295788558482206,-0.5,0.3333333333333333,4.0,0.0,4.0,4.0,1.75,1
sat-02265,3d1aebf0e3adfa11e53ba7b74b0e20d054a0880138c49ef197193c62ebc75a1a,mixed,4,"[[1,3,-4],[1,-3,-4],[-2,-3],[-2,4],[-1,-2,4],[1,2,-4],[2,3,4],[1,4],[-1,2,-3],[1,-2,-3],[-1,-3,-4],[2,-3,4],[2,3],[-1,-4],[-1,4],[-1,-2,-3],[2,-3],[-2,3,4],[1,-3],[3,-4],[-1,3],[-1,2],[3,4],[1,-2,3],[2,-3,-4],[-1,-3,4],[1,2,3],[1,-2]]",4.0,28.0,7.0,71.0,2.5357142857142856,0.4987228587060336,2.0,3.0,0.4642857142857143,0.5357142857142857,0.5070422535211268,0.0,1.479019945774904,1.0,9.666666666666666,1.5986105077709063,12.0,17.75,1.479019945774904,16.0,20.0,0.0209558823529411,0.0826568381800554,-0.1,0.125,3.0,0.0,3.0,3.0,1.5846560846560849,0
sat-00147,6e1cabd078a9c9dc89881e677f3b59d566e00c88661089dd236c22114e4a74c9,3sat,5,"[[2,3,4],[3,-4,5],[1,2,3],[-2,4,5],[-1,-2,-5],[1,-2,-5],[2,4,5],[-1,-3,4],[-1,-4,-5],[-1,2,4],[-2,3,-4],[-1,3,-4],[1,3,-4],[-1,2,3],[-2,3,4],[-2,3,5],[-1,-3,-4],[3,-4,-5],[-3,4,-5],[3,4,5],[1,-3,-5],[2,-3,5],[-1,2,5],[-2,-3,-5],[1,-2,-3],[-1,-3,5],[1,-2,-4],[-1,4,5],[-1,2,-4],[2,3,-4],[1,-2,5]]",5.0,31.0,6.2,93.0,3.0,0.0,3.0,3.0,0.0,1.0,0.5053763440860215,1.624807680927192,1.469693845669907,1.0,9.3,1.1,12.0,18.6,1.0198039027185568,17.0,20.0,0.009797041623667,0.1584833370696113,-0.2222222222222222,0.2,4.0,0.0,4.0,4.0,1.7655913978494624,0
sat-02657,266b82ac425d5de7e3c62b3fc3f71fdbe8e8a645b030c55891679c2685c088ad,2sat,5,"[[-2,3],[4,-5],[1,4],[-2,-4],[2,3],[-3,-4],[-2,5],[-1,3],[1,3],[-1,2],[-4,-5],[2,-4],[-3,4],[2,5],[-1,4],[1,-5],[1,2],[-4,5],[-1,-4],[3,4],[2,-3],[2,-5],[3,-5],[1,-2],[1,5],[-1,-2],[1,-4]]",5.0,27.0,5.4,54.0,2.0,0.0,2.0,2.0,1.0,0.0,0.5370370370370371,1.16619037896906,1.2649110640673518,1.0,2.7,0.9,4.0,10.8,1.469693845669907,9.0,12.0,0.0777777777777777,0.187905939169864,-0.1666666666666666,0.3333333333333333,4.0,0.0,4.0,4.0,0.7692307692307693,0
sat-02678,84016da2cd9a725adba4efbce172dea98d66b0ec4faf50fbd4672c9117d3c865,2sat,5,"[[2,5],[-1,-2],[4,5],[-2,-3],[3,5],[4,-5],[2,-5],[-1,3],[1,-2],[-1,-3],[-2,4],[1,-5],[-4,5],[-1,4],[2,-4],[3,4],[1,4],[-3,-4],[3,-5],[-2,-5],[-4,-5],[-2,3],[1,3],[1,-3],[2,-3],[1,2],[2,3],[-2,-4]]",5.0,28.0,5.6,56.0,2.0,0.0,2.0,2.0,1.0,0.0,0.5178571428571429,0.9797958971132712,1.0198039027185568,1.0,2.8,0.9797958971132712,4.0,11.2,1.1661903789690602,10.0,13.0,0.0361305361305361,0.1519423062518197,-0.2,0.2,4.0,0.0,4.0,4.0,0.7645502645502645,0
sat-00113,0e5ab856bbf409ad0fdf5e3887c6e2508ee3c9773f6cf619b7114c39f73bf722,2sat,4,"[[-1,2],[1,-2],[-3,4],[3,-4],[2,3],[-2,-3],[-1,-2]]",4.0,7.0,1.75,14.0,2.0,0.0,2.0,2.0,1.0,0.0,0.4285714285714285,0.5,0.7071067811865476,0.5,1.1666666666666667,1.2133516482134197,3.0,3.5,1.118033988749895,2.0,5.0,-0.1333333333333333,0.1414213562373095,-0.3333333333333333,0.0,1.5,0.5,1.0,2.0,0.9523809523809524,1
sat-00322,4c972d75f22d4868df9ffcd5b15c45032541709cef1f004930acf041ac918c55,2sat,5,"[[2,5],[-3,4],[2,4],[-4,-5],[3,-4],[4,5],[1,3],[3,5],[1,-5]]",5.0,9.0,1.8,18.0,2.0,0.0,2.0,2.0,1.0,0.0,0.7222222222222222,0.4898979485566356,0.8944271909999159,0.7,0.9,0.7000000000000001,2.0,3.6,1.3564659966250538,2.0,5.0,0.5800000000000001,0.36,0.2,1.0,2.8,0.7483314773547882,2.0,4.0,0.7777777777777778,1
sat-00943,4f5d51f1d08443847ab1930d1287af172f409774092991365cdbaba0e19c8cc5,mixed,5,"[[2,4,5],[-2,-3],[-1,3,5],[-1,5],[1,-2,-3],[-2,-4],[1,2,-5],[-1,2,3],[-2,3,5],[-3,4,-5],[1,-2,4],[-1,-2,5],[1,-3],[2,-3,-5],[1,-5],[1,2,-4],[-1,3,-4],[-2,-4,-5],[3,-4,5],[-2,-3,4],[2,3],[-2,-4,5],[-2,4]]",5.0,23.0,4.6,62.0,2.6956521739130435,0.4601306627938419,2.0,3.0,0.3043478260869565,0.6956521739130435,0.4838709677419355,0.6324555320336759,1.8547236990991407,1.0,5.5,1.4317821063276353,8.0,12.4,1.8547236990991407,11.0,16.0,-0.0166666666666666,0.145201800614678,-0.25,0.1666666666666666,4.0,0.0,4.0,4.0,1.4308300395256917,0
sat-01564,597db026c30435d00f1f18a0c5ab3371bc4570eefd54b06f6c4bc9494609a5dc,3sat,5,"[[1,3,4],[2,-4,5],[-1,2,4],[2,-3,-4],[1,-3,5]]",5.0,5.0,1.0,15.0,3.0,0.0,3.0,3.0,0.0,1.0,0.6666666666666666,0.6324555320336759,0.8944271909999159,1.0,1.5,0.6708203932499369,3.0,3.0,0.6324555320336759,2.0,4.0,0.4,0.5333333333333334,-0.3333333333333333,1.0,4.0,0.0,4.0,4.0,1.6,1
sat-01049,829aaa32439a0eb728f6f9e65c66cf2f227559f9271130f4c987fd761f3b7f9d,mixed,4,"[[-1,-2,-3],[-2,-3,4],[1,3],[2,4],[-1,2],[-1,3,-4],[2,3],[1,-2,-4],[2,-3],[-1,-3],[1,-2,4],[-1,2,-4],[-1,-3,-4],[2,3,-4],[1,2,4],[3,4],[-2,-3,-4],[1,-3,-4],[1,-2],[2,-3,4],[2,-4],[1,-3,4],[-1,3],[1,-2,3],[-1,-2,4],[-2,4],[1,2,-3]]",4.0,27.0,6.75,70.0,2.592592592592593,0.4913518207933925,2.0,3.0,0.4074074074074074,0.5925925925925926,0.5,1.0897247358851685,0.82915619758885,1.0,9.833333333333334,1.0671873729054748,12.0,17.5,0.8660254037844386,17.0,19.0,-0.001547987616099,0.1010232420991314,-0.1764705882352941,0.0588235294117647,3.0,0.0,3.0,3.0,1.6495726495726497,0
sat-01421,948f0221b73d3514bb7607eb1a1b03b2fcdf82fa7b31ea09cf5db045ccaf634a,2sat,5,"[[-1,4],[-3,-5],[1,5],[-1,2],[1,-3],[-1,3],[3,5],[2,-3],[1,-2],[-2,-3],[4,5],[-2,-5],[2,4],[-4,5],[-1,-4],[-3,-4],[1,-4],[1,-5],[-2,4],[-2,3],[-3,4],[4,-5],[2,3]]",5.0,23.0,4.6,46.0,2.0,0.0,2.0,2.0,1.0,0.0,0.5,0.8,0.7999999999999999,1.0,2.3,0.7810249675906654,4.0,9.2,0.7483314773547882,8.0,10.0,0.0,0.1447006275208862,-0.2,0.2,4.0,0.0,4.0,4.0,0.7509881422924901,0
sat-00417,1483deceecb82884a26a838dfd248d5a79f181ae08913916393eae79fecb732c,3sat,4,"[[1,-2,4],[-1,-2,-4],[1,-2,-3],[-1,-2,-3],[-1,2,3],[-1,2,-4],[2,-3,-4],[1,2,-3],[1,2,-4],[-1,-3,-4],[1,3,4],[-1,2,-3],[-2,3,4],[-1,-2,3],[-2,3,-4],[-2,-3,4],[1,2,3],[1,-2,-4],[-1,-3,4],[-1,3,4],[1,2,4],[2,-3,4],[2,3,4],[2,3,-4],[-1,3,-4],[1,3,-4],[-2,-3,-4]]",4.0,27.0,6.75,81.0,3.0,0.0,3.0,3.0,0.0,1.0,0.4938271604938271,1.0,0.4330127018922193,1.0,13.5,0.957427107756338,15.0,20.25,0.82915619758885,19.0,21.0,-0.0143483709273182,0.0641905902405322,-0.1,0.0476190476190476,3.0,0.0,3.0,3.0,2.225071225071225,0
sat-01955,7459ccc2fc7d384006d6d6ece066c2b8650cfc11a87d1bb5aa853886b11b9ae0,3sat,4,"[[-2,-3,4],[-1,3,-4],[-1,2,-4],[1,2,4],[-1,2,4],[-1,-3,4],[2,3,4],[-2,3,-4],[1,2,-4],[2,-3,-4],[-1,3,4],[-1,2,-3],[1,-2,-3],[1,-2,3],[-2,-3,-4],[-1,-2,4],[1,2,-3],[-2,3,4],[-1,-2,3],[1,2,3],[2,3,-4],[-1,-2,-4],[1,-2,4],[2,-3,4],[1,3,4],[1,-2,-4],[-1,-2,-3]]",4.0,27.0,6.75,81.0,3.0,0.0,3.0,3.0,0.0,1.0,0.5061728395061729,0.82915619758885,1.224744871391589,1.0,13.5,1.8929694486000912,16.0,20.25,1.6393596310755,19.0,23.0,0.0141304347826086,0.0644822623374945,-0.0526315789473684,0.1,3.0,0.0,3.0,3.0,2.2364672364672367,0
sat-01344,d1a8368e0dd8522a3176ae49176d8d70cecef60b9432c90ca97b81500b3b5d90,3sat,5,"[[-1,3,5],[1,2,5],[1,-3,5],[-2,-3,5],[-3,4,5],[-1,-2,-5],[-1,3,-5],[-3,4,-5],[2,-3,-5],[2,4,5],[-1,-3,-5],[2,3,-4]]",5.0,12.0,2.4,36.0,3.0,0.0,3.0,3.0,0.0,1.0,0.5,1.3564659966250538,1.854723699099141,0.9,3.6,2.154065922853802,8.0,7.2,2.4819347291981715,4.0,11.0,0.0515151515151515,0.3400966750690472,-0.3333333333333333,0.5,3.6,0.4898979485566356,3.0,4.0,1.9242424242424243,1
sat-01054,7acee5d019927a79f8d5622c392e4f9c0a8949f1b32d4ee32d366a90c190ae21,2sat,5,"[[1,-4],[-3,-5],[1,3],[-1,-3],[2,-5],[-3,4],[1,2],[3,5],[2,5],[-3,5],[-1,2],[4,-5],[-1,3],[-2,-4],[3,-5],[-4,5],[2,3],[-4,-5],[2,-4],[-2,3]]",5.0,20.0,4.0,40.0,2.0,0.0,2.0,2.0,1.0,0.0,0.525,1.6,1.16619037896906,0.9,2.0,1.095445115010332,4.0,8.0,1.4142135623730951,6.0,10.0,0.032063492063492,0.3101221729523939,-0.4285714285714285,0.5,3.6,0.4898979485566356,3.0,4.0,0.7631578947368421,0
sat-01702,f0d64d71eab0fb2320fc47f2e8147bcc915477325481a736ca1303085a3d6f56,3sat,4,"[[-1,-2,-3],[1,-3,-4],[-1,-2,4],[1,2,-4],[-1,3,-4],[-1,-3,4],[-1,2,-4],[1,3,-4],[-1,-2,-4]]",4.0,9.0,2.25,27.0,3.0,0.0,3.0,3.0,0.0,1.0,0.3333333333333333,0.4330127018922193,1.5,1.0,4.5,2.0615528128088303,8.0,6.75,1.7853571071357126,5.0,9.0,-0.3083333333333333,0.1233220715579061,-0.5,-0.2,3.0,0.0,3.0,3.0,2.333333333333333,1
sat-00621,2666acbdb8ed19ae65496dbe4cdae071ea172b9c13de9a547ff95114de6bdffa,2sat,5,"[[2,4],[4,5],[-2,-5],[-1,-4],[1,3],[-1,-5],[-1,-2],[-2,-3],[1,-3],[2,5],[2,-5],[-2,4],[1,-5],[2,-4],[3,5],[-2,3],[-3,-5],[-4,5],[4,-5],[-1,2],[2,3],[1,2],[-3,-4],[-2,5],[-4,-5]]",5.0,25.0,5.0,50.0,2.0,0.0,2.0,2.0,1.0,0.0,0.48,1.16619037896906,1.16619037896906,1.0,2.5,1.02469507659596,4.0,10.0,2.0976176963403037,8.0,13.0,-0.0401709401709401,0.0871459630532026,-0.1666666666666666,0.0769230769230769,4.0,0.0,4.0,4.0,0.7866666666666666,0
sat-02858,44d8811676258efb6f20c358ac97466e0cc8008342bf47f7c8f79177f30155c5,2sat,4,"[[-1,-4],[-3,4],[-1,-2],[-2,3],[2,-3],[1,-4],[-2,4],[1,-3],[-1,-3],[1,3],[-1,2],[2,3],[-2,-4],[3,-4],[1,4],[-3,-4],[2,-4],[1,2]]",4.0,18.0,4.5,36.0,2.0,0.0,2.0,2.0,1.0,0.0,0.4722222222222222,0.82915619758885,0.82915619758885,1.0,3.0,0.0,3.0,9.0,0.0,9.0,9.0,-0.0555555555555555,0.1842569327975222,-0.3333333333333333,0.1111111111111111,3.0,0.0,3.0,3.0,0.9411764705882352,0
sat-02566,a7e4903ba6ce365eada400ab7fcd372bbe9942aa1907f6babbda9e263f81ea20,3sat,4,"[[1,-3,-4],[-1,-2,4],[-2,3,-4],[1,-2,-4],[-1,-3,-4],[-1,3,4],[-1,2,4],[-1,-3,4],[1,2,4],[2,3,4],[1,-2,3],[-2,-3,4],[1,-3,4],[2,3,-4],[1,2,3],[1,-2,-3],[1,3,-4],[-2,3,4],[1,3,4],[-1,2,-4],[-1,2,-3],[-1,-2,3],[2,-3,4],[2,-3,-4],[-1,-2,-4],[-1,3,-4],[-1,2,3]]",4.0,27.0,6.75,81.0,3.0,0.0,3.0,3.0,0.0,1.0,0.5185185185185185,1.118033988749895,0.82915619758885,1.0,13.5,0.957427107756338,15.0,20.25,0.82915619758885,19.0,21.0,0.0357769423558897,0.0870716108249377,-0.1,0.1428571428571428,3.0,0.0,3.0,3.0,2.225071225071225,0
sat-02129,a38ef0bd562e98df17d6e51a78b50225d13fd09f7db62d0fa6741d8a08b34f1a,2sat,4,"[[-3,-4],[-2,3],[1,-4],[-1,3],[-1,-2],[3,-4],[2,4],[-2,-3],[1,3],[-1,-3],[1,-3],[1,4],[-3,4],[2,-4]]",4.0,14.0,3.5,28.0,2.0,0.0,2.0,2.0,1.0,0.0,0.4642857142857143,0.82915619758885,0.82915619758885,1.0,2.333333333333333,0.9428090415820636,4.0,7.0,1.4142135623730951,5.0,9.0,-0.0777777777777777,0.1313054403659273,-0.2,0.1428571428571428,3.0,0.0,3.0,3.0,0.967032967032967,0
sat-00305,29e1b06320b0accc9ad932ffd171850f66e5c479ab9f75ceb07402b61a6be986,2sat,4,"[[-1,3],[-1,2],[-1,-2],[3,4],[2,-3],[1,-3],[1,-2]]",4.0,7.0,1.75,14.0,2.0,0.0,2.0,2.0,1.0,0.0,0.5,0.4330127018922193,1.0897247358851685,0.6666666666666666,1.1666666666666667,1.0671873729054748,3.0,3.5,1.5,1.0,5.0,0.2,0.469041575982343,-0.2,1.0,2.0,0.7071067811865476,1.0,3.0,1.0476190476190477,1
sat-00668,3ccd71cb25a3dd24011eb93a99120a0e953ee5248029592dbe1614fe33fc7ab4,2sat,5,"[[1,3],[2,4],[-1,-2],[-4,-5],[3,4],[1,-2],[1,-3],[3,-5],[-2,-4],[-1,-3],[-2,5],[-1,3],[1,5],[2,-5],[-4,5]]",5.0,15.0,3.0,30.0,2.0,0.0,2.0,2.0,1.0,0.0,0.5,0.8944271909999159,0.6324555320336759,0.8,1.5,1.118033988749895,4.0,6.0,0.6324555320336759,5.0,7.0,-0.0114285714285714,0.2374772933410849,-0.3333333333333333,0.3333333333333333,3.2,0.3999999999999999,3.0,4.0,0.7238095238095238,0
sat-02032,b74269b373455626f0c9c84dae226e8c9ac164194fc07c35e366df13d07b92d8,3sat,5,"[[-2,-3,5],[1,-3,-4],[-1,2,-3],[1,-3,5],[1,-2,4],[1,-2,3],[3,-4,-5],[1,2,-4],[-2,-3,-5],[-1,4,5],[-1,-3,-4],[1,2,-3],[-2,3,-4],[-2,-3,-4],[2,-4,5],[-1,-4,-5],[-1,2,3],[-2,-3,4],[1,3,-5],[1,2,3],[-3,-4,-5],[-1,2,4],[-1,3,-5],[-1,3,-4],[2,-4,-5],[2,-3,5]]",5.0,26.0,5.2,78.0,3.0,0.0,3.0,3.0,0.0,1.0,0.4358974358974359,1.939071942966532,1.833030277982336,1.0,7.8,1.98997487421324,11.0,15.6,2.244994432064365,12.0,19.0,-0.1332456140350877,0.1986652134522073,-0.4666666666666667,0.125,4.0,0.0,4.0,4.0,1.790769230769231,0
sat-01633,d0e773f79b9340ec4c85899ca9a856802ad11e09f294a74b736301278161d0e5,mixed,4,"[[1,-2,-4],[-1,3,-4],[-1,-4],[-1,2,-3],[1,-4],[1,2,-3],[-1,2,-4],[-2,3,4]]",4.0,8.0,2.0,22.0,2.75,0.4330127018922193,2.0,3.0,0.25,0.75,0.4090909090909091,0.82915619758885,1.299038105676658,1.0,3.333333333333333,0.9428090415820634,5.0,5.5,1.118033988749895,4.0,7.0,-0.1523809523809523,0.3209255322951284,-0.6666666666666666,0.2,3.0,0.0,3.0,3.0,1.8571428571428568,1
sat-01306,ae8503d6ae85cbb5a829cd19534cbe848e5033184bb102df6c16a7f22c1c0d05,2sat,5,"[[-1,2],[1,-5],[-2,-4],[-3,4],[-4,5],[2,-4],[-3,-5],[2,4],[3,-5],[3,5],[4,-5],[-2,3],[2,-5],[1,-3],[-1,-4],[1,3],[2,3],[1,-4],[1,-2],[-2,5],[-1,3],[-2,4],[1,5],[-3,-4],[3,-4],[-1,-3],[-3,5],[-1,5]]",5.0,28.0,5.6,56.0,2.0,0.0,2.0,2.0,1.0,0.0,0.5,1.0198039027185568,0.8,1.0,2.8,0.8717797887081347,4.0,11.2,0.9797958971132712,10.0,13.0,-0.0027972027972027,0.1391309663266672,-0.2727272727272727,0.0909090909090909,4.0,0.0,4.0,4.0,0.7619047619047619,0
sat-02082,693277322ff71aa53ddf3a4181c8502f5da0ccc4492d1e71a147cecec1d26c51,3sat,5,"[[1,-4,-5],[2,-3,4],[1,2,-5],[1,3,4],[3,4,-5],[2,-4,-5],[2,-3,5],[-3,4,5],[-1,-3,-5],[-3,-4,-5],[1,-2,3],[2,-4,5],[-1,2,4],[-1,-4,5],[-1,-3,4],[2,3,5],[1,4,5],[-2,-4,5]]",5.0,18.0,3.6,54.0,3.0,0.0,3.0,3.0,0.0,1.0,0.5555555555555556,1.2649110640673518,1.6,1.0,5.4,1.5620499351813308,9.0,10.8,1.833030277982336,9.0,13.0,0.1241025641025641,0.2432343486284204,-0.2,0.5555555555555556,4.0,0.0,4.0,4.0,1.7843137254901962,1
sat-00546,3638afac21c260d679eb5cfe46dd6153ca01a2f92fed210fcc3b856a755df6e3,3sat,5,"[[1,2,4],[-1,2,-3],[-1,3,-5],[-2,-4,-5],[-1,-2,5],[3,-4,-5],[-2,-3,5],[-1,4,5],[2,-3,-4],[-3,-4,5],[-1,-2,-3],[-1,-4,5],[-1,-2,-5],[1,2,5],[-1,2,-4],[-1,-2,-4],[2,3,-4],[1,-3,4],[1,2,3],[1,-4,5],[-1,3,5],[1,-2,4],[2,-3,-5],[2,-4,5],[2,4,-5],[1,-2,3],[1,3,4],[3,4,-5],[-2,-4,5],[-1,-3,-5],[2,4,5],[2,3,5],[1,2,-3]]",5.0,33.0,6.6,99.0,3.0,0.0,3.0,3.0,0.0,1.0,0.5151515151515151,1.939071942966532,1.2,1.0,9.9,1.374772708486752,12.0,19.8,1.32664991614216,18.0,22.0,0.0247846889952153,0.1448566153954726,-0.1578947368421052,0.2,4.0,0.0,4.0,4.0,1.7708333333333333,0
sat-00121,84888ad6686279786f9434974fcb4cf706f46e21a9cce33bfaa56e579806d06d,mixed,5,"[[-2,3,-5],[1,3,-4],[2,-4,5],[-2,5],[1,-4,5],[3,-5],[-1,2,-4],[1,-2,-3],[-1,-2,3],[2,3,-4],[2,-4,-5],[-3,4,-5],[1,3],[1,-5],[1,2,5],[3,4,5],[-1,-5]]",5.0,17.0,3.4,46.0,2.7058823529411766,0.4556450995538137,2.0,3.0,0.2941176470588235,0.7058823529411765,0.5434782608695652,1.6733200530681511,1.6,1.0,4.1,0.5385164807134504,5.0,9.2,0.9797958971132712,8.0,11.0,0.0818181818181818,0.3624616266204881,-0.5,0.5555555555555556,4.0,0.0,4.0,4.0,1.4044117647058822,1
sat-00847,d4f34ddf194b00cec605baba602e59d3034666187e40b3754fc9943b09bbcdbb,3sat,4,"[[1,-2,4],[-1,-2,3],[2,3,4],[-1,2,3],[-1,2,4],[1,-2,-4],[-2,3,4],[1,2,-3]]",4.0,8.0,2.0,24.0,3.0,0.0,3.0,3.0,0.0,1.0,0.625,0.4330127018922193,1.299038105676658,1.0,4.0,1.4142135623730951,6.0,6.0,1.224744871391589,5.0,8.0,0.3,0.3,0.0,0.6,3.0,0.0,3.0,3.0,2.25,1
sat-00645,c6723428d907b79bce028fd9a9a7521129eba2d81e22837c394848f72736fa29,3sat,4,"[[-1,2,3],[-1,2,4],[1,3,4],[1,2,-3],[2,-3,4],[-1,3,-4],[-1,-2,-3],[-1,-3,4],[-1,-2,-4],[2,3,-4],[-2,-3,-4],[2,3,4],[1,2,3],[1,-2,4],[1,2,-4],[1,-2,-3]]",4.0,16.0,4.0,48.0,3.0,0.0,3.0,3.0,0.0,1.0,0.5416666666666666,0.8660254037844386,0.5,1.0,8.0,0.816496580927726,9.0,12.0,0.7071067811865476,11.0,13.0,0.0804195804195804,0.0944055944055944,0.0,0.2307692307692307,3.0,0.0,3.0,3.0,2.208333333333333,1
sat-00592,be0b099ba9c6e9e6a138b75c33dc0a561b10f175f542b21f65cc84c9b75c751f,mixed,4,"[[1,3,-4],[2,3],[-3,4],[1,-2,3],[1,2,-4],[-1,-2,4],[-1,4],[-1,-3,-4],[1,4],[-1,-3],[-1,2,-3],[-2,-3],[1,-2,-4],[1,-2,-3],[1,-2,4],[-1,3,-4],[-2,3,-4],[2,3,-4]]",4.0,18.0,4.5,48.0,2.6666666666666665,0.4714045207910317,2.0,3.0,0.3333333333333333,0.6666666666666666,0.4583333333333333,1.118033988749895,0.5,1.0,7.0,1.0,9.0,12.0,0.7071067811865476,11.0,13.0,-0.0906177156177156,0.1371393646033614,-0.2727272727272727,0.0769230769230769,3.0,0.0,3.0,3.0,1.7320261437908495,0
sat-01192,0f4d5ba492cec554ad5a8df1f3b84f99f104f360adc2a9a70a99a827ceb8a3c0,2sat,4,"[[-1,4],[-2,3],[3,4],[-1,-4],[-1,2],[1,3],[-1,3],[3,-4],[2,-4],[2,3],[-3,4],[2,-3],[2,4],[-1,-3],[1,4],[-2,-4],[1,2],[-2,-3]]",4.0,18.0,4.5,36.0,2.0,0.0,2.0,2.0,1.0,0.0,0.5555555555555556,1.224744871391589,0.7071067811865476,1.0,3.0,0.5773502691896257,4.0,9.0,0.7071067811865476,8.0,10.0,0.0986111111111111,0.2162522746615542,-0.25,0.3333333333333333,3.0,0.0,3.0,3.0,0.9477124183006536,0
sat-01075,3da3eb6ef575170529ff9d2d7b637733a31bcbcadc14156db4747a1af6b5f607,3sat,4,"[[1,2,-4],[1,2,4],[-1,2,-4],[1,-2,-4],[1,-3,-4],[-2,-3,4],[-1,2,4],[-1,-2,4],[-2,3,4],[-1,2,3],[-1,2,-3],[1,-2,-3],[1,3,4],[2,3,4],[-1,-2,-3],[-1,-2,-4],[-2,3,-4]]",4.0,17.0,4.25,51.0,3.0,0.0,3.0,3.0,0.0,1.0,0.4901960784313725,0.82915619758885,1.118033988749895,1.0,8.5,2.0615528128088303,11.0,12.75,1.7853571071357126,10.0,15.0,-0.0166666666666666,0.0615785126078093,-0.0769230769230769,0.0769230769230769,3.0,0.0,3.0,3.0,2.25,0
sat-01209,6a515f670b7efd1b1e204c02bcf3c0c011c4a89f7ec9634fc091f20f4a3ee327,2sat,5,"[[3,-5],[3,5],[1,-3],[-1,4],[4,-5],[-1,-4],[1,-4],[-3,-4],[-3,-5],[-2,4],[-2,-3],[2,-4],[2,-3],[-2,-4],[-4,5],[-1,-2],[-1,3],[-2,3],[-1,5],[1,-2],[1,5],[-1,2],[2,4],[3,-4]]",5.0,24.0,4.8,48.0,2.0,0.0,2.0,2.0,1.0,0.0,0.4375,0.3999999999999999,1.3564659966250536,0.9,2.4,1.0198039027185568,4.0,9.6,1.3564659966250536,7.0,11.0,-0.1059740259740259,0.1540362669301256,-0.2727272727272727,0.1428571428571428,3.6,0.4898979485566356,3.0,4.0,0.7644927536231884,0
sat-01686,337659ac95590de16721a2f280a8fdf98c37b32f7c7565fd412de69ed0b1e40b,2sat,4,"[[2,-3],[-1,-3],[-2,-4],[1,4],[-1,4],[-3,4],[3,-4],[-2,-3],[2,4],[1,-2],[2,3],[-1,3],[-1,-2],[-3,-4],[2,-4],[-1,-4],[1,-3],[-2,3],[1,2],[-1,2],[1,3]]",4.0,21.0,5.25,42.0,2.0,0.0,2.0,2.0,1.0,0.0,0.4761904761904761,0.7071067811865476,0.5,1.0,3.5,0.5,4.0,10.5,0.8660254037844386,9.0,11.0,-0.0505050505050505,0.0820609939862218,-0.1111111111111111,0.0909090909090909,3.0,0.0,3.0,3.0,0.9571428571428572,0
sat-01976,9a9d89a5e12649ad445fb1ee1f651c554bc5d9b2c58b89c6f23cd1fbacefb73f,mixed,4,"[[-1,3,4],[1,-2,3],[-1,-3,-4],[-2,-4]]",4.0,4.0,1.0,11.0,2.75,0.4330127018922193,2.0,3.0,0.25,0.75,0.3636363636363636,0.7071067811865476,0.4330127018922193,1.0,1.6666666666666667,0.74535599249993,3.0,2.75,0.4330127018922193,2.0,3.0,-0.3333333333333333,0.4714045207910317,-1.0,0.3333333333333333,3.0,0.0,3.0,3.0,1.6666666666666667,1
sat-01387,8a2ace96da82d35d2885ac3c2548f40ba79853db64c64f046026497d09c3128b,2sat,4,"[[1,-3],[-1,2],[-1,4],[3,-4],[2,3],[2,4],[-3,-4],[1,3],[-1,3],[-2,-3]]",4.0,10.0,2.5,20.0,2.0,0.0,2.0,2.0,1.0,0.0,0.55,0.82915619758885,0.82915619758885,1.0,1.6666666666666667,0.74535599249993,3.0,5.0,1.224744871391589,4.0,7.0,0.1107142857142857,0.2556254833836056,-0.2,0.5,3.0,0.0,3.0,3.0,0.9555555555555556,0
sat-00199,17a9e68525f8574a43a5b6883ad45aca68c2f7e48461359dd9d2a3dd481e6c80,mixed,5,"[[-2,3,-5],[2,3,5],[-1,-2,-5],[1,2,4],[3,4,-5],[-2,4],[-1,2,-5],[2,3],[1,3,-4],[-2,3,4],[2,3,4],[1,-2,4],[-1,-2,5]]",5.0,13.0,2.6,37.0,2.8461538461538463,0.3608012122941099,2.0,3.0,0.1538461538461538,0.8461538461538461,0.6216216216216216,1.8547236990991407,2.1354156504062622,1.0,3.5,1.5,5.0,7.4,1.8547236990991407,6.0,11.0,0.258008658008658,0.5092616846998286,-0.3333333333333333,1.0,4.0,0.0,4.0,4.0,1.6282051282051282,1
sat-01226,6d7388a3c04d6d4a26885a398043d2fe6ffa7e158f6e5fccffec74fc1f9071ee,2sat,4,"[[-1,3],[3,4],[-2,-4],[2,-3],[-2,4],[-2,3]]",4.0,6.0,1.5,12.0,2.0,0.0,2.0,2.0,1.0,0.0,0.5,1.118033988749895,0.8660254037844386,0.6666666666666666,1.0,0.816496580927726,2.0,3.0,1.224744871391589,1.0,4.0,-0.1666666666666666,0.6123724356957945,-1.0,0.5,2.0,0.7071067811865476,1.0,3.0,1.0,1
sat-02645,4698d94bb3898061494e935f3d3d5eb39c5fbf50909c8be259052bce81b26455,3sat,5,"[[-1,-3,5],[-1,4,5],[2,3,-4],[-1,2,4],[-2,4,5],[-2,3,-5],[-1,-4,-5],[-1,-3,4],[-3,-4,-5],[2,-3,-4],[-1,-2,5],[1,-2,3],[-2,-3,-5],[3,4,-5]]",5.0,14.0,2.8,42.0,3.0,0.0,3.0,3.0,0.0,1.0,0.4047619047619047,1.3564659966250536,0.6324555320336759,1.0,4.2,0.7483314773547882,5.0,8.4,0.7999999999999999,7.0,9.0,-0.215079365079365,0.2751165034144539,-0.7142857142857143,0.1111111111111111,4.0,0.0,4.0,4.0,1.7252747252747254,1
sat-00301,38d470311baaf4cb0cd99225882b309cf15ce7afb92f2469de8a656336521d6d,mixed,4,"[[-1,2],[1,-2,4],[1,2,-3],[1,3,4],[-2,3],[2,4],[1,-2,-4],[1,2,4],[1,3,-4],[1,-3],[-1,-2,4],[-2,-3,4],[-2,-4],[-2,-3,-4],[1,-3,4],[-2,3,4],[2,-3,-4],[-3,4],[-1,-3]]",4.0,19.0,4.75,50.0,2.631578947368421,0.48237638894272,2.0,3.0,0.3684210526315789,0.631578947368421,0.52,2.0615528128088303,2.1213203435596424,1.0,7.166666666666667,1.4624940645653537,10.0,12.5,1.118033988749895,11.0,14.0,0.044039294039294,0.3334861071364796,-0.3333333333333333,0.4545454545454545,3.0,0.0,3.0,3.0,1.695906432748538,0
sat-00577,a3b67c0a47d351cd948ecb18cc0f2545a57e9b6babdf99b98bc0b0a660ee4363,2sat,4,"[[-1,-4],[-3,4],[-1,-3],[2,4],[-1,2],[3,-4]]",4.0,6.0,1.5,12.0,2.0,0.0,2.0,2.0,1.0,0.0,0.4166666666666667,0.82915619758885,1.0897247358851685,0.8333333333333334,1.0,0.5773502691896257,2.0,3.0,0.7071067811865476,2.0,4.0,-0.0833333333333333,0.7216878364870322,-1.0,1.0,2.5,0.5,2.0,3.0,0.8666666666666667,1
sat-00682,edc0eb5650d5b6f87e036a505c292f1b7b996e340390f39b789c55d730f09d6d,2sat,5,"[[3,5],[2,-4],[-2,-5],[-1,-4],[-1,-5],[2,4],[1,3],[-2,3],[1,2],[3,-4],[-4,-5],[-3,-4]]",5.0,12.0,2.4,24.0,2.0,0.0,2.0,2.0,1.0,0.0,0.4583333333333333,1.16619037896906,1.3564659966250538,1.0,1.2,0.4,2.0,4.8,0.7483314773547882,4.0,6.0,-0.0733333333333333,0.4620726253643588,-0.6666666666666666,0.6,4.0,0.0,4.0,4.0,0.7121212121212122,1
sat-00269,84cf1c2cc55c990af23579363bd4c0a5893cf396b6360a5c75b7df4e34edeefa,mixed,5,"[[1,-2,3],[-1,-2,-5],[-2,4,5],[-1,-2,-4],[1,3,-4],[-1,4],[2,-5],[-1,2,-3],[1,2,-4],[-2,-3,-5],[-1,5],[1,-2,-3],[2,3,4],[-2,3],[-1,2],[-2,3,-4],[1,-3,-5],[-3,4],[2,-4],[-1,-3,4],[2,-3,4],[3,-4],[1,2],[2,-3,-5],[2,3,-4],[2,4],[-1,3,-5],[1,2,-5],[2,3,-5],[-2,-3,-4],[-3,4,-5]]",5.0,31.0,6.2,83.0,2.677419354838709,0.4674637660061108,2.0,3.0,0.3225806451612903,0.6774193548387096,0.4698795180722891,3.54400902933387,0.7483314773547882,1.0,7.3,2.8301943396169813,12.0,16.6,3.720215047547655,11.0,22.0,-0.1147687400318979,0.2754529861991009,-0.6363636363636364,0.1818181818181818,4.0,0.0,4.0,4.0,1.4666666666666666,0
sat-01170,5e145cad8fdc249aaf117b7cb59a99c265765f8ccd33d60b5a253efc534edfb5,2sat,5,"[[2,-5],[-1,4],[1,-4],[2,-4],[-4,-5],[3,-4],[3,5],[2,3],[3,4],[-2,-5],[-4,5],[-1,-2],[-3,-5],[1,-5],[-2,5],[4,5],[-2,3],[-2,-3],[1,3],[-1,5],[2,-3],[-2,4],[2,5],[-1,-5],[1,4]]",5.0,25.0,5.0,50.0,2.0,0.0,2.0,2.0,1.0,0.0,0.52,0.7483314773547882,1.16619037896906,1.0,2.5,1.02469507659596,4.0,10.0,1.4142135623730951,8.0,12.0,0.0484848484848484,0.1467117386292146,-0.0909090909090909,0.3333333333333333,4.0,0.0,4.0,4.0,0.7666666666666667,0
sat-00756,3758881ab0ffdaac3a065467a8a241f683bad5a3f6229d45d9cc72958f43bc7a,mixed,4,"[[-1,-3,-4],[-1,-3,4],[-1,-2],[2,3,4],[-1,-3],[-1,-2,4],[1,3,4],[-2,-3,4],[-2,-3,-4],[-1,-2,-4],[-2,-3],[1,-3,4],[-1,-2,3],[2,-3,4],[-1,2],[-1,2,4],[-1,3,4],[-1,3],[1,-4],[-2,4],[-2,3,-4],[-1,4],[2,3],[1,-2,4],[2,-3,-4],[1,2,4],[1,2,3]]",4.0,27.0,6.75,72.0,2.6666666666666665,0.4714045207910317,2.0,3.0,0.3333333333333333,0.6666666666666666,0.4861111111111111,2.5860201081971503,2.165063509461097,1.0,10.5,1.2583057392117916,12.0,18.0,0.7071067811865476,17.0,19.0,-0.0337117303061575,0.2540202485615732,-0.3333333333333333,0.3684210526315789,3.0,0.0,3.0,3.0,1.7464387464387463,0
sat-01145,f27867e407932557ac4d4ecf44bbb35be117fbeddfc4303f179cfcd2762d351a,3sat,4,"[[-1,-2,4],[2,-3,-4],[-1,3,4],[1,-2,4],[1,2,3],[-2,-3,4],[1,-2,-3],[-1,2,3],[-2,-3,-4],[-1,-2,-4],[-2,3,-4],[1,3,4],[1,-2,-4],[2,3,-4],[1,-3,4],[-1,-3,4],[1,-3,-4],[1,3,-4],[-1,-3,-4],[1,-2,3],[-1,2,4],[-1,2,-3],[1,2,4],[-1,-2,3],[-1,3,-4],[1,2,-3]]",4.0,26.0,6.5,78.0,3.0,0.0,3.0,3.0,0.0,1.0,0.4871794871794871,1.118033988749895,0.0,1.0,13.0,1.2909944487358056,15.0,19.5,1.118033988749895,18.0,21.0,-0.0290309106098579,0.0591864864805168,-0.1111111111111111,0.0476190476190476,3.0,0.0,3.0,3.0,2.227692307692308,0
sat-02685,42d973353c4af5cbaab2b5546f95566a8a45e01827e45fab8172fc2a038a6942,mixed,5,"[[3,4,5],[4,5],[-2,-3],[2,-3,-4],[-3,4,-5],[1,3,-4],[1,3]]",5.0,7.0,1.4,18.0,2.571428571428572,0.4948716593053934,2.0,3.0,0.4285714285714285,0.5714285714285714,0.6111111111111112,0.7483314773547882,1.019803902718557,0.7,1.5,1.284523257866513,4.0,3.6,1.624807680927192,2.0,6.0,0.3066666666666666,0.3690227334159479,0.0,1.0,2.8,0.9797958971132712,2.0,4.0,1.4285714285714286,1
sat-02519,15b3efd9171cc7ded1828aa2f3aee276603da4a93faff6f736fa74d8b6c944b7,2sat,4,"[[1,-3],[2,-4],[-2,-4],[3,-4],[2,3],[2,4],[3,4],[-1,-3],[-1,3],[-2,3],[1,4]]",4.0,11.0,2.75,22.0,2.0,0.0,2.0,2.0,1.0,0.0,0.5909090909090909,1.0897247358851685,0.4330127018922193,0.8333333333333334,1.8333333333333333,1.0671873729054748,3.0,5.5,1.118033988749895,4.0,7.0,0.1571428571428571,0.1767045268121854,0.0,0.4285714285714285,2.5,0.5,2.0,3.0,0.9454545454545454,0
sat-01910,2c99b02fb9e3120e6448f4c0a620b231fa4d67b9871e1251fc55cbc44bd7d100,3sat,5,"[[-3,-4,-5],[2,-3,5],[1,2,5],[-1,-3,-4],[-1,-2,3],[2,-4,5],[2,3,-4],[-1,-2,4],[2,-4,-5],[1,-3,4],[-1,3,-4],[-1,3,5],[-2,3,5],[1,-3,-5],[2,4,-5],[-1,2,-5],[-1,2,5],[-1,4,-5],[3,4,-5],[1,2,-3],[-1,2,-4],[-1,2,-3],[1,-3,-4],[2,3,4],[2,4,5],[1,-2,-5],[-3,4,5],[2,-3,4],[-2,-3,4],[-1,-2,-5]]",5.0,30.0,6.0,90.0,3.0,0.0,3.0,3.0,0.0,1.0,0.5,2.8284271247461903,1.8973665961010275,1.0,9.0,1.4142135623730951,11.0,18.0,1.095445115010332,17.0,20.0,-0.0128104575163398,0.2493484525224546,-0.2941176470588235,0.4,4.0,0.0,4.0,4.0,1.7655172413793103,0
sat-00445,423b0eed44248f0a5fc1da9f056310645e11136bf13292110715d2e1ca742f17,3sat,5,"[[1,-2,4],[-1,2,-5],[-2,-3,4],[-2,-3,-4],[-1,3,4],[2,-4,-5]]",5.0,6.0,1.2,18.0,3.0,0.0,3.0,3.0,0.0,1.0,0.3888888888888889,1.019803902718557,0.3999999999999999,0.9,1.8,1.077032961426901,4.0,3.6,1.2,2.0,5.0,-0.3333333333333333,0.3864367132317184,-1.0,0.2,3.6,0.4898979485566356,3.0,4.0,1.8,1
sat-01700,723c574da11d6c576be552b0ca6fe370bc098e3b5ad623957946f8f009ff4a56,2sat,5,"[[-3,5],[4,-5],[-4,-5],[-3,-5],[1,2],[1,5],[-2,5],[1,-2],[-1,2],[-1,4],[2,3],[-2,3],[2,-3],[-2,4],[2,4],[4,5],[1,-4],[2,-4],[3,-5],[1,-5],[-3,4],[1,4],[-1,3],[-4,5],[3,4],[-1,-2],[-2,-4],[-1,5],[-2,-5]]",5.0,29.0,5.8,58.0,2.0,0.0,2.0,2.0,1.0,0.0,0.5344827586206896,0.9797958971132712,1.0198039027185568,1.0,2.9,0.9433981132056604,4.0,11.6,1.4966629547095764,9.0,13.0,0.0711732711732711,0.1043585806801521,-0.0769230769230769,0.2307692307692307,4.0,0.0,4.0,4.0,0.770935960591133,0
sat-00778,7304eca53a99e480ecf2510035981951f45670716ee98eb31845081580f5179c,2sat,5,"[[-1,4],[1,-4],[-2,-3],[1,5],[-1,-3],[-3,-4],[-2,5],[1,-2],[3,-4],[-1,2],[-2,4],[1,-3]]",5.0,12.0,2.4,24.0,2.0,0.0,2.0,2.0,1.0,0.0,0.4166666666666667,1.095445115010332,1.469693845669907,0.8,1.2,0.7483314773547882,2.0,4.8,1.6,2.0,7.0,-0.0514285714285714,0.5945054538806835,-0.6,1.0,3.2,0.7483314773547882,2.0,4.0,0.7878787878787878,1
sat-00443,ebceff728c7f27773249006fadf3554530c26c2e928cb1f2221811518ea206f6,mixed,4,"[[-1,-3],[1,-3],[-1,2,-4],[1,-2,3]]",4.0,4.0,1.0,10.0,2.5,0.5,2.0,3.0,0.5,0.5,0.4,0.7071067811865476,0.5,0.8333333333333334,1.3333333333333333,0.9428090415820634,3.0,2.5,1.118033988749895,1.0,4.0,-0.3333333333333333,0.408248290463863,-1.0,0.0,2.5,0.5,2.0,3.0,1.6666666666666667,1
sat-01171,9cd10b9949eb8e895df9ed180414ae27b3c25dd47d0b9fa94442c5e7f500cb30,3sat,5,"[[-2,3,-4],[-1,4,5],[-1,-2,4],[-3,-4,-5],[3,4,5],[1,2,5],[-2,4,5],[-3,-4,5]]",5.0,8.0,1.6,24.0,3.0,0.0,3.0,3.0,0.0,1.0,0.5416666666666666,1.624807680927192,0.7483314773547882,0.9,2.4,1.3564659966250538,5.0,4.8,1.469693845669907,3.0,7.0,-0.0047619047619047,0.4064112055876546,-0.5,0.6666666666666666,3.6,0.4898979485566356,3.0,4.0,1.8214285714285716,1
sat-01922,00b979c740e1a7ee6fe8b4e03cb5eef5c06a1ade70ddd07d08f4bb247b55c7e8,3sat,4,"[[-2,-3,-4],[-1,3,-4],[1,-3,4],[2,3,-4],[-1,2,-4],[1,2,-4]]",4.0,6.0,1.5,18.0,3.0,0.0,3.0,3.0,0.0,1.0,0.4444444444444444,0.7071067811865476,1.5,1.0,3.0,1.0,4.0,4.5,0.8660254037844386,4.0,6.0,-0.0416666666666666,0.414578098794425,-0.6666666666666666,0.5,3.0,0.0,3.0,3.0,2.2,1
sat-00924,867f5eb4f3308fa5967cb9d13502291e3ff5f12a59482b234eb2c23064e85ca8,mixed,4,"[[2,3],[1,-3,4],[1,4],[-2,-3,4],[2,4],[1,-3],[1,-2,-3],[2,-4],[-1,-3,-4],[1,-2,4]]",4.0,10.0,2.5,25.0,2.5,0.5,2.0,3.0,0.5,0.5,0.56,1.6583123951777,1.479019945774904,1.0,3.333333333333333,0.7453559924999298,4.0,6.25,0.4330127018922193,6.0,7.0,0.1071428571428571,0.5066172102607908,-0.6666666666666666,0.6666666666666666,3.0,0.0,3.0,3.0,1.4666666666666666,1
sat-01185,f59a701d3f408532dd0189af0743670c3dfa4aa68cfd06e15c15b3b49acb5758,3sat,4,"[[-1,2,-4],[-1,-2,4],[-2,3,4],[2,-3,-4],[-1,3,4],[2,3,4],[1,-2,3],[2,3,-4],[1,2,4],[2,-3,4],[-1,-3,4],[1,-2,4],[1,2,3],[-1,2,-3]]",4.0,14.0,3.5,42.0,3.0,0.0,3.0,3.0,0.0,1.0,0.6190476190476191,1.6583123951777,0.7071067811865476,1.0,7.0,1.2909944487358056,9.0,10.5,1.118033988749895,9.0,12.0,0.2191919191919192,0.2108838368718922,-0.1111111111111111,0.4545454545454545,3.0,0.0,3.0,3.0,2.21978021978022,1
sat-02186,95b1a505d5a06333ed2db8a789d9ef9f7e6e2f2725e1a645efc4cd109e48756b,3sat,4,"[[1,3,-4],[-1,3,-4],[-1,2,-4],[-1,-2,-4]]",4.0,4.0,1.0,12.0,3.0,0.0,3.0,3.0,0.0,1.0,0.3333333333333333,0.7071067811865476,1.5811388300841898,0.8333333333333334,2.0,1.1547005383792517,4.0,3.0,1.0,2.0,4.0,-0.125,0.739509972887452,-1.0,1.0,2.5,0.5,2.0,3.0,2.333333333333333,1
sat-02844,50545ebd77510d8d488379e1a378ac05e9fe415a7e5130d0f9746e29b8718181,3sat,5,"[[-2,-3,4],[-1,-3,4],[-1,3,4],[-3,4,-5],[1,3,4],[-1,3,5],[2,-3,-4],[-3,4,5],[1,2,4],[2,3,5],[3,4,5],[1,2,-3],[-1,2,-3],[-1,3,-4],[-1,-2,-4],[-2,4,5],[1,2,5],[-1,-3,-4],[1,-3,4],[-1,2,5],[2,4,5],[-1,3,-5],[-1,2,-4]]",5.0,23.0,4.6,69.0,3.0,0.0,3.0,3.0,0.0,1.0,0.5797101449275363,2.0,3.1874754901018454,1.0,6.9,2.2561028345356955,11.0,13.8,2.4,10.0,16.0,0.2033333333333333,0.3662345939118501,-0.3333333333333333,0.6,4.0,0.0,4.0,4.0,1.8023715415019763,1
sat-02867,f0e3041171d78543277637b17f3b8b39b60705012bf005371e19302097fabc35,2sat,4,"[[3,4],[-1,2],[1,-4],[-2,-4],[2,-3],[1,-2],[2,4],[1,3],[-2,4],[1,2],[-3,-4],[1,4],[-2,-3],[-1,-4],[-1,-3],[1,-3],[-2,3],[-1,3]]",4.0,18.0,4.5,36.0,2.0,0.0,2.0,2.0,1.0,0.0,0.5,0.8660254037844386,0.5,1.0,3.0,0.5773502691896257,4.0,9.0,0.7071067811865476,8.0,10.0,-0.0055555555555555,0.1270510736225474,-0.1111111111111111,0.2,3.0,0.0,3.0,3.0,0.9477124183006536,0
sat-02603,d9bdec41adcf3a7fd60727bcbefb325ed7c4079bcafa660d7b08a33c010911d4,3sat,4,"[[1,-2,-3],[2,3,4],[2,-3,-4],[-1,-2,3],[1,3,-4],[-1,-2,4],[-1,2,3],[1,2,4],[-1,3,-4],[2,3,-4],[-1,-2,-3],[-1,-3,4]]",4.0,12.0,3.0,36.0,3.0,0.0,3.0,3.0,0.0,1.0,0.5,1.118033988749895,0.8660254037844386,1.0,6.0,0.816496580927726,7.0,9.0,0.7071067811865476,8.0,10.0,-0.0055555555555555,0.202072594216369,-0.3333333333333333,0.2,3.0,0.0,3.0,3.0,2.196969696969697,1
sat-01167,7d52899e443bd9c8d66beca6c907b845d3935ce10bc046f89555c7729d9a7e14,mixed,5,"[[-2,-4,5],[-3,-5],[2,5],[-1,-2,-5],[-2,4,5],[-1,2,5],[2,-3,4],[2,-3],[-1,-4,5],[-2,4,-5],[2,-4,5],[-1,3],[1,2,4],[3,-4],[1,2,-4],[-1,2,4],[1,-4,5],[3,4],[-1,3,-4],[1,-2,-4],[-3,-4],[1,5],[1,-2,4],[-3,-4,5],[1,2,3],[2,3,5],[2,-4],[-2,4],[1,-5]]",5.0,29.0,5.8,76.0,2.6206896551724137,0.48521542343001,2.0,3.0,0.3793103448275862,0.6206896551724138,0.5657894736842105,1.743559577416269,2.4166091947189146,1.0,6.5,2.6172504656604803,12.0,15.2,2.9257477676655586,11.0,19.0,0.1453330295435558,0.1902898379069458,-0.1578947368421052,0.4285714285714285,4.0,0.0,4.0,4.0,1.3817733990147782,0
sat-01065,1252db17fec98671e31a37ebcfe768e2614c614323597f6a4d8d13b3ddf94990,2sat,4,"[[2,-3],[2,-4],[-1,2],[-1,3]]",4.0,4.0,1.0,8.0,2.0,0.0,2.0,2.0,1.0,0.0,0.5,1.224744871391589,0.7071067811865476,0.6666666666666666,0.6666666666666666,0.4714045207910317,1.0,2.0,0.7071067811865476,1.0,3.0,-0.25,0.82915619758885,-1.0,1.0,2.0,0.7071067811865476,1.0,3.0,0.8333333333333334,1
sat-00657,6a1557502dfd5e238571c15ad19b32e788baf47dd1324c86ba19aa042643fcfb,3sat,4,"[[1,2,4],[-2,3,-4],[-1,3,-4],[1,-2,3],[-2,-3,4],[-1,2,4],[1,-3,-4],[-1,-2,-3],[1,-2,-3],[-2,-3,-4],[2,-3,4],[-1,-3,-4],[2,3,-4],[-2,3,4],[-1,2,3],[1,-2,4],[1,2,-4]]",4.0,17.0,4.25,51.0,3.0,0.0,3.0,3.0,0.0,1.0,0.4705882352941176,0.0,1.0897247358851685,1.0,8.5,1.2583057392117916,10.0,12.75,1.0897247358851685,11.0,14.0,-0.0514485514485514,0.0864857384446038,-0.1428571428571428,0.0909090909090909,3.0,0.0,3.0,3.0,2.2205882352941178,0
sat-01529,90bb494d383470ea6adca5d7b695575d1d963e22c17c8c4bcf32fa22def88563,mixed,5,"[[-1,3,4],[-2,-3,-5],[-2,-3,5],[-2,3,4],[-4,5],[-2,4,5],[-2,3],[-3,4,5],[2,5],[-2,4],[1,3,-5],[1,-2],[-1,4,5],[2,-4,5],[2,-3],[-1,-2],[1,-2,-3],[2,-4,-5],[-1,2,-4],[1,2,-5],[-1,3],[-3,4],[1,2,-3],[1,2,5],[1,5],[2,-3,5],[-1,2,-5],[1,2,4]]",5.0,28.0,5.6,74.0,2.642857142857143,0.4791574237499549,2.0,3.0,0.3571428571428571,0.6428571428571429,0.5675675675675675,2.0591260281974,1.8547236990991407,1.0,6.4,1.9595917942265424,10.0,14.8,2.785677655436824,12.0,20.0,0.1357509157509157,0.2067574751835056,-0.2307692307692307,0.3333333333333333,4.0,0.0,4.0,4.0,1.402116402116402,0
sat-02013,586a5ec0760ca8e701e6e1fce1610d963cc58069197fc4417cb3c5390b5b1d9a,mixed,4,"[[-2,3,-4],[-1,4],[2,-4],[2,3],[-1,3,-4],[-1,3],[-1,-3,-4],[-2,-3,-4],[1,3]]",4.0,9.0,2.25,22.0,2.4444444444444446,0.4969039949999532,2.0,3.0,0.5555555555555556,0.4444444444444444,0.4090909090909091,1.6393596310755,1.299038105676658,0.8333333333333334,2.833333333333333,1.343709624716425,4.0,5.5,1.118033988749895,4.0,7.0,-0.2095238095238095,0.4506986262467196,-0.6666666666666666,0.4285714285714285,2.5,0.5,2.0,3.0,1.4444444444444444,1
sat-02055,08b4c1b15e6ba1c0bdeddd4d487b6bf036115d94fbe0e97b24375861d04addbb,2sat,5,"[[4,5],[1,4],[-3,4],[1,-4],[3,5],[-1,-3],[-1,3],[-1,-2],[-1,2],[3,-5],[2,-5],[2,5],[3,4],[-4,-5],[1,2],[1,-3],[-3,-5],[-4,5],[-3,5],[-2,-3],[-3,-4],[-2,4],[-2,-4],[-1,4],[-1,-4],[1,3],[4,-5],[1,-2],[2,-4]]",5.0,29.0,5.8,58.0,2.0,0.0,2.0,2.0,1.0,0.0,0.4827586206896552,0.8,0.8944271909999159,0.9,2.9,1.374772708486752,4.0,11.6,1.4966629547095764,10.0,14.0,-0.0333333333333333,0.0666666666666666,-0.1666666666666666,0.0,3.6,0.4898979485566356,3.0,4.0,0.770935960591133,0
sat-00846,9fad1c674a1c12a1fa942320da1ff03567ec6efe4f7ec4e865a00da4257eb5a8,mixed,5,"[[-1,-5],[-2,-4,5],[-1,-2,3],[1,-2,-3],[-1,2,3],[-1,-4,-5],[-1,-2,-5],[1,2,3],[1,5],[1,4,5],[-2,4,5],[2,3,5]]",5.0,12.0,2.4,34.0,2.833333333333333,0.3726779962499649,2.0,3.0,0.1666666666666666,0.8333333333333334,0.5294117647058824,1.019803902718557,1.6,0.9,3.2,1.7204650534085253,5.0,6.8,1.939071942966532,4.0,9.0,0.0977777777777777,0.2998476979656649,-0.25,0.6,3.6,0.4898979485566356,3.0,4.0,1.6363636363636365,1
sat-02448,16ede4f0751287be8485495aaaae72a672618150187c48a3aa4748044f7c20f1,mixed,4,"[[1,3],[1,3,4],[1,-3,4],[1,4],[-1,-2,-4],[2,3,-4],[-2,-3],[2,-4],[-1,-2],[1,-4],[2,3],[3,-4],[1,-2,3]]",4.0,13.0,3.25,31.0,2.3846153846153846,0.4865042554105199,2.0,3.0,0.6153846153846154,0.3846153846153846,0.5806451612903226,1.5,1.299038105676658,1.0,3.8333333333333335,0.6871842709362768,5.0,7.75,0.4330127018922193,7.0,8.0,0.1517857142857143,0.3502686651059469,-0.25,0.5,3.0,0.0,3.0,3.0,1.3461538461538465,1
sat-02334,0142ca26e74ad11b7cdc71020c1b3b52a5ad3ba48f8cb83cdec7af7c9e776811,mixed,4,"[[-2,-3,4],[1,-3],[-1,-2,-3],[-2,-4],[1,3]]",4.0,5.0,1.25,12.0,2.4,0.4898979485566356,2.0,3.0,0.6,0.4,0.3333333333333333,0.7071067811865476,1.0,0.8333333333333334,1.5,0.957427107756338,3.0,3.0,0.7071067811865476,2.0,4.0,-0.2916666666666667,0.5051814855409226,-1.0,0.3333333333333333,2.5,0.5,2.0,3.0,1.3,1
sat-01834,4480bcbcf002dd94819316d30f26f0e88a768032080c4cab402c00c68f60a41a,2sat,5,"[[2,-4],[1,2],[-2,-5],[3,4],[-2,5],[1,3],[-3,4]]",5.0,7.0,1.4,14.0,2.0,0.0,2.0,2.0,1.0,0.0,0.6428571428571429,0.4,0.6324555320336759,0.5,0.7,0.7810249675906655,2.0,2.8,0.7483314773547882,2.0,4.0,0.3333333333333333,0.3651483716701107,0.0,1.0,2.0,0.6324555320336759,1.0,3.0,0.6666666666666666,0
sat-00714,b780467cc834fd6e8ab5eb8a621fcdd1b1a313361cadc4c611674db64fc2718e,3sat,5,"[[-3,4,-5],[1,-2,4],[-1,4,-5],[2,-3,-4],[-2,-3,5]]",5.0,5.0,1.0,15.0,3.0,0.0,3.0,3.0,0.0,1.0,0.4,0.9797958971132712,0.7483314773547883,0.9,1.5,0.6708203932499369,2.0,3.0,0.6324555320336759,2.0,4.0,-0.2333333333333333,0.4898979485566356,-1.0,0.5,3.6,0.4898979485566356,3.0,4.0,1.6,1
sat-02018,61a1580b3eff15673a0f69c366becf404e544af52040b878bc8102ff6ce4f0da,mixed,5,"[[3,5],[-1,-5],[-1,-3,-5],[1,2,-5],[-1,2,-4],[-1,3,-4],[-2,-3],[-1,-2,3],[-1,3,5],[-1,-2,-4],[-1,-4,-5]]",5.0,11.0,2.2,30.0,2.727272727272727,0.4453617714151232,2.0,3.0,0.2727272727272727,0.7272727272727273,0.3,1.32664991614216,2.0396078054371136,1.0,2.7,1.4177446878757824,5.0,6.0,1.6733200530681511,4.0,9.0,-0.3955555555555555,0.4657981335670721,-1.0,0.3333333333333333,4.0,0.0,4.0,4.0,1.490909090909091,1
sat-00070,0c58f220b5ce7d37cf91b8f5d5ede531b53c06bcc650dcb322cc0052328821a2,mixed,4,"[[1,2],[-1,2],[1,3],[-1,-2,4],[2,-3,-4]]",4.0,5.0,1.25,12.0,2.4,0.4898979485566356,2.0,3.0,0.6,0.4,0.5833333333333334,0.82915619758885,0.4330127018922193,1.0,1.5,0.7637626158259734,3.0,3.0,1.0,2.0,4.0,0.125,0.2165063509461096,0.0,0.5,3.0,0.0,3.0,3.0,1.4,1
sat-02595,9d0c4a47e19d3f198c58cef4a61f5f757daba1d1fce8a200c46f9556e4dd07a7,mixed,4,"[[1,-3],[-2,-4],[2,3],[1,-2],[1,-2,-3],[2,-4],[-1,-3,4],[-2,3]]",4.0,8.0,2.0,18.0,2.25,0.4330127018922193,2.0,3.0,0.75,0.25,0.4444444444444444,0.7071067811865476,1.118033988749895,1.0,2.0,0.816496580927726,3.0,4.5,1.118033988749895,3.0,6.0,-0.0916666666666666,0.3459086263419543,-0.3333333333333333,0.5,3.0,0.0,3.0,3.0,1.2142857142857142,0
sat-02985,19bfe915cd989c193c525a582f73a3b73560b3f280828e653f6605e621db2eca,3sat,5,"[[-2,-4,-5],[-1,2,3],[1,-2,-5],[-1,-3,-4],[-3,4,5],[2,-4,5],[1,2,-5],[1,-3,5],[-1,3,4],[-2,-3,-4],[-1,2,-5],[-3,4,-5],[1,-2,4],[1,2,4],[-3,-4,-5],[-1,-2,-3],[2,3,-4],[1,-2,5]]",5.0,18.0,3.6,54.0,3.0,0.0,3.0,3.0,0.0,1.0,0.4444444444444444,1.16619037896906,0.6324555320336759,1.0,5.4,1.2806248474865698,8.0,10.8,0.7483314773547882,10.0,12.0,-0.12,0.1700170142190685,-0.4,0.0909090909090909,4.0,0.0,4.0,4.0,1.738562091503268,1
sat-00888,45d21a95766af416c5daa74950182925c5e79e190d93f8fb195fb715d63092a2,2sat,5,"[[-4,-5],[2,4],[3,4],[1,5],[-3,4],[1,4]]",5.0,6.0,1.2,12.0,2.0,0.0,2.0,2.0,1.0,0.0,0.75,1.1661903789690602,0.4898979485566356,0.5,0.6,0.66332495807108,2.0,2.4,1.3564659966250536,1.0,5.0,0.52,0.4489988864128729,0.0,1.0,2.0,1.095445115010332,1.0,4.0,0.8666666666666667,1
sat-02533,cb351eccc394ab793cd8805310b6e921c476b2b9a55be84087010551377ebacc,2sat,5,"[[-3,-5],[-1,4],[-3,5],[-1,-3],[2,3],[-1,5],[-1,-2],[1,-3],[-2,5],[3,-4],[-2,-4],[1,-4],[-2,3],[1,2],[4,5],[2,-3],[-3,-4],[-2,-3],[4,-5],[1,-2],[-2,-5],[1,4],[-1,-4],[3,5],[-1,2],[-4,5],[2,4],[3,4],[-1,-5],[2,-4],[1,5],[2,5],[3,-5]]",5.0,33.0,6.6,66.0,2.0,0.0,2.0,2.0,1.0,0.0,0.5,0.8,0.7999999999999999,1.0,3.3,0.6403124237432849,4.0,13.2,0.3999999999999999,13.0,14.0,0.0,0.1191687183448436,-0.0769230769230769,0.2307692307692307,4.0,0.0,4.0,4.0,0.7632575757575758,0
sat-01381,147cc561dde3ca3fb8634da98d89dc36d8afeee0768518c4b2e2a74e13bbb0ee,mixed,4,"[[1,-2,3],[2,3,-4],[-2,3],[-2,-3,4],[-1,2,4],[-1,-2],[1,-2,-3],[-1,-2,-3],[-1,2,3],[2,4],[1,2,-4],[3,4],[1,2,-3]]",4.0,13.0,3.25,35.0,2.6923076923076925,0.4615384615384615,2.0,3.0,0.3076923076923077,0.6923076923076923,0.5428571428571428,0.82915619758885,1.4142135623730951,1.0,5.166666666666667,2.266911751455908,8.0,8.75,2.165063509461097,6.0,12.0,0.1111111111111111,0.1360827634879543,0.0,0.3333333333333333,3.0,0.0,3.0,3.0,1.858974358974359,1
sat-00514,b4ebe71bc74229f9e959c5dc56003f703d510ac00a89bed503530298d9ebad5c,2sat,4,"[[2,4],[1,2],[-3,-4],[-2,3],[-2,4],[2,-4],[-1,4],[-1,-3],[3,4],[1,4],[1,-4],[3,-4]]",4.0,12.0,3.0,24.0,2.0,0.0,2.0,2.0,1.0,0.0,0.5833333333333334,0.8660254037844386,0.8660254037844386,1.0,2.0,1.0,3.0,6.0,1.7320508075688772,5.0,9.0,0.1777777777777778,0.038490017945975,0.1111111111111111,0.2,3.0,0.0,3.0,3.0,1.0,0
sat-00111,d67067de286c2d327f6dfaf9703d9edb55587dba7cb58a24dc38124fdb738fb4,3sat,5,"[[1,-3,-5],[-1,2,-4],[-1,-2,3],[-1,2,3],[-2,3,-4],[3,4,5],[1,-4,5],[-3,4,5],[-1,-4,-5],[2,3,4],[-2,3,-5],[-1,-4,5],[-1,-3,-4],[-2,3,4],[-1,-2,4],[-1,2,4],[1,3,4],[1,2,3],[-1,4,-5],[-2,3,5],[2,4,5],[1,3,-4],[-2,-3,5],[-1,2,5],[1,-4,-5],[1,-3,5]]",5.0,26.0,5.2,78.0,3.0,0.0,3.0,3.0,0.0,1.0,0.5512820512820513,1.4966629547095764,1.8973665961010275,1.0,7.8,1.469693845669907,11.0,15.6,1.3564659966250536,14.0,17.0,0.1086134453781512,0.1989348268158337,-0.1764705882352941,0.375,4.0,0.0,4.0,4.0,1.7661538461538462,0
sat-02179,efe1daff120b7e8b4ac23223646f585617a4a9888ed6c3d7089bfdbe134a54f0,3sat,5,"[[1,-3,4],[1,-4,5],[2,3,4],[-2,4,5],[-3,4,-5],[1,2,-3],[1,3,4],[2,-3,-5],[1,4,5],[3,-4,5],[-1,2,-3],[-1,3,4],[1,2,5],[-2,3,4],[3,-4,-5],[-1,3,-4],[1,4,-5],[-2,-4,-5],[3,4,-5],[1,-2,4],[-1,-3,-5],[2,3,-5],[-1,2,3],[1,-2,5],[-1,4,5],[-1,-2,-3],[-1,3,-5],[-1,-4,-5],[-2,3,5],[2,-4,5]]",5.0,30.0,6.0,90.0,3.0,0.0,3.0,3.0,0.0,1.0,0.5555555555555556,1.6733200530681511,1.2649110640673518,1.0,9.0,1.61245154965971,12.0,18.0,1.5491933384829668,15.0,19.0,0.1080701754385964,0.1321535989483042,-0.0526315789473684,0.2631578947368421,4.0,0.0,4.0,4.0,1.7724137931034485,0
sat-00745,3a952b739561506cb5a18d541569ba3034695ee29d8d527ed6aa7ff73f073d1e,3sat,5,"[[3,4,-5],[1,-4,5],[-3,4,-5],[-1,-3,4],[1,-2,-5],[-1,4,-5],[-1,2,4],[2,3,5],[-2,3,-4],[-2,-4,5],[-1,-2,4],[-2,3,4],[-1,-2,3],[-1,2,3],[-1,2,-4],[-1,2,5],[-3,-4,-5],[1,-3,-4],[-2,-3,-4],[1,2,-4],[1,2,4],[2,3,-5],[-2,4,5],[-1,4,5],[2,4,5],[1,-3,4],[2,3,-4],[2,-4,-5]]",5.0,28.0,5.6,84.0,3.0,0.0,3.0,3.0,0.0,1.0,0.5238095238095238,2.315167380558045,1.4142135623730951,1.0,8.4,2.615339366124404,13.0,16.8,3.1874754901018454,14.0,22.0,0.0383321941216678,0.1313442716426986,-0.2,0.1578947368421052,4.0,0.0,4.0,4.0,1.8227513227513228,0
sat-00507,e27ff56b3c5c2330231a5b06e041d31328c1a94b26c421825557df5196fc695a,mixed,5,"[[1,2,5],[1,-3,-5],[2,4,5],[1,-3,-4],[-2,-5],[1,-2,-3],[1,-4,-5],[1,3,4],[2,3,5],[-1,2,5],[3,5],[3,-4],[-1,-3,-5],[1,2,-3]]",5.0,14.0,2.8,39.0,2.7857142857142856,0.410325903324145,2.0,3.0,0.2142857142857142,0.7857142857142857,0.5897435897435898,1.624807680927192,1.16619037896906,1.0,3.6,1.42828568570857,6.0,7.8,1.6,5.0,9.0,0.1568253968253968,0.294630540600893,-0.2,0.5555555555555556,4.0,0.0,4.0,4.0,1.5274725274725274,1
sat-02633,5de2cc9ff520cbde47c2efb379c93835f940c1c9755c0c7a0a2850681d243f7a,2sat,5,"[[1,-3],[3,4],[-3,4],[-1,-3],[1,5],[-1,2],[-1,-5],[1,2],[-2,-3],[-2,-5],[4,-5],[4,5],[3,-5],[1,-4],[3,-4],[-2,5],[-1,5],[1,4]]",5.0,18.0,3.6,36.0,2.0,0.0,2.0,2.0,1.0,0.0,0.5277777777777778,1.16619037896906,0.8,0.9,1.8,0.8717797887081347,3.0,7.2,1.32664991614216,5.0,9.0,0.0393650793650793,0.2230153646268848,-0.2,0.4285714285714285,3.6,0.4898979485566356,3.0,4.0,0.7581699346405228,0
sat-01012,aff05840864f45927929ae397734b20256ff3df9cff3d98e7ba433e83012d6c4,3sat,5,"[[-2,3,-4],[3,4,-5],[-1,4,5],[-2,-3,-5],[-2,3,5],[-3,4,-5]]",5.0,6.0,1.2,18.0,3.0,0.0,3.0,3.0,0.0,1.0,0.4444444444444444,1.3564659966250538,0.8944271909999159,0.8,1.8,1.32664991614216,4.0,3.6,1.4966629547095764,1.0,5.0,-0.3,0.6131883886702356,-1.0,0.5,3.2,0.7483314773547882,2.0,4.0,1.9333333333333331,1
sat-02889,7963cee42d210560f53db8fe4f7225a477ed435d201642e72789efb183efddc7,mixed,5,"[[-1,-3,-5],[1,2,-4],[-1,2,3],[-1,-2,-3],[-1,-4],[3,4],[2,-4,5],[-1,-3,4],[-2,4,5],[2,-4],[1,-2,3],[-1,-3,-4],[-1,-4,-5],[1,-2,5],[1,2,3],[-3,-5],[1,-3],[-2,4],[2,-3,-5],[3,-5],[-2,-3,-4],[3,-4,5],[-1,-4,5],[1,3,4],[3,-4,-5],[1,-4],[1,-5],[-2,-4,-5],[-1,3,-4]]",5.0,29.0,5.8,78.0,2.689655172413793,0.4626347539654737,2.0,3.0,0.3103448275862069,0.6896551724137931,0.4230769230769231,1.624807680927192,2.0976176963403037,1.0,6.9,1.57797338380595,10.0,15.6,2.154065922853801,13.0,18.0,-0.1504273504273504,0.1734825283840514,-0.4444444444444444,0.0588235294117647,4.0,0.0,4.0,4.0,1.4310344827586208,0
sat-02767,a6d3365c2a4e7303c7b338159a4515e48e2f0d1f2d22cc4006ab1bba09b0035f,3sat,5,"[[1,-2,-4],[-1,2,4],[3,-4,5],[-2,-4,5],[-2,3,4],[-2,-3,-5],[-1,-3,4],[-1,4,-5],[3,-4,-5],[-1,-3,-5],[-1,2,-5],[1,-3,5],[1,2,-3],[-2,-4,-5],[1,4,5],[-2,-3,5],[1,-2,4],[-1,4,5],[1,3,-4],[2,-4,5],[2,4,-5],[1,2,3],[-2,-3,4],[-3,-4,-5]]",5.0,24.0,4.8,72.0,3.0,0.0,3.0,3.0,0.0,1.0,0.4722222222222222,1.32664991614216,0.7999999999999999,1.0,7.2,1.32664991614216,10.0,14.4,1.4966629547095764,13.0,17.0,-0.0609092867916397,0.1174178068846563,-0.2307692307692307,0.0769230769230769,4.0,0.0,4.0,4.0,1.7681159420289856,0
sat-01408,424c4482e1c143ee46ac5e071ce037b4e492819558629741d5ef15ceb794e590,2sat,5,"[[1,4],[-1,-4],[-2,4],[-1,3],[-1,5],[1,2],[-1,-5]]",5.0,7.0,1.4,14.0,2.0,0.0,2.0,2.0,1.0,0.0,0.5,0.4898979485566356,1.3564659966250538,0.5,0.7,0.7810249675906655,2.0,2.8,1.7204650534085253,1.0,6.0,0.2,0.4521553322083512,-0.3333333333333333,1.0,2.0,1.095445115010332,1.0,4.0,0.9523809523809524,1
sat-01591,1be23d86ffb0ace1b09778f353afc20b7de88f0a9763dd6103a595ed9b8f103a,3sat,5,"[[-1,2,-4],[-1,-2,-5],[-2,-3,4],[1,-2,5],[-1,3,-4],[1,2,4],[1,-3,5],[3,-4,-5],[3,-4,5],[1,3,-4],[1,-2,-3],[2,3,-4],[1,4,5],[-1,-2,-3],[1,-3,-4],[-2,4,5],[-1,2,-5],[-1,4,-5],[-1,-3,-4],[-1,4,5],[3,4,-5],[1,4,-5],[3,4,5],[-3,-4,-5],[-1,3,5]]",5.0,25.0,5.0,75.0,3.0,0.0,3.0,3.0,0.0,1.0,0.4933333333333333,1.743559577416269,1.2,1.0,7.5,2.4186773244895647,11.0,15.0,2.756809750418044,10.0,18.0,-0.0250980392156862,0.0991963090432149,-0.2,0.0666666666666666,4.0,0.0,4.0,4.0,1.8133333333333328,0
sat-01414,60114199e69ca0598c4b0461d52472e35130bf69a432b719935dff0668bbec61,mixed,5,"[[-2,-3,-5],[-1,3,-5],[1,-4,-5],[-2,3,-5],[-1,-4],[1,3,-5],[3,4],[-1,-3]]",5.0,8.0,1.6,21.0,2.625,0.4841229182759271,2.0,3.0,0.375,0.625,0.3333333333333333,1.4966629547095764,1.16619037896906,0.8,1.8,1.2489995996796797,4.0,4.2,1.469693845669907,2.0,6.0,-0.44,0.5087675740890377,-1.0,0.3333333333333333,3.2,0.7483314773547882,2.0,4.0,1.3928571428571428,1
sat-00834,4fd60f3af542dbe90abec1a31f8d6af54f45d59384f7b94b0beb309489f076a5,2sat,5,"[[-4,-5],[3,5],[1,-2],[-3,4],[-4,5],[-2,-4],[1,4],[-1,-5],[1,3],[1,-4],[1,-3],[-1,5],[4,-5],[-1,-2],[4,5],[2,-4],[1,5]]",5.0,17.0,3.4,34.0,2.0,0.0,2.0,2.0,1.0,0.0,0.5294117647058824,1.8547236990991407,0.9797958971132712,0.8,1.7,1.1874342087037917,4.0,6.8,2.3151673805580453,4.0,9.0,-0.0055555555555555,0.2952295612352538,-0.5,0.3333333333333333,3.2,0.7483314773547882,2.0,4.0,0.8235294117647058,0
sat-02161,661fe19696bfff2bd4de61dd335b35193e0b4c6321e869f800f74acdb6e54bdd,mixed,5,"[[2,-4,-5],[1,3,-5],[-1,4],[-1,2],[-3,-4,5],[1,-3,-5],[-1,-2,-5],[-1,-2,-3],[3,-4],[1,5],[-1,2,-5]]",5.0,11.0,2.2,29.0,2.636363636363636,0.4810456929208346,2.0,3.0,0.3636363636363636,0.6363636363636364,0.3793103448275862,0.7483314773547882,1.2000000000000002,1.0,2.5,1.284523257866513,5.0,5.8,1.469693845669907,4.0,8.0,-0.2357142857142857,0.2442815371405606,-0.5,0.2,4.0,0.0,4.0,4.0,1.3636363636363635,0
sat-01239,6cdc7a76e2fc3d956fa97c8135a79c8bd28d018a90d32f6637e09b34686f59c9,mixed,4,"[[1,2,4],[-1,2,4],[-1,2,-4],[1,-3],[2,3,4],[-1,-3],[2,-3],[2,3,-4],[-1,3,4],[-2,-4],[-1,-2,3],[2,-4],[3,4],[1,2,-4]]",4.0,14.0,3.5,36.0,2.571428571428572,0.4948716593053935,2.0,3.0,0.4285714285714285,0.5714285714285714,0.5833333333333334,1.7853571071357126,1.299038105676658,1.0,5.0,1.4142135623730951,8.0,9.0,1.0,8.0,10.0,0.15,0.3142451272494134,-0.25,0.6,3.0,0.0,3.0,3.0,1.6043956043956045,0
sat-02535,5f70f8c642906d7341e105a33cb69841c1dc5ac8c4105418ca3d49ca657b13cf,2sat,5,"[[-2,-5],[-1,-4],[-2,4],[-1,-2],[3,-5],[-2,5],[2,5],[-1,-5],[1,4],[1,5],[4,-5],[1,-4],[2,-3],[-2,-3],[1,-3],[3,4],[3,5],[-2,-4],[-4,-5],[-1,5],[-3,5],[-1,-3],[-1,2],[1,-5],[-1,3],[2,3],[2,4],[4,5],[1,-2],[1,2],[-1,4],[2,-5],[-4,5]]",5.0,33.0,6.6,66.0,2.0,0.0,2.0,2.0,1.0,0.0,0.5151515151515151,0.9797958971132712,1.2,1.0,3.3,0.9,4.0,13.2,1.9390719429665315,10.0,15.0,0.0333333333333333,0.0788810637746615,-0.0666666666666666,0.1666666666666666,4.0,0.0,4.0,4.0,0.7803030303030303,0
sat-02249,518197ead1aff2fdfed1947eade7ed5b23d8a3e3819c5a20f7e17411d05911a0,mixed,4,"[[-1,2,4],[-1,4],[1,2,4],[-2,3,-4],[2,3],[2,3,4],[1,-3,-4],[-1,-3,-4],[1,-2,-4],[1,3,4],[-3,-4]]",4.0,11.0,2.75,30.0,2.727272727272727,0.4453617714151233,2.0,3.0,0.2727272727272727,0.7272727272727273,0.5666666666666667,0.4330127018922193,1.0897247358851685,1.0,4.5,1.6072751268321592,7.0,7.5,1.5,6.0,10.0,0.1547619047619047,0.1184508853698357,0.0,0.3333333333333333,3.0,0.0,3.0,3.0,1.8545454545454545,1
sat-02919,50e20dedf9e2d56e6c8c179609f0050fa0f1bbb9bb790b1352018d83acfc9b0a,mixed,4,"[[-1,-2,3],[1,-2],[-2,-4],[-2,-3,4],[-1,2,4],[-2,3,-4],[2,3,-4],[-1,-2,-3],[3,4],[2,-3],[-1,3,-4],[1,-3],[1,4],[1,3,4],[2,-3,-4],[1,-3,4],[-1,-4],[-1,3,4],[-1,2,3],[1,2,4],[2,-4],[-1,2,-4],[-2,4],[2,4],[-3,-4],[-3,4],[-1,-2,4],[-2,3,4]]",4.0,28.0,7.0,72.0,2.571428571428572,0.4948716593053935,2.0,3.0,0.4285714285714285,0.5714285714285714,0.5138888888888888,2.48746859276655,0.4330127018922193,1.0,10.0,1.914854215512676,13.0,18.0,2.549509756796392,15.0,22.0,0.0101604278074866,0.1379357836813942,-0.2,0.1818181818181818,3.0,0.0,3.0,3.0,1.6534391534391537,0
sat-01898,66c8e8a667a235f856a2b9fe331300702646097e21079dd5c67a1184ba441bc7,2sat,5,"[[1,2],[-2,5],[1,-5],[2,4],[-1,-2],[3,-4],[4,-5],[-1,3],[-2,-5],[-2,3],[-3,-4],[-3,5],[1,-3],[4,5],[-2,-4],[-3,4],[1,3],[-1,-5],[2,3]]",5.0,19.0,3.8,38.0,2.0,0.0,2.0,2.0,1.0,0.0,0.5,0.7483314773547882,0.7483314773547882,0.9,1.9,0.8306623862918074,3.0,7.6,0.7999999999999999,7.0,9.0,0.0007936507936507,0.164964856500015,-0.25,0.1428571428571428,3.6,0.4898979485566356,3.0,4.0,0.7426900584795322,0
sat-00616,12bb8dd87d40282fea1de4b082b90225c202be00362d339979fb7d653b429c87,mixed,4,"[[1,4],[-1,-2,4],[-1,-2,-3],[1,-4],[2,3,-4]]",4.0,5.0,1.25,13.0,2.6,0.4898979485566356,2.0,3.0,0.4,0.6,0.4615384615384615,0.5,0.4330127018922193,1.0,1.8333333333333333,0.6871842709362768,3.0,3.25,0.82915619758885,2.0,4.0,-0.0833333333333333,0.1443375672974064,-0.3333333333333333,0.0,3.0,0.0,3.0,3.0,1.6,1
sat-02662,71551cd061c837bfefa3539f69ac0da18457cc098d8ef203f7a08a86279bc16c,2sat,5,"[[4,-5],[2,-4],[-2,3],[1,4],[-1,4],[-1,3],[2,3],[2,-5],[2,4]]",5.0,9.0,1.8,18.0,2.0,0.0,2.0,2.0,1.0,0.0,0.6666666666666666,1.624807680927192,0.7483314773547883,0.6,0.9,0.8306623862918076,2.0,3.6,1.2,2.0,5.0,0.1733333333333333,0.7322416116131191,-1.0,1.0,2.4,0.4898979485566356,2.0,3.0,0.75,1
sat-01388,4d16fa7821b3c886165138b7c2664e40646a07bc1f72ee1d3a032714ec34274a,mixed,5,"[[2,-5],[-1,-3],[3,4,5],[-1,-2,5],[-1,2,-4],[1,-2,-3],[1,3,5],[-1,5],[1,5],[-1,-4],[-1,-4,5],[1,4,5],[1,2,-3],[1,-4,5],[-1,4,5],[1,-2],[-3,-4,-5],[1,-3,4],[-1,-5],[-1,3,-4],[-2,4,5],[-2,3,-5],[3,-4],[3,4,-5],[-1,3,5],[-1,2,-5],[2,4,-5],[-2,-4],[-2,-3,-4],[-2,-3,5],[-1,-3,-5],[-1,-2,3],[1,2,4],[1,-4],[1,2,3]]",5.0,35.0,7.0,95.0,2.7142857142857144,0.4517539514526256,2.0,3.0,0.2857142857142857,0.7142857142857143,0.4947368421052631,1.8547236990991407,1.8547236990991407,1.0,8.5,1.746424919657298,12.0,19.0,2.8284271247461903,16.0,24.0,-0.0121241830065359,0.1246116784265158,-0.125,0.2,4.0,0.0,4.0,4.0,1.4705882352941178,0
sat-01262,3992b7ad39f8963de4b1b893c6c61750b7a5c696f89e2bfd32ebc9ef8e077bba,mixed,4,"[[1,-3,4],[1,3],[3,-4],[-1,2,-4],[1,3,4],[-1,-2,-3],[-1,-2,3],[1,2,-3],[2,3,4],[2,4],[-1,3,-4],[2,-3,-4],[1,-2,-3],[1,-3,-4],[1,2]]",4.0,15.0,3.75,41.0,2.7333333333333334,0.4422166387140533,2.0,3.0,0.2666666666666666,0.7333333333333333,0.5609756097560976,1.0897247358851685,1.118033988749895,1.0,6.166666666666667,1.5723301886761007,9.0,10.25,1.299038105676658,9.0,12.0,0.1237373737373737,0.1847925896613707,-0.1111111111111111,0.3333333333333333,3.0,0.0,3.0,3.0,1.838095238095238,0
sat-02128,d5e971f4e0bfdbf85162397b69b09711cf69e4f395b5ff7437175224e06198f9,mixed,5,"[[1,-3,-4],[-2,3,4],[-1,2,5],[-2,-4],[-1,-2,3],[-1,3],[2,4,-5],[2,3],[1,-2,-4],[1,-2,-3],[2,-4],[-1,3,4],[-1,-3],[3,4,5],[4,5],[-2,-4,-5],[2,5],[1,-2],[-2,4,5]]",5.0,19.0,3.8,49.0,2.5789473684210527,0.4937279747182557,2.0,3.0,0.4210526315789473,0.5789473684210527,0.5306122448979592,0.7483314773547882,2.0591260281974,1.0,4.1,1.8681541692269403,7.0,9.8,2.0396078054371136,7.0,13.0,0.1021867021867021,0.2515704870098966,-0.2307692307692307,0.4285714285714285,4.0,0.0,4.0,4.0,1.3216374269005848,0
sat-01821,430d2d9cec272589491cb59103e682688c8b7e849e751889493986085b951956,mixed,4,"[[1,-3,-4],[1,2,3],[-1,3,-4],[-1,3],[-2,-3,4],[1,-2,-4],[1,4],[-2,-3],[1,-3],[1,-2,4],[1,-2],[-1,-4],[-3,4],[2,4],[1,3],[-2,-3,-4],[2,3,4],[-1,4],[-3,-4],[1,2],[-1,2]]",4.0,21.0,5.25,50.0,2.380952380952381,0.4856209060564557,2.0,3.0,0.6190476190476191,0.3809523809523809,0.52,1.6583123951777,0.7071067811865476,1.0,6.166666666666667,0.6871842709362768,7.0,12.5,1.118033988749895,11.0,14.0,0.0262654012654012,0.1738048965058975,-0.1666666666666666,0.2857142857142857,3.0,0.0,3.0,3.0,1.380952380952381,0
sat-01155,8fd747fe76bbbab0ddd992c2c15c727d9fd077d2b8a952e9752ab83ac22298d5,2sat,5,"[[-1,2],[-1,-2],[-4,-5],[2,3],[3,5],[1,2],[-1,5],[1,-3],[-2,3],[-1,-5],[1,3],[-2,-4],[-2,-5],[2,-3],[-4,5],[-2,-3],[4,-5]]",5.0,17.0,3.4,34.0,2.0,0.0,2.0,2.0,1.0,0.0,0.4411764705882353,1.095445115010332,0.7483314773547882,0.8,1.7,1.268857754044952,4.0,6.8,1.6,4.0,9.0,-0.1507936507936507,0.2048787657176197,-0.5,0.1428571428571428,3.2,0.7483314773547882,2.0,4.0,0.7720588235294118,0
sat-00974,052fdf2789ba304f780568f0c425e4a45befbe96e9fb48e5772266c6c9ce977b,mixed,4,"[[-1,2,3],[-1,-3,4],[1,2,3],[2,-3],[-1,-2,4],[1,-2,4],[1,3],[-1,-2,-4],[2,-4],[1,-2],[-1,3],[-2,-4],[1,-3],[-1,-2,-3],[1,2,4]]",4.0,15.0,3.75,38.0,2.533333333333333,0.498887651569859,2.0,3.0,0.4666666666666667,0.5333333333333333,0.5,0.82915619758885,1.299038105676658,1.0,5.166666666666667,2.266911751455907,8.0,9.5,2.0615528128088303,7.0,12.0,0.0129870129870129,0.0836629787449683,-0.0909090909090909,0.1428571428571428,3.0,0.0,3.0,3.0,1.619047619047619,0
sat-00215,23b0c41a623637498865874068e79804ca920675fc2f6ae0b0caf7fdc7153bee,3sat,5,"[[-1,2,4],[-2,4,-5],[-2,4,5],[3,4,5],[2,4,5],[-1,2,3],[2,-3,-5],[-1,-3,4],[1,2,-4],[1,-2,3],[2,4,-5],[3,-4,-5],[-1,2,-3],[-1,3,5],[2,-4,-5],[-3,-4,5],[-2,3,-4],[2,-3,-4],[3,4,-5],[-1,3,-4],[1,-3,-4],[1,2,4],[-2,3,4],[-1,3,4],[1,2,-5],[-1,2,-4],[-1,-2,3]]",5.0,27.0,5.4,81.0,3.0,0.0,3.0,3.0,0.0,1.0,0.5432098765432098,3.1240998703626617,1.3564659966250536,1.0,8.1,2.6248809496813377,12.0,16.2,2.85657137141714,12.0,20.0,0.0550140056022409,0.2457209914514896,-0.2857142857142857,0.3333333333333333,4.0,0.0,4.0,4.0,1.811965811965812,1
sat-02258,22d1eaca480efec592cfe0c5be171353af5a33a9998ae0ccee075d5d9a4cf178,2sat,5,"[[-2,-3],[-3,-5],[3,-5],[-2,5],[2,-3],[4,5],[1,-4],[-1,-4],[-3,5],[-1,5],[-2,4],[-3,-4],[1,-2],[1,3]]",5.0,14.0,2.8,28.0,2.0,0.0,2.0,2.0,1.0,0.0,0.4285714285714285,1.019803902718557,1.16619037896906,1.0,1.4,0.66332495807108,3.0,5.6,0.7999999999999999,5.0,7.0,-0.139047619047619,0.3572431605181007,-0.6,0.3333333333333333,4.0,0.0,4.0,4.0,0.7252747252747253,0
sat-02488,69f8d29af3e41bb49df0a39a04b8e3f7d367d507dc85aec31c2018286da391c6,mixed,4,"[[-1,-2,4],[1,-2],[2,3],[1,3],[2,-3,4],[-1,-3],[2,-4],[1,2,-4],[-1,3,-4],[-1,3,4],[1,3,-4],[-3,4],[-2,4],[2,-3],[1,4],[2,3,4],[-2,-4],[-1,-4],[-3,-4],[2,3,-4],[1,-3,-4],[1,-4]]",4.0,22.0,5.5,53.0,2.409090909090909,0.4916660830178166,2.0,3.0,0.5909090909090909,0.4090909090909091,0.5283018867924528,0.0,2.277608394786075,1.0,6.666666666666667,2.211083193570267,9.0,13.25,2.277608394786075,11.0,17.0,0.0849616070204305,0.1660896389547539,-0.1764705882352941,0.2727272727272727,3.0,0.0,3.0,3.0,1.4502164502164503,0
sat-02747,cbad4630bba84a6ee70a65b31fc4686ebda18e0f0e00f4655d1d935021580f0d,3sat,5,"[[1,3,-5],[-3,4,-5],[2,3,-5],[-3,4,5],[2,3,4],[-1,2,-5],[1,2,3],[-1,-4,-5],[-1,-2,-4],[1,-2,-5],[1,4,-5]]",5.0,11.0,2.2,33.0,3.0,0.0,3.0,3.0,0.0,1.0,0.5151515151515151,1.2,1.939071942966532,1.0,3.3,0.9,5.0,6.6,0.8,6.0,8.0,0.0785714285714285,0.4208026020974356,-0.75,0.3333333333333333,4.0,0.0,4.0,4.0,1.709090909090909,1
sat-00180,e1ba3bdc1cc820f5c5d5d70b99c1bd6a4f2da659603f5137cb694dae85a641b5,mixed,4,"[[3,-4],[-2,3,4],[1,2,-4],[-1,2,-4],[-2,4],[1,3],[-1,-2,-4],[-3,4],[1,-2,-3],[2,-3],[2,-3,-4],[1,-2],[1,-4],[-2,-3],[1,-2,4]]",4.0,15.0,3.75,37.0,2.466666666666667,0.498887651569859,2.0,3.0,0.5333333333333333,0.4666666666666667,0.4594594594594595,1.0897247358851685,1.8708286933869709,1.0,4.833333333333333,1.5723301886761007,7.0,9.25,1.299038105676658,8.0,11.0,-0.0556818181818181,0.3218999478817618,-0.2727272727272727,0.5,3.0,0.0,3.0,3.0,1.4857142857142858,1
sat-00556,33aa4ce8db9f7eef7e3a6af9540b8f032dc70f3f1c29f5170c3d0a2a3b4ebf29,3sat,4,"[[-1,-2,-4],[-1,-3,4],[-2,-3,-4],[-1,-2,4],[1,-2,-4],[-1,3,4],[-1,3,-4],[1,-3,4],[-2,3,-4],[1,-2,3],[-1,-3,-4],[-2,-3,4],[-2,3,4],[-1,2,-3],[1,3,4],[1,-3,-4],[1,2,3],[1,-2,4],[-1,-2,-3],[1,2,-3],[-1,2,3]]",4.0,21.0,5.25,63.0,3.0,0.0,3.0,3.0,0.0,1.0,0.4444444444444444,1.7320508075688772,1.0897247358851685,1.0,10.5,1.5,13.0,15.75,1.299038105676658,14.0,17.0,-0.1198879551820728,0.185435866181652,-0.4285714285714285,0.0666666666666666,3.0,0.0,3.0,3.0,2.2285714285714286,0
sat-00763,fccee501a3bf6e1cd4a2700b58d6e5cfee79f259b09a6341c8853cbae42446b1,3sat,4,"[[-1,-2,4],[-2,-3,-4],[1,-2,-4],[2,-3,4],[1,3,-4],[-1,2,-4],[-1,3,4],[-1,-2,3],[1,-3,-4],[2,-3,-4],[1,2,4],[-1,2,4],[-1,3,-4],[1,-3,4],[1,-2,-3],[-1,2,3],[2,3,-4],[2,3,4],[-1,-2,-3],[1,-2,3],[1,2,-3],[-1,2,-3],[-1,-3,-4]]",4.0,23.0,5.75,69.0,3.0,0.0,3.0,3.0,0.0,1.0,0.4782608695652174,1.0897247358851685,1.224744871391589,1.0,11.5,0.957427107756338,13.0,17.25,0.82915619758885,16.0,18.0,-0.042687908496732,0.1266581979280265,-0.125,0.1764705882352941,3.0,0.0,3.0,3.0,2.2213438735177866,0
sat-01224,fb937e2472c32e4aa72001734c29db7c82bcf40b4defd89f26732a1bc20a4b02,3sat,4,"[[-1,2,-4],[1,-3,-4],[-1,-3,4],[-1,2,4],[-2,3,-4],[1,2,-3],[1,-2,4],[1,-3,4],[-1,-3,-4],[2,3,-4],[-1,3,-4],[1,2,-4],[1,3,-4],[-1,-2,-3],[2,-3,-4],[2,3,4],[-1,2,-3],[-1,-2,4],[-1,-2,3],[-2,3,4],[-1,2,3],[1,-2,-4],[-2,-3,4],[1,-2,-3]]",4.0,24.0,6.0,72.0,3.0,0.0,3.0,3.0,0.0,1.0,0.4583333333333333,0.4330127018922193,0.4330127018922193,1.0,12.0,0.0,12.0,18.0,0.0,18.0,18.0,-0.0833333333333333,0.0481125224324688,-0.1111111111111111,0.0,3.0,0.0,3.0,3.0,2.217391304347826,0
sat-01017,3290c8f516a8e2e38c50b9080efd701e76c4c513744bf4e959ac7f792c5fd06f,3sat,5,"[[2,3,4],[1,-3,5],[2,3,5],[1,2,4],[-2,-4,5],[-1,2,3],[-2,3,-5],[1,3,-4],[-1,4,5],[2,4,5],[1,-2,5],[1,2,-3],[-1,3,-5],[-1,2,4],[-2,-4,-5]]",5.0,15.0,3.0,45.0,3.0,0.0,3.0,3.0,0.0,1.0,0.6444444444444445,0.7483314773547882,0.7483314773547882,1.0,4.5,1.118033988749895,6.0,9.0,1.095445115010332,8.0,11.0,0.2934343434343434,0.1263474462575258,0.1111111111111111,0.5,4.0,0.0,4.0,4.0,1.7428571428571429,1
sat-00597,434169ad40d38a946c4a3e2c5b5b67d9f86c4fd0444d992a9bff7bbbd0b85cec,2sat,5,"[[2,-3],[1,3],[1,-4],[-2,5],[1,-2],[3,5],[-1,-5],[-1,2],[-1,4],[-1,-4],[2,3],[-1,5],[1,-5]]",5.0,13.0,2.6,26.0,2.0,0.0,2.0,2.0,1.0,0.0,0.5384615384615384,0.9797958971132712,1.3564659966250538,0.7,1.3,1.1,3.0,5.2,2.039607805437114,3.0,9.0,0.0911111111111111,0.2870367980883115,-0.3333333333333333,0.5,2.8,0.9797958971132712,1.0,4.0,0.8333333333333334,0
sat-02048,339a2c5d1d67b724d9eea421d9157f8d647585f880c1f7b6d45669a7c9f95b21,3sat,5,"[[2,-3,-4],[1,4,5],[-1,4,5],[1,-2,-5],[-1,-3,4],[2,-4,5],[1,2,-5],[2,3,4],[1,3,5],[2,3,-5],[-2,-4,5],[1,3,-5],[1,2,3],[2,-3,5],[-1,-3,-5],[1,-2,4],[-2,-3,-5],[-3,-4,5],[-2,-3,5],[1,4,-5],[1,-2,5],[1,-2,-3],[2,-3,-5],[-1,2,-5],[1,-3,5],[-1,-2,-3],[-1,3,4],[-1,2,-3],[1,-4,5],[2,4,-5],[-1,-2,-4]]",5.0,31.0,6.2,93.0,3.0,0.0,3.0,3.0,0.0,1.0,0.5161290322580645,2.244994432064365,2.0,1.0,9.3,2.147091055358389,12.0,18.6,2.4979991993593598,14.0,21.0,0.0314285714285714,0.1891285660932045,-0.3333333333333333,0.2,4.0,0.0,4.0,4.0,1.793548387096774,0
sat-02593,a4586b6951ba1ae26e58d84b697f4db6fb31c499f515cfcaf678450126a0f49f,mixed,4,"[[-1,2,3],[1,2],[-1,-2,4],[1,3],[-1,2,4],[2,4],[-2,3,4],[2,-4]]",4.0,8.0,2.0,20.0,2.5,0.5,2.0,3.0,0.5,0.5,0.7,1.118033988749895,1.118033988749895,1.0,2.6666666666666665,1.3743685418725535,5.0,5.0,1.4142135623730951,3.0,7.0,0.4571428571428572,0.4323641700120444,-0.2,1.0,3.0,0.0,3.0,3.0,1.5714285714285714,1
sat-00355,64869f1663adb609080d8cdb81cce4734fad8509daa7c9f1af80ac08f9a8ef04,2sat,5,"[[1,-3],[-2,-3],[-1,2],[-2,5],[-2,3],[-1,-3],[-3,-4],[1,2],[1,-5],[-1,-2],[-2,4],[2,5],[3,4],[1,4],[-1,-5],[3,-5]]",5.0,16.0,3.2,32.0,2.0,0.0,2.0,2.0,1.0,0.0,0.46875,0.6324555320336759,1.3564659966250538,0.9,1.6,0.8,3.0,6.4,1.624807680927192,4.0,8.0,-0.0185714285714285,0.2724641897458775,-0.25,0.5,3.6,0.4898979485566356,3.0,4.0,0.775,0
sat-01887,e3e5cce64610c3390d207bde698c0f39c51e26ab866962b4a93c69aaade7f988,3sat,5,"[[-2,4,5],[2,3,-4],[2,3,-5],[2,-3,4],[-3,-4,-5],[2,-4,-5],[1,2,-4]]",5.0,7.0,1.4,21.0,3.0,0.0,3.0,3.0,0.0,1.0,0.5238095238095238,1.469693845669907,1.4142135623730951,0.8,2.1,1.5132745950421556,5.0,4.2,1.833030277982336,1.0,6.0,0.1666666666666666,0.5773502691896258,-0.5,1.0,3.2,0.7483314773547882,2.0,4.0,2.0,1
sat-02650,8097eff7556d45f87ebcd89980c2449839e24214b9f7aba705b3db64c13a89e8,2sat,5,"[[1,-4],[-1,2],[1,3],[-2,-4],[2,4],[-1,5],[3,-5],[4,5],[2,3],[2,-5],[2,-3],[2,-4],[3,5],[-1,-5],[-1,-2],[1,5],[4,-5],[2,5],[-1,-4],[3,4],[1,4],[-3,5],[-2,4],[-4,-5],[-2,5],[1,2],[3,-4],[1,-3],[-2,-3],[-3,4],[-1,-3],[-2,3],[1,-2]]",5.0,33.0,6.6,66.0,2.0,0.0,2.0,2.0,1.0,0.0,0.5454545454545454,0.3999999999999999,0.6324555320336759,1.0,3.3,0.458257569495584,4.0,13.2,0.9797958971132712,12.0,15.0,0.0928205128205128,0.0371361374158598,0.0666666666666666,0.1666666666666666,4.0,0.0,4.0,4.0,0.7670454545454546,0
sat-01362,8bd78a4317f4f2d9bcdf2dbd5272213f9b48bedde37f31a457cbcaa007b925fb,mixed,4,"[[-1,2,-4],[1,3,4],[-1,-3,-4],[-2,3],[1,-2],[2,3,4],[1,4],[2,-4],[-3,-4]]",4.0,9.0,2.25,22.0,2.4444444444444446,0.4969039949999532,2.0,3.0,0.5555555555555556,0.4444444444444444,0.5454545454545454,0.0,0.8660254037844386,1.0,2.833333333333333,0.8975274678557507,4.0,5.5,0.8660254037844386,5.0,7.0,0.1142857142857143,0.148461497791618,-0.1428571428571428,0.2,3.0,0.0,3.0,3.0,1.4166666666666667,1
sat-02632,f0a20d42b6691ded285ea54986bbb46e39081d6950ba7a166f77109a567c577d,3sat,5,"[[-1,3,4],[-1,-2,-3],[-1,2,5],[2,-3,5],[-1,-3,-5],[2,-3,4],[1,2,-3],[1,2,-4],[1,3,-5],[-1,-4,5],[-1,2,-3],[-1,2,3],[1,3,-4],[-1,-2,5],[-2,3,5]]",5.0,15.0,3.0,45.0,3.0,0.0,3.0,3.0,0.0,1.0,0.5111111111111111,1.624807680927192,2.244994432064365,1.0,4.5,2.1563858652847827,8.0,9.0,2.6076809620810595,5.0,12.0,0.0408658008658008,0.3145469678463828,-0.3333333333333333,0.4285714285714285,4.0,0.0,4.0,4.0,1.876190476190476,1
sat-01343,6f536035c786e201e86d9214a556a5da24ef53e9c286f515fbd432f5f2058c07,mixed,5,"[[-3,-4,-5],[-1,-3],[2,3,4],[-2,-3,-4],[3,-5],[3,4,-5],[1,-3,5],[2,3,-4],[1,-2,5],[-2,4,-5],[1,2,-3],[-3,4],[-1,-4,-5],[-3,-4],[-1,2],[2,-5],[-1,-5],[1,5],[1,3,5],[2,3,-5],[-4,-5]]",5.0,21.0,4.2,54.0,2.571428571428572,0.4948716593053935,2.0,3.0,0.4285714285714285,0.5714285714285714,0.4629629629629629,0.8944271909999159,2.1354156504062622,1.0,4.5,1.6278820596099706,7.0,10.8,1.833030277982336,9.0,13.0,-0.0434188034188034,0.2481439024106807,-0.3846153846153846,0.3333333333333333,4.0,0.0,4.0,4.0,1.3,1
sat-01625,3d7ffd19bd5e434ade4f848e39f51e7bfd89bf881cfa6e3ae461d0cc4d05d41b,3sat,5,"[[1,-2,-3],[-1,4,-5],[3,4,5],[-1,-2,5],[1,-2,3],[1,-3,-5],[2,-3,-4],[1,2,-4],[1,-3,4],[-1,3,5],[2,-4,-5],[1,-4,-5],[2,4,5],[2,-3,5],[-2,-4,5],[3,-4,-5],[-1,4,5],[1,3,-5],[-2,4,5]]",5.0,19.0,3.8,57.0,3.0,0.0,3.0,3.0,0.0,1.0,0.543859649122807,1.16619037896906,0.7483314773547882,1.0,5.7,1.4866068747318506,9.0,11.4,1.4966629547095764,10.0,14.0,0.0831168831168831,0.1097690732941061,0.0,0.2727272727272727,4.0,0.0,4.0,4.0,1.7660818713450293,1
sat-00903,70daf819358de04e7450274e8688e5874f3939dc25848bd4bc0697d041138c8b,2sat,4,"[[-3,4],[1,4],[1,-3],[-2,4],[1,-2],[3,4],[-2,-3],[2,-3],[3,-4],[-1,3],[-1,-2],[-1,4],[1,2],[-3,-4]]",4.0,14.0,3.5,28.0,2.0,0.0,2.0,2.0,1.0,0.0,0.5,1.118033988749895,1.118033988749895,1.0,2.333333333333333,0.9428090415820634,4.0,7.0,0.7071067811865476,6.0,8.0,-0.0029761904761904,0.3072691462403807,-0.3333333333333333,0.4285714285714285,3.0,0.0,3.0,3.0,0.934065934065934,0
sat-00041,c14891096f100d9426a902cbe6150ca2d6918aad53b6cbf7078229546cfa2c8e,mixed,5,"[[-2,4],[1,2,4],[-3,-5],[-2,4,5],[-2,3,-4],[2,3,4],[2,-3,4],[1,-2,-3],[-2,-4,-5],[-2,3,-5],[-3,4,5],[-2,3,4],[-1,-2,-4],[1,2,-4],[1,-2],[-1,3,-4],[4,5],[1,-2,-5],[1,-3,-5],[-2,3],[2,-3,5],[-1,3,5]]",5.0,22.0,4.4,61.0,2.772727272727273,0.419070202604222,2.0,3.0,0.2272727272727272,0.7727272727272727,0.5081967213114754,1.16619037896906,2.683281572999748,1.0,5.6,2.0099751242241783,10.0,12.2,2.481934729198171,9.0,16.0,0.0532051282051282,0.2436201060699328,-0.375,0.3333333333333333,4.0,0.0,4.0,4.0,1.5454545454545454,0
sat-02114,9fc33ec8ba6914102d640c78f759672ab3f1b10f642af52ec1ab050786b2dfba,2sat,4,"[[2,-4],[-3,-4],[-1,2],[1,4],[-1,3],[-2,-4],[1,-2],[-1,-3],[2,3],[-1,4]]",4.0,10.0,2.5,20.0,2.0,0.0,2.0,2.0,1.0,0.0,0.45,0.4330127018922193,0.82915619758885,1.0,1.6666666666666667,0.4714045207910317,2.0,5.0,0.7071067811865476,4.0,6.0,-0.0833333333333333,0.202072594216369,-0.3333333333333333,0.2,3.0,0.0,3.0,3.0,0.9111111111111112,0
sat-01541,c152dc3ee804cac818647de66fff386211da59d87b93464cd65b6e86f2834312,mixed,5,"[[-4,5],[3,-4],[-3,-4],[-2,4,-5],[1,4],[-1,2],[-2,3,5],[-1,3,-4],[1,-2,5],[1,3,5],[1,-4],[1,3],[2,-3],[1,-3,-5],[1,5],[-1,2,-4]]",5.0,16.0,3.2,39.0,2.4375,0.4960783708246107,2.0,3.0,0.5625,0.4375,0.5641025641025641,1.743559577416269,1.3564659966250536,1.0,3.0,0.7745966692414834,4.0,7.8,1.32664991614216,6.0,10.0,0.1157142857142857,0.3432854467628706,-0.5,0.4285714285714285,4.0,0.0,4.0,4.0,1.1416666666666666,1
sat-00882,d3783889a95c8630d030e71c7b7e96cb4d40688853161c93eb4ecbae803e412d,mixed,4,"[[1,3,-4],[-1,-2,-3],[-1,2,-3],[3,4],[-2,3,-4],[-1,-4],[-1,2],[-1,3,-4],[-2,-3,-4],[1,2,4],[-2,-3],[1,2,3],[-1,-2,3],[2,3,-4],[-1,2,3],[1,2,-3],[3,-4]]",4.0,17.0,4.25,46.0,2.7058823529411766,0.4556450995538137,2.0,3.0,0.2941176470588235,0.7058823529411765,0.4782608695652174,2.692582403567252,1.0,1.0,6.833333333333333,2.1921577396609844,10.0,11.5,1.8027756377319943,9.0,14.0,-0.0939754689754689,0.3380484493235633,-0.5555555555555556,0.2857142857142857,3.0,0.0,3.0,3.0,1.8235294117647056,0
sat-01257,50571d047ddcc647e10aa8296e4921a18df80ffea8f0710ad2fae55ec41cdbd2,2sat,4,"[[1,2],[-3,4],[-1,3],[-2,-4],[-2,3],[-2,-3],[2,4],[1,-4],[1,-2],[1,3],[1,-3],[-1,4],[-1,-4],[2,3],[3,-4],[3,4]]",4.0,16.0,4.0,32.0,2.0,0.0,2.0,2.0,1.0,0.0,0.5625,1.118033988749895,0.5,1.0,2.6666666666666665,0.4714045207910317,3.0,8.0,0.7071067811865476,7.0,9.0,0.1101190476190476,0.190731785357287,-0.1428571428571428,0.3333333333333333,3.0,0.0,3.0,3.0,0.9416666666666668,0
sat-02136,ac45e87da3a297d81c81d4784dd053eddd868245c6e5e1189c46ef89972eb9b2,3sat,5,"[[1,2,-3],[2,4,-5],[1,-2,5],[2,4,5],[1,-3,4],[1,-4,5],[2,-3,4],[-1,-2,4],[1,-2,-4],[-1,-2,-5],[2,-3,5],[1,4,-5],[2,-4,5],[1,-2,-3],[2,3,-5],[1,-2,4],[-2,3,-4],[-1,-4,5],[1,2,4],[1,2,5],[2,3,-4],[-1,-2,-3],[3,4,5],[2,-4,-5],[-2,3,-5],[-1,2,3],[1,-3,5],[2,-3,-5],[-2,-3,-4],[1,3,4],[-2,4,5],[-1,3,4],[-2,-3,4],[-2,-4,-5]]",5.0,34.0,6.8,102.0,3.0,0.0,3.0,3.0,0.0,1.0,0.5490196078431373,1.9390719429665315,2.315167380558045,1.0,10.2,2.712931993250108,15.0,20.4,3.2,18.0,26.0,0.103030303030303,0.1521736532142746,-0.1111111111111111,0.3333333333333333,4.0,0.0,4.0,4.0,1.8092691622103387,0
sat-01018,7373a46af296ffecb32feadeb9240ab720e4e887f03635c99a002b9ab93edfbe,3sat,4,"[[1,2,3],[-1,2,-3],[-2,-3,4],[2,-3,-4],[-1,-3,4],[-2,3,-4],[1,3,4],[1,-2,-3],[-2,3,4],[-2,-3,-4],[2,3,-4],[1,-2,3],[1,-3,-4],[1,-2,-4],[1,-3,4],[1,2,-4],[1,3,-4],[-1,-3,-4],[2,3,4],[-1,2,4]]",4.0,20.0,5.0,60.0,3.0,0.0,3.0,3.0,0.0,1.0,0.5166666666666667,0.82915619758885,2.0463381929681126,1.0,10.0,1.8257418583505536,13.0,15.0,1.5811388300841898,13.0,17.0,0.0501979638009049,0.1980750232968995,-0.125,0.3846153846153846,3.0,0.0,3.0,3.0,2.236842105263158,0
sat-01998,4bf737e6cc941d05999e2a1fabeb900c25ca3f8bcdd34db86ca4fe459b7e4b39,mixed,5,"[[-1,-2,-5],[-1,2,-4],[1,2],[1,5],[2,5],[-1,4],[1,3],[-1,-3,-5],[-1,-3,4],[-3,4,5],[1,-3,4],[3,4,-5],[2,3,-4],[1,-2,5],[-2,-3],[-1,-3],[1,2,-3],[-1,-2,-4],[-2,-4],[-1,-4],[3,-4,-5],[-3,-5],[3,4],[-1,3,-4],[1,-3,-5],[1,-4,-5],[-1,2,4],[1,-2,-3],[2,-4,5],[4,-5],[-1,3,4],[-2,3],[-1,-2,4],[1,4],[-2,4,5]]",5.0,35.0,7.0,91.0,2.6,0.4898979485566356,2.0,3.0,0.4,0.6,0.4725274725274725,2.154065922853801,1.3564659966250536,1.0,7.7,2.193171219946131,12.0,18.2,2.993325909419153,14.0,22.0,-0.0654040404040404,0.1055111613498861,-0.1428571428571428,0.1428571428571428,4.0,0.0,4.0,4.0,1.3529411764705883,0
sat-01844,2cc4306dd4426b2ffa3c79df930f9804313893f02e5c2ab65aabb9df49080a4e,2sat,4,"[[2,4],[1,3],[2,-4],[-3,4],[2,-3],[3,4],[-1,4],[3,-4],[-2,-3],[1,2],[-2,3],[-3,-4],[-1,3],[-1,-2]]",4.0,14.0,3.5,28.0,2.0,0.0,2.0,2.0,1.0,0.0,0.5357142857142857,1.0897247358851685,0.4330127018922193,1.0,2.333333333333333,0.9428090415820634,4.0,7.0,1.4142135623730951,5.0,9.0,0.0492063492063492,0.1444618862659708,-0.2,0.1428571428571428,3.0,0.0,3.0,3.0,0.967032967032967,0
sat-01282,78e5cc681e1b4285b7644efcc4be5823ade671edceb2c20cb798a79b84160a37,mixed,5,"[[3,4,5],[2,3,-4],[1,3,5],[-1,3,4],[-1,2,5],[-2,-3,-5]]",5.0,6.0,1.2,18.0,3.0,0.0,3.0,3.0,0.0,1.0,0.6666666666666666,1.019803902718557,0.4000000000000001,1.0,1.8,0.7483314773547883,3.0,3.6,0.8,3.0,5.0,0.2866666666666667,0.3263263533472111,-0.3333333333333333,0.6,4.0,0.0,4.0,4.0,1.6666666666666667,1
sat-00204,561570bc1dc93e0e3b652248acee7de24938e1db06ef3769cca17810ec6ff48e,3sat,5,"[[-1,-4,-5],[-1,-2,3],[1,2,-3],[3,4,-5],[-1,2,-3],[-1,4,5],[2,3,-5],[-2,-3,-4],[2,-3,-4],[1,-2,-5],[1,3,-4],[-2,3,-5],[-1,-3,5],[2,-3,4],[-1,2,-4],[-2,-3,4],[-2,3,5],[1,-4,-5],[-2,4,-5],[1,-4,5]]",5.0,20.0,4.0,60.0,3.0,0.0,3.0,3.0,0.0,1.0,0.4333333333333333,0.7483314773547882,0.3999999999999999,1.0,6.0,1.4142135623730951,10.0,12.0,0.8944271909999159,11.0,13.0,-0.1368298368298368,0.0756897670351543,-0.2727272727272727,-0.0769230769230769,4.0,0.0,4.0,4.0,1.7473684210526317,1
sat-02568,65db562b2834ba11097f79acd21755516b21e5e5ea00ac02c30341d499ffa68d,mixed,4,"[[-1,2,3],[-1,-2,-3],[1,3,4],[-1,-3,-4],[-1,2,4],[-1,3,4],[2,-3,4],[2,-4],[1,2],[-1,2,-4],[2,3,-4],[-2,-3,4],[-3,4],[1,2,-4],[1,4],[1,-4],[2,-3,-4],[-2,-3,-4],[-2,3],[3,4],[-1,4],[-1,3,-4],[-1,-4],[-1,2,-3],[-1,-2],[1,-3],[-1,-2,-4]]",4.0,27.0,6.75,70.0,2.592592592592593,0.4913518207933925,2.0,3.0,0.4074074074074074,0.5925925925925926,0.4571428571428571,1.5811388300841898,2.29128784747792,1.0,9.833333333333334,1.3437096247164249,12.0,17.5,1.6583123951777,16.0,20.0,-0.0770833333333333,0.2094449510014505,-0.3333333333333333,0.25,3.0,0.0,3.0,3.0,1.660968660968661,0
sat-01781,c8d437cbf4c0b93a9fbd403761953d8680203e6caf7caf8143d90358c04213ce,3sat,5,"[[1,2,4],[-1,-2,-5],[1,-3,-4],[-1,4,5],[2,4,5],[-3,-4,-5],[-3,4,5],[-1,3,4],[1,-2,-3],[1,-4,-5],[1,4,-5],[-1,2,-5],[-2,3,-5],[1,2,-3],[2,-4,-5],[3,-4,-5],[3,4,5],[1,-2,-5],[1,-2,3],[1,3,4],[1,2,3],[2,-3,5],[2,3,-4],[2,-3,4],[1,-2,5],[-2,3,5],[-1,3,-5],[2,4,-5],[2,3,5],[-2,-4,5],[-2,-3,-4],[-1,2,5],[-1,-2,4],[-1,-2,-3],[3,4,-5]]",5.0,35.0,7.0,105.0,3.0,0.0,3.0,3.0,0.0,1.0,0.5428571428571428,0.8,1.624807680927192,1.0,10.5,1.6278820596099706,13.0,21.0,1.4142135623730951,19.0,23.0,0.0906642099319444,0.1043012352304464,-0.0909090909090909,0.2,4.0,0.0,4.0,4.0,1.773109243697479,0
sat-02581,a57e6480ecfd1dac1e8e0f362fa97d0be1ce74a08e438d5bc8871fe976c7bdfc,3sat,5,"[[-2,-3,5],[-1,3,5],[2,3,-4],[2,-3,5],[-2,-3,-5],[-1,-4,-5],[2,-3,-4],[-1,4,-5],[1,2,-4],[-1,4,5],[-1,-2,-5],[1,4,5],[-1,3,-4],[2,4,-5],[-1,3,-5],[1,-3,-5],[-3,-4,5],[-2,3,4],[-1,2,4],[-1,2,-4],[1,-2,-3],[-1,-2,-3],[-3,4,5],[1,-4,-5],[2,-3,-5],[-1,-3,-5],[1,-2,3]]",5.0,27.0,5.4,81.0,3.0,0.0,3.0,3.0,0.0,1.0,0.419753086419753,0.7483314773547882,1.624807680927192,1.0,8.1,1.5132745950421556,10.0,16.2,0.9797958971132712,15.0,17.0,-0.1529411764705882,0.1386262029508122,-0.2941176470588235,0.0666666666666666,4.0,0.0,4.0,4.0,1.7606837606837606,0
sat-02868,262271882310cc742fae23bed2461dd399600f40ea00e48090f95ea4a0beff3b,3sat,4,"[[-1,2,-4],[-1,3,-4],[-1,3,4],[1,-2,-4],[1,3,4],[2,-3,-4],[1,3,-4],[-1,2,-3],[1,-2,4],[-1,-3,-4],[1,-2,-3],[1,-3,4],[-1,-3,4],[1,2,4]]",4.0,14.0,3.5,42.0,3.0,0.0,3.0,3.0,0.0,1.0,0.5,1.299038105676658,1.299038105676658,1.0,7.0,2.6457513110645907,11.0,10.5,2.29128784747792,7.0,13.0,0.0049450549450549,0.1286735294796304,-0.2,0.1428571428571428,3.0,0.0,3.0,3.0,2.3076923076923075,0
sat-02553,93481dec1cad43b42b6a1f2e3a04eb5ef74be8480ed53c78af1003fdb6221a17,2sat,4,"[[-2,-3],[1,2],[-1,-3],[-3,-4],[-1,-2],[1,3]]",4.0,6.0,1.5,12.0,2.0,0.0,2.0,2.0,1.0,0.0,0.3333333333333333,0.7071067811865476,0.7071067811865476,0.6666666666666666,1.0,0.816496580927726,2.0,3.0,1.224744871391589,1.0,4.0,-0.4583333333333333,0.3608439182435161,-1.0,0.0,2.0,0.7071067811865476,1.0,3.0,1.0,1
sat-01212,b95619568609170d36d35805eb3d48bd9555765d9fae2b2ead222d614b5c2a6e,2sat,5,"[[-1,5],[-2,-3],[2,-3],[2,-4],[-3,4],[4,-5],[-3,5],[-4,5],[-3,-5],[1,-4],[4,5],[1,-5],[-4,-5],[1,-3],[-2,-5],[2,-5],[1,3],[1,5],[-1,-2],[2,5],[3,5],[1,-2],[-1,4],[-1,2],[1,2],[2,4],[3,4],[-2,3],[-1,3],[-1,-5],[-1,-3],[-2,-4],[-2,5],[-3,-4],[-1,-4]]",5.0,35.0,7.0,70.0,2.0,0.0,2.0,2.0,1.0,0.0,0.4714285714285714,1.019803902718557,0.4898979485566356,1.0,3.5,0.5,4.0,14.0,0.8944271909999159,13.0,15.0,-0.0615384615384615,0.099121718386458,-0.2307692307692307,0.0666666666666666,4.0,0.0,4.0,4.0,0.7680672268907563,0
sat-00492,b2570f2d08d073e515139b8c8bc47ab472f4c9c7a23cf011fa14b27e66121f89,mixed,4,"[[1,2,-3],[-1,2],[-1,2,4],[1,4],[-1,-2,-3],[-2,-3,-4],[-1,2,-4]]",4.0,7.0,1.75,19.0,2.7142857142857144,0.4517539514526256,2.0,3.0,0.2857142857142857,0.7142857142857143,0.4210526315789473,1.4142135623730951,0.82915619758885,1.0,2.833333333333333,1.2133516482134197,5.0,4.75,1.299038105676658,3.0,6.0,-0.25,0.4930066485916346,-1.0,0.3333333333333333,3.0,0.0,3.0,3.0,1.8571428571428568,1
sat-02708,d29b3ba08f3b488e2724af6c2124fa9927df8890981ddd58352240d7de5f31ef,2sat,5,"[[-1,-4],[-1,5],[-3,-5],[2,5],[-3,5],[3,4],[1,-3],[1,2],[-1,2],[-2,5],[1,-5],[1,-2],[-2,-4],[-1,3],[-1,-3],[-4,-5],[4,5],[-3,4],[4,-5]]",5.0,19.0,3.8,38.0,2.0,0.0,2.0,2.0,1.0,0.0,0.4736842105263157,1.019803902718557,0.8944271909999159,0.9,1.9,0.9433981132056604,3.0,7.6,1.2,6.0,9.0,-0.0571428571428571,0.2061293089618784,-0.4285714285714285,0.1428571428571428,3.6,0.4898979485566356,3.0,4.0,0.7543859649122807,0
sat-00310,912e15bf6e136355d1b98f72f629dcc04dc879bea7e5b837cc62ba3d32d64d54,mixed,5,"[[-3,5],[-1,-2,4],[2,3,-5],[-2,5],[1,3,5],[1,2,4],[2,-3,4],[1,-2,-4],[-2,-3,4],[2,-4,-5],[-2,3,5],[-1,4,-5],[2,-5],[2,3,4],[4,-5],[3,-4,5],[1,3],[1,-3],[3,4,5],[1,-5],[-3,4,5],[3,4],[2,4],[-1,-3],[-1,-3,4],[-3,-4],[-3,-4,-5],[2,5]]",5.0,28.0,5.6,72.0,2.571428571428572,0.4948716593053935,2.0,3.0,0.4285714285714285,0.5714285714285714,0.5833333333333334,1.9595917942265424,1.7888543819998317,1.0,6.0,2.1447610589527217,10.0,14.4,2.65329983228432,10.0,17.0,0.1700754147812971,0.158796114166533,-0.0588235294117647,0.4117647058823529,4.0,0.0,4.0,4.0,1.3227513227513228,1
sat-02079,a59e196f57783996ab3ae4a08913e0c64c56dc43c5d549c9b59971fd9040fb5d,2sat,5,"[[1,-4],[-1,4],[-4,5],[2,4],[-2,3],[-1,-4],[-3,4],[-3,-5],[-2,5],[-3,5],[2,3],[-2,-5],[3,4],[-1,2],[-3,-4],[2,5],[3,5],[-2,-3],[1,-3],[-4,-5],[-1,-5],[-1,3]]",5.0,22.0,4.4,44.0,2.0,0.0,2.0,2.0,1.0,0.0,0.4545454545454545,1.095445115010332,0.7483314773547882,1.0,2.2,0.8717797887081347,3.0,8.8,1.32664991614216,7.0,11.0,-0.1038961038961038,0.1803647904655527,-0.4285714285714285,0.1111111111111111,4.0,0.0,4.0,4.0,0.7619047619047619,0
sat-02715,93df29196e3c3341ea5a4da082bceece0280014984ca5a4fd1b296846bb4f879,2sat,5,"[[2,3],[2,-4],[-3,4],[1,-5],[1,3],[3,4],[-4,5],[-3,5],[2,4],[3,5],[1,2],[-1,-5],[-2,-5],[2,5],[-1,-4],[1,4],[-2,3],[4,-5],[1,5]]",5.0,19.0,3.8,38.0,2.0,0.0,2.0,2.0,1.0,0.0,0.6578947368421053,0.0,0.8,1.0,1.9,0.5385164807134505,3.0,7.6,0.8,7.0,9.0,0.3293650793650793,0.1291969888579341,0.1111111111111111,0.4285714285714285,4.0,0.0,4.0,4.0,0.7426900584795322,0
sat-00056,9f9415d310ab4ed0e7f0efd900db0e28e31acf2febc1e8cd0bfb79b1f26e09fc,mixed,4,"[[1,-2,-3],[1,2,-4],[-2,3,-4],[1,-4],[-1,2,3],[-2,3],[2,-4],[2,3],[2,-3],[2,3,-4],[-1,-3,4],[-1,2,4]]",4.0,12.0,3.0,31.0,2.583333333333333,0.4930066485916347,2.0,3.0,0.4166666666666667,0.5833333333333334,0.5483870967741935,1.920286436967152,0.8660254037844386,1.0,4.333333333333333,1.3743685418725535,7.0,7.75,1.479019945774904,6.0,10.0,0.0553571428571428,0.3138135658024246,-0.4285714285714285,0.4,3.0,0.0,3.0,3.0,1.6515151515151516,1
sat-00185,730b0a0953284704a770f469c24fd7219d0242366d96556b93edc77f32fac5c5,mixed,5,"[[1,3],[-2,-3,-4],[1,2,3],[-1,-2,4],[-1,3,5],[-1,-3,-5],[-1,-2,5],[-1,-4],[-2,-3],[-1,4,5],[-3,4]]",5.0,11.0,2.2,29.0,2.636363636363636,0.4810456929208346,2.0,3.0,0.3636363636363636,0.6363636363636364,0.4137931034482758,0.8,1.743559577416269,1.0,2.5,1.02469507659596,4.0,5.8,1.469693845669907,4.0,8.0,-0.1085714285714285,0.4150829767058875,-0.6,0.5,4.0,0.0,4.0,4.0,1.3636363636363635,1
sat-01002,b9e5b1118bebc02ff8dbcf0a70baf75dc0c6147e4628d735720c77f806c6f9c5,2sat,5,"[[-4,-5],[-1,2],[1,-3],[-1,3],[-1,-2],[-2,-4],[-1,-3],[-1,4],[1,3],[-3,4],[-2,-5],[-2,4],[4,-5],[1,2],[3,4],[1,-2],[-1,-5],[-3,-4],[2,-4],[2,4],[-2,3],[2,5],[-2,5],[2,-3],[-4,5],[2,-5],[1,-5],[4,5],[-2,-3],[-3,-5],[3,-4],[-1,-4],[-3,5],[2,3],[3,-5]]",5.0,35.0,7.0,70.0,2.0,0.0,2.0,2.0,1.0,0.0,0.4571428571428571,1.2,0.4898979485566356,1.0,3.5,0.806225774829855,4.0,14.0,1.4142135623730951,12.0,16.0,-0.0928205128205128,0.092085201949857,-0.2307692307692307,0.0,4.0,0.0,4.0,4.0,0.773109243697479,0
sat-01272,954a31277f6aa31fa13e7cfbfd9c4d59ba51e2ab398b8ff850ca42222c0778b9,mixed,5,"[[2,-5],[-2,-3],[-2,-3,-5],[-2,-5],[-2,4,-5],[2,-3],[1,-4,-5],[-1,2,-5],[-1,4,-5],[1,-2,5],[1,-3,5],[1,2,3],[2,4,5],[-2,3,-4],[1,2],[1,3,5]]",5.0,16.0,3.2,43.0,2.6875,0.4635124054434789,2.0,3.0,0.3125,0.6875,0.5116279069767442,1.3564659966250536,2.039607805437114,1.0,3.8,1.7204650534085253,7.0,8.6,2.576819745345025,5.0,12.0,0.0568831168831168,0.2715179123457127,-0.2727272727272727,0.5,4.0,0.0,4.0,4.0,1.5,1
sat-00764,de981cd95cd5bc4e3da1c480bbb547d0c3f2cf7ccfd736c94070178c216a714d,2sat,5,"[[-1,3],[2,-4],[1,3],[-3,4],[-1,-4],[1,-4],[-4,-5],[-3,-5],[3,-5],[1,2],[-2,-4],[-2,3],[4,5],[-2,-5],[2,4],[2,-5],[-2,5],[4,-5],[-2,4],[1,4],[-1,5],[1,-2],[3,4],[-3,-4],[1,-5]]",5.0,25.0,5.0,50.0,2.0,0.0,2.0,2.0,1.0,0.0,0.5,1.4142135623730951,1.6733200530681511,1.0,2.5,0.806225774829855,4.0,10.0,1.6733200530681511,8.0,13.0,0.012051282051282,0.275246109465339,-0.4,0.3333333333333333,4.0,0.0,4.0,4.0,0.7733333333333333,0
sat-01439,4428f6fc33bddb16795ab7fccf501bebbb7de8f6182eb58235a86916459c3dc9,2sat,5,"[[-1,-3],[4,-5],[2,-3],[1,2],[-2,5],[-3,4],[3,5],[-1,-4],[2,4],[3,-5],[1,-4],[-3,-5],[-2,-3],[1,3],[2,-5],[1,-5],[3,4],[4,5],[2,5],[1,5],[-2,4],[-2,-4],[1,4],[-1,4]]",5.0,24.0,4.8,48.0,2.0,0.0,2.0,2.0,1.0,0.0,0.5833333333333334,1.3564659966250536,0.8944271909999159,1.0,2.4,0.8,4.0,9.6,0.8,9.0,11.0,0.1575757575757575,0.2089322581631983,-0.1111111111111111,0.4545454545454545,4.0,0.0,4.0,4.0,0.7536231884057971,0
sat-01732,184fec27ad822b67743a378d566e37480a2d84157cdac4c67888068c74a8df0f,mixed,5,"[[2,3],[-2,3,-4],[2,-3,4],[-1,-4,5],[-1,3,-5],[-1,-2,-3],[-1,-3,4],[2,-4,-5],[-1,-3,5],[1,2,3],[1,-2,4],[1,-2,3],[-1,3],[-1,2,4],[-4,5],[1,4,-5],[2,4,5],[-2,-4],[1,-5],[1,3,-4],[1,3,-5],[-2,3,-5],[2,3,-5],[1,-4,-5],[-1,-4]]",5.0,25.0,5.0,69.0,2.76,0.4270831300812524,2.0,3.0,0.24,0.76,0.5072463768115942,2.0,1.6,1.0,6.3,1.676305461424021,9.0,13.8,1.32664991614216,12.0,16.0,0.0058608058608058,0.2533527810389283,-0.3333333333333333,0.4285714285714285,4.0,0.0,4.0,4.0,1.4866666666666666,0
sat-00859,0e5f2bc0b62a58b86061ad1e490c800655c0de94aee87c342b95500f6db3d9e8,3sat,5,"[[3,-4,-5],[-2,3,-5],[-2,3,4],[-2,4,5],[-1,-2,4],[-1,-2,3],[-1,2,4],[-2,-3,5],[1,-4,5],[1,2,4],[1,-4,-5],[-2,3,5],[1,2,-4],[-1,4,-5],[1,3,-5],[-1,3,-5],[1,3,-4],[1,2,5],[-1,3,4],[-1,-2,-5],[1,2,3],[-2,-3,-5],[-1,-3,-4],[1,3,5],[-2,-4,-5],[1,-2,-4],[-2,-4,5]]",5.0,27.0,5.4,81.0,3.0,0.0,3.0,3.0,0.0,1.0,0.4938271604938271,2.1908902300206643,2.9257477676655586,1.0,8.1,1.5132745950421556,11.0,16.2,1.32664991614216,14.0,18.0,0.0041549953314659,0.3285087957229157,-0.4117647058823529,0.5714285714285714,4.0,0.0,4.0,4.0,1.7663817663817665,1
sat-00752,5a1e95eb6ffc848819f6b73bb8e7c0308be67b1671e48bb53ff089acfe50e8b5,mixed,4,"[[-1,-2,4],[1,-2,-3],[-1,-3,-4],[1,-3],[-1,3,-4],[-1,2,3],[-2,3],[1,2,-4],[-1,-2,-4],[-2,-3],[-2,3,4],[-1,3],[2,3,4],[1,-2],[-2,4],[-1,-2,3],[1,2],[2,-3,4],[2,-4],[3,-4],[1,4],[-1,-4],[1,2,-3],[2,3],[1,-4],[-1,-2]]",4.0,26.0,6.5,64.0,2.4615384615384617,0.4985185152621431,2.0,3.0,0.5384615384615384,0.4615384615384615,0.484375,1.0897247358851685,1.479019945774904,1.0,8.333333333333334,1.3743685418725535,10.0,16.0,1.5811388300841898,14.0,18.0,-0.0281979458450046,0.1351236038693807,-0.1428571428571428,0.2,3.0,0.0,3.0,3.0,1.4923076923076923,0
sat-01771,940c5d71677af72c22d613f99e45089fb08645bf6e828616feb215091d5eaba1,2sat,5,"[[-1,3],[-1,-2],[1,5],[-3,-4],[-2,3],[-1,2],[2,-4],[-2,-5],[-2,5],[1,-2],[1,2],[-2,-4],[1,-3],[2,4],[-4,5],[1,3],[2,-5],[-1,-4]]",5.0,18.0,3.6,36.0,2.0,0.0,2.0,2.0,1.0,0.0,0.4722222222222222,1.4966629547095769,1.6,0.9,1.8,1.2489995996796797,4.0,7.2,2.4,5.0,11.0,-0.0492929292929292,0.3264676467508898,-0.6666666666666666,0.2,3.6,0.4898979485566356,3.0,4.0,0.8235294117647058,0
sat-01150,cf0a261d6d26a5d7600d0616c91767516ef9074a0be056e52a53ea4b3f2258c9,3sat,5,"[[2,-3,-5],[-1,2,4],[-1,3,5],[1,3,-4],[2,-3,5],[-2,4,5],[3,-4,-5],[-2,-3,4],[2,3,4],[-3,4,-5],[2,3,5],[-1,-2,-3],[1,-3,-5],[1,-2,5],[-2,-4,-5],[-1,3,4],[-3,-4,-5],[-1,-2,4],[-1,-3,-5],[-1,2,-4],[1,2,5],[1,3,4]]",5.0,22.0,4.4,66.0,3.0,0.0,3.0,3.0,0.0,1.0,0.5,1.0198039027185568,1.0198039027185568,1.0,6.6,1.2,9.0,13.2,0.9797958971132712,12.0,15.0,-0.0005128205128205,0.1395060319085021,-0.1666666666666666,0.2307692307692307,4.0,0.0,4.0,4.0,1.7532467532467533,0
sat-02517,55c471d8bb348c6c8d678fa8515f127cec51415c50881ca7c777dbb895a778bf,mixed,5,"[[-1,-2,3],[-2,-3,-5],[-3,-4,-5],[-1,5],[1,-2,-4],[-4,5],[1,-3,-5],[2,4,-5],[1,-2,3],[2,5],[-1,3,-5],[-1,3,5],[-1,2,-5],[-3,4,-5],[1,2,4],[-1,-3,5],[1,-3,-4],[-1,2,-3],[-1,3],[2,3],[-1,-4,5],[3,-4,-5]]",5.0,22.0,4.4,61.0,2.772727272727273,0.419070202604222,2.0,3.0,0.2272727272727272,0.7727272727272727,0.4426229508196721,1.3564659966250536,1.7204650534085253,1.0,5.6,1.8547236990991407,9.0,12.2,2.2271057451320084,9.0,14.0,-0.1123809523809523,0.1949382133638206,-0.3333333333333333,0.2,4.0,0.0,4.0,4.0,1.5324675324675323,1
sat-02072,4125d974bd32abdb22d2f8d075b655519c1688002c1b0b119e6218c03e756906,3sat,5,"[[1,-3,-5],[-1,2,4],[2,-3,-4],[1,-4,-5],[-1,-2,-3],[-2,3,4],[-1,-3,5],[-2,3,-4],[2,3,-5],[-1,-2,-5],[-1,2,3],[1,-3,4]]",5.0,12.0,2.4,36.0,3.0,0.0,3.0,3.0,0.0,1.0,0.4166666666666667,1.095445115010332,0.7483314773547882,1.0,3.6,1.3564659966250538,6.0,7.2,1.469693845669907,5.0,9.0,-0.1922222222222222,0.2236509626324459,-0.6,0.0,4.0,0.0,4.0,4.0,1.7727272727272727,1
sat-01231,1eef3f72dc56260e815448f65e8b22206b57ae4f0aa780a82eadfc142575b10c,mixed,4,"[[-1,-3,4],[2,-3],[1,-3,4],[-2,3,-4],[1,-3,-4],[-2,3],[-1,4],[-3,4],[2,-4],[-1,-2,-4],[-2,-4],[1,-3],[3,-4],[1,-2],[-1,3,4],[-2,4],[-1,2,3],[2,3,4],[-3,-4],[-2,3,4],[2,3]]",4.0,21.0,5.25,51.0,2.4285714285714284,0.4948716593053935,2.0,3.0,0.5714285714285714,0.4285714285714285,0.4901960784313725,1.7853571071357126,0.8660254037844386,1.0,6.5,2.0615528128088303,10.0,12.75,2.48746859276655,9.0,15.0,-0.0361111111111111,0.1046378233435409,-0.1666666666666666,0.0666666666666666,3.0,0.0,3.0,3.0,1.4857142857142858,0
sat-00254,79bb818a82b81ed5bb101fb16182eabce7b4f5eeac13bb871a145ba04a8cdcc2,3sat,4,"[[1,3,4],[1,2,-4],[-1,-2,4],[-1,2,4],[-2,3,-4],[-1,3,4],[-1,-2,-3],[-2,-3,-4],[-2,3,4],[1,-2,-4],[1,-2,3],[1,-3,-4],[-2,-3,4],[-1,-2,-4],[2,-3,-4]]",4.0,15.0,3.75,45.0,3.0,0.0,3.0,3.0,0.0,1.0,0.4222222222222222,1.0897247358851685,1.6583123951777,1.0,7.5,1.5,10.0,11.25,1.299038105676658,10.0,13.0,-0.1442307692307692,0.2077902190862914,-0.5,0.0,3.0,0.0,3.0,3.0,2.2285714285714286,1
sat-02295,b72971c2e2409837096447ae1419d01ca12c8c75c4a81921ec635332ea3caa1b,3sat,4,"[[1,2,4],[-1,3,-4],[-2,-3,4],[1,2,3],[1,-3,4],[1,3,-4],[-1,-2,-4],[-2,-3,-4],[-1,-2,3],[1,-2,-3],[1,3,4],[-1,2,3],[1,-2,-4],[2,-3,4],[1,-3,-4],[-1,-2,4],[-1,-3,4],[-2,3,4],[-2,3,-4],[2,3,4],[1,-2,3],[1,2,-4],[-1,2,-4],[-1,-2,-3],[1,2,-3],[2,-3,-4],[-1,3,4],[-1,2,4]]",4.0,28.0,7.0,84.0,3.0,0.0,3.0,3.0,0.0,1.0,0.5119047619047619,0.4330127018922193,0.4330127018922193,1.0,14.0,0.0,14.0,21.0,0.0,21.0,21.0,0.0238095238095238,0.0412393049421161,-0.0476190476190476,0.0476190476190476,3.0,0.0,3.0,3.0,2.2222222222222223,0
sat-01689,1ce5bbf2235f95c492e00fff8d34eb5e8b2ad99d4c285983132a923ed5bb607f,3sat,4,"[[1,2,-3],[-1,2,-4],[-1,-3,4],[-1,-2,4],[-1,2,4],[-1,2,-3],[1,2,4],[1,-2,-4],[-1,3,-4],[-1,-2,-3],[1,2,3],[1,-2,-3],[-1,-2,-4],[2,3,4],[-1,-3,-4],[1,-2,3],[1,-3,-4],[1,-2,4]]",4.0,18.0,4.5,54.0,3.0,0.0,3.0,3.0,0.0,1.0,0.4629629629629629,1.479019945774904,1.0897247358851685,1.0,9.0,2.6457513110645907,13.0,13.5,2.29128784747792,11.0,17.0,-0.0828877005347593,0.1122039318628731,-0.2727272727272727,0.0,3.0,0.0,3.0,3.0,2.2745098039215685,0
sat-02112,0062ac039fafee5eed724de94557a30b832fc5753751615b74ebae01c42681fe,3sat,5,"[[-2,3,-4],[1,-2,-4],[1,4,-5],[1,-2,5],[1,-3,5],[-1,-3,4],[-2,-4,5],[-1,-2,5],[-1,4,-5],[-1,2,5],[1,-3,-5],[-1,-2,3],[3,-4,5]]",5.0,13.0,2.6,39.0,3.0,0.0,3.0,3.0,0.0,1.0,0.4615384615384615,1.743559577416269,1.16619037896906,1.0,3.9,1.3,7.0,7.8,1.469693845669907,6.0,10.0,-0.1047619047619047,0.342592490449618,-0.7142857142857143,0.3333333333333333,4.0,0.0,4.0,4.0,1.7692307692307692,1
sat-00209,1c8dcd699c482c481b427e80537fc8881867bda4b3e120c8cd29054a7b92f520,2sat,5,"[[-2,-4],[-2,4],[1,-2],[3,5],[-3,-5],[-1,2],[1,5],[1,-4],[-4,5],[-1,5],[1,3],[1,-5],[-1,3],[3,-4],[4,-5],[-1,-3],[2,3],[-2,3],[1,-3],[2,5]]",5.0,20.0,4.0,40.0,2.0,0.0,2.0,2.0,1.0,0.0,0.55,1.624807680927192,0.4898979485566356,1.0,2.0,0.8944271909999159,4.0,8.0,1.4142135623730951,6.0,10.0,0.0614285714285714,0.2554458997708723,-0.3333333333333333,0.3333333333333333,4.0,0.0,4.0,4.0,0.7631578947368421,0
sat-02345,028b44281594b9c98d5b05a07a7281ca596e70e0999cd1626471f3a2fb35678c,3sat,4,"[[1,-2,-3],[1,-2,-4],[-2,-3,4],[2,-3,-4],[-2,-3,-4],[1,3,-4],[1,-2,4],[-1,2,-3],[1,-3,-4],[2,3,4],[1,2,-4],[2,3,-4],[1,2,-3],[-1,-2,3],[-1,2,4],[-1,-2,-3],[-1,2,3],[1,3,4],[-2,3,4],[1,-3,4],[-1,-2,4]]",4.0,21.0,5.25,63.0,3.0,0.0,3.0,3.0,0.0,1.0,0.5079365079365079,0.7071067811865476,1.299038105676658,1.0,10.5,0.957427107756338,12.0,15.75,0.82915619758885,15.0,17.0,0.0207107843137254,0.1243120124016003,-0.125,0.2,3.0,0.0,3.0,3.0,2.219047619047619,0
sat-02253,11a57e4fd97e567cd8e337edb2bb13821d629ab1121807ee5b26eac04ae935b2,2sat,5,"[[2,4],[2,-4],[-3,-5],[-1,-5],[1,3],[1,-4],[-4,-5],[-3,4],[-1,-4],[1,-3],[-2,-4],[-4,5],[-1,-2],[2,5],[3,-5],[2,3],[1,2],[4,5],[-1,5],[-2,4],[-2,5],[1,4],[-3,5],[-2,-5],[1,-5],[3,4]]",5.0,26.0,5.2,52.0,2.0,0.0,2.0,2.0,1.0,0.0,0.5192307692307693,0.7999999999999999,0.8944271909999159,1.0,2.6,0.8,4.0,10.4,1.4966629547095764,8.0,12.0,0.04,0.08,0.0,0.2,4.0,0.0,4.0,4.0,0.7692307692307693,0
sat-00242,2aa638dc55cb2bfe5c3d8d91017c3963d8598b02075c8e0a79c98a7729fede5e,3sat,5,"[[-1,2,-4],[-1,-3,5],[2,-3,-4],[-1,3,4],[1,-2,5],[-2,3,-4],[2,-4,5],[-1,2,-3],[1,-2,-4],[1,4,5],[1,-2,4],[-1,2,3],[1,3,5],[-1,3,-5],[-1,-2,-5],[-1,3,5],[1,4,-5],[1,2,-4],[-2,-3,-4],[1,-3,5],[-2,3,-5],[3,-4,-5],[3,4,-5],[-2,-4,5],[2,-3,4]]",5.0,25.0,5.0,75.0,3.0,0.0,3.0,3.0,0.0,1.0,0.5066666666666667,1.0198039027185568,1.2,1.0,7.5,1.3601470508735445,10.0,15.0,0.6324555320336759,14.0,16.0,0.0152380952380952,0.1440080622585584,-0.2,0.2,4.0,0.0,4.0,4.0,1.7533333333333334,0
sat-01207,ef1c11d954f3d909228d6a4c497b5e5e48c9a3da173417cc1a896206a4264d52,3sat,4,"[[-1,2,-3],[-1,-2,3],[1,3,-4],[1,-2,4],[-1,-2,-3],[2,3,-4],[-1,2,4],[-1,2,3]]",4.0,8.0,2.0,24.0,3.0,0.0,3.0,3.0,0.0,1.0,0.5,1.0,1.224744871391589,1.0,4.0,1.4142135623730951,6.0,6.0,1.224744871391589,4.0,7.0,0.0119047619047619,0.2804575949854701,-0.4285714285714285,0.3333333333333333,3.0,0.0,3.0,3.0,2.25,1
sat-01277,d57d90a0ad23de1d413c50978c89a6f21d83ec08a587f4741c6be519f950f02a,3sat,4,"[[2,-3,4],[1,2,3],[1,2,-3],[-2,3,4],[-1,2,-4],[1,-3,4],[1,-2,4],[-1,2,3],[2,3,-4],[-1,-2,-4],[-1,-2,-3],[1,-3,-4],[-1,-2,3],[1,-2,-4],[1,2,4]]",4.0,15.0,3.75,45.0,3.0,0.0,3.0,3.0,0.0,1.0,0.5333333333333333,1.0,0.4330127018922193,1.0,7.5,1.5,10.0,11.25,1.299038105676658,10.0,13.0,0.0608974358974358,0.0686675810436812,0.0,0.1666666666666666,3.0,0.0,3.0,3.0,2.2285714285714286,0
sat-00733,c7bd270ff3d46772e00a566025151b825ae63f55a083ef684d060d4860357751,mixed,5,"[[1,-3,5],[2,3],[-1,2,-4],[-2,4],[1,2,5],[2,5],[3,4,-5],[1,-2,-3],[2,-3,5],[-1,3,-4],[1,3,-5],[-3,-5],[-1,-3,5],[3,4],[-3,-4],[-1,2,3],[-2,4,5],[1,-3,4],[-2,-3],[-2,-4,5],[-2,-5],[1,4,5],[-2,-3,-5],[-1,-2,-3],[-1,-2],[4,5],[2,-4,-5],[-3,4,-5],[-2,3,-4],[3,-5],[-1,4,-5],[-2,3,5]]",5.0,32.0,6.4,85.0,2.65625,0.4749588797990832,2.0,3.0,0.34375,0.65625,0.4823529411764706,1.469693845669907,2.039607805437114,1.0,7.4,1.5620499351813308,10.0,17.0,2.6076809620810595,13.0,20.0,-0.0293027440395861,0.1440671405102092,-0.2222222222222222,0.2,4.0,0.0,4.0,4.0,1.405241935483871,0
sat-01119,d085f059f89096fe9406f93d942fa54ad9c47e68fbff1a2b81f45348b6ebdebd,3sat,4,"[[-1,-3,4],[1,-2,-4],[1,3,4],[-1,3,-4],[-1,2,3],[1,-2,3],[1,2,3],[-1,2,-3],[1,2,-3],[1,-3,-4],[-1,2,4],[-1,-2,-3],[-1,-2,3],[1,2,-4],[1,-3,4],[2,3,4],[-2,-3,-4],[-1,-2,4],[1,-2,4],[2,-3,4],[2,-3,-4],[2,3,-4],[-1,3,4],[-2,-3,4],[-1,-2,-4],[1,3,-4],[-1,-3,-4]]",4.0,27.0,6.75,81.0,3.0,0.0,3.0,3.0,0.0,1.0,0.4938271604938271,0.0,0.82915619758885,1.0,13.5,0.957427107756338,15.0,20.25,0.82915619758885,19.0,21.0,-0.0106516290726817,0.041386597127498,-0.0476190476190476,0.0526315789473684,3.0,0.0,3.0,3.0,2.225071225071225,0
sat-02550,cb81f4496e5530ffe6cace8d7a79a5176922dd1282ef009b1d065cb1b9b13cd2,3sat,4,"[[1,-2,-4],[1,2,4],[2,-3,4],[1,-3,-4],[-1,-3,-4],[1,-2,3],[-2,3,-4],[1,2,-4],[-1,2,-3],[-1,-2,4]]",4.0,10.0,2.5,30.0,3.0,0.0,3.0,3.0,0.0,1.0,0.4666666666666667,1.118033988749895,0.7071067811865476,1.0,5.0,1.0,6.0,7.5,0.8660254037844386,6.0,8.0,-0.0833333333333333,0.2282177322938192,-0.3333333333333333,0.25,3.0,0.0,3.0,3.0,2.2,1
sat-02303,99a993b37152ee68b7777edd6b30dfb0b0067bb050965742c52285dcf458de7b,3sat,4,"[[-1,-3,-4],[1,-2,4],[1,-2,3],[-1,-2,4],[-2,3,-4],[-1,2,-3],[-1,-2,3],[-2,-3,4],[1,3,-4],[-1,-2,-4],[1,2,4]]",4.0,11.0,2.75,33.0,3.0,0.0,3.0,3.0,0.0,1.0,0.4242424242424242,0.8660254037844386,1.479019945774904,1.0,5.5,0.957427107756338,7.0,8.25,0.82915619758885,7.0,9.0,-0.130952380952381,0.2611521172027444,-0.5555555555555556,0.1428571428571428,3.0,0.0,3.0,3.0,2.2,1
sat-02771,93ae8a076dbda6a39a7145a05e6d61f8a59831240df1482df237f5c83b4d57f1,3sat,4,"[[-1,2,-3],[1,3,4],[-2,-3,-4],[2,-3,-4],[1,-2,-3],[1,2,-3],[-1,-2,-4],[-2,-3,4],[-1,-3,4],[1,2,-4],[-1,-2,-3],[-1,-2,3],[-1,3,-4],[-1,-3,-4],[1,-2,4],[1,3,-4],[1,-2,3]]",4.0,17.0,4.25,51.0,3.0,0.0,3.0,3.0,0.0,1.0,0.392156862745098,1.224744871391589,0.82915619758885,1.0,8.5,1.5,11.0,12.75,1.299038105676658,11.0,14.0,-0.2229437229437229,0.1306792973863513,-0.3333333333333333,0.0,3.0,0.0,3.0,3.0,2.2279411764705883,1
sat-00700,b5b265d66a8e54aabf4e0b64aca5d0119332e576646d8ac6c4f6ed6fb99c1369,2sat,4,"[[-3,4],[1,2],[1,-3],[1,3],[-3,-4],[-2,-3],[-1,-3],[-1,2],[-1,-4],[2,-4],[2,4],[-2,4],[-2,3],[-1,-2],[1,-2],[-1,4],[3,4],[2,3],[3,-4],[-2,-4]]",4.0,20.0,5.0,40.0,2.0,0.0,2.0,2.0,1.0,0.0,0.475,0.4330127018922193,0.4330127018922193,1.0,3.333333333333333,0.7453559924999298,4.0,10.0,0.7071067811865476,9.0,11.0,-0.0505050505050505,0.0510076006987983,-0.1111111111111111,0.0,3.0,0.0,3.0,3.0,0.9526315789473684,0
sat-01271,247d0e0682e7b7bfcc7e45125313f70ddc6e1c4b0256c4555f8d5f238a605e69,2sat,5,"[[-3,5],[1,-2],[-1,-3],[1,5],[1,2],[-3,-4],[4,-5],[-3,4],[-1,3],[4,5],[3,-4],[3,4],[2,5],[-2,3],[-3,-5],[-1,-2],[3,-5]]",5.0,17.0,3.4,34.0,2.0,0.0,2.0,2.0,1.0,0.0,0.5294117647058824,1.019803902718557,0.9797958971132712,0.8,1.7,1.268857754044952,4.0,6.8,1.7204650534085255,5.0,10.0,0.0552380952380952,0.1767840708597654,-0.2,0.3333333333333333,3.2,0.7483314773547882,2.0,4.0,0.7794117647058824,0
sat-02298,09222d3af2d48fe0fe62bcb527f7086b95e4517ff2ae3d3a27950f0416955b70,mixed,5,"[[2,-3],[-1,2,5],[1,-3,4],[-2,4,-5],[1,-2,-4],[-1,2],[-1,-3],[-2,-3,4]]",5.0,8.0,1.6,21.0,2.625,0.4841229182759271,2.0,3.0,0.375,0.625,0.4285714285714285,1.1661903789690602,1.2,0.9,1.8,0.8717797887081348,3.0,4.2,1.32664991614216,2.0,6.0,-0.1399999999999999,0.4882622246293481,-1.0,0.5,3.6,0.4898979485566356,3.0,4.0,1.3571428571428572,1
sat-02020,47916c21841de517bfe9db75521bbe503f6451a4421d44ae8fb6c98c87373b1f,3sat,4,"[[1,-3,4],[1,-2,4],[-1,-3,-4],[1,2,-4],[-1,3,4],[-1,-2,3],[-1,-2,-3],[-2,3,-4],[1,-3,-4],[1,3,4],[2,-3,-4],[2,3,4],[1,2,-3],[-1,-3,4],[-1,3,-4]]",4.0,15.0,3.75,45.0,3.0,0.0,3.0,3.0,0.0,1.0,0.4888888888888889,0.8660254037844386,1.0897247358851685,1.0,7.5,2.217355782608345,10.0,11.25,1.920286436967152,8.0,13.0,-0.0192307692307692,0.0333086693763245,-0.0769230769230769,0.0,3.0,0.0,3.0,3.0,2.2666666666666666,0
sat-00236,b333430e180f7892b9c065d11fc32dd5033261ff263a7f14500734b705829a4e,mixed,5,"[[3,-5],[-1,3,-5],[2,-3,-4],[-1,-4],[3,5],[-1,-5],[2,3],[1,3,4],[-1,5],[1,2,3],[-3,-4,5],[-1,2,-5],[2,4],[-1,4,5],[-1,-4,5],[1,-3,5],[-1,-3,5],[-1,2,5],[-2,-3,4],[-1,-2,5],[-1,2,-4],[-3,4,-5],[-1,2,-3],[2,4,5],[3,-4,-5],[1,2,-5],[2,3,4],[-4,-5],[1,4]]",5.0,29.0,5.8,78.0,2.689655172413793,0.4626347539654737,2.0,3.0,0.3103448275862069,0.6896551724137931,0.5384615384615384,2.0591260281974,3.1874754901018454,1.0,6.9,1.5779733838059502,11.0,15.6,1.743559577416269,13.0,18.0,0.1049974861739567,0.3506999632807982,-0.4117647058823529,0.6923076923076923,4.0,0.0,4.0,4.0,1.4211822660098523,0
sat-02264,509260db4e054af4e00b7339b24d61541727ebbd2317dc7f742d71f48f6e1d8e,3sat,5,"[[1,-4,-5],[-2,-4,5],[1,-2,4],[-2,4,-5],[1,2,-4],[2,-3,-5],[2,3,-4],[-2,3,5],[1,3,-5],[2,4,5],[-1,3,-5],[1,-2,-3],[1,3,5],[1,-3,-5],[1,4,5],[-1,3,4],[2,3,5],[-1,3,-4],[1,2,-5],[2,-4,5],[-1,-2,-5],[1,-2,3],[3,4,5],[-1,-4,-5],[1,-2,-5],[-2,-4,-5],[-1,2,3],[-2,-3,5],[-2,3,-4],[-1,2,-3],[-1,4,-5],[-1,-2,5],[-1,3,5],[1,3,4]]",5.0,34.0,6.8,102.0,3.0,0.0,3.0,3.0,0.0,1.0,0.5294117647058824,2.1354156504062622,2.576819745345025,1.0,10.2,1.98997487421324,13.0,20.4,2.154065922853801,17.0,23.0,0.0638868736593867,0.218170695111882,-0.1428571428571428,0.4736842105263157,4.0,0.0,4.0,4.0,1.7843137254901962,0
sat-02278,9fb7d563a98c63941a42930cde57181c1347ff6a282cfd93a14f1d1c8075ace6,mixed,4,"[[-2,3,-4],[-1,-2,-4],[1,-2,-3],[-2,-3,4],[-1,3],[1,-2,3],[-1,-2],[-1,-4],[-1,3,-4]]",4.0,9.0,2.25,24.0,2.6666666666666665,0.4714045207910317,2.0,3.0,0.3333333333333333,0.6666666666666666,0.2916666666666667,1.479019945774904,1.479019945774904,1.0,3.5,0.5,4.0,6.0,0.7071067811865476,5.0,7.0,-0.4238095238095238,0.4838198349107456,-1.0,0.3333333333333333,3.0,0.0,3.0,3.0,1.6944444444444444,1
sat-00371,e1b5cf09532fc1fa2f8496931b7cc0d4e849cacae74452d842640325257e74b0,mixed,4,"[[1,2,3],[-1,2],[2,-3,4],[1,2,-3],[-3,4],[-1,-3,4],[-1,2,4],[2,3,4],[1,-4],[2,-4],[1,3],[-1,2,-4],[1,2],[-2,3,-4],[-1,3,-4],[1,-2,3],[3,4],[-1,-2]]",4.0,18.0,4.5,46.0,2.555555555555556,0.4969039949999532,2.0,3.0,0.4444444444444444,0.5555555555555556,0.6086956521739131,1.224744871391589,1.118033988749895,1.0,6.333333333333333,0.9428090415820632,8.0,11.5,0.5,11.0,12.0,0.2159090909090909,0.1911659527415991,0.0,0.5,3.0,0.0,3.0,3.0,1.5816993464052287,0
sat-01096,8ab3d2f113730a533383e958a6fcb1f2e41e375eb17d814729c78274862f2856,3sat,5,"[[1,-2,5],[-1,-3,-5],[1,-2,-5],[1,2,4],[-1,-2,3],[-3,4,5],[-2,3,-4],[1,3,-5],[2,4,-5],[1,3,5],[1,-2,3],[-1,2,-3],[1,-2,-3],[-1,3,4],[1,-3,-5],[1,2,-5],[2,3,4],[-1,2,-5],[2,3,5],[1,-4,5],[-2,3,4],[-1,4,5],[1,2,3]]",5.0,23.0,4.6,69.0,3.0,0.0,3.0,3.0,0.0,1.0,0.6086956521739131,1.8547236990991407,1.8547236990991407,1.0,6.9,2.4269322199023198,10.0,13.8,2.7129319932501077,9.0,17.0,0.2345500251382604,0.2197959551389137,-0.0769230769230769,0.5555555555555556,4.0,0.0,4.0,4.0,1.818181818181818,1
sat-02940,92210f3db1f440e1512715674f4b948a42927196fc288057fe50634cd39dcd40,3sat,4,"[[-1,-2,4],[-2,3,4],[2,-3,4],[1,3,-4],[1,2,4]]",4.0,5.0,1.25,15.0,3.0,0.0,3.0,3.0,0.0,1.0,0.6666666666666666,0.8660254037844386,0.4330127018922193,1.0,2.5,0.957427107756338,4.0,3.75,0.82915619758885,3.0,5.0,0.3166666666666666,0.2127857555800617,0.0,0.6,3.0,0.0,3.0,3.0,2.2,1
sat-02301,fbc6f82a83aab1e3983453380307d96bb8327d197932abee76b5210e6b2bcade,2sat,4,"[[3,-4],[1,3],[-1,-2],[3,4],[-2,-4],[2,4],[-3,-4],[1,-4]]",4.0,8.0,2.0,16.0,2.0,0.0,2.0,2.0,1.0,0.0,0.5,0.7071067811865476,1.224744871391589,0.8333333333333334,1.3333333333333333,0.9428090415820634,3.0,4.0,1.224744871391589,3.0,6.0,0.0416666666666666,0.3796013991310124,-0.3333333333333333,0.5,2.5,0.5,2.0,3.0,0.9642857142857144,1
sat-02930,d115fe52fab265f6fbeb5e7cad8ca9d7c34b542a14804f00199bb49b9c71b50c,3sat,4,"[[1,-3,4],[-1,-3,4],[1,2,3],[-2,3,-4],[1,2,-3],[-1,-2,3],[1,-2,-4],[-1,2,3],[1,-2,3],[-1,3,4],[2,3,-4],[-2,3,4],[1,2,4],[2,3,4],[1,2,-4],[-1,-2,4],[-1,3,-4],[-1,-3,-4],[-1,-2,-3],[-1,2,4],[1,-2,4],[2,-3,4],[1,-3,-4]]",4.0,23.0,5.75,69.0,3.0,0.0,3.0,3.0,0.0,1.0,0.5507246376811594,0.5,0.82915619758885,1.0,11.5,0.5,12.0,17.25,0.4330127018922193,17.0,18.0,0.1029411764705882,0.076414006216274,0.0,0.1764705882352941,3.0,0.0,3.0,3.0,2.217391304347826,0
sat-00076,df5ef5ebd0f80d0aab9c98bd6f510df5ca7e063a884e5dca0513da93c039b2c2,mixed,5,"[[-1,-4,-5],[-2,3,-5],[1,-3],[1,2,4],[1,-2,-4],[1,-4,5],[1,-3,5],[-2,-4,5],[1,3,-5],[2,-3],[2,3,4],[2,4,-5],[3,-4],[-3,4,5],[-3,-5],[-1,3,-4],[-2,-3,-5],[-1,-4],[-1,2],[4,5],[-2,-5],[1,-3,-4]]",5.0,22.0,4.4,58.0,2.636363636363636,0.4810456929208347,2.0,3.0,0.3636363636363636,0.6363636363636364,0.4655172413793103,0.7999999999999999,1.469693845669907,1.0,5.0,1.095445115010332,7.0,11.6,1.0198039027185568,10.0,13.0,-0.0582750582750582,0.1823240228986992,-0.2307692307692307,0.2727272727272727,4.0,0.0,4.0,4.0,1.341991341991342,0
sat-00598,798607ef537f8a603c9345b9094486ade2d744369112848e9a9ebdb0b9401b3d,2sat,5,"[[-4,-5],[-1,-5],[-2,3],[2,5],[2,-5],[-2,-3],[2,-3],[2,4],[-2,-5],[-1,-2],[4,5],[-1,4],[3,4],[-1,3],[-1,5],[1,3],[-2,4],[-1,2],[-3,-5],[2,-4],[-3,4],[-3,-4],[-1,-4],[4,-5],[-4,5],[1,-2],[1,4],[1,-3],[1,-4],[-2,5],[1,-5],[3,-5],[-2,-4]]",5.0,33.0,6.6,66.0,2.0,0.0,2.0,2.0,1.0,0.0,0.4545454545454545,1.095445115010332,0.7483314773547882,1.0,3.3,0.6403124237432849,4.0,13.2,1.32664991614216,11.0,15.0,-0.0949583749583749,0.0971629592788603,-0.2307692307692307,0.0666666666666666,4.0,0.0,4.0,4.0,0.7708333333333334,0
sat-01113,19688cbf67e8677b820bf056c6041b805584b3b92922e4b3be119fb91a7edd67,3sat,4,"[[-2,-3,-4],[2,-3,4],[-1,2,4],[1,2,-3],[2,-3,-4],[1,-2,4],[-2,3,-4],[2,3,4],[1,2,3],[-1,-2,3]]",4.0,10.0,2.5,30.0,3.0,0.0,3.0,3.0,0.0,1.0,0.5666666666666667,1.0897247358851685,0.82915619758885,1.0,5.0,2.0816659994661326,8.0,7.5,1.8027756377319943,5.0,10.0,0.1357142857142857,0.0817537367304257,0.0,0.2,3.0,0.0,3.0,3.0,2.311111111111111,1
sat-01197,bab7a9c720f8ded0a71f7de8b03949d99667e358dc45a0524acf8f91343a1d1c,3sat,5,"[[-1,3,-4],[2,3,-5],[2,-4,5],[3,4,-5],[1,-3,-5],[1,4,5],[-2,3,-4],[-2,-3,4],[1,-2,4],[-1,2,4],[-1,3,-5],[1,-2,-4],[1,-3,4],[-1,-4,5],[-1,-2,-3],[2,3,5],[-1,3,5],[1,2,5],[-1,-2,4],[1,3,-5],[-1,-3,5]]",5.0,21.0,4.2,63.0,3.0,0.0,3.0,3.0,0.0,1.0,0.5396825396825397,0.9797958971132712,1.16619037896906,1.0,6.3,1.6155494421403511,8.0,12.6,1.3564659966250536,11.0,15.0,0.0813053613053613,0.133015857546958,-0.0909090909090909,0.2307692307692307,4.0,0.0,4.0,4.0,1.761904761904762,1
sat-01161,b1b153fc24ee2c32174b4a757af036d8bd5f6e897b24199ca8b3678d2fecb8b6,3sat,5,"[[1,2,3],[-1,3,-4],[-2,3,5],[2,-3,-5],[2,-3,5],[-1,-2,-4],[-1,3,4],[1,-4,-5],[-2,-3,5],[-3,-4,-5],[-2,-4,5],[-2,-3,-5],[-2,3,-5],[-1,-2,-3]]",5.0,14.0,2.8,42.0,3.0,0.0,3.0,3.0,0.0,1.0,0.3571428571428571,1.4142135623730951,1.0198039027185568,1.0,4.2,2.227105745132009,8.0,8.4,2.0591260281974,6.0,11.0,-0.3204040404040404,0.211126479552731,-0.6666666666666666,-0.0909090909090909,4.0,0.0,4.0,4.0,1.824175824175824,0
sat-02689,ddc3faef06001438ea0330214aef5db7483ea6fc43d7bab53bf9e000d5b59f97,2sat,5,"[[3,5],[-2,4],[-1,5],[-2,-5],[-1,-3],[-3,4],[-2,3],[2,-4]]",5.0,8.0,1.6,16.0,2.0,0.0,2.0,2.0,1.0,0.0,0.4375,0.8,0.7483314773547883,0.7,0.8,0.6000000000000001,2.0,3.2,0.7483314773547882,2.0,4.0,-0.1666666666666666,0.5163977794943222,-1.0,0.3333333333333333,2.8,0.7483314773547882,2.0,4.0,0.6785714285714286,1
sat-02241,5bdbd5cc0f8230a48ae8c3d5721cdc22c382ed7f9d92e13290285e761ed91861,2sat,4,"[[-2,4],[-1,4],[-1,-3],[2,3],[1,-2],[3,-4],[2,4],[-2,3],[-2,-3],[1,-3],[-1,3],[1,-4],[-1,2],[2,-3],[1,3],[2,-4]]",4.0,16.0,4.0,32.0,2.0,0.0,2.0,2.0,1.0,0.0,0.53125,0.82915619758885,0.4330127018922193,1.0,2.6666666666666665,1.1055415967851334,4.0,8.0,1.224744871391589,6.0,9.0,0.0555555555555555,0.0555555555555555,0.0,0.1111111111111111,3.0,0.0,3.0,3.0,0.9583333333333334,0
sat-01557,adc379885f7d08838a281b0799e085d07d1033c8c1c252947957ed898446a173,2sat,5,"[[-1,5],[-1,-2],[4,-5],[3,-4],[2,4],[1,3],[1,-4]]",5.0,7.0,1.4,14.0,2.0,0.0,2.0,2.0,1.0,0.0,0.5714285714285714,0.4898979485566356,0.7483314773547883,0.7,0.7,0.4582575694955839,1.0,2.8,0.9797958971132712,2.0,4.0,0.2,0.4000000000000001,0.0,1.0,2.8,0.9797958971132712,2.0,4.0,0.7142857142857143,1
sat-00452,6611023b77aa72ec98a7321a77b5d77098d8065027edbdcb842bcbe233d82ca0,mixed,5,"[[-2,3,-5],[1,2],[2,-3,5],[-1,3,-4],[2,-3,-5],[-2,4,-5],[1,4],[2,4,-5],[-3,4,5],[2,3,-4],[-2,3,4],[1,-3,5],[2,3,5],[-3,5],[2,-3,4],[4,5],[-2,-5],[-1,4,-5],[-2,-4,-5],[-3,4,-5],[-1,3,5]]",5.0,21.0,4.2,58.0,2.761904761904762,0.4259177099999599,2.0,3.0,0.238095238095238,0.7619047619047619,0.5517241379310345,1.9595917942265424,2.039607805437114,1.0,5.3,2.4919871588754225,9.0,11.6,3.006659275674582,6.0,15.0,0.1046153846153846,0.2160636427048343,-0.0769230769230769,0.5,4.0,0.0,4.0,4.0,1.5714285714285714,1
sat-02914,63d5b29072746744171806c6bede29c1af5ec0cb4ad11a0cf423e81f1a100280,mixed,4,"[[-2,3,4],[3,4],[3,-4],[-1,-4],[-1,2,-3],[1,-2,4],[1,-3,-4],[2,3,-4],[2,4],[-2,-3,-4],[-1,-3,4],[-1,2,3],[-2,-4],[2,-3,-4],[2,-4],[-1,2],[-1,4],[1,3]]",4.0,18.0,4.5,45.0,2.5,0.5,2.0,3.0,0.5,0.5,0.4888888888888889,1.5,1.479019945774904,1.0,6.0,1.5275252316519468,8.0,11.25,1.7853571071357126,9.0,14.0,-0.0281385281385281,0.2296719374523038,-0.3333333333333333,0.2727272727272727,3.0,0.0,3.0,3.0,1.5490196078431373,0
sat-00706,dee45717e0b3d38d423d63e3ab3ed46dbf79a8987f84c0e7c5e067ab0ada516c,2sat,5,"[[-2,5],[-2,-4],[-2,3],[1,-3],[-3,5],[-3,-5],[3,-4],[-4,5],[-1,-5],[4,-5]]",5.0,10.0,2.0,20.0,2.0,0.0,2.0,2.0,1.0,0.0,0.35,1.019803902718557,0.8000000000000002,0.8,1.0,0.6324555320336759,2.0,4.0,1.4142135623730951,2.0,6.0,-0.3399999999999999,0.3773592452822641,-1.0,0.0,3.2,0.7483314773547882,2.0,4.0,0.7777777777777778,1
sat-01675,65830689386f37d5440f3fb67674855bd7b7f318fa776ae0a9c050a2cfea0551,mixed,5,"[[-3,-4,-5],[-3,4],[2,-3,4],[1,3],[1,2,5],[-2,4,-5],[-1,2,-5],[-1,3,5],[2,4],[-1,-5],[-2,3,-4],[-1,-2,4],[1,2,3],[-2,4],[-1,-2,-4],[1,3,-4],[-1,2,-4],[-2,3,4],[-1,-2,-3],[2,-4,-5],[-2,5],[-1,2],[2,-3],[-1,2,5],[-1,-2],[-2,-3,5],[1,4],[3,-4,-5]]",5.0,28.0,5.6,74.0,2.642857142857143,0.4791574237499549,2.0,3.0,0.3571428571428571,0.6428571428571429,0.4729729729729729,1.8973665961010275,1.833030277982336,1.0,6.4,2.107130750570548,10.0,14.8,2.993325909419153,11.0,20.0,-0.0561305361305361,0.1509860872380494,-0.3333333333333333,0.0769230769230769,4.0,0.0,4.0,4.0,1.41005291005291,0
sat-00899,f67d190c1e5e6b6c24570409593b15bb7f99c12f2b4701ad0827de69a817b9e5,3sat,4,"[[-2,-3,-4],[2,3,-4],[-1,-3,-4],[-1,-2,3],[-2,3,4],[-1,-2,4],[1,3,-4],[-1,-2,-3],[-1,3,4],[1,-2,4],[-1,2,-4],[-2,3,-4],[-1,3,-4],[-1,2,-3],[1,2,3],[-1,-2,-4],[1,2,-3],[2,3,4],[-1,2,3],[1,2,4]]",4.0,20.0,5.0,60.0,3.0,0.0,3.0,3.0,0.0,1.0,0.4833333333333333,1.920286436967152,1.7853571071357126,1.0,10.0,0.816496580927726,11.0,15.0,0.7071067811865476,14.0,16.0,-0.0357142857142857,0.2436843986959371,-0.3333333333333333,0.3333333333333333,3.0,0.0,3.0,3.0,2.2157894736842105,0
sat-01052,b782c4c62ece9d8cf7e7d9b5c5af9cc7e42ee5916e4f7d1774343aec186b8140,2sat,4,"[[-2,-4],[2,3],[2,-4],[-3,4],[1,-4],[-1,2],[-3,-4],[1,2],[1,4],[-2,4],[-2,3],[1,-3],[-1,-3],[1,3]]",4.0,14.0,3.5,28.0,2.0,0.0,2.0,2.0,1.0,0.0,0.5357142857142857,0.82915619758885,0.82915619758885,1.0,2.333333333333333,0.4714045207910317,3.0,7.0,0.0,7.0,7.0,0.0714285714285714,0.2369017707396714,-0.1428571428571428,0.4285714285714285,3.0,0.0,3.0,3.0,0.9230769230769232,0
sat-01526,6abf9d221404857a8cfe8f244344b687e74420f3c4befad0e7a6c7741c368775,mixed,4,"[[2,3,4],[1,2,4],[-1,2,-4],[2,3],[1,3,-4],[2,3,-4],[1,-4],[1,-3,-4]]",4.0,8.0,2.0,22.0,2.75,0.4330127018922193,2.0,3.0,0.25,0.75,0.6818181818181818,1.0897247358851685,1.920286436967152,1.0,3.333333333333333,1.1055415967851334,5.0,5.5,0.8660254037844386,5.0,7.0,0.4428571428571429,0.5289573880449605,-0.4285714285714285,1.0,3.0,0.0,3.0,3.0,1.8214285714285716,1
sat-01900,e5a3ef930386df8f3c80a99bc4a746ab0585adc34d72ebe270fc3665d3471c76,2sat,4,"[[2,-4],[1,3],[1,-2],[-1,3],[3,-4],[1,4],[-2,4],[-3,4]]",4.0,8.0,2.0,16.0,2.0,0.0,2.0,2.0,1.0,0.0,0.625,0.8660254037844386,0.5,0.8333333333333334,1.3333333333333333,0.7453559924999299,2.0,4.0,0.7071067811865476,3.0,5.0,0.2166666666666666,0.3403429642777023,-0.3333333333333333,0.5,2.5,0.5,2.0,3.0,0.8928571428571429,1
sat-00701,6aa5ade54d144e07b75389277ef602db987fb21926bb71ac9792bfb892a8e710,mixed,4,"[[2,3,-4],[2,-3,-4],[3,4],[2,-4],[3,-4],[-1,3,-4],[-1,-2],[1,3,-4]]",4.0,8.0,2.0,20.0,2.5,0.5,2.0,3.0,0.5,0.5,0.5,1.6583123951777,2.0615528128088303,1.0,2.6666666666666665,1.5986105077709063,6.0,5.0,1.5811388300841898,3.0,7.0,0.0297619047619047,0.5727601053861865,-0.7142857142857143,0.6666666666666666,3.0,0.0,3.0,3.0,1.6071428571428572,1
sat-01007,159fe8e5f52b20b4e9e83f9c710604049ee980d63d2278b3e4951a93f70801d7,mixed,4,"[[1,2,4],[1,2,-4],[-1,-4],[-2,3,4],[2,-3],[2,3,4],[-1,-2],[1,-2,-3],[-1,2,-4],[2,3],[-1,-3,-4],[-3,-4],[-2,3,-4]]",4.0,13.0,3.25,34.0,2.6153846153846154,0.4865042554105199,2.0,3.0,0.3846153846153846,0.6153846153846154,0.4705882352941176,1.224744871391589,0.8660254037844386,1.0,4.833333333333333,1.3437096247164253,6.0,8.5,1.118033988749895,7.0,10.0,-0.069047619047619,0.1952235766959492,-0.3333333333333333,0.2,3.0,0.0,3.0,3.0,1.6666666666666667,0
sat-01125,2ccd668f8b4df855c9c7eca4d1c500d935f8acb1de058dae35cae3d22b568d17,2sat,4,"[[-2,-4],[2,3],[1,3],[-1,-4],[-1,2],[3,4],[2,4],[2,-4],[-1,-3],[-3,-4]]",4.0,10.0,2.5,20.0,2.0,0.0,2.0,2.0,1.0,0.0,0.5,1.118033988749895,1.118033988749895,1.0,1.6666666666666667,0.7453559924999299,3.0,5.0,0.7071067811865476,4.0,6.0,-0.0083333333333333,0.4361288036043174,-0.5,0.6,3.0,0.0,3.0,3.0,0.9111111111111112,1
sat-00100,99a3019e401ade4666e2660ef475b2c70d17da96b44590df19e5598b29819019,2sat,5,"[[-1,5],[-3,5],[-2,5],[3,-4],[1,2],[2,4],[1,-2],[-1,-5],[1,4],[-1,-2],[-2,-4],[-2,-5],[1,-5],[-3,4],[-4,5],[-1,3],[2,-3],[-3,-5],[1,-4],[-1,-3]]",5.0,20.0,4.0,40.0,2.0,0.0,2.0,2.0,1.0,0.0,0.425,1.019803902718557,0.4898979485566356,1.0,2.0,0.6324555320336759,3.0,8.0,1.095445115010332,7.0,10.0,-0.1642857142857142,0.162254524165722,-0.4285714285714285,0.0,4.0,0.0,4.0,4.0,0.7526315789473684,0
sat-02271,1db0be77162aa5b8ca9e901714b4944a67726221ecc543dc07e7779f1f5d068a,2sat,5,"[[-2,5],[2,-4],[2,-5],[3,-5],[3,5],[1,-3],[1,4],[-1,5],[2,4],[-3,4],[-2,4],[2,3],[4,-5],[4,5]]",5.0,14.0,2.8,28.0,2.0,0.0,2.0,2.0,1.0,0.0,0.6785714285714286,1.32664991614216,0.7483314773547883,0.9,1.4,0.8,3.0,5.6,1.4966629547095764,3.0,7.0,0.3447619047619047,0.1992639517047165,0.1428571428571428,0.7142857142857143,3.6,0.4898979485566356,3.0,4.0,0.7692307692307693,1
sat-00936,6e2674166e4c98b825e02840003e77742a21425ad50b475234f016e91aae09ec,3sat,5,"[[1,-3,4],[-2,-3,-5],[1,3,-4],[-3,-4,5],[-1,3,5],[-1,3,4],[-2,3,5],[-1,-2,-4],[-1,-2,-3],[2,3,4],[1,3,-5],[-2,-3,4],[3,4,-5],[-1,3,-4],[1,2,-5],[-2,-4,-5],[1,3,4],[1,4,5],[-1,-3,5],[1,-3,5],[3,-4,-5]]",5.0,21.0,4.2,63.0,3.0,0.0,3.0,3.0,0.0,1.0,0.5079365079365079,2.576819745345025,0.3999999999999999,1.0,6.3,2.4515301344262523,10.0,12.6,2.870540018881465,8.0,17.0,-0.0339366515837104,0.2396738226987532,-0.5,0.1764705882352941,4.0,0.0,4.0,4.0,1.838095238095238,1
sat-00784,c206ae333d1cbf308bcb85e93f3392166c240599a95dbfc7e56f22675b41d6a3,2sat,5,"[[-1,2],[-2,-5],[-1,-5],[1,4],[-3,5],[-1,5],[2,-4],[2,4],[-2,3],[-3,-5],[1,3],[3,-5],[-3,-4],[3,4],[-1,4],[-4,-5],[-2,-3],[-2,5],[1,-4],[3,5],[-1,-4],[1,2],[1,5]]",5.0,23.0,4.6,46.0,2.0,0.0,2.0,2.0,1.0,0.0,0.5,0.4898979485566356,0.4898979485566356,1.0,2.3,1.004987562112089,4.0,9.2,0.7483314773547882,8.0,10.0,0.0,0.0702728368926306,-0.1111111111111111,0.1111111111111111,4.0,0.0,4.0,4.0,0.7509881422924901,0
sat-02885,bb159a6309f3c4dd79f17b7935e75a731aa15ed2b8298f594f015f8843a3568e,3sat,4,"[[2,3,-4],[-2,-3,4],[-1,2,-3],[1,-3,4],[-1,-2,4],[1,2,4],[-1,2,4],[-1,2,3],[1,-2,4],[-2,3,-4],[1,-3,-4],[1,-2,-4],[-1,3,4],[-1,-2,-4],[2,-3,4],[-1,-2,3],[-2,-3,-4],[1,2,-3],[2,3,4],[-1,3,-4],[1,2,-4],[1,-2,3],[1,-2,-3],[1,3,4],[1,2,3],[-1,2,-4],[1,3,-4],[2,-3,-4]]",4.0,28.0,7.0,84.0,3.0,0.0,3.0,3.0,0.0,1.0,0.5357142857142857,0.82915619758885,0.82915619758885,1.0,14.0,0.816496580927726,15.0,21.0,0.7071067811865476,20.0,22.0,0.0715367965367965,0.071536960265971,-0.0476190476190476,0.1428571428571428,3.0,0.0,3.0,3.0,2.2248677248677247,0
sat-00296,3d785a97522795bdc3100dd674e59f142ce3bcbd2498b87eaeb71dc8161f0771,mixed,5,"[[-1,-2,4],[1,2],[1,2,-3],[1,-4,-5],[-3,-4],[-2,-3,5],[2,-3,-5],[-1,2,-3],[2,-4,-5],[2,-3,4],[2,-5],[2,-4]]",5.0,12.0,2.4,32.0,2.6666666666666665,0.4714045207910317,2.0,3.0,0.3333333333333333,0.6666666666666666,0.4375,2.785677655436824,1.4966629547095769,1.0,2.8,1.2489995996796797,5.0,6.4,1.8547236990991407,5.0,10.0,-0.2266666666666666,0.5681940200710004,-1.0,0.6,4.0,0.0,4.0,4.0,1.4393939393939394,1
sat-02117,7caa5f21c03732a95b85e84b3d55c3ec026a44eaeecbd34e4fd37b4aea41005e,2sat,5,"[[-2,-5],[3,-5],[1,-4],[2,5],[-4,-5],[-2,-4],[-3,-4]]",5.0,7.0,1.4,14.0,2.0,0.0,2.0,2.0,1.0,0.0,0.2857142857142857,0.4,1.4142135623730951,0.6,0.7,0.6403124237432849,2.0,2.8,1.16619037896906,1.0,4.0,-0.1666666666666666,0.6666666666666667,-1.0,1.0,2.4,1.019803902718557,1.0,4.0,0.7619047619047619,1
sat-02583,53da1b87f9da1677dd595aee7d2ce2a8ce5ecd5563f4e41f8814fd44bccc5d5e,mixed,4,"[[2,-3],[-3,-4],[2,-4],[1,3,4]]",4.0,4.0,1.0,9.0,2.25,0.4330127018922193,2.0,3.0,0.75,0.25,0.5555555555555556,0.4330127018922193,1.0,0.8333333333333334,1.0,0.5773502691896257,2.0,2.25,0.82915619758885,1.0,3.0,0.3333333333333333,0.6666666666666667,-0.3333333333333333,1.0,2.5,0.5,2.0,3.0,1.1666666666666667,1
sat-00712,105ef47dd2143e4c13cf4dd454be2feb6fed37f95b2013bba83c7940241f0137,2sat,5,"[[1,-3],[4,-5],[2,-5],[-3,5],[-1,-5],[1,-2],[-3,-5],[1,5],[-1,-4],[-1,2],[1,2],[2,5],[2,4],[-2,4],[-4,5],[-3,-4],[-1,-3],[1,4],[-1,-2],[-2,-5],[3,-5],[-1,3],[-4,-5],[-3,4],[3,5],[2,-4],[-1,4],[2,3],[4,5],[1,-4]]",5.0,30.0,6.0,60.0,2.0,0.0,2.0,2.0,1.0,0.0,0.5,1.095445115010332,1.095445115010332,1.0,3.0,1.0,4.0,12.0,1.2649110640673518,10.0,13.0,-0.0008391608391608,0.1625596036071859,-0.2,0.2727272727272727,4.0,0.0,4.0,4.0,0.767816091954023,0
sat-02420,16d668dc59f82b25755bd6f949ae56f73f4ebe050f0d7737f4548c805b8a1363,3sat,5,"[[-2,4,-5],[-2,4,5],[-1,-2,3],[2,4,-5],[1,2,5],[3,-4,5],[3,4,5],[2,-4,-5],[2,-4,5],[1,-3,-4],[-1,-4,5],[-2,3,4],[1,2,-5],[2,3,-4],[-3,-4,5],[1,-2,-5],[1,-2,-3],[1,-4,5],[1,-2,-4],[-1,2,4],[2,3,5],[-2,-4,-5],[2,-3,4],[1,2,-3],[-1,-3,4],[1,3,-5]]",5.0,26.0,5.2,78.0,3.0,0.0,3.0,3.0,0.0,1.0,0.5512820512820513,1.0198039027185568,2.0,1.0,7.8,2.08806130178211,11.0,15.6,2.244994432064365,13.0,18.0,0.1173076923076923,0.1583395329651215,-0.1111111111111111,0.3846153846153846,4.0,0.0,4.0,4.0,1.790769230769231,0
sat-02738,d6ab5e85c85c3c53a7844312dc14c5954725b122e2bc8b82a69e5ff28c7b0ad5,mixed,5,"[[-3,-4,5],[2,3],[2,3,-5],[-2,-3,4],[2,4,5],[-3,4,-5],[2,-3],[1,2,-4],[2,-3,4],[-4,5],[-1,-3,4],[-1,-4,-5],[2,-3,5],[-2,-3,5],[-1,-3,-5],[-2,3,-5],[-1,3,5],[4,5],[-3,-5],[2,4,-5],[1,-2,5],[3,-4,-5],[-3,4],[1,-2,3],[-1,2,3],[4,-5],[-2,4,-5],[2,-4,-5],[1,3],[-2,-4,-5],[1,2,-5]]",5.0,31.0,6.2,85.0,2.7419354838709675,0.4375696763306625,2.0,3.0,0.2580645161290322,0.7419354838709677,0.4941176470588235,2.0591260281974,2.939387691339814,1.0,7.7,2.8301943396169813,12.0,17.0,3.741657386773941,10.0,21.0,0.0005405671040346,0.1800795456589056,-0.238095238095238,0.2222222222222222,4.0,0.0,4.0,4.0,1.5376344086021505,0
sat-01604,657cf25cdc58623916ad4e13892f9a4871ba5fa0d3120947630d080ce7d90eac,mixed,5,"[[1,4],[1,2,-4],[-1,5],[3,-4],[-3,-4,5],[1,-2,4],[-1,-5],[1,-5],[2,-4,5],[1,4,5],[-1,2,-3],[-1,-2,-5],[-3,-4],[-2,5],[-1,-3],[1,2,5],[-1,-2],[2,3],[2,4,5],[1,5],[-1,-2,-3]]",5.0,21.0,4.2,52.0,2.4761904761904763,0.4994327848429292,2.0,3.0,0.5238095238095238,0.4761904761904761,0.5192307692307693,2.154065922853801,1.2649110640673518,1.0,4.1,1.757839583124695,7.0,10.4,2.33238075793812,7.0,14.0,0.0011544011544011,0.2866665373732433,-0.4285714285714285,0.4545454545454545,4.0,0.0,4.0,4.0,1.2285714285714286,0
sat-02737,9930422766e91e119deff5b285b932954a572ab1e2b3ee5065e39cdc9e7f5fb1,3sat,5,"[[-2,4,-5],[1,-3,4],[-1,4,-5],[2,-3,-4],[1,-2,-5],[-2,-3,-4],[-2,3,-5],[-1,-3,4],[1,-2,-4],[1,-4,5],[1,4,-5]]",5.0,11.0,2.2,33.0,3.0,0.0,3.0,3.0,0.0,1.0,0.3939393939393939,1.9595917942265424,1.095445115010332,1.0,3.3,1.3453624047073711,6.0,6.6,1.3564659966250536,5.0,9.0,-0.2787301587301587,0.4596641231073602,-0.6666666666666666,0.4285714285714285,4.0,0.0,4.0,4.0,1.7636363636363637,1
sat-02641,23dde5c931001ba280b22a7b06dddf68696e1417008e1b1a54a62b4982e0ccc7,2sat,4,"[[1,-4],[2,-4],[-1,-3],[-2,4],[-1,2],[3,-4]]",4.0,6.0,1.5,12.0,2.0,0.0,2.0,2.0,1.0,0.0,0.4166666666666667,0.4330127018922193,0.82915619758885,0.8333333333333334,1.0,0.5773502691896257,2.0,3.0,0.7071067811865476,2.0,4.0,-0.125,0.3200477394945253,-0.5,0.3333333333333333,2.5,0.5,2.0,3.0,0.8666666666666667,1
sat-02332,125bbfc84a8f27882ca03f347df33b3ef6358650c9a04a2447a7c0847d95cd63,3sat,4,"[[-1,-3,-4],[1,-3,-4],[-1,-2,4],[1,3,-4],[1,-2,-4],[-2,3,4],[-1,-2,-4],[-1,2,3],[-1,2,4],[-1,3,-4],[2,-3,4],[1,2,3],[-2,-3,-4],[1,2,-4],[-1,-2,3],[1,2,-3],[2,3,-4],[1,-2,4]]",4.0,18.0,4.5,54.0,3.0,0.0,3.0,3.0,0.0,1.0,0.4814814814814814,0.8660254037844386,1.4142135623730951,1.0,9.0,1.0,10.0,13.5,0.8660254037844386,12.0,14.0,-0.0297619047619047,0.162686313913291,-0.2857142857142857,0.1666666666666666,3.0,0.0,3.0,3.0,2.215686274509804,0
sat-02795,248c84e9158eda00479af6dd161ea2e6596910961c5456e472d1346f61439ea0,mixed,5,"[[1,4],[-2,3],[4,5],[-2,4,5],[-1,4],[1,2,-3],[-3,-4]]",5.0,7.0,1.4,16.0,2.2857142857142856,0.4517539514526256,2.0,3.0,0.7142857142857143,0.2857142857142857,0.625,1.095445115010332,0.7483314773547883,0.8,1.1,0.7,2.0,3.2,0.9797958971132712,2.0,5.0,0.2533333333333333,0.5239168721170266,-0.3333333333333333,1.0,3.2,0.7483314773547882,2.0,4.0,0.9523809523809524,1
sat-01583,3c6aedf8720dee5a40b2a6688227bb7462963e06919282805fabf44cdcee4f92,mixed,5,"[[-2,3],[-2,-4],[2,3,5],[1,2,-5],[-3,5],[1,-3,-5],[2,4],[3,4,5],[-1,4],[-1,3,4],[1,-2,5],[-1,-4,5],[-3,4,-5],[1,3,4],[2,-3,-4],[-2,5],[-1,-2,4],[1,2],[-2,4,5],[2,3,-5],[-2,-3,4],[-2,3,5],[2,-3,5],[-3,-4],[4,5],[-2,-4,5],[-2,-3],[-2,4,-5],[2,3,4],[2,-3,-5],[1,3]]",5.0,31.0,6.2,82.0,2.6451612903225805,0.4784644185223007,2.0,3.0,0.3548387096774194,0.6451612903225806,0.573170731707317,2.0591260281974,2.6076809620810595,1.0,7.1,2.5475478405713994,11.0,16.4,3.3823069050575523,10.0,20.0,0.1611764705882353,0.1877051357663918,-0.1,0.4117647058823529,4.0,0.0,4.0,4.0,1.4193548387096775,0
sat-00395,055e41bf0b53c64cf2f40c434c1173ab3cb04700725ee1e65081050332b444de,2sat,5,"[[1,-3],[-1,2],[4,-5],[3,4],[-3,4],[-1,-4],[-1,-2],[1,-4],[-1,4],[1,4],[-2,-3],[-4,5],[2,5]]",5.0,13.0,2.6,26.0,2.0,0.0,2.0,2.0,1.0,0.0,0.5,1.3564659966250536,1.019803902718557,0.7,1.3,1.1874342087037917,4.0,5.2,1.939071942966532,3.0,8.0,-0.0119047619047618,0.2977618704926377,-0.5,0.3333333333333333,2.8,0.3999999999999999,2.0,3.0,0.8205128205128205,0
sat-02406,c27d93d0383c125d55e195b92fb18a2e572bb730d380a42b1b8ab42f464e25fe,mixed,5,"[[-2,4,-5],[-3,-4],[-3,4,-5],[1,2,-5],[2,4,5],[1,2,-4],[-2,-5],[-1,-5],[1,-2,5],[1,3],[1,-2,-4],[-2,3,4],[1,4,5],[1,3,-4],[-1,3],[-1,-3,-5],[-1,4,-5],[1,-2,-5],[2,-3,5],[-1,2,-4],[-2,3,-5],[-2,3,-4],[2,4,-5],[3,-4],[-1,-2,-5],[-2,-4,5],[1,2,5],[2,-4,-5],[-2,4,5],[1,2,-3]]",5.0,30.0,6.0,84.0,2.8,0.3999999999999999,2.0,3.0,0.2,0.8,0.4880952380952381,1.1661903789690602,2.727636339397171,1.0,7.8,2.993325909419153,14.0,16.8,2.785677655436824,12.0,20.0,-0.001062951496388,0.1860023729005321,-0.2631578947368421,0.25,4.0,0.0,4.0,4.0,1.5701149425287355,0
sat-01202,5dc094a8526f449cf3bc0257908a18c65a6e85aa7ade71b22dea410fa88f0a93,3sat,4,"[[-2,3,4],[-2,-3,4],[1,3,4],[-1,-3,4]]",4.0,4.0,1.0,12.0,3.0,0.0,3.0,3.0,0.0,1.0,0.5833333333333334,1.479019945774904,0.82915619758885,0.8333333333333334,2.0,1.1547005383792517,4.0,3.0,1.0,2.0,4.0,0.0,0.7071067811865476,-1.0,1.0,2.5,0.5,2.0,3.0,2.333333333333333,1
sat-00685,98c378b997a32bf12e9b51fe4963d1671170fef8ad4718094bce867c9ef00616,mixed,4,"[[1,-4],[-1,-2],[1,-3,-4],[1,2,-3],[1,2,-4],[1,2,3],[-2,3],[-2,3,-4]]",4.0,8.0,2.0,21.0,2.625,0.4841229182759271,2.0,3.0,0.375,0.625,0.5238095238095238,1.7853571071357126,1.118033988749895,1.0,3.0,0.816496580927726,4.0,5.25,0.82915619758885,4.0,6.0,-0.0333333333333333,0.6082762530298219,-1.0,0.6666666666666666,3.0,0.0,3.0,3.0,1.6428571428571428,1
sat-02927,71628e70760007978672d3333a1bb7ed899c035cbe251a1f2bce7e03847dd9ec,3sat,5,"[[-1,-3,5],[-1,2,5],[-2,-3,4],[1,3,5],[-1,-4,-5],[-1,-2,-3],[3,-4,5],[1,-3,4],[2,3,4],[-3,-4,-5],[-1,2,-5],[-1,-4,5],[1,-4,5],[1,4,-5],[-1,2,3]]",5.0,15.0,3.0,45.0,3.0,0.0,3.0,3.0,0.0,1.0,0.4888888888888889,0.7999999999999999,1.624807680927192,1.0,4.5,1.688194301613413,8.0,9.0,1.6733200530681511,6.0,11.0,0.0076767676767676,0.2235566910719709,-0.2727272727272727,0.3333333333333333,4.0,0.0,4.0,4.0,1.7809523809523808,1
sat-01852,f6568683d2420a62b1ea9e6c45701d5feca40dd11f277e299b17b57df44a6ee8,2sat,5,"[[-3,-5],[2,-3],[-1,4],[4,-5],[-2,3],[-1,3],[-2,5],[-2,-3],[3,4],[2,-5],[3,-4],[1,-3],[-4,5],[-2,-5],[2,5],[1,-2],[1,3],[1,5],[3,5],[1,-5],[-3,-4],[1,-4],[-1,-5],[1,2],[-1,2],[-3,5],[2,3],[-1,5],[-4,-5],[-1,-2],[1,4]]",5.0,31.0,6.2,62.0,2.0,0.0,2.0,2.0,1.0,0.0,0.5161290322580645,1.3564659966250536,0.6324555320336759,0.9,3.1,1.1357816691600549,4.0,12.4,1.8547236990991407,9.0,14.0,0.0217338217338217,0.0852164385610871,-0.1111111111111111,0.1428571428571428,3.6,0.4898979485566356,3.0,4.0,0.7784946236559139,0
sat-00356,32f8cb30d263a99a8f9888344100c451804effa2c65ba1a13f8f346b068f9fc8,mixed,4,"[[1,2,4],[2,3,-4],[1,2,-4],[-2,-3,-4],[-1,2,-3],[-1,-2,-4],[1,2,3],[-1,-2,4],[1,-2,-3],[-2,3],[-3,4],[-1,2],[2,-3,-4],[1,4],[-1,2,-4],[-1,-2],[1,-2]]",4.0,17.0,4.25,45.0,2.647058823529412,0.4778846120374094,2.0,3.0,0.3529411764705882,0.6470588235294118,0.4666666666666667,1.920286436967152,0.7071067811865476,1.0,6.5,2.6299556396765835,11.0,11.25,2.5860201081971503,8.0,15.0,-0.0958333333333333,0.1324842757965387,-0.25,0.0666666666666666,3.0,0.0,3.0,3.0,1.7941176470588236,0
sat-01191,01aea6d48c6dab45c641a758d05d28c6192b7e8f68939561ca5c5dbce806b32a,3sat,4,"[[-1,2,3],[-1,-2,3],[1,2,-4],[-1,3,4],[2,-3,4],[2,3,-4],[-1,-2,-3],[1,-3,4]]",4.0,8.0,2.0,24.0,3.0,0.0,3.0,3.0,0.0,1.0,0.5416666666666666,0.82915619758885,0.82915619758885,1.0,4.0,0.816496580927726,5.0,6.0,0.7071067811865476,5.0,7.0,0.0857142857142857,0.2516160916880553,-0.3333333333333333,0.3333333333333333,3.0,0.0,3.0,3.0,2.1785714285714284,1
sat-02937,3507ca30c57f1d379eddc5051da4a6f866b22194e41faa9626d85877d872e637,mixed,4,"[[-1,2],[1,2],[-2,4],[-1,3,4],[1,-3,4],[-1,-3],[-2,-3],[1,-3,-4],[-1,-4],[-3,4]]",4.0,10.0,2.5,23.0,2.3,0.458257569495584,2.0,3.0,0.7,0.3,0.4347826086956521,1.118033988749895,1.299038105676658,1.0,2.6666666666666665,1.3743685418725535,4.0,5.75,1.0897247358851685,4.0,7.0,-0.119047619047619,0.360303475010037,-0.6666666666666666,0.3333333333333333,3.0,0.0,3.0,3.0,1.2666666666666666,1
sat-02280,c3161eae6c239b27d68e876274c4ad718857a9648ebe1c3d6e3dd75b0acfa26f,3sat,4,"[[1,2,-3],[1,3,4],[-1,3,4],[1,-3,4],[2,3,4],[-1,-3,4],[-1,3,-4],[1,2,4],[-1,2,4],[-1,2,-3],[1,-2,4],[-1,-3,-4],[1,3,-4],[2,-3,4],[2,-3,-4],[1,2,-4]]",4.0,16.0,4.0,48.0,3.0,0.0,3.0,3.0,0.0,1.0,0.6041666666666666,1.479019945774904,2.277608394786075,1.0,8.0,2.160246899469287,11.0,12.0,1.8708286933869709,9.0,14.0,0.2434371184371184,0.3475698993279566,-0.1666666666666666,0.7777777777777778,3.0,0.0,3.0,3.0,2.2583333333333333,1
sat-02409,cd4c0e2f3704c751a213cdbc5a63e029bff978f3c325b8613c3f2e6754584303,mixed,5,"[[-1,-5],[-1,-3,4],[-1,-3,-4],[3,-4,5],[2,3,5],[1,-4,-5],[-2,3],[-2,-3,-4],[-1,-2,4],[1,2,-3],[-1,4],[-1,-3],[3,4,5],[1,-3,-4],[1,3,4],[2,-3,-5],[-1,-2,-5],[3,-4],[1,-2,4],[2,3,4],[-2,3,5],[-2,4,5],[1,-3,-5]]",5.0,23.0,4.6,64.0,2.782608695652174,0.4124709991523974,2.0,3.0,0.217391304347826,0.782608695652174,0.484375,1.6,1.0198039027185568,1.0,5.9,1.7,9.0,12.8,2.1354156504062622,10.0,16.0,-0.0413586413586413,0.1357592002353522,-0.2727272727272727,0.1428571428571428,4.0,0.0,4.0,4.0,1.5375494071146243,0
sat-00043,8c0f7afdd217ad6a3d2391fa3c57a3aa1438ea0e960ec82154310142a5cc820c,2sat,4,"[[-3,4],[1,-2],[-1,3],[-1,-3],[2,4],[2,-4],[-2,-4],[-1,2],[1,3],[3,4],[-3,-4],[-1,-4],[1,2],[-1,-2],[1,-3],[-2,4],[1,4],[3,-4],[-2,3]]",4.0,19.0,4.75,38.0,2.0,0.0,2.0,2.0,1.0,0.0,0.5,0.4330127018922193,0.4330127018922193,1.0,3.1666666666666665,1.2133516482134197,4.0,9.5,0.5,9.0,10.0,0.0,0.0785674201318386,-0.1111111111111111,0.1111111111111111,3.0,0.0,3.0,3.0,0.9473684210526316,0
sat-02033,88ea23d825294ff04238ec8bd8135e2686f7027725e68aa98b05cf4992dacd6a,mixed,5,"[[2,4,-5],[2,-3,-4],[-1,2],[-1,2,3],[1,-2,3],[-2,3,5],[1,2,-4],[-1,2,4],[-1,4],[3,-5],[2,-4,5],[1,3,-5],[1,2,-3],[1,-2],[-1,3,5],[-3,4,5],[-3,4],[4,5],[1,4,5],[-1,2,-3],[-1,-2,-5],[-3,-4],[1,4,-5],[-1,4,-5],[1,2,5],[-1,-2,-4],[1,-4],[1,-5],[-4,-5],[4,-5],[2,-4,-5],[1,-3],[3,-4,5]]",5.0,33.0,6.6,87.0,2.636363636363636,0.4810456929208347,2.0,3.0,0.3636363636363636,0.6363636363636364,0.5402298850574713,1.624807680927192,1.7888543819998317,1.0,7.5,1.9621416870348585,11.0,17.4,2.154065922853802,14.0,20.0,0.0833040935672514,0.1618906433920947,-0.1111111111111111,0.375,4.0,0.0,4.0,4.0,1.3731060606060606,0
sat-02292,e2b5924a0d0410a30a2850887c31050ea36b5ee8983e6f8dcc5a47adc0875ff2,3sat,5,"[[1,4,-5],[-2,-4,-5],[1,-3,4],[-1,-4,-5],[-2,4,-5],[1,-2,3],[-1,2,-3],[1,3,4],[-2,3,4],[2,-3,5],[1,-4,5],[-3,4,5],[-1,-2,5],[1,2,3],[-1,2,-4],[-1,2,4],[-2,3,-4],[2,4,5],[1,3,-5],[-1,-2,-3],[-2,3,-5],[-1,2,5],[1,-2,-3],[2,-4,5],[1,-4,-5]]",5.0,25.0,5.0,75.0,3.0,0.0,3.0,3.0,0.0,1.0,0.52,0.7483314773547882,0.9797958971132712,1.0,7.5,1.6278820596099706,9.0,15.0,1.4142135623730951,13.0,17.0,0.0419532428355957,0.0642595345425135,-0.0588235294117647,0.125,4.0,0.0,4.0,4.0,1.7666666666666666,0
sat-02978,c90f08604e4b0c0aa2190cfa8af574cbe54dde0c215a721e7f7312af9a9628b8,mixed,4,"[[-1,-2,3],[-1,-2,-3],[-2,3],[1,3,-4],[-2,-3,4],[1,-3],[-3,-4],[2,3],[1,-3,4],[1,3],[2,-3,-4],[2,3,4],[-1,2],[-1,-4],[-1,2,-3],[2,-3],[-1,3,-4],[-2,3,4],[2,3,-4],[-1,3,4],[-2,-3]]",4.0,21.0,5.25,54.0,2.571428571428572,0.4948716593053935,2.0,3.0,0.4285714285714285,0.5714285714285714,0.4814814814814814,2.29128784747792,1.224744871391589,1.0,7.5,2.9860788111948198,12.0,13.5,3.278719262151,11.0,19.0,-0.0585204269414795,0.1393137730873441,-0.2727272727272727,0.0769230769230769,3.0,0.0,3.0,3.0,1.7095238095238094,0
sat-02634,94a240079bfbf19b85fc09cb1a944121f4682b5320b8c81363e777f1fe450bcc,mixed,4,"[[1,3,-4],[1,2,4],[2,-3],[-1,-3,4],[-1,-2,4],[-3,-4],[-1,-2],[-3,4],[-1,-3,-4],[-1,2,-4],[2,4],[1,3,4],[1,-4],[1,-3]]",4.0,14.0,3.5,35.0,2.5,0.5,2.0,3.0,0.5,0.5,0.4857142857142857,1.479019945774904,1.5,1.0,4.666666666666667,2.1343747458109497,8.0,8.75,1.920286436967152,6.0,11.0,-0.0189393939393939,0.3032906078952422,-0.5,0.3333333333333333,3.0,0.0,3.0,3.0,1.5714285714285714,0
sat-02600,f24ccfb6d79c3bb6570f095f36accc29b58fcd1a1af747fdac9424722e4cc0a5,mixed,4,"[[1,4],[-1,2,-3],[-2,-3],[1,-3,-4],[-1,-2],[1,-2,-4],[1,3,4],[3,4],[1,2],[2,4],[1,-2,-3],[1,2,-4],[2,3,-4],[-1,3,-4]]",4.0,14.0,3.5,36.0,2.571428571428572,0.4948716593053935,2.0,3.0,0.4285714285714285,0.5714285714285714,0.5555555555555556,1.224744871391589,0.7071067811865476,1.0,5.0,0.816496580927726,6.0,9.0,0.7071067811865476,8.0,10.0,0.0999999999999999,0.190191586318041,-0.1111111111111111,0.4,3.0,0.0,3.0,3.0,1.5934065934065933,0
sat-01571,581260fe8267a8f90b1404f84bfc3dbe1b064ee6cd18d14f1257c13c692a44a3,3sat,5,"[[-1,2,3],[1,2,5],[1,2,-3],[-2,3,5],[-1,-3,5],[1,3,-5],[-2,-3,-4],[2,3,5],[-2,4,5],[1,-2,4],[-1,3,4],[-1,-3,-5],[3,4,5],[-1,-2,-5],[-1,4,5],[1,-2,-4],[1,2,4],[-2,-3,-5],[1,3,5],[1,-2,3],[1,2,-5],[1,-3,-5],[2,-3,-4]]",5.0,23.0,4.6,69.0,3.0,0.0,3.0,3.0,0.0,1.0,0.5652173913043478,1.32664991614216,1.6733200530681511,1.0,6.9,2.1656407827707715,9.0,13.8,2.4819347291981715,9.0,16.0,0.1452380952380952,0.139597737605848,-0.0666666666666666,0.3333333333333333,4.0,0.0,4.0,4.0,1.8063241106719368,0
sat-02282,a5c06229ace57b93b6b66898cdc4ee812a845262dfa66c33fefdd8e712f10bfe,2sat,5,"[[-4,-5],[1,-5],[-1,3],[-1,-5],[2,4],[-1,5],[3,-4],[-4,5],[1,4],[-2,4],[2,3],[-1,4],[3,5],[-1,-3],[-2,-3],[1,-2],[2,-4],[2,-3],[-1,-4],[-1,2],[-2,3],[-3,4],[4,5],[1,-3],[3,4],[-1,-2]]",5.0,26.0,5.2,52.0,2.0,0.0,2.0,2.0,1.0,0.0,0.5,1.16619037896906,1.6,0.9,2.6,1.1135528725660044,4.0,10.4,1.8547236990991407,7.0,12.0,0.0134199134199134,0.1825711064671091,-0.3333333333333333,0.1666666666666666,3.6,0.4898979485566356,3.0,4.0,0.7784615384615384,0
sat-02661,24040ac41722afba267bc16e2d16cc9d34ee05ebf6578acca6bfaf717b421e31,3sat,4,"[[2,3,-4],[1,-2,-3],[1,-3,-4],[-2,-3,4],[-2,3,4],[-1,3,4],[-2,3,-4],[-1,-2,-3],[1,3,4],[1,-2,4],[-1,2,-4],[-1,-3,4],[2,-3,-4],[1,2,4],[-1,-2,3],[-1,-3,-4],[-1,-2,-4],[-1,3,-4],[1,2,-4],[1,3,-4],[1,2,3],[-1,2,4],[-2,-3,-4],[2,3,4],[1,-3,4]]",4.0,25.0,6.25,75.0,3.0,0.0,3.0,3.0,0.0,1.0,0.4933333333333333,0.82915619758885,0.8660254037844386,1.0,12.5,1.707825127659933,15.0,18.75,1.479019945774904,17.0,21.0,-0.0134527495208609,0.0440850273120331,-0.0588235294117647,0.0526315789473684,3.0,0.0,3.0,3.0,2.2333333333333334,0
sat-02922,5194792b15fb6dba02822c70d8010fb2a6fe76cc8edfb8df0126235129d0254e,mixed,4,"[[-1,3,-4],[1,3],[-1,-2],[1,-2,3],[1,3,-4],[1,-3,4],[1,-2],[-1,3,4],[-2,3,-4]]",4.0,9.0,2.25,24.0,2.6666666666666665,0.4714045207910317,2.0,3.0,0.3333333333333333,0.6666666666666666,0.5416666666666666,2.384848003542364,1.0897247358851685,1.0,3.5,1.707825127659933,6.0,6.0,1.5811388300841898,4.0,8.0,-0.0589285714285714,0.6322210403629027,-1.0,0.7142857142857143,3.0,0.0,3.0,3.0,1.805555555555556,1
sat-02980,8e651d5cab637d9fe1f47c03c630c5b114b9043d2f62c877bac731b0b9e74d8a,2sat,5,"[[1,-2],[2,-5],[2,-4],[-2,3],[1,-3],[4,5],[-1,-4],[-2,-4],[-3,5],[3,5],[2,5],[1,3],[3,-5],[2,-3]]",5.0,14.0,2.8,28.0,2.0,0.0,2.0,2.0,1.0,0.0,0.5714285714285714,1.16619037896906,0.8,0.8,1.4,0.916515138991168,3.0,5.6,1.3564659966250536,4.0,7.0,0.1238095238095237,0.3392000727334881,-0.5,0.5,3.2,0.3999999999999999,3.0,4.0,0.7582417582417582,1
sat-00274,2081cc1b3fe780f1127168bf0214e576b2d2905dac5bbe55553410e8d44704ff,2sat,4,"[[-3,-4],[-2,-4],[-2,4],[2,4],[2,-4],[3,-4],[-1,-3],[-3,4],[-2,3],[1,-4],[-1,3],[1,2],[1,-3],[-2,-3],[3,4]]",4.0,15.0,3.75,30.0,2.0,0.0,2.0,2.0,1.0,0.0,0.4666666666666667,0.5,1.224744871391589,1.0,2.5,1.2583057392117916,4.0,7.5,1.6583123951777,5.0,9.0,-0.0412698412698412,0.1398988224541631,-0.1428571428571428,0.2,3.0,0.0,3.0,3.0,0.9809523809523808,0
sat-01842,faa387fbf5dbc570e77dcb4b0287c974688513c215e83ca627c2784419fb107f,2sat,5,"[[1,-5],[-2,3],[1,4],[-3,-4],[1,2],[-2,-4],[1,3],[-1,-3],[3,-5],[2,4],[-4,-5],[3,-4],[1,-3],[-4,5],[-2,-3],[2,3],[-1,-5],[-3,-5],[2,-4],[-1,2],[-1,3],[-1,-2]]",5.0,22.0,4.4,44.0,2.0,0.0,2.0,2.0,1.0,0.0,0.4318181818181818,1.939071942966532,0.6324555320336759,0.9,2.2,1.077032961426901,4.0,8.8,1.7204650534085253,6.0,11.0,-0.1929292929292929,0.3252525252525252,-0.6666666666666666,0.1111111111111111,3.6,0.4898979485566356,3.0,4.0,0.7748917748917749,0
sat-02682,3bf4bb0fd076bb06bede3c8751265ee5a2605f1bebde056b7a61f0b4729ea43b,3sat,5,"[[-1,-2,-5],[-1,4,5],[1,-3,-4],[2,3,-4],[2,-3,5],[1,3,5],[-1,3,5],[2,3,-5],[1,-3,5],[-3,-4,-5],[-1,3,-4]]",5.0,11.0,2.2,33.0,3.0,0.0,3.0,3.0,0.0,1.0,0.5151515151515151,1.4966629547095769,1.16619037896906,1.0,3.3,1.6155494421403511,6.0,6.6,1.8547236990991407,4.0,9.0,0.0236507936507936,0.3748218355635354,-0.6,0.5,4.0,0.0,4.0,4.0,1.8363636363636364,1
sat-02920,3b990135ba58fae4c1142add8e03b479819de78ff41ba94feec9edb5b8098e09,2sat,4,"[[1,4],[-2,-4],[-2,4],[-1,2],[1,-3],[2,4],[2,3],[3,-4],[1,-4],[2,-3],[-2,-3],[-1,-3],[2,-4],[-1,-2],[-1,-4],[-3,4]]",4.0,16.0,4.0,32.0,2.0,0.0,2.0,2.0,1.0,0.0,0.4375,1.118033988749895,0.5,1.0,2.6666666666666665,0.7453559924999299,4.0,8.0,1.0,7.0,9.0,-0.1428571428571428,0.1917943805332471,-0.4285714285714285,0.1111111111111111,3.0,0.0,3.0,3.0,0.95,0
sat-00245,258411dfb49d9f91e06c67ab41f2592ea30a7be846b55b14236702cb7a88efa0,mixed,4,"[[1,2,4],[-3,4],[-1,-3,4],[1,3],[-1,-2,3],[-1,3,-4],[1,3,-4],[-2,-4],[2,4],[2,-3,-4],[1,2,-4],[1,-4],[-1,-4],[3,-4],[-1,2],[-1,-3],[-2,3,4],[-3,-4]]",4.0,18.0,4.5,44.0,2.4444444444444446,0.4969039949999532,2.0,3.0,0.5555555555555556,0.4444444444444444,0.4772727272727273,0.4330127018922193,2.165063509461097,1.0,5.666666666666667,1.699673171197595,8.0,11.0,2.1213203435596424,8.0,14.0,-0.0089285714285714,0.2002140736374686,-0.2857142857142857,0.25,3.0,0.0,3.0,3.0,1.4967320261437909,0
sat-02696,1af7fb7ae6a7605f26dbda189a4c567442f26b9640db8f6dbe9077d73140e72a,2sat,4,"[[1,2],[-1,-4],[3,4],[1,-2],[-1,4],[-3,-4],[1,-3],[2,3],[-2,4]]",4.0,9.0,2.25,18.0,2.0,0.0,2.0,2.0,1.0,0.0,0.5555555555555556,0.5,0.0,1.0,1.5,0.5,2.0,4.5,0.5,4.0,5.0,0.1,0.1,0.0,0.2,3.0,0.0,3.0,3.0,0.8888888888888888,0
sat-01153,35f27810e7dca9b40e19b6e0860c9a7f0954d26a134277f7c55be383d5594774,3sat,5,"[[-1,3,4],[-1,-2,3],[3,4,5],[2,-4,5],[-1,-2,5],[2,-3,-4],[-2,-3,-4],[1,-3,-4],[1,-2,-3],[-2,3,-4],[1,-2,3],[-1,-2,-4],[2,-3,4],[-1,-3,5],[2,4,-5],[2,3,-5],[1,2,-4]]",5.0,17.0,3.4,51.0,3.0,0.0,3.0,3.0,0.0,1.0,0.4705882352941176,0.9797958971132712,1.8547236990991407,1.0,5.1,2.071231517720798,8.0,10.2,2.481934729198171,6.0,13.0,-0.0254856254856254,0.2002531046670981,-0.2727272727272727,0.3333333333333333,4.0,0.0,4.0,4.0,1.838235294117647,1
sat-02143,085889288512793bba414d67e62e1282730f039e54ca4417a65fc710d6298845,2sat,5,"[[-3,-5],[-3,4],[1,-3],[1,4],[-2,-5],[2,5],[2,-4],[-1,-5],[2,3],[4,-5],[-1,-4],[-2,-3],[-1,3],[1,5],[-2,3],[2,-3],[1,-2],[-1,5],[2,4],[-2,5],[-1,2],[-3,5],[1,2],[-1,-2],[-2,4],[-4,5],[-2,-4],[3,-4],[1,-4]]",5.0,29.0,5.8,58.0,2.0,0.0,2.0,2.0,1.0,0.0,0.4827586206896552,1.0198039027185568,1.2649110640673518,1.0,2.9,0.8306623862918074,4.0,11.6,1.8547236990991407,10.0,15.0,-0.0315151515151515,0.1324710408951685,-0.2,0.2,4.0,0.0,4.0,4.0,0.7783251231527094,0
sat-00841,720e825feef83ac9a626bf23d4fa1a2f202d27c6e8e1bbc651d589673364dc1b,2sat,4,"[[-2,-4],[2,-3],[-1,2],[1,4],[2,3],[1,3],[2,4],[-1,-2],[1,-2],[-2,4],[-1,-3],[1,-3],[1,-4],[-2,3],[-3,4],[-1,3],[-3,-4],[2,-4],[-2,-3],[3,4],[-1,4],[-1,-4]]",4.0,22.0,5.5,44.0,2.0,0.0,2.0,2.0,1.0,0.0,0.4772727272727273,0.4330127018922193,0.4330127018922193,1.0,3.6666666666666665,0.4714045207910317,4.0,11.0,0.0,11.0,11.0,-0.0454545454545454,0.0787295821622217,-0.0909090909090909,0.0909090909090909,3.0,0.0,3.0,3.0,0.9523809523809524,0
sat-00316,6a05f315b470d5a1b97e5faa943a180e45ca6b5b7b9d90bc72a89934fd35969d,mixed,5,"[[2,-4,5],[-1,-4,-5],[-2,-4],[2,3,-5],[1,2,-5],[-1,2,4],[2,-3,4],[-1,-3,-4],[-2,3,-4],[-2,4,-5],[1,-3,-4],[3,-5],[1,-2,-4],[1,2,5],[3,-4,5],[1,-3,5],[2,-3],[3,4],[-1,4],[1,4,5],[1,-5],[-2,4],[1,2,-3],[-3,4,5],[1,-2],[3,-4,-5],[-1,-2,-3],[-1,-3],[-1,2,3]]",5.0,29.0,5.8,78.0,2.689655172413793,0.4626347539654737,2.0,3.0,0.3103448275862069,0.6896551724137931,0.5,1.16619037896906,0.9797958971132712,1.0,6.9,0.9433981132056604,8.0,15.6,1.3564659966250536,13.0,17.0,-0.0021493212669683,0.1060464704421859,-0.125,0.125,4.0,0.0,4.0,4.0,1.4137931034482758,0
sat-00584,c20efc5c3f570089d6ba3ae9d91e89ebde8f95e4d1e40346e068785e0e3f02ea,mixed,5,"[[1,2,-3],[3,-4],[-2,3,-5],[-2,3],[2,3,-5],[3,4],[-1,-4,5],[3,-4,5],[2,-3],[2,3],[-3,4,-5],[2,-3,-4],[-2,4,5],[-2,-3,-4],[-2,-3],[1,-3],[2,4,5],[1,2],[1,-3,-5],[-3,4],[-1,3,4],[1,4,-5],[-1,3,-5],[-3,-5],[2,-5],[2,-4],[1,-2,5],[-1,-3],[2,-4,-5]]",5.0,29.0,5.8,74.0,2.5517241379310347,0.4973174173053779,2.0,3.0,0.4482758620689655,0.5517241379310345,0.5,1.8547236990991407,2.4166091947189146,1.0,6.1,1.8681541692269408,9.0,14.8,3.249615361854384,10.0,20.0,0.0128571428571428,0.1966245775324029,-0.2857142857142857,0.25,4.0,0.0,4.0,4.0,1.3226600985221677,0
sat-01517,3f58556ed30f091eb1803bf1d8e082efecdbf604d99a4603cf52a83c8c39c7f4,3sat,4,"[[-1,3,-4],[1,-2,-4],[1,-2,4],[-1,-2,3],[-1,2,-3],[-1,-2,-4],[1,-3,4],[1,2,4],[1,3,-4],[2,-3,-4],[-1,-2,-3],[2,-3,4],[-1,-3,4],[-1,3,4],[-1,2,4],[-1,-2,4],[-1,-3,-4],[1,2,-4],[1,2,-3],[1,-2,-3],[1,-2,3]]",4.0,21.0,5.25,63.0,3.0,0.0,3.0,3.0,0.0,1.0,0.4603174603174603,1.479019945774904,1.118033988749895,1.0,10.5,2.217355782608345,13.0,15.75,1.920286436967152,14.0,19.0,-0.0845864661654135,0.1271535921820495,-0.2857142857142857,0.0666666666666666,3.0,0.0,3.0,3.0,2.247619047619048,0
sat-01443,cd9314d463104292c56d5e3331f5e775f66741645537ec4cfd958a0b8a8136c8,2sat,5,"[[-2,-5],[-1,-4],[-2,5],[-3,5],[1,-2],[3,-4],[3,-5],[-3,-5],[-1,2],[4,-5],[-1,-2],[1,-4],[-4,-5],[-2,4],[-1,-3]]",5.0,15.0,3.0,30.0,2.0,0.0,2.0,2.0,1.0,0.0,0.3,0.4000000000000001,0.7483314773547882,0.8,1.5,1.02469507659596,3.0,6.0,0.6324555320336759,5.0,7.0,-0.3923809523809524,0.1552585437890653,-0.6666666666666666,-0.2,3.2,0.3999999999999999,3.0,4.0,0.7238095238095238,1
sat-02450,55eb7b1d8f4c525c90251cdb4b3388ee0b2d70de194c7c7a0b97ce04ce05387a,2sat,5,"[[1,-5],[-2,4],[1,2],[1,-4],[3,-5],[2,4],[4,5]]",5.0,7.0,1.4,14.0,2.0,0.0,2.0,2.0,1.0,0.0,0.7142857142857143,0.8944271909999159,0.7483314773547883,0.6,0.7,0.6403124237432849,2.0,2.8,0.9797958971132712,1.0,4.0,0.4999999999999999,0.4944132324730442,-0.3333333333333333,1.0,2.4,0.8,1.0,3.0,0.7142857142857143,1
sat-02701,30076086911dd2239e1c1dce0f2525c22e0ca60430968b884352e75005e5eda5,2sat,5,"[[3,-5],[-3,-4],[3,4],[-4,5],[4,5],[2,3],[-1,2],[1,2],[-3,4],[-2,4],[-1,3]]",5.0,11.0,2.2,22.0,2.0,0.0,2.0,2.0,1.0,0.0,0.6363636363636364,1.16619037896906,0.4898979485566356,0.7,1.1,0.9433981132056604,3.0,4.4,1.3564659966250536,3.0,6.0,0.2333333333333333,0.2905932629027116,-0.3333333333333333,0.5,2.8,0.7483314773547882,2.0,4.0,0.7636363636363637,0
sat-01810,4ac356f555d4cb2820632479a87c6468ebc9630b429d4acf9b352b72d7268b10,3sat,5,"[[2,3,5],[1,-2,-4],[2,3,-4],[1,2,5],[-2,3,5],[1,-4,-5],[1,3,-5],[2,-4,-5],[-1,3,5],[2,4,-5],[1,2,4],[-1,3,-5],[2,4,5],[-1,-2,-4],[2,-3,4],[-1,3,-4],[1,-2,-5],[2,-4,5],[2,3,-5],[-3,4,-5],[3,4,-5],[-3,4,5],[1,3,5],[-1,2,-5],[-2,3,-5],[-2,3,4],[-2,-3,-4],[2,-3,-4],[-1,-2,3],[-2,4,-5],[1,-3,4],[-1,2,4]]",5.0,32.0,6.4,96.0,3.0,0.0,3.0,3.0,0.0,1.0,0.5520833333333334,2.244994432064365,2.0591260281974,1.0,9.6,2.154065922853801,14.0,19.2,2.315167380558045,15.0,22.0,0.1033811802232854,0.1842813205859331,-0.2,0.3684210526315789,4.0,0.0,4.0,4.0,1.7883064516129032,0
sat-02313,c33b12f5d7c2b53ce97bcc51587b073fc28fa73affbbf8244e19ef35f95bc1a5,2sat,5,"[[-2,-4],[1,-3],[2,-3],[-2,-5],[1,-5],[-2,5],[1,5],[-1,-2],[1,-2]]",5.0,9.0,1.8,18.0,2.0,0.0,2.0,2.0,1.0,0.0,0.3888888888888889,1.4966629547095764,1.4696938456699071,0.6,0.9,0.8306623862918076,2.0,3.6,1.854723699099141,1.0,6.0,-0.4133333333333333,0.6245353828602863,-1.0,0.6,2.4,1.019803902718557,1.0,4.0,0.8888888888888888,1
sat-00314,beef84455b57028d9f29470dff760ff29fc33c9f486fc7db8f79f61347410e6e,3sat,5,"[[1,4,-5],[-1,-2,3],[3,-4,-5],[-1,2,-4],[-1,3,-4],[-1,2,5],[1,2,-5],[-1,-2,-5],[-1,-3,4],[1,-4,5],[2,-3,-5],[-2,-3,-4],[1,-2,-4],[-3,4,5],[3,4,5],[-1,2,-3],[-2,4,-5],[-3,4,-5],[-1,-2,-4],[1,2,-4]]",5.0,20.0,4.0,60.0,3.0,0.0,3.0,3.0,0.0,1.0,0.4166666666666667,0.8944271909999159,0.8944271909999159,1.0,6.0,1.61245154965971,9.0,12.0,1.4142135623730951,10.0,14.0,-0.1692707292707292,0.0946360052888563,-0.2727272727272727,0.0,4.0,0.0,4.0,4.0,1.763157894736842,1
sat-01996,b98cd17f3ba831a83ee0772c9a976afba4892f6034ca4fcdfba1d8427c03c1c6,2sat,5,"[[-2,-4],[1,4],[-2,-3],[-1,-5],[2,5],[-1,3],[-2,-5],[3,5],[1,5],[-1,-2],[-3,5],[-3,-4],[2,-4]]",5.0,13.0,2.6,26.0,2.0,0.0,2.0,2.0,1.0,0.0,0.4230769230769231,0.9797958971132712,0.6324555320336759,0.9,1.3,0.6403124237432849,2.0,5.2,0.7483314773547882,4.0,6.0,-0.18,0.2793643578634261,-0.5,0.3333333333333333,3.6,0.4898979485566356,3.0,4.0,0.717948717948718,0
sat-01345,8bd47dd234b0554975f43ad440e54115bfb2b63e0262959190e32109ff7d7513,2sat,5,"[[-1,2],[1,-4],[3,-5],[-1,5],[-3,5]]",5.0,5.0,1.0,10.0,2.0,0.0,2.0,2.0,1.0,0.0,0.5,0.6324555320336759,0.6324555320336759,0.4,0.5,0.6708203932499369,2.0,2.0,0.8944271909999159,1.0,3.0,1.1102230246251566e-17,0.6666666666666667,-1.0,1.0,1.6,0.8,1.0,3.0,0.7,1
sat-01126,6f342e73b59b82535f693139ae13522cef6afb2a8481342ae071ade7018debda,3sat,5,"[[1,-3,-5],[-3,-4,-5],[-1,-2,-4],[-1,-2,3],[1,3,5],[-1,-2,5],[-1,2,3],[-2,-3,-4],[-3,4,5],[1,2,-5],[1,-3,-4],[1,-2,4],[-2,4,5],[2,-4,-5],[1,3,4],[2,-3,4]]",5.0,16.0,3.2,48.0,3.0,0.0,3.0,3.0,0.0,1.0,0.4791666666666667,0.7999999999999999,0.8944271909999159,1.0,4.8,0.9797958971132712,6.0,9.6,0.7999999999999999,8.0,10.0,-0.04,0.1496662954709576,-0.2,0.2,4.0,0.0,4.0,4.0,1.7333333333333334,1
sat-00354,33a19846b5a9ba88a0b23fabe0c4ba6e612b0bf11afeaf1374910aec68aa5116,mixed,5,"[[1,2,5],[-2,4,5],[2,4,-5],[-1,4,5],[1,-4,-5],[-2,-4,-5],[-1,2,4],[1,4],[-1,3,5],[-3,-4,5],[-3,-4]]",5.0,11.0,2.2,31.0,2.8181818181818183,0.385694607919935,2.0,3.0,0.1818181818181818,0.8181818181818182,0.5483870967741935,1.4966629547095769,0.7483314773547882,0.9,2.9,1.7,6.0,6.2,2.1354156504062622,3.0,9.0,0.0455555555555555,0.207644044900681,-0.3333333333333333,0.25,3.6,0.4898979485566356,3.0,4.0,1.6727272727272726,1
sat-00252,e7b46084d8f8db978921c2eb4248a55b03602327c104ac6b46d4620f904e81a3,2sat,4,"[[-1,2],[-2,3],[-3,-4],[-1,-3],[-1,-2],[2,-3],[1,3],[-1,3],[-1,-4],[1,4],[2,3],[1,2],[1,-3],[3,-4],[3,4],[2,4],[-2,4],[-2,-3]]",4.0,18.0,4.5,36.0,2.0,0.0,2.0,2.0,1.0,0.0,0.5277777777777778,0.82915619758885,0.82915619758885,1.0,3.0,0.816496580927726,4.0,9.0,1.4142135623730951,7.0,11.0,0.0584415584415584,0.099627206484477,-0.1111111111111111,0.1428571428571428,3.0,0.0,3.0,3.0,0.9673202614379084,0
sat-02818,2d22f9b3e0eaa00c8c4f0a091646accf5daabf3058a517407b9922d8c3bcc5f9,3sat,5,"[[1,-3,-4],[-1,2,3],[2,-3,5],[1,-2,5],[-3,4,-5],[-1,-2,-3],[1,2,5],[2,4,-5],[-3,-4,-5],[-3,4,5],[-1,-3,4],[1,4,5],[-2,-3,4],[-2,4,-5],[-2,3,-4],[1,-4,-5],[-2,-4,-5],[-1,2,-5],[1,-3,-5],[-1,-2,-4],[-2,-3,5],[1,4,-5],[-2,3,4],[1,-4,5],[-2,-3,-5]]",5.0,25.0,5.0,75.0,3.0,0.0,3.0,3.0,0.0,1.0,0.4266666666666667,2.154065922853801,2.244994432064365,1.0,7.5,1.3601470508735445,10.0,15.0,1.4142135623730951,13.0,17.0,-0.1450926524455936,0.2940760584506848,-0.5714285714285714,0.2307692307692307,4.0,0.0,4.0,4.0,1.7666666666666666,0
sat-00273,2008b901ff80e5ff9e6e8594dcedca891c9503c670cd9b98d07d1a176b886980,3sat,5,"[[1,2,3],[-1,-2,4],[1,2,-3],[-1,2,5],[-2,3,5],[-2,-4,5],[-2,-3,-5],[1,-2,5],[-2,4,5],[1,2,5],[-1,-3,-4],[-1,2,3],[-1,2,-4],[1,-2,-5],[1,-3,-5],[-1,3,-4],[1,4,-5],[-3,-4,-5],[-1,-2,-5],[3,-4,5],[1,-3,-4],[1,2,-5],[-1,2,-5],[1,-4,5],[-1,-4,-5],[1,-3,5]]",5.0,26.0,5.2,78.0,3.0,0.0,3.0,3.0,0.0,1.0,0.4615384615384615,2.85657137141714,0.7999999999999999,1.0,7.8,2.8213471959331766,12.0,15.6,3.2,12.0,20.0,-0.1133333333333333,0.2114500203620494,-0.5,0.1,4.0,0.0,4.0,4.0,1.8307692307692307,0
sat-00906,4829ccc4290442c78912c874cc5d9eb38bb5389a0dffda5d9fdde8575d2d7c63,mixed,5,"[[-2,3,-4],[1,2,4],[-1,-3,4],[2,3,5],[-2,-4],[-1,-2,3],[1,4,5],[-1,2,-5],[-2,-3,-4],[-1,2,4]]",5.0,10.0,2.0,29.0,2.9,0.3,2.0,3.0,0.1,0.9,0.5172413793103449,0.8944271909999159,1.16619037896906,1.0,2.8,1.32664991614216,5.0,5.8,1.7204650534085253,3.0,8.0,0.0685714285714285,0.2276489320888177,-0.3333333333333333,0.3333333333333333,4.0,0.0,4.0,4.0,1.711111111111111,1
sat-02336,e48a06897354818ebc3da48f9775f16ca9733432e02780357a301d9d6eb44388,mixed,5,"[[2,4,-5],[-3,-4,5],[1,-3],[-1,-4,5],[1,3,-4],[2,-3],[-2,4,-5],[-3,-4,-5],[2,3,-4],[-1,2,-5],[-2,-4],[-1,4],[1,2,4],[-1,2],[-1,4,-5],[-1,5],[-2,-3,4],[3,-4],[-3,4,5],[-1,3,-4],[1,4,5]]",5.0,21.0,4.2,56.0,2.6666666666666665,0.4714045207910317,2.0,3.0,0.3333333333333333,0.6666666666666666,0.4821428571428571,1.4966629547095764,1.7204650534085253,1.0,4.9,2.071231517720798,8.0,11.2,2.4819347291981715,9.0,16.0,-0.0278787878787878,0.2105256005014188,-0.2727272727272727,0.3333333333333333,4.0,0.0,4.0,4.0,1.4333333333333331,0
sat-00723,f45717babbe1afe2748237f22e46dc6807e45477b087b61c085726bf1266bf38,mixed,4,"[[1,2],[1,-3],[-1,2,-4],[-1,2,3],[1,-3,-4],[2,4],[1,3],[2,3],[1,-2],[-1,-2,-3],[-3,-4],[1,2,-4],[-1,-3,4],[-1,3],[1,2,4],[1,-2,4],[-1,4],[1,3,4],[1,2,3]]",4.0,19.0,4.75,48.0,2.526315789473684,0.4993069989739546,2.0,3.0,0.4736842105263157,0.5263157894736842,0.625,1.6583123951777,1.118033988749895,1.0,6.5,2.217355782608345,9.0,12.0,2.345207879911715,10.0,16.0,0.2488636363636364,0.131950364760127,0.0909090909090909,0.4545454545454545,3.0,0.0,3.0,3.0,1.608187134502924,0
sat-00528,493b0731b4954bee04a2d07b7e55177ede1d25ad31e77f5cfe85660d85132f9d,2sat,5,"[[2,-4],[-3,-5],[3,4],[1,-5],[-1,-3],[1,4],[-2,3],[-2,5],[-2,4],[-1,-4],[-2,-3],[-3,4],[2,5],[-1,2],[-4,-5],[3,-4]]",5.0,16.0,3.2,32.0,2.0,0.0,2.0,2.0,1.0,0.0,0.4375,0.7483314773547882,0.4898979485566356,1.0,1.6,0.66332495807108,3.0,6.4,1.2,5.0,8.0,-0.1371428571428571,0.0731785627135182,-0.2,0.0,4.0,0.0,4.0,4.0,0.75,0
sat-01365,57dd18c090c186a61263dadf5d1c82f8bebb5a83a5f014e7c3d70814f4401baa,mixed,5,"[[2,-4,-5],[1,3,-4],[-1,-4,5],[1,-3,4],[2,4,-5],[1,3]]",5.0,6.0,1.2,17.0,2.833333333333333,0.3726779962499649,2.0,3.0,0.1666666666666666,0.8333333333333334,0.5882352941176471,0.6324555320336759,1.019803902718557,0.7,1.6,1.2,3.0,3.4,1.019803902718557,2.0,5.0,0.26,0.4846075158769666,-0.3333333333333333,1.0,2.8,0.7483314773547882,2.0,4.0,1.5333333333333334,1
sat-00530,fefae09e81edd5c1dfffcec2a965cfe2e21c0fc66197d1d5e37b7b93bf4b2efd,2sat,4,"[[3,-4],[-2,-4],[-1,2],[1,3],[-1,-4],[2,3],[1,-4],[3,4]]",4.0,8.0,2.0,16.0,2.0,0.0,2.0,2.0,1.0,0.0,0.5625,1.0897247358851685,1.479019945774904,1.0,1.3333333333333333,0.4714045207910317,2.0,4.0,0.7071067811865476,3.0,5.0,0.1833333333333333,0.5780715065341542,-0.6,1.0,3.0,0.0,3.0,3.0,0.8928571428571429,1
sat-00108,f7d2f445b4c27f361fbcd64f44db9a8a45f308eeaa3cdcd16dc05a6ff5081b42,2sat,4,"[[-1,3],[1,3],[1,4],[1,-4],[3,-4],[-1,4],[-2,-3],[-1,-2],[-1,2],[2,3],[2,-3],[2,-4],[-1,-4],[-3,-4],[-3,4],[-2,3],[-2,4],[-1,-3]]",4.0,18.0,4.5,36.0,2.0,0.0,2.0,2.0,1.0,0.0,0.4444444444444444,0.7071067811865476,0.7071067811865476,1.0,3.0,0.816496580927726,4.0,9.0,0.7071067811865476,8.0,10.0,-0.1111111111111111,0.1360827634879543,-0.3333333333333333,0.0,3.0,0.0,3.0,3.0,0.9477124183006536,0
sat-01006,292a2765ce06156180c04083bea7ea74073092cb1636de261a0255cd09b510f1,mixed,4,"[[1,-2,-3],[-1,-2,-3],[-2,-3,4],[3,4],[-1,-2],[-2,4],[-1,2,3],[-1,-4],[1,-2,3],[-1,-3,-4],[-1,-2,3],[-1,-3],[-1,4],[1,-2,-4],[-2,3,-4],[1,3],[-2,3,4]]",4.0,17.0,4.25,44.0,2.588235294117647,0.4921529567847503,2.0,3.0,0.4117647058823529,0.5882352941176471,0.3863636363636363,2.165063509461097,2.384848003542364,1.0,6.166666666666667,1.5723301886761007,8.0,11.0,1.224744871391589,9.0,12.0,-0.2184343434343434,0.3968002664874891,-0.8181818181818182,0.1666666666666666,3.0,0.0,3.0,3.0,1.6397058823529411,1
sat-01339,728ce47ee97d5913bf3aa6b535df155a03f3707fdce722434586b2a905efc79a,2sat,5,"[[1,-5],[-3,5],[-1,4],[-1,-2],[1,2],[1,-4],[-4,-5],[-1,-4],[-2,3],[-1,2],[3,-5],[-3,4],[1,-2],[-3,-4],[2,-5],[-1,-3],[2,-3],[2,5],[-2,-4],[-3,-5],[1,-3],[-2,-3],[-1,-5],[2,3],[-1,3],[-4,5],[4,-5],[1,3],[1,4],[-2,4]]",5.0,30.0,6.0,60.0,2.0,0.0,2.0,2.0,1.0,0.0,0.4333333333333333,1.32664991614216,0.7483314773547882,1.0,3.0,0.8944271909999159,4.0,12.0,1.4142135623730951,10.0,14.0,-0.1443356643356643,0.1532024677892964,-0.4,0.0,4.0,0.0,4.0,4.0,0.7701149425287356,0
sat-01375,8c28e6f95311216868fdef0b502a2caed1ca1b1743991c1b33b9ed0b150c7f2a,3sat,5,"[[1,-2,5],[-2,-3,5],[-2,-4,-5],[2,-4,-5],[1,3,4],[2,4,-5],[-1,3,5],[3,-4,-5],[1,4,5],[-2,4,5],[2,3,-4],[-2,-3,-4],[1,3,-5],[-1,4,-5],[-1,-2,5],[-3,4,5],[-1,-3,-5],[-3,-4,5],[1,3,-4],[1,-2,4],[1,2,4],[1,2,-4],[2,-4,5],[2,-3,-4],[2,-3,4],[1,2,3],[-2,-3,-5],[-2,-3,4],[2,3,-5],[1,3,5],[1,-2,-3],[-2,3,5]]",5.0,32.0,6.4,96.0,3.0,0.0,3.0,3.0,0.0,1.0,0.5416666666666666,0.4898979485566356,2.481934729198171,1.0,9.6,1.9078784028338915,13.0,19.2,2.1354156504062622,15.0,21.0,0.1038095238095238,0.1877036309217924,-0.0476190476190476,0.4666666666666667,4.0,0.0,4.0,4.0,1.784274193548387,0
sat-01795,26689a28555d72977d05141bd6106aece22c9482020d192474cb5d50938ad369,2sat,4,"[[1,-2],[1,-3],[3,-4],[3,4],[-1,2],[1,4],[-2,-4],[2,4],[-3,-4],[2,-4],[-1,-2],[-2,4],[-1,-3],[1,2],[2,3],[-3,4],[-1,3],[-1,-4],[2,-3]]",4.0,19.0,4.75,38.0,2.0,0.0,2.0,2.0,1.0,0.0,0.5,0.82915619758885,0.4330127018922193,1.0,3.1666666666666665,0.8975274678557507,4.0,9.5,0.5,9.0,10.0,-0.0055555555555555,0.1270510736225474,-0.1111111111111111,0.2,3.0,0.0,3.0,3.0,0.9473684210526316,0
sat-02623,f6a3e7004ca46f34be53b883e201093e73170da47f96abc2f3b81f85032d726e,2sat,4,"[[-2,4],[2,3],[1,-3],[1,-4],[-1,2],[2,-3],[3,-4],[-1,3],[-3,-4],[2,-4],[1,-2],[-1,4],[2,4]]",4.0,13.0,3.25,26.0,2.0,0.0,2.0,2.0,1.0,0.0,0.5384615384615384,0.8660254037844386,0.7071067811865476,1.0,2.1666666666666665,0.3726779962499649,3.0,6.5,0.5,6.0,7.0,0.0714285714285714,0.2142857142857142,-0.1428571428571428,0.4285714285714285,3.0,0.0,3.0,3.0,0.9230769230769232,0
sat-02693,820e8e96850b38d12ec34521101969b6feec6b3d63bfe2de2d4d896156a9305f,2sat,5,"[[1,3],[-4,-5],[-2,5],[-1,-2],[-2,-5],[-2,-3],[-3,-5],[-1,-5],[2,4],[-1,3],[-1,-3],[-2,3],[-1,5],[-3,-4],[-2,-4],[3,4],[-2,4],[4,-5],[1,5],[2,5],[-1,4],[3,-4],[1,-5],[1,-4]]",5.0,24.0,4.8,48.0,2.0,0.0,2.0,2.0,1.0,0.0,0.4166666666666667,1.095445115010332,1.0198039027185568,1.0,2.4,0.916515138991168,4.0,9.6,0.4898979485566356,9.0,10.0,-0.1688888888888888,0.2273193218230119,-0.5555555555555556,0.1111111111111111,4.0,0.0,4.0,4.0,0.75,0
sat-01546,7db15d9c15a0a4cb52b27767f72fc2aecb5580c9e69db9d246ffaaba7f21425c,2sat,4,"[[1,3],[-1,2],[3,4],[-1,-4],[-2,-3],[3,-4],[1,-2],[-2,-4],[2,3],[-2,4],[1,-4],[-1,4],[1,4],[-3,-4]]",4.0,14.0,3.5,28.0,2.0,0.0,2.0,2.0,1.0,0.0,0.5,0.8660254037844386,1.118033988749895,1.0,2.333333333333333,0.9428090415820634,4.0,7.0,1.224744871391589,6.0,9.0,0.0079365079365079,0.2523510015172165,-0.3333333333333333,0.3333333333333333,3.0,0.0,3.0,3.0,0.956043956043956,0
sat-00647,26024f5822adfd058cfc268323fc016f03c3b5439177e363f08478ee9c80a996,mixed,5,"[[-1,-3,-5],[-1,2,3],[-1,-4,5],[-3,-4],[-2,4,5],[-2,4],[1,4],[-1,3,-5],[1,-3],[-2,-4],[1,-3,4],[-2,5],[1,-2,-3],[-3,4,-5],[1,-2,5],[2,3,5],[1,3,-5],[1,4,5],[-1,-2,-3],[1,2],[-1,-2,-4],[-1,2,-3],[-2,-4,5],[-1,-2,3]]",5.0,24.0,4.8,65.0,2.708333333333333,0.4545296714431547,2.0,3.0,0.2916666666666667,0.7083333333333334,0.4615384615384615,1.4142135623730951,2.1908902300206643,1.0,5.8,1.833030277982336,10.0,13.0,1.8973665961010275,11.0,16.0,-0.0591408591408591,0.2457984252419679,-0.4285714285714285,0.2727272727272727,4.0,0.0,4.0,4.0,1.4456521739130437,0
sat-00168,de06d234387a9ce0081138b7e457667f838dc696ab1bef9cad32406221d1572a,mixed,4,"[[-2,3],[2,-3,4],[1,2,-3],[2,-4],[1,2],[1,-3,-4]]",4.0,6.0,1.5,15.0,2.5,0.5,2.0,3.0,0.5,0.5,0.6,1.299038105676658,1.118033988749895,1.0,2.0,0.5773502691896257,3.0,3.75,0.82915619758885,3.0,5.0,0.1916666666666667,0.6273289939630294,-0.5,1.0,3.0,0.0,3.0,3.0,1.4666666666666666,1
sat-00337,e972d2038f5376112b6c4d18d086ca20671bdea30f858bbcc687637877275bdf,mixed,5,"[[-1,4,5],[2,3,-5],[2,-4],[-2,-3,-4],[-1,-4,5],[2,-3,-4],[1,2,-5],[3,-4,-5],[1,3],[-1,-4,-5],[-3,4,5],[1,-2,4],[-1,5],[-3,-5],[-2,3,5]]",5.0,15.0,3.0,41.0,2.7333333333333334,0.4422166387140533,2.0,3.0,0.2666666666666666,0.7333333333333333,0.4634146341463415,0.7483314773547882,1.0198039027185568,1.0,3.7,1.2688577540449522,5.0,8.2,1.16619037896906,7.0,10.0,-0.0666666666666666,0.1610622335741691,-0.3333333333333333,0.1428571428571428,4.0,0.0,4.0,4.0,1.438095238095238,1
sat-01748,ba3daba31eb8bfbfdec2d5458f40b6fd4e567d3855585f37ddd32fdada3f1011,mixed,4,"[[-2,-3,4],[-1,3],[-2,3],[3,4],[-1,-2,-3],[-1,-3,4]]",4.0,6.0,1.5,15.0,2.5,0.5,2.0,3.0,0.5,0.5,0.4,1.5,1.299038105676658,1.0,2.0,1.0,3.0,3.75,1.299038105676658,3.0,6.0,-0.25,0.82915619758885,-1.0,1.0,3.0,0.0,3.0,3.0,1.6,1
sat-00303,43018e2e4e2d2823f9443c745d4c0f50a8aeb542aea4d3e14f9a6b710ba3b948,3sat,4,"[[1,2,-3],[-1,2,-3],[1,3,4],[1,-2,-4],[2,3,-4],[-1,-2,4],[2,-3,-4],[1,3,-4],[1,-2,3],[1,2,-4],[2,3,4]]",4.0,11.0,2.75,33.0,3.0,0.0,3.0,3.0,0.0,1.0,0.6060606060606061,1.224744871391589,1.0897247358851685,1.0,5.5,0.5,6.0,8.25,0.4330127018922193,8.0,9.0,0.2083333333333333,0.2795084971874737,-0.25,0.5,3.0,0.0,3.0,3.0,2.1818181818181817,1
sat-02835,605110b009b6289fa952265ff5bd43673b90ff85a9e0654c3e59a8e941b58ab9,mixed,4,"[[2,-3,4],[-2,-3,-4],[-1,2,3],[1,2],[-1,-2,4],[-1,2],[2,-3,-4],[-1,2,4],[-1,-2,3],[2,3],[-1,-2,-3],[-2,-3],[2,-4],[1,3],[2,-3],[1,-2,3],[-2,3,4],[-1,2,-4],[2,4],[-1,3],[2,3,-4],[1,2,-3],[2,3,4],[-1,-3]]",4.0,24.0,6.0,62.0,2.583333333333333,0.4930066485916347,2.0,3.0,0.4166666666666667,0.5833333333333334,0.532258064516129,3.766629793329841,1.479019945774904,1.0,8.666666666666666,3.5433819375782165,14.0,15.5,3.840572873934304,11.0,21.0,0.024612642259701,0.2590085167423599,-0.3846153846153846,0.3333333333333333,3.0,0.0,3.0,3.0,1.7355072463768115,0
sat-01614,277d98533583cab6515f6c36366e1f95f371c493e1480a36512738f740990594,2sat,5,"[[-2,-5],[1,-5],[-4,-5],[1,-3],[-3,-4],[1,-2],[1,-4],[-1,2],[2,-5],[-1,3],[2,5],[2,3],[-1,5],[1,5],[1,2],[-1,-2],[-1,-3],[-3,4],[-4,5],[-2,-3],[-2,4],[-1,-5],[3,4],[3,-5],[1,4],[2,-4],[-2,5]]",5.0,27.0,5.4,54.0,2.0,0.0,2.0,2.0,1.0,0.0,0.4814814814814814,1.16619037896906,0.4898979485566356,1.0,2.7,1.004987562112089,4.0,10.8,1.6,9.0,13.0,-0.0472416472416472,0.0744501369070616,-0.1111111111111111,0.0769230769230769,4.0,0.0,4.0,4.0,0.7720797720797721,0
sat-00275,277c86245b4191533195d1d099454d37d1c5782ac67ceb9f913bcc8f92cb420f,3sat,4,"[[-1,2,-3],[-2,3,4],[1,2,3],[-1,-2,4],[1,-3,-4],[-1,2,-4],[2,-3,4],[1,2,-3],[-2,3,-4],[1,2,-4],[-1,-2,-4],[1,-2,4],[-1,3,4],[-1,-3,4],[-1,2,4],[1,-2,-4],[1,-2,-3],[2,3,4],[2,-3,-4],[-1,-2,3],[-1,-2,-3],[-2,-3,4]]",4.0,22.0,5.5,66.0,3.0,0.0,3.0,3.0,0.0,1.0,0.4696969696969697,1.299038105676658,1.0897247358851685,1.0,11.0,1.7320508075688772,13.0,16.5,1.5,15.0,19.0,-0.0631578947368421,0.1204827834507206,-0.2,0.125,3.0,0.0,3.0,3.0,2.2337662337662336,0
sat-00026,2360a9fbff2714c1c13f138975a017c0735376f05010cc0b3c138208488132c0,mixed,4,"[[1,-2],[1,4],[1,-3,-4],[1,2,4],[-1,-2,3],[-1,-4],[1,-3,4],[-1,4],[-1,2,4],[-1,-3],[-1,-2,4],[1,3,4],[-1,2,-4],[1,2,-4],[2,3,4],[2,-3],[2,-3,-4],[1,-4],[1,2,3]]",4.0,19.0,4.75,50.0,2.631578947368421,0.48237638894272,2.0,3.0,0.3684210526315789,0.631578947368421,0.58,1.920286436967152,1.479019945774904,1.0,7.166666666666667,2.4094720491334933,12.0,12.5,2.692582403567252,9.0,16.0,0.1528228715728715,0.2009795339222828,-0.1111111111111111,0.4545454545454545,3.0,0.0,3.0,3.0,1.7660818713450293,0
sat-00919,4473c348454c92d8e94204dbc1c734332693c3abfaea9b1553ffa5b86b6c094b,3sat,5,"[[-2,3,-4],[-1,-4,-5],[2,4,5],[-1,2,3],[1,2,4],[2,3,-5],[3,-4,5],[-1,-3,4],[-1,2,4],[-1,-2,3],[-3,4,5],[-1,-2,5],[-2,-3,-4],[2,-3,-4],[1,-2,-5],[1,-4,-5],[-1,4,5]]",5.0,17.0,3.4,51.0,3.0,0.0,3.0,3.0,0.0,1.0,0.4901960784313725,1.095445115010332,1.16619037896906,1.0,5.1,1.2206555615733703,6.0,10.2,1.16619037896906,9.0,12.0,-0.0173737373737373,0.1956765632787691,-0.4,0.1111111111111111,4.0,0.0,4.0,4.0,1.75,1
sat-02545,613dbccd166255fd9457c63ff1154d3c7ec410a4317f685a0f7ffb96a876c150,mixed,4,"[[1,3,4],[1,-3],[1,2,4],[-1,2,3],[-3,4],[-1,-3,-4],[-2,4],[2,4],[2,-3,-4],[-1,3,4],[-3,-4],[-1,-4],[1,-3,4],[-1,2,-4],[-1,2,4],[-1,4],[1,3],[2,-3],[1,-2,4],[-1,3,-4],[-1,-3,4]]",4.0,21.0,5.25,54.0,2.571428571428572,0.4948716593053935,2.0,3.0,0.4285714285714285,0.5714285714285714,0.5370370370370371,2.277608394786075,2.680951323690902,1.0,7.5,2.9297326385411577,12.0,13.5,2.958039891549808,9.0,17.0,0.104725992961287,0.3333659659754475,-0.2307692307692307,0.5555555555555556,3.0,0.0,3.0,3.0,1.6904761904761905,0
sat-00648,b2df0b2ee781795db313a01d19ad14512e288383ac24ae2acc71775565e4222d,mixed,5,"[[1,-3,4],[2,-4],[1,-3,5],[-1,2,4],[-1,5],[1,2,-5],[4,5]]",5.0,7.0,1.4,18.0,2.571428571428572,0.4948716593053935,2.0,3.0,0.4285714285714285,0.5714285714285714,0.6666666666666666,1.2000000000000002,0.7483314773547883,0.9,1.5,0.806225774829855,3.0,3.6,1.019803902718557,2.0,5.0,0.24,0.6711184694225008,-1.0,1.0,3.6,0.4898979485566356,3.0,4.0,1.238095238095238,1
sat-02822,055cbedf6fe92bd7f3e16de06654a3356eed8b37f5a36f55d084b949d27a726d,2sat,4,"[[-1,2],[3,-4],[3,4],[-3,4],[2,-4],[-1,3],[-1,4],[2,4],[-1,-2],[1,4],[1,-4],[-2,4],[1,-3]]",4.0,13.0,3.25,26.0,2.0,0.0,2.0,2.0,1.0,0.0,0.5769230769230769,1.299038105676658,0.82915619758885,0.8333333333333334,2.1666666666666665,1.0671873729054748,3.0,6.5,1.6583123951777,5.0,9.0,0.1476190476190476,0.1763191293483201,-0.1428571428571428,0.3333333333333333,2.5,0.5,2.0,3.0,0.9871794871794872,0
sat-01470,d45f0ef23d53088ed675753fa7a1d2f46936c2485c5721612dc22001990b55fb,mixed,5,"[[-1,-4],[-2,3,-5],[1,3,-5],[-1,2,3],[-1,2,4],[2,3,-4],[-1,2,-5],[-1,3,5],[-3,5],[-2,3],[-2,-3,-5],[-2,-3,5],[-2,4,5],[2,4,-5],[-1,2,-3],[-3,4],[3,-4,5],[2,-3,4],[-1,-4,5],[1,-2],[1,-2,5],[3,-4,-5],[2,3,4],[3,5],[3,-5],[1,4]]",5.0,26.0,5.2,70.0,2.6923076923076925,0.4615384615384615,2.0,3.0,0.3076923076923077,0.6923076923076923,0.5428571428571428,2.244994432064365,0.8,1.0,6.2,1.8867962264113207,10.0,14.0,2.1908902300206643,11.0,17.0,0.0642780748663101,0.188092353765243,-0.2727272727272727,0.2941176470588235,4.0,0.0,4.0,4.0,1.436923076923077,1
sat-01213,89a96c964a43494ce6744e2eccb71a0f366137184f42074f440dd23a560e8245,mixed,5,"[[-3,4],[-1,-2,3],[1,2],[2,-3,-5],[-1,-2,-4],[-1,2,-4],[3,4,5],[1,-3,-4],[-2,-3,-5],[1,-2,3],[-1,3,4],[3,4],[-1,-4,5]]",5.0,13.0,2.6,36.0,2.769230769230769,0.4213250442347432,2.0,3.0,0.2307692307692307,0.7692307692307693,0.4722222222222222,1.019803902718557,0.9797958971132712,1.0,3.3,1.417744687875783,5.0,7.2,1.7204650534085253,4.0,9.0,-0.0563492063492063,0.1259981563331183,-0.25,0.1111111111111111,4.0,0.0,4.0,4.0,1.5256410256410255,0
sat-00170,cf5b9d09c7f96bc395b7cfee7ff42f5e966d023806d635d8737220d692723d21,2sat,4,"[[-2,-4],[-3,-4],[2,3],[-1,3],[2,-4],[1,-2],[-1,-3],[-2,4]]",4.0,8.0,2.0,16.0,2.0,0.0,2.0,2.0,1.0,0.0,0.375,0.5,0.5,0.8333333333333334,1.3333333333333333,0.9428090415820634,3.0,4.0,0.7071067811865476,3.0,5.0,-0.2583333333333333,0.1831438414652992,-0.5,0.0,2.5,0.5,2.0,3.0,0.8928571428571429,1
sat-01100,485085f88268b5e0401ae28a780849bf1fe15906cc9667c60a718ebf680f6716,2sat,5,"[[-2,3],[-2,-4],[1,-4],[1,-5],[2,-5],[1,2],[1,4],[3,4],[3,-5],[-1,5],[-3,-4],[-1,2],[-2,-3],[-1,-4],[1,3],[-4,5],[3,-4]]",5.0,17.0,3.4,34.0,2.0,0.0,2.0,2.0,1.0,0.0,0.5,1.3564659966250538,1.3564659966250536,1.0,1.7,0.7810249675906655,3.0,6.8,1.16619037896906,5.0,8.0,-0.0042857142857142,0.32743904246533,-0.5,0.4285714285714285,4.0,0.0,4.0,4.0,0.75,0
sat-00960,fd31ca93aff573b6f846e4d966af36555521b65ae4867fedb7ebb9eb291f159f,3sat,5,"[[1,4,-5],[-3,4,-5],[-1,2,-3],[-2,3,4],[-2,-3,-5],[1,-3,4],[1,2,4],[-1,-2,-5],[2,4,-5],[2,-3,-4],[-2,4,-5],[-2,4,5],[1,2,-3],[1,-3,-4],[-1,4,-5],[-1,-2,5],[1,2,5],[1,3,-4],[1,2,-5],[1,-2,-3],[-2,-3,-4],[1,-4,5],[-1,-2,-4],[-1,2,5],[1,-2,4],[-2,-3,5],[-2,3,-5],[-1,2,-4],[1,3,-5],[1,-4,-5]]",5.0,30.0,6.0,90.0,3.0,0.0,3.0,3.0,0.0,1.0,0.4666666666666667,3.1368774282716245,1.8547236990991407,1.0,9.0,2.0976176963403037,12.0,18.0,2.449489742783178,14.0,21.0,-0.0908870214752567,0.2651905913163612,-0.4285714285714285,0.3,4.0,0.0,4.0,4.0,1.793103448275862,0
sat-00145,4d2b373ddb32375d1ab5774dae17b66427d62277b0e5577704e35cad7ccb40f6,mixed,4,"[[1,-2,3],[1,-3,4],[-2,3,4],[-1,3,-4]]",4.0,4.0,1.0,12.0,3.0,0.0,3.0,3.0,0.0,1.0,0.5833333333333334,1.0897247358851685,0.4330127018922193,1.0,2.0,0.816496580927726,3.0,3.0,0.7071067811865476,2.0,4.0,0.0416666666666666,0.6052432935972479,-1.0,0.5,3.0,0.0,3.0,3.0,2.1666666666666665,1
sat-00094,0fbbaa28e78e196016125fc9d6f6bc28ce3da8ca729a632ee740b60d0a9ca2b5,2sat,5,"[[1,3],[4,-5],[-1,2],[-4,5],[-2,-5],[-1,-3],[-2,-4],[1,5],[2,-4],[1,-2],[2,-3],[3,-5],[-2,3],[-1,-2],[1,-4],[-3,5],[-2,4],[1,-5],[-1,-4],[2,3],[-1,5]]",5.0,21.0,4.2,42.0,2.0,0.0,2.0,2.0,1.0,0.0,0.4523809523809524,0.9797958971132712,1.0198039027185568,0.9,2.1,0.9433981132056604,3.0,8.4,1.3564659966250536,7.0,10.0,-0.0971428571428571,0.1984429183335467,-0.4285714285714285,0.1428571428571428,3.6,0.4898979485566356,3.0,4.0,0.7619047619047619,0
sat-00448,b32133d576e4fde96d2508d23f3884621e3b37179574d65168963cde5e4f04e2,2sat,4,"[[-1,-3],[-2,3],[2,4],[-1,-2],[-3,4],[-3,-4],[1,3],[2,-4],[2,-3],[1,4],[-1,4],[-1,3],[-1,2],[3,4],[1,-2],[-2,4],[3,-4],[-2,-4]]",4.0,18.0,4.5,36.0,2.0,0.0,2.0,2.0,1.0,0.0,0.5,1.118033988749895,0.5,1.0,3.0,0.816496580927726,4.0,9.0,0.7071067811865476,8.0,10.0,-0.0124999999999999,0.1778808295072092,-0.25,0.2,3.0,0.0,3.0,3.0,0.9477124183006536,0
sat-00844,22fe28bc56814b91b19c24ad11c89a2508f494809ba1350e3f492b50882d1daf,2sat,5,"[[3,-5],[4,-5],[-3,4],[-2,5],[2,4],[-4,5],[2,-3],[2,5],[-3,-5],[3,-4],[-2,-3],[-2,-4],[-1,4],[-4,-5],[-3,5],[1,3],[1,4],[2,3],[3,4],[2,-5],[-2,-5],[1,5],[-2,3],[3,5],[-1,-5],[1,-4],[-2,4],[-1,-4],[1,-5],[1,-2],[2,-4],[-1,3],[-1,-3],[-1,5],[-1,-2]]",5.0,35.0,7.0,70.0,2.0,0.0,2.0,2.0,1.0,0.0,0.4857142857142857,0.7483314773547882,0.7483314773547882,1.0,3.5,0.6708203932499369,4.0,14.0,0.6324555320336759,13.0,15.0,-0.0287179487179487,0.0970096158589823,-0.1428571428571428,0.1428571428571428,4.0,0.0,4.0,4.0,0.7663865546218488,0
sat-02850,39cf32ca9247c48412930d72f6c73235ac342ce21a67c4f6daa8671be1d99e1f,3sat,5,"[[-1,3,4],[-1,-3,-5],[-1,-3,-4],[1,2,-5],[-1,-4,-5],[2,-4,-5],[-1,2,4],[1,4,5],[1,-2,-5],[-1,-2,4],[1,4,-5],[2,3,-5],[-2,4,-5],[1,3,4],[1,-2,-4],[-1,3,-4],[-2,-4,5],[2,3,-4],[1,3,-4],[2,-3,5],[-1,2,-4],[-1,-2,-3],[-2,3,-5],[2,3,5],[-1,-2,-4],[1,-3,4],[1,-2,3],[-1,-2,-5],[-1,-3,5]]",5.0,29.0,5.8,87.0,3.0,0.0,3.0,3.0,0.0,1.0,0.4482758620689655,1.469693845669907,1.9595917942265424,1.0,8.7,2.325940669922601,14.0,17.4,2.244994432064365,15.0,21.0,-0.0996825396825396,0.1711885444843217,-0.3333333333333333,0.2,4.0,0.0,4.0,4.0,1.7881773399014778,0
sat-00807,229b2cb0973466cc220a79165399e9b9711bef5d95c46ae3b38414c86d88cca3,2sat,4,"[[1,-2],[1,-3],[-2,-3],[1,4],[-3,4]]",4.0,5.0,1.25,10.0,2.0,0.0,2.0,2.0,1.0,0.0,0.5,1.299038105676658,1.299038105676658,0.8333333333333334,0.8333333333333334,0.3726779962499649,1.0,2.5,0.5,2.0,3.0,0.0,1.0,-1.0,1.0,2.5,0.5,2.0,3.0,0.8,1
sat-01004,d3390c9a3e218bb3ffcf43e2e8c9d43920940c4bdbdac3c5384df33d15254178,mixed,4,"[[2,4],[-1,4],[-2,-4],[2,-3],[-1,3,4],[1,-3]]",4.0,6.0,1.5,13.0,2.1666666666666665,0.3726779962499649,2.0,3.0,0.8333333333333334,0.1666666666666666,0.5384615384615384,0.82915619758885,0.5,0.8333333333333334,1.3333333333333333,0.74535599249993,2.0,3.25,0.4330127018922193,3.0,4.0,0.0416666666666666,0.3796013991310124,-0.3333333333333333,0.5,2.5,0.5,2.0,3.0,1.0,1
sat-01514,469bf3e20fd31115ebba9d1d72bdd86a8f72880a98de599b2c0902e66d1cb426,2sat,5,"[[1,3],[-1,4],[2,3],[1,5],[3,5],[-1,-2],[1,-4],[3,-4],[-4,-5],[-1,-4],[-2,-4],[2,4],[1,-5],[-1,3],[-2,3],[-3,-4],[4,-5],[1,4],[-1,2],[-4,5],[-3,5]]",5.0,21.0,4.2,42.0,2.0,0.0,2.0,2.0,1.0,0.0,0.5238095238095238,1.0198039027185568,1.7888543819998317,0.9,2.1,0.9433981132056604,4.0,8.4,1.8547236990991407,6.0,11.0,0.074025974025974,0.251948051948052,-0.2727272727272727,0.5,3.6,0.4898979485566356,3.0,4.0,0.780952380952381,0
sat-00029,79881673b3128c53ef29405f3eb4c7c5f1d8a5ab2181b67915e6296f52a15f80,mixed,5,"[[-2,3,5],[-1,3,5],[-1,2,-5],[-1,2],[-3,-4]]",5.0,5.0,1.0,13.0,2.6,0.4898979485566356,2.0,3.0,0.4,0.6,0.4615384615384615,0.9797958971132712,0.8000000000000002,0.7,1.1,0.8306623862918074,2.0,2.6,0.8,1.0,3.0,-0.2,0.6531972647421808,-1.0,0.3333333333333333,2.8,0.9797958971132712,1.0,4.0,1.2,1
sat-00595,ce747a65584b0997c2d6706acb9ef9e3e3bb45e948b56d3c2102a065b10abedd,2sat,5,"[[-2,4],[-3,4],[-1,-5],[-3,-5],[1,3],[1,-5],[-2,-3],[1,-2],[-4,-5],[-1,3],[1,5],[-2,3],[2,-4],[-1,-4],[2,-3],[2,3],[-2,5],[4,5],[-1,5],[3,-4],[2,-5],[1,4],[-3,-4],[1,-3],[3,4],[-4,5],[4,-5],[-2,-5],[-1,-2],[-1,4],[-1,-3]]",5.0,31.0,6.2,62.0,2.0,0.0,2.0,2.0,1.0,0.0,0.4516129032258064,1.0198039027185568,0.3999999999999999,1.0,3.1,1.044030650891055,4.0,12.4,0.7999999999999999,11.0,13.0,-0.1032634032634032,0.1154060397806575,-0.2727272727272727,0.0769230769230769,4.0,0.0,4.0,4.0,0.7634408602150538,0
sat-01251,73cdc5b1b854c1a324058951953fa954ca2f972f6730d104e244d36a04ade991,3sat,5,"[[2,3,-4],[-2,3,4],[1,-3,-5],[1,-2,-3],[2,3,4],[-2,3,-5],[3,4,5],[-1,-3,4],[-1,3,-5],[-1,2,5],[-1,-2,-5],[-1,-3,-5],[2,-3,-4]]",5.0,13.0,2.6,39.0,3.0,0.0,3.0,3.0,0.0,1.0,0.4615384615384615,1.4966629547095769,1.16619037896906,1.0,3.9,1.757839583124695,6.0,7.8,1.7204650534085253,6.0,11.0,-0.0865800865800865,0.2997472120755962,-0.4285714285714285,0.3333333333333333,4.0,0.0,4.0,4.0,1.794871794871795,1
sat-00009,c6a715393266535e6dcbb1003eb8ce106958d4e0e0f7248d3c84415d4f2ce405,3sat,5,"[[-2,4,5],[2,3,-5],[-1,-4,-5],[-3,4,5],[1,-3,5],[1,-3,-4],[1,-4,5],[-2,-4,5],[-1,-2,-3],[-1,2,-5],[1,2,-5],[-3,-4,5],[-2,-3,5],[-1,-2,-5],[1,-2,-4],[-1,3,-4],[3,4,-5],[-1,-3,-4],[-1,3,4],[-1,4,5],[1,2,3],[-2,-3,-4],[-1,-4,5],[3,4,5],[-1,2,3],[1,-3,-5],[2,-3,-4],[-1,-2,4]]",5.0,28.0,5.6,84.0,3.0,0.0,3.0,3.0,0.0,1.0,0.4404761904761904,1.3564659966250536,1.624807680927192,1.0,8.4,1.3564659966250536,10.0,16.8,1.469693845669907,14.0,18.0,-0.1174603174603174,0.1499817998951207,-0.2222222222222222,0.1764705882352941,4.0,0.0,4.0,4.0,1.7698412698412698,0
sat-01278,1cdda1505e004c5da7788fa0d68e13b86a8e362bbbc52f103ebdf6e0d421982d,mixed,5,"[[2,-3,-5],[2,-4],[1,3,5],[2,4,-5],[1,-3,5],[-3,-4,-5],[2,4,5],[2,-3],[3,4,-5],[-1,3,5],[1,2],[1,-2,-4],[2,-3,4],[-1,3],[-3,4],[1,-3],[1,2,-4],[-3,5],[3,4,5]]",5.0,19.0,3.8,50.0,2.631578947368421,0.48237638894272,2.0,3.0,0.3684210526315789,0.631578947368421,0.62,0.9797958971132712,2.4,1.0,4.3,1.7349351572897471,8.0,10.0,1.6733200530681511,8.0,13.0,0.2894017094017093,0.3374688022474384,-0.2307692307692307,0.7777777777777778,4.0,0.0,4.0,4.0,1.3567251461988303,0
sat-02612,674ba5a629cf868ce687f21e220c94e7aeaaca639c06c9e0406be8230e946a78,3sat,4,"[[-2,3,-4],[-1,3,4],[1,-3,-4],[1,-2,-4],[1,-2,-3],[-1,-2,4],[-2,-3,-4]]",4.0,7.0,1.75,21.0,3.0,0.0,3.0,3.0,0.0,1.0,0.3333333333333333,1.0897247358851685,1.118033988749895,1.0,3.5,0.5,4.0,5.25,0.4330127018922193,5.0,6.0,-0.3333333333333333,0.4320493798938573,-1.0,0.2,3.0,0.0,3.0,3.0,2.142857142857143,1
sat-00702,8aea2805e672528d2664a2c886fe1e17508058088cc3283df84ab228509440b1,2sat,4,"[[-2,-4],[1,4],[-2,3],[-1,-3],[1,2],[2,-4],[1,-3],[3,4],[2,3],[1,-4],[-1,-2],[2,-3],[-3,-4],[2,4],[-3,4],[-1,-4]]",4.0,16.0,4.0,32.0,2.0,0.0,2.0,2.0,1.0,0.0,0.5,0.7071067811865476,1.0,1.0,2.6666666666666665,0.4714045207910317,3.0,8.0,0.7071067811865476,7.0,9.0,0.0079365079365079,0.1984325386905753,-0.25,0.25,3.0,0.0,3.0,3.0,0.9416666666666668,0
sat-02828,4d5ed899560f0e137965978af17fdc4cd3fa1773f7822e00cf5f8ae451fb4b86,mixed,4,"[[2,3,-4],[-1,2],[-1,2,3],[-1,2,4],[2,4],[-1,2,-4],[1,3,-4],[-2,4],[1,2,-4],[2,-4],[-2,-4],[1,-2,4],[-2,3,4],[2,-3],[1,-2,3],[1,4],[-1,-2,-3],[1,-3,-4],[-2,-3],[-1,2,-3],[1,-2,-3]]",4.0,21.0,5.25,55.0,2.619047619047619,0.4856209060564557,2.0,3.0,0.3809523809523809,0.6190476190476191,0.509090909090909,1.8708286933869709,0.82915619758885,1.0,7.833333333333333,2.114762923408253,10.0,13.75,2.5860201081971503,11.0,18.0,0.005050505050505,0.0899200074285883,-0.0909090909090909,0.1111111111111111,3.0,0.0,3.0,3.0,1.7333333333333334,0
sat-02992,66fff2c3e4adf05d8c86926b434b1d32c34d26d7e12e660042fe60b9a0730593,2sat,4,"[[-1,-4],[1,-3],[3,-4],[-2,-4],[-3,-4],[-1,4],[1,-4],[2,3],[-2,4],[3,4],[-1,-3],[-3,4],[1,-2],[-1,3],[-2,-3],[-2,3],[1,2],[2,-4],[2,-3]]",4.0,19.0,4.75,38.0,2.0,0.0,2.0,2.0,1.0,0.0,0.4473684210526316,0.4330127018922193,0.82915619758885,1.0,3.1666666666666665,0.6871842709362768,4.0,9.5,1.118033988749895,8.0,11.0,-0.1005050505050505,0.0710722891044252,-0.2,0.0,3.0,0.0,3.0,3.0,0.95906432748538,0
sat-02987,7ca1e154ef3cb50c729c3d8b255882bdd0238f162f42e84db3b99eba181e05dd,mixed,5,"[[2,-4,5],[-1,2],[-2,-4,5],[-1,5],[-2,5],[1,-2,-4],[1,3,4],[-2,-5],[1,-3,5],[1,3],[2,-4],[4,-5],[1,2,5],[-3,4]]",5.0,14.0,2.8,34.0,2.4285714285714284,0.4948716593053935,2.0,3.0,0.5714285714285714,0.4285714285714285,0.5882352941176471,1.4142135623730951,0.9797958971132712,0.9,2.6,1.3564659966250538,5.0,6.8,1.469693845669907,4.0,8.0,0.1571428571428571,0.2571428571428571,-0.1428571428571428,0.5,3.6,0.4898979485566356,3.0,4.0,1.1428571428571428,0
sat-02361,26b04b681091c6cfe98ec48aea2d18c1d41a2cc46ea6f593260325de8feb3b1a,mixed,5,"[[1,-4,5],[-1,2,-5],[3,-5],[-2,3,-4],[1,-2,-4],[2,-4,-5],[-1,-2,4],[1,3,4],[-2,4],[1,2,3],[1,2,-3],[1,4,5],[1,-3,4],[-1,-3],[1,3,5],[2,3],[-1,-3,4],[1,-3,5],[-2,3],[-2,3,5],[-3,-5],[2,-4],[1,2,5],[-1,2,-4],[1,-4],[1,2,4],[2,-5],[4,5],[-1,-5],[-2,5],[1,-3]]",5.0,31.0,6.2,80.0,2.5806451612903225,0.4934535013154308,2.0,3.0,0.4193548387096774,0.5806451612903226,0.5875,1.9595917942265424,0.4898979485566356,1.0,6.7,1.9519221295943132,10.0,16.0,1.7888543819998317,14.0,19.0,0.1642164234114698,0.1107590394488781,0.0666666666666666,0.3684210526315789,4.0,0.0,4.0,4.0,1.3075268817204302,0
sat-00477,3f69a556ce6e8269933438058aeafb3020b450a4b99f85de49abf8e6020b88d4,2sat,5,"[[-1,3],[2,5],[2,4],[1,-3],[-2,4],[-1,-3],[-3,4],[-3,-5],[-1,2],[-4,-5],[-1,-4],[1,-4],[1,-2],[2,-4],[4,5],[-1,4],[1,4],[-2,-3],[1,5],[3,-4],[3,4],[1,2],[-2,5],[-3,5],[-2,-5],[2,-5],[-1,-2],[2,-3]]",5.0,28.0,5.6,56.0,2.0,0.0,2.0,2.0,1.0,0.0,0.5,1.4966629547095764,1.0198039027185568,1.0,2.8,0.9797958971132712,4.0,11.2,1.469693845669907,9.0,13.0,-0.009059829059829,0.2027955690050798,-0.4,0.1666666666666666,4.0,0.0,4.0,4.0,0.7698412698412699,0
sat-02569,741b85f2bd3440eacfd09ea4d0e81772dd18c8d9fab6c60486b595f9f3d554c0,3sat,4,"[[1,2,-4],[-2,3,4],[1,2,4],[-1,2,-3],[1,-3,-4],[-2,-3,4],[1,-2,-3],[-1,3,4],[-1,-2,4],[-1,2,3],[1,3,4],[-1,2,4],[1,-2,-4],[2,-3,4],[-1,-2,3],[-1,3,-4]]",4.0,16.0,4.0,48.0,3.0,0.0,3.0,3.0,0.0,1.0,0.5416666666666666,0.8660254037844386,1.118033988749895,1.0,8.0,0.816496580927726,9.0,12.0,0.7071067811865476,11.0,13.0,0.0868298368298368,0.1542198523445974,-0.0769230769230769,0.3333333333333333,3.0,0.0,3.0,3.0,2.208333333333333,1
sat-00426,b35832f85967b69f79542c6d5c3d48a8c9e24dc86905d983e91e63cbe15929b0,mixed,4,"[[-1,-4],[2,3,4],[-2,4],[2,-3,4],[-1,3,4],[1,-2,-3]]",4.0,6.0,1.5,16.0,2.6666666666666665,0.4714045207910317,2.0,3.0,0.3333333333333333,0.6666666666666666,0.5625,1.0897247358851685,0.4330127018922193,1.0,2.333333333333333,0.7453559924999298,3.0,4.0,0.7071067811865476,3.0,5.0,0.0666666666666666,0.3366501646120692,-0.3333333333333333,0.6,3.0,0.0,3.0,3.0,1.6666666666666667,1
sat-02089,6068f4293c0f9ca156379219f4eb8794241a610ee62b36ba7a4d97a26cc55ef9,3sat,5,"[[-1,-3,-5],[2,4,-5],[3,-4,-5],[-2,3,-5],[-1,3,-5],[-1,-2,4],[-2,-3,4],[-1,2,-5],[1,-4,5],[-1,3,5],[2,-4,-5],[1,-3,-4],[2,3,4],[-1,3,4],[-2,-4,-5],[1,-2,-3],[-2,-3,5],[1,3,5],[-2,-3,-4],[-1,2,-4],[-3,-4,-5],[-1,4,-5],[-2,-4,5],[1,2,-5],[-1,-2,-4],[-1,-2,3],[-2,3,5]]",5.0,27.0,5.4,81.0,3.0,0.0,3.0,3.0,0.0,1.0,0.3950617283950617,1.3564659966250536,1.469693845669907,1.0,8.1,0.9433981132056604,10.0,16.2,0.7483314773547882,15.0,17.0,-0.209313725490196,0.169224887851062,-0.3333333333333333,0.125,4.0,0.0,4.0,4.0,1.7578347578347575,1
sat-02445,a8521c7885e46d28b78c42eb73e0f8e604e299e9664da687c130a1c0a3809444,2sat,4,"[[1,2],[-1,4],[2,-3],[1,-4],[-2,4],[-1,-2],[3,4],[-2,-4],[-2,-3]]",4.0,9.0,2.25,18.0,2.0,0.0,2.0,2.0,1.0,0.0,0.4444444444444444,0.7071067811865476,0.8660254037844386,0.8333333333333334,1.5,0.7637626158259734,2.0,4.5,1.118033988749895,3.0,6.0,-0.1166666666666666,0.2279132388529557,-0.3333333333333333,0.2,2.5,0.5,2.0,3.0,0.9444444444444444,1
sat-02486,b08a0c8d10b7a8264087bfa9081960d0905699cd39dd0e41c74dec2c0293ae63,mixed,4,"[[-1,3,4],[-1,-2,4],[-2,-3,4],[1,-2,-4],[-1,2,3],[-2,-4],[-1,-2,3],[-2,3,4],[-1,-2,-4],[2,-3],[1,2],[-1,-3,4]]",4.0,12.0,3.0,33.0,2.75,0.4330127018922193,2.0,3.0,0.25,0.75,0.4242424242424242,1.118033988749895,1.7853571071357126,1.0,5.0,0.816496580927726,6.0,8.25,1.0897247358851685,7.0,10.0,-0.1267857142857142,0.3273414478329742,-0.5,0.25,3.0,0.0,3.0,3.0,1.8484848484848484,0
sat-00532,1331802eaab108f5dd8e93828e69cbaa39c72c067f85b39a4525feb2ff089736,3sat,5,"[[2,3,4],[-2,3,-4],[-3,4,-5],[-1,2,5],[1,-2,4],[1,-3,5],[2,-3,-5],[1,-2,-5],[-2,4,5],[1,3,5],[-2,-4,5],[2,3,-4]]",5.0,12.0,2.4,36.0,3.0,0.0,3.0,3.0,0.0,1.0,0.5833333333333334,0.3999999999999999,1.2649110640673518,1.0,3.6,1.3564659966250538,6.0,7.2,1.32664991614216,5.0,9.0,0.2049206349206349,0.2305210066183024,-0.1111111111111111,0.6,4.0,0.0,4.0,4.0,1.7575757575757576,1
sat-00208,18e67ce4dd85f960ef5a620794685900bad11ca6875b89866a7d65230228e498,2sat,4,"[[-1,-2],[2,-3],[-2,-3],[3,-4],[-1,-3],[2,4],[3,4],[-1,-4],[-2,4]]",4.0,9.0,2.25,18.0,2.0,0.0,2.0,2.0,1.0,0.0,0.3888888888888889,1.0897247358851685,0.4330127018922193,1.0,1.5,0.5,2.0,4.5,0.8660254037844386,3.0,5.0,-0.3,0.4358898943540673,-1.0,0.2,3.0,0.0,3.0,3.0,0.9166666666666666,0
sat-01747,6c71dfdc503637863b7d1d33b8d9cc9df9ff437e40fbd7b52556cf40e476f522,2sat,5,"[[-1,-2],[-4,5],[-2,-5],[-2,-4],[2,-5],[3,4],[2,5],[-1,3],[3,-4],[4,-5],[-2,3],[-1,-3]]",5.0,12.0,2.4,24.0,2.0,0.0,2.0,2.0,1.0,0.0,0.4166666666666667,1.2649110640673518,0.9797958971132712,0.7,1.2,0.9797958971132712,3.0,4.8,0.9797958971132712,3.0,6.0,-0.2266666666666666,0.5087675740890377,-1.0,0.6,2.8,0.7483314773547882,2.0,4.0,0.7272727272727273,1
sat-01657,b9596ce10ae9253f6192f5d4b327c9c6d7bcd1e6391134fb452b7baef932ff74,2sat,4,"[[3,4],[3,-4],[-1,-2],[-2,-3],[1,-4],[1,2],[1,-3],[-1,2],[-1,4],[-3,4],[2,-3],[1,3],[-1,3],[-3,-4],[2,3],[-2,-4]]",4.0,16.0,4.0,32.0,2.0,0.0,2.0,2.0,1.0,0.0,0.5,0.7071067811865476,0.7071067811865476,1.0,2.6666666666666665,0.9428090415820634,4.0,8.0,1.224744871391589,7.0,10.0,0.0,0.101015254455221,-0.1428571428571428,0.1428571428571428,3.0,0.0,3.0,3.0,0.9583333333333334,0
sat-00079,cbd51d2df46ecfc38455f186cb5724af447c547dba936340b9201f8d60181225,3sat,4,"[[-1,3,4],[1,-3,-4],[-2,-3,4],[-1,-2,-3],[-1,-3,4],[1,-2,-4]]",4.0,6.0,1.5,18.0,3.0,0.0,3.0,3.0,0.0,1.0,0.3333333333333333,1.118033988749895,0.7071067811865476,1.0,3.0,1.0,4.0,4.5,0.8660254037844386,3.0,5.0,-0.3999999999999999,0.4472135954999579,-1.0,0.2,3.0,0.0,3.0,3.0,2.2,1
sat-01785,4470f5db9c9917de22b20d717d4ba2981d92ed317fdd062d0f289460018e8ee5,2sat,4,"[[2,-3],[1,4],[1,3],[2,4],[-2,-3],[-2,4],[1,2]]",4.0,7.0,1.75,14.0,2.0,0.0,2.0,2.0,1.0,0.0,0.7142857142857143,0.8660254037844386,1.0,0.8333333333333334,1.1666666666666667,0.6871842709362768,2.0,3.5,0.8660254037844386,3.0,5.0,0.4666666666666667,0.5656854249492381,-0.3333333333333333,1.0,2.5,0.5,2.0,3.0,0.9047619047619048,1
sat-00548,171ed7c74eb2e1fc4640692d06a1371ac692d8a1433189c106bf8da6cf4a43e0,mixed,5,"[[2,-5],[-1,4,-5],[2,-3,5],[-1,-2,3],[-2,3,-4],[-2,4,5],[3,-4,5],[1,-2,-5],[-1,-2,-4],[3,-4],[-3,4,-5],[1,2,4]]",5.0,12.0,2.4,34.0,2.833333333333333,0.3726779962499649,2.0,3.0,0.1666666666666666,0.8333333333333334,0.4705882352941176,0.7483314773547882,1.019803902718557,1.0,3.2,0.9797958971132712,4.0,6.8,1.16619037896906,5.0,8.0,-0.0519047619047619,0.2100232143523506,-0.25,0.3333333333333333,4.0,0.0,4.0,4.0,1.5454545454545454,1
sat-02081,bc7eeb18cdd05f984d21339cfbfb8b2fa65cf2a7d73ae0199ac8e5706a32efd8,2sat,4,"[[2,-3],[-1,3],[1,4],[3,4],[-1,-4],[2,4],[-1,-3],[1,-2],[-2,3],[-1,-2],[3,-4]]",4.0,11.0,2.75,22.0,2.0,0.0,2.0,2.0,1.0,0.0,0.5,0.82915619758885,0.82915619758885,1.0,1.8333333333333333,0.3726779962499649,2.0,5.5,0.5,5.0,6.0,0.0,0.2748737083745107,-0.3333333333333333,0.3333333333333333,3.0,0.0,3.0,3.0,0.9090909090909092,0
sat-02424,eaed6c5b7e2b69d43e8e981c9f8692d91d0bbff2d25ec231cfa563c483070411,3sat,4,"[[1,-3,4],[-2,3,4],[-2,3,-4],[-1,-2,4],[1,-2,3],[-2,-3,4],[-1,2,3],[1,3,-4],[1,-2,-3],[1,-2,-4],[-1,2,4],[2,3,-4],[-2,-3,-4],[1,2,3],[-1,-2,-4],[-1,-3,4],[1,2,4],[-1,-3,-4],[1,-3,-4],[-1,3,-4]]",4.0,20.0,5.0,60.0,3.0,0.0,3.0,3.0,0.0,1.0,0.4666666666666667,1.224744871391589,1.0,1.0,10.0,0.816496580927726,11.0,15.0,0.7071067811865476,14.0,16.0,-0.0693452380952381,0.1474037768886641,-0.2857142857142857,0.0666666666666666,3.0,0.0,3.0,3.0,2.2157894736842105,0
sat-02126,81340d32f0a18fc5dac257879cd54ddd19cf14bcf9056075e00dd52336c14af8,3sat,4,"[[-1,2,-4],[1,-2,3],[-1,2,-3],[1,2,-4],[2,3,-4],[-2,-3,-4],[1,-3,-4],[1,2,3],[1,3,-4],[2,-3,-4],[1,-2,4],[-1,-3,-4],[1,-3,4],[-1,3,4],[-1,-3,4],[-1,-2,3],[1,-2,-4],[1,2,-3],[1,3,4],[-1,-2,4],[-2,-3,4]]",4.0,21.0,5.25,63.0,3.0,0.0,3.0,3.0,0.0,1.0,0.492063492063492,1.299038105676658,1.0,1.0,10.5,1.2583057392117916,12.0,15.75,1.0897247358851685,14.0,17.0,-0.0183823529411764,0.1235316001206723,-0.125,0.1764705882352941,3.0,0.0,3.0,3.0,2.223809523809524,0
sat-01603,534dd6bc21138937bd3b16d4d92a96b5b7ae6df1fe783165c1e4b1658f2c1465,3sat,5,"[[1,-3,-5],[1,2,-3],[-1,-2,3],[-1,4,-5],[1,4,-5],[1,2,3],[1,2,4],[-3,4,5],[1,-2,-4],[-2,3,-4],[3,4,-5],[3,-4,5],[1,2,5],[-1,-3,4],[1,-4,5],[-1,-2,5],[1,3,-5],[1,-4,-5],[1,-3,4],[3,-4,-5],[-2,-4,-5],[1,2,-4],[-2,4,5],[-2,3,5],[1,3,5],[-2,4,-5],[-2,3,4],[-1,2,-4],[2,-4,-5],[2,4,5],[-1,2,4],[-1,2,-5],[-1,3,-4],[-1,2,-3]]",5.0,34.0,6.8,102.0,3.0,0.0,3.0,3.0,0.0,1.0,0.5490196078431373,1.32664991614216,1.833030277982336,1.0,10.2,1.8867962264113207,13.0,20.4,2.0591260281974,17.0,23.0,0.1038828179493141,0.1322839380982274,-0.1,0.2941176470588235,4.0,0.0,4.0,4.0,1.7825311942959,0
sat-01527,23e7fb7557d3cc73260b85e554656a85e1622d9af687629abbf431e375ec3620,2sat,5,"[[-4,-5],[-3,-5],[-2,4],[3,4],[-2,-3],[-2,-4],[1,3],[2,-5],[4,5],[-3,4],[2,5],[-1,2],[1,-2],[3,5],[-1,-3],[-1,5],[1,-4],[-2,-5],[1,2],[3,-5],[-1,-2],[-2,5],[-2,3],[1,-3],[-3,5],[-4,5],[-1,-4],[-1,4],[4,-5],[-1,3],[2,3],[1,-5],[-1,-5]]",5.0,33.0,6.6,66.0,2.0,0.0,2.0,2.0,1.0,0.0,0.4696969696969697,0.7483314773547882,1.2649110640673518,1.0,3.3,0.7810249675906654,4.0,13.2,1.32664991614216,11.0,15.0,-0.0544921744921744,0.1244521456210185,-0.2307692307692307,0.0909090909090909,4.0,0.0,4.0,4.0,0.7708333333333334,0
sat-00045,3784b74d6049079ab10c527c19805ffb9166fa9bf9bb5ca34b6978ef24462e79,mixed,5,"[[2,-5],[-1,5],[3,-4,5],[2,5],[2,-3],[-1,4,-5],[1,2,-5],[-2,-3,4],[-2,-3,-4],[-2,-3],[1,-3,-5],[1,4],[4,-5],[2,3,5],[-1,-2,5],[1,-3,-4],[-2,3,-4],[1,-2,-4],[1,3,4],[3,4,5],[2,3,4],[2,-3,4],[-1,4],[3,-4]]",5.0,24.0,4.8,63.0,2.625,0.4841229182759271,2.0,3.0,0.375,0.625,0.5555555555555556,1.095445115010332,1.0198039027185568,1.0,5.4,2.107130750570548,10.0,12.6,1.8547236990991407,10.0,15.0,0.1135664335664335,0.0770648407618352,0.0,0.2,4.0,0.0,4.0,4.0,1.355072463768116,0
sat-02507,01f68f41856e3a420bca6b5418eea85becc30c15101df33e4bad144d84395727,2sat,5,"[[3,4],[-1,-5],[-2,5],[-2,-5],[2,-3],[2,3],[3,-4],[-1,-2],[1,4],[-3,-5],[1,-4],[-4,-5],[-3,4],[1,3],[4,5],[-2,3],[3,5],[1,5]]",5.0,18.0,3.6,36.0,2.0,0.0,2.0,2.0,1.0,0.0,0.5555555555555556,1.2649110640673518,0.7483314773547882,0.9,1.8,0.8717797887081347,3.0,7.2,1.16619037896906,6.0,9.0,0.0952380952380952,0.2483505678172437,-0.3333333333333333,0.3333333333333333,3.6,0.4898979485566356,3.0,4.0,0.7516339869281046,0
sat-00516,08bcf3055321231ef1f69c5807e90363002cde8c6274118a609c03a2ee725403,2sat,5,"[[-1,-5],[2,5],[-2,-5],[2,-3],[-4,-5],[-3,-4],[1,5],[-1,4],[-3,4],[-1,5],[2,3],[-1,2],[1,-2],[-3,-5],[-2,-3],[1,3],[-3,5],[3,5],[3,-5],[1,4],[4,-5],[3,-4],[-1,-4]]",5.0,23.0,4.6,46.0,2.0,0.0,2.0,2.0,1.0,0.0,0.4782608695652174,0.4898979485566356,1.16619037896906,0.9,2.3,1.1,4.0,9.2,1.6,7.0,11.0,-0.03001443001443,0.0946344946116699,-0.1111111111111111,0.1428571428571428,3.6,0.4898979485566356,3.0,4.0,0.7707509881422925,0
sat-01682,7e72536386b69921ae4d8b7ea8466c71276efb680393c333169b175b0b9b3cae,mixed,4,"[[-1,-2,3],[-1,2],[-2,3],[-3,4],[1,4],[1,3,4],[2,3],[-1,2,-3],[1,2,-4],[-1,-2],[1,-3]]",4.0,11.0,2.75,26.0,2.363636363636364,0.4810456929208346,2.0,3.0,0.6363636363636364,0.3636363636363636,0.5769230769230769,0.4330127018922193,1.0897247358851685,1.0,3.1666666666666665,1.3437096247164249,5.0,6.5,1.5,4.0,8.0,0.1964285714285714,0.1847157220140821,0.0,0.5,3.0,0.0,3.0,3.0,1.3818181818181818,0
sat-02446,5a0b030a45753800122d521f9959f77a31d44d290f662cc026cce29ced25f055,3sat,4,"[[-1,-2,-4],[-1,2,3],[2,3,4],[-1,3,-4],[1,2,-3],[1,3,-4],[-1,3,4],[1,2,3],[-1,-3,4],[1,2,4],[1,2,-4],[1,-2,3],[-1,2,-4],[-1,-2,4],[1,-3,-4],[2,3,-4],[-2,-3,-4],[-1,-2,3],[-1,-3,-4],[1,-3,4],[1,3,4],[-1,-2,-3],[1,-2,4]]",4.0,23.0,5.75,69.0,3.0,0.0,3.0,3.0,0.0,1.0,0.5217391304347826,1.0,1.299038105676658,1.0,11.5,2.0615528128088303,14.0,17.25,1.7853571071357126,15.0,20.0,0.046078431372549,0.0873979879888448,-0.0588235294117647,0.1764705882352941,3.0,0.0,3.0,3.0,2.241106719367589,0
sat-01177,f5404ac96f8e7d0f049e61f68707b95065ce3c4a1a8d1df888acb33e86bbd588,3sat,4,"[[-1,-2,-3],[1,2,-3],[-1,-2,3],[2,-3,4],[-1,-3,-4],[1,-2,-3],[2,3,-4],[1,3,-4],[-1,2,-3],[-2,-3,-4],[1,-2,4],[1,2,4],[1,-3,-4],[-2,3,4],[-1,-3,4],[1,3,4]]",4.0,16.0,4.0,48.0,3.0,0.0,3.0,3.0,0.0,1.0,0.4791666666666667,0.82915619758885,1.6393596310755,1.0,8.0,1.4142135623730951,10.0,12.0,1.224744871391589,11.0,14.0,-0.0297619047619047,0.1749258932795615,-0.2857142857142857,0.1666666666666666,3.0,0.0,3.0,3.0,2.225,1
sat-00383,b21c5ce2007036cf645955c0d757c003e40c1ef030550c6a15d3bb604bd14491,mixed,4,"[[1,-2,-3],[-2,3,-4],[-1,-2,-3],[2,-4],[-1,-3],[1,-3,-4],[-1,-3,4],[-1,-4],[-1,3,-4],[1,-2,4],[-1,2,3],[-2,-3],[3,4],[-1,-2,3],[1,3],[2,-3],[1,2,-3],[-1,-2,-4],[1,2],[-3,4]]",4.0,20.0,5.0,51.0,2.55,0.4974937185533101,2.0,3.0,0.45,0.55,0.4117647058823529,0.82915619758885,1.118033988749895,1.0,7.0,1.914854215512676,10.0,12.75,1.920286436967152,10.0,15.0,-0.1773809523809523,0.0241346844437063,-0.2,-0.1428571428571428,3.0,0.0,3.0,3.0,1.6157894736842104,0
sat-02231,4ed3c7ac108abe22f805e4e1c525a74257b88633f08a2a8967261a9f469ff430,3sat,5,"[[2,-3,-4],[-1,-2,3],[-1,-2,-5],[2,-3,-5],[-3,4,-5],[2,4,-5],[1,3,5],[1,3,-5],[1,2,-3],[1,-3,5],[-1,-2,-4],[-2,-3,5],[-1,3,-4],[-2,-4,-5],[-2,3,-5],[3,-4,-5],[1,2,-5],[-2,-3,-4],[1,4,-5],[2,-3,4],[-1,-4,-5],[-2,-3,-5],[-1,4,5]]",5.0,23.0,4.6,69.0,3.0,0.0,3.0,3.0,0.0,1.0,0.391304347826087,0.8,2.0591260281974,1.0,6.9,1.445683229480096,9.0,13.8,1.6,12.0,16.0,-0.2019047619047619,0.1639257616386094,-0.5,0.0,4.0,0.0,4.0,4.0,1.7707509881422925,0
sat-01475,c42eb450475b8caef69a39197f56b4f3e320131c33127b9a7bcce12fa7be5cdd,3sat,5,"[[1,-3,5],[-2,-4,5],[1,-2,5],[-3,4,-5],[-1,-2,3],[3,4,-5],[1,-2,4],[3,4,5],[-1,3,4],[-3,-4,5],[-2,3,5],[-2,3,-4],[1,4,-5],[2,-4,-5]]",5.0,14.0,2.8,42.0,3.0,0.0,3.0,3.0,0.0,1.0,0.5476190476190477,1.9595917942265424,1.32664991614216,1.0,4.2,1.469693845669907,7.0,8.4,1.624807680927192,6.0,10.0,0.0704761904761904,0.3968858366670934,-0.7142857142857143,0.3333333333333333,4.0,0.0,4.0,4.0,1.78021978021978,1
sat-00347,54c136ad10c52ee03de8c097c18de7588db88ab9770e1c8dcbe21921a3e86f62,mixed,4,"[[-2,3],[1,3],[-1,3,4],[-3,-4],[-2,-4],[-1,3],[1,-2,-4],[1,-3,-4],[1,3,-4],[-1,-3,4],[-2,-3,4],[1,2,-4]]",4.0,12.0,3.0,31.0,2.583333333333333,0.4930066485916347,2.0,3.0,0.4166666666666667,0.5833333333333334,0.4516129032258064,1.6583123951777,1.0897247358851685,1.0,4.333333333333333,1.795054935711501,6.0,7.75,1.6393596310755,5.0,9.0,-0.1430555555555555,0.3406234072337888,-0.6,0.25,3.0,0.0,3.0,3.0,1.6666666666666667,1
sat-00264,f478ac4bf8044180e0c945f4c853165432a8516d39b70b1d1410d199bfdc45a3,3sat,4,"[[-1,2,-3],[1,2,4],[1,3,4],[1,3,-4],[-1,-3,4],[-1,-2,-3],[-2,3,-4],[1,2,-4],[-1,2,4],[1,-2,3],[-1,-2,4],[1,-2,4],[-1,-2,-4],[-2,-3,4],[-2,3,4]]",4.0,15.0,3.75,45.0,3.0,0.0,3.0,3.0,0.0,1.0,0.5111111111111111,1.479019945774904,1.6583123951777,1.0,7.5,1.5,9.0,11.25,1.299038105676658,9.0,12.0,0.0277777777777777,0.240562612162344,-0.3333333333333333,0.3333333333333333,3.0,0.0,3.0,3.0,2.2285714285714286,1
sat-01427,05629fe3bc8748648aca0996cfdaa114e998907169143e9ed1ac731c1c03e0cc,3sat,4,"[[1,-3,-4],[1,2,-4],[-2,3,-4],[-1,-3,-4],[1,2,3],[-2,-3,4],[2,3,4],[-1,3,4],[1,2,-3],[1,-2,-3],[1,-3,4],[1,-2,4]]",4.0,12.0,3.0,36.0,3.0,0.0,3.0,3.0,0.0,1.0,0.5555555555555556,1.224744871391589,1.4142135623730951,1.0,6.0,0.816496580927726,7.0,9.0,0.7071067811865476,8.0,10.0,0.1166666666666666,0.2768317222955775,-0.2,0.5555555555555556,3.0,0.0,3.0,3.0,2.196969696969697,1
sat-00407,c5d516fddafd78cbba782706efc3cf59ec329f251fbafba4266d57a407586650,2sat,4,"[[-1,4],[-2,-3],[3,-4],[-1,3]]",4.0,4.0,1.0,8.0,2.0,0.0,2.0,2.0,1.0,0.0,0.375,0.82915619758885,0.4330127018922193,0.6666666666666666,0.6666666666666666,0.4714045207910317,1.0,2.0,0.7071067811865476,1.0,3.0,-0.4166666666666667,0.5951190357119042,-1.0,0.3333333333333333,2.0,0.7071067811865476,1.0,3.0,0.8333333333333334,1
sat-00718,8383c1e9104bf104039146d8727e4671af33b01a1252eb595ac9703480690103,2sat,5,"[[-3,5],[2,3],[3,-5],[2,4],[1,2],[1,-5],[4,-5],[-1,-3]]",5.0,8.0,1.6,16.0,2.0,0.0,2.0,2.0,1.0,0.0,0.625,0.6324555320336759,1.1661903789690602,0.7,0.8,0.6000000000000001,2.0,3.2,0.7483314773547882,2.0,4.0,0.3666666666666666,0.5811865258054232,-0.5,1.0,2.8,0.3999999999999999,2.0,3.0,0.6785714285714286,1
sat-01602,5979a0ef9ad3d13a6e0ab1e2c3b98b852d15501f3cd00c2d24fb4fe3b005990d,3sat,5,"[[-1,-2,-5],[-2,3,-5],[-1,-3,-4],[1,-3,4],[2,4,5],[1,-3,5],[2,4,-5],[1,-3,-4],[1,4,-5],[-1,3,-5],[-1,-2,-4],[2,3,5],[-1,-4,5],[1,-4,-5],[-2,3,5],[-2,3,4],[1,-3,-5],[3,4,-5],[-3,-4,5],[-1,-3,4],[-2,4,5],[-1,3,-4],[-1,2,5],[-1,-2,5],[-1,3,4]]",5.0,25.0,5.0,75.0,3.0,0.0,3.0,3.0,0.0,1.0,0.48,1.939071942966532,1.16619037896906,1.0,7.5,2.1563858652847827,10.0,15.0,2.0976176963403037,11.0,17.0,-0.0544474153297682,0.1706383381105758,-0.2727272727272727,0.125,4.0,0.0,4.0,4.0,1.7866666666666666,0
sat-01194,68e5d5f304761207e7d5bbb1e81d99e047692db4de400a045935121c95a619b8,3sat,4,"[[-1,-2,3],[-1,-2,-4],[-1,2,4],[1,2,-4],[1,-3,-4],[1,2,-3]]",4.0,6.0,1.5,18.0,3.0,0.0,3.0,3.0,0.0,1.0,0.4444444444444444,1.0,0.5,1.0,3.0,1.2909944487358056,5.0,4.5,1.118033988749895,3.0,6.0,-0.1583333333333333,0.2742413778650722,-0.5,0.2,3.0,0.0,3.0,3.0,2.2666666666666666,1
sat-01072,0cdad158999013830e6c2a841660307f5d934f3e22e636f994de552695f79ed0,2sat,5,"[[-1,4],[-3,-5],[-2,5],[-2,3],[3,-5],[-2,-3],[-3,-4],[1,-4],[-2,-4],[2,-4],[4,5],[2,5],[-1,3],[2,-5],[-3,5],[1,5],[2,3],[-1,-5],[-1,-2],[2,4],[1,-3],[3,-4],[-1,-4],[1,3],[1,4],[-1,-3],[1,2],[3,4],[-4,-5],[1,-5],[3,5],[-4,5],[-2,-5]]",5.0,33.0,6.6,66.0,2.0,0.0,2.0,2.0,1.0,0.0,0.5,1.0198039027185568,0.8,1.0,3.3,0.6403124237432849,4.0,13.2,0.7483314773547882,12.0,14.0,-0.0021978021978022,0.1261392954046746,-0.2307692307692307,0.1428571428571428,4.0,0.0,4.0,4.0,0.7651515151515151,0
sat-01569,d13a58cadbaffeabc7b724866ebbd6a3c33eae68e433bad7bfc5c18e3dfcb358,3sat,5,"[[-1,3,4],[2,3,-5],[-2,4,5],[2,3,5],[-3,-4,-5],[1,3,-4],[-2,-4,-5],[2,4,-5],[-2,3,4],[1,2,5],[3,-4,-5],[1,-4,-5],[2,3,-4],[1,-3,4]]",5.0,14.0,2.8,42.0,3.0,0.0,3.0,3.0,0.0,1.0,0.5714285714285714,1.32664991614216,2.0591260281974,1.0,4.2,1.7776388834631176,7.0,8.4,1.9595917942265424,5.0,11.0,0.1962626262626262,0.3627457668649364,-0.3333333333333333,0.6,4.0,0.0,4.0,4.0,1.8131868131868127,1
sat-00622,adffd7059d000648fb90727e2561ef257d00ed7183540ef9f396086b872cace0,3sat,4,"[[-1,3,-4],[2,-3,4],[1,-2,-4],[-1,-2,-4],[-1,2,4],[2,3,4],[-1,2,-4],[-1,2,-3],[-1,-2,4],[-1,-3,-4],[1,-3,-4],[2,3,-4],[1,-3,4],[-1,3,4],[1,3,-4],[-2,3,4],[1,2,4],[-1,-3,4]]",4.0,18.0,4.5,54.0,3.0,0.0,3.0,3.0,0.0,1.0,0.5,1.479019945774904,1.920286436967152,1.0,9.0,2.6457513110645907,13.0,13.5,2.29128784747792,11.0,17.0,0.0114591291061879,0.1993412773382925,-0.2857142857142857,0.2727272727272727,3.0,0.0,3.0,3.0,2.2745098039215685,0
sat-01205,b8d22338e88e6cb90aacd07417521cca502bec4876e4993266a8d1a0bb70b3bc,3sat,4,"[[-1,2,-3],[-1,-3,-4],[-2,3,-4],[1,-2,-3],[2,3,-4],[-2,-3,-4],[1,3,-4],[1,2,3],[-1,2,3],[-1,-3,4],[1,2,-3],[-1,-2,3],[1,-3,4],[1,-2,4],[-1,2,4],[2,-3,4],[1,-2,-4],[-1,-2,-4],[-1,2,-4],[1,-2,3],[-1,-2,-3],[1,2,-4],[-2,-3,4],[2,3,4],[-2,3,4]]",4.0,25.0,6.25,75.0,3.0,0.0,3.0,3.0,0.0,1.0,0.48,0.7071067811865476,0.82915619758885,1.0,12.5,1.707825127659933,15.0,18.75,1.479019945774904,17.0,21.0,-0.0397685389945451,0.023300845671629,-0.0588235294117647,0.0,3.0,0.0,3.0,3.0,2.2333333333333334,0
sat-02898,a72f60ebe0c6bbb0dc36ca95d5a504e288c9101f92dafa938b64018e66434000,2sat,5,"[[-3,4],[1,-5],[-2,-4],[1,2],[-1,5],[-2,3],[1,-2],[-3,5],[-3,-5],[-2,4],[-1,4],[3,-4],[-2,5],[1,5],[-1,-2],[1,4],[-3,-4],[4,5],[2,5],[1,-3],[-1,2],[1,3],[3,-5],[-4,-5],[2,-5],[-2,-5],[2,3],[-2,-3],[4,-5],[-1,3]]",5.0,30.0,6.0,60.0,2.0,0.0,2.0,2.0,1.0,0.0,0.5,0.6324555320336759,1.4142135623730951,1.0,3.0,0.6324555320336759,4.0,12.0,1.095445115010332,10.0,13.0,0.0117948717948717,0.1589048648768354,-0.2307692307692307,0.2,4.0,0.0,4.0,4.0,0.7655172413793103,0
sat-02691,a2b3e618f9cf0ff0e543f1afdef67311bc7249cdc2ccaaebeb3069ab23bf6210,2sat,5,"[[3,-5],[1,-4],[2,-5],[4,5],[-1,-3]]",5.0,5.0,1.0,10.0,2.0,0.0,2.0,2.0,1.0,0.0,0.5,0.0,0.6324555320336759,0.5,0.5,0.5,1.0,2.0,0.6324555320336759,1.0,3.0,0.1333333333333333,0.4521553322083512,-0.3333333333333333,1.0,2.0,0.6324555320336759,1.0,3.0,0.6,1
sat-02797,743d16c09cc5659d6b57264c0ba590187236dd2e5377108d3518e47217ee080c,2sat,4,"[[-2,-4],[-1,-2],[2,-4],[1,-4],[3,-4],[-1,2],[1,4],[1,3],[-1,3],[1,-2],[-2,-3],[-2,3],[-2,4],[3,4],[2,-3],[-1,-3],[1,2],[-1,4],[2,4],[-3,4]]",4.0,20.0,5.0,40.0,2.0,0.0,2.0,2.0,1.0,0.0,0.525,0.4330127018922193,0.82915619758885,1.0,3.333333333333333,0.4714045207910317,4.0,10.0,0.7071067811865476,9.0,11.0,0.055050505050505,0.1100998517221984,-0.0909090909090909,0.2,3.0,0.0,3.0,3.0,0.9526315789473684,0
sat-02014,e0d03e1c6cd489d72bed2dbdd9a92b2adf89bc1456cceb5c07e089726d41a28f,mixed,5,"[[-2,3,-4],[-3,4,-5],[2,-3,-4],[-1,3],[-2,-5],[-1,-4,-5],[2,3,-4],[-3,-4,-5],[-1,3,4],[1,-3,5],[1,-2,-4],[-1,-3,5],[-2,-4,-5],[-2,3,-5],[2,-4],[3,5],[1,-4,-5],[-1,-5],[1,-5],[3,-4,-5],[1,3,4],[2,-3,5],[-1,2,5],[4,5],[-1,2,-4],[-1,2,4],[-2,4]]",5.0,27.0,5.4,73.0,2.703703703703704,0.4566232594791834,2.0,3.0,0.2962962962962963,0.7037037037037037,0.4383561643835616,1.0198039027185568,2.039607805437114,1.0,6.5,1.5652475842498528,9.0,14.6,1.624807680927192,13.0,17.0,-0.1110213316095669,0.1827327397310366,-0.2941176470588235,0.1428571428571428,4.0,0.0,4.0,4.0,1.433048433048433,0
sat-01132,933760d4fb00eb079e5a73737653f6b81381f5cc2f252e50f4a93ac3e2a9781d,3sat,4,"[[-1,3,-4],[2,-3,4],[1,-2,-4],[-1,2,4],[1,-2,4],[-1,2,-4]]",4.0,6.0,1.5,18.0,3.0,0.0,3.0,3.0,0.0,1.0,0.5,0.82915619758885,0.82915619758885,1.0,3.0,1.7320508075688772,5.0,4.5,1.5,2.0,6.0,0.0,0.1414213562373095,-0.2,0.2,3.0,0.0,3.0,3.0,2.4,1
sat-01382,f15e1f2b7ef7544b45dc2fa4dae05d291fb9e4e8048f89300f8ade0a30114a2e,mixed,4,"[[-1,4],[1,-3,-4],[2,3,4],[-2,3,-4],[3,4]]",4.0,5.0,1.25,13.0,2.6,0.4898979485566356,2.0,3.0,0.4,0.6,0.6153846153846154,1.0,0.4330127018922193,0.8333333333333334,1.8333333333333333,1.2133516482134197,4.0,3.25,1.299038105676658,2.0,5.0,0.175,0.2046338192968112,0.0,0.5,2.5,0.5,2.0,3.0,1.8,1
sat-02995,397aa9bb20ae9b9c1e0ff98926474ce260f992e42624e30446e8a1e75ea784b6,3sat,4,"[[-2,3,-4],[-2,-3,4],[1,3,-4],[-1,-2,4],[1,2,-4],[2,-3,4],[-1,3,4],[-1,2,4],[1,-2,3],[1,-2,-4],[-2,-3,-4],[1,-2,4],[1,2,-3],[-1,3,-4],[2,-3,-4],[1,2,3]]",4.0,16.0,4.0,48.0,3.0,0.0,3.0,3.0,0.0,1.0,0.5208333333333334,0.4330127018922193,1.299038105676658,1.0,8.0,1.1547005383792517,10.0,12.0,1.0,11.0,13.0,0.0524475524475524,0.1444610367840111,-0.0769230769230769,0.2727272727272727,3.0,0.0,3.0,3.0,2.216666666666667,0
sat-01924,7e88eb0b402c18f3ce3529ed14402d145ecb248f2f5f2cecbfba7780870d0ff7,2sat,4,"[[-3,4],[2,3],[-2,3],[1,-2],[-1,-4],[-1,2],[1,3],[-1,-3],[3,-4],[-2,-4]]",4.0,10.0,2.5,20.0,2.0,0.0,2.0,2.0,1.0,0.0,0.45,1.0897247358851685,0.4330127018922193,1.0,1.6666666666666667,0.4714045207910317,2.0,5.0,0.7071067811865476,4.0,6.0,-0.1416666666666666,0.3003470215156683,-0.5,0.3333333333333333,3.0,0.0,3.0,3.0,0.9111111111111112,1
sat-01430,e113799e2b39b45965daaff2e8b477dcfbce9c531e6a95b78784506185ad9f3d,3sat,5,"[[1,-2,5],[1,3,4],[-1,-2,-4],[3,4,-5],[-1,-3,-5],[-2,-4,5],[-1,4,-5],[1,-3,-4]]",5.0,8.0,1.6,24.0,3.0,0.0,3.0,3.0,0.0,1.0,0.4166666666666667,1.095445115010332,0.3999999999999999,0.9,2.4,1.019803902718557,4.0,4.8,1.16619037896906,3.0,6.0,-0.24,0.3878143885933063,-1.0,0.0,3.6,0.4898979485566356,3.0,4.0,1.75,1
sat-00770,caf68e45cf74bc0b96af9c079159086bf302f7fadef7a9f0c41a12acbc34d05b,3sat,5,"[[-1,-3,-5],[-1,2,-4],[1,-4,-5],[-1,-2,-3],[3,4,-5],[-1,4,-5],[2,-3,4],[-1,-3,4],[2,-3,-5],[-1,3,4],[1,3,5],[1,-2,3],[1,3,4],[1,2,-4],[3,-4,-5],[-1,-3,-4],[-1,3,5],[-1,-4,5],[1,-3,4],[1,-3,-5],[1,-2,-3]]",5.0,21.0,4.2,63.0,3.0,0.0,3.0,3.0,0.0,1.0,0.4603174603174603,1.939071942966532,2.227105745132009,1.0,6.3,3.0675723300355937,12.0,12.6,3.720215047547655,7.0,17.0,-0.072808661926309,0.1891586764510572,-0.4,0.1428571428571428,4.0,0.0,4.0,4.0,1.9047619047619049,0
sat-02080,19c53cbcb61391edc7ff7cb5b6d5b7c191c9b1c10dbf00bf59f769cf6a6a29f5,mixed,5,"[[1,-3,5],[3,4,-5],[-1,-3,-4],[2,3,5],[-1,-4,-5],[1,-5],[-1,3,-4],[2,-3,4],[2,3,-4],[-2,-4,5],[2,4],[1,-2,4],[3,-4],[1,-2],[2,-3,-4],[-1,-3,4],[-2,4,-5],[1,-2,5],[-1,-3],[2,4,5],[1,-4,5]]",5.0,21.0,4.2,58.0,2.761904761904762,0.4259177099999599,2.0,3.0,0.238095238095238,0.7619047619047619,0.5172413793103449,0.6324555320336759,1.3564659966250536,1.0,5.3,1.676305461424021,8.0,11.6,1.743559577416269,10.0,15.0,0.0448484848484848,0.1087942093203242,-0.0909090909090909,0.2,4.0,0.0,4.0,4.0,1.5,1
sat-02892,dd9b3a31991dde5fb8ae2da48aff0df57c476115b6b617625face0061345270b,2sat,4,"[[1,2],[1,4],[-1,4],[2,3],[1,-3],[1,-2],[-1,-2],[-1,3],[2,4],[3,4],[-1,-4],[-2,-3],[-2,-4]]",4.0,13.0,3.25,26.0,2.0,0.0,2.0,2.0,1.0,0.0,0.5384615384615384,0.5,1.0,1.0,2.1666666666666665,0.6871842709362768,3.0,6.5,1.118033988749895,5.0,8.0,0.0976190476190476,0.1826207549432824,-0.1428571428571428,0.3333333333333333,3.0,0.0,3.0,3.0,0.9487179487179488,0
sat-02734,5a56f8adf86b36454618135823994c4788fa4ff6024336d6c1d3ff66abf501bc,2sat,5,"[[2,4],[-1,3],[-3,4],[4,-5],[4,5],[-3,-5],[-1,-2],[-2,-5]]",5.0,8.0,1.6,16.0,2.0,0.0,2.0,2.0,1.0,0.0,0.4375,1.3564659966250536,0.9797958971132712,0.7,0.8,0.6000000000000001,2.0,3.2,0.7483314773547882,2.0,4.0,-0.2333333333333333,0.66332495807108,-1.0,1.0,2.8,0.3999999999999999,2.0,3.0,0.6785714285714286,1
sat-01047,f4c8b926a41fa4abdeb5da0f9d7d8639e0d09356d4a60a35a93791bd0628d62e,mixed,5,"[[-1,2,3],[-4,5],[1,4,-5],[1,-4],[-1,-3,-4],[2,-4,-5],[1,2,-3],[-1,-3,-5],[1,3,-4],[-1,-3,4],[-2,5],[-1,3],[2,3,4],[1,-3],[2,-4,5],[-3,4,5],[-1,4,5],[1,4,5],[-2,3,5],[-1,-3,5],[3,5],[1,5],[-1,2],[1,3,5],[-2,4,5],[-2,-3,4],[2,-4],[2,3,-4]]",5.0,28.0,5.6,75.0,2.6785714285714284,0.4670248868079293,2.0,3.0,0.3214285714285714,0.6785714285714286,0.5866666666666667,1.6,2.227105745132009,1.0,6.6,1.743559577416269,10.0,15.0,1.5491933384829668,12.0,16.0,0.1866666666666666,0.2436755584332942,0.0,0.6,4.0,0.0,4.0,4.0,1.4047619047619049,0
sat-00418,449cd672592d49948864618c2edd358cbb317c8407423382871576e5a882ddf9,3sat,5,"[[2,4,5],[3,4,-5],[-1,-3,5],[1,-3,-5],[2,3,-5],[1,2,4],[1,-2,5],[1,-4,5],[-3,-4,-5]]",5.0,9.0,1.8,27.0,3.0,0.0,3.0,3.0,0.0,1.0,0.5925925925925926,0.7483314773547882,1.16619037896906,1.0,2.7,1.1874342087037917,5.0,5.4,1.3564659966250536,4.0,8.0,0.22,0.2993325909419153,-0.2,0.6,4.0,0.0,4.0,4.0,1.7777777777777777,1
sat-02753,1755679b5610f69eaadc9ce9189c7e7180b0e299a56f60325eb14e81222060ea,mixed,5,"[[-2,4],[-1,2,4],[1,-3,-5],[1,-3],[2,-3,-5],[-1,-2,-4],[2,-3,4],[-2,3],[3,-5],[-2,3,5],[-1,-2],[-1,-2,-3],[3,-4,5],[1,3,-4],[1,-3,-4],[-2,-4,-5],[2,3,5],[-1,2,5],[1,3,4],[1,2,3],[-1,-3,-5],[2,-5]]",5.0,22.0,4.4,60.0,2.727272727272727,0.4453617714151232,2.0,3.0,0.2727272727272727,0.7272727272727273,0.4833333333333333,1.6,0.7483314773547882,1.0,5.4,1.743559577416269,8.0,12.0,2.280350850198276,9.0,15.0,-0.0488888888888888,0.0946990033451667,-0.2,0.0666666666666666,4.0,0.0,4.0,4.0,1.4848484848484849,0
sat-01159,4ac3c09f01599a865079429044f093cff58a5b5926a8d35bd731da05a269804d,mixed,5,"[[-1,-4,-5],[-1,3],[1,2,-4],[2,4],[1,3,4],[-2,-3,4],[-2,-4],[-1,-2,5],[2,3,-4],[1,5],[1,2],[-1,-2,3],[-1,2,4],[3,4],[-1,-3,4],[1,-3,-4],[1,4,-5],[3,-5],[1,2,5],[-1,2,-4],[-1,-3,-4],[-4,-5]]",5.0,22.0,4.4,58.0,2.636363636363636,0.4810456929208347,2.0,3.0,0.3636363636363636,0.6363636363636364,0.5172413793103449,1.5491933384829668,1.9595917942265424,1.0,5.0,2.4899799195977463,9.0,11.6,3.0724582991474434,7.0,15.0,0.0393073593073593,0.1648950423541362,-0.1428571428571428,0.2727272727272727,4.0,0.0,4.0,4.0,1.432900432900433,0
sat-00237,da996af2a27b3568146c64becf0b51c527e018d3d59cef9fea9e5e734fb5bb4a,mixed,4,"[[1,-2,3],[1,3,-4],[-1,3],[2,-3],[-1,2,4],[1,2,-4],[-2,-3,4],[-2,3,-4],[2,-3,4],[1,-3,-4],[-1,2],[-2,-3],[2,-3,-4],[-1,-2,-4],[1,-2,4],[1,2,-3],[1,2],[-1,-3],[-3,-4],[1,2,4],[-2,4],[-1,2,-4],[1,-2,-3],[-2,3,4],[-3,4],[1,2,3]]",4.0,26.0,6.5,69.0,2.6538461538461537,0.4757429568020377,2.0,3.0,0.3461538461538461,0.6538461538461539,0.5072463768115942,1.920286436967152,1.8027756377319943,1.0,10.0,1.7320508075688772,12.0,17.25,1.6393596310755,16.0,20.0,0.0139705882352941,0.1988872048227701,-0.2941176470588235,0.25,3.0,0.0,3.0,3.0,1.7415384615384617,0
sat-02658,544d28119738903ff3a0c7fee3a03b12db3bb46bde58b6cc00e67a6e4cb86809,3sat,5,"[[-1,2,-4],[1,-2,-4],[-2,4,-5],[-1,4,5],[1,2,-4],[-2,-3,4],[-1,3,-5],[-1,-4,-5],[1,-2,-5],[2,3,-5],[-2,3,-4],[-1,-2,-4],[1,3,-4],[-1,-2,5],[1,3,5],[1,-2,4],[2,-3,-5],[1,-3,4],[2,4,5],[2,4,-5],[-1,-3,4],[1,2,4],[1,-4,5],[2,-3,5],[1,-3,5]]",5.0,25.0,5.0,75.0,3.0,0.0,3.0,3.0,0.0,1.0,0.52,1.7204650534085253,0.7483314773547882,1.0,7.5,2.29128784747792,12.0,15.0,2.280350850198276,11.0,17.0,0.0288770053475935,0.0879740095087862,-0.0909090909090909,0.1764705882352941,4.0,0.0,4.0,4.0,1.7933333333333332,0
sat-01797,f81609f2ee8fb988be3ddb6c019f5d96f1e69d1eb12a0bdc3f70c862f983da38,3sat,4,"[[-1,-3,4],[2,-3,4],[-2,3,4],[1,-3,-4],[1,-3,4],[-1,2,-4],[2,-3,-4],[1,-2,4],[-1,-2,-4],[-2,-3,4],[1,3,-4],[2,3,-4],[-2,-3,-4],[-1,2,3],[1,3,4],[-2,3,-4],[1,-2,-3],[-1,2,-3]]",4.0,18.0,4.5,54.0,3.0,0.0,3.0,3.0,0.0,1.0,0.4629629629629629,0.4330127018922193,1.479019945774904,1.0,9.0,1.914854215512676,12.0,13.5,1.6583123951777,11.0,15.0,-0.0631701631701631,0.1032765570663246,-0.2,0.0909090909090909,3.0,0.0,3.0,3.0,2.241830065359477,0
sat-02860,f9b57b6339e255c9d183b61982c7a3a00d806762f199ec4fa98c615950b04d52,2sat,5,"[[2,4],[3,5],[1,-3],[-1,-3],[-1,-4],[2,-3],[1,5],[-1,-5],[-2,3],[-4,5],[3,4],[1,-5],[-1,3],[1,3],[3,-4],[-2,4],[-3,4],[4,5],[2,5],[2,3],[1,-4],[1,-2],[-3,5],[2,-5],[-1,5],[-2,-5],[-2,5],[-2,-3],[-1,4]]",5.0,29.0,5.8,58.0,2.0,0.0,2.0,2.0,1.0,0.0,0.5517241379310345,1.0198039027185568,0.9797958971132712,1.0,2.9,1.044030650891055,4.0,11.6,1.0198039027185568,10.0,13.0,0.1038694638694638,0.1492302958930878,-0.0909090909090909,0.3333333333333333,4.0,0.0,4.0,4.0,0.7635467980295566,0
sat-01446,c42b2630fdaf82bec9a80d7204b5dbe2535f4c0504707ac9750e5712e61fdc2d,3sat,4,"[[-1,2,4],[-1,-2,3],[2,-3,-4],[2,3,-4],[1,2,-3],[-1,-3,-4],[1,2,3],[-1,-2,-3],[-2,3,4],[-1,3,-4],[-2,3,-4],[1,-2,3],[-1,-3,4],[-1,-2,4],[1,2,-4],[-2,-3,-4],[1,-3,-4],[-1,2,-4],[-1,2,3],[1,-2,-3],[1,-2,4]]",4.0,21.0,5.25,63.0,3.0,0.0,3.0,3.0,0.0,1.0,0.4444444444444444,1.224744871391589,0.4330127018922193,1.0,10.5,1.2583057392117916,12.0,15.75,1.0897247358851685,14.0,17.0,-0.1173844537815126,0.106772445784651,-0.2857142857142857,0.0,3.0,0.0,3.0,3.0,2.223809523809524,0
sat-01187,27e3e015ca7e1f7e87ddcfeebf636639805ecac8e45ff3966dd159c40e11ca59,mixed,5,"[[-2,-4,-5],[-2,5],[-2,-3,4],[-1,-2,-5],[3,-4,5],[1,2],[-1,2,5],[1,-2,-3],[1,3,-4],[2,3,-4],[1,5],[2,3],[3,-4],[2,4],[-2,3],[-1,4,-5],[-2,-3],[-1,-3,5],[2,3,5],[-2,-4],[-1,-2],[1,2,5],[1,-5],[2,-4,-5],[3,4],[1,-3,-5],[-1,-2,-4],[-1,4],[-2,3,-4]]",5.0,29.0,5.8,74.0,2.5517241379310347,0.4973174173053779,2.0,3.0,0.4482758620689655,0.5517241379310345,0.4864864864864865,1.32664991614216,2.154065922853801,1.0,6.1,1.7578395831246945,8.0,14.8,2.1354156504062622,13.0,19.0,-0.0161943319838056,0.1963679871395496,-0.2857142857142857,0.2857142857142857,4.0,0.0,4.0,4.0,1.2857142857142858,0
sat-00163,d00cc1aadce4f33624f0a4bff753810caa71c3294200c1a1fda0b1688ca77e60,3sat,5,"[[1,2,-5],[-2,3,5],[-3,4,-5],[-1,-2,-3],[1,2,-3],[-1,-2,4],[1,-2,3],[-2,4,5]]",5.0,8.0,1.6,24.0,3.0,0.0,3.0,3.0,0.0,1.0,0.5,0.4898979485566356,1.624807680927192,1.0,2.4,1.2806248474865698,5.0,4.8,1.32664991614216,3.0,7.0,0.1142857142857142,0.4895645712138033,-0.4285714285714285,1.0,4.0,0.0,4.0,4.0,1.7857142857142858,1
sat-02731,bed452aac422bdf6a947449a391e53529a65c935335785d16e77e67db4afa5d9,mixed,4,"[[2,-4],[-1,3,-4],[1,2,3],[2,3,4],[-1,2],[2,-3],[-1,-3,4],[-1,-2],[-3,-4],[1,-3,-4],[-1,2,3],[3,-4],[-2,-3,-4],[2,-3,4],[1,-4],[1,-2,3],[2,4],[-1,4],[1,3,-4],[3,4],[-1,2,-3],[-2,4],[1,3],[1,-3,4],[1,-2],[-1,-2,4],[-1,-2,-4],[1,2,-4]]",4.0,28.0,7.0,71.0,2.5357142857142856,0.4987228587060336,2.0,3.0,0.4642857142857143,0.5357142857142857,0.5211267605633803,0.4330127018922193,1.118033988749895,1.0,9.666666666666666,0.9428090415820634,11.0,17.75,0.82915619758885,17.0,19.0,0.0456656346749226,0.0851920748456195,-0.0526315789473684,0.1764705882352941,3.0,0.0,3.0,3.0,1.5767195767195767,0
sat-01562,178de85cf09dc8fead00bee9c66e93fe8fadd8988582198366e6d6e18781bc4e,3sat,4,"[[-1,-3,-4],[1,2,3],[-1,2,-4],[-1,-2,3],[-2,3,4],[1,-3,4],[-2,-3,-4],[-1,3,-4],[1,2,4],[-1,-3,4],[1,-2,-4],[2,3,4],[-1,2,-3],[-1,-2,4],[-1,-2,-3],[-1,2,3],[1,-3,-4],[1,3,-4],[-1,2,4],[-2,-3,4],[1,3,4],[1,2,-3],[2,-3,4],[1,-2,3],[1,2,-4]]",4.0,25.0,6.25,75.0,3.0,0.0,3.0,3.0,0.0,1.0,0.52,0.4330127018922193,1.0,1.0,12.5,0.957427107756338,14.0,18.75,0.82915619758885,18.0,20.0,0.0423976608187134,0.071188472654619,-0.0526315789473684,0.1111111111111111,3.0,0.0,3.0,3.0,2.223333333333333,0
sat-00856,0f1f3025e13206b8c6dd5a2d779e9ff0c3ebe656c179d7c9a7b5812e98fc5cd6,mixed,5,"[[2,-3,4],[-1,3,4],[1,2,-3],[-2,-5],[-1,-2,4],[-1,-3,-4],[1,3,-5],[1,-2,3],[2,3,-5],[-3,4,-5],[2,4,-5],[2,3,5],[2,-3,-5],[-1,-5],[-1,2,4],[1,-3,-4],[1,-2,-5]]",5.0,17.0,3.4,49.0,2.8823529411764706,0.3221897397089212,2.0,3.0,0.1176470588235294,0.8823529411764706,0.4897959183673469,2.039607805437114,2.0,1.0,4.7,1.2688577540449522,6.0,9.8,1.16619037896906,8.0,11.0,-0.0191919191919192,0.4326063455135086,-0.7777777777777778,0.5,4.0,0.0,4.0,4.0,1.6102941176470589,1
sat-00694,b6432a7b6eaf4b8b29ff72f690db9573e60632d8b896281366aa853de4ca7b9e,3sat,5,"[[1,2,4],[-1,2,-5],[-2,3,5],[1,2,-4],[2,-3,5],[-2,3,-5],[1,3,5],[1,4,5],[2,-4,-5],[-2,3,4],[1,3,4],[-1,-4,-5],[2,-4,5],[1,2,-5],[1,-2,4],[-2,-4,5],[-1,2,4]]",5.0,17.0,3.4,51.0,3.0,0.0,3.0,3.0,0.0,1.0,0.6274509803921569,1.0198039027185568,1.6,1.0,5.1,2.071231517720798,8.0,10.2,2.315167380558045,6.0,13.0,0.2958508158508158,0.2175266796216661,0.0909090909090909,0.6666666666666666,4.0,0.0,4.0,4.0,1.8235294117647056,1
sat-01014,49bb0cc8c821223b0fbb78ec80bc74b1260d8426ce230a082dbceace1646c841,mixed,4,"[[-2,-4],[1,-2,-4],[-1,-3,-4],[-1,-2,4],[2,4],[-1,-2],[-1,-2,-3],[-2,4],[-2,3,4],[2,-4],[2,3,-4],[2,3,4],[-1,-3],[1,-3],[-1,-2,3],[-2,-3],[1,-3,-4],[1,2,-4],[1,-3,4],[1,-2,-3],[-1,2,-4],[2,-3],[-1,2,-3],[1,3,4],[2,-3,-4],[-1,4],[-2,-3,4],[-3,4]]",4.0,28.0,7.0,73.0,2.607142857142857,0.4883855118277622,2.0,3.0,0.3928571428571428,0.6071428571428571,0.4246575342465753,1.920286436967152,1.6583123951777,1.0,10.333333333333334,1.3743685418725535,13.0,18.25,1.479019945774904,16.0,20.0,-0.1542032163742689,0.1808393068025764,-0.4444444444444444,0.0526315789473684,3.0,0.0,3.0,3.0,1.6772486772486772,0
sat-02466,67081b2634e5f8df009a98e208089f6054ee8ae3dce53443f925e216366cb010,mixed,4,"[[1,-3],[1,-2,4],[-1,-2,3],[3,-4],[1,-4],[-1,2,3],[1,2,3],[-2,3],[-3,-4],[2,3,4],[1,-2,-4],[-1,-2]]",4.0,12.0,3.0,30.0,2.5,0.5,2.0,3.0,0.5,0.5,0.5333333333333333,1.5811388300841898,1.118033988749895,1.0,4.0,1.1547005383792517,6.0,7.5,0.8660254037844386,6.0,8.0,0.0416666666666666,0.3461093276215864,-0.3333333333333333,0.5,3.0,0.0,3.0,3.0,1.5,1
sat-01228,dfac28111f6b2dada6141f90fddcde124277d0d39193d21cf5700ee5f9fb6558,mixed,5,"[[3,-4,-5],[-1,-2,4],[3,4],[1,-4,5],[1,2,-5],[-2,-3,-4],[-2,-3],[1,-2,3],[-2,-3,4],[1,2,4],[1,-2,-3],[1,-2,-4],[1,4],[1,3,5],[4,-5],[1,3,-4],[2,3,-4],[1,-3,5]]",5.0,18.0,3.6,50.0,2.7777777777777777,0.415739709641549,2.0,3.0,0.2222222222222222,0.7777777777777778,0.56,2.576819745345025,2.154065922853801,1.0,4.6,1.6852299546352716,6.0,10.0,2.0976176963403037,6.0,12.0,0.1018181818181818,0.3964470304263664,-0.4,0.8181818181818182,4.0,0.0,4.0,4.0,1.542483660130719,1
sat-01035,3c5323bcf808a38a66799e91daf8a696653398f0dee7cf19f1eeb775ee84ed2a,3sat,5,"[[1,-4,5],[-1,2,-4],[2,-4,5],[-1,2,5],[-1,3,-5],[-1,3,4],[1,2,-4]]",5.0,7.0,1.4,21.0,3.0,0.0,3.0,3.0,0.0,1.0,0.5714285714285714,1.019803902718557,1.833030277982336,0.9,2.1,1.1357816691600546,4.0,4.2,1.32664991614216,2.0,6.0,0.3133333333333333,0.6678655886063036,-0.6,1.0,3.6,0.4898979485566356,3.0,4.0,1.809523809523809,1
sat-02261,f0b075e2d3d2e706e02be5bc2759ca6e7fdcd888890ba0a68752d11ad463b43e,mixed,5,"[[-1,2],[-3,-4],[-1,-4,-5],[-4,-5],[2,-3,-4],[1,3,4],[-3,4],[-2,-4,5],[1,2],[-1,-2,3],[-2,-3,5],[-3,5],[1,3],[1,-4,5],[1,-3,4]]",5.0,15.0,3.0,38.0,2.533333333333333,0.498887651569859,2.0,3.0,0.4666666666666667,0.5333333333333333,0.4736842105263157,0.8,1.6733200530681511,1.0,3.1,1.044030650891055,5.0,7.6,1.3564659966250536,6.0,9.0,-0.0166666666666666,0.2808716591058786,-0.3333333333333333,0.3333333333333333,4.0,0.0,4.0,4.0,1.238095238095238,0
sat-00258,c7001ccb503d999ff202ed82b2013968cc6143991f5d561363437615962a0d88,2sat,4,"[[-2,-4],[-3,-4],[-1,-4],[-3,4],[-1,4],[1,4],[2,-4],[2,-3],[-1,3],[2,4]]",4.0,10.0,2.5,20.0,2.0,0.0,2.0,2.0,1.0,0.0,0.45,1.299038105676658,1.0897247358851685,0.8333333333333334,1.6666666666666667,1.1055415967851332,3.0,5.0,1.7320508075688772,4.0,8.0,-0.125,0.414578098794425,-0.5,0.5,2.5,0.5,2.0,3.0,1.022222222222222,0
sat-01969,24988d4246f3cc586575f5c6332aa2294ba879bf3aa5bdc56f67bdd3b42605cc,3sat,4,"[[-1,-2,4],[-1,-2,-4],[2,3,-4],[1,3,4],[1,2,4],[2,3,4],[-1,3,4],[1,-3,-4],[-1,-3,-4],[-1,-3,4],[1,-2,-3],[1,2,-4],[-1,2,3],[2,-3,4],[-2,-3,4],[-2,-3,-4],[-1,-2,-3],[-1,-2,3]]",4.0,18.0,4.5,54.0,3.0,0.0,3.0,3.0,0.0,1.0,0.4629629629629629,1.0897247358851685,0.82915619758885,1.0,9.0,0.5773502691896257,10.0,13.5,0.5,13.0,14.0,-0.0769230769230769,0.1381297262634784,-0.2307692307692307,0.1428571428571428,3.0,0.0,3.0,3.0,2.2091503267973858,1
sat-02491,d15f5a209fe1de521716ce816ec7c6a416465df398efd0a2f6ccc060c4720308,mixed,5,"[[1,-4,-5],[1,2],[-2,3,-4],[-2,-3],[3,4,-5],[-1,-2,4],[-4,-5]]",5.0,7.0,1.4,18.0,2.571428571428572,0.4948716593053934,2.0,3.0,0.4285714285714285,0.5714285714285714,0.3888888888888889,0.8,0.9797958971132712,0.8,1.5,0.9219544457292888,3.0,3.6,0.8,3.0,5.0,-0.2066666666666667,0.5096403960964371,-1.0,0.3333333333333333,3.2,0.3999999999999999,3.0,4.0,1.1904761904761905,1
sat-01805,9ecce4c6144c9b07ec15b7a14d6bd9ab8c7a96994e2ee88e018c95d69d20353a,3sat,5,"[[-3,-4,-5],[3,4,-5],[2,3,4],[-2,3,4],[1,-2,-5],[2,4,5],[-1,-4,5],[1,2,3],[1,-4,-5],[1,3,-4],[-1,2,-4],[-1,-3,5],[-1,2,5],[-1,-2,-3],[2,-3,-4],[-1,2,3],[-1,2,-3],[-1,4,5],[-2,4,-5],[1,-3,5],[1,-3,-4]]",5.0,21.0,4.2,63.0,3.0,0.0,3.0,3.0,0.0,1.0,0.5079365079365079,0.7999999999999999,1.469693845669907,1.0,6.3,1.2688577540449522,8.0,12.6,1.0198039027185568,11.0,14.0,0.0255078255078255,0.1722584168638928,-0.1428571428571428,0.3333333333333333,4.0,0.0,4.0,4.0,1.7523809523809524,1
sat-00059,0c5909bf771d180de54cb95c8814797dfa1d6c03488c382d5489600127203cf1,3sat,4,"[[1,3,4],[-1,-3,-4],[1,-2,-3],[1,2,4],[1,-3,-4],[-1,-3,4],[-1,2,3],[1,2,-4],[-2,-3,4],[1,-3,4],[-1,3,-4],[1,-2,4],[2,3,-4],[-1,-2,4],[-1,2,4],[-1,-2,-3],[1,3,-4],[-1,2,-4]]",4.0,18.0,4.5,54.0,3.0,0.0,3.0,3.0,0.0,1.0,0.5,1.299038105676658,1.0897247358851685,1.0,9.0,2.3804761428476167,13.0,13.5,2.0615528128088303,11.0,16.0,-0.0022727272727272,0.1005808429512235,-0.1666666666666666,0.0909090909090909,3.0,0.0,3.0,3.0,2.261437908496732,0
sat-00060,8e47e76de5b3b286329cca84759f8decc5f64579ae4a542c8a99cd9ec7f62982,3sat,4,"[[-1,2,3],[1,2,-4],[1,3,-4],[-1,3,4],[2,-3,4],[1,-2,-3],[1,-2,4],[1,2,4],[-1,2,4],[-1,2,-4],[1,-3,4],[2,3,-4],[1,2,3],[-1,-3,-4],[-2,-3,4],[-1,-2,4],[-2,3,-4],[1,2,-3],[-1,3,-4],[1,-2,-4],[1,-3,-4],[-1,-3,4],[-1,-2,-4],[2,3,4],[-1,2,-3],[-1,-2,-3],[2,-3,-4]]",4.0,27.0,6.75,81.0,3.0,0.0,3.0,3.0,0.0,1.0,0.4938271604938271,1.4142135623730951,1.299038105676658,1.0,13.5,0.957427107756338,15.0,20.25,0.82915619758885,19.0,21.0,-0.0132832080200501,0.1311107555213456,-0.1578947368421052,0.2,3.0,0.0,3.0,3.0,2.225071225071225,0
sat-00500,ba1585d07bbc997839118d8eb2740f0dfdf6ff9ee7f222754a34c66eb2501e4b,mixed,5,"[[-1,-2],[-3,4,5],[-1,-4],[-2,4,5],[-1,-3,-5],[2,-5],[1,-4],[2,-3,-4]]",5.0,8.0,1.6,20.0,2.5,0.5,2.0,3.0,0.5,0.5,0.35,0.8,0.4898979485566356,1.0,1.6,0.4898979485566356,2.0,4.0,0.6324555320336759,3.0,5.0,-0.3399999999999999,0.3773592452822641,-1.0,0.0,4.0,0.0,4.0,4.0,1.1071428571428572,1
sat-01798,dd8543efb25109ebc891ab53786573938cde1ef602a7113a9e2a2090c4d5b719,2sat,5,"[[-3,5],[1,4],[-1,-2],[-2,-4],[1,-2],[2,-5],[-3,4],[-1,4],[-2,5],[4,-5]]",5.0,10.0,2.0,20.0,2.0,0.0,2.0,2.0,1.0,0.0,0.45,1.32664991614216,0.9797958971132712,0.7,1.0,0.7745966692414834,2.0,4.0,1.095445115010332,2.0,5.0,-0.2,0.5513619500836089,-1.0,0.6,2.8,0.7483314773547882,2.0,4.0,0.7333333333333333,1
sat-01823,e3794079c26c508f37cdae3948b8f03afd6cb998d6e0e29a1f0a5940b0a197e6,mixed,5,"[[1,-2,-4],[3,-4,5],[1,-2,-3],[-3,-4],[1,2,-5],[-2,-3,5],[1,-3,-4],[1,3,-4],[4,5],[-1,-2,-3],[1,5],[-2,-3,4],[1,2,3],[1,-3,5]]",5.0,14.0,2.8,39.0,2.7857142857142856,0.410325903324145,2.0,3.0,0.2142857142857142,0.7857142857142857,0.5128205128205128,2.280350850198276,2.4000000000000004,1.0,3.6,1.42828568570857,6.0,7.8,1.469693845669907,6.0,10.0,0.0374603174603174,0.5603058589562944,-0.4285714285714285,0.7777777777777778,4.0,0.0,4.0,4.0,1.5164835164835164,1
sat-01863,17b8d348196caac0434dbc17a7180c890fcc55dad1b7f02d024bfdb932c8c447,3sat,4,"[[1,2,-3],[-1,-2,4],[-1,-2,3],[1,-2,4],[2,-3,-4],[1,3,4],[-1,3,4],[-1,2,-4],[-2,-3,-4],[-2,3,4]]",4.0,10.0,2.5,30.0,3.0,0.0,3.0,3.0,0.0,1.0,0.5,0.82915619758885,0.82915619758885,1.0,5.0,0.5773502691896257,6.0,7.5,0.5,7.0,8.0,0.0,0.2036027544819889,-0.25,0.25,3.0,0.0,3.0,3.0,2.1777777777777776,1
sat-00591,327730ad7afa635e6f6472d12443aa86e428893e4542b924a1daf63f77c0250a,mixed,4,"[[-1,-3,4],[3,-4],[2,-3],[1,-2,-3],[1,-2,-4]]",4.0,5.0,1.25,13.0,2.6,0.4898979485566356,2.0,3.0,0.4,0.6,0.3846153846153846,0.4330127018922193,0.7071067811865476,1.0,1.8333333333333333,0.3726779962499649,2.0,3.25,0.4330127018922193,3.0,4.0,-0.2083333333333333,0.3200477394945253,-0.5,0.3333333333333333,3.0,0.0,3.0,3.0,1.5,1
sat-01681,aba58bb77e7dc12134ac0ed3bcccc113fae2a7dbf4941a04308531b6e1d2fc91,mixed,5,"[[1,-3,5],[2,-4,5],[2,-4],[-1,-3,4],[-1,3,4],[3,4,-5],[1,-4,-5],[2,-4,-5],[-1,2,-5],[-1,-3,-5],[1,3],[2,4,5],[-1,-4],[1,4],[-2,-4,-5],[1,2,-3],[1,-2,-3],[-1,4,-5],[-1,-3,5]]",5.0,19.0,3.8,53.0,2.789473684210526,0.4076824574955175,2.0,3.0,0.2105263157894736,0.7894736842105263,0.4716981132075472,1.2649110640673518,1.8547236990991407,1.0,4.9,1.8138357147217052,8.0,10.6,1.8547236990991407,8.0,13.0,-0.0365967365967365,0.2948599092844011,-0.3333333333333333,0.5,4.0,0.0,4.0,4.0,1.5380116959064327,0
sat-01238,131920190d610afcac39ccc49668caeca7f928b602ee63d0dbea94c680159fe9,mixed,5,"[[1,3,4],[-1,-2,5],[-1,2,-3],[-3,5],[1,-2,-4],[-1,-4],[-1,4,5],[-1,5],[-2,3,-4]]",5.0,9.0,1.8,24.0,2.6666666666666665,0.4714045207910317,2.0,3.0,0.3333333333333333,0.6666666666666666,0.4583333333333333,0.9797958971132712,1.624807680927192,1.0,2.1,0.9433981132056604,4.0,4.8,1.16619037896906,4.0,7.0,-0.0257142857142857,0.5422854132168365,-0.5,1.0,4.0,0.0,4.0,4.0,1.3611111111111112,1
sat-00853,76d0e83f3249f8a47a815e3a8c084c557343d36b1a5051ba3f1d9df9f0c79e5d,3sat,4,"[[-2,3,4],[1,2,-3],[1,2,4],[-1,-2,-3],[1,-3,4],[-1,2,-3],[2,3,4],[-1,-2,4],[1,2,3],[-1,-2,-4],[-1,3,-4],[-2,-3,-4],[-1,2,-4],[2,-3,-4],[1,-2,3],[-1,-3,4]]",4.0,16.0,4.0,48.0,3.0,0.0,3.0,3.0,0.0,1.0,0.4791666666666667,0.82915619758885,0.82915619758885,1.0,8.0,0.816496580927726,9.0,12.0,0.7071067811865476,11.0,13.0,-0.0413752913752913,0.1253889141663104,-0.1666666666666666,0.0909090909090909,3.0,0.0,3.0,3.0,2.208333333333333,0
sat-01133,a3f3adbb798e6128bd4b68212b9bda3d53ecb02cc1d761c7105378513ee5ce5e,3sat,4,"[[1,-3,4],[2,3,-4],[1,-2,3],[-1,2,4],[1,2,4],[-2,3,-4]]",4.0,6.0,1.5,18.0,3.0,0.0,3.0,3.0,0.0,1.0,0.6666666666666666,0.0,0.5,1.0,3.0,0.5773502691896257,4.0,4.5,0.5,4.0,5.0,0.35,0.15,0.2,0.5,3.0,0.0,3.0,3.0,2.1333333333333333,1
sat-01318,07c6925b368d3be73ead67872d00614cf1d73967e7b5924ebc2689d894407b37,mixed,4,"[[-1,-3],[1,-2],[-1,3],[1,-2,4],[-2,3,-4],[-2,-3],[-1,2,3],[-1,-4],[-1,2],[-1,-2,4],[-3,4],[2,3,4],[-1,-2,3],[-1,2,4],[-1,-3,4],[1,3],[-2,-3,-4],[2,3,-4],[-2,4],[2,-3],[-1,-2]]",4.0,21.0,5.25,52.0,2.4761904761904763,0.4994327848429292,2.0,3.0,0.5238095238095238,0.4761904761904761,0.4423076923076923,1.6393596310755,2.384848003542364,1.0,6.833333333333333,1.2133516482134197,8.0,13.0,1.4142135623730951,11.0,15.0,-0.0972027972027972,0.3051412043295465,-0.5384615384615384,0.2727272727272727,3.0,0.0,3.0,3.0,1.5047619047619047,0
sat-02732,0e17b06bcfa239d5fc8b93f7e43ad6fa4376138045958f7110238cd0657db2c7,2sat,4,"[[-1,2],[3,4],[2,-4],[-1,-2],[-2,-3],[-2,4],[1,-4],[-1,-3],[-2,3],[-2,-4],[1,-2],[1,-3],[1,3],[-1,-4],[1,4],[2,4],[2,-3]]",4.0,17.0,4.25,34.0,2.0,0.0,2.0,2.0,1.0,0.0,0.4705882352941176,0.7071067811865476,0.8660254037844386,1.0,2.833333333333333,0.8975274678557507,4.0,8.5,1.118033988749895,7.0,10.0,-0.0579365079365079,0.1217859664228021,-0.2,0.1111111111111111,3.0,0.0,3.0,3.0,0.9558823529411764,0
sat-02395,42afe5dec72b3d105a72075bb13b2089a61966e0711f7bd261bc23447cfe76bc,mixed,4,"[[-1,-2,-4],[-1,-2,-3],[-1,-2,3],[1,-2,4],[1,-4],[1,2],[1,-3]]",4.0,7.0,1.75,18.0,2.571428571428572,0.4948716593053935,2.0,3.0,0.4285714285714285,0.5714285714285714,0.3888888888888889,1.299038105676658,0.82915619758885,0.8333333333333334,2.5,1.5,5.0,4.5,1.6583123951777,3.0,7.0,-0.2809523809523809,0.2678121655359783,-0.6,0.1428571428571428,2.5,0.5,2.0,3.0,1.761904761904762,1
sat-00270,0a8ad112fe3f585c0a222661949e946b2d1a7ffd97f20301893e9db2548c907a,mixed,4,"[[-1,2,-3],[-2,3,-4],[-1,2,4],[2,-4],[-2,-3,4],[1,2],[1,-4],[1,2,3],[1,-3],[-2,3],[-1,-2,4],[-1,4],[1,2,-4],[1,-3,4],[-2,3,4],[1,-3,-4]]",4.0,16.0,4.0,42.0,2.625,0.4841229182759271,2.0,3.0,0.375,0.625,0.5476190476190477,1.0897247358851685,0.4330127018922193,1.0,6.0,0.816496580927726,7.0,10.5,0.8660254037844386,9.0,11.0,0.0858585858585858,0.1358013096944318,-0.1111111111111111,0.2727272727272727,3.0,0.0,3.0,3.0,1.675,1
sat-00146,cb2def7972cf27e438df3ef88d0989c5e860341cfdc242d94f83599fc48848b9,2sat,5,"[[3,4],[-2,4],[-2,5],[-1,-5],[2,3],[1,2],[-1,5],[4,-5],[-1,-2],[-3,-4],[1,5],[-1,-3],[1,-5],[1,-4],[-4,5],[3,5],[-1,2],[-1,-4],[-1,4],[2,-5],[-2,-4],[2,5],[2,-3],[2,4]]",5.0,24.0,4.8,48.0,2.0,0.0,2.0,2.0,1.0,0.0,0.5208333333333334,1.4142135623730951,1.3564659966250536,1.0,2.4,0.916515138991168,4.0,9.6,1.8547236990991407,6.0,11.0,0.04,0.1901369667258381,-0.2727272727272727,0.2727272727272727,4.0,0.0,4.0,4.0,0.7789855072463768,0
sat-00539,555e27bb09f64c2fc9404629c10978e12f01e4de5ac7ddf7aed5adbc2ee2e58b,3sat,5,"[[1,-2,-5],[-1,4,5],[1,2,5],[-1,-4,5],[-1,3,-4],[-1,4,-5],[-1,2,5],[3,-4,-5]]",5.0,8.0,1.6,24.0,3.0,0.0,3.0,3.0,0.0,1.0,0.5,0.8,1.743559577416269,0.8,2.4,1.8547236990991407,6.0,4.8,2.039607805437114,2.0,7.0,0.1695238095238095,0.4922400093017324,-0.4285714285714285,1.0,3.2,0.7483314773547882,2.0,4.0,2.0,1
sat-02880,38d7b5cc4036b9bd2b8a587108f6e3a9aeeec79909620dea4199ba12735da29d,mixed,5,"[[-3,5],[-1,2,5],[2,-3,-4],[-1,-2,-3],[1,3,5],[-1,-2,3],[-4,5],[-2,-4,5],[-1,2,-5],[1,3],[1,2,-3],[-2,3,4],[-1,-3],[2,3],[4,5],[-2,3,-4],[-2,-5],[-2,-3,5],[-1,3,-5],[2,-5],[2,-3,4],[1,2,5],[1,3,-4],[1,-3,4],[2,4,5],[1,-4,-5],[3,-5],[1,2,3],[-1,2,3],[1,5],[-2,-4,-5],[-2,-3],[3,5]]",5.0,33.0,6.6,87.0,2.636363636363636,0.4810456929208347,2.0,3.0,0.3636363636363636,0.6363636363636364,0.5517241379310345,2.4979991993593598,0.9797958971132712,1.0,7.5,2.5,12.0,17.4,3.2,12.0,21.0,0.0846825396825396,0.1321650441357638,-0.1666666666666666,0.2222222222222222,4.0,0.0,4.0,4.0,1.3996212121212122,0
sat-00363,115c36bdc29b0453632157ba89dd3fcab27219f7ecd994baf48cde493510c6ae,2sat,5,"[[-1,-4],[4,-5],[-1,-2],[1,-3],[-2,-4],[1,-4],[-2,-3],[-2,3],[-4,5]]",5.0,9.0,1.8,18.0,2.0,0.0,2.0,2.0,1.0,0.0,0.2777777777777778,0.6324555320336759,1.2,0.6,0.9,0.8306623862918076,2.0,3.6,1.019803902718557,2.0,5.0,-0.3866666666666666,0.3804091364716561,-1.0,0.0,2.4,0.8,1.0,3.0,0.7222222222222222,1
sat-02337,b4bae738d4bd0300853f9789bbf5f5cc8480e99e34f09d06363d2137cf7bc111,3sat,5,"[[-1,2,3],[1,3,-5],[-2,-3,5],[-3,4,5],[-2,3,-5],[-2,-4,5],[2,4,5]]",5.0,7.0,1.4,21.0,3.0,0.0,3.0,3.0,0.0,1.0,0.5714285714285714,1.019803902718557,0.7483314773547883,0.9,2.1,1.3,4.0,4.2,1.469693845669907,2.0,6.0,0.1333333333333333,0.2065591117977289,-0.2,0.3333333333333333,3.6,0.4898979485566356,3.0,4.0,1.8571428571428568,1
sat-02339,0a5b62866eabbcdca11314a92bd06c42e246ebe222aacc35e057d984fd50e787,mixed,4,"[[1,-2],[-2,3,4],[1,-4],[1,2],[1,3,-4],[-1,-2,4],[1,-2,-3],[-1,4],[1,-2,-4],[1,2,-4],[1,3,4],[-1,3,4],[1,-2,3],[-3,-4],[-1,3,-4],[-1,2],[-2,3,-4],[2,-3,4],[-1,-2,-3],[-1,-3],[-3,4],[2,3,-4],[-2,-3],[1,-3],[1,-3,4],[-2,-3,-4]]",4.0,26.0,6.5,68.0,2.6153846153846154,0.4865042554105199,2.0,3.0,0.3846153846153846,0.6153846153846154,0.4705882352941176,2.1213203435596424,1.224744871391589,1.0,9.666666666666666,1.247219128924647,12.0,17.0,1.224744871391589,15.0,18.0,-0.0702614379084967,0.1978339171864989,-0.3333333333333333,0.2222222222222222,3.0,0.0,3.0,3.0,1.6830769230769231,0
sat-02670,f589a5985cb41526d7e504cd4509f189f1de770319f10a78f376179a4ccf6a15,mixed,5,"[[1,-2],[-3,4],[-1,-2,-3],[3,4,-5],[2,-3,-5],[-2,3,5],[-1,-3,4],[-1,2],[-1,5],[4,-5],[-2,3,-5],[-2,-4],[2,4,5],[-1,2,-4],[2,5],[1,-3],[1,2,5]]",5.0,17.0,3.4,43.0,2.5294117647058822,0.4991341984846218,2.0,3.0,0.4705882352941176,0.5294117647058824,0.5116279069767442,1.2,1.16619037896906,1.0,3.5,1.2041594578792296,6.0,8.6,1.3564659966250536,7.0,11.0,0.0261183261183261,0.2552930772323848,-0.25,0.4285714285714285,4.0,0.0,4.0,4.0,1.2352941176470589,1
sat-02931,b9ba0880eb2cf5ec2cbf1d5c558cdea72e35dfbbc1b5286c7f48c31b0efeeae3,mixed,5,"[[-2,4,-5],[-1,3],[1,-2,4],[-3,-5],[1,-4,-5],[1,2,3],[2,-3,5],[1,4,-5],[1,-4],[-2,4,5],[-2,-4,5],[-3,-4,-5],[3,-4,5],[2,-5],[-1,2,4],[2,4,-5],[-1,-2,-4],[-2,-3,4]]",5.0,18.0,3.6,50.0,2.7777777777777777,0.415739709641549,2.0,3.0,0.2222222222222222,0.7777777777777778,0.48,1.32664991614216,1.469693845669907,1.0,4.6,2.154065922853801,8.0,10.0,2.1908902300206643,7.0,13.0,-0.0359140859140859,0.1816704947384531,-0.2727272727272727,0.25,4.0,0.0,4.0,4.0,1.5490196078431373,0
sat-00767,10bbe91f1ac9dd555c49248c8ff4b5207e408cab110e2c9b8e7f2a299fc6933d,mixed,5,"[[-1,-4],[-1,-3,4],[-2,4,5],[1,4,-5],[-2,3,-5],[-1,-3,-4],[-1,-2,3],[-1,-2,4]]",5.0,8.0,1.6,23.0,2.875,0.3307189138830738,2.0,3.0,0.125,0.875,0.3478260869565217,1.3564659966250536,1.2649110640673518,1.0,2.2,1.0770329614269007,5.0,4.6,1.2,3.0,6.0,-0.3333333333333333,0.4714045207910317,-1.0,0.3333333333333333,4.0,0.0,4.0,4.0,1.6071428571428572,1
sat-01913,80137602a18cde107addeaadcd929a75c117cd99b30b364c21c3e2373d0ccdcc,3sat,5,"[[-1,2,-4],[1,-3,4],[-2,3,4],[-1,-3,-5],[1,3,-5],[1,-2,3],[-2,-3,-5],[-1,2,-3],[-1,3,5],[2,-3,5],[-1,-4,-5],[3,4,-5],[-1,-2,5],[-2,-3,-4],[-3,4,-5],[-1,2,-5],[-1,-2,-3],[-1,-2,-5],[3,-4,-5],[1,2,5],[-1,-2,-4]]",5.0,21.0,4.2,63.0,3.0,0.0,3.0,3.0,0.0,1.0,0.365079365079365,0.7999999999999999,1.6733200530681511,1.0,6.3,1.7349351572897471,9.0,12.6,1.8547236990991407,9.0,14.0,-0.2595848595848596,0.1270348353717304,-0.4285714285714285,-0.1111111111111111,4.0,0.0,4.0,4.0,1.7809523809523808,1
sat-00008,7f14512fbc15c921cc93f139c77fa648a94701e3391649400f06b9d819d85f0d,2sat,4,"[[2,-4],[-2,3],[-1,3],[-1,-4],[1,4],[1,-3]]",4.0,6.0,1.5,12.0,2.0,0.0,2.0,2.0,1.0,0.0,0.5,0.5,0.5,0.6666666666666666,1.0,0.816496580927726,2.0,3.0,0.7071067811865476,2.0,4.0,0.0,0.2357022603955158,-0.3333333333333333,0.3333333333333333,2.0,0.0,2.0,2.0,0.8666666666666667,1
sat-00444,6cfc6ae874362b0ffc32e9c0e1cc2bfd3e4e48d453bddee5baa510227df29d91,2sat,5,"[[3,5],[2,-5],[-3,-5],[-3,4],[-1,5],[4,-5],[-2,-5],[2,5],[4,5]]",5.0,9.0,1.8,18.0,2.0,0.0,2.0,2.0,1.0,0.0,0.5555555555555556,1.4142135623730951,1.3564659966250536,0.5,0.9,1.044030650891055,3.0,3.6,2.3323807579381204,1.0,8.0,0.0,0.6666666666666667,-1.0,1.0,2.0,1.095445115010332,1.0,4.0,1.0277777777777777,1
sat-01329,a09dc095e88ecce4c1e2f71959906969e38b641972bad454581f80d75f2899e5,3sat,5,"[[2,3,5],[-3,4,5],[1,-3,-4],[1,2,-4],[1,3,4],[2,-3,-5],[2,3,-5],[3,4,-5],[-2,4,5],[-2,4,-5],[1,-3,-5],[-3,4,-5],[1,-2,-3],[-2,-3,-5],[1,2,5]]",5.0,15.0,3.0,45.0,3.0,0.0,3.0,3.0,0.0,1.0,0.5555555555555556,0.8944271909999159,2.756809750418044,1.0,4.5,1.8027756377319943,8.0,9.0,1.8973665961010275,6.0,11.0,0.2131313131313131,0.4866171444586532,-0.2727272727272727,1.0,4.0,0.0,4.0,4.0,1.8,1
sat-01915,a06edecb9d1405256672fb9ad832510fe5bfbf6c3376f75a6eeea2aea9f0391c,3sat,5,"[[2,3,-4],[-1,4,5],[1,-2,-5],[-1,2,-5],[1,-3,-5],[2,-3,4],[1,4,-5],[-1,-4,-5],[-3,-4,-5],[-1,3,-5],[-1,3,5],[1,-2,-4],[-2,3,4],[-1,-3,4],[1,4,5]]",5.0,15.0,3.0,45.0,3.0,0.0,3.0,3.0,0.0,1.0,0.4666666666666667,1.16619037896906,1.469693845669907,1.0,4.5,1.857417562100671,9.0,9.0,1.7888543819998317,6.0,11.0,-0.0581818181818181,0.1956214931827311,-0.4,0.2,4.0,0.0,4.0,4.0,1.7904761904761906,1
sat-00081,1be0d692fcd9ee181e1835d4b281a280c9e5eb8acc4653dc64e25e6e6b056415,2sat,5,"[[-1,-2],[-1,2],[-2,-3],[-1,3],[-1,4],[-3,4],[-2,-5],[-2,-4],[1,3],[4,-5],[2,-5],[2,4],[-3,-4],[3,4],[1,-5],[-1,5],[2,-4],[-2,5],[-1,-4]]",5.0,19.0,3.8,38.0,2.0,0.0,2.0,2.0,1.0,0.0,0.4210526315789473,1.16619037896906,1.0198039027185568,0.9,1.9,0.9433981132056604,3.0,7.6,1.3564659966250536,6.0,9.0,-0.1666666666666666,0.2222222222222222,-0.5,0.1111111111111111,3.6,0.4898979485566356,3.0,4.0,0.7602339181286549,0
sat-02815,086dc3d4dddd2ef34953303dacd634bdfd0760da686a6b3313923bde39021d27,3sat,4,"[[-2,3,4],[1,2,-3],[-1,2,4],[-1,-3,4],[-1,-2,4],[-1,-3,-4],[1,3,-4],[-1,-2,3],[-2,-3,-4],[-2,-3,4]]",4.0,10.0,2.5,30.0,3.0,0.0,3.0,3.0,0.0,1.0,0.4,1.224744871391589,0.8660254037844386,1.0,5.0,0.5773502691896257,6.0,7.5,0.5,7.0,8.0,-0.2142857142857143,0.2777919497518579,-0.4285714285714285,0.25,3.0,0.0,3.0,3.0,2.1777777777777776,1
sat-00659,78ab4ed075ab797fb81a0a296d3a47b1e5712d02e48c9e0debf9ce801ea4dd3a,3sat,4,"[[-2,3,-4],[-1,2,-4],[2,-3,-4],[-2,-3,-4],[-1,2,3],[1,-3,-4],[2,3,4],[1,3,4],[-1,3,4],[-2,-3,4],[1,2,4],[-1,-3,4],[1,2,-4],[-2,3,4],[1,2,-3],[-1,-2,3],[1,-3,4]]",4.0,17.0,4.25,51.0,3.0,0.0,3.0,3.0,0.0,1.0,0.5490196078431373,0.7071067811865476,0.82915619758885,1.0,8.5,1.5,11.0,12.75,1.299038105676658,11.0,14.0,0.1001082251082251,0.063960489592648,0.0,0.1666666666666666,3.0,0.0,3.0,3.0,2.2279411764705883,0
sat-02434,825e4a5eeb81c29113ad11e3c40d77a57563ff7ccde10885483af57dbd0acc68,2sat,5,"[[-1,5],[-2,5],[-2,4],[-1,-4],[1,-3],[4,5],[-2,-3],[1,4],[-4,-5],[-2,-5],[3,4],[1,2],[-3,-5],[4,-5],[-1,3],[-1,-2],[-2,3],[1,-4],[-3,5],[2,-3],[2,5],[3,5],[1,3],[1,-5],[1,5],[2,3],[-3,-4],[-1,4],[2,-4],[3,-5],[-4,5],[1,-2],[-1,-5],[-1,2]]",5.0,34.0,6.8,68.0,2.0,0.0,2.0,2.0,1.0,0.0,0.5147058823529411,0.8944271909999159,0.4898979485566356,1.0,3.4,0.8,4.0,13.6,1.2,12.0,15.0,0.0266666666666666,0.0585963358239413,-0.0769230769230769,0.0769230769230769,4.0,0.0,4.0,4.0,0.7700534759358288,0
sat-02397,09010873e3929cebb58ef3fe1d7d8c108ada6c7c09f7ac7ce060bce330dfc1de,mixed,4,"[[1,-2,4],[-1,2,-4],[-2,-3],[-2,3,-4],[1,2,3],[-1,-2],[1,-3,-4],[1,-2,-3],[1,-3,4],[1,3],[-1,-2,-3],[2,-3,-4],[2,-3,4],[1,3,-4],[-1,-4],[-1,-2,3],[2,4]]",4.0,17.0,4.25,46.0,2.7058823529411766,0.4556450995538137,2.0,3.0,0.2941176470588235,0.7058823529411765,0.4565217391304347,1.0897247358851685,0.82915619758885,1.0,6.833333333333333,0.8975274678557507,8.0,11.5,0.8660254037844386,10.0,12.0,-0.0916666666666666,0.1497683396300952,-0.2,0.1666666666666666,3.0,0.0,3.0,3.0,1.786764705882353,0
sat-01268,f60dd77baa764f9281ebfdf81f7f22f9b4c2b995cc7f7e8aca937e629938b11e,3sat,4,"[[-1,3,-4],[1,-2,-3],[-1,-3,-4],[1,2,-3],[-2,3,4],[1,-3,4],[2,3,4],[1,2,4],[1,-2,4],[1,3,4],[-1,-2,-4],[1,2,-4],[2,-3,4]]",4.0,13.0,3.25,39.0,3.0,0.0,3.0,3.0,0.0,1.0,0.5897435897435898,1.299038105676658,0.7071067811865476,1.0,6.5,0.957427107756338,8.0,9.75,0.82915619758885,9.0,11.0,0.1681818181818181,0.1910045990586214,-0.1111111111111111,0.4,3.0,0.0,3.0,3.0,2.2051282051282053,1
sat-02205,d230866692e0b21ce8ed1c36f766d0fe684b69373ae7cf29971236a343ec358c,3sat,4,"[[-1,3,4],[-1,2,3],[1,-2,-4],[1,-3,4],[-2,-3,4],[1,-3,-4],[-1,-2,-3],[-1,2,4],[-2,3,-4],[-1,2,-3],[2,-3,-4]]",4.0,11.0,2.75,33.0,3.0,0.0,3.0,3.0,0.0,1.0,0.4242424242424242,0.5,0.82915619758885,1.0,5.5,0.5,6.0,8.25,0.4330127018922193,8.0,9.0,-0.1458333333333333,0.148779758927976,-0.3333333333333333,0.0,3.0,0.0,3.0,3.0,2.1818181818181817,1
sat-02939,e78c944e9b17e48742457753b32b02441f5dc99a413b3ea16bd1374d11d7abcb,mixed,4,"[[1,2,4],[1,-2,-3],[-3,-4],[-1,2,3],[1,4],[2,3,-4],[1,2,3],[-1,3],[-3,4],[2,-3],[2,-3,-4],[-2,3],[-1,-2,3],[1,2,-3],[-1,-2,4],[1,2],[3,4],[2,3,4],[-2,4],[-1,-3,-4],[2,-4],[-1,4]]",4.0,22.0,5.5,55.0,2.5,0.5,2.0,3.0,0.5,0.5,0.5818181818181818,1.4142135623730951,0.82915619758885,1.0,7.333333333333333,1.4907119849998596,10.0,13.75,1.299038105676658,12.0,15.0,0.1576923076923077,0.1316648565526088,0.0,0.3333333333333333,3.0,0.0,3.0,3.0,1.5324675324675323,0
sat-02314,c7c2f3063304439bcd8507a0828acc0d3fb94d049f7023f905230085d69bda5e,mixed,5,"[[4,5],[1,-2,-5],[-2,-3,-4],[-1,-2,3],[-2,3,4],[-1,-3,5],[-1,5],[2,-4],[3,-5],[1,3],[1,2,3],[-2,4,5],[-2,3,5],[3,-4,-5],[-2,-3,-5]]",5.0,15.0,3.0,40.0,2.6666666666666665,0.4714045207910317,2.0,3.0,0.3333333333333333,0.6666666666666666,0.5,1.7888543819998317,1.5491933384829668,0.9,3.5,1.5,6.0,8.0,1.6733200530681511,6.0,10.0,-0.0088888888888888,0.3100298671394718,-0.5555555555555556,0.4,3.6,0.4898979485566356,3.0,4.0,1.4,1
sat-01085,5890c220d838cba1c5bd324ad5276219682a20ef0301a433b42a460aaab5c785,3sat,5,"[[2,-3,-5],[-2,-3,4],[-1,-4,5],[2,3,4],[1,2,-3],[-2,3,4],[-2,3,-5],[1,-2,-3],[2,4,5]]",5.0,9.0,1.8,27.0,3.0,0.0,3.0,3.0,0.0,1.0,0.5555555555555556,0.8944271909999159,1.3564659966250538,1.0,2.7,1.6763054614240211,7.0,5.4,1.8547236990991407,3.0,8.0,0.1580952380952381,0.270757734085092,-0.1428571428571428,0.6,4.0,0.0,4.0,4.0,1.8888888888888888,1
sat-00130,9023e5b4dab45447859651fd1fa136bc43c363d48609fe2d2d04647116cdee6f,2sat,5,"[[-3,5],[-1,-5],[-1,-3],[1,-2],[1,-5],[1,2],[-1,3],[3,5],[2,3],[2,5],[1,-3],[1,3],[3,4],[3,-5],[-2,-4],[-3,-4],[4,5],[2,-4],[-2,-3],[3,-4],[1,4],[1,5],[2,4],[-1,-4],[4,-5],[-2,5],[-2,4],[-2,-5],[-4,5]]",5.0,29.0,5.8,58.0,2.0,0.0,2.0,2.0,1.0,0.0,0.5517241379310345,0.7999999999999999,0.7483314773547882,1.0,2.9,0.7,4.0,11.6,0.4898979485566356,11.0,12.0,0.103030303030303,0.1304790917673393,-0.0909090909090909,0.2727272727272727,4.0,0.0,4.0,4.0,0.7586206896551724,0
sat-02887,05a167bcb136f872ad15d592ee932626af889848cd89fd6205018c26432f93f5,3sat,5,"[[-1,-3,-5],[1,4,5],[3,4,5],[1,-4,-5],[2,3,-5]]",5.0,5.0,1.0,15.0,3.0,0.0,3.0,3.0,0.0,1.0,0.6,0.4000000000000001,0.9797958971132712,0.8,1.5,1.118033988749895,3.0,3.0,1.2649110640673518,1.0,5.0,0.36,0.3808761828556187,-0.2,1.0,3.2,0.7483314773547882,2.0,4.0,1.9,1
sat-01348,617b64fc29d3a5c81605ef3f910074be59bc3721207e4a330dbbe6d348d39de0,mixed,5,"[[-3,4,-5],[1,-3,-5],[1,2,-4],[3,4,5],[-2,4,-5],[-1,-4,5],[-2,4],[-3,-4],[3,-4,5],[-4,5],[-1,-3,5],[-4,-5],[2,3,5],[-1,-3],[1,-2,4],[1,3,-5],[1,-4],[-1,2],[-1,4],[-1,2,-4],[-2,3,5],[1,2,-5],[-2,-4,5],[1,4,-5],[4,5],[-1,-2,3],[3,5],[1,2,4],[1,-3,4],[2,4,-5],[-3,5],[-2,-4],[-2,-5],[1,-2,5],[2,-3,-4]]",5.0,35.0,7.0,92.0,2.628571428571429,0.4831867007225075,2.0,3.0,0.3714285714285714,0.6285714285714286,0.5217391304347826,1.8547236990991407,1.32664991614216,1.0,7.9,2.071231517720798,11.0,18.4,2.65329983228432,15.0,22.0,0.0387675070028011,0.1019216226698308,-0.0666666666666666,0.1764705882352941,4.0,0.0,4.0,4.0,1.3747899159663866,0
sat-02485,0e2f8e5ed6efe3b709b5105fb6ac4f255daf238644b4ee09b03de744b4920103,3sat,5,"[[-3,4,5],[3,-4,-5],[-1,-2,-5],[-1,4,5],[-2,-4,5],[1,-3,4],[2,-3,-4],[1,2,3],[-3,4,-5],[1,4,5],[2,-3,5],[-1,-2,-3],[-2,-3,-4],[2,-4,5],[1,2,-5],[-2,3,-4],[1,-4,-5],[-1,2,3],[2,4,-5],[-1,-3,4]]",5.0,20.0,4.0,60.0,3.0,0.0,3.0,3.0,0.0,1.0,0.4833333333333333,1.16619037896906,1.16619037896906,1.0,6.0,1.4832396974191326,9.0,12.0,1.2649110640673518,10.0,14.0,-0.0333333333333333,0.1632993161855452,-0.3333333333333333,0.1666666666666666,4.0,0.0,4.0,4.0,1.7578947368421052,1
sat-01073,723c05763feabc9832562255effad29f252fd16ddc3457f73eec1393661e6dcb,3sat,5,"[[-2,3,-5],[-2,3,4],[2,3,-5],[2,-3,5],[3,-4,-5],[1,3,4],[-3,4,-5],[-1,2,5],[-2,4,-5],[-1,4,-5],[-1,-2,-3],[2,-3,-4],[2,-3,4],[-1,-2,3],[1,-2,-5],[-1,-4,5],[-1,4,5],[1,3,-5],[-1,2,-3],[-3,-4,-5],[1,-2,-3]]",5.0,21.0,4.2,63.0,3.0,0.0,3.0,3.0,0.0,1.0,0.4444444444444444,1.3564659966250536,1.6733200530681511,1.0,6.3,1.6155494421403511,10.0,12.6,1.4966629547095764,11.0,15.0,-0.1056410256410256,0.2241654734238399,-0.3846153846153846,0.2727272727272727,4.0,0.0,4.0,4.0,1.7666666666666666,1
sat-01057,30fab3050239b61b148e0fce506a479f5e558d384e3cb73d636a415a8103d763,mixed,4,"[[2,4],[1,2],[-1,2,-3],[-1,3],[1,3,4]]",4.0,5.0,1.25,12.0,2.4,0.4898979485566356,2.0,3.0,0.6,0.4,0.75,0.4330127018922193,0.82915619758885,1.0,1.5,0.7637626158259734,3.0,3.0,0.7071067811865476,2.0,4.0,0.5833333333333333,0.4330127018922193,0.0,1.0,3.0,0.0,3.0,3.0,1.3,1
sat-00697,9fa6eae8d3b559377f5abdeebdae00a34120d1aa63573e3350f92a031ca11151,3sat,5,"[[-1,-2,4],[1,4,5],[-2,-3,-5],[3,4,5],[-1,3,-5]]",5.0,5.0,1.0,15.0,3.0,0.0,3.0,3.0,0.0,1.0,0.5333333333333333,1.019803902718557,0.8,1.0,1.5,0.6708203932499369,3.0,3.0,0.6324555320336759,2.0,4.0,0.0,0.6666666666666667,-1.0,1.0,4.0,0.0,4.0,4.0,1.6,1
sat-02372,a1a6e9d8a02d62c99f16b9eeb3e0379af019d642ec5cb5d4ddc6ff5c2268cc7c,2sat,4,"[[1,4],[-1,-3],[-1,-2],[-3,-4],[-2,4],[1,-4],[1,2],[2,4],[3,4],[1,3],[2,-3],[-3,4],[3,-4],[-2,-4],[-1,-4],[-1,2],[2,3],[1,-2],[-1,4],[2,-4],[1,-3],[-1,3]]",4.0,22.0,5.5,44.0,2.0,0.0,2.0,2.0,1.0,0.0,0.5227272727272727,0.4330127018922193,0.82915619758885,1.0,3.6666666666666665,0.7453559924999298,4.0,11.0,1.0,10.0,12.0,0.05,0.0866025403784438,0.0,0.2,3.0,0.0,3.0,3.0,0.961038961038961,0
sat-00039,2ced3ddd0ba2ec13a2a81b8b97912cf1fb67672f2afc169838411d3404802ac8,mixed,4,"[[-2,-3],[1,4],[1,3,4],[1,-2,3],[2,-3,-4],[1,2,-4],[-2,-3,4],[1,2],[1,-3,-4],[2,-4],[-2,3,4],[-1,2,-3],[2,4],[-1,-2,4],[1,-3,4],[-1,2,-4],[-1,-3,4],[-1,-2,3],[1,-2,-4],[-3,4],[1,2,-3],[1,-2,-3],[-1,-2,-4],[-1,3],[-2,4]]",4.0,25.0,6.25,67.0,2.68,0.466476151587624,2.0,3.0,0.32,0.68,0.4925373134328358,2.0463381929681126,1.5,1.0,9.833333333333334,1.0671873729054748,11.0,16.75,1.0897247358851685,15.0,18.0,-0.022875816993464,0.2142704570952353,-0.3333333333333333,0.1764705882352941,3.0,0.0,3.0,3.0,1.7666666666666666,0
sat-00975,d7a95990f98b95051d331510bef9d930d3e640359b1ce74430bad53eb23018ce,mixed,4,"[[1,-3,4],[-1,2,4],[1,3,-4],[1,-2,4],[-1,4],[-1,-3,-4],[1,3],[1,2,-3],[1,3,4],[2,3,4],[1,4],[2,4],[-1,-2,-3],[-2,-4],[2,-3,-4],[-1,2,-4],[1,2,3],[-2,3,-4],[-1,-2,3],[-1,3,-4]]",4.0,20.0,5.0,55.0,2.75,0.4330127018922193,2.0,3.0,0.25,0.75,0.5636363636363636,0.4330127018922193,1.0,1.0,8.333333333333334,1.247219128924647,10.0,13.75,1.299038105676658,12.0,15.0,0.1326923076923077,0.0698070742361562,0.0666666666666666,0.2307692307692307,3.0,0.0,3.0,3.0,1.863157894736842,0
sat-01879,35035576feef02aee0824a7fe2e7f34fdcd4324584f04ca50b66f51bd04a4f00,3sat,5,"[[1,2,-5],[-1,-2,5],[1,-3,-5],[3,4,5],[1,2,5],[-2,4,-5],[-1,3,4],[-1,-3,-5],[1,-4,-5],[-1,-3,4],[1,-2,-5],[2,4,-5],[-1,2,-4],[-2,3,-4]]",5.0,14.0,2.8,42.0,3.0,0.0,3.0,3.0,0.0,1.0,0.4761904761904761,0.8944271909999159,1.4966629547095764,1.0,4.2,1.5362291495737217,7.0,8.4,1.4966629547095764,6.0,10.0,-0.03,0.208806130178211,-0.4,0.25,4.0,0.0,4.0,4.0,1.7692307692307692,1
sat-00176,680508cb6bd767fadff25b4eea1afd7ad837d0ca4e1cda351165139045ee207e,2sat,5,"[[4,5],[1,-5],[-1,2],[-3,4],[1,-2]]",5.0,5.0,1.0,10.0,2.0,0.0,2.0,2.0,1.0,0.0,0.6,0.7483314773547883,0.4,0.4,0.5,0.6708203932499369,2.0,2.0,0.6324555320336759,1.0,3.0,0.0666666666666666,0.6463573143221771,-1.0,1.0,1.6,0.4898979485566356,1.0,2.0,0.6,1
sat-00804,622c4ebd27747a8b83d51d2c1e23d0f2f2680da634101405c19076f1597a85aa,3sat,4,"[[1,-3,-4],[1,-2,-4],[1,2,-3],[-1,2,3],[-1,2,4],[1,2,4],[-1,-2,4],[1,3,4],[-1,2,-3],[-2,-3,-4],[1,2,3],[-2,-3,4],[-1,-2,-3],[-1,-2,-4],[-1,3,-4],[2,-3,-4],[1,-2,4],[2,-3,4]]",4.0,18.0,4.5,54.0,3.0,0.0,3.0,3.0,0.0,1.0,0.4814814814814814,1.5,0.7071067811865476,1.0,9.0,1.2909944487358056,11.0,13.5,1.118033988749895,12.0,15.0,-0.0474358974358974,0.1676842701751369,-0.3333333333333333,0.0769230769230769,3.0,0.0,3.0,3.0,2.2222222222222223,0
sat-02010,9118326dfc6f84dc3679b042ebd76afe7a81b2cd19c0072f105c9c6165f22847,2sat,4,"[[-3,4],[2,-4],[-1,-4],[-1,3],[-2,-4],[3,-4],[-1,-2],[-1,4],[-1,-3],[2,3],[-1,2],[2,4]]",4.0,12.0,3.0,24.0,2.0,0.0,2.0,2.0,1.0,0.0,0.4166666666666667,1.5,1.6583123951777,1.0,2.0,0.5773502691896257,3.0,6.0,0.7071067811865476,5.0,7.0,-0.1523809523809524,0.5192878430558319,-1.0,0.3333333333333333,3.0,0.0,3.0,3.0,0.9242424242424242,1
sat-00067,31813905e0d755e11c32d6a3e25da05ddd1c891a4aa08b8cf3859dcf60d897da,3sat,5,"[[1,-4,-5],[-1,2,3],[2,3,5],[-1,4,5],[2,3,-4],[-3,-4,-5],[-1,2,-4],[-2,-3,4],[1,2,-5],[2,-3,5],[1,-2,-3],[-2,4,-5],[-1,2,5],[-1,-3,4],[-3,-4,5],[1,2,4],[-1,-3,-4],[1,2,-3],[-2,-3,-4],[-2,3,5],[-2,-4,-5],[-1,-2,5]]",5.0,22.0,4.4,66.0,3.0,0.0,3.0,3.0,0.0,1.0,0.4545454545454545,1.7888543819998317,1.32664991614216,1.0,6.6,1.3564659966250536,9.0,13.2,1.469693845669907,12.0,16.0,-0.0980769230769231,0.2117869558339393,-0.3846153846153846,0.1666666666666666,4.0,0.0,4.0,4.0,1.7662337662337662,0
sat-02709,937344e66a52441407c66ca2919adeac73ce8922529eef1ab9756e2fd8b9f850,3sat,4,"[[-1,-2,4],[1,-3,4],[-1,2,3],[1,-3,-4],[-2,3,-4],[-1,3,-4],[-1,2,-4],[-1,-2,3],[-1,-3,4],[2,-3,4],[1,-2,3],[1,-2,-4],[-2,-3,4],[1,3,-4],[1,-2,-3],[2,3,4],[-2,3,4],[-1,3,4],[1,2,3],[1,2,-3],[-1,-2,-3],[-1,-2,-4],[1,3,4],[2,3,-4]]",4.0,24.0,6.0,72.0,3.0,0.0,3.0,3.0,0.0,1.0,0.5138888888888888,1.7853571071357126,0.82915619758885,1.0,12.0,1.4142135623730951,14.0,18.0,1.224744871391589,17.0,20.0,0.0205882352941176,0.1350060872650411,-0.1764705882352941,0.2,3.0,0.0,3.0,3.0,2.2282608695652173,0
sat-02194,f58e49a7a86f2ac3680e9ab8388941399c1527e7e2c6609b9d07427b14588e29,2sat,4,"[[1,4],[1,2],[2,-3],[2,-4],[-1,-4],[-1,-3],[2,3],[-2,3],[-1,3],[-1,2],[1,3],[-2,-3],[-2,-4]]",4.0,13.0,3.25,26.0,2.0,0.0,2.0,2.0,1.0,0.0,0.5,1.479019945774904,0.4330127018922193,0.8333333333333334,2.1666666666666665,1.2133516482134197,4.0,6.5,1.5,4.0,8.0,-0.0625,0.2905560731298746,-0.5,0.25,2.5,0.5,2.0,3.0,0.9743589743589745,0
sat-02782,52bd7d185dc67aee6817222713170e2e08053ce8933815b356497e400d466048,3sat,4,"[[-1,2,-4],[-1,-2,-3],[2,-3,-4],[-1,2,3],[-1,-3,4]]",4.0,5.0,1.25,15.0,3.0,0.0,3.0,3.0,0.0,1.0,0.3333333333333333,1.0897247358851685,1.118033988749895,1.0,2.5,0.5,3.0,3.75,0.4330127018922193,3.0,4.0,-0.3333333333333333,0.5400617248673216,-1.0,0.5,3.0,0.0,3.0,3.0,2.1,1
sat-01474,6a98fc83d3ca3bad69ea214c0c15ae5f5361718c17964325ee21e5f5a9f0d517,3sat,5,"[[-2,-4,-5],[1,3,4],[-3,-4,-5],[-1,3,4],[2,4,-5],[-1,-4,-5],[1,-3,4],[-1,-3,-4],[1,4,5],[2,-3,-5],[-1,-3,4],[1,2,-3],[1,3,-5],[-2,-4,5],[2,-4,-5],[1,-2,5],[-1,2,3],[2,3,5],[1,-3,5],[2,-3,5],[-1,-2,5]]",5.0,21.0,4.2,63.0,3.0,0.0,3.0,3.0,0.0,1.0,0.5079365079365079,0.7999999999999999,1.32664991614216,1.0,6.3,1.676305461424021,9.0,12.6,1.0198039027185568,11.0,14.0,0.0237762237762237,0.161694291078632,-0.2307692307692307,0.2727272727272727,4.0,0.0,4.0,4.0,1.7523809523809524,0
sat-00166,025c86f9ee2b5202fdaf9d1e4b020b60020a04b48113d2e999657ef3dd3f6b6f,mixed,5,"[[-2,5],[1,-2],[-1,-4],[-1,-3],[-2,-3,-5],[1,-2,-4],[-4,-5],[2,4],[-1,2,-3],[2,3,4],[1,2,-3],[-2,4,5],[-1,-2],[-1,2,3],[3,4,5],[3,4],[-1,-5],[1,4]]",5.0,18.0,3.6,44.0,2.4444444444444446,0.4969039949999532,2.0,3.0,0.5555555555555556,0.4444444444444444,0.5,1.019803902718557,1.3564659966250536,1.0,3.4,1.3564659966250538,6.0,8.8,1.7204650534085253,6.0,11.0,0.0084848484848484,0.1783342988053472,-0.2,0.3333333333333333,4.0,0.0,4.0,4.0,1.169934640522876,1
sat-01533,138cbc76387c0e6cf9d8ff51ce701d8f97027ef6cc80378812be736eb7954dca,mixed,5,"[[-2,3,-4],[-1,2,3],[-1,-4,5],[1,-2],[1,-4,-5],[-2,3,-5],[-1,5],[1,-3,5],[3,4],[2,4],[1,2,-5],[1,-2,-4],[3,4,-5],[2,-3,-5],[-2,3,5],[2,-3,4],[4,5],[2,3],[2,3,5],[-1,-3,-4]]",5.0,20.0,4.0,54.0,2.7,0.458257569495584,2.0,3.0,0.3,0.7,0.5740740740740741,1.16619037896906,0.4898979485566356,1.0,4.8,1.32664991614216,8.0,10.8,1.1661903789690602,9.0,12.0,0.1404040404040404,0.110392534079307,0.0,0.3333333333333333,4.0,0.0,4.0,4.0,1.4105263157894736,1
sat-02227,639cfb54a46a575bad08f76533bf57aa41711d120486d1f00f4620dea1354368,2sat,4,"[[1,-3],[-3,4],[-1,-2],[-1,-3],[1,3],[1,4]]",4.0,6.0,1.5,12.0,2.0,0.0,2.0,2.0,1.0,0.0,0.5,1.118033988749895,1.118033988749895,0.6666666666666666,1.0,1.0,3.0,3.0,1.5811388300841898,1.0,5.0,-0.075,0.7529110173187799,-1.0,1.0,2.0,0.7071067811865476,1.0,3.0,1.1333333333333333,1
sat-02515,f73449ac9466f32626bb78084d16f7ee4752593cae18e6f8cd8a2ea992710450,2sat,5,"[[-4,5],[3,-5],[3,-4],[1,3],[-1,3],[-1,-2],[1,4],[-2,5],[-2,4]]",5.0,9.0,1.8,18.0,2.0,0.0,2.0,2.0,1.0,0.0,0.5555555555555556,1.2649110640673518,1.019803902718557,0.8,0.9,0.5385164807134504,2.0,3.6,0.4898979485566356,3.0,4.0,0.0666666666666666,0.6463573143221772,-1.0,1.0,3.2,0.3999999999999999,3.0,4.0,0.6666666666666666,1
sat-00431,7c6eef9b3236b984b3e8328d9f7e7be0a3ade342032cfe844be255746cc90531,2sat,4,"[[2,3],[1,-3],[1,2],[2,-4],[-1,-2]]",4.0,5.0,1.25,10.0,2.0,0.0,2.0,2.0,1.0,0.0,0.6,1.118033988749895,0.0,0.6666666666666666,0.8333333333333334,0.6871842709362768,2.0,2.5,1.118033988749895,1.0,4.0,-0.0416666666666666,0.5818433351570392,-1.0,0.5,2.0,0.7071067811865476,1.0,3.0,1.0,1
sat-02255,9e2dc4b7d30d0612bc4ba60eee55aed0d5d439f614f6093a0210383452a1aed6,mixed,4,"[[-1,-2],[-2,-4],[-1,-2,4],[1,-2,-3],[1,2,3]]",4.0,5.0,1.25,13.0,2.6,0.4898979485566356,2.0,3.0,0.4,0.6,0.3846153846153846,0.4330127018922193,1.224744871391589,0.8333333333333334,1.8333333333333333,1.2133516482134197,4.0,3.25,1.299038105676658,2.0,5.0,-0.15,0.2598076211353315,-0.6,0.0,2.5,0.5,2.0,3.0,1.8,1
sat-01020,b6cb9a2593684115d69c13b9b2863d4e3b0e5dc77b6302685098dc94b0f81fac,3sat,4,"[[2,3,4],[-2,3,4],[1,3,-4],[-2,-3,-4],[2,-3,-4],[-1,-2,-4],[1,3,4],[-2,-3,4],[1,-2,-4],[1,-3,-4],[-1,3,4],[1,2,-4],[-1,-3,4],[-1,-3,-4]]",4.0,14.0,3.5,42.0,3.0,0.0,3.0,3.0,0.0,1.0,0.4523809523809524,1.0897247358851685,1.479019945774904,1.0,7.0,2.6457513110645907,11.0,10.5,2.29128784747792,8.0,14.0,-0.0931637806637806,0.1311490992890277,-0.25,0.1111111111111111,3.0,0.0,3.0,3.0,2.3076923076923075,1
sat-01331,b650e8a919743d3834dcb06d524672ac3a6496a2409281a6b680094323a1a767,2sat,4,"[[2,4],[-2,4],[3,4],[-2,-4],[-2,-3],[-3,4],[-1,-3],[-3,-4],[1,-2],[2,-3],[3,-4],[1,2],[-1,2],[1,-3],[2,3],[1,3],[-1,3],[-2,3],[-1,4]]",4.0,19.0,4.75,38.0,2.0,0.0,2.0,2.0,1.0,0.0,0.5263157894736842,0.7071067811865476,1.118033988749895,1.0,3.1666666666666665,1.0671873729054748,4.0,9.5,1.6583123951777,8.0,12.0,0.0625,0.1082531754730548,0.0,0.25,3.0,0.0,3.0,3.0,0.9766081871345028,0
sat-02655,f0fe6a000fb26262649e98929a8820d21b67815775a016f047e596a2c74338cd,3sat,5,"[[2,3,-4],[1,-3,-4],[-1,2,-3],[2,-4,5],[-3,-4,-5],[-1,2,4],[2,-3,-4],[-2,3,4],[-1,3,5],[-1,-3,4]]",5.0,10.0,2.0,30.0,3.0,0.0,3.0,3.0,0.0,1.0,0.4666666666666667,1.32664991614216,1.833030277982336,1.0,3.0,1.61245154965971,6.0,6.0,1.8973665961010275,3.0,8.0,-0.02,0.4557533445967359,-0.6,0.6666666666666666,4.0,0.0,4.0,4.0,1.8666666666666667,1
sat-02826,807cca342ee6b3182f52c74f124461fef5f0e0a993bce54a1815aa69f167ddae,2sat,4,"[[2,-4],[-1,2],[-3,-4],[1,3]]",4.0,4.0,1.0,8.0,2.0,0.0,2.0,2.0,1.0,0.0,0.5,0.7071067811865476,0.7071067811865476,0.6666666666666666,0.6666666666666666,0.4714045207910317,1.0,2.0,0.0,2.0,2.0,0.0,0.7071067811865476,-1.0,1.0,2.0,0.0,2.0,2.0,0.6666666666666666,1
sat-02108,559c0de55bed4c643afec29eee3f854c758347d59ad910979d48509ec6fb7b6d,3sat,5,"[[-1,3,4],[-1,-2,-4],[-2,-3,4],[3,-4,5],[1,-3,-4],[1,-2,-3],[2,-3,-5],[-1,-3,-5],[-1,3,5],[1,2,-4],[-2,3,5]]",5.0,11.0,2.2,33.0,3.0,0.0,3.0,3.0,0.0,1.0,0.4242424242424242,0.7483314773547882,0.9797958971132712,1.0,3.3,1.2688577540449522,5.0,6.6,1.3564659966250536,5.0,9.0,-0.1441269841269841,0.195506074960434,-0.3333333333333333,0.2,4.0,0.0,4.0,4.0,1.7636363636363637,1
sat-02153,22401de4ee98af7472b7b430e5d981736dd6e125133c57a8585a396aa03933b9,mixed,5,"[[-2,4,-5],[1,-3],[2,-3,4],[3,4,-5],[1,3],[1,-3,5],[-1,4,5],[3,-4],[-2,-3,-4],[2,-3,5],[-1,2,-3],[-2,-3],[-2,3,4]]",5.0,13.0,2.6,35.0,2.6923076923076925,0.4615384615384616,2.0,3.0,0.3076923076923077,0.6923076923076923,0.5142857142857142,0.8,1.9595917942265424,1.0,3.1,1.5779733838059502,6.0,7.0,2.1908902300206643,5.0,11.0,0.0825974025974026,0.2546959533887927,-0.2727272727272727,0.4285714285714285,4.0,0.0,4.0,4.0,1.5,0
sat-02487,7fc5de9b397ad05f77f768f59018a27f290435861751d043441187ba73e81c55,mixed,4,"[[-1,-3,-4],[1,2],[1,-3],[1,3],[-1,-3],[1,2,-3],[1,2,4],[-1,2,-4],[1,-2],[-1,2,3],[-2,-3,4],[-1,2],[2,-3,4],[-1,-2,3],[2,3,4]]",4.0,15.0,3.75,39.0,2.6,0.4898979485566357,2.0,3.0,0.4,0.6,0.5641025641025641,1.6583123951777,1.7853571071357126,1.0,5.5,1.707825127659933,8.0,9.75,2.277608394786075,6.0,12.0,0.1469696969696969,0.2604430427413961,-0.2,0.4545454545454545,3.0,0.0,3.0,3.0,1.723809523809524,0
sat-02599,5ea3c51c530ca01481d7ccc939496d57178fb49837521ed55baf91617fa3a624,3sat,4,"[[1,-2,-3],[-1,2,4],[1,-3,-4],[-2,3,4],[-1,2,-3],[1,3,4],[1,-2,3],[-1,-2,3],[-1,-2,4],[-1,3,4],[-1,2,-4],[-2,-3,4],[-2,3,-4],[1,-3,4],[1,2,-4],[-2,-3,-4],[-1,2,3],[-1,-2,-3],[-1,3,-4],[1,-2,-4],[2,-3,-4],[-1,-2,-4],[1,-2,4],[-1,-3,-4],[2,3,-4],[1,3,-4],[-1,-3,4],[1,2,3]]",4.0,28.0,7.0,84.0,3.0,0.0,3.0,3.0,0.0,1.0,0.4523809523809524,1.118033988749895,0.8660254037844386,1.0,14.0,0.816496580927726,15.0,21.0,0.7071067811865476,20.0,22.0,-0.0965367965367965,0.091737107308086,-0.2,0.0476190476190476,3.0,0.0,3.0,3.0,2.2248677248677247,0
sat-02190,f85dd2d4d4738e778b23ae37df548a21650ff8550a183bbeb79b57b47bc594c6,2sat,4,"[[2,-4],[1,4],[1,-3],[1,-4],[-1,-2],[-2,4],[-1,-4],[-1,-3],[2,-3],[-3,-4],[2,4],[-2,3],[-1,2],[1,2]]",4.0,14.0,3.5,28.0,2.0,0.0,2.0,2.0,1.0,0.0,0.4642857142857143,1.479019945774904,0.4330127018922193,1.0,2.333333333333333,0.7453559924999298,3.0,7.0,1.224744871391589,5.0,8.0,-0.1232142857142857,0.309103996435253,-0.6,0.25,3.0,0.0,3.0,3.0,0.956043956043956,0
sat-01104,f911ed84d13c29cb9d0933977d796d16e1d0f08d72ee6589903d813328a94588,2sat,4,"[[-3,4],[-1,-4],[1,2],[-1,2],[1,-4]]",4.0,5.0,1.25,10.0,2.0,0.0,2.0,2.0,1.0,0.0,0.5,0.82915619758885,0.82915619758885,0.5,0.8333333333333334,0.8975274678557507,2.0,2.5,1.118033988749895,1.0,4.0,-0.0833333333333333,0.7216878364870322,-1.0,1.0,1.5,0.5,1.0,2.0,1.0,1
sat-00482,95c433c0c7e5f3ac85e02bddd15aeeb48c509e22c9aa14fa1525d80985e59f45,mixed,5,"[[-3,-4,5],[1,2,3],[2,-4,5],[-2,3,4],[1,2,5],[1,2,-5],[2,-3]]",5.0,7.0,1.4,20.0,2.857142857142857,0.3499271061118826,2.0,3.0,0.1428571428571428,0.8571428571428571,0.7,1.32664991614216,0.7483314773547883,0.9,1.9,0.9433981132056604,3.0,4.0,1.095445115010332,3.0,6.0,0.3666666666666666,0.4760952285695233,-0.3333333333333333,1.0,3.6,0.4898979485566356,3.0,4.0,1.5714285714285714,1
sat-00504,e41deed5dcd0ddf5b663df8e603c52dc1f1b2eb5ca86fa6db980b8de0861a825,2sat,5,"[[4,5],[2,5],[-1,-3],[-1,3],[1,3],[3,-4],[-3,4],[-2,-4],[2,-3],[-2,-5],[2,-5],[3,-5],[-2,-3],[-2,4],[-1,-2],[-1,-5],[-4,-5],[-1,4],[2,-4],[1,4],[-3,-4],[-3,5],[-4,5]]",5.0,23.0,4.6,46.0,2.0,0.0,2.0,2.0,1.0,0.0,0.4130434782608695,0.9797958971132712,0.4898979485566356,1.0,2.3,0.7810249675906654,3.0,9.2,1.32664991614216,7.0,11.0,-0.1883405483405483,0.1259114605397552,-0.4285714285714285,-0.0909090909090909,4.0,0.0,4.0,4.0,0.7628458498023716,0
sat-02457,bab97b5babe3cede1b32aff947434fae94ca1e27b0be44f44158eafc37610ca1,2sat,5,"[[-4,5],[4,-5],[-1,-3],[-1,-2],[1,2],[2,4],[1,3],[-2,3],[1,-4],[2,-4]]",5.0,10.0,2.0,20.0,2.0,0.0,2.0,2.0,1.0,0.0,0.55,0.7483314773547882,0.7483314773547883,0.6,1.0,0.8944271909999159,2.0,4.0,1.2649110640673518,2.0,5.0,0.1066666666666666,0.1866666666666666,-0.2,0.3333333333333333,2.4,0.8,1.0,3.0,0.7555555555555555,1
sat-00959,928ce72e607b59509983b966a5539596e2e2352cd8f81b826d8bc85c9f947b3b,3sat,4,"[[-1,2,3],[-1,-2,-4],[1,2,3],[-1,-2,-3],[1,3,4]]",4.0,5.0,1.25,15.0,3.0,0.0,3.0,3.0,0.0,1.0,0.5333333333333333,0.7071067811865476,0.82915619758885,1.0,2.5,1.2583057392117916,4.0,3.75,1.0897247358851685,2.0,5.0,0.075,0.258602010819715,-0.2,0.5,3.0,0.0,3.0,3.0,2.3,1
sat-02522,0e97f72ab1dc75db1ca5b30d6496f752eb84a38e554267ac00a648b2078f3a90,mixed,5,"[[2,3,5],[2,5],[-1,3,5],[-2,3],[2,4,-5],[-1,5],[1,-3,-5],[2,-3,-5],[3,4,5],[-1,-3,-5],[-3,4,-5],[-2,-3]]",5.0,12.0,2.4,32.0,2.6666666666666665,0.4714045207910317,2.0,3.0,0.3333333333333333,0.6666666666666666,0.53125,1.3564659966250538,1.8973665961010275,0.8,2.8,2.0396078054371136,7.0,6.4,2.727636339397171,3.0,10.0,0.1444444444444444,0.5038126243890948,-0.5,1.0,3.2,0.7483314773547882,2.0,4.0,1.5909090909090908,1
sat-01165,4e9cec292c902b6ea5898583ed1530fc3d12a2fa5282b683563fbfe7dd42ce22,mixed,5,"[[-1,-4,5],[1,-2,-4],[1,-3,-4],[2,4,-5],[-1,2,5],[-2,-3],[4,-5],[1,-3],[-1,-4],[1,4,-5]]",5.0,10.0,2.0,26.0,2.6,0.4898979485566356,2.0,3.0,0.4,0.6,0.4230769230769231,1.32664991614216,0.6324555320336759,0.9,2.2,1.4,5.0,5.2,1.6,3.0,7.0,-0.24,0.3982000317756422,-1.0,0.1428571428571428,3.6,0.4898979485566356,3.0,4.0,1.3555555555555556,1
sat-00165,2dace3442dd22f38fd3fa1afb629207530c5f173d1a98e5e9dc8ccc000a505e3,2sat,5,"[[-1,-4],[-1,-2],[3,-5],[4,-5],[-2,-5],[2,-3],[3,4],[1,3],[-3,-5],[-1,5],[4,5],[1,-4],[1,2],[-3,5],[2,5],[3,-4],[2,-4],[1,5],[-1,4],[3,5],[-4,5],[1,-5],[-2,4],[-4,-5],[-2,3],[-2,-3],[-1,-5],[-1,3]]",5.0,28.0,5.6,56.0,2.0,0.0,2.0,2.0,1.0,0.0,0.5,1.2,1.019803902718557,1.0,2.8,0.8717797887081347,4.0,11.2,1.6,9.0,14.0,-0.004040404040404,0.1436475865424741,-0.1111111111111111,0.2727272727272727,4.0,0.0,4.0,4.0,0.7724867724867724,0
sat-02319,dc78c536772aef62bba8d5874d37a6f320d435cbb52919c7fd76e00029822c8c,2sat,5,"[[3,-4],[-2,4],[-1,5],[-3,-4],[-2,-3],[2,-3],[1,4],[-1,-3]]",5.0,8.0,1.6,16.0,2.0,0.0,2.0,2.0,1.0,0.0,0.375,0.4,1.2649110640673518,0.6,0.8,0.7483314773547883,2.0,3.2,1.32664991614216,1.0,5.0,-0.0533333333333333,0.5599999999999999,-0.6,1.0,2.4,0.8,1.0,3.0,0.7857142857142857,1
sat-00379,787f77fa6ea9cf4815a46d74d6d310f30d5b1d280e940295b85e627c0555c56f,3sat,5,"[[-2,-3,-5],[-3,4,-5],[3,4,-5],[-3,-4,-5],[-1,4,5],[3,-4,-5],[1,3,-5],[-3,-4,5],[2,-3,-4],[-2,-3,5],[1,2,-4],[-2,-4,-5],[-3,4,5],[2,3,-5],[-1,-3,-4],[-1,2,-3],[2,-4,-5],[-1,3,-4]]",5.0,18.0,3.6,54.0,3.0,0.0,3.0,3.0,0.0,1.0,0.3703703703703703,1.095445115010332,2.7129319932501077,1.0,5.4,2.7640549922170505,10.0,10.8,3.1874754901018454,6.0,14.0,-0.2276556776556776,0.2416469385254805,-0.3846153846153846,0.25,4.0,0.0,4.0,4.0,1.8954248366013071,1
sat-01214,42d8c1636d9e32aeffedad6e4358103dbaff04f00e8aebf19288e54678c3c98c,3sat,5,"[[-1,-3,4],[2,-3,4],[-1,2,-5],[1,-3,-5],[1,2,-5],[2,-3,-4],[-1,2,5],[-1,-3,-4],[1,2,-3],[3,-4,-5],[2,3,4],[-1,2,-4],[-2,-3,-5],[1,-2,-3],[1,3,-4],[-1,-2,-3],[1,2,4],[1,3,-5],[-2,3,4],[1,-3,-4],[-1,3,4],[-2,3,5],[1,-2,4],[1,2,-4],[-1,-2,5],[-2,-4,-5],[1,-2,3],[-2,-3,5]]",5.0,28.0,5.6,84.0,3.0,0.0,3.0,3.0,0.0,1.0,0.4761904761904761,2.449489742783178,1.469693845669907,1.0,8.4,2.870540018881465,12.0,16.8,3.370459909270543,11.0,20.0,-0.0678787878787878,0.1453605561072938,-0.2727272727272727,0.1578947368421052,4.0,0.0,4.0,4.0,1.8306878306878307,0
sat-00944,a4513eef3a66130dd89d29ccdef43a5a9d395a3967c7a4c0e19eaabcd53229a7,2sat,4,"[[2,3],[-3,-4],[1,2],[3,-4],[2,-3],[-2,3],[2,-4]]",4.0,7.0,1.75,14.0,2.0,0.0,2.0,2.0,1.0,0.0,0.5714285714285714,1.5811388300841898,1.118033988749895,0.6666666666666666,1.1666666666666667,1.0671873729054748,3.0,3.5,1.6583123951777,1.0,5.0,0.2,0.7483314773547883,-1.0,1.0,2.0,0.7071067811865476,1.0,3.0,1.0952380952380951,1
sat-01553,fcbeca6bfaa9e6a2fa64e26ebe9ffceefe9c44207f29cac2c648cb0f38ba49bc,2sat,5,"[[-1,-4],[-2,-5],[4,5],[3,4],[1,5],[-2,3],[1,-4]]",5.0,7.0,1.4,14.0,2.0,0.0,2.0,2.0,1.0,0.0,0.5714285714285714,0.8000000000000002,0.7483314773547883,0.6,0.7,0.6403124237432849,2.0,2.8,0.7483314773547882,2.0,4.0,0.1333333333333333,0.6531972647421808,-1.0,1.0,2.4,0.4898979485566356,2.0,3.0,0.6666666666666666,1
sat-00463,6171afff3c744c1e3074942903f4f34f0c24e3d8498affe9eb4ff80237ca7ed3,2sat,4,"[[3,-4],[1,3],[-1,-4],[1,-3],[1,4],[-2,-4],[2,4],[-2,-3],[-3,-4],[2,3],[1,-4],[2,-4],[-1,-3],[-2,3],[1,-2],[2,-3],[-1,-2],[3,4],[1,2]]",4.0,19.0,4.75,38.0,2.0,0.0,2.0,2.0,1.0,0.0,0.5,1.0897247358851685,1.0897247358851685,1.0,3.1666666666666665,0.3726779962499649,4.0,9.5,0.5,9.0,10.0,0.0,0.2357022603955158,-0.3333333333333333,0.3333333333333333,3.0,0.0,3.0,3.0,0.9473684210526316,0
sat-01576,f34e4f611c6141b51aa6208be3671707da4dc68e19babc4d64d04f918d4d8829,2sat,5,"[[-1,4],[-1,-3],[1,2],[1,3],[-2,-5],[1,4],[1,-2],[-2,-3],[4,5],[3,-5],[1,-5],[3,4],[-1,5],[-2,4],[-1,2],[3,5],[-4,5],[-2,-4],[1,-3],[2,-4],[1,-4],[2,4],[-2,5],[2,3],[4,-5],[-3,-4],[-3,-5],[3,-4],[-3,5],[-1,3],[2,-3],[-1,-5],[-3,4]]",5.0,33.0,6.6,66.0,2.0,0.0,2.0,2.0,1.0,0.0,0.5151515151515151,0.7483314773547882,0.7999999999999999,1.0,3.3,0.6403124237432849,4.0,13.2,1.1661903789690602,12.0,15.0,0.0306227106227106,0.072223286332945,-0.0666666666666666,0.1428571428571428,4.0,0.0,4.0,4.0,0.7689393939393939,0
sat-00259,619c2eda71c2d291fac047c93e3cb17ccbf04c830f111159b17df207433e7f68,2sat,4,"[[2,4],[1,3],[-3,-4],[-2,4],[2,-4],[-1,2],[-1,-2],[-2,-3],[-1,4],[2,3],[-1,-3],[1,4],[3,-4],[2,-3],[-3,4],[1,2]]",4.0,16.0,4.0,32.0,2.0,0.0,2.0,2.0,1.0,0.0,0.53125,1.299038105676658,0.82915619758885,1.0,2.6666666666666665,0.4714045207910317,3.0,8.0,0.7071067811865476,7.0,9.0,0.0476190476190476,0.2487212192354307,-0.25,0.3333333333333333,3.0,0.0,3.0,3.0,0.9416666666666668,0
sat-01236,4bb22655915df95d35155b63d180bf0720a48f7e6bbc6c15680bcc502dc834b5,mixed,5,"[[-2,5],[-1,2,4],[1,2,4],[3,5],[4,-5],[3,-4,5],[-1,4,-5],[-1,-2,-5],[3,-4,-5],[-1,5],[-1,-5],[2,4],[1,-5],[2,3],[-1,2],[1,-4,5],[2,-3],[2,3,5],[1,2,3],[-1,-3,-4],[1,3,5],[-1,3,4],[-1,3]]",5.0,23.0,4.6,58.0,2.5217391304347827,0.4995271866554807,2.0,3.0,0.4782608695652174,0.5217391304347826,0.603448275862069,1.4142135623730951,2.65329983228432,1.0,4.7,1.1874342087037917,7.0,11.6,1.624807680927192,10.0,14.0,0.2455144855144855,0.3438376586481695,-0.2857142857142857,0.6363636363636364,4.0,0.0,4.0,4.0,1.2411067193675889,0
sat-00729,71f0698e2e926ea832f42ee3c525194afc50cfedb40763415c63f1432e612e4d,mixed,5,"[[1,2,3],[3,-4,-5],[1,2,-5],[-1,-2,-4],[-1,-2,4],[-2,-3],[2,4,-5],[-1,-4,-5],[-1,4,-5],[1,3,-5],[1,5]]",5.0,11.0,2.2,31.0,2.8181818181818183,0.385694607919935,2.0,3.0,0.1818181818181818,0.8181818181818182,0.4516129032258064,0.9797958971132712,1.624807680927192,1.0,2.9,1.2206555615733703,5.0,6.2,1.32664991614216,4.0,8.0,-0.0428571428571428,0.3875617133214439,-0.7142857142857143,0.5,4.0,0.0,4.0,4.0,1.5454545454545454,1
sat-01112,96391241ca05d9e28959638b11f320b6f84ce8164ad2701a5571545789f47ff3,3sat,4,"[[-2,-3,4],[-1,2,-4],[1,2,-4],[-1,2,4]]",4.0,4.0,1.0,12.0,3.0,0.0,3.0,3.0,0.0,1.0,0.5,1.118033988749895,0.5,0.8333333333333334,2.0,1.4142135623730951,4.0,3.0,1.224744871391589,1.0,4.0,-0.2083333333333333,0.5448623679425842,-1.0,0.5,2.5,0.5,2.0,3.0,2.5,1
sat-02617,eee2830012a0ff4272bfd279713d772c3923ec9d485bfed7ed137de88b59babe,mixed,5,"[[-1,4,5],[-1,2],[-1,-2,-5],[1,2,4],[1,2,-3],[1,3,4],[3,-5],[1,-3,5],[1,-2,3],[1,-2,5],[-1,2,-3],[3,4],[-2,4,-5],[1,-2,-3],[2,-4,-5],[1,3,-4],[2,3,-4],[-1,-3],[-1,-5],[-1,-2,4],[-3,5],[1,3],[1,-2]]",5.0,23.0,4.6,61.0,2.652173913043478,0.476280484787101,2.0,3.0,0.3478260869565217,0.6521739130434783,0.5409836065573771,1.9595917942265424,1.4966629547095764,1.0,5.3,2.238302928559939,10.0,12.2,2.993325909419153,9.0,17.0,0.0797385620915032,0.1640986207986478,-0.1111111111111111,0.3333333333333333,4.0,0.0,4.0,4.0,1.4387351778656126,1
sat-02254,bfa9d734c308e7389dab6d67fc6744e20f10f8d50cf85c82324b3ebfc50a1414,mixed,5,"[[1,2,4],[2,3,4],[1,3,-5],[-1,-4,-5],[2,3,5],[-2,3],[1,3,-4],[1,-3,-4],[4,5],[-1,3,5]]",5.0,10.0,2.0,28.0,2.8,0.3999999999999999,2.0,3.0,0.2,0.8,0.6785714285714286,1.16619037896906,0.7483314773547883,1.0,2.6,1.019803902718557,4.0,5.6,1.0198039027185568,4.0,7.0,0.3495238095238094,0.2451451511344178,0.0,0.7142857142857143,4.0,0.0,4.0,4.0,1.488888888888889,1
sat-02783,bdbe9d361cf0206cc1edf5641494a42e4c4b45b0bc963275645126b7d5f6dda4,mixed,4,"[[-1,-3],[-1,-2,-3],[-1,-3,4],[1,2,4],[2,3,4],[-1,3,-4],[1,-3,4],[1,2,3],[1,-4],[-1,2,-4],[-1,4],[1,2],[2,4],[-1,-3,-4],[1,3],[2,-4],[2,-3],[3,4],[-1,-2,4],[-1,-2,-4],[-3,-4],[1,-3],[-1,3],[1,-3,-4],[-1,2,4],[-2,-4]]",4.0,26.0,6.5,65.0,2.5,0.5,2.0,3.0,0.5,0.5,0.4923076923076923,1.224744871391589,2.5860201081971503,1.0,8.666666666666666,2.560381915956203,12.0,16.25,2.384848003542364,13.0,19.0,0.0066801619433198,0.2305868837070541,-0.2,0.3846153846153846,3.0,0.0,3.0,3.0,1.56,0
sat-00513,c8680f681bd398b61aa575df7ae6db7f39a78acd2b07a7362d0ac99815d34c59,mixed,5,"[[1,-2,-3],[-1,3],[-2,-3,5],[1,-4],[-2,3,5],[2,-4,-5],[-2,4],[-2,-4,5],[3,4],[-1,2],[-2,-3,-4],[1,4],[3,-5],[-1,-2],[1,5],[-2,-3,4],[1,-2,-5],[-2,3],[-1,4,5],[1,3,-5],[2,4,-5],[-2,-3],[1,2,3],[-1,4],[3,-4,5],[-1,2,3],[-1,4,-5],[2,-3,-5],[3,-4],[3,5],[-2,-3,-5],[1,3,4],[-1,-2,4],[2,-5]]",5.0,34.0,6.8,87.0,2.5588235294117645,0.496527735768651,2.0,3.0,0.4411764705882353,0.5588235294117647,0.5057471264367817,1.9390719429665315,2.4166091947189146,1.0,7.2,1.661324772583615,11.0,17.4,1.743559577416269,16.0,20.0,0.0176315789473684,0.2171739923109765,-0.3,0.2631578947368421,4.0,0.0,4.0,4.0,1.285204991087344,0
sat-00480,ab0f600b9cc5d8da0511442f622c254aad9ddf7b1ea5d92b4168f0a74733ddaf,mixed,5,"[[-2,-4],[2,4,5],[1,3],[2,3],[-1,2,4],[2,-5]]",5.0,6.0,1.2,14.0,2.333333333333333,0.4714045207910317,2.0,3.0,0.6666666666666666,0.3333333333333333,0.7142857142857143,1.095445115010332,0.4,0.7,1.0,0.8944271909999159,3.0,2.8,1.16619037896906,2.0,5.0,0.3866666666666666,0.3804091364716561,0.0,1.0,2.8,0.7483314773547882,2.0,4.0,1.0666666666666669,1
sat-02638,824e1fcaf79eee809f80571af994f702d5031520be365af3355c36cc1e574119,mixed,5,"[[2,-5],[2,4,-5],[1,5],[1,-2,4],[2,-3],[1,-2,-3],[-1,-2,4],[-1,-3,-5],[-1,-3,-4],[2,3,-4],[2,-4],[-3,5],[-1,2,4],[1,3,4],[1,2,4],[1,3,-4],[-2,3,-5],[-2,-3,-4],[-1,-2,-3],[3,-4],[-2,-3,5],[2,-3,4],[3,4,5],[1,-4,-5],[-1,4,5],[-4,5],[-2,5],[2,-4,5]]",5.0,28.0,5.6,76.0,2.7142857142857144,0.4517539514526256,2.0,3.0,0.2857142857142857,0.7142857142857143,0.5131578947368421,1.16619037896906,1.624807680927192,1.0,6.8,1.7776388834631178,10.0,15.2,2.039607805437114,13.0,18.0,0.0333031674208144,0.1393458291046408,-0.2,0.2307692307692307,4.0,0.0,4.0,4.0,1.4550264550264551,0
sat-00433,4af8c9b82a218a6c86b7907a4a9b8961f42c8093b95bb3b7fef2a264ab0c3400,3sat,5,"[[1,3,-5],[1,-2,-5],[-1,2,4],[-1,3,-4],[2,-4,5],[1,2,4]]",5.0,6.0,1.2,18.0,3.0,0.0,3.0,3.0,0.0,1.0,0.6111111111111112,0.7483314773547882,0.8,0.9,1.8,0.9797958971132712,3.0,3.6,1.019803902718557,2.0,5.0,0.2733333333333333,0.4533333333333333,-0.3333333333333333,1.0,3.6,0.4898979485566356,3.0,4.0,1.7333333333333334,1
sat-02629,abd628824859d7caa6401577d2d0a7b6f697ece50a2f7b32653d7bc4bb5d5a9c,mixed,4,"[[1,3],[-1,-2,-4],[-2,4],[-2,-4],[-1,2,4],[1,-2,-3],[2,4],[-2,-3],[1,2,4],[3,-4],[2,-3,4],[-1,-2,4],[1,-2,-4],[2,-3],[-1,3],[1,2,-3],[2,3,-4],[-1,3,4],[-1,2,3],[-2,3,4],[1,2,3],[-1,4],[-2,3],[2,3,4]]",4.0,24.0,6.0,62.0,2.583333333333333,0.4930066485916347,2.0,3.0,0.4166666666666667,0.5833333333333334,0.5806451612903226,1.7320508075688772,1.6583123951777,1.0,8.666666666666666,2.2110831935702664,12.0,15.5,2.179449471770337,13.0,19.0,0.1605937921727395,0.1787092616167001,-0.0769230769230769,0.3333333333333333,3.0,0.0,3.0,3.0,1.6630434782608696,0
sat-00858,56349d2c40c3a8809cca80f3a4ec21454c34d1e4f51897deb135b9edcb2bb39b,mixed,5,"[[2,-3,4],[-1,-3],[2,-4,-5],[-4,5],[2,5],[2,4,-5],[2,-4],[4,-5],[2,-3],[1,2,-3],[-1,3,-4],[-3,-4,5],[1,2,-4],[-2,3,5],[1,3,4],[-2,3,-4],[-1,-2,3],[2,-5],[1,2]]",5.0,19.0,3.8,49.0,2.5789473684210527,0.4937279747182557,2.0,3.0,0.4210526315789473,0.5789473684210527,0.5510204081632653,2.33238075793812,1.4966629547095764,0.9,4.1,1.8138357147217052,6.0,9.8,2.1354156504062622,7.0,13.0,0.0817182817182817,0.2650810325624928,-0.2727272727272727,0.5384615384615384,3.6,0.4898979485566356,3.0,4.0,1.327485380116959,1
sat-00558,481e95308fde0fcb41744f60f816d7517108711d25f8bbe4a60ed387d4296533,2sat,5,"[[-1,2],[-2,3],[-1,5],[3,-4],[-1,-2],[-4,5],[-1,-5],[2,4],[-3,4],[-3,-4],[-2,4],[-3,-5],[-4,-5]]",5.0,13.0,2.6,26.0,2.0,0.0,2.0,2.0,1.0,0.0,0.3461538461538461,0.9797958971132712,0.4898979485566356,0.7,1.3,1.004987562112089,3.0,5.2,0.9797958971132712,4.0,7.0,-0.3485714285714285,0.3264652995905303,-1.0,-0.1428571428571428,2.8,0.3999999999999999,2.0,3.0,0.7307692307692307,0
sat-02669,ced02f52c250d772223f2b95938fb79cf0a911639a5ce54e70cb48d2f2ce40ca,3sat,4,"[[1,-2,-3],[-2,3,4],[1,2,3],[-1,-2,4],[1,-2,-4],[-1,2,3],[-2,-3,4],[1,2,4],[2,3,4],[-1,-2,3],[1,3,4],[1,-3,-4]]",4.0,12.0,3.0,36.0,3.0,0.0,3.0,3.0,0.0,1.0,0.6111111111111112,0.8660254037844386,1.5,1.0,6.0,0.816496580927726,7.0,9.0,0.7071067811865476,8.0,10.0,0.2416666666666666,0.2639181270352186,-0.2,0.5,3.0,0.0,3.0,3.0,2.196969696969697,1
sat-02540,f50dd55b23706ffc54ba4d21f271d330fd3ef49f50efce2f58d2f6a310a4e1ba,3sat,5,"[[-1,2,3],[2,-4,5],[-1,-2,-3],[-1,2,-4],[1,2,-5],[-1,2,5],[-1,3,5],[-1,3,-4],[1,-4,5],[1,-3,-5],[1,4,-5],[1,-3,5],[-2,-3,5],[-1,-4,-5],[-1,-3,-5],[2,-3,-4],[2,3,-5],[1,-2,5],[-3,4,-5],[-2,-4,-5],[-1,-3,5],[1,4,5]]",5.0,22.0,4.4,66.0,3.0,0.0,3.0,3.0,0.0,1.0,0.4545454545454545,2.1908902300206643,1.7204650534085253,1.0,6.6,2.374868417407584,12.0,13.2,2.785677655436824,10.0,17.0,-0.1053565062388592,0.2486268356306415,-0.4,0.2727272727272727,4.0,0.0,4.0,4.0,1.826839826839827,1
sat-02069,beaa41832bbecfb75e9ef6c936b5145d41b5b51762f94d6299953f3b248e0609,3sat,5,"[[1,2,-3],[-1,-3,5],[2,-3,5],[3,4,5],[-1,-2,5],[-2,3,-5],[1,-2,4],[1,2,3],[-1,-3,-4],[1,4,-5],[2,-4,5],[-3,-4,5]]",5.0,12.0,2.4,36.0,3.0,0.0,3.0,3.0,0.0,1.0,0.5555555555555556,1.095445115010332,0.9797958971132712,1.0,3.6,0.8,5.0,7.2,0.7483314773547882,6.0,8.0,0.1071428571428571,0.2432769480846628,-0.25,0.5,4.0,0.0,4.0,4.0,1.7121212121212122,1
sat-00362,e181529839ae71f002e3ffd27da425a9c2e074fef3add40f7e29da2438f88b57,mixed,5,"[[3,-5],[1,4],[-2,-4],[-1,-4,5],[-2,4],[1,-2,-5]]",5.0,6.0,1.2,14.0,2.333333333333333,0.4714045207910317,2.0,3.0,0.6666666666666666,0.3333333333333333,0.4285714285714285,0.7483314773547883,1.019803902718557,0.7,1.0,0.7745966692414834,2.0,2.8,0.9797958971132712,1.0,4.0,-1.1102230246251566e-17,0.6666666666666667,-1.0,1.0,2.8,0.9797958971132712,1.0,4.0,1.0,1
sat-00618,bed9f30905026d0fc4f231344fbd9a3eac8b19b85c4faf281193c6545a17e227,3sat,5,"[[-1,2,3],[1,-2,-3],[-2,-3,-5],[1,-2,-5],[-3,-4,5],[1,3,4],[2,3,-5],[1,-2,4],[1,4,-5],[2,3,4],[-1,-2,-3],[3,-4,5],[-1,2,5],[-1,3,-5],[-1,-2,-4],[-2,3,4],[-1,-4,-5],[1,2,-3],[1,-3,5],[1,-3,-4],[1,3,-5],[3,4,5],[-3,4,-5],[1,-3,4]]",5.0,24.0,4.8,72.0,3.0,0.0,3.0,3.0,0.0,1.0,0.5138888888888888,2.0591260281974,1.4142135623730951,1.0,7.2,1.939071942966532,10.0,14.4,2.244994432064365,12.0,18.0,0.0166666666666666,0.1976854899220141,-0.2307692307692307,0.25,4.0,0.0,4.0,4.0,1.7934782608695652,0
sat-01139,4b7b74d2568cd94c05e233a6485fe7cb2c54c47652b541e3773efb89cc70e851,mixed,5,"[[-1,3,-4],[-1,4],[-1,-2,3],[3,-4,-5],[-1,-4],[-2,3,-4],[-1,3,4],[2,-4],[-1,4,5],[4,5],[2,-3,-4],[-1,2,-4],[1,2,-5],[-1,2,4],[-2,-5],[-3,4],[-2,-4,5]]",5.0,17.0,3.4,45.0,2.647058823529412,0.4778846120374094,2.0,3.0,0.3529411764705882,0.6470588235294118,0.4444444444444444,1.7888543819998317,2.5298221281347035,1.0,3.9,1.8138357147217052,7.0,9.0,2.756809750418044,6.0,14.0,-0.0761904761904762,0.3980805546518662,-0.7777777777777778,0.4285714285714285,4.0,0.0,4.0,4.0,1.463235294117647,0
sat-02716,02f0754bc2cf78dc23e555c25237bc3295426907ba55ff1bc89bf4c69d236086,mixed,5,"[[2,-4,-5],[4,5],[-1,2,-4],[-1,-3,-4],[1,3,-5]]",5.0,5.0,1.0,14.0,2.8,0.3999999999999999,2.0,3.0,0.2,0.8,0.4285714285714285,0.4000000000000001,1.019803902718557,0.9,1.3,0.6403124237432849,2.0,2.8,0.7483314773547882,2.0,4.0,-0.0333333333333333,0.5416025603090641,-0.5,1.0,3.6,0.4898979485566356,3.0,4.0,1.4,1
sat-01964,37832bdc03c3e451ec10890131e3b4fec7bb5906e978886844a37eb293ec2ef9,3sat,5,"[[1,-3,4],[1,-3,5],[1,-3,-5],[3,-4,-5],[2,4,5],[2,-3,5],[1,-2,3]]",5.0,7.0,1.4,21.0,3.0,0.0,3.0,3.0,0.0,1.0,0.6190476190476191,0.8,1.3564659966250536,1.0,2.1,1.044030650891055,4.0,4.2,1.16619037896906,3.0,6.0,0.3066666666666666,0.4249967320135794,-0.3333333333333333,1.0,4.0,0.0,4.0,4.0,1.761904761904762,1
sat-01851,42081f9cdf3c57a327779323820b508dbf16b4f2e7dcde10e6ca0410fcdac294,2sat,5,"[[1,-4],[1,-3],[2,-4],[4,-5],[1,-5],[1,5],[-1,5],[1,3]]",5.0,8.0,1.6,16.0,2.0,0.0,2.0,2.0,1.0,0.0,0.625,1.5491933384829668,0.7483314773547883,0.5,0.8,0.9797958971132712,3.0,3.2,1.7204650534085253,1.0,6.0,0.2666666666666666,0.4898979485566356,-0.3333333333333333,1.0,2.0,0.8944271909999159,1.0,3.0,0.8928571428571429,1
sat-01902,402c9e1a5430f85775058a866bf80fb062726c74e4483044271763b4a737b845,3sat,5,"[[-1,2,-3],[1,-2,5],[-2,3,4],[2,-3,5],[-1,2,4]]",5.0,5.0,1.0,15.0,3.0,0.0,3.0,3.0,0.0,1.0,0.6,0.7483314773547883,0.9797958971132712,0.9,1.5,0.9219544457292888,3.0,3.0,1.095445115010332,2.0,5.0,0.3066666666666667,0.5986651818838307,-0.3333333333333333,1.0,3.6,0.4898979485566356,3.0,4.0,1.8,1
sat-02866,53ee74c9d23539947f09268e82541a012b086029027c4b8bd3f9af13ff125b68,2sat,5,"[[2,-5],[-1,-3],[1,4],[-3,4],[-2,-3],[-2,5],[-2,3],[-3,-4],[-1,2],[-1,5],[-1,-5],[1,5],[2,5],[1,-4],[2,3],[1,-5],[2,4],[-3,5],[-1,3],[-1,-4],[1,-2],[1,2],[4,5],[-1,4],[-3,-5],[-1,-2],[3,-5],[-2,-5],[4,-5],[-2,4],[2,-4],[3,4],[3,-4]]",5.0,33.0,6.6,66.0,2.0,0.0,2.0,2.0,1.0,0.0,0.5,0.8,1.0198039027185568,1.0,3.3,0.7810249675906654,4.0,13.2,0.7483314773547882,12.0,14.0,0.0021978021978022,0.1261392954046746,-0.1428571428571428,0.2307692307692307,4.0,0.0,4.0,4.0,0.7651515151515151,0
sat-01146,9dc60bb0eadced42838551532cdca696862ed9329b3adabdcbd0e28b581c0b77,3sat,4,"[[1,2,4],[-1,2,-3],[-1,3,-4],[-2,3,4],[-2,3,-4],[1,2,3],[-1,-2,-4],[-1,2,3],[1,3,4],[1,-2,-4],[-1,3,4],[1,3,-4],[2,-3,4],[-1,-3,4]]",4.0,14.0,3.5,42.0,3.0,0.0,3.0,3.0,0.0,1.0,0.5714285714285714,1.224744871391589,1.118033988749895,1.0,7.0,1.0,8.0,10.5,0.8660254037844386,9.0,11.0,0.1414141414141414,0.1971638514741731,-0.0909090909090909,0.4545454545454545,3.0,0.0,3.0,3.0,2.208791208791209,1
sat-01369,1c5079cfae0f2d2c10a6bc0c4c15cf4e6ea82f46d0f3b21199ce354239c75b93,mixed,5,"[[1,-4,-5],[1,4,-5],[-2,-3],[4,-5],[-1,2,-5],[3,-4],[3,4,-5]]",5.0,7.0,1.4,18.0,2.571428571428572,0.4948716593053934,2.0,3.0,0.4285714285714285,0.5714285714285714,0.4444444444444444,1.019803902718557,1.5491933384829668,0.8,1.5,1.2041594578792296,4.0,3.6,1.2000000000000002,2.0,5.0,-0.0266666666666666,0.5017303392593808,-1.0,0.3333333333333333,3.2,0.3999999999999999,3.0,4.0,1.2857142857142858,1
sat-02845,50dd9a0159ecb38e6055c0db21013579956c18a7cee12fcdf7a6661afc779489,3sat,4,"[[-1,-3,4],[-1,2,3],[1,-2,-4],[-2,-3,-4],[-2,-3,4],[-1,-2,-4],[-1,3,4],[1,-3,-4],[-2,3,4],[1,3,-4],[-1,-3,-4],[-1,2,4],[1,2,-4],[-1,-2,3],[2,-3,4],[-1,3,-4],[-1,-2,-3],[1,-2,3],[2,3,-4],[2,3,4],[-2,3,-4],[1,-2,4],[1,2,3],[-1,2,-4],[1,2,-3],[1,-3,4],[-1,-2,4],[-1,2,-3]]",4.0,28.0,7.0,84.0,3.0,0.0,3.0,3.0,0.0,1.0,0.4761904761904761,0.7071067811865476,0.7071067811865476,1.0,14.0,0.0,14.0,21.0,0.0,21.0,21.0,-0.0476190476190476,0.0673435029701473,-0.1428571428571428,0.0476190476190476,3.0,0.0,3.0,3.0,2.2222222222222223,0
sat-00799,6af46117a8659b4863fb00698490457ee6ab119d69814a494c804606ae232141,2sat,4,"[[-1,-2],[-2,4],[-1,-3],[3,-4],[1,-2],[1,-3],[1,-4],[1,2],[-2,-4],[2,-3],[1,4],[-3,-4],[1,3],[2,3],[-1,4]]",4.0,15.0,3.75,30.0,2.0,0.0,2.0,2.0,1.0,0.0,0.5,1.299038105676658,0.4330127018922193,1.0,2.5,0.5,3.0,7.5,0.8660254037844386,7.0,9.0,-0.0238095238095238,0.2061965247105806,-0.1428571428571428,0.3333333333333333,3.0,0.0,3.0,3.0,0.9428571428571428,0
sat-00471,562ba62d15b433bc0dbc99a09a189ec54eb9e661398e087c4e194d642d7acaaf,3sat,5,"[[1,-3,5],[1,-2,-4],[1,2,5],[2,-4,-5],[-2,-4,5],[-2,3,4],[2,-3,5],[-2,3,5],[-1,-3,-4],[2,3,-5],[-1,-2,-5],[2,3,5],[-3,-4,5],[-1,2,4],[1,2,4],[1,-4,-5],[-1,3,-5],[2,-4,5],[-1,-3,4],[-3,-4,-5],[-1,-3,5],[1,-2,-3],[-2,3,-4]]",5.0,23.0,4.6,69.0,3.0,0.0,3.0,3.0,0.0,1.0,0.4782608695652174,1.743559577416269,1.16619037896906,1.0,6.9,1.2206555615733703,9.0,13.8,1.1661903789690602,12.0,15.0,-0.0521611721611721,0.1995884076726169,-0.3846153846153846,0.2,4.0,0.0,4.0,4.0,1.7588932806324111,0
sat-02326,729575acb0cdac6e614114c9c95033e610411d87af3adfca6d13a4fccbebb09b,3sat,4,"[[1,2,-4],[-2,3,4],[1,-3,4],[2,-3,4],[2,-3,-4]]",4.0,5.0,1.25,15.0,3.0,0.0,3.0,3.0,0.0,1.0,0.6,0.82915619758885,1.118033988749895,1.0,2.5,1.2583057392117916,4.0,3.75,1.0897247358851685,2.0,5.0,0.3,0.5431390245600107,-0.5,1.0,3.0,0.0,3.0,3.0,2.3,1
sat-00542,e745af999ecff50f96a30870ac6b190f1ad6a2c5f0c9a93a5800bbde242c4850,2sat,5,"[[3,5],[-2,-5],[2,-4],[-2,-3],[-1,3],[-1,-3]]",5.0,6.0,1.2,12.0,2.0,0.0,2.0,2.0,1.0,0.0,0.3333333333333333,0.7483314773547883,0.4898979485566356,0.5,0.6,0.66332495807108,2.0,2.4,1.019803902718557,1.0,4.0,-0.4666666666666666,0.4521553322083512,-1.0,0.0,2.0,0.8944271909999159,1.0,3.0,0.7333333333333333,1
sat-01903,243119168e80f266321e8d280f17f5ad2fcd5add264533739779fc44a6617367,3sat,5,"[[2,3,5],[-1,-3,4],[1,-2,-3],[-1,-2,5],[-2,-4,5],[-1,-2,-3],[-1,2,-4],[-2,-3,5],[-2,3,4],[-1,2,5],[1,2,4],[-3,-4,-5],[-3,-4,5],[-1,2,-3],[-1,2,3],[-1,3,-5],[1,3,4],[1,4,-5],[1,3,5],[2,4,5],[-1,3,-4],[-1,2,-5],[1,4,5]]",5.0,23.0,4.6,69.0,3.0,0.0,3.0,3.0,0.0,1.0,0.5362318840579711,1.0198039027185568,2.0591260281974,1.0,6.9,1.2206555615733703,9.0,13.8,1.32664991614216,12.0,16.0,0.0888278388278388,0.2093623702444169,-0.25,0.3846153846153846,4.0,0.0,4.0,4.0,1.7628458498023716,1
sat-00464,7a46148afbe26688dfa3b3b6d9228a42043240dd79f2a55cd725425a8c00346a,mixed,4,"[[2,3],[3,4],[-1,-2],[2,-3,-4],[2,-3],[2,4],[1,2,3],[2,-4],[-2,3,4],[1,2,-3],[2,3,-4],[-1,3],[-1,2],[1,-2,3],[2,3,4],[-1,-4],[1,-2,-3]]",4.0,17.0,4.25,42.0,2.4705882352941178,0.4991341984846218,2.0,3.0,0.5294117647058824,0.4705882352941176,0.6190476190476191,2.598076211353316,0.0,1.0,5.5,2.6299556396765835,10.0,10.5,2.598076211353316,8.0,14.0,0.1904761904761904,0.1934294858246657,0.0,0.4285714285714285,3.0,0.0,3.0,3.0,1.5661764705882353,0
sat-02859,62d369bc8b575d013f666b7ce114dfd6e0d6eeb26e55ef4378490901b73b254e,2sat,5,"[[1,-3],[-1,4],[3,4],[-1,5],[-4,-5],[1,-4],[-1,-4],[-1,-2],[1,-5],[-3,4],[-3,-5],[-2,5],[1,5],[-1,-5],[-3,5],[-2,-3],[4,5],[3,5]]",5.0,18.0,3.6,36.0,2.0,0.0,2.0,2.0,1.0,0.0,0.4444444444444444,2.039607805437114,0.8944271909999159,0.9,1.8,1.16619037896906,4.0,7.2,2.4,3.0,10.0,-0.2393650793650794,0.4404427557738129,-1.0,0.2,3.6,0.4898979485566356,3.0,4.0,0.8235294117647058,0
sat-01891,c632af82a43638d8ec2ed7759cb610b44e638c1c5da86e638fb359b3fdf175db,mixed,5,"[[-1,-2,-4],[-1,-3,-4],[2,-3,-4],[1,3,-4],[-3,4],[3,4],[1,-2,-4],[1,4,5],[1,-2,-5],[-2,4,5],[2,3,-5],[-1,-4,5],[-3,4,-5],[-1,-3,5],[1,-5],[1,-2,4],[1,3,-5]]",5.0,17.0,3.4,48.0,2.823529411764706,0.3812200410828152,2.0,3.0,0.1764705882352941,0.8235294117647058,0.4791666666666667,1.743559577416269,0.6324555320336759,1.0,4.5,1.4317821063276353,7.0,9.6,1.743559577416269,7.0,12.0,-0.0756132756132756,0.2254587126091412,-0.4285714285714285,0.2727272727272727,4.0,0.0,4.0,4.0,1.5735294117647058,0
sat-00640,5ab8abb04b29205e844968fc54d0643c8b63e0c55ee2fc4f96ff1d43f9572852,2sat,4,"[[-2,-4],[-1,-2],[1,-4],[1,-3]]",4.0,4.0,1.0,8.0,2.0,0.0,2.0,2.0,1.0,0.0,0.25,0.8660254037844386,0.5,0.6666666666666666,0.6666666666666666,0.4714045207910317,1.0,2.0,0.7071067811865476,1.0,3.0,-0.6666666666666667,0.5773502691896258,-1.0,0.3333333333333333,2.0,0.7071067811865476,1.0,3.0,0.8333333333333334,1
sat-02705,cabfd64ab4b1b712f5071a765f6fc6ed2709c4adb0ee8a48115ebf05fb252f35,3sat,5,"[[-1,-2,5],[-2,4,5],[-1,2,-3],[-2,3,5],[3,4,-5],[3,-4,5],[2,-3,-5],[1,3,-5],[-1,3,-5],[-2,-4,-5]]",5.0,10.0,2.0,30.0,3.0,0.0,3.0,3.0,0.0,1.0,0.4666666666666667,1.469693845669907,1.16619037896906,0.9,3.0,1.61245154965971,6.0,6.0,1.8973665961010275,4.0,9.0,-0.1031746031746031,0.3174603174603175,-0.5,0.4285714285714285,3.6,0.4898979485566356,3.0,4.0,1.8666666666666667,1
sat-02536,7c645b0d93b95356dd631db45dcbc72b308439faaf5cc04ff649ab93aa5b8d78,3sat,4,"[[-1,-2,-4],[1,3,4],[1,-3,-4],[2,3,4],[-1,2,3],[-1,-2,-3],[-1,2,-3],[-1,-2,3],[1,2,-3],[-1,-2,4],[1,-2,4]]",4.0,11.0,2.75,33.0,3.0,0.0,3.0,3.0,0.0,1.0,0.4848484848484848,0.0,1.479019945774904,1.0,5.5,1.707825127659933,8.0,8.25,1.479019945774904,6.0,10.0,0.0055555555555555,0.202072594216369,-0.2,0.3333333333333333,3.0,0.0,3.0,3.0,2.2545454545454544,1
sat-01684,9cfe61851b2f4384ddd73c60562376539b0c227b8f9dc631765c328b62201dbc,2sat,5,"[[3,-4],[3,-5],[2,3],[-4,-5],[-2,-5],[2,4],[-1,2],[-2,-3],[3,5],[3,4],[-1,-5],[-3,4],[1,-3],[-2,3],[-1,-4],[-2,5],[-1,4],[-1,-2],[-2,4],[-3,5],[-1,5],[-1,3],[-3,-5],[1,-2],[-1,-3],[2,-5],[2,-4],[1,5]]",5.0,28.0,5.6,56.0,2.0,0.0,2.0,2.0,1.0,0.0,0.4464285714285714,1.2649110640673518,1.32664991614216,1.0,2.8,0.7483314773547882,4.0,11.2,1.32664991614216,9.0,13.0,-0.1048174048174048,0.2029695582337458,-0.4545454545454545,0.1111111111111111,4.0,0.0,4.0,4.0,0.7671957671957672,0
sat-02274,aceeb507cb83260fbd6da410e35134755a3e78a4a89a141ffb58df1f14fe477e,3sat,4,"[[1,2,3],[-1,-2,-4],[-1,-2,4],[1,2,-3],[-1,-2,3],[-1,-3,4],[1,-3,4]]",4.0,7.0,1.75,21.0,3.0,0.0,3.0,3.0,0.0,1.0,0.4761904761904761,0.5,1.0897247358851685,1.0,3.5,1.2583057392117916,5.0,5.25,1.0897247358851685,4.0,7.0,-0.0107142857142857,0.2957824283116885,-0.2,0.5,3.0,0.0,3.0,3.0,2.238095238095238,1
sat-00360,1917f2339da69ba5122c4c4468b112603eb7ea0b7e47b99564064d82aac3f1f7,3sat,5,"[[1,3,4],[1,-3,-5],[3,-4,5],[-1,-2,-4],[-1,3,5],[1,-2,4],[-1,-2,-3],[-1,3,-5],[-1,2,4],[-1,2,5],[1,-3,-4],[1,-4,-5],[3,4,5],[-1,2,-5],[1,-3,4],[-2,4,-5],[-1,-2,-5],[2,3,4],[-3,-4,5],[1,-2,-4],[-2,3,-5]]",5.0,21.0,4.2,63.0,3.0,0.0,3.0,3.0,0.0,1.0,0.4761904761904761,1.2649110640673518,1.0198039027185568,1.0,6.3,1.4866068747318506,8.0,12.6,1.3564659966250536,11.0,15.0,-0.0524941724941724,0.1590717663970134,-0.2727272727272727,0.1666666666666666,4.0,0.0,4.0,4.0,1.761904761904762,0
sat-00115,196c7bdc39419ef63ed78b8e409e52245b986044ce085028cdfc412f4f41f625,3sat,4,"[[1,-2,3],[2,-3,-4],[1,-3,-4],[-1,2,3],[-1,-2,4],[1,2,3],[-2,3,4],[2,3,4],[1,3,4],[-1,-2,-4],[-2,-3,4],[1,2,4],[1,2,-3],[-1,3,-4],[-1,-3,-4],[-1,3,4],[-1,-2,-3],[1,2,-4],[1,3,-4],[1,-3,4],[-1,-2,3],[2,-3,4],[-2,-3,-4],[2,3,-4],[-2,3,-4],[-1,2,4]]",4.0,26.0,6.5,78.0,3.0,0.0,3.0,3.0,0.0,1.0,0.5256410256410257,1.0897247358851685,0.4330127018922193,1.0,13.0,1.2909944487358056,15.0,19.5,1.118033988749895,18.0,21.0,0.0488721804511278,0.0583615590084963,0.0,0.1428571428571428,3.0,0.0,3.0,3.0,2.227692307692308,0
sat-00071,2d8e27e040c72890b8513cba3bbf2389cec32292fe43f76cda65a3aa127716ad,3sat,4,"[[-1,-2,4],[1,-2,-3],[1,-2,3],[-1,2,4],[-1,2,-4],[-1,-3,-4],[1,2,4],[1,-2,-4],[1,3,-4],[-1,3,-4],[-1,-2,3],[1,2,3],[2,-3,-4],[1,2,-3],[-2,3,4],[1,-2,4],[2,-3,4],[-1,-3,4],[1,-3,4],[-2,3,-4],[-1,-2,-4],[1,-3,-4],[-1,2,3]]",4.0,23.0,5.75,69.0,3.0,0.0,3.0,3.0,0.0,1.0,0.4927536231884058,0.8660254037844386,0.4330127018922193,1.0,11.5,1.2583057392117916,13.0,17.25,1.0897247358851685,16.0,19.0,-0.0162538699690402,0.0464589742986344,-0.0588235294117647,0.0526315789473684,3.0,0.0,3.0,3.0,2.225296442687747,0
sat-02728,714cd3f81b34c9f98f57af9a33916eea94ff46044d0250e5575c21cdad852fe5,2sat,4,"[[3,4],[-2,-3],[1,4],[1,-3]]",4.0,4.0,1.0,8.0,2.0,0.0,2.0,2.0,1.0,0.0,0.625,0.82915619758885,0.82915619758885,0.6666666666666666,0.6666666666666666,0.4714045207910317,1.0,2.0,0.7071067811865476,1.0,3.0,0.1666666666666666,0.8660254037844386,-1.0,1.0,2.0,0.7071067811865476,1.0,3.0,0.8333333333333334,1
sat-00892,ef2154748f8db2c609cce07cc9ead86bb3fcaf5b34d4a0ab6d6ab955048d455c,2sat,4,"[[1,4],[1,-3],[2,3],[-1,-3],[1,3],[-2,-4],[2,-3],[1,-2],[-2,4],[1,-4],[-1,2],[-3,-4],[-1,-2],[1,2],[3,-4],[-1,3],[-3,4],[3,4],[2,-4],[-2,3],[2,4]]",4.0,21.0,5.25,42.0,2.0,0.0,2.0,2.0,1.0,0.0,0.5476190476190477,0.4330127018922193,0.4330127018922193,1.0,3.5,0.7637626158259734,4.0,10.5,0.5,10.0,11.0,0.0954545454545454,0.0708566239459995,0.0,0.2,3.0,0.0,3.0,3.0,0.9523809523809524,0
sat-00248,443c2daae18caf1e913be567110aabd8c823ce478b8579da3af6dd5a60fe8d1a,3sat,5,"[[1,-4,-5],[-2,3,-5],[-1,3,-5],[-1,-4,5],[2,-4,5],[-3,4,-5],[-1,3,-4],[-3,-4,5],[1,4,-5],[2,-3,-4],[1,3,5],[1,-4,5],[-1,-2,-4],[2,-4,-5],[-1,-4,-5],[1,3,4],[-1,4,-5],[-1,-3,5],[1,2,3],[-1,-2,3],[2,4,5],[1,-2,-3],[-1,2,-5],[-1,-2,-3],[-1,-3,-5],[-1,-3,4],[-2,4,-5],[1,-3,-4],[-1,3,4],[-3,-4,-5],[1,2,-4],[1,2,-3],[1,-2,5],[-2,3,4]]",5.0,34.0,6.8,102.0,3.0,0.0,3.0,3.0,0.0,1.0,0.4411764705882353,1.095445115010332,1.8547236990991407,1.0,10.2,2.4413111231467406,14.0,20.4,2.65329983228432,16.0,24.0,-0.113030303030303,0.0722814618951543,-0.2,0.0,4.0,0.0,4.0,4.0,1.7950089126559714,0
sat-00827,dbb512cf97487ebb52ea78b123c8cbb40a66f205892a115c71ca008ee521ae59,2sat,4,"[[-3,-4],[-2,4],[-3,4],[2,-3],[1,-4],[-1,-2],[2,4],[1,2],[1,4],[-1,3],[1,-3]]",4.0,11.0,2.75,22.0,2.0,0.0,2.0,2.0,1.0,0.0,0.5454545454545454,1.224744871391589,0.8660254037844386,1.0,1.8333333333333333,0.3726779962499649,2.0,5.5,0.5,5.0,6.0,0.0666666666666666,0.38873012632302,-0.6,0.3333333333333333,3.0,0.0,3.0,3.0,0.9090909090909092,0
sat-01800,f470ba98ea362ad64a7e9bc55e0438434b5bb3474d2c8d0a6fb5681d9ff8337b,3sat,5,"[[-1,2,-5],[-1,-3,-5],[2,-4,5],[2,4,-5],[2,-3,5],[-1,-2,-4],[-1,2,4],[1,-2,-3],[1,-2,-4],[-3,4,-5],[1,2,-5],[-2,-3,-5],[2,3,-4],[3,4,5],[-3,4,5],[1,4,-5],[1,-3,5],[-1,-4,-5],[-1,-2,5],[1,2,3],[-1,2,5],[1,4,5],[-2,-3,-4],[1,-2,5],[-2,-4,5],[-1,-3,4],[-2,3,-4],[-1,3,4]]",5.0,28.0,5.6,84.0,3.0,0.0,3.0,3.0,0.0,1.0,0.4880952380952381,1.7204650534085253,0.4898979485566356,1.0,8.4,1.3564659966250536,10.0,16.8,1.469693845669907,14.0,18.0,-0.0349206349206349,0.1376964005209884,-0.2857142857142857,0.1111111111111111,4.0,0.0,4.0,4.0,1.7698412698412698,0
sat-01558,6bb454c212d5f6f1c729202c9f32f65423a0f824979d9428e22265d8b856fe6e,mixed,5,"[[-1,-4,-5],[-1,4,5],[-1,3],[-2,5],[-1,-2,-3],[2,4,-5],[1,3,-5],[-3,4,-5],[-3,-4,5],[2,-4]]",5.0,10.0,2.0,27.0,2.7,0.458257569495584,2.0,3.0,0.3,0.7,0.4074074074074074,0.7483314773547882,0.7483314773547882,1.0,2.4,1.1135528725660044,5.0,5.4,1.0198039027185568,4.0,7.0,-0.1885714285714285,0.2202781173416729,-0.6,0.0,4.0,0.0,4.0,4.0,1.3777777777777778,1
sat-02363,87c27d0ad881926acec6239602a3d3dfcb1fc45212fa284a8e4e9a186eeca1b6,3sat,5,"[[1,-2,3],[2,-3,-4],[-1,-4,5],[1,2,-3],[2,-3,-5],[1,-2,-3],[-1,4,-5],[1,2,-4],[3,-4,-5],[-1,2,-3],[1,-3,-5],[-2,4,-5],[-2,4,5],[-3,4,5],[-1,-4,-5],[3,-4,5],[-2,-3,-5],[-3,-4,-5],[-1,3,5],[-2,-4,-5],[1,2,5],[3,4,-5],[-1,-2,-3],[1,3,-4],[1,-2,5],[2,-4,5],[2,-4,-5],[2,3,-4],[-2,3,-4]]",5.0,29.0,5.8,87.0,3.0,0.0,3.0,3.0,0.0,1.0,0.4367816091954023,1.3564659966250536,2.315167380558045,1.0,8.7,1.9519221295943132,13.0,17.4,1.743559577416269,14.0,19.0,-0.1141186299081035,0.1949872539101501,-0.4444444444444444,0.1428571428571428,4.0,0.0,4.0,4.0,1.7758620689655171,0
sat-02865,118ebd938c14a8566e2f7a436b9d6f708545774f91a50137a19a9b6604b9fb7a,2sat,5,"[[-2,5],[-1,3],[2,3],[-1,-3],[-2,-5],[4,-5],[-4,-5],[2,5],[1,3],[3,4],[2,4],[-1,5],[-3,-5],[-1,-5],[-1,-2],[1,4],[-1,-4],[2,-5],[-1,4],[3,5],[-3,5],[-1,2],[-2,-4],[1,-3],[2,-3],[-4,5],[1,-4],[1,-5],[1,2],[-3,4],[-2,3],[3,-5],[3,-4],[1,5],[4,5]]",5.0,35.0,7.0,70.0,2.0,0.0,2.0,2.0,1.0,0.0,0.5285714285714286,0.4898979485566356,1.2,1.0,3.5,0.6708203932499369,4.0,14.0,1.4142135623730951,12.0,16.0,0.0639560439560439,0.0872876479901994,-0.0666666666666666,0.1666666666666666,4.0,0.0,4.0,4.0,0.773109243697479,0
sat-02287,fa09fc63e21bb6c71210a3817e6c29287951eb32f09234216e2fc18aaea342c5,mixed,5,"[[-1,-4],[-2,3,4],[-1,-3,5],[-3,4,5],[-3,4],[2,-4],[-1,2,-5],[-2,4],[1,4,5],[4,-5],[2,-5],[1,2,5],[-1,-2,4],[2,3,-4],[2,-4,5],[-3,-4]]",5.0,16.0,3.2,41.0,2.5625,0.4960783708246107,2.0,3.0,0.4375,0.5625,0.5365853658536586,2.0591260281974,0.7483314773547882,1.0,3.4,1.42828568570857,6.0,8.2,2.227105745132009,6.0,12.0,0.0166666666666666,0.2905932629027116,-0.3333333333333333,0.3333333333333333,4.0,0.0,4.0,4.0,1.3333333333333333,1
sat-01230,de69e19b6907833f05ae0eee5669ffee8d6960be1ba00fcf970fcb7a78947b2d,3sat,4,"[[2,3,4],[1,2,4],[1,-2,-4],[1,3,4],[2,-3,-4],[-1,-3,-4],[1,-3,-4],[1,2,-3],[1,-3,4],[-2,-3,-4],[-1,3,-4],[-2,-3,4],[2,-3,4]]",4.0,13.0,3.25,39.0,3.0,0.0,3.0,3.0,0.0,1.0,0.5128205128205128,1.224744871391589,2.384848003542364,1.0,6.5,2.0615528128088303,10.0,9.75,1.7853571071357126,8.0,12.0,0.0738636363636363,0.3525933291840956,-0.4545454545454545,0.5,3.0,0.0,3.0,3.0,2.269230769230769,1
sat-02398,7adc4a2c272ccc5a15214af7da49dbf16bc76da90775a0366ba98b6b9bb2ba48,2sat,4,"[[1,2],[1,4],[-2,3],[3,4],[-3,4],[2,-3],[1,3],[-1,3],[2,3],[-2,4],[-3,-4],[1,-2],[2,-4],[-2,-3],[-1,2],[1,-4],[-1,-2],[-1,-3]]",4.0,18.0,4.5,36.0,2.0,0.0,2.0,2.0,1.0,0.0,0.5277777777777778,0.4330127018922193,0.82915619758885,1.0,3.0,0.816496580927726,4.0,9.0,1.224744871391589,7.0,10.0,0.0634920634920634,0.0644764952748885,0.0,0.1428571428571428,3.0,0.0,3.0,3.0,0.9607843137254902,0
sat-00547,58f0a644c8140c3ee1414743d996b379aa965c08e1431a8610b32c8d0ffdbe5e,3sat,4,"[[2,-3,4],[1,-3,4],[1,-3,-4],[-2,-3,-4],[-1,3,4],[2,-3,-4]]",4.0,6.0,1.5,18.0,3.0,0.0,3.0,3.0,0.0,1.0,0.4444444444444444,0.7071067811865476,1.6583123951777,0.8333333333333334,3.0,1.7320508075688772,6.0,4.5,1.5,3.0,6.0,0.0,0.408248290463863,-0.6666666666666666,0.3333333333333333,2.5,0.5,2.0,3.0,2.4,1
sat-01131,4b6a005af331b8c53b3a57a3cc31f6a5d90cd88c0e3382ce319ddd979f3aee15,2sat,4,"[[1,-2],[3,-4],[-1,-4],[1,-4],[-1,2],[1,-3],[2,-4],[-2,3],[1,2],[2,3],[2,-3],[-2,-4],[-1,4],[2,4],[-3,-4],[-2,-3],[3,4],[1,3],[1,4]]",4.0,19.0,4.75,38.0,2.0,0.0,2.0,2.0,1.0,0.0,0.5526315789473685,0.82915619758885,1.0897247358851685,1.0,3.1666666666666665,0.6871842709362768,4.0,9.5,0.5,9.0,10.0,0.111111111111111,0.1962613525850632,-0.2,0.3333333333333333,3.0,0.0,3.0,3.0,0.9473684210526316,0
sat-00501,28cf686891d825934741a148160d3f0bf6732c52b0116116143ced63cd630121,3sat,4,"[[1,3,4],[1,-2,3],[-1,-3,-4],[-1,-2,4],[-1,-2,-4],[-1,2,4],[-2,-3,4],[-1,2,-3],[2,-3,4],[-2,-3,-4],[-1,-2,3]]",4.0,11.0,2.75,33.0,3.0,0.0,3.0,3.0,0.0,1.0,0.3939393939393939,1.0897247358851685,1.224744871391589,1.0,5.5,0.5,6.0,8.25,0.4330127018922193,8.0,9.0,-0.2083333333333333,0.2795084971874737,-0.5,0.25,3.0,0.0,3.0,3.0,2.1818181818181817,1
sat-02045,1ee17096928ea37ca3d4b959aaf4bc9e7098d36efce904184663928d2ac14218,3sat,4,"[[-1,3,4],[-2,-3,-4],[-1,-2,3],[-1,-2,4],[-1,-3,-4],[-1,-3,4],[-1,2,-4],[-1,2,-3],[2,3,-4],[-1,2,4],[1,2,4],[-1,2,3],[-1,3,-4],[1,-2,-3],[1,-3,-4],[1,3,-4]]",4.0,16.0,4.0,48.0,3.0,0.0,3.0,3.0,0.0,1.0,0.4375,0.82915619758885,2.165063509461097,1.0,8.0,1.632993161855452,10.0,12.0,1.4142135623730951,10.0,14.0,-0.0988095238095237,0.2304332653848362,-0.4285714285714285,0.2,3.0,0.0,3.0,3.0,2.2333333333333334,1
sat-00693,3b3417d2609ef34427ffaf4bd96b91b93e71885fd9db38a383a57f51a295ba1d,mixed,4,"[[-1,4],[1,2],[-2,-3,4],[-2,-3]]",4.0,4.0,1.0,9.0,2.25,0.4330127018922193,2.0,3.0,0.75,0.25,0.4444444444444444,0.7071067811865476,0.82915619758885,0.8333333333333334,1.0,0.5773502691896257,2.0,2.25,0.4330127018922193,2.0,3.0,-0.0833333333333333,0.7216878364870322,-1.0,1.0,2.5,0.5,2.0,3.0,1.0,1
sat-01755,7f0053c52d92aace671a549a5b2f4ecdf6d7df1022cdcb5bf691d3222b4ced8d,3sat,5,"[[2,-4,-5],[-1,-2,-5],[2,-3,4],[3,-4,5],[2,4,-5],[-1,-2,3],[2,3,5],[1,2,-3],[-2,3,4],[1,4,-5],[1,-3,5],[2,3,4],[1,2,5],[-2,4,5],[-2,-3,-4],[-1,3,5],[-2,4,-5],[-1,2,3],[1,-2,5]]",5.0,19.0,3.8,57.0,3.0,0.0,3.0,3.0,0.0,1.0,0.5964912280701754,0.9797958971132712,1.3564659966250536,1.0,5.7,2.0518284528683197,8.0,11.4,2.0591260281974,9.0,15.0,0.2034343434343434,0.1200170038627961,0.0666666666666666,0.4,4.0,0.0,4.0,4.0,1.7953216374269003,1
sat-00978,83ecd80283f09a3284b477ab7bdefdbc8ab0bf68028eb0c2b0c4d61d9aeb78ef,2sat,5,"[[-2,-4],[-1,2],[-3,-5],[1,3],[-2,-5],[-2,5],[1,4],[-1,4],[1,2],[1,-2],[-1,-2],[-2,3],[3,4],[2,-4],[3,-5],[3,-4],[-2,4],[-3,4],[-4,5],[2,4],[-1,-4],[2,-5]]",5.0,22.0,4.4,44.0,2.0,0.0,2.0,2.0,1.0,0.0,0.5,1.3564659966250536,1.624807680927192,0.9,2.2,1.32664991614216,4.0,8.8,2.315167380558045,6.0,12.0,0.0038961038961038,0.2571967818456191,-0.3333333333333333,0.4285714285714285,3.6,0.4898979485566356,3.0,4.0,0.8008658008658008,0
sat-00825,474030971fa0c30fc7059814b8f55dfb55c998dc9b1338bc729664b7d6e6a603,2sat,5,"[[-1,-4],[1,-4],[3,-5],[1,2],[-4,-5],[1,-5],[2,-5],[-1,5],[-2,-3],[-4,5],[4,-5],[-3,4],[4,5],[1,3],[-1,4],[-2,5],[2,4],[-2,-5],[-1,3],[-1,2],[2,-3],[3,5],[1,-3],[1,4],[1,5],[-3,-4],[-1,-5],[-1,-3]]",5.0,28.0,5.6,56.0,2.0,0.0,2.0,2.0,1.0,0.0,0.5,1.0198039027185568,1.4966629547095764,1.0,2.8,1.077032961426901,4.0,11.2,2.1354156504062622,8.0,14.0,0.0127972027972027,0.1522253464939839,-0.2,0.25,4.0,0.0,4.0,4.0,0.7857142857142857,0
sat-02270,205a6dd01a06745bbd9332f5d4cee9217da31750e135f0ff10ba514e1370936c,2sat,5,"[[-3,5],[1,-4],[1,-5],[3,-5],[-4,-5],[2,-5],[1,4],[-1,3],[-4,5],[1,-3],[2,3],[-1,2],[4,5],[-1,-3],[3,4],[1,-2],[-2,-5]]",5.0,17.0,3.4,34.0,2.0,0.0,2.0,2.0,1.0,0.0,0.5294117647058824,0.8,0.9797958971132712,0.9,1.7,0.9,3.0,6.8,1.16619037896906,5.0,8.0,0.0685714285714285,0.1799433017278906,-0.25,0.25,3.6,0.4898979485566356,3.0,4.0,0.75,0
sat-01531,c5d458a176c356ffbb735a0ca3d1e4a98498d827649c104a0a2db3fab9ef331c,2sat,5,"[[4,-5],[2,3],[3,4],[1,-4],[1,-3],[2,-4],[-1,-5],[-2,3],[3,-5],[2,-5],[2,4],[-1,-4],[-1,-2],[-1,5],[3,-4],[2,-3],[-2,5],[1,-5],[-2,-4],[1,3],[-3,-5],[-3,4],[1,4],[3,5],[-3,-4],[1,-2],[-4,5],[-2,-5],[-1,-3],[1,5],[4,5],[1,2],[-2,4]]",5.0,33.0,6.6,66.0,2.0,0.0,2.0,2.0,1.0,0.0,0.5151515151515151,0.7483314773547882,0.7999999999999999,1.0,3.3,0.458257569495584,4.0,13.2,0.3999999999999999,13.0,14.0,0.0307692307692307,0.1151279195930443,-0.0769230769230769,0.2307692307692307,4.0,0.0,4.0,4.0,0.7632575757575758,0
sat-01560,9c6d4a9bdca9c482dfc44c103ad0a189803a82482af32da6352f5a6554d210a8,3sat,4,"[[-1,2,4],[1,-3,-4],[1,2,-3],[-1,-2,-4],[-1,3,4],[-2,-3,4],[2,3,4],[1,-2,4],[1,-2,-4],[1,3,4],[-1,-3,4],[-2,-3,-4],[1,-2,3],[-1,2,-3],[-1,3,-4],[1,-3,4],[1,2,-4],[-2,3,4],[-2,3,-4],[1,2,4],[1,-2,-3],[1,3,-4],[2,3,-4],[-1,-2,-3],[1,2,3],[-1,2,3]]",4.0,26.0,6.5,78.0,3.0,0.0,3.0,3.0,0.0,1.0,0.5384615384615384,1.118033988749895,0.7071067811865476,1.0,13.0,0.5773502691896257,14.0,19.5,0.5,19.0,20.0,0.075,0.0908847707333112,-0.0526315789473684,0.2,3.0,0.0,3.0,3.0,2.221538461538461,0
sat-01711,e4e75dd837cab8715a677cf932a09d6df2f154b57debb96757c98c2beb385946,mixed,4,"[[1,-2],[-1,-2],[-1,-3,-4],[2,-3,4],[-1,-4],[1,2,-4],[-2,3],[1,-3]]",4.0,8.0,2.0,19.0,2.375,0.4841229182759271,2.0,3.0,0.625,0.375,0.3684210526315789,0.82915619758885,0.0,1.0,2.333333333333333,0.4714045207910317,3.0,4.75,0.82915619758885,4.0,6.0,-0.3,0.2121320343559642,-0.5,0.0,3.0,0.0,3.0,3.0,1.3214285714285714,1
sat-02405,700fd14c217741d045c48fdf9d9b8e7495b79836d1dd137a58f01944fdb8c09f,3sat,4,"[[1,-2,3],[1,-2,-4],[1,2,3],[2,-3,4],[-1,-3,4],[-2,3,-4],[1,2,-3],[-1,3,-4],[2,3,-4],[2,3,4],[-1,2,4],[1,-3,4],[-1,2,3],[1,3,-4],[-1,-2,-3],[1,-2,4],[-1,-2,3],[-1,-2,4],[1,3,4],[-2,-3,4],[-1,-2,-4],[1,-2,-3],[-1,2,-4],[1,-3,-4],[1,2,-4],[-2,-3,-4],[-1,-3,-4],[1,2,4]]",4.0,28.0,7.0,84.0,3.0,0.0,3.0,3.0,0.0,1.0,0.5,0.8660254037844386,0.5,1.0,14.0,0.816496580927726,15.0,21.0,0.7071067811865476,20.0,22.0,-0.001082251082251,0.0565573274045624,-0.0476190476190476,0.0909090909090909,3.0,0.0,3.0,3.0,2.2248677248677247,0
sat-01456,e335198f16f4778aeff15174422637ca81f26c8a1eb889abfcb2277577b1f364,3sat,5,"[[-2,3,-5],[-2,-3,-5],[1,2,4],[2,3,-4],[1,2,-4],[1,2,5],[-3,-4,5],[1,2,-5],[1,-3,-5],[-1,-3,-4],[1,-4,5],[2,3,4],[1,2,-3],[1,3,-5],[-1,-2,3],[2,-3,4],[-1,2,4],[1,-2,5],[2,3,-5],[1,-2,-5],[1,4,5],[-1,2,-5],[2,-3,-5],[-1,3,5],[-1,2,3],[2,-4,-5],[2,-4,5],[-2,-3,5],[-2,-3,-4],[1,-4,-5],[1,2,3],[-1,2,5],[2,4,-5],[-1,-2,-5]]",5.0,34.0,6.8,102.0,3.0,0.0,3.0,3.0,0.0,1.0,0.5392156862745098,4.147288270665544,1.8547236990991407,1.0,10.2,3.1240998703626617,15.0,20.4,3.720215047547655,15.0,26.0,0.0481784881784881,0.2306817522520211,-0.2,0.3846153846153846,4.0,0.0,4.0,4.0,1.8253119429590017,0
sat-01984,5250d35afb9b019ffd1b56465e58a6984caa0cdaf5cb2c4fd49b2595bb6878df,2sat,4,"[[-2,-4],[-1,-3],[-2,4],[-2,3],[2,-4],[2,4],[3,-4],[-3,-4],[-3,4],[1,4],[2,3],[1,-2],[-2,-3]]",4.0,13.0,3.25,26.0,2.0,0.0,2.0,2.0,1.0,0.0,0.4615384615384615,0.7071067811865476,1.5,1.0,2.1666666666666665,1.2133516482134197,4.0,6.5,2.0615528128088303,3.0,8.0,-0.0148809523809523,0.2197347852533597,-0.25,0.3333333333333333,3.0,0.0,3.0,3.0,1.0256410256410255,0
sat-01394,51b7ad68a7381bc1da3645aa42171278d4e3a6c66d1331c5a57e8510ff527aa4,3sat,5,"[[1,4,-5],[-1,2,-4],[-3,-4,-5],[2,-3,-4],[1,4,5],[-3,-4,5],[1,-2,-3],[2,3,5],[2,-3,5],[1,2,4],[-2,-3,5],[1,-2,3],[1,-4,-5],[-1,2,5],[2,-4,5],[-2,3,-5],[1,-3,-4],[-2,3,4],[-1,-4,5]]",5.0,19.0,3.8,57.0,3.0,0.0,3.0,3.0,0.0,1.0,0.5263157894736842,1.6733200530681511,1.8547236990991407,1.0,5.7,1.3453624047073711,8.0,11.4,0.7999999999999999,10.0,12.0,0.0587878787878787,0.3056468850904142,-0.3333333333333333,0.4,4.0,0.0,4.0,4.0,1.7426900584795322,1
sat-02574,b29b2a5115e179e041b1f87e1ca8f6e1b407fed0f1b46b2c22896b08f437e43c,3sat,4,"[[-1,3,4],[-1,2,4],[2,3,-4],[1,3,-4],[-1,-2,-4],[1,2,-4],[-2,-3,4],[1,-2,4],[2,-3,-4],[-2,3,4],[1,2,3],[-1,2,-4],[-1,2,-3],[1,-2,-4],[1,3,4],[1,-3,4],[2,3,4],[-1,-3,-4],[-1,2,3],[-1,-2,3],[1,-2,3],[-2,-3,-4],[-1,-3,4]]",4.0,23.0,5.75,69.0,3.0,0.0,3.0,3.0,0.0,1.0,0.5217391304347826,0.7071067811865476,0.82915619758885,1.0,11.5,0.5,12.0,17.25,0.4330127018922193,17.0,18.0,0.0441176470588235,0.0870011732808767,-0.0588235294117647,0.1764705882352941,3.0,0.0,3.0,3.0,2.217391304347826,0
sat-02959,2994024f41f3a93008a2ae6e69086c288062d53ce80a2e8e9176f276e9943688,mixed,4,"[[3,-4],[-1,3,4],[-1,-2,-3],[1,-2,4],[-3,-4],[1,3,-4],[1,2,3],[-1,-4],[1,3,4],[-1,-3,4],[2,3,-4]]",4.0,11.0,2.75,30.0,2.727272727272727,0.4453617714151232,2.0,3.0,0.2727272727272727,0.7272727272727273,0.5333333333333333,1.4142135623730951,1.118033988749895,1.0,4.5,1.8929694486000912,7.0,7.5,2.0615528128088303,4.0,9.0,0.0555555555555555,0.1666666666666666,-0.1111111111111111,0.3333333333333333,3.0,0.0,3.0,3.0,1.9272727272727272,1
sat-00421,e8818b4f37628cfebd1054a59ea841d626399192fd08c983b0c9d063fa6d675c,2sat,4,"[[-2,4],[-1,-2],[-1,4],[-1,3]]",4.0,4.0,1.0,8.0,2.0,0.0,2.0,2.0,1.0,0.0,0.375,0.82915619758885,1.299038105676658,0.6666666666666666,0.6666666666666666,0.4714045207910317,1.0,2.0,0.7071067811865476,1.0,3.0,0.0,1.0,-1.0,1.0,2.0,0.7071067811865476,1.0,3.0,0.8333333333333334,1
sat-02770,138c8d090ebf56883596b5c6a019a8cc51ff1e8bdfb73930178ccb32d903194b,2sat,4,"[[-1,4],[-1,2],[1,2],[2,4],[1,3]]",4.0,5.0,1.25,10.0,2.0,0.0,2.0,2.0,1.0,0.0,0.8,0.7071067811865476,0.8660254037844386,0.6666666666666666,0.8333333333333334,0.6871842709362768,2.0,2.5,1.118033988749895,1.0,4.0,0.75,0.4330127018922193,0.0,1.0,2.0,0.7071067811865476,1.0,3.0,1.0,1
sat-00318,d5a83238dadbcac1917e31d63c570ae325b482bcbfdd127a5a2d8069afdf44bc,3sat,4,"[[-1,-2,-4],[-1,2,-3],[-1,3,-4],[-2,3,4],[1,-2,-3],[-2,-3,-4],[-1,2,-4],[1,3,4],[1,-2,3],[2,-3,4],[1,2,-3],[2,3,4],[-1,-2,-3],[1,-2,-4],[2,3,-4],[1,3,-4],[1,2,-4],[-1,2,3],[2,-3,-4]]",4.0,19.0,4.75,57.0,3.0,0.0,3.0,3.0,0.0,1.0,0.4912280701754385,1.8708286933869709,1.0897247358851685,1.0,9.5,1.5,12.0,14.25,1.299038105676658,13.0,16.0,-0.0290064102564102,0.2064885656318199,-0.3846153846153846,0.125,3.0,0.0,3.0,3.0,2.2280701754385963,0
sat-02784,5879d8a5b281c9b55244347e2d21fd05a886b2bacd981538d994b37ba80d69a0,2sat,4,"[[2,-3],[1,-4],[-3,4],[3,4],[-1,4]]",4.0,5.0,1.25,10.0,2.0,0.0,2.0,2.0,1.0,0.0,0.6,0.8660254037844386,0.7071067811865476,0.5,0.8333333333333334,0.8975274678557507,2.0,2.5,1.118033988749895,1.0,4.0,0.2916666666666667,0.5051814855409226,-0.3333333333333333,1.0,1.5,0.5,1.0,2.0,1.0,1
sat-01595,d6e455dd6ca19c730dc1be19d0e8c3c58a072b8b8154d39328f0517b4beb0935,3sat,5,"[[1,2,-4],[1,-2,-3],[-1,-4,-5],[-1,2,-4],[2,-3,5],[-1,-3,5],[-2,4,5],[3,-4,5],[-1,-3,4],[-2,3,4],[1,3,-4],[-1,2,5],[2,-4,5],[-1,3,-4],[-1,2,4],[-1,-3,-4],[-2,-3,-4],[1,-3,4],[-1,2,-3],[1,2,-3],[-1,-4,5],[2,-4,-5],[1,3,-5],[-3,-4,-5],[2,3,-5],[-2,3,-5]]",5.0,26.0,5.2,78.0,3.0,0.0,3.0,3.0,0.0,1.0,0.4487179487179487,1.6733200530681511,2.65329983228432,1.0,7.8,1.469693845669907,10.0,15.6,1.4966629547095764,13.0,17.0,-0.0855957767722473,0.2621400875069259,-0.4117647058823529,0.3333333333333333,4.0,0.0,4.0,4.0,1.7692307692307692,1
sat-00122,88b43f48556c5823f84eac9f87c97dc078b46d5c752f34673a1e168d46ef3e5d,mixed,4,"[[1,2],[-1,-3],[-2,3,4],[1,-2]]",4.0,4.0,1.0,9.0,2.25,0.4330127018922193,2.0,3.0,0.75,0.25,0.5555555555555556,0.4330127018922193,0.7071067811865476,0.8333333333333334,1.0,0.5773502691896257,2.0,2.25,0.82915619758885,1.0,3.0,0.25,0.4930066485916346,-0.3333333333333333,1.0,2.5,0.5,2.0,3.0,1.1666666666666667,1
sat-00241,602720733c660888bb76d2264192e7ff01cde658e20b9875a9502c04785567ca,2sat,4,"[[3,4],[-2,4],[1,-3],[-1,-2],[-2,-3],[-2,-4],[2,3],[-3,-4],[2,-3],[2,-4],[3,-4],[-2,3],[1,-4],[1,-2],[-1,4]]",4.0,15.0,3.75,30.0,2.0,0.0,2.0,2.0,1.0,0.0,0.4333333333333333,0.4330127018922193,1.479019945774904,1.0,2.5,0.957427107756338,4.0,7.5,1.5,5.0,9.0,-0.0958333333333333,0.210282548015759,-0.3333333333333333,0.2,3.0,0.0,3.0,3.0,0.9714285714285714,0
sat-00629,e56e2e3cad4fc759b5dd78ebf89837095b96f3ed96bd8d130621c034806ef5f5,3sat,5,"[[-3,4,5],[1,-2,4],[-3,-4,5],[1,-3,4],[3,4,-5],[1,-2,-4],[3,-4,5],[-1,-3,-4],[-2,-4,-5],[1,2,4],[-2,-4,5],[-1,2,3],[1,2,-4],[-2,-3,4],[1,3,-4],[-1,-4,-5],[-1,-2,4],[-1,4,5],[-2,-3,-4],[-2,4,-5],[-2,-3,-5],[-1,-3,4],[2,3,-5],[1,-4,5],[1,-2,-5],[-1,2,4],[-3,4,-5],[1,3,-5],[1,2,-3],[-1,-2,5],[2,3,-4],[2,-4,5],[1,3,5],[2,4,5]]",5.0,34.0,6.8,102.0,3.0,0.0,3.0,3.0,0.0,1.0,0.5,1.7204650534085253,1.7204650534085253,1.0,10.2,2.481934729198171,14.0,20.4,2.870540018881465,18.0,26.0,-0.0001169590643274,0.1000464308610385,-0.1111111111111111,0.1578947368421052,4.0,0.0,4.0,4.0,1.8003565062388591,0
sat-00175,f958146f5d619fe481e2756707e4a44608fa40cf53cef8e98196b534bd689e6a,mixed,4,"[[1,-4],[-1,-2,-3],[-1,4],[-1,3],[-2,3,4],[-2,-3],[-2,3,-4],[2,4],[1,-2,4],[-2,-3,-4],[-1,2,-4],[1,-2]]",4.0,12.0,3.0,30.0,2.5,0.5,2.0,3.0,0.5,0.5,0.4,0.7071067811865476,1.5,1.0,4.0,1.2909944487358056,6.0,7.5,1.118033988749895,6.0,9.0,-0.1746031746031746,0.2275439870925627,-0.5555555555555556,0.0,3.0,0.0,3.0,3.0,1.5151515151515151,0
sat-01069,6c017491d1d231ec1b47476a6666ff498f83514df376f72937675d68b040b88c,mixed,4,"[[2,-3,-4],[1,-4],[2,4],[-1,-3,-4],[1,-2,3],[2,-3],[-2,3,-4],[-1,-3],[2,-4],[3,-4],[1,3],[1,2,-4],[1,-3],[2,3],[-1,3,-4],[-2,4],[1,-2,4],[1,2,3],[-1,2,-3],[-1,-2,3],[-1,2,-4],[-2,-4],[-2,-3,-4],[-2,-3],[2,3,-4],[1,-2,-3]]",4.0,26.0,6.5,66.0,2.5384615384615383,0.4985185152621431,2.0,3.0,0.4615384615384615,0.5384615384615384,0.4545454545454545,2.692582403567252,2.1213203435596424,1.0,9.0,2.160246899469287,12.0,16.5,2.0615528128088303,14.0,19.0,-0.1011278195488721,0.292519615932403,-0.6,0.1428571428571428,3.0,0.0,3.0,3.0,1.6,0
synthetic-invalid-row,synthetic-invalid-row,3sat,5,"[[-2,-3,-4],[-1,-3,4],[-3,-4,-5],[-1,2,3],[-3,4,5]]",5.0,5.0,1.0,15.0,3.0,0.0,3.0,3.0,0.0,1.0,0.3333333333333333,0.6324555320336759,1.095445115010332,0.8,1.5,1.118033988749895,4.0,3.0,1.2649110640673518,2.0,5.0,-0.32,0.41182520563948,-1.0,0.0,3.2,0.7483314773547882,2.0,4.0,1.9,-1
