workload_id,representation,source,family,n,primary_eligible,policy,m,amplitude_bytes,chunk_bytes,predicted_total_bytes,reduction_vs_eager
qasmbench_18ffaae6478e1b9a_0,lowered,qasmbench,arithmetic,28,True,EAGER_FULL,16,8,1,21474836480,1.0
qasmbench_18ffaae6478e1b9a_0,lowered,qasmbench,arithmetic,28,True,EAGER_FULL,16,8,4096,21474836480,1.0
qasmbench_18ffaae6478e1b9a_0,lowered,qasmbench,arithmetic,28,True,EAGER_FULL,16,8,65536,21474836480,1.0
qasmbench_18ffaae6478e1b9a_0,lowered,qasmbench,arithmetic,28,True,EAGER_FULL,16,8,1048576,21474836480,1.0
qasmbench_18ffaae6478e1b9a_0,lowered,qasmbench,arithmetic,28,True,EAGER_FULL,16,8,4194304,21474836480,1.0
qasmbench_18ffaae6478e1b9a_0,lowered,qasmbench,arithmetic,28,True,EAGER_FULL,16,16,1,42949672960,1.0
qasmbench_18ffaae6478e1b9a_0,lowered,qasmbench,arithmetic,28,True,EAGER_FULL,16,16,4096,42949672960,1.0
qasmbench_18ffaae6478e1b9a_0,lowered,qasmbench,arithmetic,28,True,EAGER_FULL,16,16,65536,42949672960,1.0
qasmbench_18ffaae6478e1b9a_0,lowered,qasmbench,arithmetic,28,True,EAGER_FULL,16,16,1048576,42949672960,1.0
qasmbench_18ffaae6478e1b9a_0,lowered,qasmbench,arithmetic,28,True,EAGER_FULL,16,16,4194304,42949672960,1.0
qasmbench_18ffaae6478e1b9a_0,lowered,qasmbench,arithmetic,28,True,BASIS_REWRITE,16,8,1,80,268435456.0
qasmbench_18ffaae6478e1b9a_0,lowered,qasmbench,arithmetic,28,True,BASIS_REWRITE,16,8,4096,40960,524288.0
qasmbench_18ffaae6478e1b9a_0,lowered,qasmbench,arithmetic,28,True,BASIS_REWRITE,16,8,65536,655360,32768.0
qasmbench_18ffaae6478e1b9a_0,lowered,qasmbench,arithmetic,28,True,BASIS_REWRITE,16,8,1048576,10485760,2048.0
qasmbench_18ffaae6478e1b9a_0,lowered,qasmbench,arithmetic,28,True,BASIS_REWRITE,16,8,4194304,41943040,512.0
qasmbench_18ffaae6478e1b9a_0,lowered,qasmbench,arithmetic,28,True,BASIS_REWRITE,16,16,1,160,268435456.0
qasmbench_18ffaae6478e1b9a_0,lowered,qasmbench,arithmetic,28,True,BASIS_REWRITE,16,16,4096,40960,1048576.0
qasmbench_18ffaae6478e1b9a_0,lowered,qasmbench,arithmetic,28,True,BASIS_REWRITE,16,16,65536,655360,65536.0
qasmbench_18ffaae6478e1b9a_0,lowered,qasmbench,arithmetic,28,True,BASIS_REWRITE,16,16,1048576,10485760,4096.0
qasmbench_18ffaae6478e1b9a_0,lowered,qasmbench,arithmetic,28,True,BASIS_REWRITE,16,16,4194304,41943040,1024.0
qasmbench_18ffaae6478e1b9a_0,lowered,qasmbench,arithmetic,28,True,BASIS_THIN,16,8,1,80,268435456.0
qasmbench_18ffaae6478e1b9a_0,lowered,qasmbench,arithmetic,28,True,BASIS_THIN,16,8,4096,40960,524288.0
qasmbench_18ffaae6478e1b9a_0,lowered,qasmbench,arithmetic,28,True,BASIS_THIN,16,8,65536,655360,32768.0
qasmbench_18ffaae6478e1b9a_0,lowered,qasmbench,arithmetic,28,True,BASIS_THIN,16,8,1048576,10485760,2048.0
qasmbench_18ffaae6478e1b9a_0,lowered,qasmbench,arithmetic,28,True,BASIS_THIN,16,8,4194304,41943040,512.0
qasmbench_18ffaae6478e1b9a_0,lowered,qasmbench,arithmetic,28,True,BASIS_THIN,16,16,1,160,268435456.0
qasmbench_18ffaae6478e1b9a_0,lowered,qasmbench,arithmetic,28,True,BASIS_THIN,16,16,4096,40960,1048576.0
qasmbench_18ffaae6478e1b9a_0,lowered,qasmbench,arithmetic,28,True,BASIS_THIN,16,16,65536,655360,65536.0
qasmbench_18ffaae6478e1b9a_0,lowered,qasmbench,arithmetic,28,True,BASIS_THIN,16,16,1048576,10485760,4096.0
qasmbench_18ffaae6478e1b9a_0,lowered,qasmbench,arithmetic,28,True,BASIS_THIN,16,16,4194304,41943040,1024.0
qasmbench_18ffaae6478e1b9a_0,lowered,qasmbench,arithmetic,28,True,PRODUCT_FUSED,16,8,1,80,268435456.0
qasmbench_18ffaae6478e1b9a_0,lowered,qasmbench,arithmetic,28,True,PRODUCT_FUSED,16,8,4096,40960,524288.0
qasmbench_18ffaae6478e1b9a_0,lowered,qasmbench,arithmetic,28,True,PRODUCT_FUSED,16,8,65536,655360,32768.0
qasmbench_18ffaae6478e1b9a_0,lowered,qasmbench,arithmetic,28,True,PRODUCT_FUSED,16,8,1048576,10485760,2048.0
qasmbench_18ffaae6478e1b9a_0,lowered,qasmbench,arithmetic,28,True,PRODUCT_FUSED,16,8,4194304,41943040,512.0
qasmbench_18ffaae6478e1b9a_0,lowered,qasmbench,arithmetic,28,True,PRODUCT_FUSED,16,16,1,160,268435456.0
qasmbench_18ffaae6478e1b9a_0,lowered,qasmbench,arithmetic,28,True,PRODUCT_FUSED,16,16,4096,40960,1048576.0
qasmbench_18ffaae6478e1b9a_0,lowered,qasmbench,arithmetic,28,True,PRODUCT_FUSED,16,16,65536,655360,65536.0
qasmbench_18ffaae6478e1b9a_0,lowered,qasmbench,arithmetic,28,True,PRODUCT_FUSED,16,16,1048576,10485760,4096.0
qasmbench_18ffaae6478e1b9a_0,lowered,qasmbench,arithmetic,28,True,PRODUCT_FUSED,16,16,4194304,41943040,1024.0
qasmbench_27e77c753e2993b3_0,lowered,qasmbench,state_preparation,23,True,EAGER_FULL,16,8,1,268435456,1.0
qasmbench_27e77c753e2993b3_0,lowered,qasmbench,state_preparation,23,True,EAGER_FULL,16,8,4096,268435456,1.0
qasmbench_27e77c753e2993b3_0,lowered,qasmbench,state_preparation,23,True,EAGER_FULL,16,8,65536,268435456,1.0
qasmbench_27e77c753e2993b3_0,lowered,qasmbench,state_preparation,23,True,EAGER_FULL,16,8,1048576,268435456,1.0
qasmbench_27e77c753e2993b3_0,lowered,qasmbench,state_preparation,23,True,EAGER_FULL,16,8,4194304,268435456,1.0
qasmbench_27e77c753e2993b3_0,lowered,qasmbench,state_preparation,23,True,EAGER_FULL,16,16,1,536870912,1.0
qasmbench_27e77c753e2993b3_0,lowered,qasmbench,state_preparation,23,True,EAGER_FULL,16,16,4096,536870912,1.0
qasmbench_27e77c753e2993b3_0,lowered,qasmbench,state_preparation,23,True,EAGER_FULL,16,16,65536,536870912,1.0
qasmbench_27e77c753e2993b3_0,lowered,qasmbench,state_preparation,23,True,EAGER_FULL,16,16,1048576,536870912,1.0
qasmbench_27e77c753e2993b3_0,lowered,qasmbench,state_preparation,23,True,EAGER_FULL,16,16,4194304,536870912,1.0
qasmbench_27e77c753e2993b3_0,lowered,qasmbench,state_preparation,23,True,BASIS_REWRITE,16,8,1,269484016,0.9961090085580437
qasmbench_27e77c753e2993b3_0,lowered,qasmbench,state_preparation,23,True,BASIS_REWRITE,16,8,4096,269549568,0.9958667639192803
qasmbench_27e77c753e2993b3_0,lowered,qasmbench,state_preparation,23,True,BASIS_REWRITE,16,8,65536,271056896,0.9903288201160542
qasmbench_27e77c753e2993b3_0,lowered,qasmbench,state_preparation,23,True,BASIS_REWRITE,16,8,1048576,304087040,0.8827586206896552
qasmbench_27e77c753e2993b3_0,lowered,qasmbench,state_preparation,23,True,BASIS_REWRITE,16,8,4194304,427819008,0.6274509803921569
qasmbench_27e77c753e2993b3_0,lowered,qasmbench,state_preparation,23,True,BASIS_REWRITE,16,16,1,538968032,0.9961090085580437
qasmbench_27e77c753e2993b3_0,lowered,qasmbench,state_preparation,23,True,BASIS_REWRITE,16,16,4096,539025408,0.9960029787686743
qasmbench_27e77c753e2993b3_0,lowered,qasmbench,state_preparation,23,True,BASIS_REWRITE,16,16,65536,540409856,0.9934513703613873
qasmbench_27e77c753e2993b3_0,lowered,qasmbench,state_preparation,23,True,BASIS_REWRITE,16,16,1048576,570425344,0.9411764705882353
qasmbench_27e77c753e2993b3_0,lowered,qasmbench,state_preparation,23,True,BASIS_REWRITE,16,16,4194304,687865856,0.7804878048780488
qasmbench_27e77c753e2993b3_0,lowered,qasmbench,state_preparation,23,True,BASIS_THIN,16,8,1,269484016,0.9961090085580437
qasmbench_27e77c753e2993b3_0,lowered,qasmbench,state_preparation,23,True,BASIS_THIN,16,8,4096,269549568,0.9958667639192803
qasmbench_27e77c753e2993b3_0,lowered,qasmbench,state_preparation,23,True,BASIS_THIN,16,8,65536,271056896,0.9903288201160542
qasmbench_27e77c753e2993b3_0,lowered,qasmbench,state_preparation,23,True,BASIS_THIN,16,8,1048576,304087040,0.8827586206896552
qasmbench_27e77c753e2993b3_0,lowered,qasmbench,state_preparation,23,True,BASIS_THIN,16,8,4194304,427819008,0.6274509803921569
qasmbench_27e77c753e2993b3_0,lowered,qasmbench,state_preparation,23,True,BASIS_THIN,16,16,1,538968032,0.9961090085580437
qasmbench_27e77c753e2993b3_0,lowered,qasmbench,state_preparation,23,True,BASIS_THIN,16,16,4096,539025408,0.9960029787686743
qasmbench_27e77c753e2993b3_0,lowered,qasmbench,state_preparation,23,True,BASIS_THIN,16,16,65536,540409856,0.9934513703613873
qasmbench_27e77c753e2993b3_0,lowered,qasmbench,state_preparation,23,True,BASIS_THIN,16,16,1048576,570425344,0.9411764705882353
qasmbench_27e77c753e2993b3_0,lowered,qasmbench,state_preparation,23,True,BASIS_THIN,16,16,4194304,687865856,0.7804878048780488
qasmbench_27e77c753e2993b3_0,lowered,qasmbench,state_preparation,23,True,PRODUCT_FUSED,16,8,1,269483984,0.9961091268414675
qasmbench_27e77c753e2993b3_0,lowered,qasmbench,state_preparation,23,True,PRODUCT_FUSED,16,8,4096,269541376,0.9958970306658967
qasmbench_27e77c753e2993b3_0,lowered,qasmbench,state_preparation,23,True,PRODUCT_FUSED,16,8,65536,270925824,0.9908079342041606
qasmbench_27e77c753e2993b3_0,lowered,qasmbench,state_preparation,23,True,PRODUCT_FUSED,16,8,1048576,301989888,0.8888888888888888
qasmbench_27e77c753e2993b3_0,lowered,qasmbench,state_preparation,23,True,PRODUCT_FUSED,16,8,4194304,419430400,0.64
qasmbench_27e77c753e2993b3_0,lowered,qasmbench,state_preparation,23,True,PRODUCT_FUSED,16,16,1,538967968,0.9961091268414675
qasmbench_27e77c753e2993b3_0,lowered,qasmbench,state_preparation,23,True,PRODUCT_FUSED,16,16,4096,539017216,0.9960181160521596
qasmbench_27e77c753e2993b3_0,lowered,qasmbench,state_preparation,23,True,PRODUCT_FUSED,16,16,65536,540278784,0.9936923823386705
qasmbench_27e77c753e2993b3_0,lowered,qasmbench,state_preparation,23,True,PRODUCT_FUSED,16,16,1048576,568328192,0.9446494464944649
qasmbench_27e77c753e2993b3_0,lowered,qasmbench,state_preparation,23,True,PRODUCT_FUSED,16,16,4194304,679477248,0.7901234567901234
qasmbench_2b22f2a0a013cb91_0,lowered,qasmbench,qram,20,True,EAGER_FULL,16,8,1,50331648,1.0
qasmbench_2b22f2a0a013cb91_0,lowered,qasmbench,qram,20,True,EAGER_FULL,16,8,4096,50331648,1.0
qasmbench_2b22f2a0a013cb91_0,lowered,qasmbench,qram,20,True,EAGER_FULL,16,8,65536,50331648,1.0
qasmbench_2b22f2a0a013cb91_0,lowered,qasmbench,qram,20,True,EAGER_FULL,16,8,1048576,50331648,1.0
qasmbench_2b22f2a0a013cb91_0,lowered,qasmbench,qram,20,True,EAGER_FULL,16,8,4194304,50331648,1.0
qasmbench_2b22f2a0a013cb91_0,lowered,qasmbench,qram,20,True,EAGER_FULL,16,16,1,100663296,1.0
qasmbench_2b22f2a0a013cb91_0,lowered,qasmbench,qram,20,True,EAGER_FULL,16,16,4096,100663296,1.0
qasmbench_2b22f2a0a013cb91_0,lowered,qasmbench,qram,20,True,EAGER_FULL,16,16,65536,100663296,1.0
qasmbench_2b22f2a0a013cb91_0,lowered,qasmbench,qram,20,True,EAGER_FULL,16,16,1048576,100663296,1.0
qasmbench_2b22f2a0a013cb91_0,lowered,qasmbench,qram,20,True,EAGER_FULL,16,16,4194304,100663296,1.0
qasmbench_2b22f2a0a013cb91_0,lowered,qasmbench,qram,20,True,BASIS_REWRITE,16,8,1,48,1048576.0
qasmbench_2b22f2a0a013cb91_0,lowered,qasmbench,qram,20,True,BASIS_REWRITE,16,8,4096,24576,2048.0
qasmbench_2b22f2a0a013cb91_0,lowered,qasmbench,qram,20,True,BASIS_REWRITE,16,8,65536,393216,128.0
qasmbench_2b22f2a0a013cb91_0,lowered,qasmbench,qram,20,True,BASIS_REWRITE,16,8,1048576,6291456,8.0
qasmbench_2b22f2a0a013cb91_0,lowered,qasmbench,qram,20,True,BASIS_REWRITE,16,8,4194304,25165824,2.0
qasmbench_2b22f2a0a013cb91_0,lowered,qasmbench,qram,20,True,BASIS_REWRITE,16,16,1,96,1048576.0
qasmbench_2b22f2a0a013cb91_0,lowered,qasmbench,qram,20,True,BASIS_REWRITE,16,16,4096,24576,4096.0
qasmbench_2b22f2a0a013cb91_0,lowered,qasmbench,qram,20,True,BASIS_REWRITE,16,16,65536,393216,256.0
qasmbench_2b22f2a0a013cb91_0,lowered,qasmbench,qram,20,True,BASIS_REWRITE,16,16,1048576,6291456,16.0
qasmbench_2b22f2a0a013cb91_0,lowered,qasmbench,qram,20,True,BASIS_REWRITE,16,16,4194304,25165824,4.0
qasmbench_2b22f2a0a013cb91_0,lowered,qasmbench,qram,20,True,BASIS_THIN,16,8,1,48,1048576.0
qasmbench_2b22f2a0a013cb91_0,lowered,qasmbench,qram,20,True,BASIS_THIN,16,8,4096,24576,2048.0
qasmbench_2b22f2a0a013cb91_0,lowered,qasmbench,qram,20,True,BASIS_THIN,16,8,65536,393216,128.0
qasmbench_2b22f2a0a013cb91_0,lowered,qasmbench,qram,20,True,BASIS_THIN,16,8,1048576,6291456,8.0
qasmbench_2b22f2a0a013cb91_0,lowered,qasmbench,qram,20,True,BASIS_THIN,16,8,4194304,25165824,2.0
qasmbench_2b22f2a0a013cb91_0,lowered,qasmbench,qram,20,True,BASIS_THIN,16,16,1,96,1048576.0
qasmbench_2b22f2a0a013cb91_0,lowered,qasmbench,qram,20,True,BASIS_THIN,16,16,4096,24576,4096.0
qasmbench_2b22f2a0a013cb91_0,lowered,qasmbench,qram,20,True,BASIS_THIN,16,16,65536,393216,256.0
qasmbench_2b22f2a0a013cb91_0,lowered,qasmbench,qram,20,True,BASIS_THIN,16,16,1048576,6291456,16.0
qasmbench_2b22f2a0a013cb91_0,lowered,qasmbench,qram,20,True,BASIS_THIN,16,16,4194304,25165824,4.0
qasmbench_2b22f2a0a013cb91_0,lowered,qasmbench,qram,20,True,PRODUCT_FUSED,16,8,1,48,1048576.0
qasmbench_2b22f2a0a013cb91_0,lowered,qasmbench,qram,20,True,PRODUCT_FUSED,16,8,4096,24576,2048.0
qasmbench_2b22f2a0a013cb91_0,lowered,qasmbench,qram,20,True,PRODUCT_FUSED,16,8,65536,393216,128.0
qasmbench_2b22f2a0a013cb91_0,lowered,qasmbench,qram,20,True,PRODUCT_FUSED,16,8,1048576,6291456,8.0
qasmbench_2b22f2a0a013cb91_0,lowered,qasmbench,qram,20,True,PRODUCT_FUSED,16,8,4194304,25165824,2.0
qasmbench_2b22f2a0a013cb91_0,lowered,qasmbench,qram,20,True,PRODUCT_FUSED,16,16,1,96,1048576.0
qasmbench_2b22f2a0a013cb91_0,lowered,qasmbench,qram,20,True,PRODUCT_FUSED,16,16,4096,24576,4096.0
qasmbench_2b22f2a0a013cb91_0,lowered,qasmbench,qram,20,True,PRODUCT_FUSED,16,16,65536,393216,256.0
qasmbench_2b22f2a0a013cb91_0,lowered,qasmbench,qram,20,True,PRODUCT_FUSED,16,16,1048576,6291456,16.0
qasmbench_2b22f2a0a013cb91_0,lowered,qasmbench,qram,20,True,PRODUCT_FUSED,16,16,4194304,25165824,4.0
qasmbench_44d66b3aaca34692_0,lowered,qasmbench,unknown,25,True,EAGER_FULL,16,8,1,1610612736,1.0
qasmbench_44d66b3aaca34692_0,lowered,qasmbench,unknown,25,True,EAGER_FULL,16,8,4096,1610612736,1.0
qasmbench_44d66b3aaca34692_0,lowered,qasmbench,unknown,25,True,EAGER_FULL,16,8,65536,1610612736,1.0
qasmbench_44d66b3aaca34692_0,lowered,qasmbench,unknown,25,True,EAGER_FULL,16,8,1048576,1610612736,1.0
qasmbench_44d66b3aaca34692_0,lowered,qasmbench,unknown,25,True,EAGER_FULL,16,8,4194304,1610612736,1.0
qasmbench_44d66b3aaca34692_0,lowered,qasmbench,unknown,25,True,EAGER_FULL,16,16,1,3221225472,1.0
qasmbench_44d66b3aaca34692_0,lowered,qasmbench,unknown,25,True,EAGER_FULL,16,16,4096,3221225472,1.0
qasmbench_44d66b3aaca34692_0,lowered,qasmbench,unknown,25,True,EAGER_FULL,16,16,65536,3221225472,1.0
qasmbench_44d66b3aaca34692_0,lowered,qasmbench,unknown,25,True,EAGER_FULL,16,16,1048576,3221225472,1.0
qasmbench_44d66b3aaca34692_0,lowered,qasmbench,unknown,25,True,EAGER_FULL,16,16,4194304,3221225472,1.0
qasmbench_44d66b3aaca34692_0,lowered,qasmbench,unknown,25,True,BASIS_REWRITE,16,8,1,1209008112,1.332176947378497
qasmbench_44d66b3aaca34692_0,lowered,qasmbench,unknown,25,True,BASIS_REWRITE,16,8,4096,1209073664,1.332104721123096
qasmbench_44d66b3aaca34692_0,lowered,qasmbench,unknown,25,True,BASIS_REWRITE,16,8,65536,1210580992,1.3304460805543525
qasmbench_44d66b3aaca34692_0,lowered,qasmbench,unknown,25,True,BASIS_REWRITE,16,8,1048576,1243611136,1.2951096121416525
qasmbench_44d66b3aaca34692_0,lowered,qasmbench,unknown,25,True,BASIS_REWRITE,16,8,4194304,1367343104,1.177914110429448
qasmbench_44d66b3aaca34692_0,lowered,qasmbench,unknown,25,True,BASIS_REWRITE,16,16,1,2418016224,1.332176947378497
qasmbench_44d66b3aaca34692_0,lowered,qasmbench,unknown,25,True,BASIS_REWRITE,16,16,4096,2418073600,1.3321453375116457
qasmbench_44d66b3aaca34692_0,lowered,qasmbench,unknown,25,True,BASIS_REWRITE,16,16,65536,2419458048,1.331383065171461
qasmbench_44d66b3aaca34692_0,lowered,qasmbench,unknown,25,True,BASIS_REWRITE,16,16,1048576,2449473536,1.3150684931506849
qasmbench_44d66b3aaca34692_0,lowered,qasmbench,unknown,25,True,BASIS_REWRITE,16,16,4194304,2566914048,1.2549019607843137
qasmbench_44d66b3aaca34692_0,lowered,qasmbench,unknown,25,True,BASIS_THIN,16,8,1,1209008112,1.332176947378497
qasmbench_44d66b3aaca34692_0,lowered,qasmbench,unknown,25,True,BASIS_THIN,16,8,4096,1209073664,1.332104721123096
qasmbench_44d66b3aaca34692_0,lowered,qasmbench,unknown,25,True,BASIS_THIN,16,8,65536,1210580992,1.3304460805543525
qasmbench_44d66b3aaca34692_0,lowered,qasmbench,unknown,25,True,BASIS_THIN,16,8,1048576,1243611136,1.2951096121416525
qasmbench_44d66b3aaca34692_0,lowered,qasmbench,unknown,25,True,BASIS_THIN,16,8,4194304,1367343104,1.177914110429448
qasmbench_44d66b3aaca34692_0,lowered,qasmbench,unknown,25,True,BASIS_THIN,16,16,1,2418016224,1.332176947378497
qasmbench_44d66b3aaca34692_0,lowered,qasmbench,unknown,25,True,BASIS_THIN,16,16,4096,2418073600,1.3321453375116457
qasmbench_44d66b3aaca34692_0,lowered,qasmbench,unknown,25,True,BASIS_THIN,16,16,65536,2419458048,1.331383065171461
qasmbench_44d66b3aaca34692_0,lowered,qasmbench,unknown,25,True,BASIS_THIN,16,16,1048576,2449473536,1.3150684931506849
qasmbench_44d66b3aaca34692_0,lowered,qasmbench,unknown,25,True,BASIS_THIN,16,16,4194304,2566914048,1.2549019607843137
qasmbench_44d66b3aaca34692_0,lowered,qasmbench,unknown,25,True,PRODUCT_FUSED,16,8,1,749384336,2.149247934106805
qasmbench_44d66b3aaca34692_0,lowered,qasmbench,unknown,25,True,PRODUCT_FUSED,16,8,4096,749420544,2.1491440939201154
qasmbench_44d66b3aaca34692_0,lowered,qasmbench,unknown,25,True,PRODUCT_FUSED,16,8,65536,750256128,2.146750524109015
qasmbench_44d66b3aaca34692_0,lowered,qasmbench,unknown,25,True,PRODUCT_FUSED,16,8,1048576,767557632,2.098360655737705
qasmbench_44d66b3aaca34692_0,lowered,qasmbench,unknown,25,True,PRODUCT_FUSED,16,8,4194304,830472192,1.9393939393939394
qasmbench_44d66b3aaca34692_0,lowered,qasmbench,unknown,25,True,PRODUCT_FUSED,16,16,1,1498768672,2.149247934106805
qasmbench_44d66b3aaca34692_0,lowered,qasmbench,unknown,25,True,PRODUCT_FUSED,16,16,4096,1498800128,2.149202826862849
qasmbench_44d66b3aaca34692_0,lowered,qasmbench,unknown,25,True,PRODUCT_FUSED,16,16,65536,1499594752,2.1480639804212918
qasmbench_44d66b3aaca34692_0,lowered,qasmbench,unknown,25,True,PRODUCT_FUSED,16,16,1048576,1516240896,2.12448132780083
qasmbench_44d66b3aaca34692_0,lowered,qasmbench,unknown,25,True,PRODUCT_FUSED,16,16,4194304,1577058304,2.0425531914893615
qasmbench_45093e91e2bd96bf_0,lowered,qasmbench,random,32,True,EAGER_FULL,16,8,1,2542620639232,1.0
qasmbench_45093e91e2bd96bf_0,lowered,qasmbench,random,32,True,EAGER_FULL,16,8,4096,2542620639232,1.0
qasmbench_45093e91e2bd96bf_0,lowered,qasmbench,random,32,True,EAGER_FULL,16,8,65536,2542620639232,1.0
qasmbench_45093e91e2bd96bf_0,lowered,qasmbench,random,32,True,EAGER_FULL,16,8,1048576,2542620639232,1.0
qasmbench_45093e91e2bd96bf_0,lowered,qasmbench,random,32,True,EAGER_FULL,16,8,4194304,2542620639232,1.0
qasmbench_45093e91e2bd96bf_0,lowered,qasmbench,random,32,True,EAGER_FULL,16,16,1,5085241278464,1.0
qasmbench_45093e91e2bd96bf_0,lowered,qasmbench,random,32,True,EAGER_FULL,16,16,4096,5085241278464,1.0
qasmbench_45093e91e2bd96bf_0,lowered,qasmbench,random,32,True,EAGER_FULL,16,16,65536,5085241278464,1.0
qasmbench_45093e91e2bd96bf_0,lowered,qasmbench,random,32,True,EAGER_FULL,16,16,1048576,5085241278464,1.0
qasmbench_45093e91e2bd96bf_0,lowered,qasmbench,random,32,True,EAGER_FULL,16,16,4194304,5085241278464,1.0
qasmbench_45093e91e2bd96bf_0,lowered,qasmbench,random,32,True,BASIS_REWRITE,16,8,1,2328410193904,1.0919985859402366
qasmbench_45093e91e2bd96bf_0,lowered,qasmbench,random,32,True,BASIS_REWRITE,16,8,4096,2328410259456,1.0919985551970757
qasmbench_45093e91e2bd96bf_0,lowered,qasmbench,random,32,True,BASIS_REWRITE,16,8,65536,2328411766784,1.0919978482774397
qasmbench_45093e91e2bd96bf_0,lowered,qasmbench,random,32,True,BASIS_REWRITE,16,8,1048576,2328444796928,1.0919823577464967
qasmbench_45093e91e2bd96bf_0,lowered,qasmbench,random,32,True,BASIS_REWRITE,16,8,4194304,2328568528896,1.0919243336323388
qasmbench_45093e91e2bd96bf_0,lowered,qasmbench,random,32,True,BASIS_REWRITE,16,16,1,4656820387808,1.0919985859402366
qasmbench_45093e91e2bd96bf_0,lowered,qasmbench,random,32,True,BASIS_REWRITE,16,16,4096,4656820445184,1.0919985724858825
qasmbench_45093e91e2bd96bf_0,lowered,qasmbench,random,32,True,BASIS_REWRITE,16,16,65536,4656821829632,1.0919982478405998
qasmbench_45093e91e2bd96bf_0,lowered,qasmbench,random,32,True,BASIS_REWRITE,16,16,1048576,4656851845120,1.0919912094246496
qasmbench_45093e91e2bd96bf_0,lowered,qasmbench,random,32,True,BASIS_REWRITE,16,16,4194304,4656969285632,1.0919636713416458
qasmbench_45093e91e2bd96bf_0,lowered,qasmbench,random,32,True,BASIS_THIN,16,8,1,2328410193904,1.0919985859402366
qasmbench_45093e91e2bd96bf_0,lowered,qasmbench,random,32,True,BASIS_THIN,16,8,4096,2328410259456,1.0919985551970757
qasmbench_45093e91e2bd96bf_0,lowered,qasmbench,random,32,True,BASIS_THIN,16,8,65536,2328411766784,1.0919978482774397
qasmbench_45093e91e2bd96bf_0,lowered,qasmbench,random,32,True,BASIS_THIN,16,8,1048576,2328444796928,1.0919823577464967
qasmbench_45093e91e2bd96bf_0,lowered,qasmbench,random,32,True,BASIS_THIN,16,8,4194304,2328568528896,1.0919243336323388
qasmbench_45093e91e2bd96bf_0,lowered,qasmbench,random,32,True,BASIS_THIN,16,16,1,4656820387808,1.0919985859402366
qasmbench_45093e91e2bd96bf_0,lowered,qasmbench,random,32,True,BASIS_THIN,16,16,4096,4656820445184,1.0919985724858825
qasmbench_45093e91e2bd96bf_0,lowered,qasmbench,random,32,True,BASIS_THIN,16,16,65536,4656821829632,1.0919982478405998
qasmbench_45093e91e2bd96bf_0,lowered,qasmbench,random,32,True,BASIS_THIN,16,16,1048576,4656851845120,1.0919912094246496
qasmbench_45093e91e2bd96bf_0,lowered,qasmbench,random,32,True,BASIS_THIN,16,16,4194304,4656969285632,1.0919636713416458
qasmbench_45093e91e2bd96bf_0,lowered,qasmbench,random,32,True,PRODUCT_FUSED,16,8,1,2243674068560,1.1332397494186244
qasmbench_45093e91e2bd96bf_0,lowered,qasmbench,random,32,True,PRODUCT_FUSED,16,8,4096,2243674112000,1.1332397274778558
qasmbench_45093e91e2bd96bf_0,lowered,qasmbench,random,32,True,PRODUCT_FUSED,16,8,65536,2243675029504,1.1332392640631592
qasmbench_45093e91e2bd96bf_0,lowered,qasmbench,random,32,True,PRODUCT_FUSED,16,8,1048576,2243694690304,1.1332293338393105
qasmbench_45093e91e2bd96bf_0,lowered,qasmbench,random,32,True,PRODUCT_FUSED,16,8,4194304,2243768090624,1.1331922625412183
qasmbench_45093e91e2bd96bf_0,lowered,qasmbench,random,32,True,PRODUCT_FUSED,16,16,1,4487348137120,1.1332397494186244
qasmbench_45093e91e2bd96bf_0,lowered,qasmbench,random,32,True,PRODUCT_FUSED,16,16,4096,4487348174848,1.1332397398907545
qasmbench_45093e91e2bd96bf_0,lowered,qasmbench,random,32,True,PRODUCT_FUSED,16,16,65536,4487349010432,1.133239528871511
qasmbench_45093e91e2bd96bf_0,lowered,qasmbench,random,32,True,PRODUCT_FUSED,16,16,1048576,4487366311936,1.1332351595495347
qasmbench_45093e91e2bd96bf_0,lowered,qasmbench,random,32,True,PRODUCT_FUSED,16,16,4194304,4487435517952,1.1332176825985523
qasmbench_45649f6f4af12870_0,lowered,qasmbench,swap_test,25,True,EAGER_FULL,16,8,1,1610612736,1.0
qasmbench_45649f6f4af12870_0,lowered,qasmbench,swap_test,25,True,EAGER_FULL,16,8,4096,1610612736,1.0
qasmbench_45649f6f4af12870_0,lowered,qasmbench,swap_test,25,True,EAGER_FULL,16,8,65536,1610612736,1.0
qasmbench_45649f6f4af12870_0,lowered,qasmbench,swap_test,25,True,EAGER_FULL,16,8,1048576,1610612736,1.0
qasmbench_45649f6f4af12870_0,lowered,qasmbench,swap_test,25,True,EAGER_FULL,16,8,4194304,1610612736,1.0
qasmbench_45649f6f4af12870_0,lowered,qasmbench,swap_test,25,True,EAGER_FULL,16,16,1,3221225472,1.0
qasmbench_45649f6f4af12870_0,lowered,qasmbench,swap_test,25,True,EAGER_FULL,16,16,4096,3221225472,1.0
qasmbench_45649f6f4af12870_0,lowered,qasmbench,swap_test,25,True,EAGER_FULL,16,16,65536,3221225472,1.0
qasmbench_45649f6f4af12870_0,lowered,qasmbench,swap_test,25,True,EAGER_FULL,16,16,1048576,3221225472,1.0
qasmbench_45649f6f4af12870_0,lowered,qasmbench,swap_test,25,True,EAGER_FULL,16,16,4194304,3221225472,1.0
qasmbench_45649f6f4af12870_0,lowered,qasmbench,swap_test,25,True,BASIS_REWRITE,16,8,1,1209008112,1.332176947378497
qasmbench_45649f6f4af12870_0,lowered,qasmbench,swap_test,25,True,BASIS_REWRITE,16,8,4096,1209073664,1.332104721123096
qasmbench_45649f6f4af12870_0,lowered,qasmbench,swap_test,25,True,BASIS_REWRITE,16,8,65536,1210580992,1.3304460805543525
qasmbench_45649f6f4af12870_0,lowered,qasmbench,swap_test,25,True,BASIS_REWRITE,16,8,1048576,1243611136,1.2951096121416525
qasmbench_45649f6f4af12870_0,lowered,qasmbench,swap_test,25,True,BASIS_REWRITE,16,8,4194304,1367343104,1.177914110429448
qasmbench_45649f6f4af12870_0,lowered,qasmbench,swap_test,25,True,BASIS_REWRITE,16,16,1,2418016224,1.332176947378497
qasmbench_45649f6f4af12870_0,lowered,qasmbench,swap_test,25,True,BASIS_REWRITE,16,16,4096,2418073600,1.3321453375116457
qasmbench_45649f6f4af12870_0,lowered,qasmbench,swap_test,25,True,BASIS_REWRITE,16,16,65536,2419458048,1.331383065171461
qasmbench_45649f6f4af12870_0,lowered,qasmbench,swap_test,25,True,BASIS_REWRITE,16,16,1048576,2449473536,1.3150684931506849
qasmbench_45649f6f4af12870_0,lowered,qasmbench,swap_test,25,True,BASIS_REWRITE,16,16,4194304,2566914048,1.2549019607843137
qasmbench_45649f6f4af12870_0,lowered,qasmbench,swap_test,25,True,BASIS_THIN,16,8,1,1209008112,1.332176947378497
qasmbench_45649f6f4af12870_0,lowered,qasmbench,swap_test,25,True,BASIS_THIN,16,8,4096,1209073664,1.332104721123096
qasmbench_45649f6f4af12870_0,lowered,qasmbench,swap_test,25,True,BASIS_THIN,16,8,65536,1210580992,1.3304460805543525
qasmbench_45649f6f4af12870_0,lowered,qasmbench,swap_test,25,True,BASIS_THIN,16,8,1048576,1243611136,1.2951096121416525
qasmbench_45649f6f4af12870_0,lowered,qasmbench,swap_test,25,True,BASIS_THIN,16,8,4194304,1367343104,1.177914110429448
qasmbench_45649f6f4af12870_0,lowered,qasmbench,swap_test,25,True,BASIS_THIN,16,16,1,2418016224,1.332176947378497
qasmbench_45649f6f4af12870_0,lowered,qasmbench,swap_test,25,True,BASIS_THIN,16,16,4096,2418073600,1.3321453375116457
qasmbench_45649f6f4af12870_0,lowered,qasmbench,swap_test,25,True,BASIS_THIN,16,16,65536,2419458048,1.331383065171461
qasmbench_45649f6f4af12870_0,lowered,qasmbench,swap_test,25,True,BASIS_THIN,16,16,1048576,2449473536,1.3150684931506849
qasmbench_45649f6f4af12870_0,lowered,qasmbench,swap_test,25,True,BASIS_THIN,16,16,4194304,2566914048,1.2549019607843137
qasmbench_45649f6f4af12870_0,lowered,qasmbench,swap_test,25,True,PRODUCT_FUSED,16,8,1,749384336,2.149247934106805
qasmbench_45649f6f4af12870_0,lowered,qasmbench,swap_test,25,True,PRODUCT_FUSED,16,8,4096,749420544,2.1491440939201154
qasmbench_45649f6f4af12870_0,lowered,qasmbench,swap_test,25,True,PRODUCT_FUSED,16,8,65536,750256128,2.146750524109015
qasmbench_45649f6f4af12870_0,lowered,qasmbench,swap_test,25,True,PRODUCT_FUSED,16,8,1048576,767557632,2.098360655737705
qasmbench_45649f6f4af12870_0,lowered,qasmbench,swap_test,25,True,PRODUCT_FUSED,16,8,4194304,830472192,1.9393939393939394
qasmbench_45649f6f4af12870_0,lowered,qasmbench,swap_test,25,True,PRODUCT_FUSED,16,16,1,1498768672,2.149247934106805
qasmbench_45649f6f4af12870_0,lowered,qasmbench,swap_test,25,True,PRODUCT_FUSED,16,16,4096,1498800128,2.149202826862849
qasmbench_45649f6f4af12870_0,lowered,qasmbench,swap_test,25,True,PRODUCT_FUSED,16,16,65536,1499594752,2.1480639804212918
qasmbench_45649f6f4af12870_0,lowered,qasmbench,swap_test,25,True,PRODUCT_FUSED,16,16,1048576,1516240896,2.12448132780083
qasmbench_45649f6f4af12870_0,lowered,qasmbench,swap_test,25,True,PRODUCT_FUSED,16,16,4194304,1577058304,2.0425531914893615
qasmbench_4b4358666bd1091c_0,lowered,qasmbench,unknown,39,True,EAGER_FULL,16,8,1,43980465111040,1.0
qasmbench_4b4358666bd1091c_0,lowered,qasmbench,unknown,39,True,EAGER_FULL,16,8,4096,43980465111040,1.0
qasmbench_4b4358666bd1091c_0,lowered,qasmbench,unknown,39,True,EAGER_FULL,16,8,65536,43980465111040,1.0
qasmbench_4b4358666bd1091c_0,lowered,qasmbench,unknown,39,True,EAGER_FULL,16,8,1048576,43980465111040,1.0
qasmbench_4b4358666bd1091c_0,lowered,qasmbench,unknown,39,True,EAGER_FULL,16,8,4194304,43980465111040,1.0
qasmbench_4b4358666bd1091c_0,lowered,qasmbench,unknown,39,True,EAGER_FULL,16,16,1,87960930222080,1.0
qasmbench_4b4358666bd1091c_0,lowered,qasmbench,unknown,39,True,EAGER_FULL,16,16,4096,87960930222080,1.0
qasmbench_4b4358666bd1091c_0,lowered,qasmbench,unknown,39,True,EAGER_FULL,16,16,65536,87960930222080,1.0
qasmbench_4b4358666bd1091c_0,lowered,qasmbench,unknown,39,True,EAGER_FULL,16,16,1048576,87960930222080,1.0
qasmbench_4b4358666bd1091c_0,lowered,qasmbench,unknown,39,True,EAGER_FULL,16,16,4194304,87960930222080,1.0
qasmbench_4b4358666bd1091c_0,lowered,qasmbench,unknown,39,True,BASIS_REWRITE,16,8,1,22060026822640,1.9936723316176233
qasmbench_4b4358666bd1091c_0,lowered,qasmbench,unknown,39,True,BASIS_REWRITE,16,8,4096,22060026888192,1.993672325693369
qasmbench_4b4358666bd1091c_0,lowered,qasmbench,unknown,39,True,BASIS_REWRITE,16,8,65536,22060028395520,1.9936721894687883
qasmbench_4b4358666bd1091c_0,lowered,qasmbench,unknown,39,True,BASIS_REWRITE,16,8,1048576,22060061425664,1.9936692043783013
qasmbench_4b4358666bd1091c_0,lowered,qasmbench,unknown,39,True,BASIS_REWRITE,16,8,4194304,22060185157632,1.9936580222140339
qasmbench_4b4358666bd1091c_0,lowered,qasmbench,unknown,39,True,BASIS_REWRITE,16,16,1,44120053645280,1.9936723316176233
qasmbench_4b4358666bd1091c_0,lowered,qasmbench,unknown,39,True,BASIS_REWRITE,16,16,4096,44120053702656,1.9936723290249487
qasmbench_4b4358666bd1091c_0,lowered,qasmbench,unknown,39,True,BASIS_REWRITE,16,16,65536,44120055087104,1.9936722664652882
qasmbench_4b4358666bd1091c_0,lowered,qasmbench,unknown,39,True,BASIS_REWRITE,16,16,1048576,44120085102592,1.9936709101431993
qasmbench_4b4358666bd1091c_0,lowered,qasmbench,unknown,39,True,BASIS_REWRITE,16,16,4194304,44120202543104,1.9936656033286573
qasmbench_4b4358666bd1091c_0,lowered,qasmbench,unknown,39,True,BASIS_THIN,16,8,1,22060026822640,1.9936723316176233
qasmbench_4b4358666bd1091c_0,lowered,qasmbench,unknown,39,True,BASIS_THIN,16,8,4096,22060026888192,1.993672325693369
qasmbench_4b4358666bd1091c_0,lowered,qasmbench,unknown,39,True,BASIS_THIN,16,8,65536,22060028395520,1.9936721894687883
qasmbench_4b4358666bd1091c_0,lowered,qasmbench,unknown,39,True,BASIS_THIN,16,8,1048576,22060061425664,1.9936692043783013
qasmbench_4b4358666bd1091c_0,lowered,qasmbench,unknown,39,True,BASIS_THIN,16,8,4194304,22060185157632,1.9936580222140339
qasmbench_4b4358666bd1091c_0,lowered,qasmbench,unknown,39,True,BASIS_THIN,16,16,1,44120053645280,1.9936723316176233
qasmbench_4b4358666bd1091c_0,lowered,qasmbench,unknown,39,True,BASIS_THIN,16,16,4096,44120053702656,1.9936723290249487
qasmbench_4b4358666bd1091c_0,lowered,qasmbench,unknown,39,True,BASIS_THIN,16,16,65536,44120055087104,1.9936722664652882
qasmbench_4b4358666bd1091c_0,lowered,qasmbench,unknown,39,True,BASIS_THIN,16,16,1048576,44120085102592,1.9936709101431993
qasmbench_4b4358666bd1091c_0,lowered,qasmbench,unknown,39,True,BASIS_THIN,16,16,4194304,44120202543104,1.9936656033286573
qasmbench_4b4358666bd1091c_0,lowered,qasmbench,unknown,39,True,PRODUCT_FUSED,16,8,1,22060009521104,1.9936738952431323
qasmbench_4b4358666bd1091c_0,lowered,qasmbench,unknown,39,True,PRODUCT_FUSED,16,8,4096,22060009578496,1.9936738900563291
qasmbench_4b4358666bd1091c_0,lowered,qasmbench,unknown,39,True,PRODUCT_FUSED,16,8,65536,22060010962944,1.993673764936816
qasmbench_4b4358666bd1091c_0,lowered,qasmbench,unknown,39,True,PRODUCT_FUSED,16,8,1048576,22060042551296,1.9936709101431993
qasmbench_4b4358666bd1091c_0,lowered,qasmbench,unknown,39,True,PRODUCT_FUSED,16,8,4194304,22060159991808,1.993660296542367
qasmbench_4b4358666bd1091c_0,lowered,qasmbench,unknown,39,True,PRODUCT_FUSED,16,16,1,44120019042208,1.9936738952431323
qasmbench_4b4358666bd1091c_0,lowered,qasmbench,unknown,39,True,PRODUCT_FUSED,16,16,4096,44120019091456,1.9936738930177378
qasmbench_4b4358666bd1091c_0,lowered,qasmbench,unknown,39,True,PRODUCT_FUSED,16,16,65536,44120020353024,1.9936738360106203
qasmbench_4b4358666bd1091c_0,lowered,qasmbench,unknown,39,True,PRODUCT_FUSED,16,16,1048576,44120049451008,1.9936725211460609
qasmbench_4b4358666bd1091c_0,lowered,qasmbench,unknown,39,True,PRODUCT_FUSED,16,16,4194304,44120160600064,1.993667498616322
qasmbench_50a5f79da7cbb387_0,lowered,qasmbench,quantum_ml,33,True,EAGER_FULL,16,8,1,549755813888,1.0
qasmbench_50a5f79da7cbb387_0,lowered,qasmbench,quantum_ml,33,True,EAGER_FULL,16,8,4096,549755813888,1.0
qasmbench_50a5f79da7cbb387_0,lowered,qasmbench,quantum_ml,33,True,EAGER_FULL,16,8,65536,549755813888,1.0
qasmbench_50a5f79da7cbb387_0,lowered,qasmbench,quantum_ml,33,True,EAGER_FULL,16,8,1048576,549755813888,1.0
qasmbench_50a5f79da7cbb387_0,lowered,qasmbench,quantum_ml,33,True,EAGER_FULL,16,8,4194304,549755813888,1.0
qasmbench_50a5f79da7cbb387_0,lowered,qasmbench,quantum_ml,33,True,EAGER_FULL,16,16,1,1099511627776,1.0
qasmbench_50a5f79da7cbb387_0,lowered,qasmbench,quantum_ml,33,True,EAGER_FULL,16,16,4096,1099511627776,1.0
qasmbench_50a5f79da7cbb387_0,lowered,qasmbench,quantum_ml,33,True,EAGER_FULL,16,16,65536,1099511627776,1.0
qasmbench_50a5f79da7cbb387_0,lowered,qasmbench,quantum_ml,33,True,EAGER_FULL,16,16,1048576,1099511627776,1.0
qasmbench_50a5f79da7cbb387_0,lowered,qasmbench,quantum_ml,33,True,EAGER_FULL,16,16,4194304,1099511627776,1.0
qasmbench_50a5f79da7cbb387_0,lowered,qasmbench,quantum_ml,33,True,BASIS_REWRITE,16,8,1,292193042416,1.8814815347495635
qasmbench_50a5f79da7cbb387_0,lowered,qasmbench,quantum_ml,33,True,BASIS_REWRITE,16,8,4096,292193107968,1.881481112648993
qasmbench_50a5f79da7cbb387_0,lowered,qasmbench,quantum_ml,33,True,BASIS_REWRITE,16,8,65536,292194615296,1.8814714067577338
qasmbench_50a5f79da7cbb387_0,lowered,qasmbench,quantum_ml,33,True,BASIS_REWRITE,16,8,1048576,292227645440,1.8812587462772257
qasmbench_50a5f79da7cbb387_0,lowered,qasmbench,quantum_ml,33,True,BASIS_REWRITE,16,8,4194304,292351377408,1.8804625405296835
qasmbench_50a5f79da7cbb387_0,lowered,qasmbench,quantum_ml,33,True,BASIS_REWRITE,16,16,1,584386084832,1.8814815347495635
qasmbench_50a5f79da7cbb387_0,lowered,qasmbench,quantum_ml,33,True,BASIS_REWRITE,16,16,4096,584386142208,1.8814813500225882
qasmbench_50a5f79da7cbb387_0,lowered,qasmbench,quantum_ml,33,True,BASIS_REWRITE,16,16,65536,584387526656,1.8814768926839673
qasmbench_50a5f79da7cbb387_0,lowered,qasmbench,quantum_ml,33,True,BASIS_REWRITE,16,16,1048576,584417542144,1.8813802606648677
qasmbench_50a5f79da7cbb387_0,lowered,qasmbench,quantum_ml,33,True,BASIS_REWRITE,16,16,4194304,584534982656,1.8810022674435292
qasmbench_50a5f79da7cbb387_0,lowered,qasmbench,quantum_ml,33,True,BASIS_THIN,16,8,1,292193042416,1.8814815347495635
qasmbench_50a5f79da7cbb387_0,lowered,qasmbench,quantum_ml,33,True,BASIS_THIN,16,8,4096,292193107968,1.881481112648993
qasmbench_50a5f79da7cbb387_0,lowered,qasmbench,quantum_ml,33,True,BASIS_THIN,16,8,65536,292194615296,1.8814714067577338
qasmbench_50a5f79da7cbb387_0,lowered,qasmbench,quantum_ml,33,True,BASIS_THIN,16,8,1048576,292227645440,1.8812587462772257
qasmbench_50a5f79da7cbb387_0,lowered,qasmbench,quantum_ml,33,True,BASIS_THIN,16,8,4194304,292351377408,1.8804625405296835
qasmbench_50a5f79da7cbb387_0,lowered,qasmbench,quantum_ml,33,True,BASIS_THIN,16,16,1,584386084832,1.8814815347495635
qasmbench_50a5f79da7cbb387_0,lowered,qasmbench,quantum_ml,33,True,BASIS_THIN,16,16,4096,584386142208,1.8814813500225882
qasmbench_50a5f79da7cbb387_0,lowered,qasmbench,quantum_ml,33,True,BASIS_THIN,16,16,65536,584387526656,1.8814768926839673
qasmbench_50a5f79da7cbb387_0,lowered,qasmbench,quantum_ml,33,True,BASIS_THIN,16,16,1048576,584417542144,1.8813802606648677
qasmbench_50a5f79da7cbb387_0,lowered,qasmbench,quantum_ml,33,True,BASIS_THIN,16,16,4194304,584534982656,1.8810022674435292
qasmbench_50a5f79da7cbb387_0,lowered,qasmbench,quantum_ml,33,True,PRODUCT_FUSED,16,8,1,292190420944,1.8814984150125986
qasmbench_50a5f79da7cbb387_0,lowered,qasmbench,quantum_ml,33,True,PRODUCT_FUSED,16,8,4096,292190478336,1.881498045449026
qasmbench_50a5f79da7cbb387_0,lowered,qasmbench,quantum_ml,33,True,PRODUCT_FUSED,16,8,65536,292191862784,1.8814891306346941
qasmbench_50a5f79da7cbb387_0,lowered,qasmbench,quantum_ml,33,True,PRODUCT_FUSED,16,8,1048576,292223451136,1.8812857481179535
qasmbench_50a5f79da7cbb387_0,lowered,qasmbench,quantum_ml,33,True,PRODUCT_FUSED,16,8,4194304,292334600192,1.8805704611323137
qasmbench_50a5f79da7cbb387_0,lowered,qasmbench,quantum_ml,33,True,PRODUCT_FUSED,16,16,1,584380841888,1.8814984150125986
qasmbench_50a5f79da7cbb387_0,lowered,qasmbench,quantum_ml,33,True,PRODUCT_FUSED,16,16,4096,584380891136,1.881498256451572
qasmbench_50a5f79da7cbb387_0,lowered,qasmbench,quantum_ml,33,True,PRODUCT_FUSED,16,16,65536,584382152704,1.8814941946608734
qasmbench_50a5f79da7cbb387_0,lowered,qasmbench,quantum_ml,33,True,PRODUCT_FUSED,16,16,1048576,584411250688,1.8814005145889927
qasmbench_50a5f79da7cbb387_0,lowered,qasmbench,quantum_ml,33,True,PRODUCT_FUSED,16,16,4194304,584518205440,1.8810562571756602
qasmbench_7f5af7d17ec13348_0,lowered,qasmbench,unknown,31,True,EAGER_FULL,16,8,1,137438953472,1.0
qasmbench_7f5af7d17ec13348_0,lowered,qasmbench,unknown,31,True,EAGER_FULL,16,8,4096,137438953472,1.0
qasmbench_7f5af7d17ec13348_0,lowered,qasmbench,unknown,31,True,EAGER_FULL,16,8,65536,137438953472,1.0
qasmbench_7f5af7d17ec13348_0,lowered,qasmbench,unknown,31,True,EAGER_FULL,16,8,1048576,137438953472,1.0
qasmbench_7f5af7d17ec13348_0,lowered,qasmbench,unknown,31,True,EAGER_FULL,16,8,4194304,137438953472,1.0
qasmbench_7f5af7d17ec13348_0,lowered,qasmbench,unknown,31,True,EAGER_FULL,16,16,1,274877906944,1.0
qasmbench_7f5af7d17ec13348_0,lowered,qasmbench,unknown,31,True,EAGER_FULL,16,16,4096,274877906944,1.0
qasmbench_7f5af7d17ec13348_0,lowered,qasmbench,unknown,31,True,EAGER_FULL,16,16,65536,274877906944,1.0
qasmbench_7f5af7d17ec13348_0,lowered,qasmbench,unknown,31,True,EAGER_FULL,16,16,1048576,274877906944,1.0
qasmbench_7f5af7d17ec13348_0,lowered,qasmbench,unknown,31,True,EAGER_FULL,16,16,4194304,274877906944,1.0
qasmbench_7f5af7d17ec13348_0,lowered,qasmbench,unknown,31,True,BASIS_REWRITE,16,8,1,86168829936,1.594996167106827
qasmbench_7f5af7d17ec13348_0,lowered,qasmbench,unknown,31,True,BASIS_REWRITE,16,8,4096,86168895488,1.5949949537317667
qasmbench_7f5af7d17ec13348_0,lowered,qasmbench,unknown,31,True,BASIS_REWRITE,16,8,65536,86170402816,1.594967053426383
qasmbench_7f5af7d17ec13348_0,lowered,qasmbench,unknown,31,True,BASIS_REWRITE,16,8,1048576,86203432960,1.5943559177715607
qasmbench_7f5af7d17ec13348_0,lowered,qasmbench,unknown,31,True,BASIS_REWRITE,16,8,4194304,86327164928,1.5920707414245456
qasmbench_7f5af7d17ec13348_0,lowered,qasmbench,unknown,31,True,BASIS_REWRITE,16,16,1,172337659872,1.594996167106827
qasmbench_7f5af7d17ec13348_0,lowered,qasmbench,unknown,31,True,BASIS_REWRITE,16,16,4096,172337717248,1.5949956360884199
qasmbench_7f5af7d17ec13348_0,lowered,qasmbench,unknown,31,True,BASIS_REWRITE,16,16,65536,172339101696,1.5949828230442722
qasmbench_7f5af7d17ec13348_0,lowered,qasmbench,unknown,31,True,BASIS_REWRITE,16,16,1048576,172369117184,1.5947050807864513
qasmbench_7f5af7d17ec13348_0,lowered,qasmbench,unknown,31,True,BASIS_REWRITE,16,16,4194304,172486557696,1.5936192977336836
qasmbench_7f5af7d17ec13348_0,lowered,qasmbench,unknown,31,True,BASIS_THIN,16,8,1,86168829936,1.594996167106827
qasmbench_7f5af7d17ec13348_0,lowered,qasmbench,unknown,31,True,BASIS_THIN,16,8,4096,86168895488,1.5949949537317667
qasmbench_7f5af7d17ec13348_0,lowered,qasmbench,unknown,31,True,BASIS_THIN,16,8,65536,86170402816,1.594967053426383
qasmbench_7f5af7d17ec13348_0,lowered,qasmbench,unknown,31,True,BASIS_THIN,16,8,1048576,86203432960,1.5943559177715607
qasmbench_7f5af7d17ec13348_0,lowered,qasmbench,unknown,31,True,BASIS_THIN,16,8,4194304,86327164928,1.5920707414245456
qasmbench_7f5af7d17ec13348_0,lowered,qasmbench,unknown,31,True,BASIS_THIN,16,16,1,172337659872,1.594996167106827
qasmbench_7f5af7d17ec13348_0,lowered,qasmbench,unknown,31,True,BASIS_THIN,16,16,4096,172337717248,1.5949956360884199
qasmbench_7f5af7d17ec13348_0,lowered,qasmbench,unknown,31,True,BASIS_THIN,16,16,65536,172339101696,1.5949828230442722
qasmbench_7f5af7d17ec13348_0,lowered,qasmbench,unknown,31,True,BASIS_THIN,16,16,1048576,172369117184,1.5947050807864513
qasmbench_7f5af7d17ec13348_0,lowered,qasmbench,unknown,31,True,BASIS_THIN,16,16,4194304,172486557696,1.5936192977336836
qasmbench_7f5af7d17ec13348_0,lowered,qasmbench,unknown,31,True,PRODUCT_FUSED,16,8,1,54403443360,2.5262914437701136
qasmbench_7f5af7d17ec13348_0,lowered,qasmbench,unknown,31,True,PRODUCT_FUSED,16,8,4096,54403481600,2.52628966804948
qasmbench_7f5af7d17ec13348_0,lowered,qasmbench,unknown,31,True,PRODUCT_FUSED,16,8,65536,54404317184,2.526250867319405
qasmbench_7f5af7d17ec13348_0,lowered,qasmbench,unknown,31,True,PRODUCT_FUSED,16,8,1048576,54423191552,2.5253747447111863
qasmbench_7f5af7d17ec13348_0,lowered,qasmbench,unknown,31,True,PRODUCT_FUSED,16,8,4194304,54492397568,2.522167487684729
qasmbench_7f5af7d17ec13348_0,lowered,qasmbench,unknown,31,True,PRODUCT_FUSED,16,16,1,108806886720,2.5262914437701136
qasmbench_7f5af7d17ec13348_0,lowered,qasmbench,unknown,31,True,PRODUCT_FUSED,16,16,4096,108806922240,2.526290619062731
qasmbench_7f5af7d17ec13348_0,lowered,qasmbench,unknown,31,True,PRODUCT_FUSED,16,16,65536,108807716864,2.5262721695334625
qasmbench_7f5af7d17ec13348_0,lowered,qasmbench,unknown,31,True,PRODUCT_FUSED,16,16,1048576,108825411584,2.5258614044554073
qasmbench_7f5af7d17ec13348_0,lowered,qasmbench,unknown,31,True,PRODUCT_FUSED,16,16,4194304,108892520448,2.5243047531006857
qasmbench_a7b6a6a5c8339728_0,lowered,qasmbench,state_preparation,22,True,EAGER_FULL,16,8,1,134217728,1.0
qasmbench_a7b6a6a5c8339728_0,lowered,qasmbench,state_preparation,22,True,EAGER_FULL,16,8,4096,134217728,1.0
qasmbench_a7b6a6a5c8339728_0,lowered,qasmbench,state_preparation,22,True,EAGER_FULL,16,8,65536,134217728,1.0
qasmbench_a7b6a6a5c8339728_0,lowered,qasmbench,state_preparation,22,True,EAGER_FULL,16,8,1048576,134217728,1.0
qasmbench_a7b6a6a5c8339728_0,lowered,qasmbench,state_preparation,22,True,EAGER_FULL,16,8,4194304,134217728,1.0
qasmbench_a7b6a6a5c8339728_0,lowered,qasmbench,state_preparation,22,True,EAGER_FULL,16,16,1,268435456,1.0
qasmbench_a7b6a6a5c8339728_0,lowered,qasmbench,state_preparation,22,True,EAGER_FULL,16,16,4096,268435456,1.0
qasmbench_a7b6a6a5c8339728_0,lowered,qasmbench,state_preparation,22,True,EAGER_FULL,16,16,65536,268435456,1.0
qasmbench_a7b6a6a5c8339728_0,lowered,qasmbench,state_preparation,22,True,EAGER_FULL,16,16,1048576,268435456,1.0
qasmbench_a7b6a6a5c8339728_0,lowered,qasmbench,state_preparation,22,True,EAGER_FULL,16,16,4194304,268435456,1.0
qasmbench_a7b6a6a5c8339728_0,lowered,qasmbench,state_preparation,22,True,BASIS_REWRITE,16,8,1,135266288,0.9922481793837649
qasmbench_a7b6a6a5c8339728_0,lowered,qasmbench,state_preparation,22,True,BASIS_REWRITE,16,8,4096,135331840,0.9917675544794189
qasmbench_a7b6a6a5c8339728_0,lowered,qasmbench,state_preparation,22,True,BASIS_REWRITE,16,8,65536,136839168,0.9808429118773946
qasmbench_a7b6a6a5c8339728_0,lowered,qasmbench,state_preparation,22,True,BASIS_REWRITE,16,8,1048576,169869312,0.7901234567901234
qasmbench_a7b6a6a5c8339728_0,lowered,qasmbench,state_preparation,22,True,BASIS_REWRITE,16,8,4194304,293601280,0.45714285714285713
qasmbench_a7b6a6a5c8339728_0,lowered,qasmbench,state_preparation,22,True,BASIS_REWRITE,16,16,1,270532576,0.9922481793837649
qasmbench_a7b6a6a5c8339728_0,lowered,qasmbench,state_preparation,22,True,BASIS_REWRITE,16,16,4096,270589952,0.9920377826889891
qasmbench_a7b6a6a5c8339728_0,lowered,qasmbench,state_preparation,22,True,BASIS_REWRITE,16,16,65536,271974400,0.9869879518072289
qasmbench_a7b6a6a5c8339728_0,lowered,qasmbench,state_preparation,22,True,BASIS_REWRITE,16,16,1048576,301989888,0.8888888888888888
qasmbench_a7b6a6a5c8339728_0,lowered,qasmbench,state_preparation,22,True,BASIS_REWRITE,16,16,4194304,419430400,0.64
qasmbench_a7b6a6a5c8339728_0,lowered,qasmbench,state_preparation,22,True,BASIS_THIN,16,8,1,135266288,0.9922481793837649
qasmbench_a7b6a6a5c8339728_0,lowered,qasmbench,state_preparation,22,True,BASIS_THIN,16,8,4096,135331840,0.9917675544794189
qasmbench_a7b6a6a5c8339728_0,lowered,qasmbench,state_preparation,22,True,BASIS_THIN,16,8,65536,136839168,0.9808429118773946
qasmbench_a7b6a6a5c8339728_0,lowered,qasmbench,state_preparation,22,True,BASIS_THIN,16,8,1048576,169869312,0.7901234567901234
qasmbench_a7b6a6a5c8339728_0,lowered,qasmbench,state_preparation,22,True,BASIS_THIN,16,8,4194304,293601280,0.45714285714285713
qasmbench_a7b6a6a5c8339728_0,lowered,qasmbench,state_preparation,22,True,BASIS_THIN,16,16,1,270532576,0.9922481793837649
qasmbench_a7b6a6a5c8339728_0,lowered,qasmbench,state_preparation,22,True,BASIS_THIN,16,16,4096,270589952,0.9920377826889891
qasmbench_a7b6a6a5c8339728_0,lowered,qasmbench,state_preparation,22,True,BASIS_THIN,16,16,65536,271974400,0.9869879518072289
qasmbench_a7b6a6a5c8339728_0,lowered,qasmbench,state_preparation,22,True,BASIS_THIN,16,16,1048576,301989888,0.8888888888888888
qasmbench_a7b6a6a5c8339728_0,lowered,qasmbench,state_preparation,22,True,BASIS_THIN,16,16,4194304,419430400,0.64
qasmbench_a7b6a6a5c8339728_0,lowered,qasmbench,state_preparation,22,True,PRODUCT_FUSED,16,8,1,135266256,0.9922484141203701
qasmbench_a7b6a6a5c8339728_0,lowered,qasmbench,state_preparation,22,True,PRODUCT_FUSED,16,8,4096,135323648,0.9918275924692778
qasmbench_a7b6a6a5c8339728_0,lowered,qasmbench,state_preparation,22,True,PRODUCT_FUSED,16,8,65536,136708096,0.9817833173537871
qasmbench_a7b6a6a5c8339728_0,lowered,qasmbench,state_preparation,22,True,PRODUCT_FUSED,16,8,1048576,167772160,0.8
qasmbench_a7b6a6a5c8339728_0,lowered,qasmbench,state_preparation,22,True,PRODUCT_FUSED,16,8,4194304,285212672,0.47058823529411764
qasmbench_a7b6a6a5c8339728_0,lowered,qasmbench,state_preparation,22,True,PRODUCT_FUSED,16,16,1,270532512,0.9922484141203701
qasmbench_a7b6a6a5c8339728_0,lowered,qasmbench,state_preparation,22,True,PRODUCT_FUSED,16,16,4096,270581760,0.9920678171359371
qasmbench_a7b6a6a5c8339728_0,lowered,qasmbench,state_preparation,22,True,PRODUCT_FUSED,16,16,65536,271843328,0.9874638379942141
qasmbench_a7b6a6a5c8339728_0,lowered,qasmbench,state_preparation,22,True,PRODUCT_FUSED,16,16,1048576,299892736,0.8951048951048951
qasmbench_a7b6a6a5c8339728_0,lowered,qasmbench,state_preparation,22,True,PRODUCT_FUSED,16,16,4194304,411041792,0.6530612244897959
qasmbench_a9f50bd7aecba85c_0,lowered,qasmbench,bernstein_vazirani,30,True,EAGER_FULL,16,8,1,103079215104,1.0
qasmbench_a9f50bd7aecba85c_0,lowered,qasmbench,bernstein_vazirani,30,True,EAGER_FULL,16,8,4096,103079215104,1.0
qasmbench_a9f50bd7aecba85c_0,lowered,qasmbench,bernstein_vazirani,30,True,EAGER_FULL,16,8,65536,103079215104,1.0
qasmbench_a9f50bd7aecba85c_0,lowered,qasmbench,bernstein_vazirani,30,True,EAGER_FULL,16,8,1048576,103079215104,1.0
qasmbench_a9f50bd7aecba85c_0,lowered,qasmbench,bernstein_vazirani,30,True,EAGER_FULL,16,8,4194304,103079215104,1.0
qasmbench_a9f50bd7aecba85c_0,lowered,qasmbench,bernstein_vazirani,30,True,EAGER_FULL,16,16,1,206158430208,1.0
qasmbench_a9f50bd7aecba85c_0,lowered,qasmbench,bernstein_vazirani,30,True,EAGER_FULL,16,16,4096,206158430208,1.0
qasmbench_a9f50bd7aecba85c_0,lowered,qasmbench,bernstein_vazirani,30,True,EAGER_FULL,16,16,65536,206158430208,1.0
qasmbench_a9f50bd7aecba85c_0,lowered,qasmbench,bernstein_vazirani,30,True,EAGER_FULL,16,16,1048576,206158430208,1.0
qasmbench_a9f50bd7aecba85c_0,lowered,qasmbench,bernstein_vazirani,30,True,EAGER_FULL,16,16,4194304,206158430208,1.0
qasmbench_a9f50bd7aecba85c_0,lowered,qasmbench,bernstein_vazirani,30,True,BASIS_REWRITE,16,8,1,103080263664,0.9999898277326549
qasmbench_a9f50bd7aecba85c_0,lowered,qasmbench,bernstein_vazirani,30,True,BASIS_REWRITE,16,8,4096,103080329216,0.999989191807899
qasmbench_a9f50bd7aecba85c_0,lowered,qasmbench,bernstein_vazirani,30,True,BASIS_REWRITE,16,8,65536,103081836544,0.9999745693316312
qasmbench_a9f50bd7aecba85c_0,lowered,qasmbench,bernstein_vazirani,30,True,BASIS_REWRITE,16,8,1048576,103114866688,0.9996542536964348
qasmbench_a9f50bd7aecba85c_0,lowered,qasmbench,bernstein_vazirani,30,True,BASIS_REWRITE,16,8,4194304,103238598656,0.9984561631591777
qasmbench_a9f50bd7aecba85c_0,lowered,qasmbench,bernstein_vazirani,30,True,BASIS_REWRITE,16,16,1,206160527328,0.9999898277326549
qasmbench_a9f50bd7aecba85c_0,lowered,qasmbench,bernstein_vazirani,30,True,BASIS_REWRITE,16,16,4096,206160584704,0.999989549428165
qasmbench_a9f50bd7aecba85c_0,lowered,qasmbench,bernstein_vazirani,30,True,BASIS_REWRITE,16,16,65536,206161969152,0.9999828341569759
qasmbench_a9f50bd7aecba85c_0,lowered,qasmbench,bernstein_vazirani,30,True,BASIS_REWRITE,16,16,1048576,206191984640,0.9998372660699756
qasmbench_a9f50bd7aecba85c_0,lowered,qasmbench,bernstein_vazirani,30,True,BASIS_REWRITE,16,16,4194304,206309425152,0.9992681141741888
qasmbench_a9f50bd7aecba85c_0,lowered,qasmbench,bernstein_vazirani,30,True,BASIS_THIN,16,8,1,103080263664,0.9999898277326549
qasmbench_a9f50bd7aecba85c_0,lowered,qasmbench,bernstein_vazirani,30,True,BASIS_THIN,16,8,4096,103080329216,0.999989191807899
qasmbench_a9f50bd7aecba85c_0,lowered,qasmbench,bernstein_vazirani,30,True,BASIS_THIN,16,8,65536,103081836544,0.9999745693316312
qasmbench_a9f50bd7aecba85c_0,lowered,qasmbench,bernstein_vazirani,30,True,BASIS_THIN,16,8,1048576,103114866688,0.9996542536964348
qasmbench_a9f50bd7aecba85c_0,lowered,qasmbench,bernstein_vazirani,30,True,BASIS_THIN,16,8,4194304,103238598656,0.9984561631591777
qasmbench_a9f50bd7aecba85c_0,lowered,qasmbench,bernstein_vazirani,30,True,BASIS_THIN,16,16,1,206160527328,0.9999898277326549
qasmbench_a9f50bd7aecba85c_0,lowered,qasmbench,bernstein_vazirani,30,True,BASIS_THIN,16,16,4096,206160584704,0.999989549428165
qasmbench_a9f50bd7aecba85c_0,lowered,qasmbench,bernstein_vazirani,30,True,BASIS_THIN,16,16,65536,206161969152,0.9999828341569759
qasmbench_a9f50bd7aecba85c_0,lowered,qasmbench,bernstein_vazirani,30,True,BASIS_THIN,16,16,1048576,206191984640,0.9998372660699756
qasmbench_a9f50bd7aecba85c_0,lowered,qasmbench,bernstein_vazirani,30,True,BASIS_THIN,16,16,4194304,206309425152,0.9992681141741888
qasmbench_a9f50bd7aecba85c_0,lowered,qasmbench,bernstein_vazirani,30,True,PRODUCT_FUSED,16,8,1,96,1073741824.0
qasmbench_a9f50bd7aecba85c_0,lowered,qasmbench,bernstein_vazirani,30,True,PRODUCT_FUSED,16,8,4096,49152,2097152.0
qasmbench_a9f50bd7aecba85c_0,lowered,qasmbench,bernstein_vazirani,30,True,PRODUCT_FUSED,16,8,65536,786432,131072.0
qasmbench_a9f50bd7aecba85c_0,lowered,qasmbench,bernstein_vazirani,30,True,PRODUCT_FUSED,16,8,1048576,12582912,8192.0
qasmbench_a9f50bd7aecba85c_0,lowered,qasmbench,bernstein_vazirani,30,True,PRODUCT_FUSED,16,8,4194304,50331648,2048.0
qasmbench_a9f50bd7aecba85c_0,lowered,qasmbench,bernstein_vazirani,30,True,PRODUCT_FUSED,16,16,1,192,1073741824.0
qasmbench_a9f50bd7aecba85c_0,lowered,qasmbench,bernstein_vazirani,30,True,PRODUCT_FUSED,16,16,4096,49152,4194304.0
qasmbench_a9f50bd7aecba85c_0,lowered,qasmbench,bernstein_vazirani,30,True,PRODUCT_FUSED,16,16,65536,786432,262144.0
qasmbench_a9f50bd7aecba85c_0,lowered,qasmbench,bernstein_vazirani,30,True,PRODUCT_FUSED,16,16,1048576,12582912,16384.0
qasmbench_a9f50bd7aecba85c_0,lowered,qasmbench,bernstein_vazirani,30,True,PRODUCT_FUSED,16,16,4194304,50331648,4096.0
qasmbench_ac0dc5f6af55575a_0,lowered,qasmbench,ising,26,True,EAGER_FULL,16,8,1,2147483648,1.0
qasmbench_ac0dc5f6af55575a_0,lowered,qasmbench,ising,26,True,EAGER_FULL,16,8,4096,2147483648,1.0
qasmbench_ac0dc5f6af55575a_0,lowered,qasmbench,ising,26,True,EAGER_FULL,16,8,65536,2147483648,1.0
qasmbench_ac0dc5f6af55575a_0,lowered,qasmbench,ising,26,True,EAGER_FULL,16,8,1048576,2147483648,1.0
qasmbench_ac0dc5f6af55575a_0,lowered,qasmbench,ising,26,True,EAGER_FULL,16,8,4194304,2147483648,1.0
qasmbench_ac0dc5f6af55575a_0,lowered,qasmbench,ising,26,True,EAGER_FULL,16,16,1,4294967296,1.0
qasmbench_ac0dc5f6af55575a_0,lowered,qasmbench,ising,26,True,EAGER_FULL,16,16,4096,4294967296,1.0
qasmbench_ac0dc5f6af55575a_0,lowered,qasmbench,ising,26,True,EAGER_FULL,16,16,65536,4294967296,1.0
qasmbench_ac0dc5f6af55575a_0,lowered,qasmbench,ising,26,True,EAGER_FULL,16,16,1048576,4294967296,1.0
qasmbench_ac0dc5f6af55575a_0,lowered,qasmbench,ising,26,True,EAGER_FULL,16,16,4194304,4294967296,1.0
qasmbench_ac0dc5f6af55575a_0,lowered,qasmbench,ising,26,True,BASIS_REWRITE,16,8,1,2148532208,0.9995119644955306
qasmbench_ac0dc5f6af55575a_0,lowered,qasmbench,ising,26,True,BASIS_REWRITE,16,8,4096,2148597760,0.9994814701845356
qasmbench_ac0dc5f6af55575a_0,lowered,qasmbench,ising,26,True,BASIS_REWRITE,16,8,65536,2150105088,0.9987807851743478
qasmbench_ac0dc5f6af55575a_0,lowered,qasmbench,ising,26,True,BASIS_REWRITE,16,8,1048576,2183135232,0.983669548511047
qasmbench_ac0dc5f6af55575a_0,lowered,qasmbench,ising,26,True,BASIS_REWRITE,16,8,4194304,2306867200,0.9309090909090909
qasmbench_ac0dc5f6af55575a_0,lowered,qasmbench,ising,26,True,BASIS_REWRITE,16,16,1,4297064416,0.9995119644955306
qasmbench_ac0dc5f6af55575a_0,lowered,qasmbench,ising,26,True,BASIS_REWRITE,16,16,4096,4297121792,0.9994986188187612
qasmbench_ac0dc5f6af55575a_0,lowered,qasmbench,ising,26,True,BASIS_REWRITE,16,16,65536,4298506240,0.9991767037658179
qasmbench_ac0dc5f6af55575a_0,lowered,qasmbench,ising,26,True,BASIS_REWRITE,16,16,1048576,4328521728,0.9922480620155039
qasmbench_ac0dc5f6af55575a_0,lowered,qasmbench,ising,26,True,BASIS_REWRITE,16,16,4194304,4445962240,0.9660377358490566
qasmbench_ac0dc5f6af55575a_0,lowered,qasmbench,ising,26,True,BASIS_THIN,16,8,1,2148532208,0.9995119644955306
qasmbench_ac0dc5f6af55575a_0,lowered,qasmbench,ising,26,True,BASIS_THIN,16,8,4096,2148597760,0.9994814701845356
qasmbench_ac0dc5f6af55575a_0,lowered,qasmbench,ising,26,True,BASIS_THIN,16,8,65536,2150105088,0.9987807851743478
qasmbench_ac0dc5f6af55575a_0,lowered,qasmbench,ising,26,True,BASIS_THIN,16,8,1048576,2183135232,0.983669548511047
qasmbench_ac0dc5f6af55575a_0,lowered,qasmbench,ising,26,True,BASIS_THIN,16,8,4194304,2306867200,0.9309090909090909
qasmbench_ac0dc5f6af55575a_0,lowered,qasmbench,ising,26,True,BASIS_THIN,16,16,1,4297064416,0.9995119644955306
qasmbench_ac0dc5f6af55575a_0,lowered,qasmbench,ising,26,True,BASIS_THIN,16,16,4096,4297121792,0.9994986188187612
qasmbench_ac0dc5f6af55575a_0,lowered,qasmbench,ising,26,True,BASIS_THIN,16,16,65536,4298506240,0.9991767037658179
qasmbench_ac0dc5f6af55575a_0,lowered,qasmbench,ising,26,True,BASIS_THIN,16,16,1048576,4328521728,0.9922480620155039
qasmbench_ac0dc5f6af55575a_0,lowered,qasmbench,ising,26,True,BASIS_THIN,16,16,4194304,4445962240,0.9660377358490566
qasmbench_ac0dc5f6af55575a_0,lowered,qasmbench,ising,26,True,PRODUCT_FUSED,16,8,1,1432704336,1.4989021768410422
qasmbench_ac0dc5f6af55575a_0,lowered,qasmbench,ising,26,True,PRODUCT_FUSED,16,8,4096,1432739840,1.4988650333056976
qasmbench_ac0dc5f6af55575a_0,lowered,qasmbench,ising,26,True,PRODUCT_FUSED,16,8,65536,1433534464,1.4980341958489531
qasmbench_ac0dc5f6af55575a_0,lowered,qasmbench,ising,26,True,PRODUCT_FUSED,16,8,1048576,1451229184,1.4797687861271676
qasmbench_ac0dc5f6af55575a_0,lowered,qasmbench,ising,26,True,PRODUCT_FUSED,16,8,4194304,1518338048,1.4143646408839778
qasmbench_ac0dc5f6af55575a_0,lowered,qasmbench,ising,26,True,PRODUCT_FUSED,16,16,1,2865408672,1.4989021768410422
qasmbench_ac0dc5f6af55575a_0,lowered,qasmbench,ising,26,True,PRODUCT_FUSED,16,16,4096,2865438720,1.4988864588247066
qasmbench_ac0dc5f6af55575a_0,lowered,qasmbench,ising,26,True,PRODUCT_FUSED,16,16,65536,2866151424,1.4985137421685646
qasmbench_ac0dc5f6af55575a_0,lowered,qasmbench,ising,26,True,PRODUCT_FUSED,16,16,1048576,2881486848,1.490538573508006
qasmbench_ac0dc5f6af55575a_0,lowered,qasmbench,ising,26,True,PRODUCT_FUSED,16,16,4194304,2944401408,1.4586894586894588
qasmbench_c4367870578a74cd_0,lowered,qasmbench,ising,34,True,EAGER_FULL,16,8,1,824633720832,1.0
qasmbench_c4367870578a74cd_0,lowered,qasmbench,ising,34,True,EAGER_FULL,16,8,4096,824633720832,1.0
qasmbench_c4367870578a74cd_0,lowered,qasmbench,ising,34,True,EAGER_FULL,16,8,65536,824633720832,1.0
qasmbench_c4367870578a74cd_0,lowered,qasmbench,ising,34,True,EAGER_FULL,16,8,1048576,824633720832,1.0
qasmbench_c4367870578a74cd_0,lowered,qasmbench,ising,34,True,EAGER_FULL,16,8,4194304,824633720832,1.0
qasmbench_c4367870578a74cd_0,lowered,qasmbench,ising,34,True,EAGER_FULL,16,16,1,1649267441664,1.0
qasmbench_c4367870578a74cd_0,lowered,qasmbench,ising,34,True,EAGER_FULL,16,16,4096,1649267441664,1.0
qasmbench_c4367870578a74cd_0,lowered,qasmbench,ising,34,True,EAGER_FULL,16,16,65536,1649267441664,1.0
qasmbench_c4367870578a74cd_0,lowered,qasmbench,ising,34,True,EAGER_FULL,16,16,1048576,1649267441664,1.0
qasmbench_c4367870578a74cd_0,lowered,qasmbench,ising,34,True,EAGER_FULL,16,16,4194304,1649267441664,1.0
qasmbench_c4367870578a74cd_0,lowered,qasmbench,ising,34,True,BASIS_REWRITE,16,8,1,558346797040,1.4769203033019696
qasmbench_c4367870578a74cd_0,lowered,qasmbench,ising,34,True,BASIS_REWRITE,16,8,4096,558346862592,1.4769201299060284
qasmbench_c4367870578a74cd_0,lowered,qasmbench,ising,34,True,BASIS_REWRITE,16,8,65536,558348369920,1.4769161427840352
qasmbench_c4367870578a74cd_0,lowered,qasmbench,ising,34,True,BASIS_REWRITE,16,8,1048576,558381400064,1.4768287782105258
qasmbench_c4367870578a74cd_0,lowered,qasmbench,ising,34,True,BASIS_REWRITE,16,8,4194304,558505132032,1.4765015996034785
qasmbench_c4367870578a74cd_0,lowered,qasmbench,ising,34,True,BASIS_REWRITE,16,16,1,1116693594080,1.4769203033019696
qasmbench_c4367870578a74cd_0,lowered,qasmbench,ising,34,True,BASIS_REWRITE,16,16,4096,1116693651456,1.4769202274174338
qasmbench_c4367870578a74cd_0,lowered,qasmbench,ising,34,True,BASIS_REWRITE,16,16,65536,1116695035904,1.4769183963720818
qasmbench_c4367870578a74cd_0,lowered,qasmbench,ising,34,True,BASIS_REWRITE,16,16,1048576,1116725051392,1.4768786995583065
qasmbench_c4367870578a74cd_0,lowered,qasmbench,ising,34,True,BASIS_REWRITE,16,16,4194304,1116842491904,1.4767233997806788
qasmbench_c4367870578a74cd_0,lowered,qasmbench,ising,34,True,BASIS_THIN,16,8,1,558346797040,1.4769203033019696
qasmbench_c4367870578a74cd_0,lowered,qasmbench,ising,34,True,BASIS_THIN,16,8,4096,558346862592,1.4769201299060284
qasmbench_c4367870578a74cd_0,lowered,qasmbench,ising,34,True,BASIS_THIN,16,8,65536,558348369920,1.4769161427840352
qasmbench_c4367870578a74cd_0,lowered,qasmbench,ising,34,True,BASIS_THIN,16,8,1048576,558381400064,1.4768287782105258
qasmbench_c4367870578a74cd_0,lowered,qasmbench,ising,34,True,BASIS_THIN,16,8,4194304,558505132032,1.4765015996034785
qasmbench_c4367870578a74cd_0,lowered,qasmbench,ising,34,True,BASIS_THIN,16,16,1,1116693594080,1.4769203033019696
qasmbench_c4367870578a74cd_0,lowered,qasmbench,ising,34,True,BASIS_THIN,16,16,4096,1116693651456,1.4769202274174338
qasmbench_c4367870578a74cd_0,lowered,qasmbench,ising,34,True,BASIS_THIN,16,16,65536,1116695035904,1.4769183963720818
qasmbench_c4367870578a74cd_0,lowered,qasmbench,ising,34,True,BASIS_THIN,16,16,1048576,1116725051392,1.4768786995583065
qasmbench_c4367870578a74cd_0,lowered,qasmbench,ising,34,True,BASIS_THIN,16,16,4194304,1116842491904,1.4767233997806788
qasmbench_c4367870578a74cd_0,lowered,qasmbench,ising,34,True,PRODUCT_FUSED,16,8,1,370799891792,2.223931934949371
qasmbench_c4367870578a74cd_0,lowered,qasmbench,ising,34,True,PRODUCT_FUSED,16,8,4096,370799927296,2.2239317220084462
qasmbench_c4367870578a74cd_0,lowered,qasmbench,ising,34,True,PRODUCT_FUSED,16,8,65536,370800721920,2.223926956134444
qasmbench_c4367870578a74cd_0,lowered,qasmbench,ising,34,True,PRODUCT_FUSED,16,8,1048576,370818416640,2.2238208347472006
qasmbench_c4367870578a74cd_0,lowered,qasmbench,ising,34,True,PRODUCT_FUSED,16,8,4194304,370885525504,2.2234184515866375
qasmbench_c4367870578a74cd_0,lowered,qasmbench,ising,34,True,PRODUCT_FUSED,16,16,1,741599783584,2.223931934949371
qasmbench_c4367870578a74cd_0,lowered,qasmbench,ising,34,True,PRODUCT_FUSED,16,16,4096,741599813632,2.2239318448405205
qasmbench_c4367870578a74cd_0,lowered,qasmbench,ising,34,True,PRODUCT_FUSED,16,16,65536,741600526336,2.2239297075643654
qasmbench_c4367870578a74cd_0,lowered,qasmbench,ising,34,True,PRODUCT_FUSED,16,16,1048576,741615861760,2.2238837202726014
qasmbench_c4367870578a74cd_0,lowered,qasmbench,ising,34,True,PRODUCT_FUSED,16,16,4194304,741678776320,2.2236950743652097
qasmbench_e17668cbd88ae908_0,lowered,qasmbench,qft,29,True,EAGER_FULL,16,8,1,188978561024,1.0
qasmbench_e17668cbd88ae908_0,lowered,qasmbench,qft,29,True,EAGER_FULL,16,8,4096,188978561024,1.0
qasmbench_e17668cbd88ae908_0,lowered,qasmbench,qft,29,True,EAGER_FULL,16,8,65536,188978561024,1.0
qasmbench_e17668cbd88ae908_0,lowered,qasmbench,qft,29,True,EAGER_FULL,16,8,1048576,188978561024,1.0
qasmbench_e17668cbd88ae908_0,lowered,qasmbench,qft,29,True,EAGER_FULL,16,8,4194304,188978561024,1.0
qasmbench_e17668cbd88ae908_0,lowered,qasmbench,qft,29,True,EAGER_FULL,16,16,1,377957122048,1.0
qasmbench_e17668cbd88ae908_0,lowered,qasmbench,qft,29,True,EAGER_FULL,16,16,4096,377957122048,1.0
qasmbench_e17668cbd88ae908_0,lowered,qasmbench,qft,29,True,EAGER_FULL,16,16,65536,377957122048,1.0
qasmbench_e17668cbd88ae908_0,lowered,qasmbench,qft,29,True,EAGER_FULL,16,16,1048576,377957122048,1.0
qasmbench_e17668cbd88ae908_0,lowered,qasmbench,qft,29,True,EAGER_FULL,16,16,4194304,377957122048,1.0
qasmbench_e17668cbd88ae908_0,lowered,qasmbench,qft,29,True,BASIS_REWRITE,16,8,1,34040971248,5.551503206157874
qasmbench_e17668cbd88ae908_0,lowered,qasmbench,qft,29,True,BASIS_REWRITE,16,8,4096,34041036800,5.5514925157626225
qasmbench_e17668cbd88ae908_0,lowered,qasmbench,qft,29,True,BASIS_REWRITE,16,8,65536,34042544128,5.551246708043924
qasmbench_e17668cbd88ae908_0,lowered,qasmbench,qft,29,True,BASIS_REWRITE,16,8,1048576,34076622848,5.5456951196996735
qasmbench_e17668cbd88ae908_0,lowered,qasmbench,qft,29,True,BASIS_REWRITE,16,8,4194304,34217132032,5.522922284873744
qasmbench_e17668cbd88ae908_0,lowered,qasmbench,qft,29,True,BASIS_REWRITE,16,16,1,68081942496,5.551503206157874
qasmbench_e17668cbd88ae908_0,lowered,qasmbench,qft,29,True,BASIS_REWRITE,16,16,4096,68081999872,5.551498527637141
qasmbench_e17668cbd88ae908_0,lowered,qasmbench,qft,29,True,BASIS_REWRITE,16,16,65536,68083384320,5.551385640166719
qasmbench_e17668cbd88ae908_0,lowered,qasmbench,qft,29,True,BASIS_REWRITE,16,16,1048576,68113399808,5.5489393146340715
qasmbench_e17668cbd88ae908_0,lowered,qasmbench,qft,29,True,BASIS_REWRITE,16,16,4194304,68241326080,5.538537185003073
qasmbench_e17668cbd88ae908_0,lowered,qasmbench,qft,29,True,BASIS_THIN,16,8,1,34040971248,5.551503206157874
qasmbench_e17668cbd88ae908_0,lowered,qasmbench,qft,29,True,BASIS_THIN,16,8,4096,34041036800,5.5514925157626225
qasmbench_e17668cbd88ae908_0,lowered,qasmbench,qft,29,True,BASIS_THIN,16,8,65536,34042544128,5.551246708043924
qasmbench_e17668cbd88ae908_0,lowered,qasmbench,qft,29,True,BASIS_THIN,16,8,1048576,34076622848,5.5456951196996735
qasmbench_e17668cbd88ae908_0,lowered,qasmbench,qft,29,True,BASIS_THIN,16,8,4194304,34217132032,5.522922284873744
qasmbench_e17668cbd88ae908_0,lowered,qasmbench,qft,29,True,BASIS_THIN,16,16,1,68081942496,5.551503206157874
qasmbench_e17668cbd88ae908_0,lowered,qasmbench,qft,29,True,BASIS_THIN,16,16,4096,68081999872,5.551498527637141
qasmbench_e17668cbd88ae908_0,lowered,qasmbench,qft,29,True,BASIS_THIN,16,16,65536,68083384320,5.551385640166719
qasmbench_e17668cbd88ae908_0,lowered,qasmbench,qft,29,True,BASIS_THIN,16,16,1048576,68113399808,5.5489393146340715
qasmbench_e17668cbd88ae908_0,lowered,qasmbench,qft,29,True,BASIS_THIN,16,16,4194304,68241326080,5.538537185003073
qasmbench_e17668cbd88ae908_0,lowered,qasmbench,qft,29,True,PRODUCT_FUSED,16,8,1,352,536870912.0
qasmbench_e17668cbd88ae908_0,lowered,qasmbench,qft,29,True,PRODUCT_FUSED,16,8,4096,180224,1048576.0
qasmbench_e17668cbd88ae908_0,lowered,qasmbench,qft,29,True,PRODUCT_FUSED,16,8,65536,2883584,65536.0
qasmbench_e17668cbd88ae908_0,lowered,qasmbench,qft,29,True,PRODUCT_FUSED,16,8,1048576,46137344,4096.0
qasmbench_e17668cbd88ae908_0,lowered,qasmbench,qft,29,True,PRODUCT_FUSED,16,8,4194304,184549376,1024.0
qasmbench_e17668cbd88ae908_0,lowered,qasmbench,qft,29,True,PRODUCT_FUSED,16,16,1,704,536870912.0
qasmbench_e17668cbd88ae908_0,lowered,qasmbench,qft,29,True,PRODUCT_FUSED,16,16,4096,180224,2097152.0
qasmbench_e17668cbd88ae908_0,lowered,qasmbench,qft,29,True,PRODUCT_FUSED,16,16,65536,2883584,131072.0
qasmbench_e17668cbd88ae908_0,lowered,qasmbench,qft,29,True,PRODUCT_FUSED,16,16,1048576,46137344,8192.0
qasmbench_e17668cbd88ae908_0,lowered,qasmbench,qft,29,True,PRODUCT_FUSED,16,16,4194304,184549376,2048.0
qasmbench_ecd71063a3bf7e3a_0,lowered,qasmbench,state_preparation,27,True,EAGER_FULL,16,8,1,10737418240,1.0
qasmbench_ecd71063a3bf7e3a_0,lowered,qasmbench,state_preparation,27,True,EAGER_FULL,16,8,4096,10737418240,1.0
qasmbench_ecd71063a3bf7e3a_0,lowered,qasmbench,state_preparation,27,True,EAGER_FULL,16,8,65536,10737418240,1.0
qasmbench_ecd71063a3bf7e3a_0,lowered,qasmbench,state_preparation,27,True,EAGER_FULL,16,8,1048576,10737418240,1.0
qasmbench_ecd71063a3bf7e3a_0,lowered,qasmbench,state_preparation,27,True,EAGER_FULL,16,8,4194304,10737418240,1.0
qasmbench_ecd71063a3bf7e3a_0,lowered,qasmbench,state_preparation,27,True,EAGER_FULL,16,16,1,21474836480,1.0
qasmbench_ecd71063a3bf7e3a_0,lowered,qasmbench,state_preparation,27,True,EAGER_FULL,16,16,4096,21474836480,1.0
qasmbench_ecd71063a3bf7e3a_0,lowered,qasmbench,state_preparation,27,True,EAGER_FULL,16,16,65536,21474836480,1.0
qasmbench_ecd71063a3bf7e3a_0,lowered,qasmbench,state_preparation,27,True,EAGER_FULL,16,16,1048576,21474836480,1.0
qasmbench_ecd71063a3bf7e3a_0,lowered,qasmbench,state_preparation,27,True,EAGER_FULL,16,16,4194304,21474836480,1.0
qasmbench_ecd71063a3bf7e3a_0,lowered,qasmbench,state_preparation,27,True,BASIS_REWRITE,16,8,1,9664724976,1.1109905627592895
qasmbench_ecd71063a3bf7e3a_0,lowered,qasmbench,state_preparation,27,True,BASIS_REWRITE,16,8,4096,9664790528,1.1109830274016261
qasmbench_ecd71063a3bf7e3a_0,lowered,qasmbench,state_preparation,27,True,BASIS_REWRITE,16,8,65536,9666297856,1.1108097846721268
qasmbench_ecd71063a3bf7e3a_0,lowered,qasmbench,state_preparation,27,True,BASIS_REWRITE,16,8,1048576,9699328000,1.107027027027027
qasmbench_ecd71063a3bf7e3a_0,lowered,qasmbench,state_preparation,27,True,BASIS_REWRITE,16,8,4194304,9823059968,1.0930828351836037
qasmbench_ecd71063a3bf7e3a_0,lowered,qasmbench,state_preparation,27,True,BASIS_REWRITE,16,16,1,19329449952,1.1109905627592895
qasmbench_ecd71063a3bf7e3a_0,lowered,qasmbench,state_preparation,27,True,BASIS_REWRITE,16,16,4096,19329507328,1.1109872649931618
qasmbench_ecd71063a3bf7e3a_0,lowered,qasmbench,state_preparation,27,True,BASIS_REWRITE,16,16,65536,19330891776,1.1109076978363608
qasmbench_ecd71063a3bf7e3a_0,lowered,qasmbench,state_preparation,27,True,BASIS_REWRITE,16,16,1048576,19360907264,1.1091854419410745
qasmbench_ecd71063a3bf7e3a_0,lowered,qasmbench,state_preparation,27,True,BASIS_REWRITE,16,16,4194304,19478347776,1.1024978466838933
qasmbench_ecd71063a3bf7e3a_0,lowered,qasmbench,state_preparation,27,True,BASIS_THIN,16,8,1,9664724976,1.1109905627592895
qasmbench_ecd71063a3bf7e3a_0,lowered,qasmbench,state_preparation,27,True,BASIS_THIN,16,8,4096,9664790528,1.1109830274016261
qasmbench_ecd71063a3bf7e3a_0,lowered,qasmbench,state_preparation,27,True,BASIS_THIN,16,8,65536,9666297856,1.1108097846721268
qasmbench_ecd71063a3bf7e3a_0,lowered,qasmbench,state_preparation,27,True,BASIS_THIN,16,8,1048576,9699328000,1.107027027027027
qasmbench_ecd71063a3bf7e3a_0,lowered,qasmbench,state_preparation,27,True,BASIS_THIN,16,8,4194304,9823059968,1.0930828351836037
qasmbench_ecd71063a3bf7e3a_0,lowered,qasmbench,state_preparation,27,True,BASIS_THIN,16,16,1,19329449952,1.1109905627592895
qasmbench_ecd71063a3bf7e3a_0,lowered,qasmbench,state_preparation,27,True,BASIS_THIN,16,16,4096,19329507328,1.1109872649931618
qasmbench_ecd71063a3bf7e3a_0,lowered,qasmbench,state_preparation,27,True,BASIS_THIN,16,16,65536,19330891776,1.1109076978363608
qasmbench_ecd71063a3bf7e3a_0,lowered,qasmbench,state_preparation,27,True,BASIS_THIN,16,16,1048576,19360907264,1.1091854419410745
qasmbench_ecd71063a3bf7e3a_0,lowered,qasmbench,state_preparation,27,True,BASIS_THIN,16,16,4194304,19478347776,1.1024978466838933
qasmbench_ecd71063a3bf7e3a_0,lowered,qasmbench,state_preparation,27,True,PRODUCT_FUSED,16,8,1,8590065632,1.2499809314611765
qasmbench_ecd71063a3bf7e3a_0,lowered,qasmbench,state_preparation,27,True,PRODUCT_FUSED,16,8,4096,8590131200,1.2499713904253291
qasmbench_ecd71063a3bf7e3a_0,lowered,qasmbench,state_preparation,27,True,PRODUCT_FUSED,16,8,65536,8591638528,1.2497520938534532
qasmbench_ecd71063a3bf7e3a_0,lowered,qasmbench,state_preparation,27,True,PRODUCT_FUSED,16,8,1048576,8625586176,1.2448334548991005
qasmbench_ecd71063a3bf7e3a_0,lowered,qasmbench,state_preparation,27,True,PRODUCT_FUSED,16,8,4194304,8749318144,1.227229146692234
qasmbench_ecd71063a3bf7e3a_0,lowered,qasmbench,state_preparation,27,True,PRODUCT_FUSED,16,16,1,17180131264,1.2499809314611765
qasmbench_ecd71063a3bf7e3a_0,lowered,qasmbench,state_preparation,27,True,PRODUCT_FUSED,16,16,4096,17180188672,1.2499767546208238
qasmbench_ecd71063a3bf7e3a_0,lowered,qasmbench,state_preparation,27,True,PRODUCT_FUSED,16,16,65536,17181573120,1.249876034634016
qasmbench_ecd71063a3bf7e3a_0,lowered,qasmbench,state_preparation,27,True,PRODUCT_FUSED,16,16,1048576,17213423616,1.2475633528265107
qasmbench_ecd71063a3bf7e3a_0,lowered,qasmbench,state_preparation,27,True,PRODUCT_FUSED,16,16,4194304,17330864128,1.239109390125847
qasmbench_f31c4f2beba87afc_0,lowered,qasmbench,state_preparation,40,True,EAGER_FULL,16,8,1,52776558133248,1.0
qasmbench_f31c4f2beba87afc_0,lowered,qasmbench,state_preparation,40,True,EAGER_FULL,16,8,4096,52776558133248,1.0
qasmbench_f31c4f2beba87afc_0,lowered,qasmbench,state_preparation,40,True,EAGER_FULL,16,8,65536,52776558133248,1.0
qasmbench_f31c4f2beba87afc_0,lowered,qasmbench,state_preparation,40,True,EAGER_FULL,16,8,1048576,52776558133248,1.0
qasmbench_f31c4f2beba87afc_0,lowered,qasmbench,state_preparation,40,True,EAGER_FULL,16,8,4194304,52776558133248,1.0
qasmbench_f31c4f2beba87afc_0,lowered,qasmbench,state_preparation,40,True,EAGER_FULL,16,16,1,105553116266496,1.0
qasmbench_f31c4f2beba87afc_0,lowered,qasmbench,state_preparation,40,True,EAGER_FULL,16,16,4096,105553116266496,1.0
qasmbench_f31c4f2beba87afc_0,lowered,qasmbench,state_preparation,40,True,EAGER_FULL,16,16,65536,105553116266496,1.0
qasmbench_f31c4f2beba87afc_0,lowered,qasmbench,state_preparation,40,True,EAGER_FULL,16,16,1048576,105553116266496,1.0
qasmbench_f31c4f2beba87afc_0,lowered,qasmbench,state_preparation,40,True,EAGER_FULL,16,16,4194304,105553116266496,1.0
qasmbench_f31c4f2beba87afc_0,lowered,qasmbench,state_preparation,40,True,BASIS_REWRITE,16,8,1,35192963071984,1.4996338337666641
qasmbench_f31c4f2beba87afc_0,lowered,qasmbench,state_preparation,40,True,BASIS_REWRITE,16,8,4096,35192963137536,1.4996338309733785
qasmbench_f31c4f2beba87afc_0,lowered,qasmbench,state_preparation,40,True,BASIS_REWRITE,16,8,65536,35192964644864,1.4996337667434936
qasmbench_f31c4f2beba87afc_0,lowered,qasmbench,state_preparation,40,True,BASIS_REWRITE,16,8,1048576,35192997675008,1.4996323592726177
qasmbench_f31c4f2beba87afc_0,lowered,qasmbench,state_preparation,40,True,BASIS_REWRITE,16,8,4194304,35193121406976,1.4996270868655204
qasmbench_f31c4f2beba87afc_0,lowered,qasmbench,state_preparation,40,True,BASIS_REWRITE,16,16,1,70385926143968,1.4996338337666641
qasmbench_f31c4f2beba87afc_0,lowered,qasmbench,state_preparation,40,True,BASIS_REWRITE,16,16,4096,70385926201344,1.499633832544218
qasmbench_f31c4f2beba87afc_0,lowered,qasmbench,state_preparation,40,True,BASIS_REWRITE,16,16,65536,70385927585792,1.4996338030473408
qasmbench_f31c4f2beba87afc_0,lowered,qasmbench,state_preparation,40,True,BASIS_REWRITE,16,16,1048576,70385957601280,1.4996331635413662
qasmbench_f31c4f2beba87afc_0,lowered,qasmbench,state_preparation,40,True,BASIS_REWRITE,16,16,4194304,70386075041792,1.4996306613747596
qasmbench_f31c4f2beba87afc_0,lowered,qasmbench,state_preparation,40,True,BASIS_THIN,16,8,1,35192963071984,1.4996338337666641
qasmbench_f31c4f2beba87afc_0,lowered,qasmbench,state_preparation,40,True,BASIS_THIN,16,8,4096,35192963137536,1.4996338309733785
qasmbench_f31c4f2beba87afc_0,lowered,qasmbench,state_preparation,40,True,BASIS_THIN,16,8,65536,35192964644864,1.4996337667434936
qasmbench_f31c4f2beba87afc_0,lowered,qasmbench,state_preparation,40,True,BASIS_THIN,16,8,1048576,35192997675008,1.4996323592726177
qasmbench_f31c4f2beba87afc_0,lowered,qasmbench,state_preparation,40,True,BASIS_THIN,16,8,4194304,35193121406976,1.4996270868655204
qasmbench_f31c4f2beba87afc_0,lowered,qasmbench,state_preparation,40,True,BASIS_THIN,16,16,1,70385926143968,1.4996338337666641
qasmbench_f31c4f2beba87afc_0,lowered,qasmbench,state_preparation,40,True,BASIS_THIN,16,16,4096,70385926201344,1.499633832544218
qasmbench_f31c4f2beba87afc_0,lowered,qasmbench,state_preparation,40,True,BASIS_THIN,16,16,65536,70385927585792,1.4996338030473408
qasmbench_f31c4f2beba87afc_0,lowered,qasmbench,state_preparation,40,True,BASIS_THIN,16,16,1048576,70385957601280,1.4996331635413662
qasmbench_f31c4f2beba87afc_0,lowered,qasmbench,state_preparation,40,True,BASIS_THIN,16,16,4194304,70386075041792,1.4996306613747596
qasmbench_f31c4f2beba87afc_0,lowered,qasmbench,state_preparation,40,True,PRODUCT_FUSED,16,8,1,35192963071952,1.4996338337680277
qasmbench_f31c4f2beba87afc_0,lowered,qasmbench,state_preparation,40,True,PRODUCT_FUSED,16,8,4096,35192963129344,1.499633831322454
qasmbench_f31c4f2beba87afc_0,lowered,qasmbench,state_preparation,40,True,PRODUCT_FUSED,16,8,65536,35192964513792,1.4996337723287008
qasmbench_f31c4f2beba87afc_0,lowered,qasmbench,state_preparation,40,True,PRODUCT_FUSED,16,8,1048576,35192995577856,1.4996324486357695
qasmbench_f31c4f2beba87afc_0,lowered,qasmbench,state_preparation,40,True,PRODUCT_FUSED,16,8,4194304,35193113018368,1.4996274443156774
qasmbench_f31c4f2beba87afc_0,lowered,qasmbench,state_preparation,40,True,PRODUCT_FUSED,16,16,1,70385926143904,1.4996338337680277
qasmbench_f31c4f2beba87afc_0,lowered,qasmbench,state_preparation,40,True,PRODUCT_FUSED,16,16,4096,70385926193152,1.4996338327187557
qasmbench_f31c4f2beba87afc_0,lowered,qasmbench,state_preparation,40,True,PRODUCT_FUSED,16,16,65536,70385927454720,1.4996338058399445
qasmbench_f31c4f2beba87afc_0,lowered,qasmbench,state_preparation,40,True,PRODUCT_FUSED,16,16,1048576,70385955504128,1.4996332082229886
qasmbench_f31c4f2beba87afc_0,lowered,qasmbench,state_preparation,40,True,PRODUCT_FUSED,16,16,4194304,70386066653184,1.4996308401006688
qdao_02308f38e354ada8_0,lowered,qdao,state_preparation,30,True,EAGER_FULL,16,8,1,68719476736,1.0
qdao_02308f38e354ada8_0,lowered,qdao,state_preparation,30,True,EAGER_FULL,16,8,4096,68719476736,1.0
qdao_02308f38e354ada8_0,lowered,qdao,state_preparation,30,True,EAGER_FULL,16,8,65536,68719476736,1.0
qdao_02308f38e354ada8_0,lowered,qdao,state_preparation,30,True,EAGER_FULL,16,8,1048576,68719476736,1.0
qdao_02308f38e354ada8_0,lowered,qdao,state_preparation,30,True,EAGER_FULL,16,8,4194304,68719476736,1.0
qdao_02308f38e354ada8_0,lowered,qdao,state_preparation,30,True,EAGER_FULL,16,16,1,137438953472,1.0
qdao_02308f38e354ada8_0,lowered,qdao,state_preparation,30,True,EAGER_FULL,16,16,4096,137438953472,1.0
qdao_02308f38e354ada8_0,lowered,qdao,state_preparation,30,True,EAGER_FULL,16,16,65536,137438953472,1.0
qdao_02308f38e354ada8_0,lowered,qdao,state_preparation,30,True,EAGER_FULL,16,16,1048576,137438953472,1.0
qdao_02308f38e354ada8_0,lowered,qdao,state_preparation,30,True,EAGER_FULL,16,16,4194304,137438953472,1.0
qdao_02308f38e354ada8_0,lowered,qdao,state_preparation,30,True,BASIS_REWRITE,16,8,1,36642488304,1.875404207429286
qdao_02308f38e354ada8_0,lowered,qdao,state_preparation,30,True,BASIS_REWRITE,16,8,4096,36642553856,1.875400852409407
qdao_02308f38e354ada8_0,lowered,qdao,state_preparation,30,True,BASIS_REWRITE,16,8,65536,36644061184,1.875323709098193
qdao_02308f38e354ada8_0,lowered,qdao,state_preparation,30,True,BASIS_REWRITE,16,8,1048576,36677091328,1.8736348561953229
qdao_02308f38e354ada8_0,lowered,qdao,state_preparation,30,True,BASIS_REWRITE,16,8,4194304,36800823296,1.8673353088671074
qdao_02308f38e354ada8_0,lowered,qdao,state_preparation,30,True,BASIS_REWRITE,16,16,1,73284976608,1.875404207429286
qdao_02308f38e354ada8_0,lowered,qdao,state_preparation,30,True,BASIS_REWRITE,16,16,4096,73285033984,1.8754027391459822
qdao_02308f38e354ada8_0,lowered,qdao,state_preparation,30,True,BASIS_REWRITE,16,16,65536,73286418432,1.8753673110594833
qdao_02308f38e354ada8_0,lowered,qdao,state_preparation,30,True,BASIS_REWRITE,16,16,1048576,73316433920,1.8745995423340962
qdao_02308f38e354ada8_0,lowered,qdao,state_preparation,30,True,BASIS_REWRITE,16,16,4194304,73433874432,1.8716015535755084
qdao_02308f38e354ada8_0,lowered,qdao,state_preparation,30,True,BASIS_THIN,16,8,1,36642488304,1.875404207429286
qdao_02308f38e354ada8_0,lowered,qdao,state_preparation,30,True,BASIS_THIN,16,8,4096,36642553856,1.875400852409407
qdao_02308f38e354ada8_0,lowered,qdao,state_preparation,30,True,BASIS_THIN,16,8,65536,36644061184,1.875323709098193
qdao_02308f38e354ada8_0,lowered,qdao,state_preparation,30,True,BASIS_THIN,16,8,1048576,36677091328,1.8736348561953229
qdao_02308f38e354ada8_0,lowered,qdao,state_preparation,30,True,BASIS_THIN,16,8,4194304,36800823296,1.8673353088671074
qdao_02308f38e354ada8_0,lowered,qdao,state_preparation,30,True,BASIS_THIN,16,16,1,73284976608,1.875404207429286
qdao_02308f38e354ada8_0,lowered,qdao,state_preparation,30,True,BASIS_THIN,16,16,4096,73285033984,1.8754027391459822
qdao_02308f38e354ada8_0,lowered,qdao,state_preparation,30,True,BASIS_THIN,16,16,65536,73286418432,1.8753673110594833
qdao_02308f38e354ada8_0,lowered,qdao,state_preparation,30,True,BASIS_THIN,16,16,1048576,73316433920,1.8745995423340962
qdao_02308f38e354ada8_0,lowered,qdao,state_preparation,30,True,BASIS_THIN,16,16,4194304,73433874432,1.8716015535755084
qdao_02308f38e354ada8_0,lowered,qdao,state_preparation,30,True,PRODUCT_FUSED,16,8,1,3361075920,20.4456782208002
qdao_02308f38e354ada8_0,lowered,qdao,state_preparation,30,True,PRODUCT_FUSED,16,8,4096,3361120256,20.445408525127164
qdao_02308f38e354ada8_0,lowered,qdao,state_preparation,30,True,PRODUCT_FUSED,16,8,65536,3362258944,20.438484328707315
qdao_02308f38e354ada8_0,lowered,qdao,state_preparation,30,True,PRODUCT_FUSED,16,8,1048576,3384803328,20.302354399008674
qdao_02308f38e354ada8_0,lowered,qdao,state_preparation,30,True,PRODUCT_FUSED,16,8,4194304,3464495104,19.83535108958838
qdao_02308f38e354ada8_0,lowered,qdao,state_preparation,30,True,PRODUCT_FUSED,16,16,1,6722151840,20.4456782208002
qdao_02308f38e354ada8_0,lowered,qdao,state_preparation,30,True,PRODUCT_FUSED,16,16,4096,6722191360,20.445558019937117
qdao_02308f38e354ada8_0,lowered,qdao,state_preparation,30,True,PRODUCT_FUSED,16,16,65536,6723207168,20.442468904745194
qdao_02308f38e354ada8_0,lowered,qdao,state_preparation,30,True,PRODUCT_FUSED,16,16,1048576,6744440832,20.378109452736318
qdao_02308f38e354ada8_0,lowered,qdao,state_preparation,30,True,PRODUCT_FUSED,16,16,4194304,6819938304,20.152521525215253
qdao_080d8fefef4e8ec6_0,lowered,qdao,hidden_linear_function,34,True,EAGER_FULL,16,8,1,1099511627776,1.0
qdao_080d8fefef4e8ec6_0,lowered,qdao,hidden_linear_function,34,True,EAGER_FULL,16,8,4096,1099511627776,1.0
qdao_080d8fefef4e8ec6_0,lowered,qdao,hidden_linear_function,34,True,EAGER_FULL,16,8,65536,1099511627776,1.0
qdao_080d8fefef4e8ec6_0,lowered,qdao,hidden_linear_function,34,True,EAGER_FULL,16,8,1048576,1099511627776,1.0
qdao_080d8fefef4e8ec6_0,lowered,qdao,hidden_linear_function,34,True,EAGER_FULL,16,8,4194304,1099511627776,1.0
qdao_080d8fefef4e8ec6_0,lowered,qdao,hidden_linear_function,34,True,EAGER_FULL,16,16,1,2199023255552,1.0
qdao_080d8fefef4e8ec6_0,lowered,qdao,hidden_linear_function,34,True,EAGER_FULL,16,16,4096,2199023255552,1.0
qdao_080d8fefef4e8ec6_0,lowered,qdao,hidden_linear_function,34,True,EAGER_FULL,16,16,65536,2199023255552,1.0
qdao_080d8fefef4e8ec6_0,lowered,qdao,hidden_linear_function,34,True,EAGER_FULL,16,16,1048576,2199023255552,1.0
qdao_080d8fefef4e8ec6_0,lowered,qdao,hidden_linear_function,34,True,EAGER_FULL,16,16,4194304,2199023255552,1.0
qdao_080d8fefef4e8ec6_0,lowered,qdao,hidden_linear_function,34,True,BASIS_REWRITE,16,8,1,567473602544,1.937555549450862
qdao_080d8fefef4e8ec6_0,lowered,qdao,hidden_linear_function,34,True,BASIS_REWRITE,16,8,4096,567473668096,1.9375553256331792
qdao_080d8fefef4e8ec6_0,lowered,qdao,hidden_linear_function,34,True,BASIS_REWRITE,16,8,65536,567475175424,1.9375501790972243
qdao_080d8fefef4e8ec6_0,lowered,qdao,hidden_linear_function,34,True,BASIS_REWRITE,16,8,1048576,567508205568,1.93743740969443
qdao_080d8fefef4e8ec6_0,lowered,qdao,hidden_linear_function,34,True,BASIS_REWRITE,16,8,4194304,567631937536,1.9370150885956228
qdao_080d8fefef4e8ec6_0,lowered,qdao,hidden_linear_function,34,True,BASIS_REWRITE,16,16,1,1134947205088,1.937555549450862
qdao_080d8fefef4e8ec6_0,lowered,qdao,hidden_linear_function,34,True,BASIS_REWRITE,16,16,4096,1134947262464,1.9375554514998903
qdao_080d8fefef4e8ec6_0,lowered,qdao,hidden_linear_function,34,True,BASIS_REWRITE,16,16,65536,1134948646912,1.9375530880054916
qdao_080d8fefef4e8ec6_0,lowered,qdao,hidden_linear_function,34,True,BASIS_REWRITE,16,16,1048576,1134978662400,1.9375018477457502
qdao_080d8fefef4e8ec6_0,lowered,qdao,hidden_linear_function,34,True,BASIS_REWRITE,16,16,4194304,1135096102912,1.937301387882998
qdao_080d8fefef4e8ec6_0,lowered,qdao,hidden_linear_function,34,True,BASIS_THIN,16,8,1,567473602544,1.937555549450862
qdao_080d8fefef4e8ec6_0,lowered,qdao,hidden_linear_function,34,True,BASIS_THIN,16,8,4096,567473668096,1.9375553256331792
qdao_080d8fefef4e8ec6_0,lowered,qdao,hidden_linear_function,34,True,BASIS_THIN,16,8,65536,567475175424,1.9375501790972243
qdao_080d8fefef4e8ec6_0,lowered,qdao,hidden_linear_function,34,True,BASIS_THIN,16,8,1048576,567508205568,1.93743740969443
qdao_080d8fefef4e8ec6_0,lowered,qdao,hidden_linear_function,34,True,BASIS_THIN,16,8,4194304,567631937536,1.9370150885956228
qdao_080d8fefef4e8ec6_0,lowered,qdao,hidden_linear_function,34,True,BASIS_THIN,16,16,1,1134947205088,1.937555549450862
qdao_080d8fefef4e8ec6_0,lowered,qdao,hidden_linear_function,34,True,BASIS_THIN,16,16,4096,1134947262464,1.9375554514998903
qdao_080d8fefef4e8ec6_0,lowered,qdao,hidden_linear_function,34,True,BASIS_THIN,16,16,65536,1134948646912,1.9375530880054916
qdao_080d8fefef4e8ec6_0,lowered,qdao,hidden_linear_function,34,True,BASIS_THIN,16,16,1048576,1134978662400,1.9375018477457502
qdao_080d8fefef4e8ec6_0,lowered,qdao,hidden_linear_function,34,True,BASIS_THIN,16,16,4194304,1135096102912,1.937301387882998
qdao_080d8fefef4e8ec6_0,lowered,qdao,hidden_linear_function,34,True,PRODUCT_FUSED,16,8,1,29251798864,37.587829483169386
qdao_080d8fefef4e8ec6_0,lowered,qdao,hidden_linear_function,34,True,PRODUCT_FUSED,16,8,4096,29251854336,37.587758203172804
qdao_080d8fefef4e8ec6_0,lowered,qdao,hidden_linear_function,34,True,PRODUCT_FUSED,16,8,65536,29253173248,37.586063517098
qdao_080d8fefef4e8ec6_0,lowered,qdao,hidden_linear_function,34,True,PRODUCT_FUSED,16,8,1048576,29280436224,37.5510671823521
qdao_080d8fefef4e8ec6_0,lowered,qdao,hidden_linear_function,34,True,PRODUCT_FUSED,16,8,4194304,29385293824,37.41707108192978
qdao_080d8fefef4e8ec6_0,lowered,qdao,hidden_linear_function,34,True,PRODUCT_FUSED,16,16,1,58503597728,37.587829483169386
qdao_080d8fefef4e8ec6_0,lowered,qdao,hidden_linear_function,34,True,PRODUCT_FUSED,16,16,4096,58503643136,37.587800309120226
qdao_080d8fefef4e8ec6_0,lowered,qdao,hidden_linear_function,34,True,PRODUCT_FUSED,16,16,65536,58504904704,37.58698978620252
qdao_080d8fefef4e8ec6_0,lowered,qdao,hidden_linear_function,34,True,PRODUCT_FUSED,16,16,1048576,58529415168,37.57124941775054
qdao_080d8fefef4e8ec6_0,lowered,qdao,hidden_linear_function,34,True,PRODUCT_FUSED,16,16,4194304,58627981312,37.508084132207756
qdao_0deb77367bb9d202_0,lowered,qdao,vqe,28,True,EAGER_FULL,16,8,1,12884901888,1.0
qdao_0deb77367bb9d202_0,lowered,qdao,vqe,28,True,EAGER_FULL,16,8,4096,12884901888,1.0
qdao_0deb77367bb9d202_0,lowered,qdao,vqe,28,True,EAGER_FULL,16,8,65536,12884901888,1.0
qdao_0deb77367bb9d202_0,lowered,qdao,vqe,28,True,EAGER_FULL,16,8,1048576,12884901888,1.0
qdao_0deb77367bb9d202_0,lowered,qdao,vqe,28,True,EAGER_FULL,16,8,4194304,12884901888,1.0
qdao_0deb77367bb9d202_0,lowered,qdao,vqe,28,True,EAGER_FULL,16,16,1,25769803776,1.0
qdao_0deb77367bb9d202_0,lowered,qdao,vqe,28,True,EAGER_FULL,16,16,4096,25769803776,1.0
qdao_0deb77367bb9d202_0,lowered,qdao,vqe,28,True,EAGER_FULL,16,16,65536,25769803776,1.0
qdao_0deb77367bb9d202_0,lowered,qdao,vqe,28,True,EAGER_FULL,16,16,1048576,25769803776,1.0
qdao_0deb77367bb9d202_0,lowered,qdao,vqe,28,True,EAGER_FULL,16,16,4194304,25769803776,1.0
qdao_0deb77367bb9d202_0,lowered,qdao,vqe,28,True,BASIS_REWRITE,16,8,1,10738466800,1.1998828257307645
qdao_0deb77367bb9d202_0,lowered,qdao,vqe,28,True,BASIS_REWRITE,16,8,4096,10738532352,1.1998755011992164
qdao_0deb77367bb9d202_0,lowered,qdao,vqe,28,True,BASIS_REWRITE,16,8,65536,10740039680,1.1997071027581157
qdao_0deb77367bb9d202_0,lowered,qdao,vqe,28,True,BASIS_REWRITE,16,8,1048576,10773069824,1.1960288105898385
qdao_0deb77367bb9d202_0,lowered,qdao,vqe,28,True,BASIS_REWRITE,16,8,4194304,10896801792,1.1824480369515011
qdao_0deb77367bb9d202_0,lowered,qdao,vqe,28,True,BASIS_REWRITE,16,16,1,21476933600,1.1998828257307645
qdao_0deb77367bb9d202_0,lowered,qdao,vqe,28,True,BASIS_REWRITE,16,16,4096,21476990976,1.1998796202315822
qdao_0deb77367bb9d202_0,lowered,qdao,vqe,28,True,BASIS_REWRITE,16,16,65536,21478375424,1.19980227867722
qdao_0deb77367bb9d202_0,lowered,qdao,vqe,28,True,BASIS_REWRITE,16,16,1048576,21508390912,1.1981279251170047
qdao_0deb77367bb9d202_0,lowered,qdao,vqe,28,True,BASIS_REWRITE,16,16,4194304,21625831424,1.191621411947246
qdao_0deb77367bb9d202_0,lowered,qdao,vqe,28,True,BASIS_THIN,16,8,1,10738466800,1.1998828257307645
qdao_0deb77367bb9d202_0,lowered,qdao,vqe,28,True,BASIS_THIN,16,8,4096,10738532352,1.1998755011992164
qdao_0deb77367bb9d202_0,lowered,qdao,vqe,28,True,BASIS_THIN,16,8,65536,10740039680,1.1997071027581157
qdao_0deb77367bb9d202_0,lowered,qdao,vqe,28,True,BASIS_THIN,16,8,1048576,10773069824,1.1960288105898385
qdao_0deb77367bb9d202_0,lowered,qdao,vqe,28,True,BASIS_THIN,16,8,4194304,10896801792,1.1824480369515011
qdao_0deb77367bb9d202_0,lowered,qdao,vqe,28,True,BASIS_THIN,16,16,1,21476933600,1.1998828257307645
qdao_0deb77367bb9d202_0,lowered,qdao,vqe,28,True,BASIS_THIN,16,16,4096,21476990976,1.1998796202315822
qdao_0deb77367bb9d202_0,lowered,qdao,vqe,28,True,BASIS_THIN,16,16,65536,21478375424,1.19980227867722
qdao_0deb77367bb9d202_0,lowered,qdao,vqe,28,True,BASIS_THIN,16,16,1048576,21508390912,1.1981279251170047
qdao_0deb77367bb9d202_0,lowered,qdao,vqe,28,True,BASIS_THIN,16,16,4194304,21625831424,1.191621411947246
qdao_0deb77367bb9d202_0,lowered,qdao,vqe,28,True,PRODUCT_FUSED,16,8,1,10738466768,1.1998828293063448
qdao_0deb77367bb9d202_0,lowered,qdao,vqe,28,True,PRODUCT_FUSED,16,8,4096,10738524160,1.1998764165372982
qdao_0deb77367bb9d202_0,lowered,qdao,vqe,28,True,PRODUCT_FUSED,16,8,65536,10739908608,1.199721744224362
qdao_0deb77367bb9d202_0,lowered,qdao,vqe,28,True,PRODUCT_FUSED,16,8,1048576,10770972672,1.1962616822429906
qdao_0deb77367bb9d202_0,lowered,qdao,vqe,28,True,PRODUCT_FUSED,16,8,4194304,10888413184,1.1833590138674885
qdao_0deb77367bb9d202_0,lowered,qdao,vqe,28,True,PRODUCT_FUSED,16,16,1,21476933536,1.1998828293063448
qdao_0deb77367bb9d202_0,lowered,qdao,vqe,28,True,PRODUCT_FUSED,16,16,4096,21476982784,1.199880077903591
qdao_0deb77367bb9d202_0,lowered,qdao,vqe,28,True,PRODUCT_FUSED,16,16,65536,21478244352,1.19980960052726
qdao_0deb77367bb9d202_0,lowered,qdao,vqe,28,True,PRODUCT_FUSED,16,16,1048576,21506293760,1.198244758654315
qdao_0deb77367bb9d202_0,lowered,qdao,vqe,28,True,PRODUCT_FUSED,16,16,4194304,21617442816,1.1920838183934808
qdao_14c008c4fa7c220d_0,lowered,qdao,unknown,28,True,EAGER_FULL,16,8,1,12884901888,1.0
qdao_14c008c4fa7c220d_0,lowered,qdao,unknown,28,True,EAGER_FULL,16,8,4096,12884901888,1.0
qdao_14c008c4fa7c220d_0,lowered,qdao,unknown,28,True,EAGER_FULL,16,8,65536,12884901888,1.0
qdao_14c008c4fa7c220d_0,lowered,qdao,unknown,28,True,EAGER_FULL,16,8,1048576,12884901888,1.0
qdao_14c008c4fa7c220d_0,lowered,qdao,unknown,28,True,EAGER_FULL,16,8,4194304,12884901888,1.0
qdao_14c008c4fa7c220d_0,lowered,qdao,unknown,28,True,EAGER_FULL,16,16,1,25769803776,1.0
qdao_14c008c4fa7c220d_0,lowered,qdao,unknown,28,True,EAGER_FULL,16,16,4096,25769803776,1.0
qdao_14c008c4fa7c220d_0,lowered,qdao,unknown,28,True,EAGER_FULL,16,16,65536,25769803776,1.0
qdao_14c008c4fa7c220d_0,lowered,qdao,unknown,28,True,EAGER_FULL,16,16,1048576,25769803776,1.0
qdao_14c008c4fa7c220d_0,lowered,qdao,unknown,28,True,EAGER_FULL,16,16,4194304,25769803776,1.0
qdao_14c008c4fa7c220d_0,lowered,qdao,unknown,28,True,BASIS_REWRITE,16,8,1,8725200880,1.4767455861715357
qdao_14c008c4fa7c220d_0,lowered,qdao,unknown,28,True,BASIS_REWRITE,16,8,4096,8725266432,1.4767344915387908
qdao_14c008c4fa7c220d_0,lowered,qdao,unknown,28,True,BASIS_REWRITE,16,8,65536,8726773760,1.4764794232502252
qdao_14c008c4fa7c220d_0,lowered,qdao,unknown,28,True,BASIS_REWRITE,16,8,1048576,8759803904,1.470912137898013
qdao_14c008c4fa7c220d_0,lowered,qdao,unknown,28,True,BASIS_REWRITE,16,8,4194304,8883535872,1.4504249291784703
qdao_14c008c4fa7c220d_0,lowered,qdao,unknown,28,True,BASIS_REWRITE,16,16,1,17450401760,1.4767455861715357
qdao_14c008c4fa7c220d_0,lowered,qdao,unknown,28,True,BASIS_REWRITE,16,16,4096,17450459136,1.4767407307259517
qdao_14c008c4fa7c220d_0,lowered,qdao,unknown,28,True,BASIS_REWRITE,16,16,65536,17451843584,1.4766235814550834
qdao_14c008c4fa7c220d_0,lowered,qdao,unknown,28,True,BASIS_REWRITE,16,16,1048576,17481859072,1.4740882917466411
qdao_14c008c4fa7c220d_0,lowered,qdao,unknown,28,True,BASIS_REWRITE,16,16,4194304,17599299584,1.4642516682554814
qdao_14c008c4fa7c220d_0,lowered,qdao,unknown,28,True,BASIS_THIN,16,8,1,8725200880,1.4767455861715357
qdao_14c008c4fa7c220d_0,lowered,qdao,unknown,28,True,BASIS_THIN,16,8,4096,8725266432,1.4767344915387908
qdao_14c008c4fa7c220d_0,lowered,qdao,unknown,28,True,BASIS_THIN,16,8,65536,8726773760,1.4764794232502252
qdao_14c008c4fa7c220d_0,lowered,qdao,unknown,28,True,BASIS_THIN,16,8,1048576,8759803904,1.470912137898013
qdao_14c008c4fa7c220d_0,lowered,qdao,unknown,28,True,BASIS_THIN,16,8,4194304,8883535872,1.4504249291784703
qdao_14c008c4fa7c220d_0,lowered,qdao,unknown,28,True,BASIS_THIN,16,16,1,17450401760,1.4767455861715357
qdao_14c008c4fa7c220d_0,lowered,qdao,unknown,28,True,BASIS_THIN,16,16,4096,17450459136,1.4767407307259517
qdao_14c008c4fa7c220d_0,lowered,qdao,unknown,28,True,BASIS_THIN,16,16,65536,17451843584,1.4766235814550834
qdao_14c008c4fa7c220d_0,lowered,qdao,unknown,28,True,BASIS_THIN,16,16,1048576,17481859072,1.4740882917466411
qdao_14c008c4fa7c220d_0,lowered,qdao,unknown,28,True,BASIS_THIN,16,16,4194304,17599299584,1.4642516682554814
qdao_14c008c4fa7c220d_0,lowered,qdao,unknown,28,True,PRODUCT_FUSED,16,8,1,276794704,46.550391686684875
qdao_14c008c4fa7c220d_0,lowered,qdao,unknown,28,True,PRODUCT_FUSED,16,8,4096,276840448,46.542699887554
qdao_14c008c4fa7c220d_0,lowered,qdao,unknown,28,True,PRODUCT_FUSED,16,8,65536,278003712,46.34794908062235
qdao_14c008c4fa7c220d_0,lowered,qdao,unknown,28,True,PRODUCT_FUSED,16,8,1048576,304087040,42.37241379310345
qdao_14c008c4fa7c220d_0,lowered,qdao,unknown,28,True,PRODUCT_FUSED,16,8,4194304,402653184,32.0
qdao_14c008c4fa7c220d_0,lowered,qdao,unknown,28,True,PRODUCT_FUSED,16,16,1,553589408,46.550391686684875
qdao_14c008c4fa7c220d_0,lowered,qdao,unknown,28,True,PRODUCT_FUSED,16,16,4096,553623552,46.54752075287433
qdao_14c008c4fa7c220d_0,lowered,qdao,unknown,28,True,PRODUCT_FUSED,16,16,65536,554696704,46.45746691871456
qdao_14c008c4fa7c220d_0,lowered,qdao,unknown,28,True,PRODUCT_FUSED,16,16,1048576,578813952,44.52173913043478
qdao_14c008c4fa7c220d_0,lowered,qdao,unknown,28,True,PRODUCT_FUSED,16,16,4194304,671088640,38.4
qdao_1d096d227f7a0f3b_0,lowered,qdao,unknown,28,True,EAGER_FULL,16,8,1,8589934592,1.0
qdao_1d096d227f7a0f3b_0,lowered,qdao,unknown,28,True,EAGER_FULL,16,8,4096,8589934592,1.0
qdao_1d096d227f7a0f3b_0,lowered,qdao,unknown,28,True,EAGER_FULL,16,8,65536,8589934592,1.0
qdao_1d096d227f7a0f3b_0,lowered,qdao,unknown,28,True,EAGER_FULL,16,8,1048576,8589934592,1.0
qdao_1d096d227f7a0f3b_0,lowered,qdao,unknown,28,True,EAGER_FULL,16,8,4194304,8589934592,1.0
qdao_1d096d227f7a0f3b_0,lowered,qdao,unknown,28,True,EAGER_FULL,16,16,1,17179869184,1.0
qdao_1d096d227f7a0f3b_0,lowered,qdao,unknown,28,True,EAGER_FULL,16,16,4096,17179869184,1.0
qdao_1d096d227f7a0f3b_0,lowered,qdao,unknown,28,True,EAGER_FULL,16,16,65536,17179869184,1.0
qdao_1d096d227f7a0f3b_0,lowered,qdao,unknown,28,True,EAGER_FULL,16,16,1048576,17179869184,1.0
qdao_1d096d227f7a0f3b_0,lowered,qdao,unknown,28,True,EAGER_FULL,16,16,4194304,17179869184,1.0
qdao_1d096d227f7a0f3b_0,lowered,qdao,unknown,28,True,BASIS_REWRITE,16,8,1,8590983152,0.9998779464490329
qdao_1d096d227f7a0f3b_0,lowered,qdao,unknown,28,True,BASIS_REWRITE,16,8,4096,8591048704,0.9998703171128013
qdao_1d096d227f7a0f3b_0,lowered,qdao,unknown,28,True,BASIS_REWRITE,16,8,65536,8592556032,0.9996949173225944
qdao_1d096d227f7a0f3b_0,lowered,qdao,unknown,28,True,BASIS_REWRITE,16,8,1048576,8625586176,0.9958667639192803
qdao_1d096d227f7a0f3b_0,lowered,qdao,unknown,28,True,BASIS_REWRITE,16,8,4194304,8749318144,0.9817833173537871
qdao_1d096d227f7a0f3b_0,lowered,qdao,unknown,28,True,BASIS_REWRITE,16,16,1,17181966304,0.9998779464490329
qdao_1d096d227f7a0f3b_0,lowered,qdao,unknown,28,True,BASIS_REWRITE,16,16,4096,17182023680,0.9998746075526302
qdao_1d096d227f7a0f3b_0,lowered,qdao,unknown,28,True,BASIS_REWRITE,16,16,65536,17183408128,0.9997940487723018
qdao_1d096d227f7a0f3b_0,lowered,qdao,unknown,28,True,BASIS_REWRITE,16,16,1048576,17213423616,0.9980506822612085
qdao_1d096d227f7a0f3b_0,lowered,qdao,unknown,28,True,BASIS_REWRITE,16,16,4194304,17330864128,0.9912875121006777
qdao_1d096d227f7a0f3b_0,lowered,qdao,unknown,28,True,BASIS_THIN,16,8,1,8590983152,0.9998779464490329
qdao_1d096d227f7a0f3b_0,lowered,qdao,unknown,28,True,BASIS_THIN,16,8,4096,8591048704,0.9998703171128013
qdao_1d096d227f7a0f3b_0,lowered,qdao,unknown,28,True,BASIS_THIN,16,8,65536,8592556032,0.9996949173225944
qdao_1d096d227f7a0f3b_0,lowered,qdao,unknown,28,True,BASIS_THIN,16,8,1048576,8625586176,0.9958667639192803
qdao_1d096d227f7a0f3b_0,lowered,qdao,unknown,28,True,BASIS_THIN,16,8,4194304,8749318144,0.9817833173537871
qdao_1d096d227f7a0f3b_0,lowered,qdao,unknown,28,True,BASIS_THIN,16,16,1,17181966304,0.9998779464490329
qdao_1d096d227f7a0f3b_0,lowered,qdao,unknown,28,True,BASIS_THIN,16,16,4096,17182023680,0.9998746075526302
qdao_1d096d227f7a0f3b_0,lowered,qdao,unknown,28,True,BASIS_THIN,16,16,65536,17183408128,0.9997940487723018
qdao_1d096d227f7a0f3b_0,lowered,qdao,unknown,28,True,BASIS_THIN,16,16,1048576,17213423616,0.9980506822612085
qdao_1d096d227f7a0f3b_0,lowered,qdao,unknown,28,True,BASIS_THIN,16,16,4194304,17330864128,0.9912875121006777
qdao_1d096d227f7a0f3b_0,lowered,qdao,unknown,28,True,PRODUCT_FUSED,16,8,1,5749519696,1.4940264658935085
qdao_1d096d227f7a0f3b_0,lowered,qdao,unknown,28,True,PRODUCT_FUSED,16,8,4096,5749555200,1.4940172401510294
qdao_1d096d227f7a0f3b_0,lowered,qdao,unknown,28,True,PRODUCT_FUSED,16,8,65536,5750390784,1.4938001458789205
qdao_1d096d227f7a0f3b_0,lowered,qdao,unknown,28,True,PRODUCT_FUSED,16,8,1048576,5769265152,1.4889131225009087
qdao_1d096d227f7a0f3b_0,lowered,qdao,unknown,28,True,PRODUCT_FUSED,16,8,4194304,5838471168,1.471264367816092
qdao_1d096d227f7a0f3b_0,lowered,qdao,unknown,28,True,PRODUCT_FUSED,16,16,1,11499039392,1.4940264658935085
qdao_1d096d227f7a0f3b_0,lowered,qdao,unknown,28,True,PRODUCT_FUSED,16,16,4096,11499069440,1.4940225618813203
qdao_1d096d227f7a0f3b_0,lowered,qdao,unknown,28,True,PRODUCT_FUSED,16,16,65536,11499864064,1.4939193270797952
qdao_1d096d227f7a0f3b_0,lowered,qdao,unknown,28,True,PRODUCT_FUSED,16,16,1048576,11517558784,1.4916241806263657
qdao_1d096d227f7a0f3b_0,lowered,qdao,unknown,28,True,PRODUCT_FUSED,16,16,4194304,11584667648,1.4829833454018826
qdao_28eeaba589be4b5a_0,lowered,qdao,random,28,True,EAGER_FULL,16,8,1,68719476736,1.0
qdao_28eeaba589be4b5a_0,lowered,qdao,random,28,True,EAGER_FULL,16,8,4096,68719476736,1.0
qdao_28eeaba589be4b5a_0,lowered,qdao,random,28,True,EAGER_FULL,16,8,65536,68719476736,1.0
qdao_28eeaba589be4b5a_0,lowered,qdao,random,28,True,EAGER_FULL,16,8,1048576,68719476736,1.0
qdao_28eeaba589be4b5a_0,lowered,qdao,random,28,True,EAGER_FULL,16,8,4194304,68719476736,1.0
qdao_28eeaba589be4b5a_0,lowered,qdao,random,28,True,EAGER_FULL,16,16,1,137438953472,1.0
qdao_28eeaba589be4b5a_0,lowered,qdao,random,28,True,EAGER_FULL,16,16,4096,137438953472,1.0
qdao_28eeaba589be4b5a_0,lowered,qdao,random,28,True,EAGER_FULL,16,16,65536,137438953472,1.0
qdao_28eeaba589be4b5a_0,lowered,qdao,random,28,True,EAGER_FULL,16,16,1048576,137438953472,1.0
qdao_28eeaba589be4b5a_0,lowered,qdao,random,28,True,EAGER_FULL,16,16,4194304,137438953472,1.0
qdao_28eeaba589be4b5a_0,lowered,qdao,random,28,True,BASIS_REWRITE,16,8,1,35504931440,1.9354910416354265
qdao_28eeaba589be4b5a_0,lowered,qdao,random,28,True,BASIS_REWRITE,16,8,4096,35505012736,1.9354866099321937
qdao_28eeaba589be4b5a_0,lowered,qdao,random,28,True,BASIS_REWRITE,16,8,65536,35506880512,1.9353847971177132
qdao_28eeaba589be4b5a_0,lowered,qdao,random,28,True,BASIS_REWRITE,16,8,1048576,35546726400,1.9332153392330385
qdao_28eeaba589be4b5a_0,lowered,qdao,random,28,True,BASIS_REWRITE,16,8,4194304,35693527040,1.9252643948296122
qdao_28eeaba589be4b5a_0,lowered,qdao,random,28,True,BASIS_REWRITE,16,16,1,71009862880,1.9354910416354265
qdao_28eeaba589be4b5a_0,lowered,qdao,random,28,True,BASIS_REWRITE,16,16,4096,71009935360,1.935489066075387
qdao_28eeaba589be4b5a_0,lowered,qdao,random,28,True,BASIS_REWRITE,16,16,65536,71011663872,1.935441953870234
qdao_28eeaba589be4b5a_0,lowered,qdao,random,28,True,BASIS_REWRITE,16,16,1048576,71049412608,1.9344136485728622
qdao_28eeaba589be4b5a_0,lowered,qdao,random,28,True,BASIS_REWRITE,16,16,4194304,71185727488,1.9307094037237804
qdao_28eeaba589be4b5a_0,lowered,qdao,random,28,True,BASIS_THIN,16,8,1,35504931440,1.9354910416354265
qdao_28eeaba589be4b5a_0,lowered,qdao,random,28,True,BASIS_THIN,16,8,4096,35505012736,1.9354866099321937
qdao_28eeaba589be4b5a_0,lowered,qdao,random,28,True,BASIS_THIN,16,8,65536,35506880512,1.9353847971177132
qdao_28eeaba589be4b5a_0,lowered,qdao,random,28,True,BASIS_THIN,16,8,1048576,35546726400,1.9332153392330385
qdao_28eeaba589be4b5a_0,lowered,qdao,random,28,True,BASIS_THIN,16,8,4194304,35693527040,1.9252643948296122
qdao_28eeaba589be4b5a_0,lowered,qdao,random,28,True,BASIS_THIN,16,16,1,71009862880,1.9354910416354265
qdao_28eeaba589be4b5a_0,lowered,qdao,random,28,True,BASIS_THIN,16,16,4096,71009935360,1.935489066075387
qdao_28eeaba589be4b5a_0,lowered,qdao,random,28,True,BASIS_THIN,16,16,65536,71011663872,1.935441953870234
qdao_28eeaba589be4b5a_0,lowered,qdao,random,28,True,BASIS_THIN,16,16,1048576,71049412608,1.9344136485728622
qdao_28eeaba589be4b5a_0,lowered,qdao,random,28,True,BASIS_THIN,16,16,4194304,71185727488,1.9307094037237804
qdao_28eeaba589be4b5a_0,lowered,qdao,random,28,True,PRODUCT_FUSED,16,8,1,27589751776,2.490760964213468
qdao_28eeaba589be4b5a_0,lowered,qdao,random,28,True,PRODUCT_FUSED,16,8,4096,27589828608,2.4907540279563016
qdao_28eeaba589be4b5a_0,lowered,qdao,random,28,True,PRODUCT_FUSED,16,8,65536,27591573504,2.490596512229997
qdao_28eeaba589be4b5a_0,lowered,qdao,random,28,True,PRODUCT_FUSED,16,8,1048576,27625783296,2.4875123358384577
qdao_28eeaba589be4b5a_0,lowered,qdao,random,28,True,PRODUCT_FUSED,16,8,4194304,27749515264,2.476420798065296
qdao_28eeaba589be4b5a_0,lowered,qdao,random,28,True,PRODUCT_FUSED,16,16,1,55179503552,2.490760964213468
qdao_28eeaba589be4b5a_0,lowered,qdao,random,28,True,PRODUCT_FUSED,16,16,4096,55179575296,2.4907577257479008
qdao_28eeaba589be4b5a_0,lowered,qdao,random,28,True,PRODUCT_FUSED,16,16,65536,55181180928,2.4906852510338506
qdao_28eeaba589be4b5a_0,lowered,qdao,random,28,True,PRODUCT_FUSED,16,16,1048576,55213817856,2.489213005165603
qdao_28eeaba589be4b5a_0,lowered,qdao,random,28,True,PRODUCT_FUSED,16,16,4194304,55331258368,2.4839296543359612
qdao_2c2d2f6c4ae451ed_0,lowered,qdao,arithmetic,28,True,EAGER_FULL,16,8,1,107374182400,1.0
qdao_2c2d2f6c4ae451ed_0,lowered,qdao,arithmetic,28,True,EAGER_FULL,16,8,4096,107374182400,1.0
qdao_2c2d2f6c4ae451ed_0,lowered,qdao,arithmetic,28,True,EAGER_FULL,16,8,65536,107374182400,1.0
qdao_2c2d2f6c4ae451ed_0,lowered,qdao,arithmetic,28,True,EAGER_FULL,16,8,1048576,107374182400,1.0
qdao_2c2d2f6c4ae451ed_0,lowered,qdao,arithmetic,28,True,EAGER_FULL,16,8,4194304,107374182400,1.0
qdao_2c2d2f6c4ae451ed_0,lowered,qdao,arithmetic,28,True,EAGER_FULL,16,16,1,214748364800,1.0
qdao_2c2d2f6c4ae451ed_0,lowered,qdao,arithmetic,28,True,EAGER_FULL,16,16,4096,214748364800,1.0
qdao_2c2d2f6c4ae451ed_0,lowered,qdao,arithmetic,28,True,EAGER_FULL,16,16,65536,214748364800,1.0
qdao_2c2d2f6c4ae451ed_0,lowered,qdao,arithmetic,28,True,EAGER_FULL,16,16,1048576,214748364800,1.0
qdao_2c2d2f6c4ae451ed_0,lowered,qdao,arithmetic,28,True,EAGER_FULL,16,16,4194304,214748364800,1.0
qdao_2c2d2f6c4ae451ed_0,lowered,qdao,arithmetic,28,True,BASIS_REWRITE,16,8,1,13421903856,7.999921885299489
qdao_2c2d2f6c4ae451ed_0,lowered,qdao,arithmetic,28,True,BASIS_REWRITE,16,8,4096,13421969408,7.999882814216589
qdao_2c2d2f6c4ae451ed_0,lowered,qdao,arithmetic,28,True,BASIS_REWRITE,16,8,65536,13423476736,7.998984503920401
qdao_2c2d2f6c4ae451ed_0,lowered,qdao,arithmetic,28,True,BASIS_REWRITE,16,8,1048576,13457424384,7.978806295776843
qdao_2c2d2f6c4ae451ed_0,lowered,qdao,arithmetic,28,True,BASIS_REWRITE,16,8,4194304,13581156352,7.906114885731934
qdao_2c2d2f6c4ae451ed_0,lowered,qdao,arithmetic,28,True,BASIS_REWRITE,16,16,1,26843807712,7.999921885299489
qdao_2c2d2f6c4ae451ed_0,lowered,qdao,arithmetic,28,True,BASIS_REWRITE,16,16,4096,26843865088,7.99990478628947
qdao_2c2d2f6c4ae451ed_0,lowered,qdao,arithmetic,28,True,BASIS_REWRITE,16,16,65536,26845249536,7.999492219732146
qdao_2c2d2f6c4ae451ed_0,lowered,qdao,arithmetic,28,True,BASIS_REWRITE,16,16,1048576,26877100032,7.990012484394507
qdao_2c2d2f6c4ae451ed_0,lowered,qdao,arithmetic,28,True,BASIS_REWRITE,16,16,4194304,26994540544,7.9552517091361095
qdao_2c2d2f6c4ae451ed_0,lowered,qdao,arithmetic,28,True,BASIS_THIN,16,8,1,13421903856,7.999921885299489
qdao_2c2d2f6c4ae451ed_0,lowered,qdao,arithmetic,28,True,BASIS_THIN,16,8,4096,13421969408,7.999882814216589
qdao_2c2d2f6c4ae451ed_0,lowered,qdao,arithmetic,28,True,BASIS_THIN,16,8,65536,13423476736,7.998984503920401
qdao_2c2d2f6c4ae451ed_0,lowered,qdao,arithmetic,28,True,BASIS_THIN,16,8,1048576,13457424384,7.978806295776843
qdao_2c2d2f6c4ae451ed_0,lowered,qdao,arithmetic,28,True,BASIS_THIN,16,8,4194304,13581156352,7.906114885731934
qdao_2c2d2f6c4ae451ed_0,lowered,qdao,arithmetic,28,True,BASIS_THIN,16,16,1,26843807712,7.999921885299489
qdao_2c2d2f6c4ae451ed_0,lowered,qdao,arithmetic,28,True,BASIS_THIN,16,16,4096,26843865088,7.99990478628947
qdao_2c2d2f6c4ae451ed_0,lowered,qdao,arithmetic,28,True,BASIS_THIN,16,16,65536,26845249536,7.999492219732146
qdao_2c2d2f6c4ae451ed_0,lowered,qdao,arithmetic,28,True,BASIS_THIN,16,16,1048576,26877100032,7.990012484394507
qdao_2c2d2f6c4ae451ed_0,lowered,qdao,arithmetic,28,True,BASIS_THIN,16,16,4194304,26994540544,7.9552517091361095
qdao_2c2d2f6c4ae451ed_0,lowered,qdao,arithmetic,28,True,PRODUCT_FUSED,16,8,1,400,268435456.0
qdao_2c2d2f6c4ae451ed_0,lowered,qdao,arithmetic,28,True,PRODUCT_FUSED,16,8,4096,204800,524288.0
qdao_2c2d2f6c4ae451ed_0,lowered,qdao,arithmetic,28,True,PRODUCT_FUSED,16,8,65536,3276800,32768.0
qdao_2c2d2f6c4ae451ed_0,lowered,qdao,arithmetic,28,True,PRODUCT_FUSED,16,8,1048576,52428800,2048.0
qdao_2c2d2f6c4ae451ed_0,lowered,qdao,arithmetic,28,True,PRODUCT_FUSED,16,8,4194304,209715200,512.0
qdao_2c2d2f6c4ae451ed_0,lowered,qdao,arithmetic,28,True,PRODUCT_FUSED,16,16,1,800,268435456.0
qdao_2c2d2f6c4ae451ed_0,lowered,qdao,arithmetic,28,True,PRODUCT_FUSED,16,16,4096,204800,1048576.0
qdao_2c2d2f6c4ae451ed_0,lowered,qdao,arithmetic,28,True,PRODUCT_FUSED,16,16,65536,3276800,65536.0
qdao_2c2d2f6c4ae451ed_0,lowered,qdao,arithmetic,28,True,PRODUCT_FUSED,16,16,1048576,52428800,4096.0
qdao_2c2d2f6c4ae451ed_0,lowered,qdao,arithmetic,28,True,PRODUCT_FUSED,16,16,4194304,209715200,1024.0
qdao_343e13ffc3b8289f_0,lowered,qdao,arithmetic,32,True,EAGER_FULL,16,8,1,2748779069440,1.0
qdao_343e13ffc3b8289f_0,lowered,qdao,arithmetic,32,True,EAGER_FULL,16,8,4096,2748779069440,1.0
qdao_343e13ffc3b8289f_0,lowered,qdao,arithmetic,32,True,EAGER_FULL,16,8,65536,2748779069440,1.0
qdao_343e13ffc3b8289f_0,lowered,qdao,arithmetic,32,True,EAGER_FULL,16,8,1048576,2748779069440,1.0
qdao_343e13ffc3b8289f_0,lowered,qdao,arithmetic,32,True,EAGER_FULL,16,8,4194304,2748779069440,1.0
qdao_343e13ffc3b8289f_0,lowered,qdao,arithmetic,32,True,EAGER_FULL,16,16,1,5497558138880,1.0
qdao_343e13ffc3b8289f_0,lowered,qdao,arithmetic,32,True,EAGER_FULL,16,16,4096,5497558138880,1.0
qdao_343e13ffc3b8289f_0,lowered,qdao,arithmetic,32,True,EAGER_FULL,16,16,65536,5497558138880,1.0
qdao_343e13ffc3b8289f_0,lowered,qdao,arithmetic,32,True,EAGER_FULL,16,16,1048576,5497558138880,1.0
qdao_343e13ffc3b8289f_0,lowered,qdao,arithmetic,32,True,EAGER_FULL,16,16,4194304,5497558138880,1.0
qdao_343e13ffc3b8289f_0,lowered,qdao,arithmetic,32,True,BASIS_REWRITE,16,8,1,337155063792,8.152863072926573
qdao_343e13ffc3b8289f_0,lowered,qdao,arithmetic,32,True,BASIS_REWRITE,16,8,4096,337155129344,8.152861487791323
qdao_343e13ffc3b8289f_0,lowered,qdao,arithmetic,32,True,BASIS_REWRITE,16,8,65536,337156636672,8.152825038749354
qdao_343e13ffc3b8289f_0,lowered,qdao,arithmetic,32,True,BASIS_REWRITE,16,8,1048576,337190584320,8.152004229250242
qdao_343e13ffc3b8289f_0,lowered,qdao,arithmetic,32,True,BASIS_REWRITE,16,8,4194304,337314316288,8.149013951406332
qdao_343e13ffc3b8289f_0,lowered,qdao,arithmetic,32,True,BASIS_REWRITE,16,16,1,674310127584,8.152863072926573
qdao_343e13ffc3b8289f_0,lowered,qdao,arithmetic,32,True,BASIS_REWRITE,16,16,4096,674310184960,8.152862379212193
qdao_343e13ffc3b8289f_0,lowered,qdao,arithmetic,32,True,BASIS_REWRITE,16,16,65536,674311569408,8.152845640341726
qdao_343e13ffc3b8289f_0,lowered,qdao,arithmetic,32,True,BASIS_REWRITE,16,16,1048576,674343419904,8.15246056625367
qdao_343e13ffc3b8289f_0,lowered,qdao,arithmetic,32,True,BASIS_REWRITE,16,16,4194304,674460860416,8.151041018880127
qdao_343e13ffc3b8289f_0,lowered,qdao,arithmetic,32,True,BASIS_THIN,16,8,1,337155063792,8.152863072926573
qdao_343e13ffc3b8289f_0,lowered,qdao,arithmetic,32,True,BASIS_THIN,16,8,4096,337155129344,8.152861487791323
qdao_343e13ffc3b8289f_0,lowered,qdao,arithmetic,32,True,BASIS_THIN,16,8,65536,337156636672,8.152825038749354
qdao_343e13ffc3b8289f_0,lowered,qdao,arithmetic,32,True,BASIS_THIN,16,8,1048576,337190584320,8.152004229250242
qdao_343e13ffc3b8289f_0,lowered,qdao,arithmetic,32,True,BASIS_THIN,16,8,4194304,337314316288,8.149013951406332
qdao_343e13ffc3b8289f_0,lowered,qdao,arithmetic,32,True,BASIS_THIN,16,16,1,674310127584,8.152863072926573
qdao_343e13ffc3b8289f_0,lowered,qdao,arithmetic,32,True,BASIS_THIN,16,16,4096,674310184960,8.152862379212193
qdao_343e13ffc3b8289f_0,lowered,qdao,arithmetic,32,True,BASIS_THIN,16,16,65536,674311569408,8.152845640341726
qdao_343e13ffc3b8289f_0,lowered,qdao,arithmetic,32,True,BASIS_THIN,16,16,1048576,674343419904,8.15246056625367
qdao_343e13ffc3b8289f_0,lowered,qdao,arithmetic,32,True,BASIS_THIN,16,16,4194304,674460860416,8.151041018880127
qdao_343e13ffc3b8289f_0,lowered,qdao,arithmetic,32,True,PRODUCT_FUSED,16,8,1,640,4294967296.0
qdao_343e13ffc3b8289f_0,lowered,qdao,arithmetic,32,True,PRODUCT_FUSED,16,8,4096,327680,8388608.0
qdao_343e13ffc3b8289f_0,lowered,qdao,arithmetic,32,True,PRODUCT_FUSED,16,8,65536,5242880,524288.0
qdao_343e13ffc3b8289f_0,lowered,qdao,arithmetic,32,True,PRODUCT_FUSED,16,8,1048576,83886080,32768.0
qdao_343e13ffc3b8289f_0,lowered,qdao,arithmetic,32,True,PRODUCT_FUSED,16,8,4194304,335544320,8192.0
qdao_343e13ffc3b8289f_0,lowered,qdao,arithmetic,32,True,PRODUCT_FUSED,16,16,1,1280,4294967296.0
qdao_343e13ffc3b8289f_0,lowered,qdao,arithmetic,32,True,PRODUCT_FUSED,16,16,4096,327680,16777216.0
qdao_343e13ffc3b8289f_0,lowered,qdao,arithmetic,32,True,PRODUCT_FUSED,16,16,65536,5242880,1048576.0
qdao_343e13ffc3b8289f_0,lowered,qdao,arithmetic,32,True,PRODUCT_FUSED,16,16,1048576,83886080,65536.0
qdao_343e13ffc3b8289f_0,lowered,qdao,arithmetic,32,True,PRODUCT_FUSED,16,16,4194304,335544320,16384.0
qdao_37b0da10d1dac290_0,lowered,qdao,qft,34,True,EAGER_FULL,16,8,1,9620726743040,1.0
qdao_37b0da10d1dac290_0,lowered,qdao,qft,34,True,EAGER_FULL,16,8,4096,9620726743040,1.0
qdao_37b0da10d1dac290_0,lowered,qdao,qft,34,True,EAGER_FULL,16,8,65536,9620726743040,1.0
qdao_37b0da10d1dac290_0,lowered,qdao,qft,34,True,EAGER_FULL,16,8,1048576,9620726743040,1.0
qdao_37b0da10d1dac290_0,lowered,qdao,qft,34,True,EAGER_FULL,16,8,4194304,9620726743040,1.0
qdao_37b0da10d1dac290_0,lowered,qdao,qft,34,True,EAGER_FULL,16,16,1,19241453486080,1.0
qdao_37b0da10d1dac290_0,lowered,qdao,qft,34,True,EAGER_FULL,16,16,4096,19241453486080,1.0
qdao_37b0da10d1dac290_0,lowered,qdao,qft,34,True,EAGER_FULL,16,16,65536,19241453486080,1.0
qdao_37b0da10d1dac290_0,lowered,qdao,qft,34,True,EAGER_FULL,16,16,1048576,19241453486080,1.0
qdao_37b0da10d1dac290_0,lowered,qdao,qft,34,True,EAGER_FULL,16,16,4194304,19241453486080,1.0
qdao_37b0da10d1dac290_0,lowered,qdao,qft,34,True,BASIS_REWRITE,16,8,1,1391250636784,6.915164305174493
qdao_37b0da10d1dac290_0,lowered,qdao,qft,34,True,BASIS_REWRITE,16,8,4096,1391250702336,6.915163979350506
qdao_37b0da10d1dac290_0,lowered,qdao,qft,34,True,BASIS_REWRITE,16,8,65536,1391252209664,6.91515648723641
qdao_37b0da10d1dac290_0,lowered,qdao,qft,34,True,BASIS_REWRITE,16,8,1048576,1391286288384,6.914987104641575
qdao_37b0da10d1dac290_0,lowered,qdao,qft,34,True,BASIS_REWRITE,16,8,4194304,1391426797568,6.914288814801864
qdao_37b0da10d1dac290_0,lowered,qdao,qft,34,True,BASIS_REWRITE,16,16,1,2782501273568,6.915164305174493
qdao_37b0da10d1dac290_0,lowered,qdao,qft,34,True,BASIS_REWRITE,16,16,4096,2782501330944,6.91516416258176
qdao_37b0da10d1dac290_0,lowered,qdao,qft,34,True,BASIS_REWRITE,16,16,65536,2782502715392,6.9151607219076
qdao_37b0da10d1dac290_0,lowered,qdao,qft,34,True,BASIS_REWRITE,16,16,1048576,2782532730880,6.915086127304861
qdao_37b0da10d1dac290_0,lowered,qdao,qft,34,True,BASIS_REWRITE,16,16,4194304,2782660657152,6.914768222501575
qdao_37b0da10d1dac290_0,lowered,qdao,qft,34,True,BASIS_THIN,16,8,1,1391250636784,6.915164305174493
qdao_37b0da10d1dac290_0,lowered,qdao,qft,34,True,BASIS_THIN,16,8,4096,1391250702336,6.915163979350506
qdao_37b0da10d1dac290_0,lowered,qdao,qft,34,True,BASIS_THIN,16,8,65536,1391252209664,6.91515648723641
qdao_37b0da10d1dac290_0,lowered,qdao,qft,34,True,BASIS_THIN,16,8,1048576,1391286288384,6.914987104641575
qdao_37b0da10d1dac290_0,lowered,qdao,qft,34,True,BASIS_THIN,16,8,4194304,1391426797568,6.914288814801864
qdao_37b0da10d1dac290_0,lowered,qdao,qft,34,True,BASIS_THIN,16,16,1,2782501273568,6.915164305174493
qdao_37b0da10d1dac290_0,lowered,qdao,qft,34,True,BASIS_THIN,16,16,4096,2782501330944,6.91516416258176
qdao_37b0da10d1dac290_0,lowered,qdao,qft,34,True,BASIS_THIN,16,16,65536,2782502715392,6.9151607219076
qdao_37b0da10d1dac290_0,lowered,qdao,qft,34,True,BASIS_THIN,16,16,1048576,2782532730880,6.915086127304861
qdao_37b0da10d1dac290_0,lowered,qdao,qft,34,True,BASIS_THIN,16,16,4194304,2782660657152,6.914768222501575
qdao_37b0da10d1dac290_0,lowered,qdao,qft,34,True,PRODUCT_FUSED,16,8,1,560,17179869184.0
qdao_37b0da10d1dac290_0,lowered,qdao,qft,34,True,PRODUCT_FUSED,16,8,4096,286720,33554432.0
qdao_37b0da10d1dac290_0,lowered,qdao,qft,34,True,PRODUCT_FUSED,16,8,65536,4587520,2097152.0
qdao_37b0da10d1dac290_0,lowered,qdao,qft,34,True,PRODUCT_FUSED,16,8,1048576,73400320,131072.0
qdao_37b0da10d1dac290_0,lowered,qdao,qft,34,True,PRODUCT_FUSED,16,8,4194304,293601280,32768.0
qdao_37b0da10d1dac290_0,lowered,qdao,qft,34,True,PRODUCT_FUSED,16,16,1,1120,17179869184.0
qdao_37b0da10d1dac290_0,lowered,qdao,qft,34,True,PRODUCT_FUSED,16,16,4096,286720,67108864.0
qdao_37b0da10d1dac290_0,lowered,qdao,qft,34,True,PRODUCT_FUSED,16,16,65536,4587520,4194304.0
qdao_37b0da10d1dac290_0,lowered,qdao,qft,34,True,PRODUCT_FUSED,16,16,1048576,73400320,262144.0
qdao_37b0da10d1dac290_0,lowered,qdao,qft,34,True,PRODUCT_FUSED,16,16,4194304,293601280,65536.0
qdao_4843a3acf8f5e7f7_0,lowered,qdao,random,32,True,EAGER_FULL,16,8,1,1580547964928,1.0
qdao_4843a3acf8f5e7f7_0,lowered,qdao,random,32,True,EAGER_FULL,16,8,4096,1580547964928,1.0
qdao_4843a3acf8f5e7f7_0,lowered,qdao,random,32,True,EAGER_FULL,16,8,65536,1580547964928,1.0
qdao_4843a3acf8f5e7f7_0,lowered,qdao,random,32,True,EAGER_FULL,16,8,1048576,1580547964928,1.0
qdao_4843a3acf8f5e7f7_0,lowered,qdao,random,32,True,EAGER_FULL,16,8,4194304,1580547964928,1.0
qdao_4843a3acf8f5e7f7_0,lowered,qdao,random,32,True,EAGER_FULL,16,16,1,3161095929856,1.0
qdao_4843a3acf8f5e7f7_0,lowered,qdao,random,32,True,EAGER_FULL,16,16,4096,3161095929856,1.0
qdao_4843a3acf8f5e7f7_0,lowered,qdao,random,32,True,EAGER_FULL,16,16,65536,3161095929856,1.0
qdao_4843a3acf8f5e7f7_0,lowered,qdao,random,32,True,EAGER_FULL,16,16,1048576,3161095929856,1.0
qdao_4843a3acf8f5e7f7_0,lowered,qdao,random,32,True,EAGER_FULL,16,16,4194304,3161095929856,1.0
qdao_4843a3acf8f5e7f7_0,lowered,qdao,random,32,True,BASIS_REWRITE,16,8,1,983820734704,1.6065406116933854
qdao_4843a3acf8f5e7f7_0,lowered,qdao,random,32,True,BASIS_REWRITE,16,8,4096,983820812288,1.6065404850017713
qdao_4843a3acf8f5e7f7_0,lowered,qdao,random,32,True,BASIS_REWRITE,16,8,65536,983822630912,1.6065375152661794
qdao_4843a3acf8f5e7f7_0,lowered,qdao,random,32,True,BASIS_REWRITE,16,8,1048576,983862083584,1.6064730934343974
qdao_4843a3acf8f5e7f7_0,lowered,qdao,random,32,True,BASIS_REWRITE,16,8,4194304,984008884224,1.6062334296650556
qdao_4843a3acf8f5e7f7_0,lowered,qdao,random,32,True,BASIS_REWRITE,16,16,1,1967641469408,1.6065406116933854
qdao_4843a3acf8f5e7f7_0,lowered,qdao,random,32,True,BASIS_REWRITE,16,16,4096,1967641534464,1.606540558576441
qdao_4843a3acf8f5e7f7_0,lowered,qdao,random,32,True,BASIS_REWRITE,16,16,65536,1967643164672,1.60653922754482
qdao_4843a3acf8f5e7f7_0,lowered,qdao,random,32,True,BASIS_REWRITE,16,16,1048576,1967680126976,1.6065090491685168
qdao_4843a3acf8f5e7f7_0,lowered,qdao,random,32,True,BASIS_REWRITE,16,16,4194304,1967816441856,1.6063977628292025
qdao_4843a3acf8f5e7f7_0,lowered,qdao,random,32,True,BASIS_THIN,16,8,1,983820734704,1.6065406116933854
qdao_4843a3acf8f5e7f7_0,lowered,qdao,random,32,True,BASIS_THIN,16,8,4096,983820812288,1.6065404850017713
qdao_4843a3acf8f5e7f7_0,lowered,qdao,random,32,True,BASIS_THIN,16,8,65536,983822630912,1.6065375152661794
qdao_4843a3acf8f5e7f7_0,lowered,qdao,random,32,True,BASIS_THIN,16,8,1048576,983862083584,1.6064730934343974
qdao_4843a3acf8f5e7f7_0,lowered,qdao,random,32,True,BASIS_THIN,16,8,4194304,984008884224,1.6062334296650556
qdao_4843a3acf8f5e7f7_0,lowered,qdao,random,32,True,BASIS_THIN,16,16,1,1967641469408,1.6065406116933854
qdao_4843a3acf8f5e7f7_0,lowered,qdao,random,32,True,BASIS_THIN,16,16,4096,1967641534464,1.606540558576441
qdao_4843a3acf8f5e7f7_0,lowered,qdao,random,32,True,BASIS_THIN,16,16,65536,1967643164672,1.60653922754482
qdao_4843a3acf8f5e7f7_0,lowered,qdao,random,32,True,BASIS_THIN,16,16,1048576,1967680126976,1.6065090491685168
qdao_4843a3acf8f5e7f7_0,lowered,qdao,random,32,True,BASIS_THIN,16,16,4194304,1967816441856,1.6063977628292025
qdao_4843a3acf8f5e7f7_0,lowered,qdao,random,32,True,PRODUCT_FUSED,16,8,1,835521852208,1.89168955994526
qdao_4843a3acf8f5e7f7_0,lowered,qdao,random,32,True,PRODUCT_FUSED,16,8,4096,835521921024,1.891689404140241
qdao_4843a3acf8f5e7f7_0,lowered,qdao,random,32,True,PRODUCT_FUSED,16,8,65536,835523444736,1.8916859543389655
qdao_4843a3acf8f5e7f7_0,lowered,qdao,random,32,True,PRODUCT_FUSED,16,8,1048576,835555688448,1.8916129550428689
qdao_4843a3acf8f5e7f7_0,lowered,qdao,random,32,True,PRODUCT_FUSED,16,8,4194304,835673128960,1.8913471190523992
qdao_4843a3acf8f5e7f7_0,lowered,qdao,random,32,True,PRODUCT_FUSED,16,16,1,1671043704416,1.89168955994526
qdao_4843a3acf8f5e7f7_0,lowered,qdao,random,32,True,PRODUCT_FUSED,16,16,4096,1671043768320,1.891689487603331
qdao_4843a3acf8f5e7f7_0,lowered,qdao,random,32,True,PRODUCT_FUSED,16,16,65536,1671045185536,1.891687883258558
qdao_4843a3acf8f5e7f7_0,lowered,qdao,random,32,True,PRODUCT_FUSED,16,16,1048576,1671075725312,1.891653311680896
qdao_4843a3acf8f5e7f7_0,lowered,qdao,random,32,True,PRODUCT_FUSED,16,16,4194304,1671186874368,1.8915274996109848
qdao_5e90cda6bec14320_0,lowered,qdao,quantum_ml,27,True,EAGER_FULL,16,8,1,6442450944,1.0
qdao_5e90cda6bec14320_0,lowered,qdao,quantum_ml,27,True,EAGER_FULL,16,8,4096,6442450944,1.0
qdao_5e90cda6bec14320_0,lowered,qdao,quantum_ml,27,True,EAGER_FULL,16,8,65536,6442450944,1.0
qdao_5e90cda6bec14320_0,lowered,qdao,quantum_ml,27,True,EAGER_FULL,16,8,1048576,6442450944,1.0
qdao_5e90cda6bec14320_0,lowered,qdao,quantum_ml,27,True,EAGER_FULL,16,8,4194304,6442450944,1.0
qdao_5e90cda6bec14320_0,lowered,qdao,quantum_ml,27,True,EAGER_FULL,16,16,1,12884901888,1.0
qdao_5e90cda6bec14320_0,lowered,qdao,quantum_ml,27,True,EAGER_FULL,16,16,4096,12884901888,1.0
qdao_5e90cda6bec14320_0,lowered,qdao,quantum_ml,27,True,EAGER_FULL,16,16,65536,12884901888,1.0
qdao_5e90cda6bec14320_0,lowered,qdao,quantum_ml,27,True,EAGER_FULL,16,16,1048576,12884901888,1.0
qdao_5e90cda6bec14320_0,lowered,qdao,quantum_ml,27,True,EAGER_FULL,16,16,4194304,12884901888,1.0
qdao_5e90cda6bec14320_0,lowered,qdao,quantum_ml,27,True,BASIS_REWRITE,16,8,1,4430233584,1.4542011886838697
qdao_5e90cda6bec14320_0,lowered,qdao,quantum_ml,27,True,BASIS_REWRITE,16,8,4096,4430299136,1.4541796718983446
qdao_5e90cda6bec14320_0,lowered,qdao,quantum_ml,27,True,BASIS_REWRITE,16,8,65536,4431806464,1.4536850822193303
qdao_5e90cda6bec14320_0,lowered,qdao,quantum_ml,27,True,BASIS_REWRITE,16,8,1048576,4464836608,1.4429309534992953
qdao_5e90cda6bec14320_0,lowered,qdao,quantum_ml,27,True,BASIS_REWRITE,16,8,4194304,4588568576,1.4040219378427787
qdao_5e90cda6bec14320_0,lowered,qdao,quantum_ml,27,True,BASIS_REWRITE,16,16,1,8860467168,1.4542011886838697
qdao_5e90cda6bec14320_0,lowered,qdao,quantum_ml,27,True,BASIS_REWRITE,16,16,4096,8860524544,1.4541917720576882
qdao_5e90cda6bec14320_0,lowered,qdao,quantum_ml,27,True,BASIS_REWRITE,16,16,65536,8861908992,1.4539645915605448
qdao_5e90cda6bec14320_0,lowered,qdao,quantum_ml,27,True,BASIS_REWRITE,16,16,1048576,8891924480,1.4490566037735848
qdao_5e90cda6bec14320_0,lowered,qdao,quantum_ml,27,True,BASIS_REWRITE,16,16,4194304,9009364992,1.4301675977653632
qdao_5e90cda6bec14320_0,lowered,qdao,quantum_ml,27,True,BASIS_THIN,16,8,1,4430233584,1.4542011886838697
qdao_5e90cda6bec14320_0,lowered,qdao,quantum_ml,27,True,BASIS_THIN,16,8,4096,4430299136,1.4541796718983446
qdao_5e90cda6bec14320_0,lowered,qdao,quantum_ml,27,True,BASIS_THIN,16,8,65536,4431806464,1.4536850822193303
qdao_5e90cda6bec14320_0,lowered,qdao,quantum_ml,27,True,BASIS_THIN,16,8,1048576,4464836608,1.4429309534992953
qdao_5e90cda6bec14320_0,lowered,qdao,quantum_ml,27,True,BASIS_THIN,16,8,4194304,4588568576,1.4040219378427787
qdao_5e90cda6bec14320_0,lowered,qdao,quantum_ml,27,True,BASIS_THIN,16,16,1,8860467168,1.4542011886838697
qdao_5e90cda6bec14320_0,lowered,qdao,quantum_ml,27,True,BASIS_THIN,16,16,4096,8860524544,1.4541917720576882
qdao_5e90cda6bec14320_0,lowered,qdao,quantum_ml,27,True,BASIS_THIN,16,16,65536,8861908992,1.4539645915605448
qdao_5e90cda6bec14320_0,lowered,qdao,quantum_ml,27,True,BASIS_THIN,16,16,1048576,8891924480,1.4490566037735848
qdao_5e90cda6bec14320_0,lowered,qdao,quantum_ml,27,True,BASIS_THIN,16,16,4194304,9009364992,1.4301675977653632
qdao_5e90cda6bec14320_0,lowered,qdao,quantum_ml,27,True,PRODUCT_FUSED,16,8,1,4429971408,1.454287251688736
qdao_5e90cda6bec14320_0,lowered,qdao,quantum_ml,27,True,PRODUCT_FUSED,16,8,4096,4430028800,1.4542684110766955
qdao_5e90cda6bec14320_0,lowered,qdao,quantum_ml,27,True,PRODUCT_FUSED,16,8,65536,4431413248,1.4538140731757816
qdao_5e90cda6bec14320_0,lowered,qdao,quantum_ml,27,True,PRODUCT_FUSED,16,8,1048576,4460642304,1.4442877291960508
qdao_5e90cda6bec14320_0,lowered,qdao,quantum_ml,27,True,PRODUCT_FUSED,16,8,4194304,4571791360,1.4091743119266056
qdao_5e90cda6bec14320_0,lowered,qdao,quantum_ml,27,True,PRODUCT_FUSED,16,16,1,8859942816,1.454287251688736
qdao_5e90cda6bec14320_0,lowered,qdao,quantum_ml,27,True,PRODUCT_FUSED,16,16,4096,8859992064,1.4542791680766904
qdao_5e90cda6bec14320_0,lowered,qdao,quantum_ml,27,True,PRODUCT_FUSED,16,16,65536,8861253632,1.4540721237759962
qdao_5e90cda6bec14320_0,lowered,qdao,quantum_ml,27,True,PRODUCT_FUSED,16,16,1048576,8887730176,1.4497404436054744
qdao_5e90cda6bec14320_0,lowered,qdao,quantum_ml,27,True,PRODUCT_FUSED,16,16,4194304,8992587776,1.4328358208955223
qdao_6869fe31a1fb9b02_0,lowered,qdao,iqp,34,True,EAGER_FULL,16,8,1,6597069766656,1.0
qdao_6869fe31a1fb9b02_0,lowered,qdao,iqp,34,True,EAGER_FULL,16,8,4096,6597069766656,1.0
qdao_6869fe31a1fb9b02_0,lowered,qdao,iqp,34,True,EAGER_FULL,16,8,65536,6597069766656,1.0
qdao_6869fe31a1fb9b02_0,lowered,qdao,iqp,34,True,EAGER_FULL,16,8,1048576,6597069766656,1.0
qdao_6869fe31a1fb9b02_0,lowered,qdao,iqp,34,True,EAGER_FULL,16,8,4194304,6597069766656,1.0
qdao_6869fe31a1fb9b02_0,lowered,qdao,iqp,34,True,EAGER_FULL,16,16,1,13194139533312,1.0
qdao_6869fe31a1fb9b02_0,lowered,qdao,iqp,34,True,EAGER_FULL,16,16,4096,13194139533312,1.0
qdao_6869fe31a1fb9b02_0,lowered,qdao,iqp,34,True,EAGER_FULL,16,16,65536,13194139533312,1.0
qdao_6869fe31a1fb9b02_0,lowered,qdao,iqp,34,True,EAGER_FULL,16,16,1048576,13194139533312,1.0
qdao_6869fe31a1fb9b02_0,lowered,qdao,iqp,34,True,EAGER_FULL,16,16,4194304,13194139533312,1.0
qdao_6869fe31a1fb9b02_0,lowered,qdao,iqp,34,True,BASIS_REWRITE,16,8,1,1353708470256,4.873331231656124
qdao_6869fe31a1fb9b02_0,lowered,qdao,iqp,34,True,BASIS_REWRITE,16,8,4096,1353708535808,4.8733309956698685
qdao_6869fe31a1fb9b02_0,lowered,qdao,iqp,34,True,BASIS_REWRITE,16,8,65536,1353710043136,4.873325569317083
qdao_6869fe31a1fb9b02_0,lowered,qdao,iqp,34,True,BASIS_REWRITE,16,8,1048576,1353743073280,4.873206664446218
qdao_6869fe31a1fb9b02_0,lowered,qdao,iqp,34,True,BASIS_REWRITE,16,8,4194304,1353870999552,4.872746198743448
qdao_6869fe31a1fb9b02_0,lowered,qdao,iqp,34,True,BASIS_REWRITE,16,16,1,2707416940512,4.873331231656124
qdao_6869fe31a1fb9b02_0,lowered,qdao,iqp,34,True,BASIS_REWRITE,16,16,4096,2707416997888,4.873331128379735
qdao_6869fe31a1fb9b02_0,lowered,qdao,iqp,34,True,BASIS_REWRITE,16,16,65536,2707418382336,4.873328636384564
qdao_6869fe31a1fb9b02_0,lowered,qdao,iqp,34,True,BASIS_REWRITE,16,16,1048576,2707448397824,4.87327460937621
qdao_6869fe31a1fb9b02_0,lowered,qdao,iqp,34,True,BASIS_REWRITE,16,16,4194304,2707565838336,4.873063231371237
qdao_6869fe31a1fb9b02_0,lowered,qdao,iqp,34,True,BASIS_THIN,16,8,1,1353708470256,4.873331231656124
qdao_6869fe31a1fb9b02_0,lowered,qdao,iqp,34,True,BASIS_THIN,16,8,4096,1353708535808,4.8733309956698685
qdao_6869fe31a1fb9b02_0,lowered,qdao,iqp,34,True,BASIS_THIN,16,8,65536,1353710043136,4.873325569317083
qdao_6869fe31a1fb9b02_0,lowered,qdao,iqp,34,True,BASIS_THIN,16,8,1048576,1353743073280,4.873206664446218
qdao_6869fe31a1fb9b02_0,lowered,qdao,iqp,34,True,BASIS_THIN,16,8,4194304,1353870999552,4.872746198743448
qdao_6869fe31a1fb9b02_0,lowered,qdao,iqp,34,True,BASIS_THIN,16,16,1,2707416940512,4.873331231656124
qdao_6869fe31a1fb9b02_0,lowered,qdao,iqp,34,True,BASIS_THIN,16,16,4096,2707416997888,4.873331128379735
qdao_6869fe31a1fb9b02_0,lowered,qdao,iqp,34,True,BASIS_THIN,16,16,65536,2707418382336,4.873328636384564
qdao_6869fe31a1fb9b02_0,lowered,qdao,iqp,34,True,BASIS_THIN,16,16,1048576,2707448397824,4.87327460937621
qdao_6869fe31a1fb9b02_0,lowered,qdao,iqp,34,True,BASIS_THIN,16,16,4194304,2707565838336,4.873063231371237
qdao_6869fe31a1fb9b02_0,lowered,qdao,iqp,34,True,PRODUCT_FUSED,16,8,1,1353708470224,4.873331231771323
qdao_6869fe31a1fb9b02_0,lowered,qdao,iqp,34,True,PRODUCT_FUSED,16,8,4096,1353708527616,4.873331025160949
qdao_6869fe31a1fb9b02_0,lowered,qdao,iqp,34,True,PRODUCT_FUSED,16,8,65536,1353709912064,4.873326041173367
qdao_6869fe31a1fb9b02_0,lowered,qdao,iqp,34,True,PRODUCT_FUSED,16,8,1048576,1353740976128,4.873214213789321
qdao_6869fe31a1fb9b02_0,lowered,qdao,iqp,34,True,PRODUCT_FUSED,16,8,4194304,1353862610944,4.872776390549776
qdao_6869fe31a1fb9b02_0,lowered,qdao,iqp,34,True,PRODUCT_FUSED,16,16,1,2707416940448,4.873331231771323
qdao_6869fe31a1fb9b02_0,lowered,qdao,iqp,34,True,PRODUCT_FUSED,16,16,4096,2707416989696,4.8733311431252755
qdao_6869fe31a1fb9b02_0,lowered,qdao,iqp,34,True,PRODUCT_FUSED,16,16,65536,2707418251264,4.8733288723129915
qdao_6869fe31a1fb9b02_0,lowered,qdao,iqp,34,True,PRODUCT_FUSED,16,16,1048576,2707446300672,4.873278384150097
qdao_6869fe31a1fb9b02_0,lowered,qdao,iqp,34,True,PRODUCT_FUSED,16,16,4194304,2707557449728,4.8730783291920465
qdao_693fb492fc348426_0,lowered,qdao,iqp,31,True,EAGER_FULL,16,8,1,721554505728,1.0
qdao_693fb492fc348426_0,lowered,qdao,iqp,31,True,EAGER_FULL,16,8,4096,721554505728,1.0
qdao_693fb492fc348426_0,lowered,qdao,iqp,31,True,EAGER_FULL,16,8,65536,721554505728,1.0
qdao_693fb492fc348426_0,lowered,qdao,iqp,31,True,EAGER_FULL,16,8,1048576,721554505728,1.0
qdao_693fb492fc348426_0,lowered,qdao,iqp,31,True,EAGER_FULL,16,8,4194304,721554505728,1.0
qdao_693fb492fc348426_0,lowered,qdao,iqp,31,True,EAGER_FULL,16,16,1,1443109011456,1.0
qdao_693fb492fc348426_0,lowered,qdao,iqp,31,True,EAGER_FULL,16,16,4096,1443109011456,1.0
qdao_693fb492fc348426_0,lowered,qdao,iqp,31,True,EAGER_FULL,16,16,65536,1443109011456,1.0
qdao_693fb492fc348426_0,lowered,qdao,iqp,31,True,EAGER_FULL,16,16,1048576,1443109011456,1.0
qdao_693fb492fc348426_0,lowered,qdao,iqp,31,True,EAGER_FULL,16,16,4194304,1443109011456,1.0
qdao_693fb492fc348426_0,lowered,qdao,iqp,31,True,BASIS_REWRITE,16,8,1,183103389680,3.940694418541471
qdao_693fb492fc348426_0,lowered,qdao,iqp,31,True,BASIS_REWRITE,16,8,4096,183103455232,3.9406930077521434
qdao_693fb492fc348426_0,lowered,qdao,iqp,31,True,BASIS_REWRITE,16,8,65536,183104962560,3.9406605677962463
qdao_693fb492fc348426_0,lowered,qdao,iqp,31,True,BASIS_REWRITE,16,8,1048576,183137992704,3.939949843690955
qdao_693fb492fc348426_0,lowered,qdao,iqp,31,True,BASIS_REWRITE,16,8,4194304,183265918976,3.93719961550785
qdao_693fb492fc348426_0,lowered,qdao,iqp,31,True,BASIS_REWRITE,16,16,1,366206779360,3.940694418541471
qdao_693fb492fc348426_0,lowered,qdao,iqp,31,True,BASIS_REWRITE,16,16,4096,366206836736,3.940693801127321
qdao_693fb492fc348426_0,lowered,qdao,iqp,31,True,BASIS_REWRITE,16,16,65536,366208221184,3.940678903357866
qdao_693fb492fc348426_0,lowered,qdao,iqp,31,True,BASIS_REWRITE,16,16,1048576,366238236672,3.9403559403559405
qdao_693fb492fc348426_0,lowered,qdao,iqp,31,True,BASIS_REWRITE,16,16,4194304,366355677184,3.9390928033338675
qdao_693fb492fc348426_0,lowered,qdao,iqp,31,True,BASIS_THIN,16,8,1,183103389680,3.940694418541471
qdao_693fb492fc348426_0,lowered,qdao,iqp,31,True,BASIS_THIN,16,8,4096,183103455232,3.9406930077521434
qdao_693fb492fc348426_0,lowered,qdao,iqp,31,True,BASIS_THIN,16,8,65536,183104962560,3.9406605677962463
qdao_693fb492fc348426_0,lowered,qdao,iqp,31,True,BASIS_THIN,16,8,1048576,183137992704,3.939949843690955
qdao_693fb492fc348426_0,lowered,qdao,iqp,31,True,BASIS_THIN,16,8,4194304,183265918976,3.93719961550785
qdao_693fb492fc348426_0,lowered,qdao,iqp,31,True,BASIS_THIN,16,16,1,366206779360,3.940694418541471
qdao_693fb492fc348426_0,lowered,qdao,iqp,31,True,BASIS_THIN,16,16,4096,366206836736,3.940693801127321
qdao_693fb492fc348426_0,lowered,qdao,iqp,31,True,BASIS_THIN,16,16,65536,366208221184,3.940678903357866
qdao_693fb492fc348426_0,lowered,qdao,iqp,31,True,BASIS_THIN,16,16,1048576,366238236672,3.9403559403559405
qdao_693fb492fc348426_0,lowered,qdao,iqp,31,True,BASIS_THIN,16,16,4194304,366355677184,3.9390928033338675
qdao_693fb492fc348426_0,lowered,qdao,iqp,31,True,PRODUCT_FUSED,16,8,1,183103389648,3.9406944192301654
qdao_693fb492fc348426_0,lowered,qdao,iqp,31,True,PRODUCT_FUSED,16,8,4096,183103447040,3.940693184057711
qdao_693fb492fc348426_0,lowered,qdao,iqp,31,True,PRODUCT_FUSED,16,8,65536,183104831488,3.940663388640774
qdao_693fb492fc348426_0,lowered,qdao,iqp,31,True,PRODUCT_FUSED,16,8,1048576,183135895552,3.9399949614089733
qdao_693fb492fc348426_0,lowered,qdao,iqp,31,True,PRODUCT_FUSED,16,8,4194304,183257530368,3.9373798407031035
qdao_693fb492fc348426_0,lowered,qdao,iqp,31,True,PRODUCT_FUSED,16,16,1,366206779296,3.9406944192301654
qdao_693fb492fc348426_0,lowered,qdao,iqp,31,True,PRODUCT_FUSED,16,16,4096,366206828544,3.940693889280138
qdao_693fb492fc348426_0,lowered,qdao,iqp,31,True,PRODUCT_FUSED,16,16,65536,366208090112,3.9406803137927504
qdao_693fb492fc348426_0,lowered,qdao,iqp,31,True,PRODUCT_FUSED,16,16,1048576,366236139520,3.9403785037363646
qdao_693fb492fc348426_0,lowered,qdao,iqp,31,True,PRODUCT_FUSED,16,16,4194304,366347288576,3.9391830005495514
qdao_697fba7b6720fb11_0,lowered,qdao,arithmetic,30,True,EAGER_FULL,16,8,1,515396075520,1.0
qdao_697fba7b6720fb11_0,lowered,qdao,arithmetic,30,True,EAGER_FULL,16,8,4096,515396075520,1.0
qdao_697fba7b6720fb11_0,lowered,qdao,arithmetic,30,True,EAGER_FULL,16,8,65536,515396075520,1.0
qdao_697fba7b6720fb11_0,lowered,qdao,arithmetic,30,True,EAGER_FULL,16,8,1048576,515396075520,1.0
qdao_697fba7b6720fb11_0,lowered,qdao,arithmetic,30,True,EAGER_FULL,16,8,4194304,515396075520,1.0
qdao_697fba7b6720fb11_0,lowered,qdao,arithmetic,30,True,EAGER_FULL,16,16,1,1030792151040,1.0
qdao_697fba7b6720fb11_0,lowered,qdao,arithmetic,30,True,EAGER_FULL,16,16,4096,1030792151040,1.0
qdao_697fba7b6720fb11_0,lowered,qdao,arithmetic,30,True,EAGER_FULL,16,16,65536,1030792151040,1.0
qdao_697fba7b6720fb11_0,lowered,qdao,arithmetic,30,True,EAGER_FULL,16,16,1048576,1030792151040,1.0
qdao_697fba7b6720fb11_0,lowered,qdao,arithmetic,30,True,EAGER_FULL,16,16,4194304,1030792151040,1.0
qdao_697fba7b6720fb11_0,lowered,qdao,arithmetic,30,True,BASIS_REWRITE,16,8,1,64424640496,7.99998372597826
qdao_697fba7b6720fb11_0,lowered,qdao,arithmetic,30,True,BASIS_REWRITE,16,8,4096,64424706048,7.999975586012005
qdao_697fba7b6720fb11_0,lowered,qdao,arithmetic,30,True,BASIS_REWRITE,16,8,65536,64426213376,7.9997884170544
qdao_697fba7b6720fb11_0,lowered,qdao,arithmetic,30,True,BASIS_REWRITE,16,8,1048576,64460161024,7.995575365195042
qdao_697fba7b6720fb11_0,lowered,qdao,arithmetic,30,True,BASIS_REWRITE,16,8,4194304,64583892992,7.980257176256656
qdao_697fba7b6720fb11_0,lowered,qdao,arithmetic,30,True,BASIS_REWRITE,16,16,1,128849280992,7.99998372597826
qdao_697fba7b6720fb11_0,lowered,qdao,arithmetic,30,True,BASIS_REWRITE,16,16,4096,128849338368,7.9999801636234045
qdao_697fba7b6720fb11_0,lowered,qdao,arithmetic,30,True,BASIS_REWRITE,16,16,65536,128850722816,7.999894207128202
qdao_697fba7b6720fb11_0,lowered,qdao,arithmetic,30,True,BASIS_REWRITE,16,16,1048576,128882573312,7.997917209060141
qdao_697fba7b6720fb11_0,lowered,qdao,arithmetic,30,True,BASIS_REWRITE,16,16,4194304,129000013824,7.990635973468591
qdao_697fba7b6720fb11_0,lowered,qdao,arithmetic,30,True,BASIS_THIN,16,8,1,64424640496,7.99998372597826
qdao_697fba7b6720fb11_0,lowered,qdao,arithmetic,30,True,BASIS_THIN,16,8,4096,64424706048,7.999975586012005
qdao_697fba7b6720fb11_0,lowered,qdao,arithmetic,30,True,BASIS_THIN,16,8,65536,64426213376,7.9997884170544
qdao_697fba7b6720fb11_0,lowered,qdao,arithmetic,30,True,BASIS_THIN,16,8,1048576,64460161024,7.995575365195042
qdao_697fba7b6720fb11_0,lowered,qdao,arithmetic,30,True,BASIS_THIN,16,8,4194304,64583892992,7.980257176256656
qdao_697fba7b6720fb11_0,lowered,qdao,arithmetic,30,True,BASIS_THIN,16,16,1,128849280992,7.99998372597826
qdao_697fba7b6720fb11_0,lowered,qdao,arithmetic,30,True,BASIS_THIN,16,16,4096,128849338368,7.9999801636234045
qdao_697fba7b6720fb11_0,lowered,qdao,arithmetic,30,True,BASIS_THIN,16,16,65536,128850722816,7.999894207128202
qdao_697fba7b6720fb11_0,lowered,qdao,arithmetic,30,True,BASIS_THIN,16,16,1048576,128882573312,7.997917209060141
qdao_697fba7b6720fb11_0,lowered,qdao,arithmetic,30,True,BASIS_THIN,16,16,4194304,129000013824,7.990635973468591
qdao_697fba7b6720fb11_0,lowered,qdao,arithmetic,30,True,PRODUCT_FUSED,16,8,1,480,1073741824.0
qdao_697fba7b6720fb11_0,lowered,qdao,arithmetic,30,True,PRODUCT_FUSED,16,8,4096,245760,2097152.0
qdao_697fba7b6720fb11_0,lowered,qdao,arithmetic,30,True,PRODUCT_FUSED,16,8,65536,3932160,131072.0
qdao_697fba7b6720fb11_0,lowered,qdao,arithmetic,30,True,PRODUCT_FUSED,16,8,1048576,62914560,8192.0
qdao_697fba7b6720fb11_0,lowered,qdao,arithmetic,30,True,PRODUCT_FUSED,16,8,4194304,251658240,2048.0
qdao_697fba7b6720fb11_0,lowered,qdao,arithmetic,30,True,PRODUCT_FUSED,16,16,1,960,1073741824.0
qdao_697fba7b6720fb11_0,lowered,qdao,arithmetic,30,True,PRODUCT_FUSED,16,16,4096,245760,4194304.0
qdao_697fba7b6720fb11_0,lowered,qdao,arithmetic,30,True,PRODUCT_FUSED,16,16,65536,3932160,262144.0
qdao_697fba7b6720fb11_0,lowered,qdao,arithmetic,30,True,PRODUCT_FUSED,16,16,1048576,62914560,16384.0
qdao_697fba7b6720fb11_0,lowered,qdao,arithmetic,30,True,PRODUCT_FUSED,16,16,4194304,251658240,4096.0
qdao_6bb5483bb97a9036_0,lowered,qdao,qft,32,True,EAGER_FULL,16,8,1,2061584302080,1.0
qdao_6bb5483bb97a9036_0,lowered,qdao,qft,32,True,EAGER_FULL,16,8,4096,2061584302080,1.0
qdao_6bb5483bb97a9036_0,lowered,qdao,qft,32,True,EAGER_FULL,16,8,65536,2061584302080,1.0
qdao_6bb5483bb97a9036_0,lowered,qdao,qft,32,True,EAGER_FULL,16,8,1048576,2061584302080,1.0
qdao_6bb5483bb97a9036_0,lowered,qdao,qft,32,True,EAGER_FULL,16,8,4194304,2061584302080,1.0
qdao_6bb5483bb97a9036_0,lowered,qdao,qft,32,True,EAGER_FULL,16,16,1,4123168604160,1.0
qdao_6bb5483bb97a9036_0,lowered,qdao,qft,32,True,EAGER_FULL,16,16,4096,4123168604160,1.0
qdao_6bb5483bb97a9036_0,lowered,qdao,qft,32,True,EAGER_FULL,16,16,65536,4123168604160,1.0
qdao_6bb5483bb97a9036_0,lowered,qdao,qft,32,True,EAGER_FULL,16,16,1048576,4123168604160,1.0
qdao_6bb5483bb97a9036_0,lowered,qdao,qft,32,True,EAGER_FULL,16,16,4194304,4123168604160,1.0
qdao_6bb5483bb97a9036_0,lowered,qdao,qft,32,True,BASIS_REWRITE,16,8,1,326098747376,6.3219632662462875
qdao_6bb5483bb97a9036_0,lowered,qdao,qft,32,True,BASIS_REWRITE,16,8,4096,326098812928,6.321961995412664
qdao_6bb5483bb97a9036_0,lowered,qdao,qft,32,True,BASIS_REWRITE,16,8,65536,326100320256,6.321932773514559
qdao_6bb5483bb97a9036_0,lowered,qdao,qft,32,True,BASIS_REWRITE,16,8,1048576,326134398976,6.321272176602599
qdao_6bb5483bb97a9036_0,lowered,qdao,qft,32,True,BASIS_REWRITE,16,8,4194304,326274908160,6.3185499421519475
qdao_6bb5483bb97a9036_0,lowered,qdao,qft,32,True,BASIS_REWRITE,16,16,1,652197494752,6.3219632662462875
qdao_6bb5483bb97a9036_0,lowered,qdao,qft,32,True,BASIS_REWRITE,16,16,4096,652197552128,6.321962710082035
qdao_6bb5483bb97a9036_0,lowered,qdao,qft,32,True,BASIS_REWRITE,16,16,65536,652198936576,6.321949290206382
qdao_6bb5483bb97a9036_0,lowered,qdao,qft,32,True,BASIS_REWRITE,16,16,1048576,652228952064,6.321658354956641
qdao_6bb5483bb97a9036_0,lowered,qdao,qft,32,True,BASIS_REWRITE,16,16,4194304,652356878336,6.320418686589427
qdao_6bb5483bb97a9036_0,lowered,qdao,qft,32,True,BASIS_THIN,16,8,1,326098747376,6.3219632662462875
qdao_6bb5483bb97a9036_0,lowered,qdao,qft,32,True,BASIS_THIN,16,8,4096,326098812928,6.321961995412664
qdao_6bb5483bb97a9036_0,lowered,qdao,qft,32,True,BASIS_THIN,16,8,65536,326100320256,6.321932773514559
qdao_6bb5483bb97a9036_0,lowered,qdao,qft,32,True,BASIS_THIN,16,8,1048576,326134398976,6.321272176602599
qdao_6bb5483bb97a9036_0,lowered,qdao,qft,32,True,BASIS_THIN,16,8,4194304,326274908160,6.3185499421519475
qdao_6bb5483bb97a9036_0,lowered,qdao,qft,32,True,BASIS_THIN,16,16,1,652197494752,6.3219632662462875
qdao_6bb5483bb97a9036_0,lowered,qdao,qft,32,True,BASIS_THIN,16,16,4096,652197552128,6.321962710082035
qdao_6bb5483bb97a9036_0,lowered,qdao,qft,32,True,BASIS_THIN,16,16,65536,652198936576,6.321949290206382
qdao_6bb5483bb97a9036_0,lowered,qdao,qft,32,True,BASIS_THIN,16,16,1048576,652228952064,6.321658354956641
qdao_6bb5483bb97a9036_0,lowered,qdao,qft,32,True,BASIS_THIN,16,16,4194304,652356878336,6.320418686589427
qdao_6bb5483bb97a9036_0,lowered,qdao,qft,32,True,PRODUCT_FUSED,16,8,1,480,4294967296.0
qdao_6bb5483bb97a9036_0,lowered,qdao,qft,32,True,PRODUCT_FUSED,16,8,4096,245760,8388608.0
qdao_6bb5483bb97a9036_0,lowered,qdao,qft,32,True,PRODUCT_FUSED,16,8,65536,3932160,524288.0
qdao_6bb5483bb97a9036_0,lowered,qdao,qft,32,True,PRODUCT_FUSED,16,8,1048576,62914560,32768.0
qdao_6bb5483bb97a9036_0,lowered,qdao,qft,32,True,PRODUCT_FUSED,16,8,4194304,251658240,8192.0
qdao_6bb5483bb97a9036_0,lowered,qdao,qft,32,True,PRODUCT_FUSED,16,16,1,960,4294967296.0
qdao_6bb5483bb97a9036_0,lowered,qdao,qft,32,True,PRODUCT_FUSED,16,16,4096,245760,16777216.0
qdao_6bb5483bb97a9036_0,lowered,qdao,qft,32,True,PRODUCT_FUSED,16,16,65536,3932160,1048576.0
qdao_6bb5483bb97a9036_0,lowered,qdao,qft,32,True,PRODUCT_FUSED,16,16,1048576,62914560,65536.0
qdao_6bb5483bb97a9036_0,lowered,qdao,qft,32,True,PRODUCT_FUSED,16,16,4194304,251658240,16384.0
qdao_6f0a33e9cac0d6f1_0,lowered,qdao,unknown,28,True,EAGER_FULL,16,8,1,42949672960,1.0
qdao_6f0a33e9cac0d6f1_0,lowered,qdao,unknown,28,True,EAGER_FULL,16,8,4096,42949672960,1.0
qdao_6f0a33e9cac0d6f1_0,lowered,qdao,unknown,28,True,EAGER_FULL,16,8,65536,42949672960,1.0
qdao_6f0a33e9cac0d6f1_0,lowered,qdao,unknown,28,True,EAGER_FULL,16,8,1048576,42949672960,1.0
qdao_6f0a33e9cac0d6f1_0,lowered,qdao,unknown,28,True,EAGER_FULL,16,8,4194304,42949672960,1.0
qdao_6f0a33e9cac0d6f1_0,lowered,qdao,unknown,28,True,EAGER_FULL,16,16,1,85899345920,1.0
qdao_6f0a33e9cac0d6f1_0,lowered,qdao,unknown,28,True,EAGER_FULL,16,16,4096,85899345920,1.0
qdao_6f0a33e9cac0d6f1_0,lowered,qdao,unknown,28,True,EAGER_FULL,16,16,65536,85899345920,1.0
qdao_6f0a33e9cac0d6f1_0,lowered,qdao,unknown,28,True,EAGER_FULL,16,16,1048576,85899345920,1.0
qdao_6f0a33e9cac0d6f1_0,lowered,qdao,unknown,28,True,EAGER_FULL,16,16,4194304,85899345920,1.0
qdao_6f0a33e9cac0d6f1_0,lowered,qdao,unknown,28,True,BASIS_REWRITE,16,8,1,34461450224,1.246310665419662
qdao_6f0a33e9cac0d6f1_0,lowered,qdao,unknown,28,True,BASIS_REWRITE,16,8,4096,34461515776,1.2463082947126602
qdao_6f0a33e9cac0d6f1_0,lowered,qdao,unknown,28,True,BASIS_REWRITE,16,8,65536,34463023104,1.2462537842483987
qdao_6f0a33e9cac0d6f1_0,lowered,qdao,unknown,28,True,BASIS_REWRITE,16,8,1048576,34496053248,1.245060489999392
qdao_6f0a33e9cac0d6f1_0,lowered,qdao,unknown,28,True,BASIS_REWRITE,16,8,4194304,34619785216,1.2406106130361036
qdao_6f0a33e9cac0d6f1_0,lowered,qdao,unknown,28,True,BASIS_REWRITE,16,16,1,68922900448,1.246310665419662
qdao_6f0a33e9cac0d6f1_0,lowered,qdao,unknown,28,True,BASIS_REWRITE,16,16,4096,68922957824,1.2463096279087513
qdao_6f0a33e9cac0d6f1_0,lowered,qdao,unknown,28,True,BASIS_REWRITE,16,16,65536,68924342272,1.246284593924895
qdao_6f0a33e9cac0d6f1_0,lowered,qdao,unknown,28,True,BASIS_REWRITE,16,16,1048576,68954357760,1.245742092457421
qdao_6f0a33e9cac0d6f1_0,lowered,qdao,unknown,28,True,BASIS_REWRITE,16,16,4194304,69071798272,1.2436239980568375
qdao_6f0a33e9cac0d6f1_0,lowered,qdao,unknown,28,True,BASIS_THIN,16,8,1,34461450224,1.246310665419662
qdao_6f0a33e9cac0d6f1_0,lowered,qdao,unknown,28,True,BASIS_THIN,16,8,4096,34461515776,1.2463082947126602
qdao_6f0a33e9cac0d6f1_0,lowered,qdao,unknown,28,True,BASIS_THIN,16,8,65536,34463023104,1.2462537842483987
qdao_6f0a33e9cac0d6f1_0,lowered,qdao,unknown,28,True,BASIS_THIN,16,8,1048576,34496053248,1.245060489999392
qdao_6f0a33e9cac0d6f1_0,lowered,qdao,unknown,28,True,BASIS_THIN,16,8,4194304,34619785216,1.2406106130361036
qdao_6f0a33e9cac0d6f1_0,lowered,qdao,unknown,28,True,BASIS_THIN,16,16,1,68922900448,1.246310665419662
qdao_6f0a33e9cac0d6f1_0,lowered,qdao,unknown,28,True,BASIS_THIN,16,16,4096,68922957824,1.2463096279087513
qdao_6f0a33e9cac0d6f1_0,lowered,qdao,unknown,28,True,BASIS_THIN,16,16,65536,68924342272,1.246284593924895
qdao_6f0a33e9cac0d6f1_0,lowered,qdao,unknown,28,True,BASIS_THIN,16,16,1048576,68954357760,1.245742092457421
qdao_6f0a33e9cac0d6f1_0,lowered,qdao,unknown,28,True,BASIS_THIN,16,16,4194304,69071798272,1.2436239980568375
qdao_6f0a33e9cac0d6f1_0,lowered,qdao,unknown,28,True,PRODUCT_FUSED,16,8,1,31631168848,1.3578275645262996
qdao_6f0a33e9cac0d6f1_0,lowered,qdao,unknown,28,True,PRODUCT_FUSED,16,8,4096,31631204352,1.3578260404518663
qdao_6f0a33e9cac0d6f1_0,lowered,qdao,unknown,28,True,PRODUCT_FUSED,16,8,65536,31631998976,1.357791930651838
qdao_6f0a33e9cac0d6f1_0,lowered,qdao,unknown,28,True,PRODUCT_FUSED,16,8,1048576,31652315136,1.3569204266878685
qdao_6f0a33e9cac0d6f1_0,lowered,qdao,unknown,28,True,PRODUCT_FUSED,16,8,4194304,31725715456,1.3537810682178741
qdao_6f0a33e9cac0d6f1_0,lowered,qdao,unknown,28,True,PRODUCT_FUSED,16,16,1,63262337696,1.3578275645262996
qdao_6f0a33e9cac0d6f1_0,lowered,qdao,unknown,28,True,PRODUCT_FUSED,16,16,4096,63262367744,1.3578269195930777
qdao_6f0a33e9cac0d6f1_0,lowered,qdao,unknown,28,True,PRODUCT_FUSED,16,16,65536,63263080448,1.357811622698427
qdao_6f0a33e9cac0d6f1_0,lowered,qdao,unknown,28,True,PRODUCT_FUSED,16,16,1048576,63281561600,1.3574150787075394
qdao_6f0a33e9cac0d6f1_0,lowered,qdao,unknown,28,True,PRODUCT_FUSED,16,16,4194304,63350767616,1.3559322033898304
qdao_71554d5712174071_0,lowered,qdao,iqp,28,True,EAGER_FULL,16,8,1,60129542144,1.0
qdao_71554d5712174071_0,lowered,qdao,iqp,28,True,EAGER_FULL,16,8,4096,60129542144,1.0
qdao_71554d5712174071_0,lowered,qdao,iqp,28,True,EAGER_FULL,16,8,65536,60129542144,1.0
qdao_71554d5712174071_0,lowered,qdao,iqp,28,True,EAGER_FULL,16,8,1048576,60129542144,1.0
qdao_71554d5712174071_0,lowered,qdao,iqp,28,True,EAGER_FULL,16,8,4194304,60129542144,1.0
qdao_71554d5712174071_0,lowered,qdao,iqp,28,True,EAGER_FULL,16,16,1,120259084288,1.0
qdao_71554d5712174071_0,lowered,qdao,iqp,28,True,EAGER_FULL,16,16,4096,120259084288,1.0
qdao_71554d5712174071_0,lowered,qdao,iqp,28,True,EAGER_FULL,16,16,65536,120259084288,1.0
qdao_71554d5712174071_0,lowered,qdao,iqp,28,True,EAGER_FULL,16,16,1048576,120259084288,1.0
qdao_71554d5712174071_0,lowered,qdao,iqp,28,True,EAGER_FULL,16,16,4194304,120259084288,1.0
qdao_71554d5712174071_0,lowered,qdao,iqp,28,True,BASIS_REWRITE,16,8,1,19357761520,3.1062239340987605
qdao_71554d5712174071_0,lowered,qdao,iqp,28,True,BASIS_REWRITE,16,8,4096,19357827072,3.1062134153979493
qdao_71554d5712174071_0,lowered,qdao,iqp,28,True,BASIS_REWRITE,16,8,65536,19359334400,3.1059715639810426
qdao_71554d5712174071_0,lowered,qdao,iqp,28,True,BASIS_REWRITE,16,8,1048576,19392364544,3.100681302043906
qdao_71554d5712174071_0,lowered,qdao,iqp,28,True,BASIS_REWRITE,16,8,4194304,19520290816,3.0803609798023204
qdao_71554d5712174071_0,lowered,qdao,iqp,28,True,BASIS_REWRITE,16,16,1,38715523040,3.1062239340987605
qdao_71554d5712174071_0,lowered,qdao,iqp,28,True,BASIS_REWRITE,16,16,4096,38715580416,3.106219330714218
qdao_71554d5712174071_0,lowered,qdao,iqp,28,True,BASIS_REWRITE,16,16,65536,38716964864,3.106108257980209
qdao_71554d5712174071_0,lowered,qdao,iqp,28,True,BASIS_REWRITE,16,16,1048576,38746980352,3.10370210002165
qdao_71554d5712174071_0,lowered,qdao,iqp,28,True,BASIS_REWRITE,16,16,4194304,38864420864,3.094323332613857
qdao_71554d5712174071_0,lowered,qdao,iqp,28,True,BASIS_THIN,16,8,1,19357761520,3.1062239340987605
qdao_71554d5712174071_0,lowered,qdao,iqp,28,True,BASIS_THIN,16,8,4096,19357827072,3.1062134153979493
qdao_71554d5712174071_0,lowered,qdao,iqp,28,True,BASIS_THIN,16,8,65536,19359334400,3.1059715639810426
qdao_71554d5712174071_0,lowered,qdao,iqp,28,True,BASIS_THIN,16,8,1048576,19392364544,3.100681302043906
qdao_71554d5712174071_0,lowered,qdao,iqp,28,True,BASIS_THIN,16,8,4194304,19520290816,3.0803609798023204
qdao_71554d5712174071_0,lowered,qdao,iqp,28,True,BASIS_THIN,16,16,1,38715523040,3.1062239340987605
qdao_71554d5712174071_0,lowered,qdao,iqp,28,True,BASIS_THIN,16,16,4096,38715580416,3.106219330714218
qdao_71554d5712174071_0,lowered,qdao,iqp,28,True,BASIS_THIN,16,16,65536,38716964864,3.106108257980209
qdao_71554d5712174071_0,lowered,qdao,iqp,28,True,BASIS_THIN,16,16,1048576,38746980352,3.10370210002165
qdao_71554d5712174071_0,lowered,qdao,iqp,28,True,BASIS_THIN,16,16,4194304,38864420864,3.094323332613857
qdao_71554d5712174071_0,lowered,qdao,iqp,28,True,PRODUCT_FUSED,16,8,1,19357761488,3.1062239392336086
qdao_71554d5712174071_0,lowered,qdao,iqp,28,True,PRODUCT_FUSED,16,8,4096,19357818880,3.1062147299107283
qdao_71554d5712174071_0,lowered,qdao,iqp,28,True,PRODUCT_FUSED,16,8,65536,19359203328,3.105992593043961
qdao_71554d5712174071_0,lowered,qdao,iqp,28,True,PRODUCT_FUSED,16,8,1048576,19390267392,3.1010166558511787
qdao_71554d5712174071_0,lowered,qdao,iqp,28,True,PRODUCT_FUSED,16,8,4194304,19511902208,3.0816852966466035
qdao_71554d5712174071_0,lowered,qdao,iqp,28,True,PRODUCT_FUSED,16,16,1,38715522976,3.1062239392336086
qdao_71554d5712174071_0,lowered,qdao,iqp,28,True,PRODUCT_FUSED,16,16,4096,38715572224,3.1062199879729717
qdao_71554d5712174071_0,lowered,qdao,iqp,28,True,PRODUCT_FUSED,16,16,65536,38716833792,3.106118773401583
qdao_71554d5712174071_0,lowered,qdao,iqp,28,True,PRODUCT_FUSED,16,16,1048576,38744883200,3.103870094722598
qdao_71554d5712174071_0,lowered,qdao,iqp,28,True,PRODUCT_FUSED,16,16,4194304,38856032256,3.0949913644214164
qdao_73296ffb1575473c_0,lowered,qdao,quantum_ml,29,True,EAGER_FULL,16,8,1,25769803776,1.0
qdao_73296ffb1575473c_0,lowered,qdao,quantum_ml,29,True,EAGER_FULL,16,8,4096,25769803776,1.0
qdao_73296ffb1575473c_0,lowered,qdao,quantum_ml,29,True,EAGER_FULL,16,8,65536,25769803776,1.0
qdao_73296ffb1575473c_0,lowered,qdao,quantum_ml,29,True,EAGER_FULL,16,8,1048576,25769803776,1.0
qdao_73296ffb1575473c_0,lowered,qdao,quantum_ml,29,True,EAGER_FULL,16,8,4194304,25769803776,1.0
qdao_73296ffb1575473c_0,lowered,qdao,quantum_ml,29,True,EAGER_FULL,16,16,1,51539607552,1.0
qdao_73296ffb1575473c_0,lowered,qdao,quantum_ml,29,True,EAGER_FULL,16,16,4096,51539607552,1.0
qdao_73296ffb1575473c_0,lowered,qdao,quantum_ml,29,True,EAGER_FULL,16,16,65536,51539607552,1.0
qdao_73296ffb1575473c_0,lowered,qdao,quantum_ml,29,True,EAGER_FULL,16,16,1048576,51539607552,1.0
qdao_73296ffb1575473c_0,lowered,qdao,quantum_ml,29,True,EAGER_FULL,16,16,4194304,51539607552,1.0
qdao_73296ffb1575473c_0,lowered,qdao,quantum_ml,29,True,BASIS_REWRITE,16,8,1,17315135472,1.4882819610433828
qdao_73296ffb1575473c_0,lowered,qdao,quantum_ml,29,True,BASIS_REWRITE,16,8,4096,17315201024,1.4882763266959111
qdao_73296ffb1575473c_0,lowered,qdao,quantum_ml,29,True,BASIS_REWRITE,16,8,65536,17316708352,1.4881467801023343
qdao_73296ffb1575473c_0,lowered,qdao,quantum_ml,29,True,BASIS_REWRITE,16,8,1048576,17349738496,1.4853136709778798
qdao_73296ffb1575473c_0,lowered,qdao,quantum_ml,29,True,BASIS_REWRITE,16,8,4194304,17473470464,1.4747959673547768
qdao_73296ffb1575473c_0,lowered,qdao,quantum_ml,29,True,BASIS_REWRITE,16,16,1,34630270944,1.4882819610433828
qdao_73296ffb1575473c_0,lowered,qdao,quantum_ml,29,True,BASIS_REWRITE,16,16,4096,34630328320,1.4882794952375433
qdao_73296ffb1575473c_0,lowered,qdao,quantum_ml,29,True,BASIS_REWRITE,16,16,65536,34631712768,1.488219999318747
qdao_73296ffb1575473c_0,lowered,qdao,quantum_ml,29,True,BASIS_REWRITE,16,16,1048576,34661728256,1.4869312681510165
qdao_73296ffb1575473c_0,lowered,qdao,quantum_ml,29,True,BASIS_REWRITE,16,16,4194304,34779168768,1.4819102749638204
qdao_73296ffb1575473c_0,lowered,qdao,quantum_ml,29,True,BASIS_THIN,16,8,1,17315135472,1.4882819610433828
qdao_73296ffb1575473c_0,lowered,qdao,quantum_ml,29,True,BASIS_THIN,16,8,4096,17315201024,1.4882763266959111
qdao_73296ffb1575473c_0,lowered,qdao,quantum_ml,29,True,BASIS_THIN,16,8,65536,17316708352,1.4881467801023343
qdao_73296ffb1575473c_0,lowered,qdao,quantum_ml,29,True,BASIS_THIN,16,8,1048576,17349738496,1.4853136709778798
qdao_73296ffb1575473c_0,lowered,qdao,quantum_ml,29,True,BASIS_THIN,16,8,4194304,17473470464,1.4747959673547768
qdao_73296ffb1575473c_0,lowered,qdao,quantum_ml,29,True,BASIS_THIN,16,16,1,34630270944,1.4882819610433828
qdao_73296ffb1575473c_0,lowered,qdao,quantum_ml,29,True,BASIS_THIN,16,16,4096,34630328320,1.4882794952375433
qdao_73296ffb1575473c_0,lowered,qdao,quantum_ml,29,True,BASIS_THIN,16,16,65536,34631712768,1.488219999318747
qdao_73296ffb1575473c_0,lowered,qdao,quantum_ml,29,True,BASIS_THIN,16,16,1048576,34661728256,1.4869312681510165
qdao_73296ffb1575473c_0,lowered,qdao,quantum_ml,29,True,BASIS_THIN,16,16,4194304,34779168768,1.4819102749638204
qdao_73296ffb1575473c_0,lowered,qdao,quantum_ml,29,True,PRODUCT_FUSED,16,8,1,17314611152,1.4883270291070525
qdao_73296ffb1575473c_0,lowered,qdao,quantum_ml,29,True,PRODUCT_FUSED,16,8,4096,17314668544,1.4883220958295464
qdao_73296ffb1575473c_0,lowered,qdao,quantum_ml,29,True,PRODUCT_FUSED,16,8,65536,17316052992,1.4882031019370074
qdao_73296ffb1575473c_0,lowered,qdao,quantum_ml,29,True,PRODUCT_FUSED,16,8,1048576,17345544192,1.4856728327892637
qdao_73296ffb1575473c_0,lowered,qdao,quantum_ml,29,True,PRODUCT_FUSED,16,8,4194304,17456693248,1.4762133589620374
qdao_73296ffb1575473c_0,lowered,qdao,quantum_ml,29,True,PRODUCT_FUSED,16,16,1,34629222304,1.4883270291070525
qdao_73296ffb1575473c_0,lowered,qdao,quantum_ml,29,True,PRODUCT_FUSED,16,16,4096,34629271552,1.4883249124835647
qdao_73296ffb1575473c_0,lowered,qdao,quantum_ml,29,True,PRODUCT_FUSED,16,16,65536,34630533120,1.4882706937663222
qdao_73296ffb1575473c_0,lowered,qdao,quantum_ml,29,True,PRODUCT_FUSED,16,16,1048576,34657533952,1.4871112186857074
qdao_73296ffb1575473c_0,lowered,qdao,quantum_ml,29,True,PRODUCT_FUSED,16,16,4194304,34762391552,1.4826254826254825
qdao_7bc65596232c0019_0,lowered,qdao,state_preparation,32,True,EAGER_FULL,16,8,1,274877906944,1.0
qdao_7bc65596232c0019_0,lowered,qdao,state_preparation,32,True,EAGER_FULL,16,8,4096,274877906944,1.0
qdao_7bc65596232c0019_0,lowered,qdao,state_preparation,32,True,EAGER_FULL,16,8,65536,274877906944,1.0
qdao_7bc65596232c0019_0,lowered,qdao,state_preparation,32,True,EAGER_FULL,16,8,1048576,274877906944,1.0
qdao_7bc65596232c0019_0,lowered,qdao,state_preparation,32,True,EAGER_FULL,16,8,4194304,274877906944,1.0
qdao_7bc65596232c0019_0,lowered,qdao,state_preparation,32,True,EAGER_FULL,16,16,1,549755813888,1.0
qdao_7bc65596232c0019_0,lowered,qdao,state_preparation,32,True,EAGER_FULL,16,16,4096,549755813888,1.0
qdao_7bc65596232c0019_0,lowered,qdao,state_preparation,32,True,EAGER_FULL,16,16,65536,549755813888,1.0
qdao_7bc65596232c0019_0,lowered,qdao,state_preparation,32,True,EAGER_FULL,16,16,1048576,549755813888,1.0
qdao_7bc65596232c0019_0,lowered,qdao,state_preparation,32,True,EAGER_FULL,16,16,4194304,549755813888,1.0
qdao_7bc65596232c0019_0,lowered,qdao,state_preparation,32,True,BASIS_REWRITE,16,8,1,172336611312,1.5950058716563607
qdao_7bc65596232c0019_0,lowered,qdao,state_preparation,32,True,BASIS_REWRITE,16,8,4096,172336676864,1.5950052649612172
qdao_7bc65596232c0019_0,lowered,qdao,state_preparation,32,True,BASIS_REWRITE,16,8,65536,172338184192,1.5949913145061438
qdao_7bc65596232c0019_0,lowered,qdao,state_preparation,32,True,BASIS_REWRITE,16,8,1048576,172371214336,1.5946856788290973
qdao_7bc65596232c0019_0,lowered,qdao,state_preparation,32,True,BASIS_REWRITE,16,8,4194304,172494946304,1.5935417983757234
qdao_7bc65596232c0019_0,lowered,qdao,state_preparation,32,True,BASIS_REWRITE,16,16,1,344673222624,1.5950058716563607
qdao_7bc65596232c0019_0,lowered,qdao,state_preparation,32,True,BASIS_REWRITE,16,16,4096,344673280000,1.5950056061438822
qdao_7bc65596232c0019_0,lowered,qdao,state_preparation,32,True,BASIS_REWRITE,16,16,65536,344674664448,1.594999199515983
qdao_7bc65596232c0019_0,lowered,qdao,state_preparation,32,True,BASIS_REWRITE,16,16,1048576,344704679936,1.594860313443006
qdao_7bc65596232c0019_0,lowered,qdao,state_preparation,32,True,BASIS_REWRITE,16,16,4194304,344822120448,1.5943171313190287
qdao_7bc65596232c0019_0,lowered,qdao,state_preparation,32,True,BASIS_THIN,16,8,1,172336611312,1.5950058716563607
qdao_7bc65596232c0019_0,lowered,qdao,state_preparation,32,True,BASIS_THIN,16,8,4096,172336676864,1.5950052649612172
qdao_7bc65596232c0019_0,lowered,qdao,state_preparation,32,True,BASIS_THIN,16,8,65536,172338184192,1.5949913145061438
qdao_7bc65596232c0019_0,lowered,qdao,state_preparation,32,True,BASIS_THIN,16,8,1048576,172371214336,1.5946856788290973
qdao_7bc65596232c0019_0,lowered,qdao,state_preparation,32,True,BASIS_THIN,16,8,4194304,172494946304,1.5935417983757234
qdao_7bc65596232c0019_0,lowered,qdao,state_preparation,32,True,BASIS_THIN,16,16,1,344673222624,1.5950058716563607
qdao_7bc65596232c0019_0,lowered,qdao,state_preparation,32,True,BASIS_THIN,16,16,4096,344673280000,1.5950056061438822
qdao_7bc65596232c0019_0,lowered,qdao,state_preparation,32,True,BASIS_THIN,16,16,65536,344674664448,1.594999199515983
qdao_7bc65596232c0019_0,lowered,qdao,state_preparation,32,True,BASIS_THIN,16,16,1048576,344704679936,1.594860313443006
qdao_7bc65596232c0019_0,lowered,qdao,state_preparation,32,True,BASIS_THIN,16,16,4194304,344822120448,1.5943171313190287
qdao_7bc65596232c0019_0,lowered,qdao,state_preparation,32,True,PRODUCT_FUSED,16,8,1,10708000592,25.670329823231672
qdao_7bc65596232c0019_0,lowered,qdao,state_preparation,32,True,PRODUCT_FUSED,16,8,4096,10708049920,25.67021156957774
qdao_7bc65596232c0019_0,lowered,qdao,state_preparation,32,True,PRODUCT_FUSED,16,8,65536,10709368832,25.66705015543534
qdao_7bc65596232c0019_0,lowered,qdao,state_preparation,32,True,PRODUCT_FUSED,16,8,1048576,10737418240,25.6
qdao_7bc65596232c0019_0,lowered,qdao,state_preparation,32,True,PRODUCT_FUSED,16,8,4194304,10846470144,25.34261407579273
qdao_7bc65596232c0019_0,lowered,qdao,state_preparation,32,True,PRODUCT_FUSED,16,16,1,21416001184,25.670329823231672
qdao_7bc65596232c0019_0,lowered,qdao,state_preparation,32,True,PRODUCT_FUSED,16,16,4096,21416042496,25.670280304621226
qdao_7bc65596232c0019_0,lowered,qdao,state_preparation,32,True,PRODUCT_FUSED,16,16,65536,21417295872,25.66877803685412
qdao_7bc65596232c0019_0,lowered,qdao,state_preparation,32,True,PRODUCT_FUSED,16,16,1048576,21443379200,25.63755501222494
qdao_7bc65596232c0019_0,lowered,qdao,state_preparation,32,True,PRODUCT_FUSED,16,16,4194304,21541945344,25.5202492211838
qdao_8001255ee7284350_0,lowered,qdao,state_preparation,29,True,EAGER_FULL,16,8,1,25769803776,1.0
qdao_8001255ee7284350_0,lowered,qdao,state_preparation,29,True,EAGER_FULL,16,8,4096,25769803776,1.0
qdao_8001255ee7284350_0,lowered,qdao,state_preparation,29,True,EAGER_FULL,16,8,65536,25769803776,1.0
qdao_8001255ee7284350_0,lowered,qdao,state_preparation,29,True,EAGER_FULL,16,8,1048576,25769803776,1.0
qdao_8001255ee7284350_0,lowered,qdao,state_preparation,29,True,EAGER_FULL,16,8,4194304,25769803776,1.0
qdao_8001255ee7284350_0,lowered,qdao,state_preparation,29,True,EAGER_FULL,16,16,1,51539607552,1.0
qdao_8001255ee7284350_0,lowered,qdao,state_preparation,29,True,EAGER_FULL,16,16,4096,51539607552,1.0
qdao_8001255ee7284350_0,lowered,qdao,state_preparation,29,True,EAGER_FULL,16,16,65536,51539607552,1.0
qdao_8001255ee7284350_0,lowered,qdao,state_preparation,29,True,EAGER_FULL,16,16,1048576,51539607552,1.0
qdao_8001255ee7284350_0,lowered,qdao,state_preparation,29,True,EAGER_FULL,16,16,4194304,51539607552,1.0
qdao_8001255ee7284350_0,lowered,qdao,state_preparation,29,True,BASIS_REWRITE,16,8,1,19328401392,1.333261000398413
qdao_8001255ee7284350_0,lowered,qdao,state_preparation,29,True,BASIS_REWRITE,16,8,4096,19328466944,1.333256478677919
qdao_8001255ee7284350_0,lowered,qdao,state_preparation,29,True,BASIS_REWRITE,16,8,65536,19329974272,1.3331525129512598
qdao_8001255ee7284350_0,lowered,qdao,state_preparation,29,True,BASIS_REWRITE,16,8,1048576,19363004416,1.3308783710603271
qdao_8001255ee7284350_0,lowered,qdao,state_preparation,29,True,BASIS_REWRITE,16,8,4194304,19486736384,1.3224278949634094
qdao_8001255ee7284350_0,lowered,qdao,state_preparation,29,True,BASIS_REWRITE,16,16,1,38656802784,1.333261000398413
qdao_8001255ee7284350_0,lowered,qdao,state_preparation,29,True,BASIS_REWRITE,16,16,4096,38656860160,1.3332590215211104
qdao_8001255ee7284350_0,lowered,qdao,state_preparation,29,True,BASIS_REWRITE,16,16,65536,38658244608,1.3332112741956812
qdao_8001255ee7284350_0,lowered,qdao,state_preparation,29,True,BASIS_REWRITE,16,16,1048576,38688260096,1.3321769297484822
qdao_8001255ee7284350_0,lowered,qdao,state_preparation,29,True,BASIS_REWRITE,16,16,4194304,38805700608,1.3281452658884565
qdao_8001255ee7284350_0,lowered,qdao,state_preparation,29,True,BASIS_THIN,16,8,1,19328401392,1.333261000398413
qdao_8001255ee7284350_0,lowered,qdao,state_preparation,29,True,BASIS_THIN,16,8,4096,19328466944,1.333256478677919
qdao_8001255ee7284350_0,lowered,qdao,state_preparation,29,True,BASIS_THIN,16,8,65536,19329974272,1.3331525129512598
qdao_8001255ee7284350_0,lowered,qdao,state_preparation,29,True,BASIS_THIN,16,8,1048576,19363004416,1.3308783710603271
qdao_8001255ee7284350_0,lowered,qdao,state_preparation,29,True,BASIS_THIN,16,8,4194304,19486736384,1.3224278949634094
qdao_8001255ee7284350_0,lowered,qdao,state_preparation,29,True,BASIS_THIN,16,16,1,38656802784,1.333261000398413
qdao_8001255ee7284350_0,lowered,qdao,state_preparation,29,True,BASIS_THIN,16,16,4096,38656860160,1.3332590215211104
qdao_8001255ee7284350_0,lowered,qdao,state_preparation,29,True,BASIS_THIN,16,16,65536,38658244608,1.3332112741956812
qdao_8001255ee7284350_0,lowered,qdao,state_preparation,29,True,BASIS_THIN,16,16,1048576,38688260096,1.3321769297484822
qdao_8001255ee7284350_0,lowered,qdao,state_preparation,29,True,BASIS_THIN,16,16,4194304,38805700608,1.3281452658884565
qdao_8001255ee7284350_0,lowered,qdao,state_preparation,29,True,PRODUCT_FUSED,16,8,1,972455376,26.499728843084725
qdao_8001255ee7284350_0,lowered,qdao,state_preparation,29,True,PRODUCT_FUSED,16,8,4096,972505088,26.498374243981335
qdao_8001255ee7284350_0,lowered,qdao,state_preparation,29,True,PRODUCT_FUSED,16,8,65536,973864960,26.461372812920594
qdao_8001255ee7284350_0,lowered,qdao,state_preparation,29,True,PRODUCT_FUSED,16,8,1048576,1000341504,25.761006289308177
qdao_8001255ee7284350_0,lowered,qdao,state_preparation,29,True,PRODUCT_FUSED,16,8,4194304,1098907648,23.450381679389313
qdao_8001255ee7284350_0,lowered,qdao,state_preparation,29,True,PRODUCT_FUSED,16,16,1,1944910752,26.499728843084725
qdao_8001255ee7284350_0,lowered,qdao,state_preparation,29,True,PRODUCT_FUSED,16,16,4096,1944952832,26.499155508569167
qdao_8001255ee7284350_0,lowered,qdao,state_preparation,29,True,PRODUCT_FUSED,16,16,65536,1946157056,26.482758620689655
qdao_8001255ee7284350_0,lowered,qdao,state_preparation,29,True,PRODUCT_FUSED,16,16,1048576,1971322880,26.14468085106383
qdao_8001255ee7284350_0,lowered,qdao,state_preparation,29,True,PRODUCT_FUSED,16,16,4194304,2063597568,24.975609756097562
qdao_822e275e5ae2169f_0,lowered,qdao,unknown,28,True,EAGER_FULL,16,8,1,8589934592,1.0
qdao_822e275e5ae2169f_0,lowered,qdao,unknown,28,True,EAGER_FULL,16,8,4096,8589934592,1.0
qdao_822e275e5ae2169f_0,lowered,qdao,unknown,28,True,EAGER_FULL,16,8,65536,8589934592,1.0
qdao_822e275e5ae2169f_0,lowered,qdao,unknown,28,True,EAGER_FULL,16,8,1048576,8589934592,1.0
qdao_822e275e5ae2169f_0,lowered,qdao,unknown,28,True,EAGER_FULL,16,8,4194304,8589934592,1.0
qdao_822e275e5ae2169f_0,lowered,qdao,unknown,28,True,EAGER_FULL,16,16,1,17179869184,1.0
qdao_822e275e5ae2169f_0,lowered,qdao,unknown,28,True,EAGER_FULL,16,16,4096,17179869184,1.0
qdao_822e275e5ae2169f_0,lowered,qdao,unknown,28,True,EAGER_FULL,16,16,65536,17179869184,1.0
qdao_822e275e5ae2169f_0,lowered,qdao,unknown,28,True,EAGER_FULL,16,16,1048576,17179869184,1.0
qdao_822e275e5ae2169f_0,lowered,qdao,unknown,28,True,EAGER_FULL,16,16,4194304,17179869184,1.0
qdao_822e275e5ae2169f_0,lowered,qdao,unknown,28,True,BASIS_REWRITE,16,8,1,8590983152,0.9998779464490329
qdao_822e275e5ae2169f_0,lowered,qdao,unknown,28,True,BASIS_REWRITE,16,8,4096,8591048704,0.9998703171128013
qdao_822e275e5ae2169f_0,lowered,qdao,unknown,28,True,BASIS_REWRITE,16,8,65536,8592556032,0.9996949173225944
qdao_822e275e5ae2169f_0,lowered,qdao,unknown,28,True,BASIS_REWRITE,16,8,1048576,8625586176,0.9958667639192803
qdao_822e275e5ae2169f_0,lowered,qdao,unknown,28,True,BASIS_REWRITE,16,8,4194304,8749318144,0.9817833173537871
qdao_822e275e5ae2169f_0,lowered,qdao,unknown,28,True,BASIS_REWRITE,16,16,1,17181966304,0.9998779464490329
qdao_822e275e5ae2169f_0,lowered,qdao,unknown,28,True,BASIS_REWRITE,16,16,4096,17182023680,0.9998746075526302
qdao_822e275e5ae2169f_0,lowered,qdao,unknown,28,True,BASIS_REWRITE,16,16,65536,17183408128,0.9997940487723018
qdao_822e275e5ae2169f_0,lowered,qdao,unknown,28,True,BASIS_REWRITE,16,16,1048576,17213423616,0.9980506822612085
qdao_822e275e5ae2169f_0,lowered,qdao,unknown,28,True,BASIS_REWRITE,16,16,4194304,17330864128,0.9912875121006777
qdao_822e275e5ae2169f_0,lowered,qdao,unknown,28,True,BASIS_THIN,16,8,1,8590983152,0.9998779464490329
qdao_822e275e5ae2169f_0,lowered,qdao,unknown,28,True,BASIS_THIN,16,8,4096,8591048704,0.9998703171128013
qdao_822e275e5ae2169f_0,lowered,qdao,unknown,28,True,BASIS_THIN,16,8,65536,8592556032,0.9996949173225944
qdao_822e275e5ae2169f_0,lowered,qdao,unknown,28,True,BASIS_THIN,16,8,1048576,8625586176,0.9958667639192803
qdao_822e275e5ae2169f_0,lowered,qdao,unknown,28,True,BASIS_THIN,16,8,4194304,8749318144,0.9817833173537871
qdao_822e275e5ae2169f_0,lowered,qdao,unknown,28,True,BASIS_THIN,16,16,1,17181966304,0.9998779464490329
qdao_822e275e5ae2169f_0,lowered,qdao,unknown,28,True,BASIS_THIN,16,16,4096,17182023680,0.9998746075526302
qdao_822e275e5ae2169f_0,lowered,qdao,unknown,28,True,BASIS_THIN,16,16,65536,17183408128,0.9997940487723018
qdao_822e275e5ae2169f_0,lowered,qdao,unknown,28,True,BASIS_THIN,16,16,1048576,17213423616,0.9980506822612085
qdao_822e275e5ae2169f_0,lowered,qdao,unknown,28,True,BASIS_THIN,16,16,4194304,17330864128,0.9912875121006777
qdao_822e275e5ae2169f_0,lowered,qdao,unknown,28,True,PRODUCT_FUSED,16,8,1,1432180048,5.997803561078516
qdao_822e275e5ae2169f_0,lowered,qdao,unknown,28,True,PRODUCT_FUSED,16,8,4096,1432215552,5.9976548781394605
qdao_822e275e5ae2169f_0,lowered,qdao,unknown,28,True,PRODUCT_FUSED,16,8,65536,1433010176,5.99432909539925
qdao_822e275e5ae2169f_0,lowered,qdao,unknown,28,True,PRODUCT_FUSED,16,8,1048576,1453326336,5.9105339105339105
qdao_822e275e5ae2169f_0,lowered,qdao,unknown,28,True,PRODUCT_FUSED,16,8,4194304,1526726656,5.626373626373627
qdao_822e275e5ae2169f_0,lowered,qdao,unknown,28,True,PRODUCT_FUSED,16,16,1,2864360096,5.997803561078516
qdao_822e275e5ae2169f_0,lowered,qdao,unknown,28,True,PRODUCT_FUSED,16,16,4096,2864390144,5.99774064297297
qdao_822e275e5ae2169f_0,lowered,qdao,unknown,28,True,PRODUCT_FUSED,16,16,65536,2865102848,5.996248684752276
qdao_822e275e5ae2169f_0,lowered,qdao,unknown,28,True,PRODUCT_FUSED,16,16,1048576,2883584000,5.9578181818181815
qdao_822e275e5ae2169f_0,lowered,qdao,unknown,28,True,PRODUCT_FUSED,16,16,4194304,2952790016,5.818181818181818
qdao_8997d0434cc5b186_0,lowered,qdao,iqp,29,True,EAGER_FULL,16,8,1,137438953472,1.0
qdao_8997d0434cc5b186_0,lowered,qdao,iqp,29,True,EAGER_FULL,16,8,4096,137438953472,1.0
qdao_8997d0434cc5b186_0,lowered,qdao,iqp,29,True,EAGER_FULL,16,8,65536,137438953472,1.0
qdao_8997d0434cc5b186_0,lowered,qdao,iqp,29,True,EAGER_FULL,16,8,1048576,137438953472,1.0
qdao_8997d0434cc5b186_0,lowered,qdao,iqp,29,True,EAGER_FULL,16,8,4194304,137438953472,1.0
qdao_8997d0434cc5b186_0,lowered,qdao,iqp,29,True,EAGER_FULL,16,16,1,274877906944,1.0
qdao_8997d0434cc5b186_0,lowered,qdao,iqp,29,True,EAGER_FULL,16,16,4096,274877906944,1.0
qdao_8997d0434cc5b186_0,lowered,qdao,iqp,29,True,EAGER_FULL,16,16,65536,274877906944,1.0
qdao_8997d0434cc5b186_0,lowered,qdao,iqp,29,True,EAGER_FULL,16,16,1048576,274877906944,1.0
qdao_8997d0434cc5b186_0,lowered,qdao,iqp,29,True,EAGER_FULL,16,16,4194304,274877906944,1.0
qdao_8997d0434cc5b186_0,lowered,qdao,iqp,29,True,BASIS_REWRITE,16,8,1,45345669104,3.0309168700716413
qdao_8997d0434cc5b186_0,lowered,qdao,iqp,29,True,BASIS_REWRITE,16,8,4096,45345734656,3.030912488564446
qdao_8997d0434cc5b186_0,lowered,qdao,iqp,29,True,BASIS_REWRITE,16,8,65536,45347241984,3.0308117419906813
qdao_8997d0434cc5b186_0,lowered,qdao,iqp,29,True,BASIS_REWRITE,16,8,1048576,45380272128,3.0286057581219095
qdao_8997d0434cc5b186_0,lowered,qdao,iqp,29,True,BASIS_REWRITE,16,8,4194304,45508198400,3.0200921658986175
qdao_8997d0434cc5b186_0,lowered,qdao,iqp,29,True,BASIS_REWRITE,16,16,1,90691338208,3.0309168700716413
qdao_8997d0434cc5b186_0,lowered,qdao,iqp,29,True,BASIS_REWRITE,16,16,4096,90691395584,3.030914952559123
qdao_8997d0434cc5b186_0,lowered,qdao,iqp,29,True,BASIS_REWRITE,16,16,65536,90692780032,3.0308686848833193
qdao_8997d0434cc5b186_0,lowered,qdao,iqp,29,True,BASIS_REWRITE,16,16,1048576,90722795520,3.0298659269533057
qdao_8997d0434cc5b186_0,lowered,qdao,iqp,29,True,BASIS_REWRITE,16,16,4194304,90840236032,3.0259488410748916
qdao_8997d0434cc5b186_0,lowered,qdao,iqp,29,True,BASIS_THIN,16,8,1,45345669104,3.0309168700716413
qdao_8997d0434cc5b186_0,lowered,qdao,iqp,29,True,BASIS_THIN,16,8,4096,45345734656,3.030912488564446
qdao_8997d0434cc5b186_0,lowered,qdao,iqp,29,True,BASIS_THIN,16,8,65536,45347241984,3.0308117419906813
qdao_8997d0434cc5b186_0,lowered,qdao,iqp,29,True,BASIS_THIN,16,8,1048576,45380272128,3.0286057581219095
qdao_8997d0434cc5b186_0,lowered,qdao,iqp,29,True,BASIS_THIN,16,8,4194304,45508198400,3.0200921658986175
qdao_8997d0434cc5b186_0,lowered,qdao,iqp,29,True,BASIS_THIN,16,16,1,90691338208,3.0309168700716413
qdao_8997d0434cc5b186_0,lowered,qdao,iqp,29,True,BASIS_THIN,16,16,4096,90691395584,3.030914952559123
qdao_8997d0434cc5b186_0,lowered,qdao,iqp,29,True,BASIS_THIN,16,16,65536,90692780032,3.0308686848833193
qdao_8997d0434cc5b186_0,lowered,qdao,iqp,29,True,BASIS_THIN,16,16,1048576,90722795520,3.0298659269533057
qdao_8997d0434cc5b186_0,lowered,qdao,iqp,29,True,BASIS_THIN,16,16,4194304,90840236032,3.0259488410748916
qdao_8997d0434cc5b186_0,lowered,qdao,iqp,29,True,PRODUCT_FUSED,16,8,1,45345669072,3.03091687221053
qdao_8997d0434cc5b186_0,lowered,qdao,iqp,29,True,PRODUCT_FUSED,16,8,4096,45345726464,3.030913036118472
qdao_8997d0434cc5b186_0,lowered,qdao,iqp,29,True,PRODUCT_FUSED,16,8,65536,45347110912,3.0308205022964354
qdao_8997d0434cc5b186_0,lowered,qdao,iqp,29,True,PRODUCT_FUSED,16,8,1048576,45378174976,3.0287457251132266
qdao_8997d0434cc5b186_0,lowered,qdao,iqp,29,True,PRODUCT_FUSED,16,8,4194304,45499809792,3.0206489675516224
qdao_8997d0434cc5b186_0,lowered,qdao,iqp,29,True,PRODUCT_FUSED,16,16,1,90691338144,3.03091687221053
qdao_8997d0434cc5b186_0,lowered,qdao,iqp,29,True,PRODUCT_FUSED,16,16,4096,90691387392,3.0309152263365564
qdao_8997d0434cc5b186_0,lowered,qdao,iqp,29,True,PRODUCT_FUSED,16,16,65536,90692648960,3.030873065194456
qdao_8997d0434cc5b186_0,lowered,qdao,iqp,29,True,PRODUCT_FUSED,16,16,1048576,90720698368,3.0299359670819945
qdao_8997d0434cc5b186_0,lowered,qdao,iqp,29,True,PRODUCT_FUSED,16,16,4194304,90831847424,3.0262282970077576
qdao_8bb3ef63c6970a72_0,lowered,qdao,unknown,28,True,EAGER_FULL,16,8,1,352187318272,1.0
qdao_8bb3ef63c6970a72_0,lowered,qdao,unknown,28,True,EAGER_FULL,16,8,4096,352187318272,1.0
qdao_8bb3ef63c6970a72_0,lowered,qdao,unknown,28,True,EAGER_FULL,16,8,65536,352187318272,1.0
qdao_8bb3ef63c6970a72_0,lowered,qdao,unknown,28,True,EAGER_FULL,16,8,1048576,352187318272,1.0
qdao_8bb3ef63c6970a72_0,lowered,qdao,unknown,28,True,EAGER_FULL,16,8,4194304,352187318272,1.0
qdao_8bb3ef63c6970a72_0,lowered,qdao,unknown,28,True,EAGER_FULL,16,16,1,704374636544,1.0
qdao_8bb3ef63c6970a72_0,lowered,qdao,unknown,28,True,EAGER_FULL,16,16,4096,704374636544,1.0
qdao_8bb3ef63c6970a72_0,lowered,qdao,unknown,28,True,EAGER_FULL,16,16,65536,704374636544,1.0
qdao_8bb3ef63c6970a72_0,lowered,qdao,unknown,28,True,EAGER_FULL,16,16,1048576,704374636544,1.0
qdao_8bb3ef63c6970a72_0,lowered,qdao,unknown,28,True,EAGER_FULL,16,16,4194304,704374636544,1.0
qdao_8bb3ef63c6970a72_0,lowered,qdao,unknown,28,True,BASIS_REWRITE,16,8,1,290865545200,1.210825153009563
qdao_8bb3ef63c6970a72_0,lowered,qdao,unknown,28,True,BASIS_REWRITE,16,8,4096,290865610752,1.2108248801274915
qdao_8bb3ef63c6970a72_0,lowered,qdao,unknown,28,True,BASIS_REWRITE,16,8,65536,290867118080,1.2108186054056977
qdao_8bb3ef63c6970a72_0,lowered,qdao,unknown,28,True,BASIS_REWRITE,16,8,1048576,290900148224,1.2106811234788626
qdao_8bb3ef63c6970a72_0,lowered,qdao,unknown,28,True,BASIS_REWRITE,16,8,4194304,291034365952,1.2101227878019254
qdao_8bb3ef63c6970a72_0,lowered,qdao,unknown,28,True,BASIS_REWRITE,16,16,1,581731090400,1.210825153009563
qdao_8bb3ef63c6970a72_0,lowered,qdao,unknown,28,True,BASIS_REWRITE,16,16,4096,581731147776,1.210825033586176
qdao_8bb3ef63c6970a72_0,lowered,qdao,unknown,28,True,BASIS_REWRITE,16,16,65536,581732532224,1.2108221519795903
qdao_8bb3ef63c6970a72_0,lowered,qdao,unknown,28,True,BASIS_REWRITE,16,16,1048576,581762547712,1.210759680756725
qdao_8bb3ef63c6970a72_0,lowered,qdao,unknown,28,True,BASIS_REWRITE,16,16,4194304,581884182528,1.2105065882420782
qdao_8bb3ef63c6970a72_0,lowered,qdao,unknown,28,True,BASIS_THIN,16,8,1,290865545200,1.210825153009563
qdao_8bb3ef63c6970a72_0,lowered,qdao,unknown,28,True,BASIS_THIN,16,8,4096,290865610752,1.2108248801274915
qdao_8bb3ef63c6970a72_0,lowered,qdao,unknown,28,True,BASIS_THIN,16,8,65536,290867118080,1.2108186054056977
qdao_8bb3ef63c6970a72_0,lowered,qdao,unknown,28,True,BASIS_THIN,16,8,1048576,290900148224,1.2106811234788626
qdao_8bb3ef63c6970a72_0,lowered,qdao,unknown,28,True,BASIS_THIN,16,8,4194304,291034365952,1.2101227878019254
qdao_8bb3ef63c6970a72_0,lowered,qdao,unknown,28,True,BASIS_THIN,16,16,1,581731090400,1.210825153009563
qdao_8bb3ef63c6970a72_0,lowered,qdao,unknown,28,True,BASIS_THIN,16,16,4096,581731147776,1.210825033586176
qdao_8bb3ef63c6970a72_0,lowered,qdao,unknown,28,True,BASIS_THIN,16,16,65536,581732532224,1.2108221519795903
qdao_8bb3ef63c6970a72_0,lowered,qdao,unknown,28,True,BASIS_THIN,16,16,1048576,581762547712,1.210759680756725
qdao_8bb3ef63c6970a72_0,lowered,qdao,unknown,28,True,BASIS_THIN,16,16,4194304,581884182528,1.2105065882420782
qdao_8bb3ef63c6970a72_0,lowered,qdao,unknown,28,True,PRODUCT_FUSED,16,8,1,290798436304,1.2111045807131653
qdao_8bb3ef63c6970a72_0,lowered,qdao,unknown,28,True,PRODUCT_FUSED,16,8,4096,290798493696,1.2111043416895264
qdao_8bb3ef63c6970a72_0,lowered,qdao,unknown,28,True,PRODUCT_FUSED,16,8,65536,290799878144,1.211098575830908
qdao_8bb3ef63c6970a72_0,lowered,qdao,unknown,28,True,PRODUCT_FUSED,16,8,1048576,290830942208,1.2109692166802473
qdao_8bb3ef63c6970a72_0,lowered,qdao,unknown,28,True,PRODUCT_FUSED,16,8,4194304,290958868480,1.21043678823699
qdao_8bb3ef63c6970a72_0,lowered,qdao,unknown,28,True,PRODUCT_FUSED,16,16,1,581596872608,1.2111045807131653
qdao_8bb3ef63c6970a72_0,lowered,qdao,unknown,28,True,PRODUCT_FUSED,16,16,4096,581596921856,1.211104478160218
qdao_8bb3ef63c6970a72_0,lowered,qdao,unknown,28,True,PRODUCT_FUSED,16,16,65536,581598183424,1.211101851104808
qdao_8bb3ef63c6970a72_0,lowered,qdao,unknown,28,True,PRODUCT_FUSED,16,16,1048576,581626232832,1.2110434447124658
qdao_8bb3ef63c6970a72_0,lowered,qdao,unknown,28,True,PRODUCT_FUSED,16,16,4194304,581741576192,1.2108033280941326
qdao_a2fc8598a1183e86_0,lowered,qdao,hidden_linear_function,30,True,EAGER_FULL,16,8,1,51539607552,1.0
qdao_a2fc8598a1183e86_0,lowered,qdao,hidden_linear_function,30,True,EAGER_FULL,16,8,4096,51539607552,1.0
qdao_a2fc8598a1183e86_0,lowered,qdao,hidden_linear_function,30,True,EAGER_FULL,16,8,65536,51539607552,1.0
qdao_a2fc8598a1183e86_0,lowered,qdao,hidden_linear_function,30,True,EAGER_FULL,16,8,1048576,51539607552,1.0
qdao_a2fc8598a1183e86_0,lowered,qdao,hidden_linear_function,30,True,EAGER_FULL,16,8,4194304,51539607552,1.0
qdao_a2fc8598a1183e86_0,lowered,qdao,hidden_linear_function,30,True,EAGER_FULL,16,16,1,103079215104,1.0
qdao_a2fc8598a1183e86_0,lowered,qdao,hidden_linear_function,30,True,EAGER_FULL,16,16,4096,103079215104,1.0
qdao_a2fc8598a1183e86_0,lowered,qdao,hidden_linear_function,30,True,EAGER_FULL,16,16,65536,103079215104,1.0
qdao_a2fc8598a1183e86_0,lowered,qdao,hidden_linear_function,30,True,EAGER_FULL,16,16,1048576,103079215104,1.0
qdao_a2fc8598a1183e86_0,lowered,qdao,hidden_linear_function,30,True,EAGER_FULL,16,16,4194304,103079215104,1.0
qdao_a2fc8598a1183e86_0,lowered,qdao,hidden_linear_function,30,True,BASIS_REWRITE,16,8,1,34897657840,1.476878700235431
qdao_a2fc8598a1183e86_0,lowered,qdao,hidden_linear_function,30,True,BASIS_REWRITE,16,8,4096,34897723392,1.4768759260615554
qdao_a2fc8598a1183e86_0,lowered,qdao,hidden_linear_function,30,True,BASIS_REWRITE,16,8,65536,34899230720,1.4768121385112296
qdao_a2fc8598a1183e86_0,lowered,qdao,hidden_linear_function,30,True,BASIS_REWRITE,16,8,1048576,34932260864,1.4754157411298554
qdao_a2fc8598a1183e86_0,lowered,qdao,hidden_linear_function,30,True,BASIS_REWRITE,16,8,4194304,35055992832,1.470208183776023
qdao_a2fc8598a1183e86_0,lowered,qdao,hidden_linear_function,30,True,BASIS_REWRITE,16,16,1,69795315680,1.476878700235431
qdao_a2fc8598a1183e86_0,lowered,qdao,hidden_linear_function,30,True,BASIS_REWRITE,16,16,4096,69795373056,1.476877486152196
qdao_a2fc8598a1183e86_0,lowered,qdao,hidden_linear_function,30,True,BASIS_REWRITE,16,16,65536,69796757504,1.476848191666964
qdao_a2fc8598a1183e86_0,lowered,qdao,hidden_linear_function,30,True,BASIS_REWRITE,16,16,1048576,69826772992,1.4762133589620374
qdao_a2fc8598a1183e86_0,lowered,qdao,hidden_linear_function,30,True,BASIS_REWRITE,16,16,4194304,69944213504,1.4737347085632047
qdao_a2fc8598a1183e86_0,lowered,qdao,hidden_linear_function,30,True,BASIS_THIN,16,8,1,34897657840,1.476878700235431
qdao_a2fc8598a1183e86_0,lowered,qdao,hidden_linear_function,30,True,BASIS_THIN,16,8,4096,34897723392,1.4768759260615554
qdao_a2fc8598a1183e86_0,lowered,qdao,hidden_linear_function,30,True,BASIS_THIN,16,8,65536,34899230720,1.4768121385112296
qdao_a2fc8598a1183e86_0,lowered,qdao,hidden_linear_function,30,True,BASIS_THIN,16,8,1048576,34932260864,1.4754157411298554
qdao_a2fc8598a1183e86_0,lowered,qdao,hidden_linear_function,30,True,BASIS_THIN,16,8,4194304,35055992832,1.470208183776023
qdao_a2fc8598a1183e86_0,lowered,qdao,hidden_linear_function,30,True,BASIS_THIN,16,16,1,69795315680,1.476878700235431
qdao_a2fc8598a1183e86_0,lowered,qdao,hidden_linear_function,30,True,BASIS_THIN,16,16,4096,69795373056,1.476877486152196
qdao_a2fc8598a1183e86_0,lowered,qdao,hidden_linear_function,30,True,BASIS_THIN,16,16,65536,69796757504,1.476848191666964
qdao_a2fc8598a1183e86_0,lowered,qdao,hidden_linear_function,30,True,BASIS_THIN,16,16,1048576,69826772992,1.4762133589620374
qdao_a2fc8598a1183e86_0,lowered,qdao,hidden_linear_function,30,True,BASIS_THIN,16,16,4194304,69944213504,1.4737347085632047
qdao_a2fc8598a1183e86_0,lowered,qdao,hidden_linear_function,30,True,PRODUCT_FUSED,16,8,1,284063056,181.43720720937395
qdao_a2fc8598a1183e86_0,lowered,qdao,hidden_linear_function,30,True,PRODUCT_FUSED,16,8,4096,284098560,181.4145328719723
qdao_a2fc8598a1183e86_0,lowered,qdao,hidden_linear_function,30,True,PRODUCT_FUSED,16,8,65536,285212672,180.7058823529412
qdao_a2fc8598a1183e86_0,lowered,qdao,hidden_linear_function,30,True,PRODUCT_FUSED,16,8,1048576,308281344,167.18367346938774
qdao_a2fc8598a1183e86_0,lowered,qdao,hidden_linear_function,30,True,PRODUCT_FUSED,16,8,4194304,394264576,130.72340425531914
qdao_a2fc8598a1183e86_0,lowered,qdao,hidden_linear_function,30,True,PRODUCT_FUSED,16,16,1,568126112,181.43720720937395
qdao_a2fc8598a1183e86_0,lowered,qdao,hidden_linear_function,30,True,PRODUCT_FUSED,16,16,4096,568156160,181.42761156369403
qdao_a2fc8598a1183e86_0,lowered,qdao,hidden_linear_function,30,True,PRODUCT_FUSED,16,16,65536,569114624,181.12206356517734
qdao_a2fc8598a1183e86_0,lowered,qdao,hidden_linear_function,30,True,PRODUCT_FUSED,16,16,1048576,591396864,174.29787234042553
qdao_a2fc8598a1183e86_0,lowered,qdao,hidden_linear_function,30,True,PRODUCT_FUSED,16,16,4194304,671088640,153.6
qdao_a4e58f31f6a7ebf7_0,lowered,qdao,unknown,30,True,EAGER_FULL,16,8,1,171798691840,1.0
qdao_a4e58f31f6a7ebf7_0,lowered,qdao,unknown,30,True,EAGER_FULL,16,8,4096,171798691840,1.0
qdao_a4e58f31f6a7ebf7_0,lowered,qdao,unknown,30,True,EAGER_FULL,16,8,65536,171798691840,1.0
qdao_a4e58f31f6a7ebf7_0,lowered,qdao,unknown,30,True,EAGER_FULL,16,8,1048576,171798691840,1.0
qdao_a4e58f31f6a7ebf7_0,lowered,qdao,unknown,30,True,EAGER_FULL,16,8,4194304,171798691840,1.0
qdao_a4e58f31f6a7ebf7_0,lowered,qdao,unknown,30,True,EAGER_FULL,16,16,1,343597383680,1.0
qdao_a4e58f31f6a7ebf7_0,lowered,qdao,unknown,30,True,EAGER_FULL,16,16,4096,343597383680,1.0
qdao_a4e58f31f6a7ebf7_0,lowered,qdao,unknown,30,True,EAGER_FULL,16,16,65536,343597383680,1.0
qdao_a4e58f31f6a7ebf7_0,lowered,qdao,unknown,30,True,EAGER_FULL,16,16,1048576,343597383680,1.0
qdao_a4e58f31f6a7ebf7_0,lowered,qdao,unknown,30,True,EAGER_FULL,16,16,4194304,343597383680,1.0
qdao_a4e58f31f6a7ebf7_0,lowered,qdao,unknown,30,True,BASIS_REWRITE,16,8,1,137641328624,1.2481621149510185
qdao_a4e58f31f6a7ebf7_0,lowered,qdao,unknown,30,True,BASIS_REWRITE,16,8,4096,137641394176,1.2481615205112175
qdao_a4e58f31f6a7ebf7_0,lowered,qdao,unknown,30,True,BASIS_REWRITE,16,8,65536,137642901504,1.2481478518890958
qdao_a4e58f31f6a7ebf7_0,lowered,qdao,unknown,30,True,BASIS_REWRITE,16,8,1048576,137675931648,1.2478484059163124
qdao_a4e58f31f6a7ebf7_0,lowered,qdao,unknown,30,True,BASIS_REWRITE,16,8,4194304,137799663616,1.2467279478906679
qdao_a4e58f31f6a7ebf7_0,lowered,qdao,unknown,30,True,BASIS_REWRITE,16,16,1,275282657248,1.2481621149510185
qdao_a4e58f31f6a7ebf7_0,lowered,qdao,unknown,30,True,BASIS_REWRITE,16,16,4096,275282714624,1.248161854801922
qdao_a4e58f31f6a7ebf7_0,lowered,qdao,unknown,30,True,BASIS_REWRITE,16,16,65536,275284099072,1.2481555775952493
qdao_a4e58f31f6a7ebf7_0,lowered,qdao,unknown,30,True,BASIS_REWRITE,16,16,1048576,275314114560,1.2480195003046923
qdao_a4e58f31f6a7ebf7_0,lowered,qdao,unknown,30,True,BASIS_REWRITE,16,16,4194304,275431555072,1.2474873606627277
qdao_a4e58f31f6a7ebf7_0,lowered,qdao,unknown,30,True,BASIS_THIN,16,8,1,137641328624,1.2481621149510185
qdao_a4e58f31f6a7ebf7_0,lowered,qdao,unknown,30,True,BASIS_THIN,16,8,4096,137641394176,1.2481615205112175
qdao_a4e58f31f6a7ebf7_0,lowered,qdao,unknown,30,True,BASIS_THIN,16,8,65536,137642901504,1.2481478518890958
qdao_a4e58f31f6a7ebf7_0,lowered,qdao,unknown,30,True,BASIS_THIN,16,8,1048576,137675931648,1.2478484059163124
qdao_a4e58f31f6a7ebf7_0,lowered,qdao,unknown,30,True,BASIS_THIN,16,8,4194304,137799663616,1.2467279478906679
qdao_a4e58f31f6a7ebf7_0,lowered,qdao,unknown,30,True,BASIS_THIN,16,16,1,275282657248,1.2481621149510185
qdao_a4e58f31f6a7ebf7_0,lowered,qdao,unknown,30,True,BASIS_THIN,16,16,4096,275282714624,1.248161854801922
qdao_a4e58f31f6a7ebf7_0,lowered,qdao,unknown,30,True,BASIS_THIN,16,16,65536,275284099072,1.2481555775952493
qdao_a4e58f31f6a7ebf7_0,lowered,qdao,unknown,30,True,BASIS_THIN,16,16,1048576,275314114560,1.2480195003046923
qdao_a4e58f31f6a7ebf7_0,lowered,qdao,unknown,30,True,BASIS_THIN,16,16,4194304,275431555072,1.2474873606627277
qdao_a4e58f31f6a7ebf7_0,lowered,qdao,unknown,30,True,PRODUCT_FUSED,16,8,1,131981814480,1.3016845731124094
qdao_a4e58f31f6a7ebf7_0,lowered,qdao,unknown,30,True,PRODUCT_FUSED,16,8,4096,131981852672,1.301684196439888
qdao_a4e58f31f6a7ebf7_0,lowered,qdao,unknown,30,True,PRODUCT_FUSED,16,8,65536,131982688256,1.3016759554614539
qdao_a4e58f31f6a7ebf7_0,lowered,qdao,unknown,30,True,PRODUCT_FUSED,16,8,1048576,132003135488,1.3014743263853583
qdao_a4e58f31f6a7ebf7_0,lowered,qdao,unknown,30,True,PRODUCT_FUSED,16,8,4194304,132078632960,1.3007303906001906
qdao_a4e58f31f6a7ebf7_0,lowered,qdao,unknown,30,True,PRODUCT_FUSED,16,16,1,263963628960,1.3016845731124094
qdao_a4e58f31f6a7ebf7_0,lowered,qdao,unknown,30,True,PRODUCT_FUSED,16,16,4096,263963664384,1.3016843984259636
qdao_a4e58f31f6a7ebf7_0,lowered,qdao,unknown,30,True,PRODUCT_FUSED,16,16,65536,263964459008,1.3016804799072839
qdao_a4e58f31f6a7ebf7_0,lowered,qdao,unknown,30,True,PRODUCT_FUSED,16,16,1048576,263983202304,1.3015880581837826
qdao_a4e58f31f6a7ebf7_0,lowered,qdao,unknown,30,True,PRODUCT_FUSED,16,16,4194304,264056602624,1.3012262532562424
qdao_aad48beea6622d6a_0,lowered,qdao,quantum_ml,31,True,EAGER_FULL,16,8,1,137438953472,1.0
qdao_aad48beea6622d6a_0,lowered,qdao,quantum_ml,31,True,EAGER_FULL,16,8,4096,137438953472,1.0
qdao_aad48beea6622d6a_0,lowered,qdao,quantum_ml,31,True,EAGER_FULL,16,8,65536,137438953472,1.0
qdao_aad48beea6622d6a_0,lowered,qdao,quantum_ml,31,True,EAGER_FULL,16,8,1048576,137438953472,1.0
qdao_aad48beea6622d6a_0,lowered,qdao,quantum_ml,31,True,EAGER_FULL,16,8,4194304,137438953472,1.0
qdao_aad48beea6622d6a_0,lowered,qdao,quantum_ml,31,True,EAGER_FULL,16,16,1,274877906944,1.0
qdao_aad48beea6622d6a_0,lowered,qdao,quantum_ml,31,True,EAGER_FULL,16,16,4096,274877906944,1.0
qdao_aad48beea6622d6a_0,lowered,qdao,quantum_ml,31,True,EAGER_FULL,16,16,65536,274877906944,1.0
qdao_aad48beea6622d6a_0,lowered,qdao,quantum_ml,31,True,EAGER_FULL,16,16,1048576,274877906944,1.0
qdao_aad48beea6622d6a_0,lowered,qdao,quantum_ml,31,True,EAGER_FULL,16,16,4194304,274877906944,1.0
qdao_aad48beea6622d6a_0,lowered,qdao,quantum_ml,31,True,BASIS_REWRITE,16,8,1,86168829936,1.594996167106827
qdao_aad48beea6622d6a_0,lowered,qdao,quantum_ml,31,True,BASIS_REWRITE,16,8,4096,86168895488,1.5949949537317667
qdao_aad48beea6622d6a_0,lowered,qdao,quantum_ml,31,True,BASIS_REWRITE,16,8,65536,86170402816,1.594967053426383
qdao_aad48beea6622d6a_0,lowered,qdao,quantum_ml,31,True,BASIS_REWRITE,16,8,1048576,86203432960,1.5943559177715607
qdao_aad48beea6622d6a_0,lowered,qdao,quantum_ml,31,True,BASIS_REWRITE,16,8,4194304,86327164928,1.5920707414245456
qdao_aad48beea6622d6a_0,lowered,qdao,quantum_ml,31,True,BASIS_REWRITE,16,16,1,172337659872,1.594996167106827
qdao_aad48beea6622d6a_0,lowered,qdao,quantum_ml,31,True,BASIS_REWRITE,16,16,4096,172337717248,1.5949956360884199
qdao_aad48beea6622d6a_0,lowered,qdao,quantum_ml,31,True,BASIS_REWRITE,16,16,65536,172339101696,1.5949828230442722
qdao_aad48beea6622d6a_0,lowered,qdao,quantum_ml,31,True,BASIS_REWRITE,16,16,1048576,172369117184,1.5947050807864513
qdao_aad48beea6622d6a_0,lowered,qdao,quantum_ml,31,True,BASIS_REWRITE,16,16,4194304,172486557696,1.5936192977336836
qdao_aad48beea6622d6a_0,lowered,qdao,quantum_ml,31,True,BASIS_THIN,16,8,1,86168829936,1.594996167106827
qdao_aad48beea6622d6a_0,lowered,qdao,quantum_ml,31,True,BASIS_THIN,16,8,4096,86168895488,1.5949949537317667
qdao_aad48beea6622d6a_0,lowered,qdao,quantum_ml,31,True,BASIS_THIN,16,8,65536,86170402816,1.594967053426383
qdao_aad48beea6622d6a_0,lowered,qdao,quantum_ml,31,True,BASIS_THIN,16,8,1048576,86203432960,1.5943559177715607
qdao_aad48beea6622d6a_0,lowered,qdao,quantum_ml,31,True,BASIS_THIN,16,8,4194304,86327164928,1.5920707414245456
qdao_aad48beea6622d6a_0,lowered,qdao,quantum_ml,31,True,BASIS_THIN,16,16,1,172337659872,1.594996167106827
qdao_aad48beea6622d6a_0,lowered,qdao,quantum_ml,31,True,BASIS_THIN,16,16,4096,172337717248,1.5949956360884199
qdao_aad48beea6622d6a_0,lowered,qdao,quantum_ml,31,True,BASIS_THIN,16,16,65536,172339101696,1.5949828230442722
qdao_aad48beea6622d6a_0,lowered,qdao,quantum_ml,31,True,BASIS_THIN,16,16,1048576,172369117184,1.5947050807864513
qdao_aad48beea6622d6a_0,lowered,qdao,quantum_ml,31,True,BASIS_THIN,16,16,4194304,172486557696,1.5936192977336836
qdao_aad48beea6622d6a_0,lowered,qdao,quantum_ml,31,True,PRODUCT_FUSED,16,8,1,86033039312,1.5975136362854245
qdao_aad48beea6622d6a_0,lowered,qdao,quantum_ml,31,True,PRODUCT_FUSED,16,8,4096,86033096704,1.5975125705966824
qdao_aad48beea6622d6a_0,lowered,qdao,quantum_ml,31,True,PRODUCT_FUSED,16,8,65536,86034481152,1.5974868637747928
qdao_aad48beea6622d6a_0,lowered,qdao,quantum_ml,31,True,PRODUCT_FUSED,16,8,1048576,86065020928,1.5969200029240478
qdao_aad48beea6622d6a_0,lowered,qdao,quantum_ml,31,True,PRODUCT_FUSED,16,8,4194304,86176169984,1.594860313443006
qdao_aad48beea6622d6a_0,lowered,qdao,quantum_ml,31,True,PRODUCT_FUSED,16,16,1,172066078624,1.5975136362854245
qdao_aad48beea6622d6a_0,lowered,qdao,quantum_ml,31,True,PRODUCT_FUSED,16,16,4096,172066127872,1.5975131790521937
qdao_aad48beea6622d6a_0,lowered,qdao,quantum_ml,31,True,PRODUCT_FUSED,16,16,65536,172067389440,1.5975014663650144
qdao_aad48beea6622d6a_0,lowered,qdao,quantum_ml,31,True,PRODUCT_FUSED,16,16,1048576,172096487424,1.597231361653384
qdao_aad48beea6622d6a_0,lowered,qdao,quantum_ml,31,True,PRODUCT_FUSED,16,16,4194304,172201345024,1.5962587685113017
qdao_b43bda71670e1602_0,lowered,qdao,unknown,30,True,EAGER_FULL,16,8,1,51539607552,1.0
qdao_b43bda71670e1602_0,lowered,qdao,unknown,30,True,EAGER_FULL,16,8,4096,51539607552,1.0
qdao_b43bda71670e1602_0,lowered,qdao,unknown,30,True,EAGER_FULL,16,8,65536,51539607552,1.0
qdao_b43bda71670e1602_0,lowered,qdao,unknown,30,True,EAGER_FULL,16,8,1048576,51539607552,1.0
qdao_b43bda71670e1602_0,lowered,qdao,unknown,30,True,EAGER_FULL,16,8,4194304,51539607552,1.0
qdao_b43bda71670e1602_0,lowered,qdao,unknown,30,True,EAGER_FULL,16,16,1,103079215104,1.0
qdao_b43bda71670e1602_0,lowered,qdao,unknown,30,True,EAGER_FULL,16,16,4096,103079215104,1.0
qdao_b43bda71670e1602_0,lowered,qdao,unknown,30,True,EAGER_FULL,16,16,65536,103079215104,1.0
qdao_b43bda71670e1602_0,lowered,qdao,unknown,30,True,EAGER_FULL,16,16,1048576,103079215104,1.0
qdao_b43bda71670e1602_0,lowered,qdao,unknown,30,True,EAGER_FULL,16,16,4194304,103079215104,1.0
qdao_b43bda71670e1602_0,lowered,qdao,unknown,30,True,BASIS_REWRITE,16,8,1,42950721520,1.1999707042872514
qdao_b43bda71670e1602_0,lowered,qdao,unknown,30,True,BASIS_REWRITE,16,8,4096,42950787072,1.1999688728777482
qdao_b43bda71670e1602_0,lowered,qdao,unknown,30,True,BASIS_REWRITE,16,8,65536,42952294400,1.1999267622825756
qdao_b43bda71670e1602_0,lowered,qdao,unknown,30,True,BASIS_REWRITE,16,8,1048576,42985324544,1.1990047323998634
qdao_b43bda71670e1602_0,lowered,qdao,unknown,30,True,BASIS_REWRITE,16,8,4194304,43109056512,1.195563339171045
qdao_b43bda71670e1602_0,lowered,qdao,unknown,30,True,BASIS_REWRITE,16,16,1,85901443040,1.1999707042872514
qdao_b43bda71670e1602_0,lowered,qdao,unknown,30,True,BASIS_REWRITE,16,16,4096,85901500416,1.1999699027934614
qdao_b43bda71670e1602_0,lowered,qdao,unknown,30,True,BASIS_REWRITE,16,16,65536,85902884864,1.1999505635601562
qdao_b43bda71670e1602_0,lowered,qdao,unknown,30,True,BASIS_REWRITE,16,16,1048576,85932900352,1.199531433033971
qdao_b43bda71670e1602_0,lowered,qdao,unknown,30,True,BASIS_REWRITE,16,16,4194304,86050340864,1.1978943263794113
qdao_b43bda71670e1602_0,lowered,qdao,unknown,30,True,BASIS_THIN,16,8,1,42950721520,1.1999707042872514
qdao_b43bda71670e1602_0,lowered,qdao,unknown,30,True,BASIS_THIN,16,8,4096,42950787072,1.1999688728777482
qdao_b43bda71670e1602_0,lowered,qdao,unknown,30,True,BASIS_THIN,16,8,65536,42952294400,1.1999267622825756
qdao_b43bda71670e1602_0,lowered,qdao,unknown,30,True,BASIS_THIN,16,8,1048576,42985324544,1.1990047323998634
qdao_b43bda71670e1602_0,lowered,qdao,unknown,30,True,BASIS_THIN,16,8,4194304,43109056512,1.195563339171045
qdao_b43bda71670e1602_0,lowered,qdao,unknown,30,True,BASIS_THIN,16,16,1,85901443040,1.1999707042872514
qdao_b43bda71670e1602_0,lowered,qdao,unknown,30,True,BASIS_THIN,16,16,4096,85901500416,1.1999699027934614
qdao_b43bda71670e1602_0,lowered,qdao,unknown,30,True,BASIS_THIN,16,16,65536,85902884864,1.1999505635601562
qdao_b43bda71670e1602_0,lowered,qdao,unknown,30,True,BASIS_THIN,16,16,1048576,85932900352,1.199531433033971
qdao_b43bda71670e1602_0,lowered,qdao,unknown,30,True,BASIS_THIN,16,16,4194304,86050340864,1.1978943263794113
qdao_b43bda71670e1602_0,lowered,qdao,unknown,30,True,PRODUCT_FUSED,16,8,1,9306811088,5.537837511116353
qdao_b43bda71670e1602_0,lowered,qdao,unknown,30,True,PRODUCT_FUSED,16,8,4096,9306849280,5.53781478580042
qdao_b43bda71670e1602_0,lowered,qdao,unknown,30,True,PRODUCT_FUSED,16,8,65536,9307684864,5.5373176364558105
qdao_b43bda71670e1602_0,lowered,qdao,unknown,30,True,PRODUCT_FUSED,16,8,1048576,9328132096,5.525179856115108
qdao_b43bda71670e1602_0,lowered,qdao,unknown,30,True,PRODUCT_FUSED,16,8,4194304,9403629568,5.4808206958073145
qdao_b43bda71670e1602_0,lowered,qdao,unknown,30,True,PRODUCT_FUSED,16,16,1,18613622176,5.537837511116353
qdao_b43bda71670e1602_0,lowered,qdao,unknown,30,True,PRODUCT_FUSED,16,16,4096,18613657600,5.537826971954185
qdao_b43bda71670e1602_0,lowered,qdao,unknown,30,True,PRODUCT_FUSED,16,16,65536,18614452224,5.537590570143011
qdao_b43bda71670e1602_0,lowered,qdao,unknown,30,True,PRODUCT_FUSED,16,16,1048576,18633195520,5.532020258863253
qdao_b43bda71670e1602_0,lowered,qdao,unknown,30,True,PRODUCT_FUSED,16,16,4194304,18706595840,5.510313901345292
qdao_b55d2dd9bf5b66fa_0,lowered,qdao,state_preparation,28,True,EAGER_FULL,16,8,1,12884901888,1.0
qdao_b55d2dd9bf5b66fa_0,lowered,qdao,state_preparation,28,True,EAGER_FULL,16,8,4096,12884901888,1.0
qdao_b55d2dd9bf5b66fa_0,lowered,qdao,state_preparation,28,True,EAGER_FULL,16,8,65536,12884901888,1.0
qdao_b55d2dd9bf5b66fa_0,lowered,qdao,state_preparation,28,True,EAGER_FULL,16,8,1048576,12884901888,1.0
qdao_b55d2dd9bf5b66fa_0,lowered,qdao,state_preparation,28,True,EAGER_FULL,16,8,4194304,12884901888,1.0
qdao_b55d2dd9bf5b66fa_0,lowered,qdao,state_preparation,28,True,EAGER_FULL,16,16,1,25769803776,1.0
qdao_b55d2dd9bf5b66fa_0,lowered,qdao,state_preparation,28,True,EAGER_FULL,16,16,4096,25769803776,1.0
qdao_b55d2dd9bf5b66fa_0,lowered,qdao,state_preparation,28,True,EAGER_FULL,16,16,65536,25769803776,1.0
qdao_b55d2dd9bf5b66fa_0,lowered,qdao,state_preparation,28,True,EAGER_FULL,16,16,1048576,25769803776,1.0
qdao_b55d2dd9bf5b66fa_0,lowered,qdao,state_preparation,28,True,EAGER_FULL,16,16,4194304,25769803776,1.0
qdao_b55d2dd9bf5b66fa_0,lowered,qdao,state_preparation,28,True,BASIS_REWRITE,16,8,1,9127854064,1.4116025297575354
qdao_b55d2dd9bf5b66fa_0,lowered,qdao,state_preparation,28,True,BASIS_REWRITE,16,8,4096,9127919616,1.4115923923578952
qdao_b55d2dd9bf5b66fa_0,lowered,qdao,state_preparation,28,True,BASIS_REWRITE,16,8,65536,9129426944,1.4113593292367772
qdao_b55d2dd9bf5b66fa_0,lowered,qdao,state_preparation,28,True,BASIS_REWRITE,16,8,1048576,9162457088,1.4062714579995423
qdao_b55d2dd9bf5b66fa_0,lowered,qdao,state_preparation,28,True,BASIS_REWRITE,16,8,4194304,9286189056,1.3875338753387534
qdao_b55d2dd9bf5b66fa_0,lowered,qdao,state_preparation,28,True,BASIS_REWRITE,16,16,1,18255708128,1.4116025297575354
qdao_b55d2dd9bf5b66fa_0,lowered,qdao,state_preparation,28,True,BASIS_REWRITE,16,16,4096,18255765504,1.4115980932354553
qdao_b55d2dd9bf5b66fa_0,lowered,qdao,state_preparation,28,True,BASIS_REWRITE,16,16,65536,18257149952,1.4114910511088297
qdao_b55d2dd9bf5b66fa_0,lowered,qdao,state_preparation,28,True,BASIS_REWRITE,16,16,1048576,18287165440,1.4091743119266056
qdao_b55d2dd9bf5b66fa_0,lowered,qdao,state_preparation,28,True,BASIS_REWRITE,16,16,4194304,18404605952,1.4001823154056519
qdao_b55d2dd9bf5b66fa_0,lowered,qdao,state_preparation,28,True,BASIS_THIN,16,8,1,9127854064,1.4116025297575354
qdao_b55d2dd9bf5b66fa_0,lowered,qdao,state_preparation,28,True,BASIS_THIN,16,8,4096,9127919616,1.4115923923578952
qdao_b55d2dd9bf5b66fa_0,lowered,qdao,state_preparation,28,True,BASIS_THIN,16,8,65536,9129426944,1.4113593292367772
qdao_b55d2dd9bf5b66fa_0,lowered,qdao,state_preparation,28,True,BASIS_THIN,16,8,1048576,9162457088,1.4062714579995423
qdao_b55d2dd9bf5b66fa_0,lowered,qdao,state_preparation,28,True,BASIS_THIN,16,8,4194304,9286189056,1.3875338753387534
qdao_b55d2dd9bf5b66fa_0,lowered,qdao,state_preparation,28,True,BASIS_THIN,16,16,1,18255708128,1.4116025297575354
qdao_b55d2dd9bf5b66fa_0,lowered,qdao,state_preparation,28,True,BASIS_THIN,16,16,4096,18255765504,1.4115980932354553
qdao_b55d2dd9bf5b66fa_0,lowered,qdao,state_preparation,28,True,BASIS_THIN,16,16,65536,18257149952,1.4114910511088297
qdao_b55d2dd9bf5b66fa_0,lowered,qdao,state_preparation,28,True,BASIS_THIN,16,16,1048576,18287165440,1.4091743119266056
qdao_b55d2dd9bf5b66fa_0,lowered,qdao,state_preparation,28,True,BASIS_THIN,16,16,4194304,18404605952,1.4001823154056519
qdao_b55d2dd9bf5b66fa_0,lowered,qdao,state_preparation,28,True,PRODUCT_FUSED,16,8,1,551316816,23.37113890609134
qdao_b55d2dd9bf5b66fa_0,lowered,qdao,state_preparation,28,True,PRODUCT_FUSED,16,8,4096,551354368,23.36954712944253
qdao_b55d2dd9bf5b66fa_0,lowered,qdao,state_preparation,28,True,PRODUCT_FUSED,16,8,65536,552468480,23.322419928825624
qdao_b55d2dd9bf5b66fa_0,lowered,qdao,state_preparation,28,True,PRODUCT_FUSED,16,8,1048576,576716800,22.341818181818184
qdao_b55d2dd9bf5b66fa_0,lowered,qdao,state_preparation,28,True,PRODUCT_FUSED,16,8,4194304,662700032,19.443037974683545
qdao_b55d2dd9bf5b66fa_0,lowered,qdao,state_preparation,28,True,PRODUCT_FUSED,16,16,1,1102633632,23.37113890609134
qdao_b55d2dd9bf5b66fa_0,lowered,qdao,state_preparation,28,True,PRODUCT_FUSED,16,16,4096,1102667776,23.37041522105748
qdao_b55d2dd9bf5b66fa_0,lowered,qdao,state_preparation,28,True,PRODUCT_FUSED,16,16,65536,1103626240,23.350118764845607
qdao_b55d2dd9bf5b66fa_0,lowered,qdao,state_preparation,28,True,PRODUCT_FUSED,16,16,1048576,1126170624,22.88268156424581
qdao_b55d2dd9bf5b66fa_0,lowered,qdao,state_preparation,28,True,PRODUCT_FUSED,16,16,4194304,1207959552,21.333333333333332
qdao_be520119198510ea_0,lowered,qdao,vqe,32,True,EAGER_FULL,16,8,1,206158430208,1.0
qdao_be520119198510ea_0,lowered,qdao,vqe,32,True,EAGER_FULL,16,8,4096,206158430208,1.0
qdao_be520119198510ea_0,lowered,qdao,vqe,32,True,EAGER_FULL,16,8,65536,206158430208,1.0
qdao_be520119198510ea_0,lowered,qdao,vqe,32,True,EAGER_FULL,16,8,1048576,206158430208,1.0
qdao_be520119198510ea_0,lowered,qdao,vqe,32,True,EAGER_FULL,16,8,4194304,206158430208,1.0
qdao_be520119198510ea_0,lowered,qdao,vqe,32,True,EAGER_FULL,16,16,1,412316860416,1.0
qdao_be520119198510ea_0,lowered,qdao,vqe,32,True,EAGER_FULL,16,16,4096,412316860416,1.0
qdao_be520119198510ea_0,lowered,qdao,vqe,32,True,EAGER_FULL,16,16,65536,412316860416,1.0
qdao_be520119198510ea_0,lowered,qdao,vqe,32,True,EAGER_FULL,16,16,1048576,412316860416,1.0
qdao_be520119198510ea_0,lowered,qdao,vqe,32,True,EAGER_FULL,16,16,4194304,412316860416,1.0
qdao_be520119198510ea_0,lowered,qdao,vqe,32,True,BASIS_REWRITE,16,8,1,139587485680,1.4769119825011523
qdao_be520119198510ea_0,lowered,qdao,vqe,32,True,BASIS_REWRITE,16,8,4096,139587551232,1.476911288925447
qdao_be520119198510ea_0,lowered,qdao,vqe,32,True,BASIS_REWRITE,16,8,65536,139589058560,1.476895340757573
qdao_be520119198510ea_0,lowered,qdao,vqe,32,True,BASIS_REWRITE,16,8,1048576,139622088704,1.476545954308545
qdao_be520119198510ea_0,lowered,qdao,vqe,32,True,BASIS_REWRITE,16,8,4194304,139745820672,1.47523860976049
qdao_be520119198510ea_0,lowered,qdao,vqe,32,True,BASIS_REWRITE,16,16,1,279174971360,1.4769119825011523
qdao_be520119198510ea_0,lowered,qdao,vqe,32,True,BASIS_REWRITE,16,16,4096,279175028736,1.4769116789664762
qdao_be520119198510ea_0,lowered,qdao,vqe,32,True,BASIS_REWRITE,16,16,65536,279176413184,1.4769043548970937
qdao_be520119198510ea_0,lowered,qdao,vqe,32,True,BASIS_REWRITE,16,16,1048576,279206428672,1.476745583463526
qdao_be520119198510ea_0,lowered,qdao,vqe,32,True,BASIS_REWRITE,16,16,4194304,279323869184,1.4761246921737041
qdao_be520119198510ea_0,lowered,qdao,vqe,32,True,BASIS_THIN,16,8,1,139587485680,1.4769119825011523
qdao_be520119198510ea_0,lowered,qdao,vqe,32,True,BASIS_THIN,16,8,4096,139587551232,1.476911288925447
qdao_be520119198510ea_0,lowered,qdao,vqe,32,True,BASIS_THIN,16,8,65536,139589058560,1.476895340757573
qdao_be520119198510ea_0,lowered,qdao,vqe,32,True,BASIS_THIN,16,8,1048576,139622088704,1.476545954308545
qdao_be520119198510ea_0,lowered,qdao,vqe,32,True,BASIS_THIN,16,8,4194304,139745820672,1.47523860976049
qdao_be520119198510ea_0,lowered,qdao,vqe,32,True,BASIS_THIN,16,16,1,279174971360,1.4769119825011523
qdao_be520119198510ea_0,lowered,qdao,vqe,32,True,BASIS_THIN,16,16,4096,279175028736,1.4769116789664762
qdao_be520119198510ea_0,lowered,qdao,vqe,32,True,BASIS_THIN,16,16,65536,279176413184,1.4769043548970937
qdao_be520119198510ea_0,lowered,qdao,vqe,32,True,BASIS_THIN,16,16,1048576,279206428672,1.476745583463526
qdao_be520119198510ea_0,lowered,qdao,vqe,32,True,BASIS_THIN,16,16,4194304,279323869184,1.4761246921737041
qdao_be520119198510ea_0,lowered,qdao,vqe,32,True,PRODUCT_FUSED,16,8,1,139587485648,1.4769119828397297
qdao_be520119198510ea_0,lowered,qdao,vqe,32,True,PRODUCT_FUSED,16,8,4096,139587543040,1.4769113756012135
qdao_be520119198510ea_0,lowered,qdao,vqe,32,True,PRODUCT_FUSED,16,8,65536,139588927488,1.4768967275411065
qdao_be520119198510ea_0,lowered,qdao,vqe,32,True,PRODUCT_FUSED,16,8,1048576,139619991552,1.476568132660418
qdao_be520119198510ea_0,lowered,qdao,vqe,32,True,PRODUCT_FUSED,16,8,4194304,139737432064,1.4753271701284667
qdao_be520119198510ea_0,lowered,qdao,vqe,32,True,PRODUCT_FUSED,16,16,1,279174971296,1.4769119828397297
qdao_be520119198510ea_0,lowered,qdao,vqe,32,True,PRODUCT_FUSED,16,16,4096,279175020544,1.476911722304381
qdao_be520119198510ea_0,lowered,qdao,vqe,32,True,PRODUCT_FUSED,16,16,65536,279176282112,1.476905048296999
qdao_be520119198510ea_0,lowered,qdao,vqe,32,True,PRODUCT_FUSED,16,16,1048576,279204331520,1.476756675554888
qdao_be520119198510ea_0,lowered,qdao,vqe,32,True,PRODUCT_FUSED,16,16,4194304,279315480576,1.4761690242364176
qdao_c185321108d37ad4_0,lowered,qdao,hidden_linear_function,28,True,EAGER_FULL,16,8,1,12884901888,1.0
qdao_c185321108d37ad4_0,lowered,qdao,hidden_linear_function,28,True,EAGER_FULL,16,8,4096,12884901888,1.0
qdao_c185321108d37ad4_0,lowered,qdao,hidden_linear_function,28,True,EAGER_FULL,16,8,65536,12884901888,1.0
qdao_c185321108d37ad4_0,lowered,qdao,hidden_linear_function,28,True,EAGER_FULL,16,8,1048576,12884901888,1.0
qdao_c185321108d37ad4_0,lowered,qdao,hidden_linear_function,28,True,EAGER_FULL,16,8,4194304,12884901888,1.0
qdao_c185321108d37ad4_0,lowered,qdao,hidden_linear_function,28,True,EAGER_FULL,16,16,1,25769803776,1.0
qdao_c185321108d37ad4_0,lowered,qdao,hidden_linear_function,28,True,EAGER_FULL,16,16,4096,25769803776,1.0
qdao_c185321108d37ad4_0,lowered,qdao,hidden_linear_function,28,True,EAGER_FULL,16,16,65536,25769803776,1.0
qdao_c185321108d37ad4_0,lowered,qdao,hidden_linear_function,28,True,EAGER_FULL,16,16,1048576,25769803776,1.0
qdao_c185321108d37ad4_0,lowered,qdao,hidden_linear_function,28,True,EAGER_FULL,16,16,4194304,25769803776,1.0
qdao_c185321108d37ad4_0,lowered,qdao,hidden_linear_function,28,True,BASIS_REWRITE,16,8,1,8859418608,1.4543733012418008
qdao_c185321108d37ad4_0,lowered,qdao,hidden_linear_function,28,True,BASIS_REWRITE,16,8,4096,8859484160,1.4543625402226579
qdao_c185321108d37ad4_0,lowered,qdao,hidden_linear_function,28,True,BASIS_REWRITE,16,8,65536,8860991488,1.4541151411159103
qdao_c185321108d37ad4_0,lowered,qdao,hidden_linear_function,28,True,BASIS_REWRITE,16,8,1048576,8894021632,1.4487149257250649
qdao_c185321108d37ad4_0,lowered,qdao,hidden_linear_function,28,True,BASIS_REWRITE,16,8,4194304,9017753600,1.4288372093023256
qdao_c185321108d37ad4_0,lowered,qdao,hidden_linear_function,28,True,BASIS_REWRITE,16,16,1,17718837216,1.4543733012418008
qdao_c185321108d37ad4_0,lowered,qdao,hidden_linear_function,28,True,BASIS_REWRITE,16,16,4096,17718894592,1.4543685917988896
qdao_c185321108d37ad4_0,lowered,qdao,hidden_linear_function,28,True,BASIS_REWRITE,16,16,65536,17720279040,1.4542549650504826
qdao_c185321108d37ad4_0,lowered,qdao,hidden_linear_function,28,True,BASIS_REWRITE,16,16,1048576,17750294528,1.45179584120983
qdao_c185321108d37ad4_0,lowered,qdao,hidden_linear_function,28,True,BASIS_REWRITE,16,16,4194304,17867735040,1.4422535211267606
qdao_c185321108d37ad4_0,lowered,qdao,hidden_linear_function,28,True,BASIS_THIN,16,8,1,8859418608,1.4543733012418008
qdao_c185321108d37ad4_0,lowered,qdao,hidden_linear_function,28,True,BASIS_THIN,16,8,4096,8859484160,1.4543625402226579
qdao_c185321108d37ad4_0,lowered,qdao,hidden_linear_function,28,True,BASIS_THIN,16,8,65536,8860991488,1.4541151411159103
qdao_c185321108d37ad4_0,lowered,qdao,hidden_linear_function,28,True,BASIS_THIN,16,8,1048576,8894021632,1.4487149257250649
qdao_c185321108d37ad4_0,lowered,qdao,hidden_linear_function,28,True,BASIS_THIN,16,8,4194304,9017753600,1.4288372093023256
qdao_c185321108d37ad4_0,lowered,qdao,hidden_linear_function,28,True,BASIS_THIN,16,16,1,17718837216,1.4543733012418008
qdao_c185321108d37ad4_0,lowered,qdao,hidden_linear_function,28,True,BASIS_THIN,16,16,4096,17718894592,1.4543685917988896
qdao_c185321108d37ad4_0,lowered,qdao,hidden_linear_function,28,True,BASIS_THIN,16,16,65536,17720279040,1.4542549650504826
qdao_c185321108d37ad4_0,lowered,qdao,hidden_linear_function,28,True,BASIS_THIN,16,16,1048576,17750294528,1.45179584120983
qdao_c185321108d37ad4_0,lowered,qdao,hidden_linear_function,28,True,BASIS_THIN,16,16,4194304,17867735040,1.4422535211267606
qdao_c185321108d37ad4_0,lowered,qdao,hidden_linear_function,28,True,PRODUCT_FUSED,16,8,1,956151120,13.475800653771133
qdao_c185321108d37ad4_0,lowered,qdao,hidden_linear_function,28,True,PRODUCT_FUSED,16,8,4096,956186624,13.475300286149997
qdao_c185321108d37ad4_0,lowered,qdao,hidden_linear_function,28,True,PRODUCT_FUSED,16,8,65536,957087744,13.462612982744453
qdao_c185321108d37ad4_0,lowered,qdao,hidden_linear_function,28,True,PRODUCT_FUSED,16,8,1048576,979369984,13.156316916488223
qdao_c185321108d37ad4_0,lowered,qdao,hidden_linear_function,28,True,PRODUCT_FUSED,16,8,4194304,1065353216,12.094488188976378
qdao_c185321108d37ad4_0,lowered,qdao,hidden_linear_function,28,True,PRODUCT_FUSED,16,16,1,1912302240,13.475800653771133
qdao_c185321108d37ad4_0,lowered,qdao,hidden_linear_function,28,True,PRODUCT_FUSED,16,16,4096,1912332288,13.475588911878479
qdao_c185321108d37ad4_0,lowered,qdao,hidden_linear_function,28,True,PRODUCT_FUSED,16,16,65536,1913126912,13.46999177856947
qdao_c185321108d37ad4_0,lowered,qdao,hidden_linear_function,28,True,PRODUCT_FUSED,16,16,1048576,1933574144,13.327548806941431
qdao_c185321108d37ad4_0,lowered,qdao,hidden_linear_function,28,True,PRODUCT_FUSED,16,16,4194304,2013265920,12.8
qdao_c9d98aa765b45c19_0,lowered,qdao,vqe,27,True,EAGER_FULL,16,8,1,4294967296,1.0
qdao_c9d98aa765b45c19_0,lowered,qdao,vqe,27,True,EAGER_FULL,16,8,4096,4294967296,1.0
qdao_c9d98aa765b45c19_0,lowered,qdao,vqe,27,True,EAGER_FULL,16,8,65536,4294967296,1.0
qdao_c9d98aa765b45c19_0,lowered,qdao,vqe,27,True,EAGER_FULL,16,8,1048576,4294967296,1.0
qdao_c9d98aa765b45c19_0,lowered,qdao,vqe,27,True,EAGER_FULL,16,8,4194304,4294967296,1.0
qdao_c9d98aa765b45c19_0,lowered,qdao,vqe,27,True,EAGER_FULL,16,16,1,8589934592,1.0
qdao_c9d98aa765b45c19_0,lowered,qdao,vqe,27,True,EAGER_FULL,16,16,4096,8589934592,1.0
qdao_c9d98aa765b45c19_0,lowered,qdao,vqe,27,True,EAGER_FULL,16,16,65536,8589934592,1.0
qdao_c9d98aa765b45c19_0,lowered,qdao,vqe,27,True,EAGER_FULL,16,16,1048576,8589934592,1.0
qdao_c9d98aa765b45c19_0,lowered,qdao,vqe,27,True,EAGER_FULL,16,16,4194304,8589934592,1.0
qdao_c9d98aa765b45c19_0,lowered,qdao,vqe,27,True,BASIS_REWRITE,16,8,1,4296015856,0.9997559226885684
qdao_c9d98aa765b45c19_0,lowered,qdao,vqe,27,True,BASIS_REWRITE,16,8,4096,4296081408,0.9997406678565436
qdao_c9d98aa765b45c19_0,lowered,qdao,vqe,27,True,BASIS_REWRITE,16,8,65536,4297588736,0.9993900207392948
qdao_c9d98aa765b45c19_0,lowered,qdao,vqe,27,True,BASIS_REWRITE,16,8,1048576,4330618880,0.9917675544794189
qdao_c9d98aa765b45c19_0,lowered,qdao,vqe,27,True,BASIS_REWRITE,16,8,4194304,4454350848,0.9642184557438794
qdao_c9d98aa765b45c19_0,lowered,qdao,vqe,27,True,BASIS_REWRITE,16,16,1,8592031712,0.9997559226885684
qdao_c9d98aa765b45c19_0,lowered,qdao,vqe,27,True,BASIS_REWRITE,16,16,4096,8592089088,0.9997492465478496
qdao_c9d98aa765b45c19_0,lowered,qdao,vqe,27,True,BASIS_REWRITE,16,16,65536,8593473536,0.9995881823589524
qdao_c9d98aa765b45c19_0,lowered,qdao,vqe,27,True,BASIS_REWRITE,16,16,1048576,8623489024,0.9961089494163424
qdao_c9d98aa765b45c19_0,lowered,qdao,vqe,27,True,BASIS_REWRITE,16,16,4194304,8740929536,0.982725527831094
qdao_c9d98aa765b45c19_0,lowered,qdao,vqe,27,True,BASIS_THIN,16,8,1,4296015856,0.9997559226885684
qdao_c9d98aa765b45c19_0,lowered,qdao,vqe,27,True,BASIS_THIN,16,8,4096,4296081408,0.9997406678565436
qdao_c9d98aa765b45c19_0,lowered,qdao,vqe,27,True,BASIS_THIN,16,8,65536,4297588736,0.9993900207392948
qdao_c9d98aa765b45c19_0,lowered,qdao,vqe,27,True,BASIS_THIN,16,8,1048576,4330618880,0.9917675544794189
qdao_c9d98aa765b45c19_0,lowered,qdao,vqe,27,True,BASIS_THIN,16,8,4194304,4454350848,0.9642184557438794
qdao_c9d98aa765b45c19_0,lowered,qdao,vqe,27,True,BASIS_THIN,16,16,1,8592031712,0.9997559226885684
qdao_c9d98aa765b45c19_0,lowered,qdao,vqe,27,True,BASIS_THIN,16,16,4096,8592089088,0.9997492465478496
qdao_c9d98aa765b45c19_0,lowered,qdao,vqe,27,True,BASIS_THIN,16,16,65536,8593473536,0.9995881823589524
qdao_c9d98aa765b45c19_0,lowered,qdao,vqe,27,True,BASIS_THIN,16,16,1048576,8623489024,0.9961089494163424
qdao_c9d98aa765b45c19_0,lowered,qdao,vqe,27,True,BASIS_THIN,16,16,4194304,8740929536,0.982725527831094
qdao_c9d98aa765b45c19_0,lowered,qdao,vqe,27,True,PRODUCT_FUSED,16,8,1,4296015824,0.9997559301355124
qdao_c9d98aa765b45c19_0,lowered,qdao,vqe,27,True,PRODUCT_FUSED,16,8,4096,4296073216,0.9997425742196662
qdao_c9d98aa765b45c19_0,lowered,qdao,vqe,27,True,PRODUCT_FUSED,16,8,65536,4297457664,0.999420502028243
qdao_c9d98aa765b45c19_0,lowered,qdao,vqe,27,True,PRODUCT_FUSED,16,8,1048576,4328521728,0.9922480620155039
qdao_c9d98aa765b45c19_0,lowered,qdao,vqe,27,True,PRODUCT_FUSED,16,8,4194304,4445962240,0.9660377358490566
qdao_c9d98aa765b45c19_0,lowered,qdao,vqe,27,True,PRODUCT_FUSED,16,16,1,8592031648,0.9997559301355124
qdao_c9d98aa765b45c19_0,lowered,qdao,vqe,27,True,PRODUCT_FUSED,16,16,4096,8592080896,0.9997501997448605
qdao_c9d98aa765b45c19_0,lowered,qdao,vqe,27,True,PRODUCT_FUSED,16,16,65536,8593342464,0.9996034288154724
qdao_c9d98aa765b45c19_0,lowered,qdao,vqe,27,True,PRODUCT_FUSED,16,16,1048576,8621391872,0.9963512527365604
qdao_c9d98aa765b45c19_0,lowered,qdao,vqe,27,True,PRODUCT_FUSED,16,16,4194304,8732540928,0.983669548511047
qdao_ca61498a8a0b6464_0,lowered,qdao,hidden_linear_function,32,True,EAGER_FULL,16,8,1,274877906944,1.0
qdao_ca61498a8a0b6464_0,lowered,qdao,hidden_linear_function,32,True,EAGER_FULL,16,8,4096,274877906944,1.0
qdao_ca61498a8a0b6464_0,lowered,qdao,hidden_linear_function,32,True,EAGER_FULL,16,8,65536,274877906944,1.0
qdao_ca61498a8a0b6464_0,lowered,qdao,hidden_linear_function,32,True,EAGER_FULL,16,8,1048576,274877906944,1.0
qdao_ca61498a8a0b6464_0,lowered,qdao,hidden_linear_function,32,True,EAGER_FULL,16,8,4194304,274877906944,1.0
qdao_ca61498a8a0b6464_0,lowered,qdao,hidden_linear_function,32,True,EAGER_FULL,16,16,1,549755813888,1.0
qdao_ca61498a8a0b6464_0,lowered,qdao,hidden_linear_function,32,True,EAGER_FULL,16,16,4096,549755813888,1.0
qdao_ca61498a8a0b6464_0,lowered,qdao,hidden_linear_function,32,True,EAGER_FULL,16,16,65536,549755813888,1.0
qdao_ca61498a8a0b6464_0,lowered,qdao,hidden_linear_function,32,True,EAGER_FULL,16,16,1048576,549755813888,1.0
qdao_ca61498a8a0b6464_0,lowered,qdao,hidden_linear_function,32,True,EAGER_FULL,16,16,4194304,549755813888,1.0
qdao_ca61498a8a0b6464_0,lowered,qdao,hidden_linear_function,32,True,BASIS_REWRITE,16,8,1,155156742128,1.7716143248047407
qdao_ca61498a8a0b6464_0,lowered,qdao,hidden_linear_function,32,True,BASIS_REWRITE,16,8,4096,155156807680,1.7716135763176846
qdao_ca61498a8a0b6464_0,lowered,qdao,hidden_linear_function,32,True,BASIS_REWRITE,16,8,65536,155158315008,1.7715963654917704
qdao_ca61498a8a0b6464_0,lowered,qdao,hidden_linear_function,32,True,BASIS_REWRITE,16,8,1048576,155191345152,1.7712193078471912
qdao_ca61498a8a0b6464_0,lowered,qdao,hidden_linear_function,32,True,BASIS_REWRITE,16,8,4194304,155315077120,1.7698082635700783
qdao_ca61498a8a0b6464_0,lowered,qdao,hidden_linear_function,32,True,BASIS_REWRITE,16,16,1,310313484256,1.7716143248047407
qdao_ca61498a8a0b6464_0,lowered,qdao,hidden_linear_function,32,True,BASIS_REWRITE,16,16,4096,310313541632,1.7716139972388119
qdao_ca61498a8a0b6464_0,lowered,qdao,hidden_linear_function,32,True,BASIS_REWRITE,16,16,65536,310314926080,1.771606093308807
qdao_ca61498a8a0b6464_0,lowered,qdao,hidden_linear_function,32,True,BASIS_REWRITE,16,16,1048576,310344941568,1.7714347497026706
qdao_ca61498a8a0b6464_0,lowered,qdao,hidden_linear_function,32,True,BASIS_REWRITE,16,16,4194304,310462382080,1.7707646582004863
qdao_ca61498a8a0b6464_0,lowered,qdao,hidden_linear_function,32,True,BASIS_THIN,16,8,1,155156742128,1.7716143248047407
qdao_ca61498a8a0b6464_0,lowered,qdao,hidden_linear_function,32,True,BASIS_THIN,16,8,4096,155156807680,1.7716135763176846
qdao_ca61498a8a0b6464_0,lowered,qdao,hidden_linear_function,32,True,BASIS_THIN,16,8,65536,155158315008,1.7715963654917704
qdao_ca61498a8a0b6464_0,lowered,qdao,hidden_linear_function,32,True,BASIS_THIN,16,8,1048576,155191345152,1.7712193078471912
qdao_ca61498a8a0b6464_0,lowered,qdao,hidden_linear_function,32,True,BASIS_THIN,16,8,4194304,155315077120,1.7698082635700783
qdao_ca61498a8a0b6464_0,lowered,qdao,hidden_linear_function,32,True,BASIS_THIN,16,16,1,310313484256,1.7716143248047407
qdao_ca61498a8a0b6464_0,lowered,qdao,hidden_linear_function,32,True,BASIS_THIN,16,16,4096,310313541632,1.7716139972388119
qdao_ca61498a8a0b6464_0,lowered,qdao,hidden_linear_function,32,True,BASIS_THIN,16,16,65536,310314926080,1.771606093308807
qdao_ca61498a8a0b6464_0,lowered,qdao,hidden_linear_function,32,True,BASIS_THIN,16,16,1048576,310344941568,1.7714347497026706
qdao_ca61498a8a0b6464_0,lowered,qdao,hidden_linear_function,32,True,BASIS_THIN,16,16,4194304,310462382080,1.7707646582004863
qdao_ca61498a8a0b6464_0,lowered,qdao,hidden_linear_function,32,True,PRODUCT_FUSED,16,8,1,9125717456,30.121237948614393
qdao_ca61498a8a0b6464_0,lowered,qdao,hidden_linear_function,32,True,PRODUCT_FUSED,16,8,4096,9125765120,30.121080624963533
qdao_ca61498a8a0b6464_0,lowered,qdao,hidden_linear_function,32,True,PRODUCT_FUSED,16,8,65536,9126805504,30.11764705882353
qdao_ca61498a8a0b6464_0,lowered,qdao,hidden_linear_function,32,True,PRODUCT_FUSED,16,8,1048576,9151971328,30.034830430797435
qdao_ca61498a8a0b6464_0,lowered,qdao,hidden_linear_function,32,True,PRODUCT_FUSED,16,8,4194304,9244246016,29.73502722323049
qdao_ca61498a8a0b6464_0,lowered,qdao,hidden_linear_function,32,True,PRODUCT_FUSED,16,16,1,18251434912,30.121237948614393
qdao_ca61498a8a0b6464_0,lowered,qdao,hidden_linear_function,32,True,PRODUCT_FUSED,16,16,4096,18251472896,30.121175261887203
qdao_ca61498a8a0b6464_0,lowered,qdao,hidden_linear_function,32,True,PRODUCT_FUSED,16,16,65536,18252431360,30.119593551398513
qdao_ca61498a8a0b6464_0,lowered,qdao,hidden_linear_function,32,True,PRODUCT_FUSED,16,16,1048576,18274582528,30.083084691301355
qdao_ca61498a8a0b6464_0,lowered,qdao,hidden_linear_function,32,True,PRODUCT_FUSED,16,16,4194304,18362662912,29.938784833257195
qdao_cad297122798fb1a_0,lowered,qdao,arithmetic,34,True,EAGER_FULL,16,8,1,12094627905536,1.0
qdao_cad297122798fb1a_0,lowered,qdao,arithmetic,34,True,EAGER_FULL,16,8,4096,12094627905536,1.0
qdao_cad297122798fb1a_0,lowered,qdao,arithmetic,34,True,EAGER_FULL,16,8,65536,12094627905536,1.0
qdao_cad297122798fb1a_0,lowered,qdao,arithmetic,34,True,EAGER_FULL,16,8,1048576,12094627905536,1.0
qdao_cad297122798fb1a_0,lowered,qdao,arithmetic,34,True,EAGER_FULL,16,8,4194304,12094627905536,1.0
qdao_cad297122798fb1a_0,lowered,qdao,arithmetic,34,True,EAGER_FULL,16,16,1,24189255811072,1.0
qdao_cad297122798fb1a_0,lowered,qdao,arithmetic,34,True,EAGER_FULL,16,16,4096,24189255811072,1.0
qdao_cad297122798fb1a_0,lowered,qdao,arithmetic,34,True,EAGER_FULL,16,16,65536,24189255811072,1.0
qdao_cad297122798fb1a_0,lowered,qdao,arithmetic,34,True,EAGER_FULL,16,16,1048576,24189255811072,1.0
qdao_cad297122798fb1a_0,lowered,qdao,arithmetic,34,True,EAGER_FULL,16,16,4194304,24189255811072,1.0
qdao_cad297122798fb1a_0,lowered,qdao,arithmetic,34,True,BASIS_REWRITE,16,8,1,1479616364528,8.174164733163252
qdao_cad297122798fb1a_0,lowered,qdao,arithmetic,34,True,BASIS_REWRITE,16,8,4096,1479616430080,8.174164371020176
qdao_cad297122798fb1a_0,lowered,qdao,arithmetic,34,True,BASIS_REWRITE,16,8,65536,1479617937408,8.174156043771282
qdao_cad297122798fb1a_0,lowered,qdao,arithmetic,34,True,BASIS_REWRITE,16,8,1048576,1479651885056,8.17396850413789
qdao_cad297122798fb1a_0,lowered,qdao,arithmetic,34,True,BASIS_REWRITE,16,8,4194304,1479775617024,8.173285034835008
qdao_cad297122798fb1a_0,lowered,qdao,arithmetic,34,True,BASIS_REWRITE,16,16,1,2959232729056,8.174164733163252
qdao_cad297122798fb1a_0,lowered,qdao,arithmetic,34,True,BASIS_REWRITE,16,16,4096,2959232786432,8.174164574675931
qdao_cad297122798fb1a_0,lowered,qdao,arithmetic,34,True,BASIS_REWRITE,16,16,65536,2959234170880,8.174160750475092
qdao_cad297122798fb1a_0,lowered,qdao,arithmetic,34,True,BASIS_REWRITE,16,16,1048576,2959266021376,8.174072772215482
qdao_cad297122798fb1a_0,lowered,qdao,arithmetic,34,True,BASIS_REWRITE,16,16,4194304,2959383461888,8.173748391376074
qdao_cad297122798fb1a_0,lowered,qdao,arithmetic,34,True,BASIS_THIN,16,8,1,1479616364528,8.174164733163252
qdao_cad297122798fb1a_0,lowered,qdao,arithmetic,34,True,BASIS_THIN,16,8,4096,1479616430080,8.174164371020176
qdao_cad297122798fb1a_0,lowered,qdao,arithmetic,34,True,BASIS_THIN,16,8,65536,1479617937408,8.174156043771282
qdao_cad297122798fb1a_0,lowered,qdao,arithmetic,34,True,BASIS_THIN,16,8,1048576,1479651885056,8.17396850413789
qdao_cad297122798fb1a_0,lowered,qdao,arithmetic,34,True,BASIS_THIN,16,8,4194304,1479775617024,8.173285034835008
qdao_cad297122798fb1a_0,lowered,qdao,arithmetic,34,True,BASIS_THIN,16,16,1,2959232729056,8.174164733163252
qdao_cad297122798fb1a_0,lowered,qdao,arithmetic,34,True,BASIS_THIN,16,16,4096,2959232786432,8.174164574675931
qdao_cad297122798fb1a_0,lowered,qdao,arithmetic,34,True,BASIS_THIN,16,16,65536,2959234170880,8.174160750475092
qdao_cad297122798fb1a_0,lowered,qdao,arithmetic,34,True,BASIS_THIN,16,16,1048576,2959266021376,8.174072772215482
qdao_cad297122798fb1a_0,lowered,qdao,arithmetic,34,True,BASIS_THIN,16,16,4194304,2959383461888,8.173748391376074
qdao_cad297122798fb1a_0,lowered,qdao,arithmetic,34,True,PRODUCT_FUSED,16,8,1,704,17179869184.0
qdao_cad297122798fb1a_0,lowered,qdao,arithmetic,34,True,PRODUCT_FUSED,16,8,4096,360448,33554432.0
qdao_cad297122798fb1a_0,lowered,qdao,arithmetic,34,True,PRODUCT_FUSED,16,8,65536,5767168,2097152.0
qdao_cad297122798fb1a_0,lowered,qdao,arithmetic,34,True,PRODUCT_FUSED,16,8,1048576,92274688,131072.0
qdao_cad297122798fb1a_0,lowered,qdao,arithmetic,34,True,PRODUCT_FUSED,16,8,4194304,369098752,32768.0
qdao_cad297122798fb1a_0,lowered,qdao,arithmetic,34,True,PRODUCT_FUSED,16,16,1,1408,17179869184.0
qdao_cad297122798fb1a_0,lowered,qdao,arithmetic,34,True,PRODUCT_FUSED,16,16,4096,360448,67108864.0
qdao_cad297122798fb1a_0,lowered,qdao,arithmetic,34,True,PRODUCT_FUSED,16,16,65536,5767168,4194304.0
qdao_cad297122798fb1a_0,lowered,qdao,arithmetic,34,True,PRODUCT_FUSED,16,16,1048576,92274688,262144.0
qdao_cad297122798fb1a_0,lowered,qdao,arithmetic,34,True,PRODUCT_FUSED,16,16,4194304,369098752,65536.0
qdao_cc0b56cb48e9a0fa_0,lowered,qdao,qft,30,True,EAGER_FULL,16,8,1,429496729600,1.0
qdao_cc0b56cb48e9a0fa_0,lowered,qdao,qft,30,True,EAGER_FULL,16,8,4096,429496729600,1.0
qdao_cc0b56cb48e9a0fa_0,lowered,qdao,qft,30,True,EAGER_FULL,16,8,65536,429496729600,1.0
qdao_cc0b56cb48e9a0fa_0,lowered,qdao,qft,30,True,EAGER_FULL,16,8,1048576,429496729600,1.0
qdao_cc0b56cb48e9a0fa_0,lowered,qdao,qft,30,True,EAGER_FULL,16,8,4194304,429496729600,1.0
qdao_cc0b56cb48e9a0fa_0,lowered,qdao,qft,30,True,EAGER_FULL,16,16,1,858993459200,1.0
qdao_cc0b56cb48e9a0fa_0,lowered,qdao,qft,30,True,EAGER_FULL,16,16,4096,858993459200,1.0
qdao_cc0b56cb48e9a0fa_0,lowered,qdao,qft,30,True,EAGER_FULL,16,16,65536,858993459200,1.0
qdao_cc0b56cb48e9a0fa_0,lowered,qdao,qft,30,True,EAGER_FULL,16,16,1048576,858993459200,1.0
qdao_cc0b56cb48e9a0fa_0,lowered,qdao,qft,30,True,EAGER_FULL,16,16,4194304,858993459200,1.0
qdao_cc0b56cb48e9a0fa_0,lowered,qdao,qft,30,True,BASIS_REWRITE,16,8,1,76990644208,5.578557421076515
qdao_cc0b56cb48e9a0fa_0,lowered,qdao,qft,30,True,BASIS_REWRITE,16,8,4096,76990709760,5.578552671339862
qdao_cc0b56cb48e9a0fa_0,lowered,qdao,qft,30,True,BASIS_REWRITE,16,8,65536,76992217088,5.578443456292432
qdao_cc0b56cb48e9a0fa_0,lowered,qdao,qft,30,True,BASIS_REWRITE,16,8,1048576,77026295808,5.575975387296142
qdao_cc0b56cb48e9a0fa_0,lowered,qdao,qft,30,True,BASIS_REWRITE,16,8,4194304,77166804992,5.565822371996957
qdao_cc0b56cb48e9a0fa_0,lowered,qdao,qft,30,True,BASIS_REWRITE,16,16,1,153981288416,5.578557421076515
qdao_cc0b56cb48e9a0fa_0,lowered,qdao,qft,30,True,BASIS_REWRITE,16,16,4096,153981345792,5.578555342413616
qdao_cc0b56cb48e9a0fa_0,lowered,qdao,qft,30,True,BASIS_REWRITE,16,16,65536,153982730240,5.578505186011176
qdao_cc0b56cb48e9a0fa_0,lowered,qdao,qft,30,True,BASIS_REWRITE,16,16,1048576,154012745728,5.577417993164395
qdao_cc0b56cb48e9a0fa_0,lowered,qdao,qft,30,True,BASIS_REWRITE,16,16,4194304,154140672000,5.572789115646258
qdao_cc0b56cb48e9a0fa_0,lowered,qdao,qft,30,True,BASIS_THIN,16,8,1,76990644208,5.578557421076515
qdao_cc0b56cb48e9a0fa_0,lowered,qdao,qft,30,True,BASIS_THIN,16,8,4096,76990709760,5.578552671339862
qdao_cc0b56cb48e9a0fa_0,lowered,qdao,qft,30,True,BASIS_THIN,16,8,65536,76992217088,5.578443456292432
qdao_cc0b56cb48e9a0fa_0,lowered,qdao,qft,30,True,BASIS_THIN,16,8,1048576,77026295808,5.575975387296142
qdao_cc0b56cb48e9a0fa_0,lowered,qdao,qft,30,True,BASIS_THIN,16,8,4194304,77166804992,5.565822371996957
qdao_cc0b56cb48e9a0fa_0,lowered,qdao,qft,30,True,BASIS_THIN,16,16,1,153981288416,5.578557421076515
qdao_cc0b56cb48e9a0fa_0,lowered,qdao,qft,30,True,BASIS_THIN,16,16,4096,153981345792,5.578555342413616
qdao_cc0b56cb48e9a0fa_0,lowered,qdao,qft,30,True,BASIS_THIN,16,16,65536,153982730240,5.578505186011176
qdao_cc0b56cb48e9a0fa_0,lowered,qdao,qft,30,True,BASIS_THIN,16,16,1048576,154012745728,5.577417993164395
qdao_cc0b56cb48e9a0fa_0,lowered,qdao,qft,30,True,BASIS_THIN,16,16,4194304,154140672000,5.572789115646258
qdao_cc0b56cb48e9a0fa_0,lowered,qdao,qft,30,True,PRODUCT_FUSED,16,8,1,400,1073741824.0
qdao_cc0b56cb48e9a0fa_0,lowered,qdao,qft,30,True,PRODUCT_FUSED,16,8,4096,204800,2097152.0
qdao_cc0b56cb48e9a0fa_0,lowered,qdao,qft,30,True,PRODUCT_FUSED,16,8,65536,3276800,131072.0
qdao_cc0b56cb48e9a0fa_0,lowered,qdao,qft,30,True,PRODUCT_FUSED,16,8,1048576,52428800,8192.0
qdao_cc0b56cb48e9a0fa_0,lowered,qdao,qft,30,True,PRODUCT_FUSED,16,8,4194304,209715200,2048.0
qdao_cc0b56cb48e9a0fa_0,lowered,qdao,qft,30,True,PRODUCT_FUSED,16,16,1,800,1073741824.0
qdao_cc0b56cb48e9a0fa_0,lowered,qdao,qft,30,True,PRODUCT_FUSED,16,16,4096,204800,4194304.0
qdao_cc0b56cb48e9a0fa_0,lowered,qdao,qft,30,True,PRODUCT_FUSED,16,16,65536,3276800,262144.0
qdao_cc0b56cb48e9a0fa_0,lowered,qdao,qft,30,True,PRODUCT_FUSED,16,16,1048576,52428800,16384.0
qdao_cc0b56cb48e9a0fa_0,lowered,qdao,qft,30,True,PRODUCT_FUSED,16,16,4194304,209715200,4096.0
qdao_df0ba413d7169328_0,lowered,qdao,random,20,True,EAGER_FULL,16,8,1,100663296,1.0
qdao_df0ba413d7169328_0,lowered,qdao,random,20,True,EAGER_FULL,16,8,4096,100663296,1.0
qdao_df0ba413d7169328_0,lowered,qdao,random,20,True,EAGER_FULL,16,8,65536,100663296,1.0
qdao_df0ba413d7169328_0,lowered,qdao,random,20,True,EAGER_FULL,16,8,1048576,100663296,1.0
qdao_df0ba413d7169328_0,lowered,qdao,random,20,True,EAGER_FULL,16,8,4194304,100663296,1.0
qdao_df0ba413d7169328_0,lowered,qdao,random,20,True,EAGER_FULL,16,16,1,201326592,1.0
qdao_df0ba413d7169328_0,lowered,qdao,random,20,True,EAGER_FULL,16,16,4096,201326592,1.0
qdao_df0ba413d7169328_0,lowered,qdao,random,20,True,EAGER_FULL,16,16,65536,201326592,1.0
qdao_df0ba413d7169328_0,lowered,qdao,random,20,True,EAGER_FULL,16,16,1048576,201326592,1.0
qdao_df0ba413d7169328_0,lowered,qdao,random,20,True,EAGER_FULL,16,16,4194304,201326592,1.0
qdao_df0ba413d7169328_0,lowered,qdao,random,20,True,BASIS_REWRITE,16,8,1,77610992,1.2970236999418845
qdao_df0ba413d7169328_0,lowered,qdao,random,20,True,BASIS_REWRITE,16,8,4096,77676544,1.2959291288757646
qdao_df0ba413d7169328_0,lowered,qdao,random,20,True,BASIS_REWRITE,16,8,65536,79298560,1.2694214876033059
qdao_df0ba413d7169328_0,lowered,qdao,random,20,True,BASIS_REWRITE,16,8,1048576,113246208,0.8888888888888888
qdao_df0ba413d7169328_0,lowered,qdao,random,20,True,BASIS_REWRITE,16,8,4194304,243269632,0.41379310344827586
qdao_df0ba413d7169328_0,lowered,qdao,random,20,True,BASIS_REWRITE,16,16,1,155221984,1.2970236999418845
qdao_df0ba413d7169328_0,lowered,qdao,random,20,True,BASIS_REWRITE,16,16,4096,155279360,1.2965444473753627
qdao_df0ba413d7169328_0,lowered,qdao,random,20,True,BASIS_REWRITE,16,16,65536,156762112,1.2842809364548495
qdao_df0ba413d7169328_0,lowered,qdao,random,20,True,BASIS_REWRITE,16,16,1048576,188743680,1.0666666666666667
qdao_df0ba413d7169328_0,lowered,qdao,random,20,True,BASIS_REWRITE,16,16,4194304,310378496,0.6486486486486487
qdao_df0ba413d7169328_0,lowered,qdao,random,20,True,BASIS_THIN,16,8,1,77610992,1.2970236999418845
qdao_df0ba413d7169328_0,lowered,qdao,random,20,True,BASIS_THIN,16,8,4096,77676544,1.2959291288757646
qdao_df0ba413d7169328_0,lowered,qdao,random,20,True,BASIS_THIN,16,8,65536,79298560,1.2694214876033059
qdao_df0ba413d7169328_0,lowered,qdao,random,20,True,BASIS_THIN,16,8,1048576,113246208,0.8888888888888888
qdao_df0ba413d7169328_0,lowered,qdao,random,20,True,BASIS_THIN,16,8,4194304,243269632,0.41379310344827586
qdao_df0ba413d7169328_0,lowered,qdao,random,20,True,BASIS_THIN,16,16,1,155221984,1.2970236999418845
qdao_df0ba413d7169328_0,lowered,qdao,random,20,True,BASIS_THIN,16,16,4096,155279360,1.2965444473753627
qdao_df0ba413d7169328_0,lowered,qdao,random,20,True,BASIS_THIN,16,16,65536,156762112,1.2842809364548495
qdao_df0ba413d7169328_0,lowered,qdao,random,20,True,BASIS_THIN,16,16,1048576,188743680,1.0666666666666667
qdao_df0ba413d7169328_0,lowered,qdao,random,20,True,BASIS_THIN,16,16,4194304,310378496,0.6486486486486487
qdao_df0ba413d7169328_0,lowered,qdao,random,20,True,PRODUCT_FUSED,16,8,1,62772704,1.603615737184111
qdao_df0ba413d7169328_0,lowered,qdao,random,20,True,PRODUCT_FUSED,16,8,4096,62824448,1.6022949537097406
qdao_df0ba413d7169328_0,lowered,qdao,random,20,True,PRODUCT_FUSED,16,8,65536,63963136,1.5737704918032787
qdao_df0ba413d7169328_0,lowered,qdao,random,20,True,PRODUCT_FUSED,16,8,1048576,90177536,1.1162790697674418
qdao_df0ba413d7169328_0,lowered,qdao,random,20,True,PRODUCT_FUSED,16,8,4194304,192937984,0.5217391304347826
qdao_df0ba413d7169328_0,lowered,qdao,random,20,True,PRODUCT_FUSED,16,16,1,125545408,1.603615737184111
qdao_df0ba413d7169328_0,lowered,qdao,random,20,True,PRODUCT_FUSED,16,16,4096,125591552,1.6030265475181005
qdao_df0ba413d7169328_0,lowered,qdao,random,20,True,PRODUCT_FUSED,16,16,65536,126615552,1.5900621118012421
qdao_df0ba413d7169328_0,lowered,qdao,random,20,True,PRODUCT_FUSED,16,16,1048576,150994944,1.3333333333333333
qdao_df0ba413d7169328_0,lowered,qdao,random,20,True,PRODUCT_FUSED,16,16,4194304,243269632,0.8275862068965517
qdao_e409d072248e0f48_0,lowered,qdao,quantum_ml,27,True,EAGER_FULL,16,8,1,6442450944,1.0
qdao_e409d072248e0f48_0,lowered,qdao,quantum_ml,27,True,EAGER_FULL,16,8,4096,6442450944,1.0
qdao_e409d072248e0f48_0,lowered,qdao,quantum_ml,27,True,EAGER_FULL,16,8,65536,6442450944,1.0
qdao_e409d072248e0f48_0,lowered,qdao,quantum_ml,27,True,EAGER_FULL,16,8,1048576,6442450944,1.0
qdao_e409d072248e0f48_0,lowered,qdao,quantum_ml,27,True,EAGER_FULL,16,8,4194304,6442450944,1.0
qdao_e409d072248e0f48_0,lowered,qdao,quantum_ml,27,True,EAGER_FULL,16,16,1,12884901888,1.0
qdao_e409d072248e0f48_0,lowered,qdao,quantum_ml,27,True,EAGER_FULL,16,16,4096,12884901888,1.0
qdao_e409d072248e0f48_0,lowered,qdao,quantum_ml,27,True,EAGER_FULL,16,16,65536,12884901888,1.0
qdao_e409d072248e0f48_0,lowered,qdao,quantum_ml,27,True,EAGER_FULL,16,16,1048576,12884901888,1.0
qdao_e409d072248e0f48_0,lowered,qdao,quantum_ml,27,True,EAGER_FULL,16,16,4194304,12884901888,1.0
qdao_e409d072248e0f48_0,lowered,qdao,quantum_ml,27,True,BASIS_REWRITE,16,8,1,4430233584,1.4542011886838697
qdao_e409d072248e0f48_0,lowered,qdao,quantum_ml,27,True,BASIS_REWRITE,16,8,4096,4430299136,1.4541796718983446
qdao_e409d072248e0f48_0,lowered,qdao,quantum_ml,27,True,BASIS_REWRITE,16,8,65536,4431806464,1.4536850822193303
qdao_e409d072248e0f48_0,lowered,qdao,quantum_ml,27,True,BASIS_REWRITE,16,8,1048576,4464836608,1.4429309534992953
qdao_e409d072248e0f48_0,lowered,qdao,quantum_ml,27,True,BASIS_REWRITE,16,8,4194304,4588568576,1.4040219378427787
qdao_e409d072248e0f48_0,lowered,qdao,quantum_ml,27,True,BASIS_REWRITE,16,16,1,8860467168,1.4542011886838697
qdao_e409d072248e0f48_0,lowered,qdao,quantum_ml,27,True,BASIS_REWRITE,16,16,4096,8860524544,1.4541917720576882
qdao_e409d072248e0f48_0,lowered,qdao,quantum_ml,27,True,BASIS_REWRITE,16,16,65536,8861908992,1.4539645915605448
qdao_e409d072248e0f48_0,lowered,qdao,quantum_ml,27,True,BASIS_REWRITE,16,16,1048576,8891924480,1.4490566037735848
qdao_e409d072248e0f48_0,lowered,qdao,quantum_ml,27,True,BASIS_REWRITE,16,16,4194304,9009364992,1.4301675977653632
qdao_e409d072248e0f48_0,lowered,qdao,quantum_ml,27,True,BASIS_THIN,16,8,1,4430233584,1.4542011886838697
qdao_e409d072248e0f48_0,lowered,qdao,quantum_ml,27,True,BASIS_THIN,16,8,4096,4430299136,1.4541796718983446
qdao_e409d072248e0f48_0,lowered,qdao,quantum_ml,27,True,BASIS_THIN,16,8,65536,4431806464,1.4536850822193303
qdao_e409d072248e0f48_0,lowered,qdao,quantum_ml,27,True,BASIS_THIN,16,8,1048576,4464836608,1.4429309534992953
qdao_e409d072248e0f48_0,lowered,qdao,quantum_ml,27,True,BASIS_THIN,16,8,4194304,4588568576,1.4040219378427787
qdao_e409d072248e0f48_0,lowered,qdao,quantum_ml,27,True,BASIS_THIN,16,16,1,8860467168,1.4542011886838697
qdao_e409d072248e0f48_0,lowered,qdao,quantum_ml,27,True,BASIS_THIN,16,16,4096,8860524544,1.4541917720576882
qdao_e409d072248e0f48_0,lowered,qdao,quantum_ml,27,True,BASIS_THIN,16,16,65536,8861908992,1.4539645915605448
qdao_e409d072248e0f48_0,lowered,qdao,quantum_ml,27,True,BASIS_THIN,16,16,1048576,8891924480,1.4490566037735848
qdao_e409d072248e0f48_0,lowered,qdao,quantum_ml,27,True,BASIS_THIN,16,16,4194304,9009364992,1.4301675977653632
qdao_e409d072248e0f48_0,lowered,qdao,quantum_ml,27,True,PRODUCT_FUSED,16,8,1,4429971408,1.454287251688736
qdao_e409d072248e0f48_0,lowered,qdao,quantum_ml,27,True,PRODUCT_FUSED,16,8,4096,4430028800,1.4542684110766955
qdao_e409d072248e0f48_0,lowered,qdao,quantum_ml,27,True,PRODUCT_FUSED,16,8,65536,4431413248,1.4538140731757816
qdao_e409d072248e0f48_0,lowered,qdao,quantum_ml,27,True,PRODUCT_FUSED,16,8,1048576,4460642304,1.4442877291960508
qdao_e409d072248e0f48_0,lowered,qdao,quantum_ml,27,True,PRODUCT_FUSED,16,8,4194304,4571791360,1.4091743119266056
qdao_e409d072248e0f48_0,lowered,qdao,quantum_ml,27,True,PRODUCT_FUSED,16,16,1,8859942816,1.454287251688736
qdao_e409d072248e0f48_0,lowered,qdao,quantum_ml,27,True,PRODUCT_FUSED,16,16,4096,8859992064,1.4542791680766904
qdao_e409d072248e0f48_0,lowered,qdao,quantum_ml,27,True,PRODUCT_FUSED,16,16,65536,8861253632,1.4540721237759962
qdao_e409d072248e0f48_0,lowered,qdao,quantum_ml,27,True,PRODUCT_FUSED,16,16,1048576,8887730176,1.4497404436054744
qdao_e409d072248e0f48_0,lowered,qdao,quantum_ml,27,True,PRODUCT_FUSED,16,16,4194304,8992587776,1.4328358208955223
qdao_e614aae2504083a2_0,lowered,qdao,qft,28,True,EAGER_FULL,16,8,1,90194313216,1.0
qdao_e614aae2504083a2_0,lowered,qdao,qft,28,True,EAGER_FULL,16,8,4096,90194313216,1.0
qdao_e614aae2504083a2_0,lowered,qdao,qft,28,True,EAGER_FULL,16,8,65536,90194313216,1.0
qdao_e614aae2504083a2_0,lowered,qdao,qft,28,True,EAGER_FULL,16,8,1048576,90194313216,1.0
qdao_e614aae2504083a2_0,lowered,qdao,qft,28,True,EAGER_FULL,16,8,4194304,90194313216,1.0
qdao_e614aae2504083a2_0,lowered,qdao,qft,28,True,EAGER_FULL,16,16,1,180388626432,1.0
qdao_e614aae2504083a2_0,lowered,qdao,qft,28,True,EAGER_FULL,16,16,4096,180388626432,1.0
qdao_e614aae2504083a2_0,lowered,qdao,qft,28,True,EAGER_FULL,16,16,65536,180388626432,1.0
qdao_e614aae2504083a2_0,lowered,qdao,qft,28,True,EAGER_FULL,16,16,1048576,180388626432,1.0
qdao_e614aae2504083a2_0,lowered,qdao,qft,28,True,EAGER_FULL,16,16,4194304,180388626432,1.0
qdao_e614aae2504083a2_0,lowered,qdao,qft,28,True,BASIS_REWRITE,16,8,1,19008585712,4.744924981928608
qdao_e614aae2504083a2_0,lowered,qdao,qft,28,True,BASIS_REWRITE,16,8,4096,19008651264,4.744908618888533
qdao_e614aae2504083a2_0,lowered,qdao,qft,28,True,BASIS_REWRITE,16,8,65536,19010158592,4.744532391957859
qdao_e614aae2504083a2_0,lowered,qdao,qft,28,True,BASIS_REWRITE,16,8,1048576,19044237312,4.73604228609184
qdao_e614aae2504083a2_0,lowered,qdao,qft,28,True,BASIS_REWRITE,16,8,4194304,19184746496,4.70135548753826
qdao_e614aae2504083a2_0,lowered,qdao,qft,28,True,BASIS_REWRITE,16,16,1,38017171424,4.744924981928608
qdao_e614aae2504083a2_0,lowered,qdao,qft,28,True,BASIS_REWRITE,16,16,4096,38017228800,4.744917820838114
qdao_e614aae2504083a2_0,lowered,qdao,qft,28,True,BASIS_REWRITE,16,16,65536,38018613248,4.744745034630886
qdao_e614aae2504083a2_0,lowered,qdao,qft,28,True,BASIS_REWRITE,16,16,1048576,38048628736,4.74100203935402
qdao_e614aae2504083a2_0,lowered,qdao,qft,28,True,BASIS_REWRITE,16,16,4194304,38176555008,4.725115359261701
qdao_e614aae2504083a2_0,lowered,qdao,qft,28,True,BASIS_THIN,16,8,1,19008585712,4.744924981928608
qdao_e614aae2504083a2_0,lowered,qdao,qft,28,True,BASIS_THIN,16,8,4096,19008651264,4.744908618888533
qdao_e614aae2504083a2_0,lowered,qdao,qft,28,True,BASIS_THIN,16,8,65536,19010158592,4.744532391957859
qdao_e614aae2504083a2_0,lowered,qdao,qft,28,True,BASIS_THIN,16,8,1048576,19044237312,4.73604228609184
qdao_e614aae2504083a2_0,lowered,qdao,qft,28,True,BASIS_THIN,16,8,4194304,19184746496,4.70135548753826
qdao_e614aae2504083a2_0,lowered,qdao,qft,28,True,BASIS_THIN,16,16,1,38017171424,4.744924981928608
qdao_e614aae2504083a2_0,lowered,qdao,qft,28,True,BASIS_THIN,16,16,4096,38017228800,4.744917820838114
qdao_e614aae2504083a2_0,lowered,qdao,qft,28,True,BASIS_THIN,16,16,65536,38018613248,4.744745034630886
qdao_e614aae2504083a2_0,lowered,qdao,qft,28,True,BASIS_THIN,16,16,1048576,38048628736,4.74100203935402
qdao_e614aae2504083a2_0,lowered,qdao,qft,28,True,BASIS_THIN,16,16,4194304,38176555008,4.725115359261701
qdao_e614aae2504083a2_0,lowered,qdao,qft,28,True,PRODUCT_FUSED,16,8,1,336,268435456.0
qdao_e614aae2504083a2_0,lowered,qdao,qft,28,True,PRODUCT_FUSED,16,8,4096,172032,524288.0
qdao_e614aae2504083a2_0,lowered,qdao,qft,28,True,PRODUCT_FUSED,16,8,65536,2752512,32768.0
qdao_e614aae2504083a2_0,lowered,qdao,qft,28,True,PRODUCT_FUSED,16,8,1048576,44040192,2048.0
qdao_e614aae2504083a2_0,lowered,qdao,qft,28,True,PRODUCT_FUSED,16,8,4194304,176160768,512.0
qdao_e614aae2504083a2_0,lowered,qdao,qft,28,True,PRODUCT_FUSED,16,16,1,672,268435456.0
qdao_e614aae2504083a2_0,lowered,qdao,qft,28,True,PRODUCT_FUSED,16,16,4096,172032,1048576.0
qdao_e614aae2504083a2_0,lowered,qdao,qft,28,True,PRODUCT_FUSED,16,16,65536,2752512,65536.0
qdao_e614aae2504083a2_0,lowered,qdao,qft,28,True,PRODUCT_FUSED,16,16,1048576,44040192,4096.0
qdao_e614aae2504083a2_0,lowered,qdao,qft,28,True,PRODUCT_FUSED,16,16,4194304,176160768,1024.0
qdao_f4051593af7e5334_0,lowered,qdao,unknown,28,True,EAGER_FULL,16,8,1,42949672960,1.0
qdao_f4051593af7e5334_0,lowered,qdao,unknown,28,True,EAGER_FULL,16,8,4096,42949672960,1.0
qdao_f4051593af7e5334_0,lowered,qdao,unknown,28,True,EAGER_FULL,16,8,65536,42949672960,1.0
qdao_f4051593af7e5334_0,lowered,qdao,unknown,28,True,EAGER_FULL,16,8,1048576,42949672960,1.0
qdao_f4051593af7e5334_0,lowered,qdao,unknown,28,True,EAGER_FULL,16,8,4194304,42949672960,1.0
qdao_f4051593af7e5334_0,lowered,qdao,unknown,28,True,EAGER_FULL,16,16,1,85899345920,1.0
qdao_f4051593af7e5334_0,lowered,qdao,unknown,28,True,EAGER_FULL,16,16,4096,85899345920,1.0
qdao_f4051593af7e5334_0,lowered,qdao,unknown,28,True,EAGER_FULL,16,16,65536,85899345920,1.0
qdao_f4051593af7e5334_0,lowered,qdao,unknown,28,True,EAGER_FULL,16,16,1048576,85899345920,1.0
qdao_f4051593af7e5334_0,lowered,qdao,unknown,28,True,EAGER_FULL,16,16,4194304,85899345920,1.0
qdao_f4051593af7e5334_0,lowered,qdao,unknown,28,True,BASIS_REWRITE,16,8,1,34461450224,1.246310665419662
qdao_f4051593af7e5334_0,lowered,qdao,unknown,28,True,BASIS_REWRITE,16,8,4096,34461515776,1.2463082947126602
qdao_f4051593af7e5334_0,lowered,qdao,unknown,28,True,BASIS_REWRITE,16,8,65536,34463023104,1.2462537842483987
qdao_f4051593af7e5334_0,lowered,qdao,unknown,28,True,BASIS_REWRITE,16,8,1048576,34496053248,1.245060489999392
qdao_f4051593af7e5334_0,lowered,qdao,unknown,28,True,BASIS_REWRITE,16,8,4194304,34619785216,1.2406106130361036
qdao_f4051593af7e5334_0,lowered,qdao,unknown,28,True,BASIS_REWRITE,16,16,1,68922900448,1.246310665419662
qdao_f4051593af7e5334_0,lowered,qdao,unknown,28,True,BASIS_REWRITE,16,16,4096,68922957824,1.2463096279087513
qdao_f4051593af7e5334_0,lowered,qdao,unknown,28,True,BASIS_REWRITE,16,16,65536,68924342272,1.246284593924895
qdao_f4051593af7e5334_0,lowered,qdao,unknown,28,True,BASIS_REWRITE,16,16,1048576,68954357760,1.245742092457421
qdao_f4051593af7e5334_0,lowered,qdao,unknown,28,True,BASIS_REWRITE,16,16,4194304,69071798272,1.2436239980568375
qdao_f4051593af7e5334_0,lowered,qdao,unknown,28,True,BASIS_THIN,16,8,1,34461450224,1.246310665419662
qdao_f4051593af7e5334_0,lowered,qdao,unknown,28,True,BASIS_THIN,16,8,4096,34461515776,1.2463082947126602
qdao_f4051593af7e5334_0,lowered,qdao,unknown,28,True,BASIS_THIN,16,8,65536,34463023104,1.2462537842483987
qdao_f4051593af7e5334_0,lowered,qdao,unknown,28,True,BASIS_THIN,16,8,1048576,34496053248,1.245060489999392
qdao_f4051593af7e5334_0,lowered,qdao,unknown,28,True,BASIS_THIN,16,8,4194304,34619785216,1.2406106130361036
qdao_f4051593af7e5334_0,lowered,qdao,unknown,28,True,BASIS_THIN,16,16,1,68922900448,1.246310665419662
qdao_f4051593af7e5334_0,lowered,qdao,unknown,28,True,BASIS_THIN,16,16,4096,68922957824,1.2463096279087513
qdao_f4051593af7e5334_0,lowered,qdao,unknown,28,True,BASIS_THIN,16,16,65536,68924342272,1.246284593924895
qdao_f4051593af7e5334_0,lowered,qdao,unknown,28,True,BASIS_THIN,16,16,1048576,68954357760,1.245742092457421
qdao_f4051593af7e5334_0,lowered,qdao,unknown,28,True,BASIS_THIN,16,16,4194304,69071798272,1.2436239980568375
qdao_f4051593af7e5334_0,lowered,qdao,unknown,28,True,PRODUCT_FUSED,16,8,1,31631168848,1.3578275645262996
qdao_f4051593af7e5334_0,lowered,qdao,unknown,28,True,PRODUCT_FUSED,16,8,4096,31631204352,1.3578260404518663
qdao_f4051593af7e5334_0,lowered,qdao,unknown,28,True,PRODUCT_FUSED,16,8,65536,31631998976,1.357791930651838
qdao_f4051593af7e5334_0,lowered,qdao,unknown,28,True,PRODUCT_FUSED,16,8,1048576,31652315136,1.3569204266878685
qdao_f4051593af7e5334_0,lowered,qdao,unknown,28,True,PRODUCT_FUSED,16,8,4194304,31725715456,1.3537810682178741
qdao_f4051593af7e5334_0,lowered,qdao,unknown,28,True,PRODUCT_FUSED,16,16,1,63262337696,1.3578275645262996
qdao_f4051593af7e5334_0,lowered,qdao,unknown,28,True,PRODUCT_FUSED,16,16,4096,63262367744,1.3578269195930777
qdao_f4051593af7e5334_0,lowered,qdao,unknown,28,True,PRODUCT_FUSED,16,16,65536,63263080448,1.357811622698427
qdao_f4051593af7e5334_0,lowered,qdao,unknown,28,True,PRODUCT_FUSED,16,16,1048576,63281561600,1.3574150787075394
qdao_f4051593af7e5334_0,lowered,qdao,unknown,28,True,PRODUCT_FUSED,16,16,4194304,63350767616,1.3559322033898304
qdao_f582b0405134801e_0,lowered,qdao,random,24,True,EAGER_FULL,16,8,1,2952790016,1.0
qdao_f582b0405134801e_0,lowered,qdao,random,24,True,EAGER_FULL,16,8,4096,2952790016,1.0
qdao_f582b0405134801e_0,lowered,qdao,random,24,True,EAGER_FULL,16,8,65536,2952790016,1.0
qdao_f582b0405134801e_0,lowered,qdao,random,24,True,EAGER_FULL,16,8,1048576,2952790016,1.0
qdao_f582b0405134801e_0,lowered,qdao,random,24,True,EAGER_FULL,16,8,4194304,2952790016,1.0
qdao_f582b0405134801e_0,lowered,qdao,random,24,True,EAGER_FULL,16,16,1,5905580032,1.0
qdao_f582b0405134801e_0,lowered,qdao,random,24,True,EAGER_FULL,16,16,4096,5905580032,1.0
qdao_f582b0405134801e_0,lowered,qdao,random,24,True,EAGER_FULL,16,16,65536,5905580032,1.0
qdao_f582b0405134801e_0,lowered,qdao,random,24,True,EAGER_FULL,16,16,1048576,5905580032,1.0
qdao_f582b0405134801e_0,lowered,qdao,random,24,True,EAGER_FULL,16,16,4194304,5905580032,1.0
qdao_f582b0405134801e_0,lowered,qdao,random,24,True,BASIS_REWRITE,16,8,1,1982078960,1.4897438879024274
qdao_f582b0405134801e_0,lowered,qdao,random,24,True,BASIS_REWRITE,16,8,4096,1982144512,1.4896946202073889
qdao_f582b0405134801e_0,lowered,qdao,random,24,True,BASIS_REWRITE,16,8,65536,1983774720,1.488470432771721
qdao_f582b0405134801e_0,lowered,qdao,random,24,True,BASIS_REWRITE,16,8,1048576,2019557376,1.462097611630322
qdao_f582b0405134801e_0,lowered,qdao,random,24,True,BASIS_REWRITE,16,8,4194304,2155872256,1.3696498054474708
qdao_f582b0405134801e_0,lowered,qdao,random,24,True,BASIS_REWRITE,16,16,1,3964157920,1.4897438879024274
qdao_f582b0405134801e_0,lowered,qdao,random,24,True,BASIS_REWRITE,16,16,4096,3964215296,1.4897223261206043
qdao_f582b0405134801e_0,lowered,qdao,random,24,True,BASIS_REWRITE,16,16,65536,3965714432,1.4891591750396616
qdao_f582b0405134801e_0,lowered,qdao,random,24,True,BASIS_REWRITE,16,16,1048576,3999268864,1.4766649187205034
qdao_f582b0405134801e_0,lowered,qdao,random,24,True,BASIS_REWRITE,16,16,4194304,4127195136,1.4308943089430894
qdao_f582b0405134801e_0,lowered,qdao,random,24,True,BASIS_THIN,16,8,1,1982078960,1.4897438879024274
qdao_f582b0405134801e_0,lowered,qdao,random,24,True,BASIS_THIN,16,8,4096,1982144512,1.4896946202073889
qdao_f582b0405134801e_0,lowered,qdao,random,24,True,BASIS_THIN,16,8,65536,1983774720,1.488470432771721
qdao_f582b0405134801e_0,lowered,qdao,random,24,True,BASIS_THIN,16,8,1048576,2019557376,1.462097611630322
qdao_f582b0405134801e_0,lowered,qdao,random,24,True,BASIS_THIN,16,8,4194304,2155872256,1.3696498054474708
qdao_f582b0405134801e_0,lowered,qdao,random,24,True,BASIS_THIN,16,16,1,3964157920,1.4897438879024274
qdao_f582b0405134801e_0,lowered,qdao,random,24,True,BASIS_THIN,16,16,4096,3964215296,1.4897223261206043
qdao_f582b0405134801e_0,lowered,qdao,random,24,True,BASIS_THIN,16,16,65536,3965714432,1.4891591750396616
qdao_f582b0405134801e_0,lowered,qdao,random,24,True,BASIS_THIN,16,16,1048576,3999268864,1.4766649187205034
qdao_f582b0405134801e_0,lowered,qdao,random,24,True,BASIS_THIN,16,16,4194304,4127195136,1.4308943089430894
qdao_f582b0405134801e_0,lowered,qdao,random,24,True,PRODUCT_FUSED,16,8,1,1519319888,1.9434946118470082
qdao_f582b0405134801e_0,lowered,qdao,random,24,True,PRODUCT_FUSED,16,8,4096,1519370240,1.9434302043457163
qdao_f582b0405134801e_0,lowered,qdao,random,24,True,PRODUCT_FUSED,16,8,65536,1520828416,1.9415668361630614
qdao_f582b0405134801e_0,lowered,qdao,random,24,True,PRODUCT_FUSED,16,8,1048576,1549795328,1.905277401894452
qdao_f582b0405134801e_0,lowered,qdao,random,24,True,PRODUCT_FUSED,16,8,4194304,1660944384,1.7777777777777777
qdao_f582b0405134801e_0,lowered,qdao,random,24,True,PRODUCT_FUSED,16,16,1,3038639776,1.9434946118470082
qdao_f582b0405134801e_0,lowered,qdao,random,24,True,PRODUCT_FUSED,16,16,4096,3038683136,1.9434668794634071
qdao_f582b0405134801e_0,lowered,qdao,random,24,True,PRODUCT_FUSED,16,16,65536,3039952896,1.9426551114560429
qdao_f582b0405134801e_0,lowered,qdao,random,24,True,PRODUCT_FUSED,16,16,1048576,3068133376,1.9248120300751879
qdao_f582b0405134801e_0,lowered,qdao,random,24,True,PRODUCT_FUSED,16,16,4194304,3170893824,1.8624338624338623
qdao_fa0375829ee1a66b_0,lowered,qdao,vqe,30,True,EAGER_FULL,16,8,1,51539607552,1.0
qdao_fa0375829ee1a66b_0,lowered,qdao,vqe,30,True,EAGER_FULL,16,8,4096,51539607552,1.0
qdao_fa0375829ee1a66b_0,lowered,qdao,vqe,30,True,EAGER_FULL,16,8,65536,51539607552,1.0
qdao_fa0375829ee1a66b_0,lowered,qdao,vqe,30,True,EAGER_FULL,16,8,1048576,51539607552,1.0
qdao_fa0375829ee1a66b_0,lowered,qdao,vqe,30,True,EAGER_FULL,16,8,4194304,51539607552,1.0
qdao_fa0375829ee1a66b_0,lowered,qdao,vqe,30,True,EAGER_FULL,16,16,1,103079215104,1.0
qdao_fa0375829ee1a66b_0,lowered,qdao,vqe,30,True,EAGER_FULL,16,16,4096,103079215104,1.0
qdao_fa0375829ee1a66b_0,lowered,qdao,vqe,30,True,EAGER_FULL,16,16,65536,103079215104,1.0
qdao_fa0375829ee1a66b_0,lowered,qdao,vqe,30,True,EAGER_FULL,16,16,1048576,103079215104,1.0
qdao_fa0375829ee1a66b_0,lowered,qdao,vqe,30,True,EAGER_FULL,16,16,4194304,103079215104,1.0
qdao_fa0375829ee1a66b_0,lowered,qdao,vqe,30,True,BASIS_REWRITE,16,8,1,36508270576,1.4117241583577333
qdao_fa0375829ee1a66b_0,lowered,qdao,vqe,30,True,BASIS_REWRITE,16,8,4096,36508336128,1.4117216235574153
qdao_fa0375829ee1a66b_0,lowered,qdao,vqe,30,True,BASIS_REWRITE,16,8,65536,36509843456,1.4116633398911498
qdao_fa0375829ee1a66b_0,lowered,qdao,vqe,30,True,BASIS_REWRITE,16,8,1048576,36542873600,1.41038737446198
qdao_fa0375829ee1a66b_0,lowered,qdao,vqe,30,True,BASIS_REWRITE,16,8,4194304,36666605568,1.4056280027453671
qdao_fa0375829ee1a66b_0,lowered,qdao,vqe,30,True,BASIS_REWRITE,16,16,1,73016541152,1.4117241583577333
qdao_fa0375829ee1a66b_0,lowered,qdao,vqe,30,True,BASIS_REWRITE,16,16,4096,73016598528,1.4117230490334571
qdao_fa0375829ee1a66b_0,lowered,qdao,vqe,30,True,BASIS_REWRITE,16,16,65536,73017982976,1.411696282241605
qdao_fa0375829ee1a66b_0,lowered,qdao,vqe,30,True,BASIS_REWRITE,16,16,1048576,73047998464,1.4111162149747358
qdao_fa0375829ee1a66b_0,lowered,qdao,vqe,30,True,BASIS_REWRITE,16,16,4194304,73165438976,1.408851180921807
qdao_fa0375829ee1a66b_0,lowered,qdao,vqe,30,True,BASIS_THIN,16,8,1,36508270576,1.4117241583577333
qdao_fa0375829ee1a66b_0,lowered,qdao,vqe,30,True,BASIS_THIN,16,8,4096,36508336128,1.4117216235574153
qdao_fa0375829ee1a66b_0,lowered,qdao,vqe,30,True,BASIS_THIN,16,8,65536,36509843456,1.4116633398911498
qdao_fa0375829ee1a66b_0,lowered,qdao,vqe,30,True,BASIS_THIN,16,8,1048576,36542873600,1.41038737446198
qdao_fa0375829ee1a66b_0,lowered,qdao,vqe,30,True,BASIS_THIN,16,8,4194304,36666605568,1.4056280027453671
qdao_fa0375829ee1a66b_0,lowered,qdao,vqe,30,True,BASIS_THIN,16,16,1,73016541152,1.4117241583577333
qdao_fa0375829ee1a66b_0,lowered,qdao,vqe,30,True,BASIS_THIN,16,16,4096,73016598528,1.4117230490334571
qdao_fa0375829ee1a66b_0,lowered,qdao,vqe,30,True,BASIS_THIN,16,16,65536,73017982976,1.411696282241605
qdao_fa0375829ee1a66b_0,lowered,qdao,vqe,30,True,BASIS_THIN,16,16,1048576,73047998464,1.4111162149747358
qdao_fa0375829ee1a66b_0,lowered,qdao,vqe,30,True,BASIS_THIN,16,16,4194304,73165438976,1.408851180921807
qdao_fa0375829ee1a66b_0,lowered,qdao,vqe,30,True,PRODUCT_FUSED,16,8,1,36508270544,1.4117241595951289
qdao_fa0375829ee1a66b_0,lowered,qdao,vqe,30,True,PRODUCT_FUSED,16,8,4096,36508327936,1.4117219403296202
qdao_fa0375829ee1a66b_0,lowered,qdao,vqe,30,True,PRODUCT_FUSED,16,8,65536,36509712384,1.4116684078449957
qdao_fa0375829ee1a66b_0,lowered,qdao,vqe,30,True,PRODUCT_FUSED,16,8,1048576,36540776448,1.4104683195592287
qdao_fa0375829ee1a66b_0,lowered,qdao,vqe,30,True,PRODUCT_FUSED,16,8,4194304,36658216960,1.405949656750572
qdao_fa0375829ee1a66b_0,lowered,qdao,vqe,30,True,PRODUCT_FUSED,16,16,1,73016541088,1.4117241595951289
qdao_fa0375829ee1a66b_0,lowered,qdao,vqe,30,True,PRODUCT_FUSED,16,16,4096,73016590336,1.4117232074198618
qdao_fa0375829ee1a66b_0,lowered,qdao,vqe,30,True,PRODUCT_FUSED,16,16,65536,73017851904,1.4116988163322455
qdao_fa0375829ee1a66b_0,lowered,qdao,vqe,30,True,PRODUCT_FUSED,16,16,1048576,73045901312,1.411156728201889
qdao_fa0375829ee1a66b_0,lowered,qdao,vqe,30,True,PRODUCT_FUSED,16,16,4194304,73157050368,1.4090127278981768
veriq_02bc74969fc74548_0,lowered,veriq,grover_oracle,39,True,EAGER_FULL,16,8,1,105553116266496,1.0
veriq_02bc74969fc74548_0,lowered,veriq,grover_oracle,39,True,EAGER_FULL,16,8,4096,105553116266496,1.0
veriq_02bc74969fc74548_0,lowered,veriq,grover_oracle,39,True,EAGER_FULL,16,8,65536,105553116266496,1.0
veriq_02bc74969fc74548_0,lowered,veriq,grover_oracle,39,True,EAGER_FULL,16,8,1048576,105553116266496,1.0
veriq_02bc74969fc74548_0,lowered,veriq,grover_oracle,39,True,EAGER_FULL,16,8,4194304,105553116266496,1.0
veriq_02bc74969fc74548_0,lowered,veriq,grover_oracle,39,True,EAGER_FULL,16,16,1,211106232532992,1.0
veriq_02bc74969fc74548_0,lowered,veriq,grover_oracle,39,True,EAGER_FULL,16,16,4096,211106232532992,1.0
veriq_02bc74969fc74548_0,lowered,veriq,grover_oracle,39,True,EAGER_FULL,16,16,65536,211106232532992,1.0
veriq_02bc74969fc74548_0,lowered,veriq,grover_oracle,39,True,EAGER_FULL,16,16,1048576,211106232532992,1.0
veriq_02bc74969fc74548_0,lowered,veriq,grover_oracle,39,True,EAGER_FULL,16,16,4194304,211106232532992,1.0
veriq_02bc74969fc74548_0,lowered,veriq,grover_oracle,39,True,BASIS_REWRITE,16,8,1,81398758113264,1.296741113907683
veriq_02bc74969fc74548_0,lowered,veriq,grover_oracle,39,True,BASIS_REWRITE,16,8,4096,81398758178816,1.296741112863392
veriq_02bc74969fc74548_0,lowered,veriq,grover_oracle,39,True,BASIS_REWRITE,16,8,65536,81398759686144,1.2967410888505668
veriq_02bc74969fc74548_0,lowered,veriq,grover_oracle,39,True,BASIS_REWRITE,16,8,1048576,81398792716288,1.2967405626567075
veriq_02bc74969fc74548_0,lowered,veriq,grover_oracle,39,True,BASIS_REWRITE,16,8,4194304,81398916448256,1.2967385915216014
veriq_02bc74969fc74548_0,lowered,veriq,grover_oracle,39,True,BASIS_REWRITE,16,16,1,162797516226528,1.296741113907683
veriq_02bc74969fc74548_0,lowered,veriq,grover_oracle,39,True,BASIS_REWRITE,16,16,4096,162797516283904,1.2967411134506623
veriq_02bc74969fc74548_0,lowered,veriq,grover_oracle,39,True,BASIS_REWRITE,16,16,65536,162797517668352,1.2967411024230333
veriq_02bc74969fc74548_0,lowered,veriq,grover_oracle,39,True,BASIS_REWRITE,16,16,1048576,162797547683840,1.2967408633388606
veriq_02bc74969fc74548_0,lowered,veriq,grover_oracle,39,True,BASIS_REWRITE,16,16,4194304,162797665124352,1.296739927883731
veriq_02bc74969fc74548_0,lowered,veriq,grover_oracle,39,True,BASIS_THIN,16,8,1,81398758113264,1.296741113907683
veriq_02bc74969fc74548_0,lowered,veriq,grover_oracle,39,True,BASIS_THIN,16,8,4096,81398758178816,1.296741112863392
veriq_02bc74969fc74548_0,lowered,veriq,grover_oracle,39,True,BASIS_THIN,16,8,65536,81398759686144,1.2967410888505668
veriq_02bc74969fc74548_0,lowered,veriq,grover_oracle,39,True,BASIS_THIN,16,8,1048576,81398792716288,1.2967405626567075
veriq_02bc74969fc74548_0,lowered,veriq,grover_oracle,39,True,BASIS_THIN,16,8,4194304,81398916448256,1.2967385915216014
veriq_02bc74969fc74548_0,lowered,veriq,grover_oracle,39,True,BASIS_THIN,16,16,1,162797516226528,1.296741113907683
veriq_02bc74969fc74548_0,lowered,veriq,grover_oracle,39,True,BASIS_THIN,16,16,4096,162797516283904,1.2967411134506623
veriq_02bc74969fc74548_0,lowered,veriq,grover_oracle,39,True,BASIS_THIN,16,16,65536,162797517668352,1.2967411024230333
veriq_02bc74969fc74548_0,lowered,veriq,grover_oracle,39,True,BASIS_THIN,16,16,1048576,162797547683840,1.2967408633388606
veriq_02bc74969fc74548_0,lowered,veriq,grover_oracle,39,True,BASIS_THIN,16,16,4194304,162797665124352,1.296739927883731
veriq_02bc74969fc74548_0,lowered,veriq,grover_oracle,39,True,PRODUCT_FUSED,16,8,1,18875083860640,5.592193234521449
veriq_02bc74969fc74548_0,lowered,veriq,grover_oracle,39,True,PRODUCT_FUSED,16,8,4096,18875083898880,5.592193223191938
veriq_02bc74969fc74548_0,lowered,veriq,grover_oracle,39,True,PRODUCT_FUSED,16,8,65536,18875084832768,5.592192946505386
veriq_02bc74969fc74548_0,lowered,veriq,grover_oracle,39,True,PRODUCT_FUSED,16,8,1048576,18875104100352,5.59218723803105
veriq_02bc74969fc74548_0,lowered,veriq,grover_oracle,39,True,PRODUCT_FUSED,16,8,4194304,18875173306368,5.59216673421934
veriq_02bc74969fc74548_0,lowered,veriq,grover_oracle,39,True,PRODUCT_FUSED,16,16,1,37750167721280,5.592193234521449
veriq_02bc74969fc74548_0,lowered,veriq,grover_oracle,39,True,PRODUCT_FUSED,16,16,4096,37750167756800,5.5921932292596255
veriq_02bc74969fc74548_0,lowered,veriq,grover_oracle,39,True,PRODUCT_FUSED,16,16,65536,37750168616960,5.592193101838184
veriq_02bc74969fc74548_0,lowered,veriq,grover_oracle,39,True,PRODUCT_FUSED,16,16,1048576,37750187229184,5.5921903446823045
veriq_02bc74969fc74548_0,lowered,veriq,grover_oracle,39,True,PRODUCT_FUSED,16,16,4194304,37750254338048,5.592180403410441
veriq_0caebc7c834b7881_0,lowered,veriq,grover_oracle,21,True,EAGER_FULL,16,8,1,167772160,1.0
veriq_0caebc7c834b7881_0,lowered,veriq,grover_oracle,21,True,EAGER_FULL,16,8,4096,167772160,1.0
veriq_0caebc7c834b7881_0,lowered,veriq,grover_oracle,21,True,EAGER_FULL,16,8,65536,167772160,1.0
veriq_0caebc7c834b7881_0,lowered,veriq,grover_oracle,21,True,EAGER_FULL,16,8,1048576,167772160,1.0
veriq_0caebc7c834b7881_0,lowered,veriq,grover_oracle,21,True,EAGER_FULL,16,8,4194304,167772160,1.0
veriq_0caebc7c834b7881_0,lowered,veriq,grover_oracle,21,True,EAGER_FULL,16,16,1,335544320,1.0
veriq_0caebc7c834b7881_0,lowered,veriq,grover_oracle,21,True,EAGER_FULL,16,16,4096,335544320,1.0
veriq_0caebc7c834b7881_0,lowered,veriq,grover_oracle,21,True,EAGER_FULL,16,16,65536,335544320,1.0
veriq_0caebc7c834b7881_0,lowered,veriq,grover_oracle,21,True,EAGER_FULL,16,16,1048576,335544320,1.0
veriq_0caebc7c834b7881_0,lowered,veriq,grover_oracle,21,True,EAGER_FULL,16,16,4194304,335544320,1.0
veriq_0caebc7c834b7881_0,lowered,veriq,grover_oracle,21,True,BASIS_REWRITE,16,8,1,168820720,0.9937889140622075
veriq_0caebc7c834b7881_0,lowered,veriq,grover_oracle,21,True,BASIS_REWRITE,16,8,4096,168886272,0.9934031819945673
veriq_0caebc7c834b7881_0,lowered,veriq,grover_oracle,21,True,BASIS_REWRITE,16,8,65536,170393600,0.9846153846153847
veriq_0caebc7c834b7881_0,lowered,veriq,grover_oracle,21,True,BASIS_REWRITE,16,8,1048576,203423744,0.8247422680412371
veriq_0caebc7c834b7881_0,lowered,veriq,grover_oracle,21,True,BASIS_REWRITE,16,8,4194304,327155712,0.5128205128205128
veriq_0caebc7c834b7881_0,lowered,veriq,grover_oracle,21,True,BASIS_REWRITE,16,16,1,337641440,0.9937889140622075
veriq_0caebc7c834b7881_0,lowered,veriq,grover_oracle,21,True,BASIS_REWRITE,16,16,4096,337698816,0.9936200664677486
veriq_0caebc7c834b7881_0,lowered,veriq,grover_oracle,21,True,BASIS_REWRITE,16,16,65536,339083264,0.989563200618477
veriq_0caebc7c834b7881_0,lowered,veriq,grover_oracle,21,True,BASIS_REWRITE,16,16,1048576,369098752,0.9090909090909091
veriq_0caebc7c834b7881_0,lowered,veriq,grover_oracle,21,True,BASIS_REWRITE,16,16,4194304,486539264,0.6896551724137931
veriq_0caebc7c834b7881_0,lowered,veriq,grover_oracle,21,True,BASIS_THIN,16,8,1,168820720,0.9937889140622075
veriq_0caebc7c834b7881_0,lowered,veriq,grover_oracle,21,True,BASIS_THIN,16,8,4096,168886272,0.9934031819945673
veriq_0caebc7c834b7881_0,lowered,veriq,grover_oracle,21,True,BASIS_THIN,16,8,65536,170393600,0.9846153846153847
veriq_0caebc7c834b7881_0,lowered,veriq,grover_oracle,21,True,BASIS_THIN,16,8,1048576,203423744,0.8247422680412371
veriq_0caebc7c834b7881_0,lowered,veriq,grover_oracle,21,True,BASIS_THIN,16,8,4194304,327155712,0.5128205128205128
veriq_0caebc7c834b7881_0,lowered,veriq,grover_oracle,21,True,BASIS_THIN,16,16,1,337641440,0.9937889140622075
veriq_0caebc7c834b7881_0,lowered,veriq,grover_oracle,21,True,BASIS_THIN,16,16,4096,337698816,0.9936200664677486
veriq_0caebc7c834b7881_0,lowered,veriq,grover_oracle,21,True,BASIS_THIN,16,16,65536,339083264,0.989563200618477
veriq_0caebc7c834b7881_0,lowered,veriq,grover_oracle,21,True,BASIS_THIN,16,16,1048576,369098752,0.9090909090909091
veriq_0caebc7c834b7881_0,lowered,veriq,grover_oracle,21,True,BASIS_THIN,16,16,4194304,486539264,0.6896551724137931
veriq_0caebc7c834b7881_0,lowered,veriq,grover_oracle,21,True,PRODUCT_FUSED,16,8,1,36383376,4.611231239234094
veriq_0caebc7c834b7881_0,lowered,veriq,grover_oracle,21,True,PRODUCT_FUSED,16,8,4096,36413440,4.607424071991002
veriq_0caebc7c834b7881_0,lowered,veriq,grover_oracle,21,True,PRODUCT_FUSED,16,8,65536,37224448,4.507042253521127
veriq_0caebc7c834b7881_0,lowered,veriq,grover_oracle,21,True,PRODUCT_FUSED,16,8,1048576,54525952,3.076923076923077
veriq_0caebc7c834b7881_0,lowered,veriq,grover_oracle,21,True,PRODUCT_FUSED,16,8,4194304,117440512,1.4285714285714286
veriq_0caebc7c834b7881_0,lowered,veriq,grover_oracle,21,True,PRODUCT_FUSED,16,16,1,72766752,4.611231239234094
veriq_0caebc7c834b7881_0,lowered,veriq,grover_oracle,21,True,PRODUCT_FUSED,16,16,4096,72794112,4.609498086878236
veriq_0caebc7c834b7881_0,lowered,veriq,grover_oracle,21,True,PRODUCT_FUSED,16,16,65536,73531392,4.563279857397505
veriq_0caebc7c834b7881_0,lowered,veriq,grover_oracle,21,True,PRODUCT_FUSED,16,16,1048576,90177536,3.7209302325581395
veriq_0caebc7c834b7881_0,lowered,veriq,grover_oracle,21,True,PRODUCT_FUSED,16,16,4194304,150994944,2.2222222222222223
veriq_173d272bf1c4ac9b_0,lowered,veriq,reversible,39,True,EAGER_FULL,16,8,1,228698418577408,1.0
veriq_173d272bf1c4ac9b_0,lowered,veriq,reversible,39,True,EAGER_FULL,16,8,4096,228698418577408,1.0
veriq_173d272bf1c4ac9b_0,lowered,veriq,reversible,39,True,EAGER_FULL,16,8,65536,228698418577408,1.0
veriq_173d272bf1c4ac9b_0,lowered,veriq,reversible,39,True,EAGER_FULL,16,8,1048576,228698418577408,1.0
veriq_173d272bf1c4ac9b_0,lowered,veriq,reversible,39,True,EAGER_FULL,16,8,4194304,228698418577408,1.0
veriq_173d272bf1c4ac9b_0,lowered,veriq,reversible,39,True,EAGER_FULL,16,16,1,457396837154816,1.0
veriq_173d272bf1c4ac9b_0,lowered,veriq,reversible,39,True,EAGER_FULL,16,16,4096,457396837154816,1.0
veriq_173d272bf1c4ac9b_0,lowered,veriq,reversible,39,True,EAGER_FULL,16,16,65536,457396837154816,1.0
veriq_173d272bf1c4ac9b_0,lowered,veriq,reversible,39,True,EAGER_FULL,16,16,1048576,457396837154816,1.0
veriq_173d272bf1c4ac9b_0,lowered,veriq,reversible,39,True,EAGER_FULL,16,16,4194304,457396837154816,1.0
veriq_173d272bf1c4ac9b_0,lowered,veriq,reversible,39,True,BASIS_REWRITE,16,8,1,416,549755813888.0
veriq_173d272bf1c4ac9b_0,lowered,veriq,reversible,39,True,BASIS_REWRITE,16,8,4096,212992,1073741824.0
veriq_173d272bf1c4ac9b_0,lowered,veriq,reversible,39,True,BASIS_REWRITE,16,8,65536,3407872,67108864.0
veriq_173d272bf1c4ac9b_0,lowered,veriq,reversible,39,True,BASIS_REWRITE,16,8,1048576,54525952,4194304.0
veriq_173d272bf1c4ac9b_0,lowered,veriq,reversible,39,True,BASIS_REWRITE,16,8,4194304,218103808,1048576.0
veriq_173d272bf1c4ac9b_0,lowered,veriq,reversible,39,True,BASIS_REWRITE,16,16,1,832,549755813888.0
veriq_173d272bf1c4ac9b_0,lowered,veriq,reversible,39,True,BASIS_REWRITE,16,16,4096,212992,2147483648.0
veriq_173d272bf1c4ac9b_0,lowered,veriq,reversible,39,True,BASIS_REWRITE,16,16,65536,3407872,134217728.0
veriq_173d272bf1c4ac9b_0,lowered,veriq,reversible,39,True,BASIS_REWRITE,16,16,1048576,54525952,8388608.0
veriq_173d272bf1c4ac9b_0,lowered,veriq,reversible,39,True,BASIS_REWRITE,16,16,4194304,218103808,2097152.0
veriq_173d272bf1c4ac9b_0,lowered,veriq,reversible,39,True,BASIS_THIN,16,8,1,416,549755813888.0
veriq_173d272bf1c4ac9b_0,lowered,veriq,reversible,39,True,BASIS_THIN,16,8,4096,212992,1073741824.0
veriq_173d272bf1c4ac9b_0,lowered,veriq,reversible,39,True,BASIS_THIN,16,8,65536,3407872,67108864.0
veriq_173d272bf1c4ac9b_0,lowered,veriq,reversible,39,True,BASIS_THIN,16,8,1048576,54525952,4194304.0
veriq_173d272bf1c4ac9b_0,lowered,veriq,reversible,39,True,BASIS_THIN,16,8,4194304,218103808,1048576.0
veriq_173d272bf1c4ac9b_0,lowered,veriq,reversible,39,True,BASIS_THIN,16,16,1,832,549755813888.0
veriq_173d272bf1c4ac9b_0,lowered,veriq,reversible,39,True,BASIS_THIN,16,16,4096,212992,2147483648.0
veriq_173d272bf1c4ac9b_0,lowered,veriq,reversible,39,True,BASIS_THIN,16,16,65536,3407872,134217728.0
veriq_173d272bf1c4ac9b_0,lowered,veriq,reversible,39,True,BASIS_THIN,16,16,1048576,54525952,8388608.0
veriq_173d272bf1c4ac9b_0,lowered,veriq,reversible,39,True,BASIS_THIN,16,16,4194304,218103808,2097152.0
veriq_173d272bf1c4ac9b_0,lowered,veriq,reversible,39,True,PRODUCT_FUSED,16,8,1,416,549755813888.0
veriq_173d272bf1c4ac9b_0,lowered,veriq,reversible,39,True,PRODUCT_FUSED,16,8,4096,212992,1073741824.0
veriq_173d272bf1c4ac9b_0,lowered,veriq,reversible,39,True,PRODUCT_FUSED,16,8,65536,3407872,67108864.0
veriq_173d272bf1c4ac9b_0,lowered,veriq,reversible,39,True,PRODUCT_FUSED,16,8,1048576,54525952,4194304.0
veriq_173d272bf1c4ac9b_0,lowered,veriq,reversible,39,True,PRODUCT_FUSED,16,8,4194304,218103808,1048576.0
veriq_173d272bf1c4ac9b_0,lowered,veriq,reversible,39,True,PRODUCT_FUSED,16,16,1,832,549755813888.0
veriq_173d272bf1c4ac9b_0,lowered,veriq,reversible,39,True,PRODUCT_FUSED,16,16,4096,212992,2147483648.0
veriq_173d272bf1c4ac9b_0,lowered,veriq,reversible,39,True,PRODUCT_FUSED,16,16,65536,3407872,134217728.0
veriq_173d272bf1c4ac9b_0,lowered,veriq,reversible,39,True,PRODUCT_FUSED,16,16,1048576,54525952,8388608.0
veriq_173d272bf1c4ac9b_0,lowered,veriq,reversible,39,True,PRODUCT_FUSED,16,16,4194304,218103808,2097152.0
veriq_1e3f14dad487dc42_0,lowered,veriq,qaoa,30,True,EAGER_FULL,16,8,1,51539607552,1.0
veriq_1e3f14dad487dc42_0,lowered,veriq,qaoa,30,True,EAGER_FULL,16,8,4096,51539607552,1.0
veriq_1e3f14dad487dc42_0,lowered,veriq,qaoa,30,True,EAGER_FULL,16,8,65536,51539607552,1.0
veriq_1e3f14dad487dc42_0,lowered,veriq,qaoa,30,True,EAGER_FULL,16,8,1048576,51539607552,1.0
veriq_1e3f14dad487dc42_0,lowered,veriq,qaoa,30,True,EAGER_FULL,16,8,4194304,51539607552,1.0
veriq_1e3f14dad487dc42_0,lowered,veriq,qaoa,30,True,EAGER_FULL,16,16,1,103079215104,1.0
veriq_1e3f14dad487dc42_0,lowered,veriq,qaoa,30,True,EAGER_FULL,16,16,4096,103079215104,1.0
veriq_1e3f14dad487dc42_0,lowered,veriq,qaoa,30,True,EAGER_FULL,16,16,65536,103079215104,1.0
veriq_1e3f14dad487dc42_0,lowered,veriq,qaoa,30,True,EAGER_FULL,16,16,1048576,103079215104,1.0
veriq_1e3f14dad487dc42_0,lowered,veriq,qaoa,30,True,EAGER_FULL,16,16,4194304,103079215104,1.0
veriq_1e3f14dad487dc42_0,lowered,veriq,qaoa,30,True,BASIS_REWRITE,16,8,1,34629222384,1.488327025668738
veriq_1e3f14dad487dc42_0,lowered,veriq,qaoa,30,True,BASIS_REWRITE,16,8,4096,34629287936,1.4883242083190606
veriq_1e3f14dad487dc42_0,lowered,veriq,qaoa,30,True,BASIS_REWRITE,16,8,65536,34630795264,1.4882594280350627
veriq_1e3f14dad487dc42_0,lowered,veriq,qaoa,30,True,BASIS_REWRITE,16,8,1048576,34663825408,1.4868413092141086
veriq_1e3f14dad487dc42_0,lowered,veriq,qaoa,30,True,BASIS_REWRITE,16,8,4194304,34787557376,1.481552929828792
veriq_1e3f14dad487dc42_0,lowered,veriq,qaoa,30,True,BASIS_REWRITE,16,16,1,69258444768,1.488327025668738
veriq_1e3f14dad487dc42_0,lowered,veriq,qaoa,30,True,BASIS_REWRITE,16,16,4096,69258502144,1.4883257926901319
veriq_1e3f14dad487dc42_0,lowered,veriq,qaoa,30,True,BASIS_REWRITE,16,16,65536,69259886592,1.4882960422852667
veriq_1e3f14dad487dc42_0,lowered,veriq,qaoa,30,True,BASIS_REWRITE,16,16,1048576,69289902080,1.4876513317191282
veriq_1e3f14dad487dc42_0,lowered,veriq,qaoa,30,True,BASIS_REWRITE,16,16,4194304,69407342592,1.4851341551849166
veriq_1e3f14dad487dc42_0,lowered,veriq,qaoa,30,True,BASIS_THIN,16,8,1,34629222384,1.488327025668738
veriq_1e3f14dad487dc42_0,lowered,veriq,qaoa,30,True,BASIS_THIN,16,8,4096,34629287936,1.4883242083190606
veriq_1e3f14dad487dc42_0,lowered,veriq,qaoa,30,True,BASIS_THIN,16,8,65536,34630795264,1.4882594280350627
veriq_1e3f14dad487dc42_0,lowered,veriq,qaoa,30,True,BASIS_THIN,16,8,1048576,34663825408,1.4868413092141086
veriq_1e3f14dad487dc42_0,lowered,veriq,qaoa,30,True,BASIS_THIN,16,8,4194304,34787557376,1.481552929828792
veriq_1e3f14dad487dc42_0,lowered,veriq,qaoa,30,True,BASIS_THIN,16,16,1,69258444768,1.488327025668738
veriq_1e3f14dad487dc42_0,lowered,veriq,qaoa,30,True,BASIS_THIN,16,16,4096,69258502144,1.4883257926901319
veriq_1e3f14dad487dc42_0,lowered,veriq,qaoa,30,True,BASIS_THIN,16,16,65536,69259886592,1.4882960422852667
veriq_1e3f14dad487dc42_0,lowered,veriq,qaoa,30,True,BASIS_THIN,16,16,1048576,69289902080,1.4876513317191282
veriq_1e3f14dad487dc42_0,lowered,veriq,qaoa,30,True,BASIS_THIN,16,16,4194304,69407342592,1.4851341551849166
veriq_1e3f14dad487dc42_0,lowered,veriq,qaoa,30,True,PRODUCT_FUSED,16,8,1,17315135440,2.976563927587736
veriq_1e3f14dad487dc42_0,lowered,veriq,qaoa,30,True,PRODUCT_FUSED,16,8,4096,17315192832,2.9765540616302157
veriq_1e3f14dad487dc42_0,lowered,veriq,qaoa,30,True,PRODUCT_FUSED,16,8,65536,17316577280,2.9763160882564432
veriq_1e3f14dad487dc42_0,lowered,veriq,qaoa,30,True,PRODUCT_FUSED,16,8,1048576,17347641344,2.9709864603481626
veriq_1e3f14dad487dc42_0,lowered,veriq,qaoa,30,True,PRODUCT_FUSED,16,8,4194304,17465081856,2.951008645533141
veriq_1e3f14dad487dc42_0,lowered,veriq,qaoa,30,True,PRODUCT_FUSED,16,16,1,34630270880,2.976563927587736
veriq_1e3f14dad487dc42_0,lowered,veriq,qaoa,30,True,PRODUCT_FUSED,16,16,4096,34630320128,2.976559694597115
veriq_1e3f14dad487dc42_0,lowered,veriq,qaoa,30,True,PRODUCT_FUSED,16,16,65536,34631581696,2.976451263729193
veriq_1e3f14dad487dc42_0,lowered,veriq,qaoa,30,True,PRODUCT_FUSED,16,16,1048576,34659631104,2.974042475948448
veriq_1e3f14dad487dc42_0,lowered,veriq,qaoa,30,True,PRODUCT_FUSED,16,16,4194304,34770780160,2.9645355850422197
veriq_254bb23b86da5e75_0,lowered,veriq,qaoa,40,True,EAGER_FULL,16,8,1,87960930222080,1.0
veriq_254bb23b86da5e75_0,lowered,veriq,qaoa,40,True,EAGER_FULL,16,8,4096,87960930222080,1.0
veriq_254bb23b86da5e75_0,lowered,veriq,qaoa,40,True,EAGER_FULL,16,8,65536,87960930222080,1.0
veriq_254bb23b86da5e75_0,lowered,veriq,qaoa,40,True,EAGER_FULL,16,8,1048576,87960930222080,1.0
veriq_254bb23b86da5e75_0,lowered,veriq,qaoa,40,True,EAGER_FULL,16,8,4194304,87960930222080,1.0
veriq_254bb23b86da5e75_0,lowered,veriq,qaoa,40,True,EAGER_FULL,16,16,1,175921860444160,1.0
veriq_254bb23b86da5e75_0,lowered,veriq,qaoa,40,True,EAGER_FULL,16,16,4096,175921860444160,1.0
veriq_254bb23b86da5e75_0,lowered,veriq,qaoa,40,True,EAGER_FULL,16,16,65536,175921860444160,1.0
veriq_254bb23b86da5e75_0,lowered,veriq,qaoa,40,True,EAGER_FULL,16,16,1048576,175921860444160,1.0
veriq_254bb23b86da5e75_0,lowered,veriq,qaoa,40,True,EAGER_FULL,16,16,4194304,175921860444160,1.0
veriq_254bb23b86da5e75_0,lowered,veriq,qaoa,40,True,BASIS_REWRITE,16,8,1,37400844697584,2.351843412450042
veriq_254bb23b86da5e75_0,lowered,veriq,qaoa,40,True,BASIS_REWRITE,16,8,4096,37400844763136,2.3518434083279947
veriq_254bb23b86da5e75_0,lowered,veriq,qaoa,40,True,BASIS_REWRITE,16,8,65536,37400846270464,2.3518433135440584
veriq_254bb23b86da5e75_0,lowered,veriq,qaoa,40,True,BASIS_REWRITE,16,8,1048576,37400879300608,2.351841236541465
veriq_254bb23b86da5e75_0,lowered,veriq,qaoa,40,True,BASIS_REWRITE,16,8,4194304,37401003032576,2.351833456056424
veriq_254bb23b86da5e75_0,lowered,veriq,qaoa,40,True,BASIS_REWRITE,16,16,1,74801689395168,2.351843412450042
veriq_254bb23b86da5e75_0,lowered,veriq,qaoa,40,True,BASIS_REWRITE,16,16,4096,74801689452544,2.35184341064608
veriq_254bb23b86da5e75_0,lowered,veriq,qaoa,40,True,BASIS_REWRITE,16,16,65536,74801690836992,2.3518433671175867
veriq_254bb23b86da5e75_0,lowered,veriq,qaoa,40,True,BASIS_REWRITE,16,16,1048576,74801720852480,2.3518424233996407
veriq_254bb23b86da5e75_0,lowered,veriq,qaoa,40,True,BASIS_REWRITE,16,16,4194304,74801838292992,2.3518387309559166
veriq_254bb23b86da5e75_0,lowered,veriq,qaoa,40,True,BASIS_THIN,16,8,1,37400844697584,2.351843412450042
veriq_254bb23b86da5e75_0,lowered,veriq,qaoa,40,True,BASIS_THIN,16,8,4096,37400844763136,2.3518434083279947
veriq_254bb23b86da5e75_0,lowered,veriq,qaoa,40,True,BASIS_THIN,16,8,65536,37400846270464,2.3518433135440584
veriq_254bb23b86da5e75_0,lowered,veriq,qaoa,40,True,BASIS_THIN,16,8,1048576,37400879300608,2.351841236541465
veriq_254bb23b86da5e75_0,lowered,veriq,qaoa,40,True,BASIS_THIN,16,8,4194304,37401003032576,2.351833456056424
veriq_254bb23b86da5e75_0,lowered,veriq,qaoa,40,True,BASIS_THIN,16,16,1,74801689395168,2.351843412450042
veriq_254bb23b86da5e75_0,lowered,veriq,qaoa,40,True,BASIS_THIN,16,16,4096,74801689452544,2.35184341064608
veriq_254bb23b86da5e75_0,lowered,veriq,qaoa,40,True,BASIS_THIN,16,16,65536,74801690836992,2.3518433671175867
veriq_254bb23b86da5e75_0,lowered,veriq,qaoa,40,True,BASIS_THIN,16,16,1048576,74801720852480,2.3518424233996407
veriq_254bb23b86da5e75_0,lowered,veriq,qaoa,40,True,BASIS_THIN,16,16,4194304,74801838292992,2.3518387309559166
veriq_254bb23b86da5e75_0,lowered,veriq,qaoa,40,True,PRODUCT_FUSED,16,8,1,36292608917456,2.4236596057929747
veriq_254bb23b86da5e75_0,lowered,veriq,qaoa,40,True,PRODUCT_FUSED,16,8,4096,36292608974848,2.4236596019602747
veriq_254bb23b86da5e75_0,lowered,veriq,qaoa,40,True,PRODUCT_FUSED,16,8,65536,36292610359296,2.4236595095053466
veriq_254bb23b86da5e75_0,lowered,veriq,qaoa,40,True,PRODUCT_FUSED,16,8,1048576,36292641423360,2.4236574350155555
veriq_254bb23b86da5e75_0,lowered,veriq,qaoa,40,True,PRODUCT_FUSED,16,8,4194304,36292758863872,2.4236495922508006
veriq_254bb23b86da5e75_0,lowered,veriq,qaoa,40,True,PRODUCT_FUSED,16,16,1,72585217834912,2.4236596057929747
veriq_254bb23b86da5e75_0,lowered,veriq,qaoa,40,True,PRODUCT_FUSED,16,16,4096,72585217884160,2.423659604148557
veriq_254bb23b86da5e75_0,lowered,veriq,qaoa,40,True,PRODUCT_FUSED,16,16,65536,72585219145728,2.4236595620241213
veriq_254bb23b86da5e75_0,lowered,veriq,qaoa,40,True,PRODUCT_FUSED,16,16,1048576,72585247195136,2.423658625439643
veriq_254bb23b86da5e75_0,lowered,veriq,qaoa,40,True,PRODUCT_FUSED,16,16,4194304,72585358344192,2.423654914121349
veriq_287d2130ef74ad48_0,lowered,veriq,arithmetic,28,True,EAGER_FULL,16,8,1,8589934592,1.0
veriq_287d2130ef74ad48_0,lowered,veriq,arithmetic,28,True,EAGER_FULL,16,8,4096,8589934592,1.0
veriq_287d2130ef74ad48_0,lowered,veriq,arithmetic,28,True,EAGER_FULL,16,8,65536,8589934592,1.0
veriq_287d2130ef74ad48_0,lowered,veriq,arithmetic,28,True,EAGER_FULL,16,8,1048576,8589934592,1.0
veriq_287d2130ef74ad48_0,lowered,veriq,arithmetic,28,True,EAGER_FULL,16,8,4194304,8589934592,1.0
veriq_287d2130ef74ad48_0,lowered,veriq,arithmetic,28,True,EAGER_FULL,16,16,1,17179869184,1.0
veriq_287d2130ef74ad48_0,lowered,veriq,arithmetic,28,True,EAGER_FULL,16,16,4096,17179869184,1.0
veriq_287d2130ef74ad48_0,lowered,veriq,arithmetic,28,True,EAGER_FULL,16,16,65536,17179869184,1.0
veriq_287d2130ef74ad48_0,lowered,veriq,arithmetic,28,True,EAGER_FULL,16,16,1048576,17179869184,1.0
veriq_287d2130ef74ad48_0,lowered,veriq,arithmetic,28,True,EAGER_FULL,16,16,4194304,17179869184,1.0
veriq_287d2130ef74ad48_0,lowered,veriq,arithmetic,28,True,BASIS_REWRITE,16,8,1,32,268435456.0
veriq_287d2130ef74ad48_0,lowered,veriq,arithmetic,28,True,BASIS_REWRITE,16,8,4096,16384,524288.0
veriq_287d2130ef74ad48_0,lowered,veriq,arithmetic,28,True,BASIS_REWRITE,16,8,65536,262144,32768.0
veriq_287d2130ef74ad48_0,lowered,veriq,arithmetic,28,True,BASIS_REWRITE,16,8,1048576,4194304,2048.0
veriq_287d2130ef74ad48_0,lowered,veriq,arithmetic,28,True,BASIS_REWRITE,16,8,4194304,16777216,512.0
veriq_287d2130ef74ad48_0,lowered,veriq,arithmetic,28,True,BASIS_REWRITE,16,16,1,64,268435456.0
veriq_287d2130ef74ad48_0,lowered,veriq,arithmetic,28,True,BASIS_REWRITE,16,16,4096,16384,1048576.0
veriq_287d2130ef74ad48_0,lowered,veriq,arithmetic,28,True,BASIS_REWRITE,16,16,65536,262144,65536.0
veriq_287d2130ef74ad48_0,lowered,veriq,arithmetic,28,True,BASIS_REWRITE,16,16,1048576,4194304,4096.0
veriq_287d2130ef74ad48_0,lowered,veriq,arithmetic,28,True,BASIS_REWRITE,16,16,4194304,16777216,1024.0
veriq_287d2130ef74ad48_0,lowered,veriq,arithmetic,28,True,BASIS_THIN,16,8,1,32,268435456.0
veriq_287d2130ef74ad48_0,lowered,veriq,arithmetic,28,True,BASIS_THIN,16,8,4096,16384,524288.0
veriq_287d2130ef74ad48_0,lowered,veriq,arithmetic,28,True,BASIS_THIN,16,8,65536,262144,32768.0
veriq_287d2130ef74ad48_0,lowered,veriq,arithmetic,28,True,BASIS_THIN,16,8,1048576,4194304,2048.0
veriq_287d2130ef74ad48_0,lowered,veriq,arithmetic,28,True,BASIS_THIN,16,8,4194304,16777216,512.0
veriq_287d2130ef74ad48_0,lowered,veriq,arithmetic,28,True,BASIS_THIN,16,16,1,64,268435456.0
veriq_287d2130ef74ad48_0,lowered,veriq,arithmetic,28,True,BASIS_THIN,16,16,4096,16384,1048576.0
veriq_287d2130ef74ad48_0,lowered,veriq,arithmetic,28,True,BASIS_THIN,16,16,65536,262144,65536.0
veriq_287d2130ef74ad48_0,lowered,veriq,arithmetic,28,True,BASIS_THIN,16,16,1048576,4194304,4096.0
veriq_287d2130ef74ad48_0,lowered,veriq,arithmetic,28,True,BASIS_THIN,16,16,4194304,16777216,1024.0
veriq_287d2130ef74ad48_0,lowered,veriq,arithmetic,28,True,PRODUCT_FUSED,16,8,1,32,268435456.0
veriq_287d2130ef74ad48_0,lowered,veriq,arithmetic,28,True,PRODUCT_FUSED,16,8,4096,16384,524288.0
veriq_287d2130ef74ad48_0,lowered,veriq,arithmetic,28,True,PRODUCT_FUSED,16,8,65536,262144,32768.0
veriq_287d2130ef74ad48_0,lowered,veriq,arithmetic,28,True,PRODUCT_FUSED,16,8,1048576,4194304,2048.0
veriq_287d2130ef74ad48_0,lowered,veriq,arithmetic,28,True,PRODUCT_FUSED,16,8,4194304,16777216,512.0
veriq_287d2130ef74ad48_0,lowered,veriq,arithmetic,28,True,PRODUCT_FUSED,16,16,1,64,268435456.0
veriq_287d2130ef74ad48_0,lowered,veriq,arithmetic,28,True,PRODUCT_FUSED,16,16,4096,16384,1048576.0
veriq_287d2130ef74ad48_0,lowered,veriq,arithmetic,28,True,PRODUCT_FUSED,16,16,65536,262144,65536.0
veriq_287d2130ef74ad48_0,lowered,veriq,arithmetic,28,True,PRODUCT_FUSED,16,16,1048576,4194304,4096.0
veriq_287d2130ef74ad48_0,lowered,veriq,arithmetic,28,True,PRODUCT_FUSED,16,16,4194304,16777216,1024.0
veriq_35446be94f506751_0,lowered,veriq,random,20,True,EAGER_FULL,16,8,1,150994944,1.0
veriq_35446be94f506751_0,lowered,veriq,random,20,True,EAGER_FULL,16,8,4096,150994944,1.0
veriq_35446be94f506751_0,lowered,veriq,random,20,True,EAGER_FULL,16,8,65536,150994944,1.0
veriq_35446be94f506751_0,lowered,veriq,random,20,True,EAGER_FULL,16,8,1048576,150994944,1.0
veriq_35446be94f506751_0,lowered,veriq,random,20,True,EAGER_FULL,16,8,4194304,150994944,1.0
veriq_35446be94f506751_0,lowered,veriq,random,20,True,EAGER_FULL,16,16,1,301989888,1.0
veriq_35446be94f506751_0,lowered,veriq,random,20,True,EAGER_FULL,16,16,4096,301989888,1.0
veriq_35446be94f506751_0,lowered,veriq,random,20,True,EAGER_FULL,16,16,65536,301989888,1.0
veriq_35446be94f506751_0,lowered,veriq,random,20,True,EAGER_FULL,16,16,1048576,301989888,1.0
veriq_35446be94f506751_0,lowered,veriq,random,20,True,EAGER_FULL,16,16,4194304,301989888,1.0
veriq_35446be94f506751_0,lowered,veriq,random,20,True,BASIS_REWRITE,16,8,1,152043504,0.9931035527831561
veriq_35446be94f506751_0,lowered,veriq,random,20,True,BASIS_REWRITE,16,8,4096,152109056,0.992675570874623
veriq_35446be94f506751_0,lowered,veriq,random,20,True,BASIS_REWRITE,16,8,65536,153616384,0.9829351535836177
veriq_35446be94f506751_0,lowered,veriq,random,20,True,BASIS_REWRITE,16,8,1048576,186646528,0.8089887640449438
veriq_35446be94f506751_0,lowered,veriq,random,20,True,BASIS_REWRITE,16,8,4194304,310378496,0.4864864864864865
veriq_35446be94f506751_0,lowered,veriq,random,20,True,BASIS_REWRITE,16,16,1,304087008,0.9931035527831561
veriq_35446be94f506751_0,lowered,veriq,random,20,True,BASIS_REWRITE,16,16,4096,304144384,0.9929162065343281
veriq_35446be94f506751_0,lowered,veriq,random,20,True,BASIS_REWRITE,16,16,65536,305528832,0.9884169884169884
veriq_35446be94f506751_0,lowered,veriq,random,20,True,BASIS_REWRITE,16,16,1048576,335544320,0.9
veriq_35446be94f506751_0,lowered,veriq,random,20,True,BASIS_REWRITE,16,16,4194304,452984832,0.6666666666666666
veriq_35446be94f506751_0,lowered,veriq,random,20,True,BASIS_THIN,16,8,1,152043504,0.9931035527831561
veriq_35446be94f506751_0,lowered,veriq,random,20,True,BASIS_THIN,16,8,4096,152109056,0.992675570874623
veriq_35446be94f506751_0,lowered,veriq,random,20,True,BASIS_THIN,16,8,65536,153616384,0.9829351535836177
veriq_35446be94f506751_0,lowered,veriq,random,20,True,BASIS_THIN,16,8,1048576,186646528,0.8089887640449438
veriq_35446be94f506751_0,lowered,veriq,random,20,True,BASIS_THIN,16,8,4194304,310378496,0.4864864864864865
veriq_35446be94f506751_0,lowered,veriq,random,20,True,BASIS_THIN,16,16,1,304087008,0.9931035527831561
veriq_35446be94f506751_0,lowered,veriq,random,20,True,BASIS_THIN,16,16,4096,304144384,0.9929162065343281
veriq_35446be94f506751_0,lowered,veriq,random,20,True,BASIS_THIN,16,16,65536,305528832,0.9884169884169884
veriq_35446be94f506751_0,lowered,veriq,random,20,True,BASIS_THIN,16,16,1048576,335544320,0.9
veriq_35446be94f506751_0,lowered,veriq,random,20,True,BASIS_THIN,16,16,4194304,452984832,0.6666666666666666
veriq_35446be94f506751_0,lowered,veriq,random,20,True,PRODUCT_FUSED,16,8,1,139875664,1.0794940283536385
veriq_35446be94f506751_0,lowered,veriq,random,20,True,PRODUCT_FUSED,16,8,4096,139911168,1.0792200948533286
veriq_35446be94f506751_0,lowered,veriq,random,20,True,PRODUCT_FUSED,16,8,65536,140771328,1.0726256983240223
veriq_35446be94f506751_0,lowered,veriq,random,20,True,PRODUCT_FUSED,16,8,1048576,159383552,0.9473684210526315
veriq_35446be94f506751_0,lowered,veriq,random,20,True,PRODUCT_FUSED,16,8,4194304,226492416,0.6666666666666666
veriq_35446be94f506751_0,lowered,veriq,random,20,True,PRODUCT_FUSED,16,16,1,279751328,1.0794940283536385
veriq_35446be94f506751_0,lowered,veriq,random,20,True,PRODUCT_FUSED,16,16,4096,279781376,1.0793780927004948
veriq_35446be94f506751_0,lowered,veriq,random,20,True,PRODUCT_FUSED,16,16,65536,280494080,1.0766355140186916
veriq_35446be94f506751_0,lowered,veriq,random,20,True,PRODUCT_FUSED,16,16,1048576,297795584,1.0140845070422535
veriq_35446be94f506751_0,lowered,veriq,random,20,True,PRODUCT_FUSED,16,16,4194304,360710144,0.8372093023255814
veriq_3575a0cf156a5f5d_0,lowered,veriq,bernstein_vazirani,33,True,EAGER_FULL,16,8,1,687194767360,1.0
veriq_3575a0cf156a5f5d_0,lowered,veriq,bernstein_vazirani,33,True,EAGER_FULL,16,8,4096,687194767360,1.0
veriq_3575a0cf156a5f5d_0,lowered,veriq,bernstein_vazirani,33,True,EAGER_FULL,16,8,65536,687194767360,1.0
veriq_3575a0cf156a5f5d_0,lowered,veriq,bernstein_vazirani,33,True,EAGER_FULL,16,8,1048576,687194767360,1.0
veriq_3575a0cf156a5f5d_0,lowered,veriq,bernstein_vazirani,33,True,EAGER_FULL,16,8,4194304,687194767360,1.0
veriq_3575a0cf156a5f5d_0,lowered,veriq,bernstein_vazirani,33,True,EAGER_FULL,16,16,1,1374389534720,1.0
veriq_3575a0cf156a5f5d_0,lowered,veriq,bernstein_vazirani,33,True,EAGER_FULL,16,16,4096,1374389534720,1.0
veriq_3575a0cf156a5f5d_0,lowered,veriq,bernstein_vazirani,33,True,EAGER_FULL,16,16,65536,1374389534720,1.0
veriq_3575a0cf156a5f5d_0,lowered,veriq,bernstein_vazirani,33,True,EAGER_FULL,16,16,1048576,1374389534720,1.0
veriq_3575a0cf156a5f5d_0,lowered,veriq,bernstein_vazirani,33,True,EAGER_FULL,16,16,4194304,1374389534720,1.0
veriq_3575a0cf156a5f5d_0,lowered,veriq,bernstein_vazirani,33,True,BASIS_REWRITE,16,8,1,566936731632,1.2121189702805493
veriq_3575a0cf156a5f5d_0,lowered,veriq,bernstein_vazirani,33,True,BASIS_REWRITE,16,8,4096,566936797184,1.212118830129437
veriq_3575a0cf156a5f5d_0,lowered,veriq,bernstein_vazirani,33,True,BASIS_REWRITE,16,8,65536,566938304512,1.2121156074495838
veriq_3575a0cf156a5f5d_0,lowered,veriq,bernstein_vazirani,33,True,BASIS_REWRITE,16,8,1048576,566971334656,1.2120449930276342
veriq_3575a0cf156a5f5d_0,lowered,veriq,bernstein_vazirani,33,True,BASIS_REWRITE,16,8,4194304,567095066624,1.2117805422836265
veriq_3575a0cf156a5f5d_0,lowered,veriq,bernstein_vazirani,33,True,BASIS_REWRITE,16,16,1,1133873463264,1.2121189702805493
veriq_3575a0cf156a5f5d_0,lowered,veriq,bernstein_vazirani,33,True,BASIS_REWRITE,16,16,4096,1133873520640,1.2121189089451916
veriq_3575a0cf156a5f5d_0,lowered,veriq,bernstein_vazirani,33,True,BASIS_REWRITE,16,16,65536,1133874905088,1.212117428962178
veriq_3575a0cf156a5f5d_0,lowered,veriq,bernstein_vazirani,33,True,BASIS_REWRITE,16,16,1048576,1133904920576,1.2120853431183973
veriq_3575a0cf156a5f5d_0,lowered,veriq,bernstein_vazirani,33,True,BASIS_REWRITE,16,16,4194304,1134022361088,1.2119598183243827
veriq_3575a0cf156a5f5d_0,lowered,veriq,bernstein_vazirani,33,True,BASIS_THIN,16,8,1,566936731632,1.2121189702805493
veriq_3575a0cf156a5f5d_0,lowered,veriq,bernstein_vazirani,33,True,BASIS_THIN,16,8,4096,566936797184,1.212118830129437
veriq_3575a0cf156a5f5d_0,lowered,veriq,bernstein_vazirani,33,True,BASIS_THIN,16,8,65536,566938304512,1.2121156074495838
veriq_3575a0cf156a5f5d_0,lowered,veriq,bernstein_vazirani,33,True,BASIS_THIN,16,8,1048576,566971334656,1.2120449930276342
veriq_3575a0cf156a5f5d_0,lowered,veriq,bernstein_vazirani,33,True,BASIS_THIN,16,8,4194304,567095066624,1.2117805422836265
veriq_3575a0cf156a5f5d_0,lowered,veriq,bernstein_vazirani,33,True,BASIS_THIN,16,16,1,1133873463264,1.2121189702805493
veriq_3575a0cf156a5f5d_0,lowered,veriq,bernstein_vazirani,33,True,BASIS_THIN,16,16,4096,1133873520640,1.2121189089451916
veriq_3575a0cf156a5f5d_0,lowered,veriq,bernstein_vazirani,33,True,BASIS_THIN,16,16,65536,1133874905088,1.212117428962178
veriq_3575a0cf156a5f5d_0,lowered,veriq,bernstein_vazirani,33,True,BASIS_THIN,16,16,1048576,1133904920576,1.2120853431183973
veriq_3575a0cf156a5f5d_0,lowered,veriq,bernstein_vazirani,33,True,BASIS_THIN,16,16,4194304,1134022361088,1.2119598183243827
veriq_3575a0cf156a5f5d_0,lowered,veriq,bernstein_vazirani,33,True,PRODUCT_FUSED,16,8,1,80,8589934592.0
veriq_3575a0cf156a5f5d_0,lowered,veriq,bernstein_vazirani,33,True,PRODUCT_FUSED,16,8,4096,40960,16777216.0
veriq_3575a0cf156a5f5d_0,lowered,veriq,bernstein_vazirani,33,True,PRODUCT_FUSED,16,8,65536,655360,1048576.0
veriq_3575a0cf156a5f5d_0,lowered,veriq,bernstein_vazirani,33,True,PRODUCT_FUSED,16,8,1048576,10485760,65536.0
veriq_3575a0cf156a5f5d_0,lowered,veriq,bernstein_vazirani,33,True,PRODUCT_FUSED,16,8,4194304,41943040,16384.0
veriq_3575a0cf156a5f5d_0,lowered,veriq,bernstein_vazirani,33,True,PRODUCT_FUSED,16,16,1,160,8589934592.0
veriq_3575a0cf156a5f5d_0,lowered,veriq,bernstein_vazirani,33,True,PRODUCT_FUSED,16,16,4096,40960,33554432.0
veriq_3575a0cf156a5f5d_0,lowered,veriq,bernstein_vazirani,33,True,PRODUCT_FUSED,16,16,65536,655360,2097152.0
veriq_3575a0cf156a5f5d_0,lowered,veriq,bernstein_vazirani,33,True,PRODUCT_FUSED,16,16,1048576,10485760,131072.0
veriq_3575a0cf156a5f5d_0,lowered,veriq,bernstein_vazirani,33,True,PRODUCT_FUSED,16,16,4194304,41943040,32768.0
veriq_378630179d722f74_0,lowered,veriq,qft,20,True,EAGER_FULL,16,8,1,100663296,1.0
veriq_378630179d722f74_0,lowered,veriq,qft,20,True,EAGER_FULL,16,8,4096,100663296,1.0
veriq_378630179d722f74_0,lowered,veriq,qft,20,True,EAGER_FULL,16,8,65536,100663296,1.0
veriq_378630179d722f74_0,lowered,veriq,qft,20,True,EAGER_FULL,16,8,1048576,100663296,1.0
veriq_378630179d722f74_0,lowered,veriq,qft,20,True,EAGER_FULL,16,8,4194304,100663296,1.0
veriq_378630179d722f74_0,lowered,veriq,qft,20,True,EAGER_FULL,16,16,1,201326592,1.0
veriq_378630179d722f74_0,lowered,veriq,qft,20,True,EAGER_FULL,16,16,4096,201326592,1.0
veriq_378630179d722f74_0,lowered,veriq,qft,20,True,EAGER_FULL,16,16,65536,201326592,1.0
veriq_378630179d722f74_0,lowered,veriq,qft,20,True,EAGER_FULL,16,16,1048576,201326592,1.0
veriq_378630179d722f74_0,lowered,veriq,qft,20,True,EAGER_FULL,16,16,4194304,201326592,1.0
veriq_378630179d722f74_0,lowered,veriq,qft,20,True,BASIS_REWRITE,16,8,1,50331632,2.0000006357830795
veriq_378630179d722f74_0,lowered,veriq,qft,20,True,BASIS_REWRITE,16,8,4096,50397184,1.9973992197659298
veriq_378630179d722f74_0,lowered,veriq,qft,20,True,BASIS_REWRITE,16,8,65536,51904512,1.9393939393939394
veriq_378630179d722f74_0,lowered,veriq,qft,20,True,BASIS_REWRITE,16,8,1048576,85983232,1.170731707317073
veriq_378630179d722f74_0,lowered,veriq,qft,20,True,BASIS_REWRITE,16,8,4194304,226492416,0.4444444444444444
veriq_378630179d722f74_0,lowered,veriq,qft,20,True,BASIS_REWRITE,16,16,1,100663264,2.0000006357830795
veriq_378630179d722f74_0,lowered,veriq,qft,20,True,BASIS_REWRITE,16,16,4096,100720640,1.9988613257421717
veriq_378630179d722f74_0,lowered,veriq,qft,20,True,BASIS_REWRITE,16,16,65536,102105088,1.9717586649550707
veriq_378630179d722f74_0,lowered,veriq,qft,20,True,BASIS_REWRITE,16,16,1048576,132120576,1.5238095238095237
veriq_378630179d722f74_0,lowered,veriq,qft,20,True,BASIS_REWRITE,16,16,4194304,260046848,0.7741935483870968
veriq_378630179d722f74_0,lowered,veriq,qft,20,True,BASIS_THIN,16,8,1,50331632,2.0000006357830795
veriq_378630179d722f74_0,lowered,veriq,qft,20,True,BASIS_THIN,16,8,4096,50397184,1.9973992197659298
veriq_378630179d722f74_0,lowered,veriq,qft,20,True,BASIS_THIN,16,8,65536,51904512,1.9393939393939394
veriq_378630179d722f74_0,lowered,veriq,qft,20,True,BASIS_THIN,16,8,1048576,85983232,1.170731707317073
veriq_378630179d722f74_0,lowered,veriq,qft,20,True,BASIS_THIN,16,8,4194304,226492416,0.4444444444444444
veriq_378630179d722f74_0,lowered,veriq,qft,20,True,BASIS_THIN,16,16,1,100663264,2.0000006357830795
veriq_378630179d722f74_0,lowered,veriq,qft,20,True,BASIS_THIN,16,16,4096,100720640,1.9988613257421717
veriq_378630179d722f74_0,lowered,veriq,qft,20,True,BASIS_THIN,16,16,65536,102105088,1.9717586649550707
veriq_378630179d722f74_0,lowered,veriq,qft,20,True,BASIS_THIN,16,16,1048576,132120576,1.5238095238095237
veriq_378630179d722f74_0,lowered,veriq,qft,20,True,BASIS_THIN,16,16,4194304,260046848,0.7741935483870968
veriq_378630179d722f74_0,lowered,veriq,qft,20,True,PRODUCT_FUSED,16,8,1,96,1048576.0
veriq_378630179d722f74_0,lowered,veriq,qft,20,True,PRODUCT_FUSED,16,8,4096,49152,2048.0
veriq_378630179d722f74_0,lowered,veriq,qft,20,True,PRODUCT_FUSED,16,8,65536,786432,128.0
veriq_378630179d722f74_0,lowered,veriq,qft,20,True,PRODUCT_FUSED,16,8,1048576,12582912,8.0
veriq_378630179d722f74_0,lowered,veriq,qft,20,True,PRODUCT_FUSED,16,8,4194304,50331648,2.0
veriq_378630179d722f74_0,lowered,veriq,qft,20,True,PRODUCT_FUSED,16,16,1,192,1048576.0
veriq_378630179d722f74_0,lowered,veriq,qft,20,True,PRODUCT_FUSED,16,16,4096,49152,4096.0
veriq_378630179d722f74_0,lowered,veriq,qft,20,True,PRODUCT_FUSED,16,16,65536,786432,256.0
veriq_378630179d722f74_0,lowered,veriq,qft,20,True,PRODUCT_FUSED,16,16,1048576,12582912,16.0
veriq_378630179d722f74_0,lowered,veriq,qft,20,True,PRODUCT_FUSED,16,16,4194304,50331648,4.0
veriq_3f7dcb90b2601f3a_0,lowered,veriq,arithmetic,22,True,EAGER_FULL,16,8,1,134217728,1.0
veriq_3f7dcb90b2601f3a_0,lowered,veriq,arithmetic,22,True,EAGER_FULL,16,8,4096,134217728,1.0
veriq_3f7dcb90b2601f3a_0,lowered,veriq,arithmetic,22,True,EAGER_FULL,16,8,65536,134217728,1.0
veriq_3f7dcb90b2601f3a_0,lowered,veriq,arithmetic,22,True,EAGER_FULL,16,8,1048576,134217728,1.0
veriq_3f7dcb90b2601f3a_0,lowered,veriq,arithmetic,22,True,EAGER_FULL,16,8,4194304,134217728,1.0
veriq_3f7dcb90b2601f3a_0,lowered,veriq,arithmetic,22,True,EAGER_FULL,16,16,1,268435456,1.0
veriq_3f7dcb90b2601f3a_0,lowered,veriq,arithmetic,22,True,EAGER_FULL,16,16,4096,268435456,1.0
veriq_3f7dcb90b2601f3a_0,lowered,veriq,arithmetic,22,True,EAGER_FULL,16,16,65536,268435456,1.0
veriq_3f7dcb90b2601f3a_0,lowered,veriq,arithmetic,22,True,EAGER_FULL,16,16,1048576,268435456,1.0
veriq_3f7dcb90b2601f3a_0,lowered,veriq,arithmetic,22,True,EAGER_FULL,16,16,4194304,268435456,1.0
veriq_3f7dcb90b2601f3a_0,lowered,veriq,arithmetic,22,True,BASIS_REWRITE,16,8,1,32,4194304.0
veriq_3f7dcb90b2601f3a_0,lowered,veriq,arithmetic,22,True,BASIS_REWRITE,16,8,4096,16384,8192.0
veriq_3f7dcb90b2601f3a_0,lowered,veriq,arithmetic,22,True,BASIS_REWRITE,16,8,65536,262144,512.0
veriq_3f7dcb90b2601f3a_0,lowered,veriq,arithmetic,22,True,BASIS_REWRITE,16,8,1048576,4194304,32.0
veriq_3f7dcb90b2601f3a_0,lowered,veriq,arithmetic,22,True,BASIS_REWRITE,16,8,4194304,16777216,8.0
veriq_3f7dcb90b2601f3a_0,lowered,veriq,arithmetic,22,True,BASIS_REWRITE,16,16,1,64,4194304.0
veriq_3f7dcb90b2601f3a_0,lowered,veriq,arithmetic,22,True,BASIS_REWRITE,16,16,4096,16384,16384.0
veriq_3f7dcb90b2601f3a_0,lowered,veriq,arithmetic,22,True,BASIS_REWRITE,16,16,65536,262144,1024.0
veriq_3f7dcb90b2601f3a_0,lowered,veriq,arithmetic,22,True,BASIS_REWRITE,16,16,1048576,4194304,64.0
veriq_3f7dcb90b2601f3a_0,lowered,veriq,arithmetic,22,True,BASIS_REWRITE,16,16,4194304,16777216,16.0
veriq_3f7dcb90b2601f3a_0,lowered,veriq,arithmetic,22,True,BASIS_THIN,16,8,1,32,4194304.0
veriq_3f7dcb90b2601f3a_0,lowered,veriq,arithmetic,22,True,BASIS_THIN,16,8,4096,16384,8192.0
veriq_3f7dcb90b2601f3a_0,lowered,veriq,arithmetic,22,True,BASIS_THIN,16,8,65536,262144,512.0
veriq_3f7dcb90b2601f3a_0,lowered,veriq,arithmetic,22,True,BASIS_THIN,16,8,1048576,4194304,32.0
veriq_3f7dcb90b2601f3a_0,lowered,veriq,arithmetic,22,True,BASIS_THIN,16,8,4194304,16777216,8.0
veriq_3f7dcb90b2601f3a_0,lowered,veriq,arithmetic,22,True,BASIS_THIN,16,16,1,64,4194304.0
veriq_3f7dcb90b2601f3a_0,lowered,veriq,arithmetic,22,True,BASIS_THIN,16,16,4096,16384,16384.0
veriq_3f7dcb90b2601f3a_0,lowered,veriq,arithmetic,22,True,BASIS_THIN,16,16,65536,262144,1024.0
veriq_3f7dcb90b2601f3a_0,lowered,veriq,arithmetic,22,True,BASIS_THIN,16,16,1048576,4194304,64.0
veriq_3f7dcb90b2601f3a_0,lowered,veriq,arithmetic,22,True,BASIS_THIN,16,16,4194304,16777216,16.0
veriq_3f7dcb90b2601f3a_0,lowered,veriq,arithmetic,22,True,PRODUCT_FUSED,16,8,1,32,4194304.0
veriq_3f7dcb90b2601f3a_0,lowered,veriq,arithmetic,22,True,PRODUCT_FUSED,16,8,4096,16384,8192.0
veriq_3f7dcb90b2601f3a_0,lowered,veriq,arithmetic,22,True,PRODUCT_FUSED,16,8,65536,262144,512.0
veriq_3f7dcb90b2601f3a_0,lowered,veriq,arithmetic,22,True,PRODUCT_FUSED,16,8,1048576,4194304,32.0
veriq_3f7dcb90b2601f3a_0,lowered,veriq,arithmetic,22,True,PRODUCT_FUSED,16,8,4194304,16777216,8.0
veriq_3f7dcb90b2601f3a_0,lowered,veriq,arithmetic,22,True,PRODUCT_FUSED,16,16,1,64,4194304.0
veriq_3f7dcb90b2601f3a_0,lowered,veriq,arithmetic,22,True,PRODUCT_FUSED,16,16,4096,16384,16384.0
veriq_3f7dcb90b2601f3a_0,lowered,veriq,arithmetic,22,True,PRODUCT_FUSED,16,16,65536,262144,1024.0
veriq_3f7dcb90b2601f3a_0,lowered,veriq,arithmetic,22,True,PRODUCT_FUSED,16,16,1048576,4194304,64.0
veriq_3f7dcb90b2601f3a_0,lowered,veriq,arithmetic,22,True,PRODUCT_FUSED,16,16,4194304,16777216,16.0
veriq_4863c09f5501995c_0,lowered,veriq,reversible,24,True,EAGER_FULL,16,8,1,2147483648,1.0
veriq_4863c09f5501995c_0,lowered,veriq,reversible,24,True,EAGER_FULL,16,8,4096,2147483648,1.0
veriq_4863c09f5501995c_0,lowered,veriq,reversible,24,True,EAGER_FULL,16,8,65536,2147483648,1.0
veriq_4863c09f5501995c_0,lowered,veriq,reversible,24,True,EAGER_FULL,16,8,1048576,2147483648,1.0
veriq_4863c09f5501995c_0,lowered,veriq,reversible,24,True,EAGER_FULL,16,8,4194304,2147483648,1.0
veriq_4863c09f5501995c_0,lowered,veriq,reversible,24,True,EAGER_FULL,16,16,1,4294967296,1.0
veriq_4863c09f5501995c_0,lowered,veriq,reversible,24,True,EAGER_FULL,16,16,4096,4294967296,1.0
veriq_4863c09f5501995c_0,lowered,veriq,reversible,24,True,EAGER_FULL,16,16,65536,4294967296,1.0
veriq_4863c09f5501995c_0,lowered,veriq,reversible,24,True,EAGER_FULL,16,16,1048576,4294967296,1.0
veriq_4863c09f5501995c_0,lowered,veriq,reversible,24,True,EAGER_FULL,16,16,4194304,4294967296,1.0
veriq_4863c09f5501995c_0,lowered,veriq,reversible,24,True,BASIS_REWRITE,16,8,1,128,16777216.0
veriq_4863c09f5501995c_0,lowered,veriq,reversible,24,True,BASIS_REWRITE,16,8,4096,65536,32768.0
veriq_4863c09f5501995c_0,lowered,veriq,reversible,24,True,BASIS_REWRITE,16,8,65536,1048576,2048.0
veriq_4863c09f5501995c_0,lowered,veriq,reversible,24,True,BASIS_REWRITE,16,8,1048576,16777216,128.0
veriq_4863c09f5501995c_0,lowered,veriq,reversible,24,True,BASIS_REWRITE,16,8,4194304,67108864,32.0
veriq_4863c09f5501995c_0,lowered,veriq,reversible,24,True,BASIS_REWRITE,16,16,1,256,16777216.0
veriq_4863c09f5501995c_0,lowered,veriq,reversible,24,True,BASIS_REWRITE,16,16,4096,65536,65536.0
veriq_4863c09f5501995c_0,lowered,veriq,reversible,24,True,BASIS_REWRITE,16,16,65536,1048576,4096.0
veriq_4863c09f5501995c_0,lowered,veriq,reversible,24,True,BASIS_REWRITE,16,16,1048576,16777216,256.0
veriq_4863c09f5501995c_0,lowered,veriq,reversible,24,True,BASIS_REWRITE,16,16,4194304,67108864,64.0
veriq_4863c09f5501995c_0,lowered,veriq,reversible,24,True,BASIS_THIN,16,8,1,128,16777216.0
veriq_4863c09f5501995c_0,lowered,veriq,reversible,24,True,BASIS_THIN,16,8,4096,65536,32768.0
veriq_4863c09f5501995c_0,lowered,veriq,reversible,24,True,BASIS_THIN,16,8,65536,1048576,2048.0
veriq_4863c09f5501995c_0,lowered,veriq,reversible,24,True,BASIS_THIN,16,8,1048576,16777216,128.0
veriq_4863c09f5501995c_0,lowered,veriq,reversible,24,True,BASIS_THIN,16,8,4194304,67108864,32.0
veriq_4863c09f5501995c_0,lowered,veriq,reversible,24,True,BASIS_THIN,16,16,1,256,16777216.0
veriq_4863c09f5501995c_0,lowered,veriq,reversible,24,True,BASIS_THIN,16,16,4096,65536,65536.0
veriq_4863c09f5501995c_0,lowered,veriq,reversible,24,True,BASIS_THIN,16,16,65536,1048576,4096.0
veriq_4863c09f5501995c_0,lowered,veriq,reversible,24,True,BASIS_THIN,16,16,1048576,16777216,256.0
veriq_4863c09f5501995c_0,lowered,veriq,reversible,24,True,BASIS_THIN,16,16,4194304,67108864,64.0
veriq_4863c09f5501995c_0,lowered,veriq,reversible,24,True,PRODUCT_FUSED,16,8,1,128,16777216.0
veriq_4863c09f5501995c_0,lowered,veriq,reversible,24,True,PRODUCT_FUSED,16,8,4096,65536,32768.0
veriq_4863c09f5501995c_0,lowered,veriq,reversible,24,True,PRODUCT_FUSED,16,8,65536,1048576,2048.0
veriq_4863c09f5501995c_0,lowered,veriq,reversible,24,True,PRODUCT_FUSED,16,8,1048576,16777216,128.0
veriq_4863c09f5501995c_0,lowered,veriq,reversible,24,True,PRODUCT_FUSED,16,8,4194304,67108864,32.0
veriq_4863c09f5501995c_0,lowered,veriq,reversible,24,True,PRODUCT_FUSED,16,16,1,256,16777216.0
veriq_4863c09f5501995c_0,lowered,veriq,reversible,24,True,PRODUCT_FUSED,16,16,4096,65536,65536.0
veriq_4863c09f5501995c_0,lowered,veriq,reversible,24,True,PRODUCT_FUSED,16,16,65536,1048576,4096.0
veriq_4863c09f5501995c_0,lowered,veriq,reversible,24,True,PRODUCT_FUSED,16,16,1048576,16777216,256.0
veriq_4863c09f5501995c_0,lowered,veriq,reversible,24,True,PRODUCT_FUSED,16,16,4194304,67108864,64.0
veriq_4892d365ac4839c5_0,lowered,veriq,qaoa,20,True,EAGER_FULL,16,8,1,33554432,1.0
veriq_4892d365ac4839c5_0,lowered,veriq,qaoa,20,True,EAGER_FULL,16,8,4096,33554432,1.0
veriq_4892d365ac4839c5_0,lowered,veriq,qaoa,20,True,EAGER_FULL,16,8,65536,33554432,1.0
veriq_4892d365ac4839c5_0,lowered,veriq,qaoa,20,True,EAGER_FULL,16,8,1048576,33554432,1.0
veriq_4892d365ac4839c5_0,lowered,veriq,qaoa,20,True,EAGER_FULL,16,8,4194304,33554432,1.0
veriq_4892d365ac4839c5_0,lowered,veriq,qaoa,20,True,EAGER_FULL,16,16,1,67108864,1.0
veriq_4892d365ac4839c5_0,lowered,veriq,qaoa,20,True,EAGER_FULL,16,16,4096,67108864,1.0
veriq_4892d365ac4839c5_0,lowered,veriq,qaoa,20,True,EAGER_FULL,16,16,65536,67108864,1.0
veriq_4892d365ac4839c5_0,lowered,veriq,qaoa,20,True,EAGER_FULL,16,16,1048576,67108864,1.0
veriq_4892d365ac4839c5_0,lowered,veriq,qaoa,20,True,EAGER_FULL,16,16,4194304,67108864,1.0
veriq_4892d365ac4839c5_0,lowered,veriq,qaoa,20,True,BASIS_REWRITE,16,8,1,34602992,0.9696974180729805
veriq_4892d365ac4839c5_0,lowered,veriq,qaoa,20,True,BASIS_REWRITE,16,8,4096,34668544,0.9678638941398866
veriq_4892d365ac4839c5_0,lowered,veriq,qaoa,20,True,BASIS_REWRITE,16,8,65536,36175872,0.927536231884058
veriq_4892d365ac4839c5_0,lowered,veriq,qaoa,20,True,BASIS_REWRITE,16,8,1048576,69206016,0.48484848484848486
veriq_4892d365ac4839c5_0,lowered,veriq,qaoa,20,True,BASIS_REWRITE,16,8,4194304,192937984,0.17391304347826086
veriq_4892d365ac4839c5_0,lowered,veriq,qaoa,20,True,BASIS_REWRITE,16,16,1,69205984,0.9696974180729805
veriq_4892d365ac4839c5_0,lowered,veriq,qaoa,20,True,BASIS_REWRITE,16,16,4096,69263360,0.9688941454760497
veriq_4892d365ac4839c5_0,lowered,veriq,qaoa,20,True,BASIS_REWRITE,16,16,65536,70647808,0.9499072356215214
veriq_4892d365ac4839c5_0,lowered,veriq,qaoa,20,True,BASIS_REWRITE,16,16,1048576,100663296,0.6666666666666666
veriq_4892d365ac4839c5_0,lowered,veriq,qaoa,20,True,BASIS_REWRITE,16,16,4194304,218103808,0.3076923076923077
veriq_4892d365ac4839c5_0,lowered,veriq,qaoa,20,True,BASIS_THIN,16,8,1,34602992,0.9696974180729805
veriq_4892d365ac4839c5_0,lowered,veriq,qaoa,20,True,BASIS_THIN,16,8,4096,34668544,0.9678638941398866
veriq_4892d365ac4839c5_0,lowered,veriq,qaoa,20,True,BASIS_THIN,16,8,65536,36175872,0.927536231884058
veriq_4892d365ac4839c5_0,lowered,veriq,qaoa,20,True,BASIS_THIN,16,8,1048576,69206016,0.48484848484848486
veriq_4892d365ac4839c5_0,lowered,veriq,qaoa,20,True,BASIS_THIN,16,8,4194304,192937984,0.17391304347826086
veriq_4892d365ac4839c5_0,lowered,veriq,qaoa,20,True,BASIS_THIN,16,16,1,69205984,0.9696974180729805
veriq_4892d365ac4839c5_0,lowered,veriq,qaoa,20,True,BASIS_THIN,16,16,4096,69263360,0.9688941454760497
veriq_4892d365ac4839c5_0,lowered,veriq,qaoa,20,True,BASIS_THIN,16,16,65536,70647808,0.9499072356215214
veriq_4892d365ac4839c5_0,lowered,veriq,qaoa,20,True,BASIS_THIN,16,16,1048576,100663296,0.6666666666666666
veriq_4892d365ac4839c5_0,lowered,veriq,qaoa,20,True,BASIS_THIN,16,16,4194304,218103808,0.3076923076923077
veriq_4892d365ac4839c5_0,lowered,veriq,qaoa,20,True,PRODUCT_FUSED,16,8,1,33275856,1.0083717155164995
veriq_4892d365ac4839c5_0,lowered,veriq,qaoa,20,True,PRODUCT_FUSED,16,8,4096,33333248,1.0066355369869746
veriq_4892d365ac4839c5_0,lowered,veriq,qaoa,20,True,PRODUCT_FUSED,16,8,65536,34603008,0.9696969696969697
veriq_4892d365ac4839c5_0,lowered,veriq,qaoa,20,True,PRODUCT_FUSED,16,8,1048576,62914560,0.5333333333333333
veriq_4892d365ac4839c5_0,lowered,veriq,qaoa,20,True,PRODUCT_FUSED,16,8,4194304,167772160,0.2
veriq_4892d365ac4839c5_0,lowered,veriq,qaoa,20,True,PRODUCT_FUSED,16,16,1,66551712,1.0083717155164995
veriq_4892d365ac4839c5_0,lowered,veriq,qaoa,20,True,PRODUCT_FUSED,16,16,4096,66600960,1.0076260762607625
veriq_4892d365ac4839c5_0,lowered,veriq,qaoa,20,True,PRODUCT_FUSED,16,16,65536,67764224,0.9903288201160542
veriq_4892d365ac4839c5_0,lowered,veriq,qaoa,20,True,PRODUCT_FUSED,16,16,1048576,94371840,0.7111111111111111
veriq_4892d365ac4839c5_0,lowered,veriq,qaoa,20,True,PRODUCT_FUSED,16,16,4194304,192937984,0.34782608695652173
veriq_582c218e88ed448c_0,lowered,veriq,random,30,True,EAGER_FULL,16,8,1,377957122048,1.0
veriq_582c218e88ed448c_0,lowered,veriq,random,30,True,EAGER_FULL,16,8,4096,377957122048,1.0
veriq_582c218e88ed448c_0,lowered,veriq,random,30,True,EAGER_FULL,16,8,65536,377957122048,1.0
veriq_582c218e88ed448c_0,lowered,veriq,random,30,True,EAGER_FULL,16,8,1048576,377957122048,1.0
veriq_582c218e88ed448c_0,lowered,veriq,random,30,True,EAGER_FULL,16,8,4194304,377957122048,1.0
veriq_582c218e88ed448c_0,lowered,veriq,random,30,True,EAGER_FULL,16,16,1,755914244096,1.0
veriq_582c218e88ed448c_0,lowered,veriq,random,30,True,EAGER_FULL,16,16,4096,755914244096,1.0
veriq_582c218e88ed448c_0,lowered,veriq,random,30,True,EAGER_FULL,16,16,65536,755914244096,1.0
veriq_582c218e88ed448c_0,lowered,veriq,random,30,True,EAGER_FULL,16,16,1048576,755914244096,1.0
veriq_582c218e88ed448c_0,lowered,veriq,random,30,True,EAGER_FULL,16,16,4194304,755914244096,1.0
veriq_582c218e88ed448c_0,lowered,veriq,random,30,True,BASIS_REWRITE,16,8,1,336216457200,1.1241481907090893
veriq_582c218e88ed448c_0,lowered,veriq,random,30,True,BASIS_REWRITE,16,8,4096,336216522752,1.1241479715343696
veriq_582c218e88ed448c_0,lowered,veriq,random,30,True,BASIS_REWRITE,16,8,65536,336218030080,1.124142931769806
veriq_582c218e88ed448c_0,lowered,veriq,random,30,True,BASIS_REWRITE,16,8,1048576,336251060224,1.1240325065331147
veriq_582c218e88ed448c_0,lowered,veriq,random,30,True,BASIS_REWRITE,16,8,4194304,336374792192,1.1236190428688995
veriq_582c218e88ed448c_0,lowered,veriq,random,30,True,BASIS_REWRITE,16,16,1,672432914400,1.1241481907090893
veriq_582c218e88ed448c_0,lowered,veriq,random,30,True,BASIS_REWRITE,16,16,4096,672432971776,1.1241480947900473
veriq_582c218e88ed448c_0,lowered,veriq,random,30,True,BASIS_REWRITE,16,16,65536,672434356224,1.1241457803268329
veriq_582c218e88ed448c_0,lowered,veriq,random,30,True,BASIS_REWRITE,16,16,1048576,672464371712,1.1240956040117758
veriq_582c218e88ed448c_0,lowered,veriq,random,30,True,BASIS_REWRITE,16,16,4194304,672581812224,1.1238993240040909
veriq_582c218e88ed448c_0,lowered,veriq,random,30,True,BASIS_THIN,16,8,1,336216457200,1.1241481907090893
veriq_582c218e88ed448c_0,lowered,veriq,random,30,True,BASIS_THIN,16,8,4096,336216522752,1.1241479715343696
veriq_582c218e88ed448c_0,lowered,veriq,random,30,True,BASIS_THIN,16,8,65536,336218030080,1.124142931769806
veriq_582c218e88ed448c_0,lowered,veriq,random,30,True,BASIS_THIN,16,8,1048576,336251060224,1.1240325065331147
veriq_582c218e88ed448c_0,lowered,veriq,random,30,True,BASIS_THIN,16,8,4194304,336374792192,1.1236190428688995
veriq_582c218e88ed448c_0,lowered,veriq,random,30,True,BASIS_THIN,16,16,1,672432914400,1.1241481907090893
veriq_582c218e88ed448c_0,lowered,veriq,random,30,True,BASIS_THIN,16,16,4096,672432971776,1.1241480947900473
veriq_582c218e88ed448c_0,lowered,veriq,random,30,True,BASIS_THIN,16,16,65536,672434356224,1.1241457803268329
veriq_582c218e88ed448c_0,lowered,veriq,random,30,True,BASIS_THIN,16,16,1048576,672464371712,1.1240956040117758
veriq_582c218e88ed448c_0,lowered,veriq,random,30,True,BASIS_THIN,16,16,4194304,672581812224,1.1238993240040909
veriq_582c218e88ed448c_0,lowered,veriq,random,30,True,PRODUCT_FUSED,16,8,1,319544452432,1.1827998238474517
veriq_582c218e88ed448c_0,lowered,veriq,random,30,True,PRODUCT_FUSED,16,8,4096,319544492032,1.1827996772673222
veriq_582c218e88ed448c_0,lowered,veriq,random,30,True,PRODUCT_FUSED,16,8,65536,319545409536,1.1827962811195363
veriq_582c218e88ed448c_0,lowered,veriq,random,30,True,PRODUCT_FUSED,16,8,1048576,319564021760,1.1827273920462003
veriq_582c218e88ed448c_0,lowered,veriq,random,30,True,PRODUCT_FUSED,16,8,4194304,319631130624,1.18247906988951
veriq_582c218e88ed448c_0,lowered,veriq,random,30,True,PRODUCT_FUSED,16,16,1,639088904864,1.1827998238474517
veriq_582c218e88ed448c_0,lowered,veriq,random,30,True,PRODUCT_FUSED,16,16,4096,639088934912,1.1827997682358347
veriq_582c218e88ed448c_0,lowered,veriq,random,30,True,PRODUCT_FUSED,16,16,65536,639089770496,1.182798221773026
veriq_582c218e88ed448c_0,lowered,veriq,random,30,True,PRODUCT_FUSED,16,16,1048576,639107072000,1.182766201804758
veriq_582c218e88ed448c_0,lowered,veriq,random,30,True,PRODUCT_FUSED,16,16,4194304,639169986560,1.1826497801693026
veriq_5b3c3d4a683ce73b_0,lowered,veriq,qaoa,25,True,EAGER_FULL,16,8,1,1610612736,1.0
veriq_5b3c3d4a683ce73b_0,lowered,veriq,qaoa,25,True,EAGER_FULL,16,8,4096,1610612736,1.0
veriq_5b3c3d4a683ce73b_0,lowered,veriq,qaoa,25,True,EAGER_FULL,16,8,65536,1610612736,1.0
veriq_5b3c3d4a683ce73b_0,lowered,veriq,qaoa,25,True,EAGER_FULL,16,8,1048576,1610612736,1.0
veriq_5b3c3d4a683ce73b_0,lowered,veriq,qaoa,25,True,EAGER_FULL,16,8,4194304,1610612736,1.0
veriq_5b3c3d4a683ce73b_0,lowered,veriq,qaoa,25,True,EAGER_FULL,16,16,1,3221225472,1.0
veriq_5b3c3d4a683ce73b_0,lowered,veriq,qaoa,25,True,EAGER_FULL,16,16,4096,3221225472,1.0
veriq_5b3c3d4a683ce73b_0,lowered,veriq,qaoa,25,True,EAGER_FULL,16,16,65536,3221225472,1.0
veriq_5b3c3d4a683ce73b_0,lowered,veriq,qaoa,25,True,EAGER_FULL,16,16,1048576,3221225472,1.0
veriq_5b3c3d4a683ce73b_0,lowered,veriq,qaoa,25,True,EAGER_FULL,16,16,4194304,3221225472,1.0
veriq_5b3c3d4a683ce73b_0,lowered,veriq,qaoa,25,True,BASIS_REWRITE,16,8,1,1343225840,1.1990632461329065
veriq_5b3c3d4a683ce73b_0,lowered,veriq,qaoa,25,True,BASIS_REWRITE,16,8,4096,1343291392,1.1990047323998634
veriq_5b3c3d4a683ce73b_0,lowered,veriq,qaoa,25,True,BASIS_REWRITE,16,8,65536,1344798720,1.1976608187134503
veriq_5b3c3d4a683ce73b_0,lowered,veriq,qaoa,25,True,BASIS_REWRITE,16,8,1048576,1377828864,1.1689497716894977
veriq_5b3c3d4a683ce73b_0,lowered,veriq,qaoa,25,True,BASIS_REWRITE,16,8,4194304,1501560832,1.0726256983240223
veriq_5b3c3d4a683ce73b_0,lowered,veriq,qaoa,25,True,BASIS_REWRITE,16,16,1,2686451680,1.1990632461329065
veriq_5b3c3d4a683ce73b_0,lowered,veriq,qaoa,25,True,BASIS_REWRITE,16,16,4096,2686509056,1.199037637638248
veriq_5b3c3d4a683ce73b_0,lowered,veriq,qaoa,25,True,BASIS_REWRITE,16,16,65536,2687893504,1.198420051689667
veriq_5b3c3d4a683ce73b_0,lowered,veriq,qaoa,25,True,BASIS_REWRITE,16,16,1048576,2717908992,1.1851851851851851
veriq_5b3c3d4a683ce73b_0,lowered,veriq,qaoa,25,True,BASIS_REWRITE,16,16,4194304,2835349504,1.136094674556213
veriq_5b3c3d4a683ce73b_0,lowered,veriq,qaoa,25,True,BASIS_THIN,16,8,1,1343225840,1.1990632461329065
veriq_5b3c3d4a683ce73b_0,lowered,veriq,qaoa,25,True,BASIS_THIN,16,8,4096,1343291392,1.1990047323998634
veriq_5b3c3d4a683ce73b_0,lowered,veriq,qaoa,25,True,BASIS_THIN,16,8,65536,1344798720,1.1976608187134503
veriq_5b3c3d4a683ce73b_0,lowered,veriq,qaoa,25,True,BASIS_THIN,16,8,1048576,1377828864,1.1689497716894977
veriq_5b3c3d4a683ce73b_0,lowered,veriq,qaoa,25,True,BASIS_THIN,16,8,4194304,1501560832,1.0726256983240223
veriq_5b3c3d4a683ce73b_0,lowered,veriq,qaoa,25,True,BASIS_THIN,16,16,1,2686451680,1.1990632461329065
veriq_5b3c3d4a683ce73b_0,lowered,veriq,qaoa,25,True,BASIS_THIN,16,16,4096,2686509056,1.199037637638248
veriq_5b3c3d4a683ce73b_0,lowered,veriq,qaoa,25,True,BASIS_THIN,16,16,65536,2687893504,1.198420051689667
veriq_5b3c3d4a683ce73b_0,lowered,veriq,qaoa,25,True,BASIS_THIN,16,16,1048576,2717908992,1.1851851851851851
veriq_5b3c3d4a683ce73b_0,lowered,veriq,qaoa,25,True,BASIS_THIN,16,16,4194304,2835349504,1.136094674556213
veriq_5b3c3d4a683ce73b_0,lowered,veriq,qaoa,25,True,PRODUCT_FUSED,16,8,1,1098825680,1.4657581865032496
veriq_5b3c3d4a683ce73b_0,lowered,veriq,qaoa,25,True,PRODUCT_FUSED,16,8,4096,1098883072,1.465681633505043
veriq_5b3c3d4a683ce73b_0,lowered,veriq,qaoa,25,True,PRODUCT_FUSED,16,8,65536,1100218368,1.463902787705504
veriq_5b3c3d4a683ce73b_0,lowered,veriq,qaoa,25,True,PRODUCT_FUSED,16,8,1048576,1128267776,1.4275092936802973
veriq_5b3c3d4a683ce73b_0,lowered,veriq,qaoa,25,True,PRODUCT_FUSED,16,8,4194304,1233125376,1.3061224489795917
veriq_5b3c3d4a683ce73b_0,lowered,veriq,qaoa,25,True,PRODUCT_FUSED,16,16,1,2197651360,1.4657581865032496
veriq_5b3c3d4a683ce73b_0,lowered,veriq,qaoa,25,True,PRODUCT_FUSED,16,16,4096,2197700608,1.4657253405100754
veriq_5b3c3d4a683ce73b_0,lowered,veriq,qaoa,25,True,PRODUCT_FUSED,16,16,65536,2198863872,1.4649499284692418
veriq_5b3c3d4a683ce73b_0,lowered,veriq,qaoa,25,True,PRODUCT_FUSED,16,16,1048576,2225078272,1.4476908576814327
veriq_5b3c3d4a683ce73b_0,lowered,veriq,qaoa,25,True,PRODUCT_FUSED,16,16,4194304,2323644416,1.3862815884476534
veriq_6d406e6d174d184f_0,lowered,veriq,bernstein_vazirani,40,True,EAGER_FULL,16,8,1,105553116266496,1.0
veriq_6d406e6d174d184f_0,lowered,veriq,bernstein_vazirani,40,True,EAGER_FULL,16,8,4096,105553116266496,1.0
veriq_6d406e6d174d184f_0,lowered,veriq,bernstein_vazirani,40,True,EAGER_FULL,16,8,65536,105553116266496,1.0
veriq_6d406e6d174d184f_0,lowered,veriq,bernstein_vazirani,40,True,EAGER_FULL,16,8,1048576,105553116266496,1.0
veriq_6d406e6d174d184f_0,lowered,veriq,bernstein_vazirani,40,True,EAGER_FULL,16,8,4194304,105553116266496,1.0
veriq_6d406e6d174d184f_0,lowered,veriq,bernstein_vazirani,40,True,EAGER_FULL,16,16,1,211106232532992,1.0
veriq_6d406e6d174d184f_0,lowered,veriq,bernstein_vazirani,40,True,EAGER_FULL,16,16,4096,211106232532992,1.0
veriq_6d406e6d174d184f_0,lowered,veriq,bernstein_vazirani,40,True,EAGER_FULL,16,16,65536,211106232532992,1.0
veriq_6d406e6d174d184f_0,lowered,veriq,bernstein_vazirani,40,True,EAGER_FULL,16,16,1048576,211106232532992,1.0
veriq_6d406e6d174d184f_0,lowered,veriq,bernstein_vazirani,40,True,EAGER_FULL,16,16,4194304,211106232532992,1.0
veriq_6d406e6d174d184f_0,lowered,veriq,bernstein_vazirani,40,True,BASIS_REWRITE,16,8,1,87978111139824,1.199765656468118
veriq_6d406e6d174d184f_0,lowered,veriq,bernstein_vazirani,40,True,BASIS_REWRITE,16,8,4096,87978111205376,1.1997656555741794
veriq_6d406e6d174d184f_0,lowered,veriq,bernstein_vazirani,40,True,BASIS_REWRITE,16,8,65536,87978112712704,1.1997656350186081
veriq_6d406e6d174d184f_0,lowered,veriq,bernstein_vazirani,40,True,BASIS_REWRITE,16,8,1048576,87978145742848,1.199765184583658
veriq_6d406e6d174d184f_0,lowered,veriq,bernstein_vazirani,40,True,BASIS_REWRITE,16,8,4194304,87978269474816,1.1997634972430418
veriq_6d406e6d174d184f_0,lowered,veriq,bernstein_vazirani,40,True,BASIS_REWRITE,16,16,1,175956222279648,1.199765656468118
veriq_6d406e6d174d184f_0,lowered,veriq,bernstein_vazirani,40,True,BASIS_REWRITE,16,16,4096,175956222337024,1.1997656560768972
veriq_6d406e6d174d184f_0,lowered,veriq,bernstein_vazirani,40,True,BASIS_REWRITE,16,16,65536,175956223721472,1.1997656466369744
veriq_6d406e6d174d184f_0,lowered,veriq,bernstein_vazirani,40,True,BASIS_REWRITE,16,16,1048576,175956253736960,1.1997654419750168
veriq_6d406e6d174d184f_0,lowered,veriq,bernstein_vazirani,40,True,BASIS_REWRITE,16,16,4194304,175956371177472,1.1997646412022636
veriq_6d406e6d174d184f_0,lowered,veriq,bernstein_vazirani,40,True,BASIS_THIN,16,8,1,87978111139824,1.199765656468118
veriq_6d406e6d174d184f_0,lowered,veriq,bernstein_vazirani,40,True,BASIS_THIN,16,8,4096,87978111205376,1.1997656555741794
veriq_6d406e6d174d184f_0,lowered,veriq,bernstein_vazirani,40,True,BASIS_THIN,16,8,65536,87978112712704,1.1997656350186081
veriq_6d406e6d174d184f_0,lowered,veriq,bernstein_vazirani,40,True,BASIS_THIN,16,8,1048576,87978145742848,1.199765184583658
veriq_6d406e6d174d184f_0,lowered,veriq,bernstein_vazirani,40,True,BASIS_THIN,16,8,4194304,87978269474816,1.1997634972430418
veriq_6d406e6d174d184f_0,lowered,veriq,bernstein_vazirani,40,True,BASIS_THIN,16,16,1,175956222279648,1.199765656468118
veriq_6d406e6d174d184f_0,lowered,veriq,bernstein_vazirani,40,True,BASIS_THIN,16,16,4096,175956222337024,1.1997656560768972
veriq_6d406e6d174d184f_0,lowered,veriq,bernstein_vazirani,40,True,BASIS_THIN,16,16,65536,175956223721472,1.1997656466369744
veriq_6d406e6d174d184f_0,lowered,veriq,bernstein_vazirani,40,True,BASIS_THIN,16,16,1048576,175956253736960,1.1997654419750168
veriq_6d406e6d174d184f_0,lowered,veriq,bernstein_vazirani,40,True,BASIS_THIN,16,16,4194304,175956371177472,1.1997646412022636
veriq_6d406e6d174d184f_0,lowered,veriq,bernstein_vazirani,40,True,PRODUCT_FUSED,16,8,1,96,1099511627776.0
veriq_6d406e6d174d184f_0,lowered,veriq,bernstein_vazirani,40,True,PRODUCT_FUSED,16,8,4096,49152,2147483648.0
veriq_6d406e6d174d184f_0,lowered,veriq,bernstein_vazirani,40,True,PRODUCT_FUSED,16,8,65536,786432,134217728.0
veriq_6d406e6d174d184f_0,lowered,veriq,bernstein_vazirani,40,True,PRODUCT_FUSED,16,8,1048576,12582912,8388608.0
veriq_6d406e6d174d184f_0,lowered,veriq,bernstein_vazirani,40,True,PRODUCT_FUSED,16,8,4194304,50331648,2097152.0
veriq_6d406e6d174d184f_0,lowered,veriq,bernstein_vazirani,40,True,PRODUCT_FUSED,16,16,1,192,1099511627776.0
veriq_6d406e6d174d184f_0,lowered,veriq,bernstein_vazirani,40,True,PRODUCT_FUSED,16,16,4096,49152,4294967296.0
veriq_6d406e6d174d184f_0,lowered,veriq,bernstein_vazirani,40,True,PRODUCT_FUSED,16,16,65536,786432,268435456.0
veriq_6d406e6d174d184f_0,lowered,veriq,bernstein_vazirani,40,True,PRODUCT_FUSED,16,16,1048576,12582912,16777216.0
veriq_6d406e6d174d184f_0,lowered,veriq,bernstein_vazirani,40,True,PRODUCT_FUSED,16,16,4194304,50331648,4194304.0
veriq_851f3d8de7f08057_0,lowered,veriq,grover_oracle,27,True,EAGER_FULL,16,8,1,15032385536,1.0
veriq_851f3d8de7f08057_0,lowered,veriq,grover_oracle,27,True,EAGER_FULL,16,8,4096,15032385536,1.0
veriq_851f3d8de7f08057_0,lowered,veriq,grover_oracle,27,True,EAGER_FULL,16,8,65536,15032385536,1.0
veriq_851f3d8de7f08057_0,lowered,veriq,grover_oracle,27,True,EAGER_FULL,16,8,1048576,15032385536,1.0
veriq_851f3d8de7f08057_0,lowered,veriq,grover_oracle,27,True,EAGER_FULL,16,8,4194304,15032385536,1.0
veriq_851f3d8de7f08057_0,lowered,veriq,grover_oracle,27,True,EAGER_FULL,16,16,1,30064771072,1.0
veriq_851f3d8de7f08057_0,lowered,veriq,grover_oracle,27,True,EAGER_FULL,16,16,4096,30064771072,1.0
veriq_851f3d8de7f08057_0,lowered,veriq,grover_oracle,27,True,EAGER_FULL,16,16,65536,30064771072,1.0
veriq_851f3d8de7f08057_0,lowered,veriq,grover_oracle,27,True,EAGER_FULL,16,16,1048576,30064771072,1.0
veriq_851f3d8de7f08057_0,lowered,veriq,grover_oracle,27,True,EAGER_FULL,16,16,4194304,30064771072,1.0
veriq_851f3d8de7f08057_0,lowered,veriq,grover_oracle,27,True,BASIS_REWRITE,16,8,1,12953059312,1.160527808443961
veriq_851f3d8de7f08057_0,lowered,veriq,grover_oracle,27,True,BASIS_REWRITE,16,8,4096,12953124864,1.1605219353500398
veriq_851f3d8de7f08057_0,lowered,veriq,grover_oracle,27,True,BASIS_REWRITE,16,8,65536,12954632192,1.1603869035574081
veriq_851f3d8de7f08057_0,lowered,veriq,grover_oracle,27,True,BASIS_REWRITE,16,8,1048576,12987662336,1.1574358146294204
veriq_851f3d8de7f08057_0,lowered,veriq,grover_oracle,27,True,BASIS_REWRITE,16,8,4194304,13111394304,1.1465131158029431
veriq_851f3d8de7f08057_0,lowered,veriq,grover_oracle,27,True,BASIS_REWRITE,16,16,1,25906118624,1.160527808443961
veriq_851f3d8de7f08057_0,lowered,veriq,grover_oracle,27,True,BASIS_REWRITE,16,16,4096,25906176000,1.1605252381517055
veriq_851f3d8de7f08057_0,lowered,veriq,grover_oracle,27,True,BASIS_REWRITE,16,16,65536,25907560448,1.16046322201367
veriq_851f3d8de7f08057_0,lowered,veriq,grover_oracle,27,True,BASIS_REWRITE,16,16,1048576,25937575936,1.1591203104786545
veriq_851f3d8de7f08057_0,lowered,veriq,grover_oracle,27,True,BASIS_REWRITE,16,16,4194304,26055016448,1.1538956857694784
veriq_851f3d8de7f08057_0,lowered,veriq,grover_oracle,27,True,BASIS_THIN,16,8,1,12953059312,1.160527808443961
veriq_851f3d8de7f08057_0,lowered,veriq,grover_oracle,27,True,BASIS_THIN,16,8,4096,12953124864,1.1605219353500398
veriq_851f3d8de7f08057_0,lowered,veriq,grover_oracle,27,True,BASIS_THIN,16,8,65536,12954632192,1.1603869035574081
veriq_851f3d8de7f08057_0,lowered,veriq,grover_oracle,27,True,BASIS_THIN,16,8,1048576,12987662336,1.1574358146294204
veriq_851f3d8de7f08057_0,lowered,veriq,grover_oracle,27,True,BASIS_THIN,16,8,4194304,13111394304,1.1465131158029431
veriq_851f3d8de7f08057_0,lowered,veriq,grover_oracle,27,True,BASIS_THIN,16,16,1,25906118624,1.160527808443961
veriq_851f3d8de7f08057_0,lowered,veriq,grover_oracle,27,True,BASIS_THIN,16,16,4096,25906176000,1.1605252381517055
veriq_851f3d8de7f08057_0,lowered,veriq,grover_oracle,27,True,BASIS_THIN,16,16,65536,25907560448,1.16046322201367
veriq_851f3d8de7f08057_0,lowered,veriq,grover_oracle,27,True,BASIS_THIN,16,16,1048576,25937575936,1.1591203104786545
veriq_851f3d8de7f08057_0,lowered,veriq,grover_oracle,27,True,BASIS_THIN,16,16,4194304,26055016448,1.1538956857694784
veriq_851f3d8de7f08057_0,lowered,veriq,grover_oracle,27,True,PRODUCT_FUSED,16,8,1,2865409168,5.246156710838024
veriq_851f3d8de7f08057_0,lowered,veriq,grover_oracle,27,True,PRODUCT_FUSED,16,8,4096,2865446912,5.246087607851658
veriq_851f3d8de7f08057_0,lowered,veriq,grover_oracle,27,True,PRODUCT_FUSED,16,8,65536,2866282496,5.2445582586427655
veriq_851f3d8de7f08057_0,lowered,veriq,grover_oracle,27,True,PRODUCT_FUSED,16,8,1048576,2883584000,5.213090909090909
veriq_851f3d8de7f08057_0,lowered,veriq,grover_oracle,27,True,PRODUCT_FUSED,16,8,4194304,2952790016,5.090909090909091
veriq_851f3d8de7f08057_0,lowered,veriq,grover_oracle,27,True,PRODUCT_FUSED,16,16,1,5730818336,5.246156710838024
veriq_851f3d8de7f08057_0,lowered,veriq,grover_oracle,27,True,PRODUCT_FUSED,16,16,4096,5730852864,5.246125103099489
veriq_851f3d8de7f08057_0,lowered,veriq,grover_oracle,27,True,PRODUCT_FUSED,16,16,65536,5731647488,5.245397790939651
veriq_851f3d8de7f08057_0,lowered,veriq,grover_oracle,27,True,PRODUCT_FUSED,16,16,1048576,5748293632,5.230207953301715
veriq_851f3d8de7f08057_0,lowered,veriq,grover_oracle,27,True,PRODUCT_FUSED,16,16,4194304,5813305344,5.171717171717172
veriq_8b22a3d4354f5421_0,lowered,veriq,qaoa,35,True,EAGER_FULL,16,8,1,2199023255552,1.0
veriq_8b22a3d4354f5421_0,lowered,veriq,qaoa,35,True,EAGER_FULL,16,8,4096,2199023255552,1.0
veriq_8b22a3d4354f5421_0,lowered,veriq,qaoa,35,True,EAGER_FULL,16,8,65536,2199023255552,1.0
veriq_8b22a3d4354f5421_0,lowered,veriq,qaoa,35,True,EAGER_FULL,16,8,1048576,2199023255552,1.0
veriq_8b22a3d4354f5421_0,lowered,veriq,qaoa,35,True,EAGER_FULL,16,8,4194304,2199023255552,1.0
veriq_8b22a3d4354f5421_0,lowered,veriq,qaoa,35,True,EAGER_FULL,16,16,1,4398046511104,1.0
veriq_8b22a3d4354f5421_0,lowered,veriq,qaoa,35,True,EAGER_FULL,16,16,4096,4398046511104,1.0
veriq_8b22a3d4354f5421_0,lowered,veriq,qaoa,35,True,EAGER_FULL,16,16,65536,4398046511104,1.0
veriq_8b22a3d4354f5421_0,lowered,veriq,qaoa,35,True,EAGER_FULL,16,16,1048576,4398046511104,1.0
veriq_8b22a3d4354f5421_0,lowered,veriq,qaoa,35,True,EAGER_FULL,16,16,4194304,4398046511104,1.0
veriq_8b22a3d4354f5421_0,lowered,veriq,qaoa,35,True,BASIS_REWRITE,16,8,1,1116960980976,1.9687556620200775
veriq_8b22a3d4354f5421_0,lowered,veriq,qaoa,35,True,BASIS_REWRITE,16,8,4096,1116961046528,1.968755546478115
veriq_8b22a3d4354f5421_0,lowered,veriq,qaoa,35,True,BASIS_REWRITE,16,8,65536,1116962553856,1.9687528896653597
veriq_8b22a3d4354f5421_0,lowered,veriq,qaoa,35,True,BASIS_REWRITE,16,8,1048576,1116995584000,1.9686946726120629
veriq_8b22a3d4354f5421_0,lowered,veriq,qaoa,35,True,BASIS_REWRITE,16,8,4194304,1117119315968,1.9684766202851973
veriq_8b22a3d4354f5421_0,lowered,veriq,qaoa,35,True,BASIS_REWRITE,16,16,1,2233921961952,1.9687556620200775
veriq_8b22a3d4354f5421_0,lowered,veriq,qaoa,35,True,BASIS_REWRITE,16,16,4096,2233922019328,1.9687556114546039
veriq_8b22a3d4354f5421_0,lowered,veriq,qaoa,35,True,BASIS_REWRITE,16,16,65536,2233923403776,1.9687543913412535
veriq_8b22a3d4354f5421_0,lowered,veriq,qaoa,35,True,BASIS_REWRITE,16,16,1048576,2233953419264,1.96872793907806
veriq_8b22a3d4354f5421_0,lowered,veriq,qaoa,35,True,BASIS_REWRITE,16,16,4194304,2234070859776,1.968624447097874
veriq_8b22a3d4354f5421_0,lowered,veriq,qaoa,35,True,BASIS_THIN,16,8,1,1116960980976,1.9687556620200775
veriq_8b22a3d4354f5421_0,lowered,veriq,qaoa,35,True,BASIS_THIN,16,8,4096,1116961046528,1.968755546478115
veriq_8b22a3d4354f5421_0,lowered,veriq,qaoa,35,True,BASIS_THIN,16,8,65536,1116962553856,1.9687528896653597
veriq_8b22a3d4354f5421_0,lowered,veriq,qaoa,35,True,BASIS_THIN,16,8,1048576,1116995584000,1.9686946726120629
veriq_8b22a3d4354f5421_0,lowered,veriq,qaoa,35,True,BASIS_THIN,16,8,4194304,1117119315968,1.9684766202851973
veriq_8b22a3d4354f5421_0,lowered,veriq,qaoa,35,True,BASIS_THIN,16,16,1,2233921961952,1.9687556620200775
veriq_8b22a3d4354f5421_0,lowered,veriq,qaoa,35,True,BASIS_THIN,16,16,4096,2233922019328,1.9687556114546039
veriq_8b22a3d4354f5421_0,lowered,veriq,qaoa,35,True,BASIS_THIN,16,16,65536,2233923403776,1.9687543913412535
veriq_8b22a3d4354f5421_0,lowered,veriq,qaoa,35,True,BASIS_THIN,16,16,1048576,2233953419264,1.96872793907806
veriq_8b22a3d4354f5421_0,lowered,veriq,qaoa,35,True,BASIS_THIN,16,16,4194304,2234070859776,1.968624447097874
veriq_8b22a3d4354f5421_0,lowered,veriq,qaoa,35,True,PRODUCT_FUSED,16,8,1,1108236828624,1.9842539056226216
veriq_8b22a3d4354f5421_0,lowered,veriq,qaoa,35,True,PRODUCT_FUSED,16,8,4096,1108236886016,1.9842538028645367
veriq_8b22a3d4354f5421_0,lowered,veriq,qaoa,35,True,PRODUCT_FUSED,16,8,65536,1108238270464,1.9842513240688822
veriq_8b22a3d4354f5421_0,lowered,veriq,qaoa,35,True,PRODUCT_FUSED,16,8,1048576,1108269334528,1.9841957068031124
veriq_8b22a3d4354f5421_0,lowered,veriq,qaoa,35,True,PRODUCT_FUSED,16,8,4194304,1108386775040,1.9839854688564293
veriq_8b22a3d4354f5421_0,lowered,veriq,qaoa,35,True,PRODUCT_FUSED,16,16,1,2216473657248,1.9842539056226216
veriq_8b22a3d4354f5421_0,lowered,veriq,qaoa,35,True,PRODUCT_FUSED,16,16,4096,2216473706496,1.9842538615343313
veriq_8b22a3d4354f5421_0,lowered,veriq,qaoa,35,True,PRODUCT_FUSED,16,16,65536,2216474968064,1.9842527321413936
veriq_8b22a3d4354f5421_0,lowered,veriq,qaoa,35,True,PRODUCT_FUSED,16,16,1048576,2216503017472,1.9842276218148927
veriq_8b22a3d4354f5421_0,lowered,veriq,qaoa,35,True,PRODUCT_FUSED,16,16,4194304,2216614166528,1.9841281254612266
veriq_9484132c349abab7_0,lowered,veriq,arithmetic,40,True,EAGER_FULL,16,8,1,52776558133248,1.0
veriq_9484132c349abab7_0,lowered,veriq,arithmetic,40,True,EAGER_FULL,16,8,4096,52776558133248,1.0
veriq_9484132c349abab7_0,lowered,veriq,arithmetic,40,True,EAGER_FULL,16,8,65536,52776558133248,1.0
veriq_9484132c349abab7_0,lowered,veriq,arithmetic,40,True,EAGER_FULL,16,8,1048576,52776558133248,1.0
veriq_9484132c349abab7_0,lowered,veriq,arithmetic,40,True,EAGER_FULL,16,8,4194304,52776558133248,1.0
veriq_9484132c349abab7_0,lowered,veriq,arithmetic,40,True,EAGER_FULL,16,16,1,105553116266496,1.0
veriq_9484132c349abab7_0,lowered,veriq,arithmetic,40,True,EAGER_FULL,16,16,4096,105553116266496,1.0
veriq_9484132c349abab7_0,lowered,veriq,arithmetic,40,True,EAGER_FULL,16,16,65536,105553116266496,1.0
veriq_9484132c349abab7_0,lowered,veriq,arithmetic,40,True,EAGER_FULL,16,16,1048576,105553116266496,1.0
veriq_9484132c349abab7_0,lowered,veriq,arithmetic,40,True,EAGER_FULL,16,16,4194304,105553116266496,1.0
veriq_9484132c349abab7_0,lowered,veriq,arithmetic,40,True,BASIS_REWRITE,16,8,1,48,1099511627776.0
veriq_9484132c349abab7_0,lowered,veriq,arithmetic,40,True,BASIS_REWRITE,16,8,4096,24576,2147483648.0
veriq_9484132c349abab7_0,lowered,veriq,arithmetic,40,True,BASIS_REWRITE,16,8,65536,393216,134217728.0
veriq_9484132c349abab7_0,lowered,veriq,arithmetic,40,True,BASIS_REWRITE,16,8,1048576,6291456,8388608.0
veriq_9484132c349abab7_0,lowered,veriq,arithmetic,40,True,BASIS_REWRITE,16,8,4194304,25165824,2097152.0
veriq_9484132c349abab7_0,lowered,veriq,arithmetic,40,True,BASIS_REWRITE,16,16,1,96,1099511627776.0
veriq_9484132c349abab7_0,lowered,veriq,arithmetic,40,True,BASIS_REWRITE,16,16,4096,24576,4294967296.0
veriq_9484132c349abab7_0,lowered,veriq,arithmetic,40,True,BASIS_REWRITE,16,16,65536,393216,268435456.0
veriq_9484132c349abab7_0,lowered,veriq,arithmetic,40,True,BASIS_REWRITE,16,16,1048576,6291456,16777216.0
veriq_9484132c349abab7_0,lowered,veriq,arithmetic,40,True,BASIS_REWRITE,16,16,4194304,25165824,4194304.0
veriq_9484132c349abab7_0,lowered,veriq,arithmetic,40,True,BASIS_THIN,16,8,1,48,1099511627776.0
veriq_9484132c349abab7_0,lowered,veriq,arithmetic,40,True,BASIS_THIN,16,8,4096,24576,2147483648.0
veriq_9484132c349abab7_0,lowered,veriq,arithmetic,40,True,BASIS_THIN,16,8,65536,393216,134217728.0
veriq_9484132c349abab7_0,lowered,veriq,arithmetic,40,True,BASIS_THIN,16,8,1048576,6291456,8388608.0
veriq_9484132c349abab7_0,lowered,veriq,arithmetic,40,True,BASIS_THIN,16,8,4194304,25165824,2097152.0
veriq_9484132c349abab7_0,lowered,veriq,arithmetic,40,True,BASIS_THIN,16,16,1,96,1099511627776.0
veriq_9484132c349abab7_0,lowered,veriq,arithmetic,40,True,BASIS_THIN,16,16,4096,24576,4294967296.0
veriq_9484132c349abab7_0,lowered,veriq,arithmetic,40,True,BASIS_THIN,16,16,65536,393216,268435456.0
veriq_9484132c349abab7_0,lowered,veriq,arithmetic,40,True,BASIS_THIN,16,16,1048576,6291456,16777216.0
veriq_9484132c349abab7_0,lowered,veriq,arithmetic,40,True,BASIS_THIN,16,16,4194304,25165824,4194304.0
veriq_9484132c349abab7_0,lowered,veriq,arithmetic,40,True,PRODUCT_FUSED,16,8,1,48,1099511627776.0
veriq_9484132c349abab7_0,lowered,veriq,arithmetic,40,True,PRODUCT_FUSED,16,8,4096,24576,2147483648.0
veriq_9484132c349abab7_0,lowered,veriq,arithmetic,40,True,PRODUCT_FUSED,16,8,65536,393216,134217728.0
veriq_9484132c349abab7_0,lowered,veriq,arithmetic,40,True,PRODUCT_FUSED,16,8,1048576,6291456,8388608.0
veriq_9484132c349abab7_0,lowered,veriq,arithmetic,40,True,PRODUCT_FUSED,16,8,4194304,25165824,2097152.0
veriq_9484132c349abab7_0,lowered,veriq,arithmetic,40,True,PRODUCT_FUSED,16,16,1,96,1099511627776.0
veriq_9484132c349abab7_0,lowered,veriq,arithmetic,40,True,PRODUCT_FUSED,16,16,4096,24576,4294967296.0
veriq_9484132c349abab7_0,lowered,veriq,arithmetic,40,True,PRODUCT_FUSED,16,16,65536,393216,268435456.0
veriq_9484132c349abab7_0,lowered,veriq,arithmetic,40,True,PRODUCT_FUSED,16,16,1048576,6291456,16777216.0
veriq_9484132c349abab7_0,lowered,veriq,arithmetic,40,True,PRODUCT_FUSED,16,16,4194304,25165824,4194304.0
veriq_9cffa3addee84fc2_0,lowered,veriq,mapping,20,True,EAGER_FULL,16,8,1,16777216,1.0
veriq_9cffa3addee84fc2_0,lowered,veriq,mapping,20,True,EAGER_FULL,16,8,4096,16777216,1.0
veriq_9cffa3addee84fc2_0,lowered,veriq,mapping,20,True,EAGER_FULL,16,8,65536,16777216,1.0
veriq_9cffa3addee84fc2_0,lowered,veriq,mapping,20,True,EAGER_FULL,16,8,1048576,16777216,1.0
veriq_9cffa3addee84fc2_0,lowered,veriq,mapping,20,True,EAGER_FULL,16,8,4194304,16777216,1.0
veriq_9cffa3addee84fc2_0,lowered,veriq,mapping,20,True,EAGER_FULL,16,16,1,33554432,1.0
veriq_9cffa3addee84fc2_0,lowered,veriq,mapping,20,True,EAGER_FULL,16,16,4096,33554432,1.0
veriq_9cffa3addee84fc2_0,lowered,veriq,mapping,20,True,EAGER_FULL,16,16,65536,33554432,1.0
veriq_9cffa3addee84fc2_0,lowered,veriq,mapping,20,True,EAGER_FULL,16,16,1048576,33554432,1.0
veriq_9cffa3addee84fc2_0,lowered,veriq,mapping,20,True,EAGER_FULL,16,16,4194304,33554432,1.0
veriq_9cffa3addee84fc2_0,lowered,veriq,mapping,20,True,BASIS_REWRITE,16,8,1,112,149796.57142857142
veriq_9cffa3addee84fc2_0,lowered,veriq,mapping,20,True,BASIS_REWRITE,16,8,4096,24576,682.6666666666666
veriq_9cffa3addee84fc2_0,lowered,veriq,mapping,20,True,BASIS_REWRITE,16,8,65536,393216,42.666666666666664
veriq_9cffa3addee84fc2_0,lowered,veriq,mapping,20,True,BASIS_REWRITE,16,8,1048576,6291456,2.6666666666666665
veriq_9cffa3addee84fc2_0,lowered,veriq,mapping,20,True,BASIS_REWRITE,16,8,4194304,25165824,0.6666666666666666
veriq_9cffa3addee84fc2_0,lowered,veriq,mapping,20,True,BASIS_REWRITE,16,16,1,224,149796.57142857142
veriq_9cffa3addee84fc2_0,lowered,veriq,mapping,20,True,BASIS_REWRITE,16,16,4096,24576,1365.3333333333333
veriq_9cffa3addee84fc2_0,lowered,veriq,mapping,20,True,BASIS_REWRITE,16,16,65536,393216,85.33333333333333
veriq_9cffa3addee84fc2_0,lowered,veriq,mapping,20,True,BASIS_REWRITE,16,16,1048576,6291456,5.333333333333333
veriq_9cffa3addee84fc2_0,lowered,veriq,mapping,20,True,BASIS_REWRITE,16,16,4194304,25165824,1.3333333333333333
veriq_9cffa3addee84fc2_0,lowered,veriq,mapping,20,True,BASIS_THIN,16,8,1,112,149796.57142857142
veriq_9cffa3addee84fc2_0,lowered,veriq,mapping,20,True,BASIS_THIN,16,8,4096,24576,682.6666666666666
veriq_9cffa3addee84fc2_0,lowered,veriq,mapping,20,True,BASIS_THIN,16,8,65536,393216,42.666666666666664
veriq_9cffa3addee84fc2_0,lowered,veriq,mapping,20,True,BASIS_THIN,16,8,1048576,6291456,2.6666666666666665
veriq_9cffa3addee84fc2_0,lowered,veriq,mapping,20,True,BASIS_THIN,16,8,4194304,25165824,0.6666666666666666
veriq_9cffa3addee84fc2_0,lowered,veriq,mapping,20,True,BASIS_THIN,16,16,1,224,149796.57142857142
veriq_9cffa3addee84fc2_0,lowered,veriq,mapping,20,True,BASIS_THIN,16,16,4096,24576,1365.3333333333333
veriq_9cffa3addee84fc2_0,lowered,veriq,mapping,20,True,BASIS_THIN,16,16,65536,393216,85.33333333333333
veriq_9cffa3addee84fc2_0,lowered,veriq,mapping,20,True,BASIS_THIN,16,16,1048576,6291456,5.333333333333333
veriq_9cffa3addee84fc2_0,lowered,veriq,mapping,20,True,BASIS_THIN,16,16,4194304,25165824,1.3333333333333333
veriq_9cffa3addee84fc2_0,lowered,veriq,mapping,20,True,PRODUCT_FUSED,16,8,1,16,1048576.0
veriq_9cffa3addee84fc2_0,lowered,veriq,mapping,20,True,PRODUCT_FUSED,16,8,4096,8192,2048.0
veriq_9cffa3addee84fc2_0,lowered,veriq,mapping,20,True,PRODUCT_FUSED,16,8,65536,131072,128.0
veriq_9cffa3addee84fc2_0,lowered,veriq,mapping,20,True,PRODUCT_FUSED,16,8,1048576,2097152,8.0
veriq_9cffa3addee84fc2_0,lowered,veriq,mapping,20,True,PRODUCT_FUSED,16,8,4194304,8388608,2.0
veriq_9cffa3addee84fc2_0,lowered,veriq,mapping,20,True,PRODUCT_FUSED,16,16,1,32,1048576.0
veriq_9cffa3addee84fc2_0,lowered,veriq,mapping,20,True,PRODUCT_FUSED,16,16,4096,8192,4096.0
veriq_9cffa3addee84fc2_0,lowered,veriq,mapping,20,True,PRODUCT_FUSED,16,16,65536,131072,256.0
veriq_9cffa3addee84fc2_0,lowered,veriq,mapping,20,True,PRODUCT_FUSED,16,16,1048576,2097152,16.0
veriq_9cffa3addee84fc2_0,lowered,veriq,mapping,20,True,PRODUCT_FUSED,16,16,4194304,8388608,4.0
veriq_a21938288fc131d0_0,lowered,veriq,reversible,20,True,EAGER_FULL,16,8,1,100663296,1.0
veriq_a21938288fc131d0_0,lowered,veriq,reversible,20,True,EAGER_FULL,16,8,4096,100663296,1.0
veriq_a21938288fc131d0_0,lowered,veriq,reversible,20,True,EAGER_FULL,16,8,65536,100663296,1.0
veriq_a21938288fc131d0_0,lowered,veriq,reversible,20,True,EAGER_FULL,16,8,1048576,100663296,1.0
veriq_a21938288fc131d0_0,lowered,veriq,reversible,20,True,EAGER_FULL,16,8,4194304,100663296,1.0
veriq_a21938288fc131d0_0,lowered,veriq,reversible,20,True,EAGER_FULL,16,16,1,201326592,1.0
veriq_a21938288fc131d0_0,lowered,veriq,reversible,20,True,EAGER_FULL,16,16,4096,201326592,1.0
veriq_a21938288fc131d0_0,lowered,veriq,reversible,20,True,EAGER_FULL,16,16,65536,201326592,1.0
veriq_a21938288fc131d0_0,lowered,veriq,reversible,20,True,EAGER_FULL,16,16,1048576,201326592,1.0
veriq_a21938288fc131d0_0,lowered,veriq,reversible,20,True,EAGER_FULL,16,16,4194304,201326592,1.0
veriq_a21938288fc131d0_0,lowered,veriq,reversible,20,True,BASIS_REWRITE,16,8,1,96,1048576.0
veriq_a21938288fc131d0_0,lowered,veriq,reversible,20,True,BASIS_REWRITE,16,8,4096,49152,2048.0
veriq_a21938288fc131d0_0,lowered,veriq,reversible,20,True,BASIS_REWRITE,16,8,65536,786432,128.0
veriq_a21938288fc131d0_0,lowered,veriq,reversible,20,True,BASIS_REWRITE,16,8,1048576,12582912,8.0
veriq_a21938288fc131d0_0,lowered,veriq,reversible,20,True,BASIS_REWRITE,16,8,4194304,50331648,2.0
veriq_a21938288fc131d0_0,lowered,veriq,reversible,20,True,BASIS_REWRITE,16,16,1,192,1048576.0
veriq_a21938288fc131d0_0,lowered,veriq,reversible,20,True,BASIS_REWRITE,16,16,4096,49152,4096.0
veriq_a21938288fc131d0_0,lowered,veriq,reversible,20,True,BASIS_REWRITE,16,16,65536,786432,256.0
veriq_a21938288fc131d0_0,lowered,veriq,reversible,20,True,BASIS_REWRITE,16,16,1048576,12582912,16.0
veriq_a21938288fc131d0_0,lowered,veriq,reversible,20,True,BASIS_REWRITE,16,16,4194304,50331648,4.0
veriq_a21938288fc131d0_0,lowered,veriq,reversible,20,True,BASIS_THIN,16,8,1,96,1048576.0
veriq_a21938288fc131d0_0,lowered,veriq,reversible,20,True,BASIS_THIN,16,8,4096,49152,2048.0
veriq_a21938288fc131d0_0,lowered,veriq,reversible,20,True,BASIS_THIN,16,8,65536,786432,128.0
veriq_a21938288fc131d0_0,lowered,veriq,reversible,20,True,BASIS_THIN,16,8,1048576,12582912,8.0
veriq_a21938288fc131d0_0,lowered,veriq,reversible,20,True,BASIS_THIN,16,8,4194304,50331648,2.0
veriq_a21938288fc131d0_0,lowered,veriq,reversible,20,True,BASIS_THIN,16,16,1,192,1048576.0
veriq_a21938288fc131d0_0,lowered,veriq,reversible,20,True,BASIS_THIN,16,16,4096,49152,4096.0
veriq_a21938288fc131d0_0,lowered,veriq,reversible,20,True,BASIS_THIN,16,16,65536,786432,256.0
veriq_a21938288fc131d0_0,lowered,veriq,reversible,20,True,BASIS_THIN,16,16,1048576,12582912,16.0
veriq_a21938288fc131d0_0,lowered,veriq,reversible,20,True,BASIS_THIN,16,16,4194304,50331648,4.0
veriq_a21938288fc131d0_0,lowered,veriq,reversible,20,True,PRODUCT_FUSED,16,8,1,96,1048576.0
veriq_a21938288fc131d0_0,lowered,veriq,reversible,20,True,PRODUCT_FUSED,16,8,4096,49152,2048.0
veriq_a21938288fc131d0_0,lowered,veriq,reversible,20,True,PRODUCT_FUSED,16,8,65536,786432,128.0
veriq_a21938288fc131d0_0,lowered,veriq,reversible,20,True,PRODUCT_FUSED,16,8,1048576,12582912,8.0
veriq_a21938288fc131d0_0,lowered,veriq,reversible,20,True,PRODUCT_FUSED,16,8,4194304,50331648,2.0
veriq_a21938288fc131d0_0,lowered,veriq,reversible,20,True,PRODUCT_FUSED,16,16,1,192,1048576.0
veriq_a21938288fc131d0_0,lowered,veriq,reversible,20,True,PRODUCT_FUSED,16,16,4096,49152,4096.0
veriq_a21938288fc131d0_0,lowered,veriq,reversible,20,True,PRODUCT_FUSED,16,16,65536,786432,256.0
veriq_a21938288fc131d0_0,lowered,veriq,reversible,20,True,PRODUCT_FUSED,16,16,1048576,12582912,16.0
veriq_a21938288fc131d0_0,lowered,veriq,reversible,20,True,PRODUCT_FUSED,16,16,4194304,50331648,4.0
veriq_a818867739b41d78_0,lowered,veriq,mapping,20,True,EAGER_FULL,16,8,1,33554432,1.0
veriq_a818867739b41d78_0,lowered,veriq,mapping,20,True,EAGER_FULL,16,8,4096,33554432,1.0
veriq_a818867739b41d78_0,lowered,veriq,mapping,20,True,EAGER_FULL,16,8,65536,33554432,1.0
veriq_a818867739b41d78_0,lowered,veriq,mapping,20,True,EAGER_FULL,16,8,1048576,33554432,1.0
veriq_a818867739b41d78_0,lowered,veriq,mapping,20,True,EAGER_FULL,16,8,4194304,33554432,1.0
veriq_a818867739b41d78_0,lowered,veriq,mapping,20,True,EAGER_FULL,16,16,1,67108864,1.0
veriq_a818867739b41d78_0,lowered,veriq,mapping,20,True,EAGER_FULL,16,16,4096,67108864,1.0
veriq_a818867739b41d78_0,lowered,veriq,mapping,20,True,EAGER_FULL,16,16,65536,67108864,1.0
veriq_a818867739b41d78_0,lowered,veriq,mapping,20,True,EAGER_FULL,16,16,1048576,67108864,1.0
veriq_a818867739b41d78_0,lowered,veriq,mapping,20,True,EAGER_FULL,16,16,4194304,67108864,1.0
veriq_a818867739b41d78_0,lowered,veriq,mapping,20,True,BASIS_REWRITE,16,8,1,1520,22075.284210526315
veriq_a818867739b41d78_0,lowered,veriq,mapping,20,True,BASIS_REWRITE,16,8,4096,57344,585.1428571428571
veriq_a818867739b41d78_0,lowered,veriq,mapping,20,True,BASIS_REWRITE,16,8,65536,917504,36.57142857142857
veriq_a818867739b41d78_0,lowered,veriq,mapping,20,True,BASIS_REWRITE,16,8,1048576,14680064,2.2857142857142856
veriq_a818867739b41d78_0,lowered,veriq,mapping,20,True,BASIS_REWRITE,16,8,4194304,58720256,0.5714285714285714
veriq_a818867739b41d78_0,lowered,veriq,mapping,20,True,BASIS_REWRITE,16,16,1,3040,22075.284210526315
veriq_a818867739b41d78_0,lowered,veriq,mapping,20,True,BASIS_REWRITE,16,16,4096,57344,1170.2857142857142
veriq_a818867739b41d78_0,lowered,veriq,mapping,20,True,BASIS_REWRITE,16,16,65536,917504,73.14285714285714
veriq_a818867739b41d78_0,lowered,veriq,mapping,20,True,BASIS_REWRITE,16,16,1048576,14680064,4.571428571428571
veriq_a818867739b41d78_0,lowered,veriq,mapping,20,True,BASIS_REWRITE,16,16,4194304,58720256,1.1428571428571428
veriq_a818867739b41d78_0,lowered,veriq,mapping,20,True,BASIS_THIN,16,8,1,1520,22075.284210526315
veriq_a818867739b41d78_0,lowered,veriq,mapping,20,True,BASIS_THIN,16,8,4096,57344,585.1428571428571
veriq_a818867739b41d78_0,lowered,veriq,mapping,20,True,BASIS_THIN,16,8,65536,917504,36.57142857142857
veriq_a818867739b41d78_0,lowered,veriq,mapping,20,True,BASIS_THIN,16,8,1048576,14680064,2.2857142857142856
veriq_a818867739b41d78_0,lowered,veriq,mapping,20,True,BASIS_THIN,16,8,4194304,58720256,0.5714285714285714
veriq_a818867739b41d78_0,lowered,veriq,mapping,20,True,BASIS_THIN,16,16,1,3040,22075.284210526315
veriq_a818867739b41d78_0,lowered,veriq,mapping,20,True,BASIS_THIN,16,16,4096,57344,1170.2857142857142
veriq_a818867739b41d78_0,lowered,veriq,mapping,20,True,BASIS_THIN,16,16,65536,917504,73.14285714285714
veriq_a818867739b41d78_0,lowered,veriq,mapping,20,True,BASIS_THIN,16,16,1048576,14680064,4.571428571428571
veriq_a818867739b41d78_0,lowered,veriq,mapping,20,True,BASIS_THIN,16,16,4194304,58720256,1.1428571428571428
veriq_a818867739b41d78_0,lowered,veriq,mapping,20,True,PRODUCT_FUSED,16,8,1,720,46603.37777777778
veriq_a818867739b41d78_0,lowered,veriq,mapping,20,True,PRODUCT_FUSED,16,8,4096,40960,819.2
veriq_a818867739b41d78_0,lowered,veriq,mapping,20,True,PRODUCT_FUSED,16,8,65536,655360,51.2
veriq_a818867739b41d78_0,lowered,veriq,mapping,20,True,PRODUCT_FUSED,16,8,1048576,10485760,3.2
veriq_a818867739b41d78_0,lowered,veriq,mapping,20,True,PRODUCT_FUSED,16,8,4194304,41943040,0.8
veriq_a818867739b41d78_0,lowered,veriq,mapping,20,True,PRODUCT_FUSED,16,16,1,1440,46603.37777777778
veriq_a818867739b41d78_0,lowered,veriq,mapping,20,True,PRODUCT_FUSED,16,16,4096,40960,1638.4
veriq_a818867739b41d78_0,lowered,veriq,mapping,20,True,PRODUCT_FUSED,16,16,65536,655360,102.4
veriq_a818867739b41d78_0,lowered,veriq,mapping,20,True,PRODUCT_FUSED,16,16,1048576,10485760,6.4
veriq_a818867739b41d78_0,lowered,veriq,mapping,20,True,PRODUCT_FUSED,16,16,4194304,41943040,1.6
veriq_bcc9faaaa845cf45_0,lowered,veriq,random,40,True,EAGER_FULL,16,8,1,545357767376896,1.0
veriq_bcc9faaaa845cf45_0,lowered,veriq,random,40,True,EAGER_FULL,16,8,4096,545357767376896,1.0
veriq_bcc9faaaa845cf45_0,lowered,veriq,random,40,True,EAGER_FULL,16,8,65536,545357767376896,1.0
veriq_bcc9faaaa845cf45_0,lowered,veriq,random,40,True,EAGER_FULL,16,8,1048576,545357767376896,1.0
veriq_bcc9faaaa845cf45_0,lowered,veriq,random,40,True,EAGER_FULL,16,8,4194304,545357767376896,1.0
veriq_bcc9faaaa845cf45_0,lowered,veriq,random,40,True,EAGER_FULL,16,16,1,1090715534753792,1.0
veriq_bcc9faaaa845cf45_0,lowered,veriq,random,40,True,EAGER_FULL,16,16,4096,1090715534753792,1.0
veriq_bcc9faaaa845cf45_0,lowered,veriq,random,40,True,EAGER_FULL,16,16,65536,1090715534753792,1.0
veriq_bcc9faaaa845cf45_0,lowered,veriq,random,40,True,EAGER_FULL,16,16,1048576,1090715534753792,1.0
veriq_bcc9faaaa845cf45_0,lowered,veriq,random,40,True,EAGER_FULL,16,16,4194304,1090715534753792,1.0
veriq_bcc9faaaa845cf45_0,lowered,veriq,random,40,True,BASIS_REWRITE,16,8,1,431318870523888,1.2643957977412261
veriq_bcc9faaaa845cf45_0,lowered,veriq,random,40,True,BASIS_REWRITE,16,8,4096,431318870589440,1.2643957975490627
veriq_bcc9faaaa845cf45_0,lowered,veriq,random,40,True,BASIS_REWRITE,16,8,65536,431318872096768,1.2643957931303849
veriq_bcc9faaaa845cf45_0,lowered,veriq,random,40,True,BASIS_REWRITE,16,8,1048576,431318905126912,1.2643956963037106
veriq_bcc9faaaa845cf45_0,lowered,veriq,random,40,True,BASIS_REWRITE,16,8,4194304,431319028858880,1.264395333588047
veriq_bcc9faaaa845cf45_0,lowered,veriq,random,40,True,BASIS_REWRITE,16,16,1,862637741047776,1.2643957977412261
veriq_bcc9faaaa845cf45_0,lowered,veriq,random,40,True,BASIS_REWRITE,16,16,4096,862637741105152,1.2643957976571283
veriq_bcc9faaaa845cf45_0,lowered,veriq,random,40,True,BASIS_REWRITE,16,16,65536,862637742489600,1.2643957956278984
veriq_bcc9faaaa845cf45_0,lowered,veriq,random,40,True,BASIS_REWRITE,16,16,1048576,862637772505088,1.264395751633237
veriq_bcc9faaaa845cf45_0,lowered,veriq,random,40,True,BASIS_REWRITE,16,16,4194304,862637889945600,1.2643955794969488
veriq_bcc9faaaa845cf45_0,lowered,veriq,random,40,True,BASIS_THIN,16,8,1,431318870523888,1.2643957977412261
veriq_bcc9faaaa845cf45_0,lowered,veriq,random,40,True,BASIS_THIN,16,8,4096,431318870589440,1.2643957975490627
veriq_bcc9faaaa845cf45_0,lowered,veriq,random,40,True,BASIS_THIN,16,8,65536,431318872096768,1.2643957931303849
veriq_bcc9faaaa845cf45_0,lowered,veriq,random,40,True,BASIS_THIN,16,8,1048576,431318905126912,1.2643956963037106
veriq_bcc9faaaa845cf45_0,lowered,veriq,random,40,True,BASIS_THIN,16,8,4194304,431319028858880,1.264395333588047
veriq_bcc9faaaa845cf45_0,lowered,veriq,random,40,True,BASIS_THIN,16,16,1,862637741047776,1.2643957977412261
veriq_bcc9faaaa845cf45_0,lowered,veriq,random,40,True,BASIS_THIN,16,16,4096,862637741105152,1.2643957976571283
veriq_bcc9faaaa845cf45_0,lowered,veriq,random,40,True,BASIS_THIN,16,16,65536,862637742489600,1.2643957956278984
veriq_bcc9faaaa845cf45_0,lowered,veriq,random,40,True,BASIS_THIN,16,16,1048576,862637772505088,1.264395751633237
veriq_bcc9faaaa845cf45_0,lowered,veriq,random,40,True,BASIS_THIN,16,16,4194304,862637889945600,1.2643955794969488
veriq_bcc9faaaa845cf45_0,lowered,veriq,random,40,True,PRODUCT_FUSED,16,8,1,403341878584656,1.3520980496510302
veriq_bcc9faaaa845cf45_0,lowered,veriq,random,40,True,PRODUCT_FUSED,16,8,4096,403341878624256,1.3520980495182815
veriq_bcc9faaaa845cf45_0,lowered,veriq,random,40,True,PRODUCT_FUSED,16,8,65536,403341879541760,1.3520980464425896
veriq_bcc9faaaa845cf45_0,lowered,veriq,random,40,True,PRODUCT_FUSED,16,8,1048576,403341899202560,1.3520979805349085
veriq_bcc9faaaa845cf45_0,lowered,veriq,random,40,True,PRODUCT_FUSED,16,8,4194304,403341972602880,1.3520977344796226
veriq_bcc9faaaa845cf45_0,lowered,veriq,random,40,True,PRODUCT_FUSED,16,16,1,806683757169312,1.3520980496510302
veriq_bcc9faaaa845cf45_0,lowered,veriq,random,40,True,PRODUCT_FUSED,16,16,4096,806683757199360,1.3520980496006663
veriq_bcc9faaaa845cf45_0,lowered,veriq,random,40,True,PRODUCT_FUSED,16,16,65536,806683758034944,1.352098048200128
veriq_bcc9faaaa845cf45_0,lowered,veriq,random,40,True,PRODUCT_FUSED,16,16,1048576,806683775336448,1.3520980192007472
veriq_bcc9faaaa845cf45_0,lowered,veriq,random,40,True,PRODUCT_FUSED,16,16,4194304,806683844542464,1.3520979032032376
veriq_c3e311dd1776b305_0,lowered,veriq,arithmetic,34,True,EAGER_FULL,16,8,1,824633720832,1.0
veriq_c3e311dd1776b305_0,lowered,veriq,arithmetic,34,True,EAGER_FULL,16,8,4096,824633720832,1.0
veriq_c3e311dd1776b305_0,lowered,veriq,arithmetic,34,True,EAGER_FULL,16,8,65536,824633720832,1.0
veriq_c3e311dd1776b305_0,lowered,veriq,arithmetic,34,True,EAGER_FULL,16,8,1048576,824633720832,1.0
veriq_c3e311dd1776b305_0,lowered,veriq,arithmetic,34,True,EAGER_FULL,16,8,4194304,824633720832,1.0
veriq_c3e311dd1776b305_0,lowered,veriq,arithmetic,34,True,EAGER_FULL,16,16,1,1649267441664,1.0
veriq_c3e311dd1776b305_0,lowered,veriq,arithmetic,34,True,EAGER_FULL,16,16,4096,1649267441664,1.0
veriq_c3e311dd1776b305_0,lowered,veriq,arithmetic,34,True,EAGER_FULL,16,16,65536,1649267441664,1.0
veriq_c3e311dd1776b305_0,lowered,veriq,arithmetic,34,True,EAGER_FULL,16,16,1048576,1649267441664,1.0
veriq_c3e311dd1776b305_0,lowered,veriq,arithmetic,34,True,EAGER_FULL,16,16,4194304,1649267441664,1.0
veriq_c3e311dd1776b305_0,lowered,veriq,arithmetic,34,True,BASIS_REWRITE,16,8,1,48,17179869184.0
veriq_c3e311dd1776b305_0,lowered,veriq,arithmetic,34,True,BASIS_REWRITE,16,8,4096,24576,33554432.0
veriq_c3e311dd1776b305_0,lowered,veriq,arithmetic,34,True,BASIS_REWRITE,16,8,65536,393216,2097152.0
veriq_c3e311dd1776b305_0,lowered,veriq,arithmetic,34,True,BASIS_REWRITE,16,8,1048576,6291456,131072.0
veriq_c3e311dd1776b305_0,lowered,veriq,arithmetic,34,True,BASIS_REWRITE,16,8,4194304,25165824,32768.0
veriq_c3e311dd1776b305_0,lowered,veriq,arithmetic,34,True,BASIS_REWRITE,16,16,1,96,17179869184.0
veriq_c3e311dd1776b305_0,lowered,veriq,arithmetic,34,True,BASIS_REWRITE,16,16,4096,24576,67108864.0
veriq_c3e311dd1776b305_0,lowered,veriq,arithmetic,34,True,BASIS_REWRITE,16,16,65536,393216,4194304.0
veriq_c3e311dd1776b305_0,lowered,veriq,arithmetic,34,True,BASIS_REWRITE,16,16,1048576,6291456,262144.0
veriq_c3e311dd1776b305_0,lowered,veriq,arithmetic,34,True,BASIS_REWRITE,16,16,4194304,25165824,65536.0
veriq_c3e311dd1776b305_0,lowered,veriq,arithmetic,34,True,BASIS_THIN,16,8,1,48,17179869184.0
veriq_c3e311dd1776b305_0,lowered,veriq,arithmetic,34,True,BASIS_THIN,16,8,4096,24576,33554432.0
veriq_c3e311dd1776b305_0,lowered,veriq,arithmetic,34,True,BASIS_THIN,16,8,65536,393216,2097152.0
veriq_c3e311dd1776b305_0,lowered,veriq,arithmetic,34,True,BASIS_THIN,16,8,1048576,6291456,131072.0
veriq_c3e311dd1776b305_0,lowered,veriq,arithmetic,34,True,BASIS_THIN,16,8,4194304,25165824,32768.0
veriq_c3e311dd1776b305_0,lowered,veriq,arithmetic,34,True,BASIS_THIN,16,16,1,96,17179869184.0
veriq_c3e311dd1776b305_0,lowered,veriq,arithmetic,34,True,BASIS_THIN,16,16,4096,24576,67108864.0
veriq_c3e311dd1776b305_0,lowered,veriq,arithmetic,34,True,BASIS_THIN,16,16,65536,393216,4194304.0
veriq_c3e311dd1776b305_0,lowered,veriq,arithmetic,34,True,BASIS_THIN,16,16,1048576,6291456,262144.0
veriq_c3e311dd1776b305_0,lowered,veriq,arithmetic,34,True,BASIS_THIN,16,16,4194304,25165824,65536.0
veriq_c3e311dd1776b305_0,lowered,veriq,arithmetic,34,True,PRODUCT_FUSED,16,8,1,48,17179869184.0
veriq_c3e311dd1776b305_0,lowered,veriq,arithmetic,34,True,PRODUCT_FUSED,16,8,4096,24576,33554432.0
veriq_c3e311dd1776b305_0,lowered,veriq,arithmetic,34,True,PRODUCT_FUSED,16,8,65536,393216,2097152.0
veriq_c3e311dd1776b305_0,lowered,veriq,arithmetic,34,True,PRODUCT_FUSED,16,8,1048576,6291456,131072.0
veriq_c3e311dd1776b305_0,lowered,veriq,arithmetic,34,True,PRODUCT_FUSED,16,8,4194304,25165824,32768.0
veriq_c3e311dd1776b305_0,lowered,veriq,arithmetic,34,True,PRODUCT_FUSED,16,16,1,96,17179869184.0
veriq_c3e311dd1776b305_0,lowered,veriq,arithmetic,34,True,PRODUCT_FUSED,16,16,4096,24576,67108864.0
veriq_c3e311dd1776b305_0,lowered,veriq,arithmetic,34,True,PRODUCT_FUSED,16,16,65536,393216,4194304.0
veriq_c3e311dd1776b305_0,lowered,veriq,arithmetic,34,True,PRODUCT_FUSED,16,16,1048576,6291456,262144.0
veriq_c3e311dd1776b305_0,lowered,veriq,arithmetic,34,True,PRODUCT_FUSED,16,16,4194304,25165824,65536.0
veriq_c89018c96958b8fe_0,lowered,veriq,mapping,20,True,EAGER_FULL,16,8,1,16777216,1.0
veriq_c89018c96958b8fe_0,lowered,veriq,mapping,20,True,EAGER_FULL,16,8,4096,16777216,1.0
veriq_c89018c96958b8fe_0,lowered,veriq,mapping,20,True,EAGER_FULL,16,8,65536,16777216,1.0
veriq_c89018c96958b8fe_0,lowered,veriq,mapping,20,True,EAGER_FULL,16,8,1048576,16777216,1.0
veriq_c89018c96958b8fe_0,lowered,veriq,mapping,20,True,EAGER_FULL,16,8,4194304,16777216,1.0
veriq_c89018c96958b8fe_0,lowered,veriq,mapping,20,True,EAGER_FULL,16,16,1,33554432,1.0
veriq_c89018c96958b8fe_0,lowered,veriq,mapping,20,True,EAGER_FULL,16,16,4096,33554432,1.0
veriq_c89018c96958b8fe_0,lowered,veriq,mapping,20,True,EAGER_FULL,16,16,65536,33554432,1.0
veriq_c89018c96958b8fe_0,lowered,veriq,mapping,20,True,EAGER_FULL,16,16,1048576,33554432,1.0
veriq_c89018c96958b8fe_0,lowered,veriq,mapping,20,True,EAGER_FULL,16,16,4194304,33554432,1.0
veriq_c89018c96958b8fe_0,lowered,veriq,mapping,20,True,BASIS_REWRITE,16,8,1,240,69905.06666666667
veriq_c89018c96958b8fe_0,lowered,veriq,mapping,20,True,BASIS_REWRITE,16,8,4096,32768,512.0
veriq_c89018c96958b8fe_0,lowered,veriq,mapping,20,True,BASIS_REWRITE,16,8,65536,524288,32.0
veriq_c89018c96958b8fe_0,lowered,veriq,mapping,20,True,BASIS_REWRITE,16,8,1048576,8388608,2.0
veriq_c89018c96958b8fe_0,lowered,veriq,mapping,20,True,BASIS_REWRITE,16,8,4194304,33554432,0.5
veriq_c89018c96958b8fe_0,lowered,veriq,mapping,20,True,BASIS_REWRITE,16,16,1,480,69905.06666666667
veriq_c89018c96958b8fe_0,lowered,veriq,mapping,20,True,BASIS_REWRITE,16,16,4096,32768,1024.0
veriq_c89018c96958b8fe_0,lowered,veriq,mapping,20,True,BASIS_REWRITE,16,16,65536,524288,64.0
veriq_c89018c96958b8fe_0,lowered,veriq,mapping,20,True,BASIS_REWRITE,16,16,1048576,8388608,4.0
veriq_c89018c96958b8fe_0,lowered,veriq,mapping,20,True,BASIS_REWRITE,16,16,4194304,33554432,1.0
veriq_c89018c96958b8fe_0,lowered,veriq,mapping,20,True,BASIS_THIN,16,8,1,240,69905.06666666667
veriq_c89018c96958b8fe_0,lowered,veriq,mapping,20,True,BASIS_THIN,16,8,4096,32768,512.0
veriq_c89018c96958b8fe_0,lowered,veriq,mapping,20,True,BASIS_THIN,16,8,65536,524288,32.0
veriq_c89018c96958b8fe_0,lowered,veriq,mapping,20,True,BASIS_THIN,16,8,1048576,8388608,2.0
veriq_c89018c96958b8fe_0,lowered,veriq,mapping,20,True,BASIS_THIN,16,8,4194304,33554432,0.5
veriq_c89018c96958b8fe_0,lowered,veriq,mapping,20,True,BASIS_THIN,16,16,1,480,69905.06666666667
veriq_c89018c96958b8fe_0,lowered,veriq,mapping,20,True,BASIS_THIN,16,16,4096,32768,1024.0
veriq_c89018c96958b8fe_0,lowered,veriq,mapping,20,True,BASIS_THIN,16,16,65536,524288,64.0
veriq_c89018c96958b8fe_0,lowered,veriq,mapping,20,True,BASIS_THIN,16,16,1048576,8388608,4.0
veriq_c89018c96958b8fe_0,lowered,veriq,mapping,20,True,BASIS_THIN,16,16,4194304,33554432,1.0
veriq_c89018c96958b8fe_0,lowered,veriq,mapping,20,True,PRODUCT_FUSED,16,8,1,80,209715.2
veriq_c89018c96958b8fe_0,lowered,veriq,mapping,20,True,PRODUCT_FUSED,16,8,4096,16384,1024.0
veriq_c89018c96958b8fe_0,lowered,veriq,mapping,20,True,PRODUCT_FUSED,16,8,65536,262144,64.0
veriq_c89018c96958b8fe_0,lowered,veriq,mapping,20,True,PRODUCT_FUSED,16,8,1048576,4194304,4.0
veriq_c89018c96958b8fe_0,lowered,veriq,mapping,20,True,PRODUCT_FUSED,16,8,4194304,16777216,1.0
veriq_c89018c96958b8fe_0,lowered,veriq,mapping,20,True,PRODUCT_FUSED,16,16,1,160,209715.2
veriq_c89018c96958b8fe_0,lowered,veriq,mapping,20,True,PRODUCT_FUSED,16,16,4096,16384,2048.0
veriq_c89018c96958b8fe_0,lowered,veriq,mapping,20,True,PRODUCT_FUSED,16,16,65536,262144,128.0
veriq_c89018c96958b8fe_0,lowered,veriq,mapping,20,True,PRODUCT_FUSED,16,16,1048576,4194304,8.0
veriq_c89018c96958b8fe_0,lowered,veriq,mapping,20,True,PRODUCT_FUSED,16,16,4194304,16777216,2.0
veriq_caf4f6fd0033a07b_0,lowered,veriq,grover_oracle,33,True,EAGER_FULL,16,8,1,1511828488192,1.0
veriq_caf4f6fd0033a07b_0,lowered,veriq,grover_oracle,33,True,EAGER_FULL,16,8,4096,1511828488192,1.0
veriq_caf4f6fd0033a07b_0,lowered,veriq,grover_oracle,33,True,EAGER_FULL,16,8,65536,1511828488192,1.0
veriq_caf4f6fd0033a07b_0,lowered,veriq,grover_oracle,33,True,EAGER_FULL,16,8,1048576,1511828488192,1.0
veriq_caf4f6fd0033a07b_0,lowered,veriq,grover_oracle,33,True,EAGER_FULL,16,8,4194304,1511828488192,1.0
veriq_caf4f6fd0033a07b_0,lowered,veriq,grover_oracle,33,True,EAGER_FULL,16,16,1,3023656976384,1.0
veriq_caf4f6fd0033a07b_0,lowered,veriq,grover_oracle,33,True,EAGER_FULL,16,16,4096,3023656976384,1.0
veriq_caf4f6fd0033a07b_0,lowered,veriq,grover_oracle,33,True,EAGER_FULL,16,16,65536,3023656976384,1.0
veriq_caf4f6fd0033a07b_0,lowered,veriq,grover_oracle,33,True,EAGER_FULL,16,16,1048576,3023656976384,1.0
veriq_caf4f6fd0033a07b_0,lowered,veriq,grover_oracle,33,True,EAGER_FULL,16,16,4194304,3023656976384,1.0
veriq_caf4f6fd0033a07b_0,lowered,veriq,grover_oracle,33,True,BASIS_REWRITE,16,8,1,1254399934448,1.205220477675871
veriq_caf4f6fd0033a07b_0,lowered,veriq,grover_oracle,33,True,BASIS_REWRITE,16,8,4096,1254400000000,1.2052204146938776
veriq_caf4f6fd0033a07b_0,lowered,veriq,grover_oracle,33,True,BASIS_REWRITE,16,8,65536,1254401507328,1.2052189664634134
veriq_caf4f6fd0033a07b_0,lowered,veriq,grover_oracle,33,True,BASIS_REWRITE,16,8,1048576,1254434537472,1.2051872322000263
veriq_caf4f6fd0033a07b_0,lowered,veriq,grover_oracle,33,True,BASIS_REWRITE,16,8,4194304,1254558269440,1.205068369496172
veriq_caf4f6fd0033a07b_0,lowered,veriq,grover_oracle,33,True,BASIS_REWRITE,16,16,1,2508799868896,1.205220477675871
veriq_caf4f6fd0033a07b_0,lowered,veriq,grover_oracle,33,True,BASIS_REWRITE,16,16,4096,2508799926272,1.205220450112601
veriq_caf4f6fd0033a07b_0,lowered,veriq,grover_oracle,33,True,BASIS_REWRITE,16,16,65536,2508801310720,1.2052197850280306
veriq_caf4f6fd0033a07b_0,lowered,veriq,grover_oracle,33,True,BASIS_REWRITE,16,16,1048576,2508831326208,1.2052053658601827
veriq_caf4f6fd0033a07b_0,lowered,veriq,grover_oracle,33,True,BASIS_REWRITE,16,16,4194304,2508948766720,1.2051489518205223
veriq_caf4f6fd0033a07b_0,lowered,veriq,grover_oracle,33,True,BASIS_THIN,16,8,1,1254399934448,1.205220477675871
veriq_caf4f6fd0033a07b_0,lowered,veriq,grover_oracle,33,True,BASIS_THIN,16,8,4096,1254400000000,1.2052204146938776
veriq_caf4f6fd0033a07b_0,lowered,veriq,grover_oracle,33,True,BASIS_THIN,16,8,65536,1254401507328,1.2052189664634134
veriq_caf4f6fd0033a07b_0,lowered,veriq,grover_oracle,33,True,BASIS_THIN,16,8,1048576,1254434537472,1.2051872322000263
veriq_caf4f6fd0033a07b_0,lowered,veriq,grover_oracle,33,True,BASIS_THIN,16,8,4194304,1254558269440,1.205068369496172
veriq_caf4f6fd0033a07b_0,lowered,veriq,grover_oracle,33,True,BASIS_THIN,16,16,1,2508799868896,1.205220477675871
veriq_caf4f6fd0033a07b_0,lowered,veriq,grover_oracle,33,True,BASIS_THIN,16,16,4096,2508799926272,1.205220450112601
veriq_caf4f6fd0033a07b_0,lowered,veriq,grover_oracle,33,True,BASIS_THIN,16,16,65536,2508801310720,1.2052197850280306
veriq_caf4f6fd0033a07b_0,lowered,veriq,grover_oracle,33,True,BASIS_THIN,16,16,1048576,2508831326208,1.2052053658601827
veriq_caf4f6fd0033a07b_0,lowered,veriq,grover_oracle,33,True,BASIS_THIN,16,16,4194304,2508948766720,1.2051489518205223
veriq_caf4f6fd0033a07b_0,lowered,veriq,grover_oracle,33,True,PRODUCT_FUSED,16,8,1,288479160992,5.240685264728448
veriq_caf4f6fd0033a07b_0,lowered,veriq,grover_oracle,33,True,PRODUCT_FUSED,16,8,4096,288479199232,5.24068457003779
veriq_caf4f6fd0033a07b_0,lowered,veriq,grover_oracle,33,True,PRODUCT_FUSED,16,8,65536,288480034816,5.240669390366246
veriq_caf4f6fd0033a07b_0,lowered,veriq,grover_oracle,33,True,PRODUCT_FUSED,16,8,1048576,288498909184,5.240326531799051
veriq_caf4f6fd0033a07b_0,lowered,veriq,grover_oracle,33,True,PRODUCT_FUSED,16,8,4194304,288568115200,5.23906976744186
veriq_caf4f6fd0033a07b_0,lowered,veriq,grover_oracle,33,True,PRODUCT_FUSED,16,16,1,576958321984,5.240685264728448
veriq_caf4f6fd0033a07b_0,lowered,veriq,grover_oracle,33,True,PRODUCT_FUSED,16,16,4096,576958357504,5.2406849420896675
veriq_caf4f6fd0033a07b_0,lowered,veriq,grover_oracle,33,True,PRODUCT_FUSED,16,16,65536,576959152128,5.240677724292678
veriq_caf4f6fd0033a07b_0,lowered,veriq,grover_oracle,33,True,PRODUCT_FUSED,16,16,1048576,576976846848,5.240517003242174
veriq_caf4f6fd0033a07b_0,lowered,veriq,grover_oracle,33,True,PRODUCT_FUSED,16,16,4194304,577043955712,5.239907543357223
veriq_cbda8d7badbf32c6_0,lowered,veriq,reversible,30,True,EAGER_FULL,16,8,1,223338299392,1.0
veriq_cbda8d7badbf32c6_0,lowered,veriq,reversible,30,True,EAGER_FULL,16,8,4096,223338299392,1.0
veriq_cbda8d7badbf32c6_0,lowered,veriq,reversible,30,True,EAGER_FULL,16,8,65536,223338299392,1.0
veriq_cbda8d7badbf32c6_0,lowered,veriq,reversible,30,True,EAGER_FULL,16,8,1048576,223338299392,1.0
veriq_cbda8d7badbf32c6_0,lowered,veriq,reversible,30,True,EAGER_FULL,16,8,4194304,223338299392,1.0
veriq_cbda8d7badbf32c6_0,lowered,veriq,reversible,30,True,EAGER_FULL,16,16,1,446676598784,1.0
veriq_cbda8d7badbf32c6_0,lowered,veriq,reversible,30,True,EAGER_FULL,16,16,4096,446676598784,1.0
veriq_cbda8d7badbf32c6_0,lowered,veriq,reversible,30,True,EAGER_FULL,16,16,65536,446676598784,1.0
veriq_cbda8d7badbf32c6_0,lowered,veriq,reversible,30,True,EAGER_FULL,16,16,1048576,446676598784,1.0
veriq_cbda8d7badbf32c6_0,lowered,veriq,reversible,30,True,EAGER_FULL,16,16,4194304,446676598784,1.0
veriq_cbda8d7badbf32c6_0,lowered,veriq,reversible,30,True,BASIS_REWRITE,16,8,1,208,1073741824.0
veriq_cbda8d7badbf32c6_0,lowered,veriq,reversible,30,True,BASIS_REWRITE,16,8,4096,106496,2097152.0
veriq_cbda8d7badbf32c6_0,lowered,veriq,reversible,30,True,BASIS_REWRITE,16,8,65536,1703936,131072.0
veriq_cbda8d7badbf32c6_0,lowered,veriq,reversible,30,True,BASIS_REWRITE,16,8,1048576,27262976,8192.0
veriq_cbda8d7badbf32c6_0,lowered,veriq,reversible,30,True,BASIS_REWRITE,16,8,4194304,109051904,2048.0
veriq_cbda8d7badbf32c6_0,lowered,veriq,reversible,30,True,BASIS_REWRITE,16,16,1,416,1073741824.0
veriq_cbda8d7badbf32c6_0,lowered,veriq,reversible,30,True,BASIS_REWRITE,16,16,4096,106496,4194304.0
veriq_cbda8d7badbf32c6_0,lowered,veriq,reversible,30,True,BASIS_REWRITE,16,16,65536,1703936,262144.0
veriq_cbda8d7badbf32c6_0,lowered,veriq,reversible,30,True,BASIS_REWRITE,16,16,1048576,27262976,16384.0
veriq_cbda8d7badbf32c6_0,lowered,veriq,reversible,30,True,BASIS_REWRITE,16,16,4194304,109051904,4096.0
veriq_cbda8d7badbf32c6_0,lowered,veriq,reversible,30,True,BASIS_THIN,16,8,1,208,1073741824.0
veriq_cbda8d7badbf32c6_0,lowered,veriq,reversible,30,True,BASIS_THIN,16,8,4096,106496,2097152.0
veriq_cbda8d7badbf32c6_0,lowered,veriq,reversible,30,True,BASIS_THIN,16,8,65536,1703936,131072.0
veriq_cbda8d7badbf32c6_0,lowered,veriq,reversible,30,True,BASIS_THIN,16,8,1048576,27262976,8192.0
veriq_cbda8d7badbf32c6_0,lowered,veriq,reversible,30,True,BASIS_THIN,16,8,4194304,109051904,2048.0
veriq_cbda8d7badbf32c6_0,lowered,veriq,reversible,30,True,BASIS_THIN,16,16,1,416,1073741824.0
veriq_cbda8d7badbf32c6_0,lowered,veriq,reversible,30,True,BASIS_THIN,16,16,4096,106496,4194304.0
veriq_cbda8d7badbf32c6_0,lowered,veriq,reversible,30,True,BASIS_THIN,16,16,65536,1703936,262144.0
veriq_cbda8d7badbf32c6_0,lowered,veriq,reversible,30,True,BASIS_THIN,16,16,1048576,27262976,16384.0
veriq_cbda8d7badbf32c6_0,lowered,veriq,reversible,30,True,BASIS_THIN,16,16,4194304,109051904,4096.0
veriq_cbda8d7badbf32c6_0,lowered,veriq,reversible,30,True,PRODUCT_FUSED,16,8,1,208,1073741824.0
veriq_cbda8d7badbf32c6_0,lowered,veriq,reversible,30,True,PRODUCT_FUSED,16,8,4096,106496,2097152.0
veriq_cbda8d7badbf32c6_0,lowered,veriq,reversible,30,True,PRODUCT_FUSED,16,8,65536,1703936,131072.0
veriq_cbda8d7badbf32c6_0,lowered,veriq,reversible,30,True,PRODUCT_FUSED,16,8,1048576,27262976,8192.0
veriq_cbda8d7badbf32c6_0,lowered,veriq,reversible,30,True,PRODUCT_FUSED,16,8,4194304,109051904,2048.0
veriq_cbda8d7badbf32c6_0,lowered,veriq,reversible,30,True,PRODUCT_FUSED,16,16,1,416,1073741824.0
veriq_cbda8d7badbf32c6_0,lowered,veriq,reversible,30,True,PRODUCT_FUSED,16,16,4096,106496,4194304.0
veriq_cbda8d7badbf32c6_0,lowered,veriq,reversible,30,True,PRODUCT_FUSED,16,16,65536,1703936,262144.0
veriq_cbda8d7badbf32c6_0,lowered,veriq,reversible,30,True,PRODUCT_FUSED,16,16,1048576,27262976,16384.0
veriq_cbda8d7badbf32c6_0,lowered,veriq,reversible,30,True,PRODUCT_FUSED,16,16,4194304,109051904,4096.0
veriq_cdb7b06510c368a3_0,lowered,veriq,mapping,20,True,EAGER_FULL,16,8,1,50331648,1.0
veriq_cdb7b06510c368a3_0,lowered,veriq,mapping,20,True,EAGER_FULL,16,8,4096,50331648,1.0
veriq_cdb7b06510c368a3_0,lowered,veriq,mapping,20,True,EAGER_FULL,16,8,65536,50331648,1.0
veriq_cdb7b06510c368a3_0,lowered,veriq,mapping,20,True,EAGER_FULL,16,8,1048576,50331648,1.0
veriq_cdb7b06510c368a3_0,lowered,veriq,mapping,20,True,EAGER_FULL,16,8,4194304,50331648,1.0
veriq_cdb7b06510c368a3_0,lowered,veriq,mapping,20,True,EAGER_FULL,16,16,1,100663296,1.0
veriq_cdb7b06510c368a3_0,lowered,veriq,mapping,20,True,EAGER_FULL,16,16,4096,100663296,1.0
veriq_cdb7b06510c368a3_0,lowered,veriq,mapping,20,True,EAGER_FULL,16,16,65536,100663296,1.0
veriq_cdb7b06510c368a3_0,lowered,veriq,mapping,20,True,EAGER_FULL,16,16,1048576,100663296,1.0
veriq_cdb7b06510c368a3_0,lowered,veriq,mapping,20,True,EAGER_FULL,16,16,4194304,100663296,1.0
veriq_cdb7b06510c368a3_0,lowered,veriq,mapping,20,True,BASIS_REWRITE,16,8,1,1083376,46.458153032742096
veriq_cdb7b06510c368a3_0,lowered,veriq,mapping,20,True,BASIS_REWRITE,16,8,4096,1155072,43.57446808510638
veriq_cdb7b06510c368a3_0,lowered,veriq,mapping,20,True,BASIS_REWRITE,16,8,65536,2883584,17.454545454545453
veriq_cdb7b06510c368a3_0,lowered,veriq,mapping,20,True,BASIS_REWRITE,16,8,1048576,37748736,1.3333333333333333
veriq_cdb7b06510c368a3_0,lowered,veriq,mapping,20,True,BASIS_REWRITE,16,8,4194304,150994944,0.3333333333333333
veriq_cdb7b06510c368a3_0,lowered,veriq,mapping,20,True,BASIS_REWRITE,16,16,1,2166752,46.458153032742096
veriq_cdb7b06510c368a3_0,lowered,veriq,mapping,20,True,BASIS_REWRITE,16,16,4096,2228224,45.1764705882353
veriq_cdb7b06510c368a3_0,lowered,veriq,mapping,20,True,BASIS_REWRITE,16,16,65536,3801088,26.482758620689655
veriq_cdb7b06510c368a3_0,lowered,veriq,mapping,20,True,BASIS_REWRITE,16,16,1048576,37748736,2.6666666666666665
veriq_cdb7b06510c368a3_0,lowered,veriq,mapping,20,True,BASIS_REWRITE,16,16,4194304,150994944,0.6666666666666666
veriq_cdb7b06510c368a3_0,lowered,veriq,mapping,20,True,BASIS_THIN,16,8,1,1083376,46.458153032742096
veriq_cdb7b06510c368a3_0,lowered,veriq,mapping,20,True,BASIS_THIN,16,8,4096,1155072,43.57446808510638
veriq_cdb7b06510c368a3_0,lowered,veriq,mapping,20,True,BASIS_THIN,16,8,65536,2883584,17.454545454545453
veriq_cdb7b06510c368a3_0,lowered,veriq,mapping,20,True,BASIS_THIN,16,8,1048576,37748736,1.3333333333333333
veriq_cdb7b06510c368a3_0,lowered,veriq,mapping,20,True,BASIS_THIN,16,8,4194304,150994944,0.3333333333333333
veriq_cdb7b06510c368a3_0,lowered,veriq,mapping,20,True,BASIS_THIN,16,16,1,2166752,46.458153032742096
veriq_cdb7b06510c368a3_0,lowered,veriq,mapping,20,True,BASIS_THIN,16,16,4096,2228224,45.1764705882353
veriq_cdb7b06510c368a3_0,lowered,veriq,mapping,20,True,BASIS_THIN,16,16,65536,3801088,26.482758620689655
veriq_cdb7b06510c368a3_0,lowered,veriq,mapping,20,True,BASIS_THIN,16,16,1048576,37748736,2.6666666666666665
veriq_cdb7b06510c368a3_0,lowered,veriq,mapping,20,True,BASIS_THIN,16,16,4194304,150994944,0.6666666666666666
veriq_cdb7b06510c368a3_0,lowered,veriq,mapping,20,True,PRODUCT_FUSED,16,8,1,258512,194.69753048214397
veriq_cdb7b06510c368a3_0,lowered,veriq,mapping,20,True,PRODUCT_FUSED,16,8,4096,327680,153.6
veriq_cdb7b06510c368a3_0,lowered,veriq,mapping,20,True,PRODUCT_FUSED,16,8,65536,1835008,27.428571428571427
veriq_cdb7b06510c368a3_0,lowered,veriq,mapping,20,True,PRODUCT_FUSED,16,8,1048576,29360128,1.7142857142857142
veriq_cdb7b06510c368a3_0,lowered,veriq,mapping,20,True,PRODUCT_FUSED,16,8,4194304,117440512,0.42857142857142855
veriq_cdb7b06510c368a3_0,lowered,veriq,mapping,20,True,PRODUCT_FUSED,16,16,1,517024,194.69753048214397
veriq_cdb7b06510c368a3_0,lowered,veriq,mapping,20,True,PRODUCT_FUSED,16,16,4096,573440,175.54285714285714
veriq_cdb7b06510c368a3_0,lowered,veriq,mapping,20,True,PRODUCT_FUSED,16,16,65536,1966080,51.2
veriq_cdb7b06510c368a3_0,lowered,veriq,mapping,20,True,PRODUCT_FUSED,16,16,1048576,29360128,3.4285714285714284
veriq_cdb7b06510c368a3_0,lowered,veriq,mapping,20,True,PRODUCT_FUSED,16,16,4194304,117440512,0.8571428571428571
veriq_d182a39c63e02d2f_0,lowered,veriq,bernstein_vazirani,20,True,EAGER_FULL,16,8,1,50331648,1.0
veriq_d182a39c63e02d2f_0,lowered,veriq,bernstein_vazirani,20,True,EAGER_FULL,16,8,4096,50331648,1.0
veriq_d182a39c63e02d2f_0,lowered,veriq,bernstein_vazirani,20,True,EAGER_FULL,16,8,65536,50331648,1.0
veriq_d182a39c63e02d2f_0,lowered,veriq,bernstein_vazirani,20,True,EAGER_FULL,16,8,1048576,50331648,1.0
veriq_d182a39c63e02d2f_0,lowered,veriq,bernstein_vazirani,20,True,EAGER_FULL,16,8,4194304,50331648,1.0
veriq_d182a39c63e02d2f_0,lowered,veriq,bernstein_vazirani,20,True,EAGER_FULL,16,16,1,100663296,1.0
veriq_d182a39c63e02d2f_0,lowered,veriq,bernstein_vazirani,20,True,EAGER_FULL,16,16,4096,100663296,1.0
veriq_d182a39c63e02d2f_0,lowered,veriq,bernstein_vazirani,20,True,EAGER_FULL,16,16,65536,100663296,1.0
veriq_d182a39c63e02d2f_0,lowered,veriq,bernstein_vazirani,20,True,EAGER_FULL,16,16,1048576,100663296,1.0
veriq_d182a39c63e02d2f_0,lowered,veriq,bernstein_vazirani,20,True,EAGER_FULL,16,16,4194304,100663296,1.0
veriq_d182a39c63e02d2f_0,lowered,veriq,bernstein_vazirani,20,True,BASIS_REWRITE,16,8,1,51380208,0.9795921417834665
veriq_d182a39c63e02d2f_0,lowered,veriq,bernstein_vazirani,20,True,BASIS_REWRITE,16,8,4096,51445760,0.978343949044586
veriq_d182a39c63e02d2f_0,lowered,veriq,bernstein_vazirani,20,True,BASIS_REWRITE,16,8,65536,52953088,0.9504950495049505
veriq_d182a39c63e02d2f_0,lowered,veriq,bernstein_vazirani,20,True,BASIS_REWRITE,16,8,1048576,85983232,0.5853658536585366
veriq_d182a39c63e02d2f_0,lowered,veriq,bernstein_vazirani,20,True,BASIS_REWRITE,16,8,4194304,209715200,0.24
veriq_d182a39c63e02d2f_0,lowered,veriq,bernstein_vazirani,20,True,BASIS_REWRITE,16,16,1,102760416,0.9795921417834665
veriq_d182a39c63e02d2f_0,lowered,veriq,bernstein_vazirani,20,True,BASIS_REWRITE,16,16,4096,102817792,0.9790454943829177
veriq_d182a39c63e02d2f_0,lowered,veriq,bernstein_vazirani,20,True,BASIS_REWRITE,16,16,65536,104202240,0.9660377358490566
veriq_d182a39c63e02d2f_0,lowered,veriq,bernstein_vazirani,20,True,BASIS_REWRITE,16,16,1048576,134217728,0.75
veriq_d182a39c63e02d2f_0,lowered,veriq,bernstein_vazirani,20,True,BASIS_REWRITE,16,16,4194304,251658240,0.4
veriq_d182a39c63e02d2f_0,lowered,veriq,bernstein_vazirani,20,True,BASIS_THIN,16,8,1,51380208,0.9795921417834665
veriq_d182a39c63e02d2f_0,lowered,veriq,bernstein_vazirani,20,True,BASIS_THIN,16,8,4096,51445760,0.978343949044586
veriq_d182a39c63e02d2f_0,lowered,veriq,bernstein_vazirani,20,True,BASIS_THIN,16,8,65536,52953088,0.9504950495049505
veriq_d182a39c63e02d2f_0,lowered,veriq,bernstein_vazirani,20,True,BASIS_THIN,16,8,1048576,85983232,0.5853658536585366
veriq_d182a39c63e02d2f_0,lowered,veriq,bernstein_vazirani,20,True,BASIS_THIN,16,8,4194304,209715200,0.24
veriq_d182a39c63e02d2f_0,lowered,veriq,bernstein_vazirani,20,True,BASIS_THIN,16,16,1,102760416,0.9795921417834665
veriq_d182a39c63e02d2f_0,lowered,veriq,bernstein_vazirani,20,True,BASIS_THIN,16,16,4096,102817792,0.9790454943829177
veriq_d182a39c63e02d2f_0,lowered,veriq,bernstein_vazirani,20,True,BASIS_THIN,16,16,65536,104202240,0.9660377358490566
veriq_d182a39c63e02d2f_0,lowered,veriq,bernstein_vazirani,20,True,BASIS_THIN,16,16,1048576,134217728,0.75
veriq_d182a39c63e02d2f_0,lowered,veriq,bernstein_vazirani,20,True,BASIS_THIN,16,16,4194304,251658240,0.4
veriq_d182a39c63e02d2f_0,lowered,veriq,bernstein_vazirani,20,True,PRODUCT_FUSED,16,8,1,48,1048576.0
veriq_d182a39c63e02d2f_0,lowered,veriq,bernstein_vazirani,20,True,PRODUCT_FUSED,16,8,4096,24576,2048.0
veriq_d182a39c63e02d2f_0,lowered,veriq,bernstein_vazirani,20,True,PRODUCT_FUSED,16,8,65536,393216,128.0
veriq_d182a39c63e02d2f_0,lowered,veriq,bernstein_vazirani,20,True,PRODUCT_FUSED,16,8,1048576,6291456,8.0
veriq_d182a39c63e02d2f_0,lowered,veriq,bernstein_vazirani,20,True,PRODUCT_FUSED,16,8,4194304,25165824,2.0
veriq_d182a39c63e02d2f_0,lowered,veriq,bernstein_vazirani,20,True,PRODUCT_FUSED,16,16,1,96,1048576.0
veriq_d182a39c63e02d2f_0,lowered,veriq,bernstein_vazirani,20,True,PRODUCT_FUSED,16,16,4096,24576,4096.0
veriq_d182a39c63e02d2f_0,lowered,veriq,bernstein_vazirani,20,True,PRODUCT_FUSED,16,16,65536,393216,256.0
veriq_d182a39c63e02d2f_0,lowered,veriq,bernstein_vazirani,20,True,PRODUCT_FUSED,16,16,1048576,6291456,16.0
veriq_d182a39c63e02d2f_0,lowered,veriq,bernstein_vazirani,20,True,PRODUCT_FUSED,16,16,4194304,25165824,4.0
veriq_de5257553ae46ac2_0,lowered,veriq,bernstein_vazirani,26,True,EAGER_FULL,16,8,1,4294967296,1.0
veriq_de5257553ae46ac2_0,lowered,veriq,bernstein_vazirani,26,True,EAGER_FULL,16,8,4096,4294967296,1.0
veriq_de5257553ae46ac2_0,lowered,veriq,bernstein_vazirani,26,True,EAGER_FULL,16,8,65536,4294967296,1.0
veriq_de5257553ae46ac2_0,lowered,veriq,bernstein_vazirani,26,True,EAGER_FULL,16,8,1048576,4294967296,1.0
veriq_de5257553ae46ac2_0,lowered,veriq,bernstein_vazirani,26,True,EAGER_FULL,16,8,4194304,4294967296,1.0
veriq_de5257553ae46ac2_0,lowered,veriq,bernstein_vazirani,26,True,EAGER_FULL,16,16,1,8589934592,1.0
veriq_de5257553ae46ac2_0,lowered,veriq,bernstein_vazirani,26,True,EAGER_FULL,16,16,4096,8589934592,1.0
veriq_de5257553ae46ac2_0,lowered,veriq,bernstein_vazirani,26,True,EAGER_FULL,16,16,65536,8589934592,1.0
veriq_de5257553ae46ac2_0,lowered,veriq,bernstein_vazirani,26,True,EAGER_FULL,16,16,1048576,8589934592,1.0
veriq_de5257553ae46ac2_0,lowered,veriq,bernstein_vazirani,26,True,EAGER_FULL,16,16,4194304,8589934592,1.0
veriq_de5257553ae46ac2_0,lowered,veriq,bernstein_vazirani,26,True,BASIS_REWRITE,16,8,1,4296015856,0.9997559226885684
veriq_de5257553ae46ac2_0,lowered,veriq,bernstein_vazirani,26,True,BASIS_REWRITE,16,8,4096,4296081408,0.9997406678565436
veriq_de5257553ae46ac2_0,lowered,veriq,bernstein_vazirani,26,True,BASIS_REWRITE,16,8,65536,4297588736,0.9993900207392948
veriq_de5257553ae46ac2_0,lowered,veriq,bernstein_vazirani,26,True,BASIS_REWRITE,16,8,1048576,4330618880,0.9917675544794189
veriq_de5257553ae46ac2_0,lowered,veriq,bernstein_vazirani,26,True,BASIS_REWRITE,16,8,4194304,4454350848,0.9642184557438794
veriq_de5257553ae46ac2_0,lowered,veriq,bernstein_vazirani,26,True,BASIS_REWRITE,16,16,1,8592031712,0.9997559226885684
veriq_de5257553ae46ac2_0,lowered,veriq,bernstein_vazirani,26,True,BASIS_REWRITE,16,16,4096,8592089088,0.9997492465478496
veriq_de5257553ae46ac2_0,lowered,veriq,bernstein_vazirani,26,True,BASIS_REWRITE,16,16,65536,8593473536,0.9995881823589524
veriq_de5257553ae46ac2_0,lowered,veriq,bernstein_vazirani,26,True,BASIS_REWRITE,16,16,1048576,8623489024,0.9961089494163424
veriq_de5257553ae46ac2_0,lowered,veriq,bernstein_vazirani,26,True,BASIS_REWRITE,16,16,4194304,8740929536,0.982725527831094
veriq_de5257553ae46ac2_0,lowered,veriq,bernstein_vazirani,26,True,BASIS_THIN,16,8,1,4296015856,0.9997559226885684
veriq_de5257553ae46ac2_0,lowered,veriq,bernstein_vazirani,26,True,BASIS_THIN,16,8,4096,4296081408,0.9997406678565436
veriq_de5257553ae46ac2_0,lowered,veriq,bernstein_vazirani,26,True,BASIS_THIN,16,8,65536,4297588736,0.9993900207392948
veriq_de5257553ae46ac2_0,lowered,veriq,bernstein_vazirani,26,True,BASIS_THIN,16,8,1048576,4330618880,0.9917675544794189
veriq_de5257553ae46ac2_0,lowered,veriq,bernstein_vazirani,26,True,BASIS_THIN,16,8,4194304,4454350848,0.9642184557438794
veriq_de5257553ae46ac2_0,lowered,veriq,bernstein_vazirani,26,True,BASIS_THIN,16,16,1,8592031712,0.9997559226885684
veriq_de5257553ae46ac2_0,lowered,veriq,bernstein_vazirani,26,True,BASIS_THIN,16,16,4096,8592089088,0.9997492465478496
veriq_de5257553ae46ac2_0,lowered,veriq,bernstein_vazirani,26,True,BASIS_THIN,16,16,65536,8593473536,0.9995881823589524
veriq_de5257553ae46ac2_0,lowered,veriq,bernstein_vazirani,26,True,BASIS_THIN,16,16,1048576,8623489024,0.9961089494163424
veriq_de5257553ae46ac2_0,lowered,veriq,bernstein_vazirani,26,True,BASIS_THIN,16,16,4194304,8740929536,0.982725527831094
veriq_de5257553ae46ac2_0,lowered,veriq,bernstein_vazirani,26,True,PRODUCT_FUSED,16,8,1,64,67108864.0
veriq_de5257553ae46ac2_0,lowered,veriq,bernstein_vazirani,26,True,PRODUCT_FUSED,16,8,4096,32768,131072.0
veriq_de5257553ae46ac2_0,lowered,veriq,bernstein_vazirani,26,True,PRODUCT_FUSED,16,8,65536,524288,8192.0
veriq_de5257553ae46ac2_0,lowered,veriq,bernstein_vazirani,26,True,PRODUCT_FUSED,16,8,1048576,8388608,512.0
veriq_de5257553ae46ac2_0,lowered,veriq,bernstein_vazirani,26,True,PRODUCT_FUSED,16,8,4194304,33554432,128.0
veriq_de5257553ae46ac2_0,lowered,veriq,bernstein_vazirani,26,True,PRODUCT_FUSED,16,16,1,128,67108864.0
veriq_de5257553ae46ac2_0,lowered,veriq,bernstein_vazirani,26,True,PRODUCT_FUSED,16,16,4096,32768,262144.0
veriq_de5257553ae46ac2_0,lowered,veriq,bernstein_vazirani,26,True,PRODUCT_FUSED,16,16,65536,524288,16384.0
veriq_de5257553ae46ac2_0,lowered,veriq,bernstein_vazirani,26,True,PRODUCT_FUSED,16,16,1048576,8388608,1024.0
veriq_de5257553ae46ac2_0,lowered,veriq,bernstein_vazirani,26,True,PRODUCT_FUSED,16,16,4194304,33554432,256.0
veriq_fd197b825ed78319_0,lowered,veriq,phase_estimation,20,True,EAGER_FULL,16,8,1,167772160,1.0
veriq_fd197b825ed78319_0,lowered,veriq,phase_estimation,20,True,EAGER_FULL,16,8,4096,167772160,1.0
veriq_fd197b825ed78319_0,lowered,veriq,phase_estimation,20,True,EAGER_FULL,16,8,65536,167772160,1.0
veriq_fd197b825ed78319_0,lowered,veriq,phase_estimation,20,True,EAGER_FULL,16,8,1048576,167772160,1.0
veriq_fd197b825ed78319_0,lowered,veriq,phase_estimation,20,True,EAGER_FULL,16,8,4194304,167772160,1.0
veriq_fd197b825ed78319_0,lowered,veriq,phase_estimation,20,True,EAGER_FULL,16,16,1,335544320,1.0
veriq_fd197b825ed78319_0,lowered,veriq,phase_estimation,20,True,EAGER_FULL,16,16,4096,335544320,1.0
veriq_fd197b825ed78319_0,lowered,veriq,phase_estimation,20,True,EAGER_FULL,16,16,65536,335544320,1.0
veriq_fd197b825ed78319_0,lowered,veriq,phase_estimation,20,True,EAGER_FULL,16,16,1048576,335544320,1.0
veriq_fd197b825ed78319_0,lowered,veriq,phase_estimation,20,True,EAGER_FULL,16,16,4194304,335544320,1.0
veriq_fd197b825ed78319_0,lowered,veriq,phase_estimation,20,True,BASIS_REWRITE,16,8,1,84934640,1.9753090140842418
veriq_fd197b825ed78319_0,lowered,veriq,phase_estimation,20,True,BASIS_REWRITE,16,8,4096,85000192,1.9737856592135699
veriq_fd197b825ed78319_0,lowered,veriq,phase_estimation,20,True,BASIS_REWRITE,16,8,65536,86507520,1.9393939393939394
veriq_fd197b825ed78319_0,lowered,veriq,phase_estimation,20,True,BASIS_REWRITE,16,8,1048576,119537664,1.4035087719298245
veriq_fd197b825ed78319_0,lowered,veriq,phase_estimation,20,True,BASIS_REWRITE,16,8,4194304,243269632,0.6896551724137931
veriq_fd197b825ed78319_0,lowered,veriq,phase_estimation,20,True,BASIS_REWRITE,16,16,1,169869280,1.9753090140842418
veriq_fd197b825ed78319_0,lowered,veriq,phase_estimation,20,True,BASIS_REWRITE,16,16,4096,169926656,1.9746420479197802
veriq_fd197b825ed78319_0,lowered,veriq,phase_estimation,20,True,BASIS_REWRITE,16,16,65536,171311104,1.9586840091813313
veriq_fd197b825ed78319_0,lowered,veriq,phase_estimation,20,True,BASIS_REWRITE,16,16,1048576,201326592,1.6666666666666667
veriq_fd197b825ed78319_0,lowered,veriq,phase_estimation,20,True,BASIS_REWRITE,16,16,4194304,318767104,1.0526315789473684
veriq_fd197b825ed78319_0,lowered,veriq,phase_estimation,20,True,BASIS_THIN,16,8,1,84934640,1.9753090140842418
veriq_fd197b825ed78319_0,lowered,veriq,phase_estimation,20,True,BASIS_THIN,16,8,4096,85000192,1.9737856592135699
veriq_fd197b825ed78319_0,lowered,veriq,phase_estimation,20,True,BASIS_THIN,16,8,65536,86507520,1.9393939393939394
veriq_fd197b825ed78319_0,lowered,veriq,phase_estimation,20,True,BASIS_THIN,16,8,1048576,119537664,1.4035087719298245
veriq_fd197b825ed78319_0,lowered,veriq,phase_estimation,20,True,BASIS_THIN,16,8,4194304,243269632,0.6896551724137931
veriq_fd197b825ed78319_0,lowered,veriq,phase_estimation,20,True,BASIS_THIN,16,16,1,169869280,1.9753090140842418
veriq_fd197b825ed78319_0,lowered,veriq,phase_estimation,20,True,BASIS_THIN,16,16,4096,169926656,1.9746420479197802
veriq_fd197b825ed78319_0,lowered,veriq,phase_estimation,20,True,BASIS_THIN,16,16,65536,171311104,1.9586840091813313
veriq_fd197b825ed78319_0,lowered,veriq,phase_estimation,20,True,BASIS_THIN,16,16,1048576,201326592,1.6666666666666667
veriq_fd197b825ed78319_0,lowered,veriq,phase_estimation,20,True,BASIS_THIN,16,16,4194304,318767104,1.0526315789473684
veriq_fd197b825ed78319_0,lowered,veriq,phase_estimation,20,True,PRODUCT_FUSED,16,8,1,160,1048576.0
veriq_fd197b825ed78319_0,lowered,veriq,phase_estimation,20,True,PRODUCT_FUSED,16,8,4096,81920,2048.0
veriq_fd197b825ed78319_0,lowered,veriq,phase_estimation,20,True,PRODUCT_FUSED,16,8,65536,1310720,128.0
veriq_fd197b825ed78319_0,lowered,veriq,phase_estimation,20,True,PRODUCT_FUSED,16,8,1048576,20971520,8.0
veriq_fd197b825ed78319_0,lowered,veriq,phase_estimation,20,True,PRODUCT_FUSED,16,8,4194304,83886080,2.0
veriq_fd197b825ed78319_0,lowered,veriq,phase_estimation,20,True,PRODUCT_FUSED,16,16,1,320,1048576.0
veriq_fd197b825ed78319_0,lowered,veriq,phase_estimation,20,True,PRODUCT_FUSED,16,16,4096,81920,4096.0
veriq_fd197b825ed78319_0,lowered,veriq,phase_estimation,20,True,PRODUCT_FUSED,16,16,65536,1310720,256.0
veriq_fd197b825ed78319_0,lowered,veriq,phase_estimation,20,True,PRODUCT_FUSED,16,16,1048576,20971520,16.0
veriq_fd197b825ed78319_0,lowered,veriq,phase_estimation,20,True,PRODUCT_FUSED,16,16,4194304,83886080,4.0
