case,q_old,target,gate,basis,io_mode,native_policies,max_abs_error,infidelity,passed
0,8,1,cx_product_control,False,buffered,NAIVE_PRODUCT;PRODUCT_FUSED,1.5515838457795457e-17,0.0,True
1,8,5,cx_product_target,False,buffered,NAIVE_PRODUCT;PRODUCT_FUSED,1.4304896245381992e-17,0.0,True
2,6,1,cz,False,buffered,NAIVE_PRODUCT;PRODUCT_FUSED,2.7755575615628914e-17,1.1102230246251565e-16,True
3,2,0,generic,False,buffered,NAIVE_PRODUCT;PRODUCT_FUSED,1.1857187100668868e-16,0.0,True
4,5,2,cx_product_control,False,buffered,NAIVE_PRODUCT;PRODUCT_FUSED,2.7755575615628914e-17,0.0,True
5,12,8,cx_product_target,False,buffered,NAIVE_PRODUCT;PRODUCT_FUSED,3.878959614448864e-18,0.0,True
6,1,0,cz,False,buffered,NAIVE_PRODUCT;PRODUCT_FUSED,1.1107649934270853e-16,2.220446049250313e-16,True
7,2,0,generic,False,buffered,NAIVE_PRODUCT;PRODUCT_FUSED,1.3092278833360675e-16,0.0,True
8,1,0,cx_product_control,False,buffered,NAIVE_PRODUCT;PRODUCT_FUSED,1.1102230246251565e-16,0.0,True
9,3,1,cx_product_target,False,buffered,NAIVE_PRODUCT;PRODUCT_FUSED,5.551115123125783e-17,0.0,True
10,7,1,cz,False,buffered,NAIVE_PRODUCT;PRODUCT_FUSED,1.4304896245381992e-17,2.220446049250313e-16,True
11,1,0,generic,False,buffered,NAIVE_PRODUCT;PRODUCT_FUSED,1.2566871346510768e-16,1.1102230246251565e-16,True
12,5,3,cx_product_control,False,buffered,NAIVE_PRODUCT;PRODUCT_FUSED,2.7755575615628914e-17,0.0,True
13,12,0,cx_product_target,False,buffered,NAIVE_PRODUCT;PRODUCT_FUSED,3.878959614448864e-18,0.0,True
14,4,3,cz,False,buffered,NAIVE_PRODUCT;PRODUCT_FUSED,5.551115123125783e-17,1.1102230246251565e-16,True
15,3,2,generic,False,buffered,NAIVE_PRODUCT;PRODUCT_FUSED,8.886119947416683e-17,2.220446049250313e-16,True
16,3,0,cx_product_control,False,buffered,NAIVE_PRODUCT;PRODUCT_FUSED,5.551115123125783e-17,0.0,True
17,12,9,cx_product_target,False,buffered,NAIVE_PRODUCT;PRODUCT_FUSED,4.9065389333867974e-18,0.0,True
18,8,3,cz,False,buffered,NAIVE_PRODUCT;PRODUCT_FUSED,2.7809732887839817e-17,0.0,True
19,7,4,generic,False,buffered,NAIVE_PRODUCT;PRODUCT_FUSED,3.1031676915590914e-17,0.0,True
20,6,4,cx_product_control,False,buffered,NAIVE_PRODUCT;PRODUCT_FUSED,3.1031676915590914e-17,1.1102230246251565e-16,True
21,11,5,cx_product_target,False,buffered,NAIVE_PRODUCT;PRODUCT_FUSED,6.992893892674703e-18,0.0,True
22,5,1,cz,False,buffered,NAIVE_PRODUCT;PRODUCT_FUSED,5.594315114139762e-17,0.0,True
23,7,1,generic,False,buffered,NAIVE_PRODUCT;PRODUCT_FUSED,5.551115123125783e-17,2.220446049250313e-16,True
24,2,0,cx_product_control,False,buffered,NAIVE_PRODUCT;PRODUCT_FUSED,1.1102230246251565e-16,2.220446049250313e-16,True
25,8,0,cx_product_target,False,buffered,NAIVE_PRODUCT;PRODUCT_FUSED,1.5515838457795457e-17,0.0,True
26,3,0,cz,False,buffered,NAIVE_PRODUCT;PRODUCT_FUSED,5.618469141565346e-17,0.0,True
27,2,1,generic,False,buffered,NAIVE_PRODUCT;PRODUCT_FUSED,7.850462293418876e-17,1.1102230246251565e-16,True
28,3,1,cx_product_control,False,buffered,NAIVE_PRODUCT;PRODUCT_FUSED,5.594315114139762e-17,0.0,True
29,4,1,cx_product_target,False,buffered,NAIVE_PRODUCT;PRODUCT_FUSED,2.7755575615628914e-17,0.0,True
30,4,2,cz,False,buffered,NAIVE_PRODUCT;PRODUCT_FUSED,6.206335383118183e-17,0.0,True
31,2,0,generic,False,buffered,NAIVE_PRODUCT;PRODUCT_FUSED,1.2412670766236366e-16,2.220446049250313e-16,True
32,12,3,cx_product_control,False,buffered,NAIVE_PRODUCT;PRODUCT_FUSED,7.152448122690996e-18,0.0,True
33,11,4,cx_product_target,False,buffered,NAIVE_PRODUCT;PRODUCT_FUSED,9.813077866773595e-18,0.0,True
34,8,5,cz,False,buffered,NAIVE_PRODUCT;PRODUCT_FUSED,3.1031676915590914e-17,0.0,True
35,7,1,generic,False,buffered,NAIVE_PRODUCT;PRODUCT_FUSED,3.925231146709438e-17,0.0,True
36,2,1,cx_product_control,False,buffered,NAIVE_PRODUCT;PRODUCT_FUSED,5.551115123125783e-17,0.0,True
37,10,4,cx_product_target,False,buffered,NAIVE_PRODUCT;PRODUCT_FUSED,1.3879481770324007e-17,0.0,True
38,11,4,cz,False,buffered,NAIVE_PRODUCT;PRODUCT_FUSED,3.878959614448864e-18,0.0,True
39,6,0,generic,False,buffered,NAIVE_PRODUCT;PRODUCT_FUSED,8.326672684688674e-17,2.220446049250313e-16,True
40,3,1,cx_product_control,False,buffered,NAIVE_PRODUCT;PRODUCT_FUSED,5.551115123125783e-17,0.0,True
41,1,0,cx_product_target,False,buffered,NAIVE_PRODUCT;PRODUCT_FUSED,1.1102230246251565e-16,2.220446049250313e-16,True
42,1,0,cz,False,buffered,NAIVE_PRODUCT;PRODUCT_FUSED,2.7755575615628914e-17,0.0,True
43,6,2,generic,False,buffered,NAIVE_PRODUCT;PRODUCT_FUSED,5.551115123125783e-17,0.0,True
44,11,9,cx_product_control,False,buffered,NAIVE_PRODUCT;PRODUCT_FUSED,6.992893892674703e-18,0.0,True
45,12,2,cx_product_target,False,buffered,NAIVE_PRODUCT;PRODUCT_FUSED,3.878959614448864e-18,0.0,True
46,2,1,cz,False,buffered,NAIVE_PRODUCT;PRODUCT_FUSED,5.551115123125783e-17,0.0,True
47,11,7,generic,False,buffered,NAIVE_PRODUCT;PRODUCT_FUSED,1.4304896245381992e-17,1.1102230246251565e-16,True
48,10,4,cx_product_control,False,buffered,NAIVE_PRODUCT;PRODUCT_FUSED,9.813077866773595e-18,0.0,True
49,4,3,cx_product_target,False,buffered,NAIVE_PRODUCT;PRODUCT_FUSED,2.7755575615628914e-17,0.0,True
50,11,3,cz,False,buffered,NAIVE_PRODUCT;PRODUCT_FUSED,6.952433221959954e-18,0.0,True
51,7,1,generic,False,buffered,NAIVE_PRODUCT;PRODUCT_FUSED,2.964296775167217e-17,0.0,True
52,3,1,cx_product_control,False,buffered,NAIVE_PRODUCT;PRODUCT_FUSED,2.7755575615628914e-17,0.0,True
53,7,2,cx_product_target,False,buffered,NAIVE_PRODUCT;PRODUCT_FUSED,1.5515838457795457e-17,0.0,True
54,3,0,cz,False,buffered,NAIVE_PRODUCT;PRODUCT_FUSED,5.551115123125783e-17,0.0,True
55,11,2,generic,False,buffered,NAIVE_PRODUCT;PRODUCT_FUSED,1.5515838457795457e-17,0.0,True
56,1,0,cx_product_control,False,buffered,NAIVE_PRODUCT;PRODUCT_FUSED,5.551115123125783e-17,0.0,True
57,4,1,cx_product_target,False,buffered,NAIVE_PRODUCT;PRODUCT_FUSED,2.7755575615628914e-17,0.0,True
58,8,3,cz,False,buffered,NAIVE_PRODUCT;PRODUCT_FUSED,1.4304896245381992e-17,0.0,True
59,12,2,generic,False,buffered,NAIVE_PRODUCT;PRODUCT_FUSED,1.3985787785349405e-17,0.0,True
60,3,1,cx_product_control,False,buffered,NAIVE_PRODUCT;PRODUCT_FUSED,3.1031676915590914e-17,0.0,True
61,6,1,cx_product_target,False,buffered,NAIVE_PRODUCT;PRODUCT_FUSED,1.3877787807814457e-17,0.0,True
62,10,7,cz,False,buffered,NAIVE_PRODUCT;PRODUCT_FUSED,1.3878211317825933e-17,0.0,True
63,7,0,generic,False,buffered,NAIVE_PRODUCT;PRODUCT_FUSED,4.3885418357208765e-17,3.3306690738754696e-16,True
64,10,5,cx_product_control,False,buffered,NAIVE_PRODUCT;PRODUCT_FUSED,7.757919228897728e-18,0.0,True
65,11,0,cx_product_target,False,buffered,NAIVE_PRODUCT;PRODUCT_FUSED,3.878959614448864e-18,0.0,True
66,1,0,cz,False,buffered,NAIVE_PRODUCT;PRODUCT_FUSED,7.850462293418876e-17,2.220446049250313e-16,True
67,7,5,generic,False,buffered,NAIVE_PRODUCT;PRODUCT_FUSED,4.563344992840995e-17,2.220446049250313e-16,True
68,2,1,cx_product_control,False,buffered,NAIVE_PRODUCT;PRODUCT_FUSED,1.1295700899707568e-16,2.220446049250313e-16,True
69,9,5,cx_product_target,False,buffered,NAIVE_PRODUCT;PRODUCT_FUSED,1.5515838457795457e-17,0.0,True
70,6,5,cz,False,buffered,NAIVE_PRODUCT;PRODUCT_FUSED,2.7809732887839817e-17,0.0,True
71,12,6,generic,False,buffered,NAIVE_PRODUCT;PRODUCT_FUSED,1.3985787785349405e-17,2.220446049250313e-16,True
72,9,4,cx_product_control,False,buffered,NAIVE_PRODUCT;PRODUCT_FUSED,1.3985787785349405e-17,0.0,True
73,2,1,cx_product_target,False,buffered,NAIVE_PRODUCT;PRODUCT_FUSED,3.469446951953614e-18,0.0,True
74,8,6,cz,False,buffered,NAIVE_PRODUCT;PRODUCT_FUSED,1.3877787807814457e-17,0.0,True
75,2,1,generic,False,buffered,NAIVE_PRODUCT;PRODUCT_FUSED,1.2412670766236366e-16,2.220446049250313e-16,True
76,1,0,cx_product_control,False,buffered,NAIVE_PRODUCT;PRODUCT_FUSED,1.1102230246251565e-16,2.220446049250313e-16,True
77,12,9,cx_product_target,False,buffered,NAIVE_PRODUCT;PRODUCT_FUSED,7.152448122690996e-18,0.0,True
78,7,0,cz,False,buffered,NAIVE_PRODUCT;PRODUCT_FUSED,2.797157557069881e-17,0.0,True
79,11,2,generic,False,buffered,NAIVE_PRODUCT;PRODUCT_FUSED,1.3904866443919908e-17,0.0,True
80,11,0,cx_product_control,False,buffered,NAIVE_PRODUCT;PRODUCT_FUSED,7.757919228897728e-18,2.220446049250313e-16,True
81,4,0,cx_product_target,False,buffered,NAIVE_PRODUCT;PRODUCT_FUSED,5.551115123125783e-17,0.0,True
82,6,2,cz,False,buffered,NAIVE_PRODUCT;PRODUCT_FUSED,2.7755575615628914e-17,0.0,True
83,3,0,generic,False,buffered,NAIVE_PRODUCT;PRODUCT_FUSED,6.206335383118183e-17,2.220446049250313e-16,True
84,5,1,cx_product_control,False,buffered,NAIVE_PRODUCT;PRODUCT_FUSED,5.551115123125783e-17,0.0,True
85,5,2,cx_product_target,False,buffered,NAIVE_PRODUCT;PRODUCT_FUSED,3.1031676915590914e-17,2.220446049250313e-16,True
86,5,3,cz,False,buffered,NAIVE_PRODUCT;PRODUCT_FUSED,3.925231146709438e-17,0.0,True
87,3,2,generic,False,buffered,NAIVE_PRODUCT;PRODUCT_FUSED,6.206335383118183e-17,0.0,True
88,2,1,cx_product_control,False,buffered,NAIVE_PRODUCT;PRODUCT_FUSED,2.8609792490763984e-17,1.1102230246251565e-16,True
89,8,7,cx_product_target,False,buffered,NAIVE_PRODUCT;PRODUCT_FUSED,1.4304896245381992e-17,0.0,True
90,9,8,cz,False,buffered,NAIVE_PRODUCT;PRODUCT_FUSED,1.4304896245381992e-17,0.0,True
91,2,0,generic,False,buffered,NAIVE_PRODUCT;PRODUCT_FUSED,1.1443916996305594e-16,0.0,True
92,6,2,cx_product_control,False,buffered,NAIVE_PRODUCT;PRODUCT_FUSED,1.3877787807814457e-17,0.0,True
93,5,1,cx_product_target,False,buffered,NAIVE_PRODUCT;PRODUCT_FUSED,2.823925224926892e-17,0.0,True
94,6,5,cz,False,buffered,NAIVE_PRODUCT;PRODUCT_FUSED,2.797157557069881e-17,0.0,True
95,4,3,generic,False,buffered,NAIVE_PRODUCT;PRODUCT_FUSED,1.389512421408389e-16,0.0,True
96,11,6,cx_product_control,False,buffered,NAIVE_PRODUCT;PRODUCT_FUSED,7.757919228897728e-18,1.1102230246251565e-16,True
97,3,2,cx_product_target,False,buffered,NAIVE_PRODUCT;PRODUCT_FUSED,2.7755575615628914e-17,0.0,True
98,9,3,cz,False,buffered,NAIVE_PRODUCT;PRODUCT_FUSED,1.3877787807814457e-17,0.0,True
99,2,0,generic,False,buffered,NAIVE_PRODUCT;PRODUCT_FUSED,1.1443916996305594e-16,2.220446049250313e-16,True
100,12,9,cx_product_control,False,buffered,NAIVE_PRODUCT;PRODUCT_FUSED,6.992893892674703e-18,0.0,True
101,10,5,cx_product_target,False,buffered,NAIVE_PRODUCT;PRODUCT_FUSED,7.757919228897728e-18,0.0,True
102,4,3,cz,False,buffered,NAIVE_PRODUCT;PRODUCT_FUSED,5.551115123125783e-17,0.0,True
103,12,3,generic,False,buffered,NAIVE_PRODUCT;PRODUCT_FUSED,1.0408340855860843e-17,2.220446049250313e-16,True
104,2,1,cx_product_control,False,buffered,NAIVE_PRODUCT;PRODUCT_FUSED,1.3877787807814457e-17,0.0,True
105,6,0,cx_product_target,False,buffered,NAIVE_PRODUCT;PRODUCT_FUSED,1.5515838457795457e-17,0.0,True
106,2,1,cz,False,buffered,NAIVE_PRODUCT;PRODUCT_FUSED,6.938893903907228e-18,0.0,True
107,6,3,generic,False,buffered,NAIVE_PRODUCT;PRODUCT_FUSED,5.721958498152797e-17,0.0,True
108,11,2,cx_product_control,False,buffered,NAIVE_PRODUCT;PRODUCT_FUSED,7.152448122690996e-18,0.0,True
109,10,1,cx_product_target,False,buffered,NAIVE_PRODUCT;PRODUCT_FUSED,7.152448122690996e-18,0.0,True
110,8,0,cz,False,buffered,NAIVE_PRODUCT;PRODUCT_FUSED,1.3877787807814457e-17,0.0,True
111,7,1,generic,False,buffered,NAIVE_PRODUCT;PRODUCT_FUSED,4.2207643840401616e-17,0.0,True
112,5,3,cx_product_control,False,buffered,NAIVE_PRODUCT;PRODUCT_FUSED,3.1031676915590914e-17,0.0,True
113,10,4,cx_product_target,False,buffered,NAIVE_PRODUCT;PRODUCT_FUSED,7.757919228897728e-18,0.0,True
114,7,5,cz,False,buffered,NAIVE_PRODUCT;PRODUCT_FUSED,2.797157557069881e-17,0.0,True
115,2,0,generic,False,buffered,NAIVE_PRODUCT;PRODUCT_FUSED,1.1443916996305594e-16,0.0,True
116,9,5,cx_product_control,False,buffered,NAIVE_PRODUCT;PRODUCT_FUSED,1.4304896245381992e-17,0.0,True
117,8,7,cx_product_target,False,buffered,NAIVE_PRODUCT;PRODUCT_FUSED,1.4304896245381992e-17,0.0,True
118,6,0,cz,False,buffered,NAIVE_PRODUCT;PRODUCT_FUSED,2.8609792490763984e-17,0.0,True
119,8,1,generic,False,buffered,NAIVE_PRODUCT;PRODUCT_FUSED,1.962615573354719e-17,0.0,True
120,1,0,cx_product_control,False,buffered,NAIVE_PRODUCT;PRODUCT_FUSED,2.7755575615628914e-17,0.0,True
121,1,0,cx_product_target,False,buffered,NAIVE_PRODUCT;PRODUCT_FUSED,1.1102230246251565e-16,0.0,True
122,11,9,cz,False,buffered,NAIVE_PRODUCT;PRODUCT_FUSED,7.757919228897728e-18,0.0,True
123,3,0,generic,False,buffered,NAIVE_PRODUCT;PRODUCT_FUSED,6.938893903907228e-17,0.0,True
124,10,0,cx_product_control,False,buffered,NAIVE_PRODUCT;PRODUCT_FUSED,1.420594488758739e-17,0.0,True
125,3,1,cx_product_target,False,buffered,NAIVE_PRODUCT;PRODUCT_FUSED,2.7755575615628914e-17,0.0,True
126,12,3,cz,False,buffered,NAIVE_PRODUCT;PRODUCT_FUSED,6.938893903907228e-18,0.0,True
127,6,5,generic,False,buffered,NAIVE_PRODUCT;PRODUCT_FUSED,4.163336342344337e-17,0.0,True
128,6,4,cx_product_control,False,buffered,NAIVE_PRODUCT;PRODUCT_FUSED,2.7755575615628914e-17,0.0,True
129,4,3,cx_product_target,False,buffered,NAIVE_PRODUCT;PRODUCT_FUSED,2.8609792490763984e-17,0.0,True
130,6,3,cz,False,buffered,NAIVE_PRODUCT;PRODUCT_FUSED,2.7755575615628914e-17,0.0,True
131,1,0,generic,False,buffered,NAIVE_PRODUCT;PRODUCT_FUSED,8.326672684688674e-17,1.1102230246251565e-16,True
132,12,11,cx_product_control,False,buffered,NAIVE_PRODUCT;PRODUCT_FUSED,3.576224061345498e-18,0.0,True
133,4,1,cx_product_target,False,buffered,NAIVE_PRODUCT;PRODUCT_FUSED,2.7755575615628914e-17,0.0,True
134,2,1,cz,False,buffered,NAIVE_PRODUCT;PRODUCT_FUSED,2.7755575615628914e-17,0.0,True
135,10,1,generic,False,buffered,NAIVE_PRODUCT;PRODUCT_FUSED,1.5515838457795457e-17,1.1102230246251565e-16,True
136,8,0,cx_product_control,False,buffered,NAIVE_PRODUCT;PRODUCT_FUSED,1.3877787807814457e-17,0.0,True
137,3,0,cx_product_target,False,buffered,NAIVE_PRODUCT;PRODUCT_FUSED,2.8609792490763984e-17,0.0,True
138,9,5,cz,False,buffered,NAIVE_PRODUCT;PRODUCT_FUSED,7.757919228897728e-18,0.0,True
139,5,4,generic,False,buffered,NAIVE_PRODUCT;PRODUCT_FUSED,6.206335383118183e-17,1.1102230246251565e-16,True
140,8,3,cx_product_control,False,buffered,NAIVE_PRODUCT;PRODUCT_FUSED,1.5515838457795457e-17,0.0,True
141,12,4,cx_product_target,False,buffered,NAIVE_PRODUCT;PRODUCT_FUSED,6.952433221959954e-18,0.0,True
142,10,6,cz,False,buffered,NAIVE_PRODUCT;PRODUCT_FUSED,1.3877787807814457e-17,4.440892098500626e-16,True
143,9,0,generic,False,buffered,NAIVE_PRODUCT;PRODUCT_FUSED,2.1103821920200808e-17,0.0,True
144,9,1,cx_product_control,False,buffered,NAIVE_PRODUCT;PRODUCT_FUSED,1.3877787807814457e-17,0.0,True
145,7,5,cx_product_target,False,buffered,NAIVE_PRODUCT;PRODUCT_FUSED,1.3877787807814457e-17,0.0,True
146,8,7,cz,False,buffered,NAIVE_PRODUCT;PRODUCT_FUSED,7.152448122690996e-18,0.0,True
147,3,1,generic,False,buffered,NAIVE_PRODUCT;PRODUCT_FUSED,1.2412670766236366e-16,0.0,True
148,10,4,cx_product_control,False,buffered,NAIVE_PRODUCT;PRODUCT_FUSED,7.757919228897728e-18,0.0,True
149,4,0,cx_product_target,False,buffered,NAIVE_PRODUCT;PRODUCT_FUSED,1.1102230246251565e-16,0.0,True
150,12,11,cz,False,buffered,NAIVE_PRODUCT;PRODUCT_FUSED,7.152448122690996e-18,0.0,True
151,12,5,generic,False,buffered,NAIVE_PRODUCT;PRODUCT_FUSED,8.845388854693245e-18,1.1102230246251565e-16,True
152,8,3,cx_product_control,False,buffered,NAIVE_PRODUCT;PRODUCT_FUSED,1.4304896245381992e-17,0.0,True
153,3,0,cx_product_target,False,buffered,NAIVE_PRODUCT;PRODUCT_FUSED,6.206335383118183e-17,0.0,True
154,6,4,cz,False,buffered,NAIVE_PRODUCT;PRODUCT_FUSED,2.797157557069881e-17,0.0,True
155,7,1,generic,False,buffered,NAIVE_PRODUCT;PRODUCT_FUSED,5.721958498152797e-17,0.0,True
156,8,5,cx_product_control,False,buffered,NAIVE_PRODUCT;PRODUCT_FUSED,1.393864076242399e-17,0.0,True
157,12,1,cx_product_target,False,buffered,NAIVE_PRODUCT;PRODUCT_FUSED,6.938893903907228e-18,0.0,True
158,5,0,cz,False,buffered,NAIVE_PRODUCT;PRODUCT_FUSED,2.7755575615628914e-17,2.220446049250313e-16,True
159,5,3,generic,False,buffered,NAIVE_PRODUCT;PRODUCT_FUSED,4.3885418357208765e-17,0.0,True
160,8,1,cx_product_control,False,buffered,NAIVE_PRODUCT;PRODUCT_FUSED,1.5515838457795457e-17,0.0,True
161,11,9,cx_product_target,False,buffered,NAIVE_PRODUCT;PRODUCT_FUSED,7.757919228897728e-18,0.0,True
162,12,11,cz,False,buffered,NAIVE_PRODUCT;PRODUCT_FUSED,6.938893903907228e-18,0.0,True
163,11,2,generic,False,buffered,NAIVE_PRODUCT;PRODUCT_FUSED,1.3985787785349405e-17,0.0,True
164,2,0,cx_product_control,False,buffered,NAIVE_PRODUCT;PRODUCT_FUSED,5.721958498152797e-17,1.1102230246251565e-16,True
165,12,9,cx_product_target,False,buffered,NAIVE_PRODUCT;PRODUCT_FUSED,3.878959614448864e-18,0.0,True
166,1,0,cz,False,buffered,NAIVE_PRODUCT;PRODUCT_FUSED,1.1102230246251565e-16,0.0,True
167,10,4,generic,False,buffered,NAIVE_PRODUCT;PRODUCT_FUSED,1.5515838457795457e-17,0.0,True
168,6,5,cx_product_control,False,buffered,NAIVE_PRODUCT;PRODUCT_FUSED,2.7921100505985453e-17,0.0,True
169,12,6,cx_product_target,False,buffered,NAIVE_PRODUCT;PRODUCT_FUSED,4.9065389333867974e-18,0.0,True
170,3,1,cz,False,buffered,NAIVE_PRODUCT;PRODUCT_FUSED,5.721958498152797e-17,0.0,True
171,5,4,generic,False,buffered,NAIVE_PRODUCT;PRODUCT_FUSED,5.551115123125783e-17,0.0,True
172,5,1,cx_product_control,False,buffered,NAIVE_PRODUCT;PRODUCT_FUSED,2.7755575615628914e-17,2.220446049250313e-16,True
173,2,1,cx_product_target,False,buffered,NAIVE_PRODUCT;PRODUCT_FUSED,5.721958498152797e-17,0.0,True
174,10,8,cz,False,buffered,NAIVE_PRODUCT;PRODUCT_FUSED,7.757919228897728e-18,0.0,True
175,10,2,generic,False,buffered,NAIVE_PRODUCT;PRODUCT_FUSED,2.092931472577201e-17,0.0,True
176,6,1,cx_product_control,False,buffered,NAIVE_PRODUCT;PRODUCT_FUSED,2.8609792490763984e-17,0.0,True
177,9,3,cx_product_target,False,buffered,NAIVE_PRODUCT;PRODUCT_FUSED,1.5515838457795457e-17,0.0,True
178,6,5,cz,False,buffered,NAIVE_PRODUCT;PRODUCT_FUSED,2.7755575615628914e-17,1.1102230246251565e-16,True
179,2,1,generic,False,buffered,NAIVE_PRODUCT;PRODUCT_FUSED,1.3877787807814457e-16,2.220446049250313e-16,True
180,2,1,cx_product_control,False,buffered,NAIVE_PRODUCT;PRODUCT_FUSED,1.1102230246251565e-16,0.0,True
181,4,1,cx_product_target,False,buffered,NAIVE_PRODUCT;PRODUCT_FUSED,2.8609792490763984e-17,0.0,True
182,10,9,cz,False,buffered,NAIVE_PRODUCT;PRODUCT_FUSED,7.757919228897728e-18,0.0,True
183,4,1,generic,False,buffered,NAIVE_PRODUCT;PRODUCT_FUSED,1.1236938283130691e-16,4.440892098500626e-16,True
184,6,2,cx_product_control,False,buffered,NAIVE_PRODUCT;PRODUCT_FUSED,3.1031676915590914e-17,0.0,True
185,12,9,cx_product_target,False,buffered,NAIVE_PRODUCT;PRODUCT_FUSED,3.878959614448864e-18,0.0,True
186,4,0,cz,False,buffered,NAIVE_PRODUCT;PRODUCT_FUSED,5.551115123125783e-17,0.0,True
187,2,1,generic,False,buffered,NAIVE_PRODUCT;PRODUCT_FUSED,6.938893903907228e-17,1.1102230246251565e-16,True
188,1,0,cx_product_control,False,buffered,NAIVE_PRODUCT;PRODUCT_FUSED,1.1102230246251565e-16,2.220446049250313e-16,True
189,8,2,cx_product_target,False,buffered,NAIVE_PRODUCT;PRODUCT_FUSED,1.3877787807814457e-17,0.0,True
190,5,4,cz,False,buffered,NAIVE_PRODUCT;PRODUCT_FUSED,2.797157557069881e-17,0.0,True
191,5,2,generic,False,buffered,NAIVE_PRODUCT;PRODUCT_FUSED,5.721958498152797e-17,0.0,True
192,11,7,cx_product_control,False,buffered,NAIVE_PRODUCT;PRODUCT_FUSED,7.757919228897728e-18,1.1102230246251565e-16,True
193,5,4,cx_product_target,False,buffered,NAIVE_PRODUCT;PRODUCT_FUSED,5.551115123125783e-17,0.0,True
194,3,1,cz,False,buffered,NAIVE_PRODUCT;PRODUCT_FUSED,5.551115123125783e-17,2.220446049250313e-16,True
195,2,1,generic,False,buffered,NAIVE_PRODUCT;PRODUCT_FUSED,1.1443916996305594e-16,0.0,True
196,6,5,cx_product_control,False,buffered,NAIVE_PRODUCT;PRODUCT_FUSED,2.7755575615628914e-17,0.0,True
197,8,0,cx_product_target,False,buffered,NAIVE_PRODUCT;PRODUCT_FUSED,2.7809732887839817e-17,0.0,True
198,9,3,cz,False,buffered,NAIVE_PRODUCT;PRODUCT_FUSED,9.813077866773595e-18,1.1102230246251565e-16,True
199,9,3,generic,False,buffered,NAIVE_PRODUCT;PRODUCT_FUSED,2.797157557069881e-17,2.220446049250313e-16,True
200,1,0,cx_product_control,False,buffered,NAIVE_PRODUCT;PRODUCT_FUSED,5.594315114139762e-17,2.220446049250313e-16,True
201,6,2,cx_product_target,False,buffered,NAIVE_PRODUCT;PRODUCT_FUSED,2.8609792490763984e-17,0.0,True
202,9,4,cz,False,buffered,NAIVE_PRODUCT;PRODUCT_FUSED,1.4304896245381992e-17,2.220446049250313e-16,True
203,3,0,generic,False,buffered,NAIVE_PRODUCT;PRODUCT_FUSED,7.850462293418876e-17,0.0,True
204,8,4,cx_product_control,False,buffered,NAIVE_PRODUCT;PRODUCT_FUSED,1.4304896245381992e-17,0.0,True
205,4,2,cx_product_target,False,buffered,NAIVE_PRODUCT;PRODUCT_FUSED,5.721958498152797e-17,0.0,True
206,3,0,cz,False,buffered,NAIVE_PRODUCT;PRODUCT_FUSED,6.938893903907228e-18,0.0,True
207,8,7,generic,False,buffered,NAIVE_PRODUCT;PRODUCT_FUSED,3.1031676915590914e-17,0.0,True
208,3,0,cx_product_control,False,buffered,NAIVE_PRODUCT;PRODUCT_FUSED,5.721958498152797e-17,0.0,True
209,2,0,cx_product_target,False,buffered,NAIVE_PRODUCT;PRODUCT_FUSED,1.3877787807814457e-17,0.0,True
210,4,0,cz,False,buffered,NAIVE_PRODUCT;PRODUCT_FUSED,1.3877787807814457e-17,0.0,True
211,5,3,generic,False,buffered,NAIVE_PRODUCT;PRODUCT_FUSED,6.206335383118183e-17,0.0,True
212,7,1,cx_product_control,False,buffered,NAIVE_PRODUCT;PRODUCT_FUSED,1.962615573354719e-17,0.0,True
213,1,0,cx_product_target,False,buffered,NAIVE_PRODUCT;PRODUCT_FUSED,1.1102230246251565e-16,0.0,True
214,11,2,cz,False,buffered,NAIVE_PRODUCT;PRODUCT_FUSED,6.938893903907228e-18,0.0,True
215,6,1,generic,False,buffered,NAIVE_PRODUCT;PRODUCT_FUSED,3.1031676915590914e-17,2.220446049250313e-16,True
216,2,0,cx_product_control,False,buffered,NAIVE_PRODUCT;PRODUCT_FUSED,6.206335383118183e-17,0.0,True
217,10,7,cx_product_target,False,buffered,NAIVE_PRODUCT;PRODUCT_FUSED,6.992893892674703e-18,0.0,True
218,3,0,cz,False,buffered,NAIVE_PRODUCT;PRODUCT_FUSED,5.551115123125783e-17,0.0,True
219,3,2,generic,False,buffered,NAIVE_PRODUCT;PRODUCT_FUSED,7.850462293418876e-17,4.440892098500626e-16,True
220,6,0,cx_product_control,False,buffered,NAIVE_PRODUCT;PRODUCT_FUSED,1.5515838457795457e-17,0.0,True
221,4,3,cx_product_target,False,buffered,NAIVE_PRODUCT;PRODUCT_FUSED,2.7755575615628914e-17,0.0,True
222,5,1,cz,False,buffered,NAIVE_PRODUCT;PRODUCT_FUSED,2.7755575615628914e-17,0.0,True
223,3,2,generic,False,buffered,NAIVE_PRODUCT;PRODUCT_FUSED,1.1295700899707568e-16,0.0,True
224,12,7,cx_product_control,False,buffered,NAIVE_PRODUCT;PRODUCT_FUSED,7.152448122690996e-18,0.0,True
225,12,10,cx_product_target,False,buffered,NAIVE_PRODUCT;PRODUCT_FUSED,4.9065389333867974e-18,0.0,True
226,7,3,cz,False,buffered,NAIVE_PRODUCT;PRODUCT_FUSED,1.4304896245381992e-17,1.1102230246251565e-16,True
227,8,7,generic,False,buffered,NAIVE_PRODUCT;PRODUCT_FUSED,3.1031676915590914e-17,0.0,True
228,10,2,cx_product_control,False,buffered,NAIVE_PRODUCT;PRODUCT_FUSED,9.813077866773595e-18,0.0,True
229,4,0,cx_product_target,False,buffered,NAIVE_PRODUCT;PRODUCT_FUSED,5.721958498152797e-17,0.0,True
230,11,10,cz,False,buffered,NAIVE_PRODUCT;PRODUCT_FUSED,6.938893903907228e-18,0.0,True
231,6,5,generic,False,buffered,NAIVE_PRODUCT;PRODUCT_FUSED,3.1031676915590914e-17,1.1102230246251565e-16,True
232,7,0,cx_product_control,False,buffered,NAIVE_PRODUCT;PRODUCT_FUSED,1.3985787785349405e-17,0.0,True
233,3,2,cx_product_target,False,buffered,NAIVE_PRODUCT;PRODUCT_FUSED,2.7755575615628914e-17,0.0,True
234,2,1,cz,False,buffered,NAIVE_PRODUCT;PRODUCT_FUSED,3.1031676915590914e-17,1.1102230246251565e-16,True
235,4,1,generic,False,buffered,NAIVE_PRODUCT;PRODUCT_FUSED,6.206335383118183e-17,0.0,True
236,12,11,cx_product_control,False,buffered,NAIVE_PRODUCT;PRODUCT_FUSED,6.938893903907228e-18,0.0,True
237,10,6,cx_product_target,False,buffered,NAIVE_PRODUCT;PRODUCT_FUSED,1.3985787785349405e-17,0.0,True
238,1,0,cz,False,buffered,NAIVE_PRODUCT;PRODUCT_FUSED,5.551115123125783e-17,0.0,True
239,5,2,generic,False,buffered,NAIVE_PRODUCT;PRODUCT_FUSED,5.618469141565346e-17,0.0,True
240,2,0,cx_product_control,False,buffered,NAIVE_PRODUCT;PRODUCT_FUSED,6.206335383118183e-17,1.1102230246251565e-16,True
241,5,4,cx_product_target,False,buffered,NAIVE_PRODUCT;PRODUCT_FUSED,3.1031676915590914e-17,0.0,True
242,10,9,cz,False,buffered,NAIVE_PRODUCT;PRODUCT_FUSED,1.3877787807814457e-17,0.0,True
243,2,0,generic,False,buffered,NAIVE_PRODUCT;PRODUCT_FUSED,1.1123893155135927e-16,1.1102230246251565e-16,True
244,3,0,cx_product_control,False,buffered,NAIVE_PRODUCT;PRODUCT_FUSED,5.551115123125783e-17,0.0,True
245,10,5,cx_product_target,False,buffered,NAIVE_PRODUCT;PRODUCT_FUSED,1.3877787807814457e-17,0.0,True
246,8,3,cz,False,buffered,NAIVE_PRODUCT;PRODUCT_FUSED,1.5515838457795457e-17,0.0,True
247,6,5,generic,False,buffered,NAIVE_PRODUCT;PRODUCT_FUSED,5.815852873680767e-17,0.0,True
248,9,8,cx_product_control,False,buffered,NAIVE_PRODUCT;PRODUCT_FUSED,9.813077866773595e-18,0.0,True
249,7,2,cx_product_target,False,buffered,NAIVE_PRODUCT;PRODUCT_FUSED,1.4304896245381992e-17,0.0,True
250,12,7,cz,False,buffered,NAIVE_PRODUCT;PRODUCT_FUSED,6.938893903907228e-18,0.0,True
251,2,0,generic,False,buffered,NAIVE_PRODUCT;PRODUCT_FUSED,1.1443916996305594e-16,0.0,True
252,11,0,cx_product_control,False,buffered,NAIVE_PRODUCT;PRODUCT_FUSED,7.757919228897728e-18,1.1102230246251565e-16,True
253,1,0,cx_product_target,False,buffered,NAIVE_PRODUCT;PRODUCT_FUSED,2.7755575615628914e-17,0.0,True
254,4,1,cz,False,buffered,NAIVE_PRODUCT;PRODUCT_FUSED,5.551115123125783e-17,0.0,True
255,12,1,generic,False,buffered,NAIVE_PRODUCT;PRODUCT_FUSED,1.0971354589302191e-17,0.0,True
256,4,0,cx_product_control,False,buffered,NAIVE_PRODUCT;PRODUCT_FUSED,6.206335383118183e-17,0.0,True
257,8,7,cx_product_target,False,buffered,NAIVE_PRODUCT;PRODUCT_FUSED,1.3985787785349405e-17,0.0,True
258,3,1,cz,False,buffered,NAIVE_PRODUCT;PRODUCT_FUSED,5.551115123125783e-17,0.0,True
259,9,3,generic,False,buffered,NAIVE_PRODUCT;PRODUCT_FUSED,3.273069708340169e-17,0.0,True
260,4,3,cx_product_control,False,buffered,NAIVE_PRODUCT;PRODUCT_FUSED,5.579671386619298e-17,0.0,True
261,5,4,cx_product_target,False,buffered,NAIVE_PRODUCT;PRODUCT_FUSED,2.7755575615628914e-17,0.0,True
262,4,2,cz,False,buffered,NAIVE_PRODUCT;PRODUCT_FUSED,5.682377955034956e-17,0.0,True
263,11,5,generic,False,buffered,NAIVE_PRODUCT;PRODUCT_FUSED,2.083474391183281e-17,0.0,True
264,2,0,cx_product_control,False,buffered,NAIVE_PRODUCT;PRODUCT_FUSED,5.551115123125783e-17,0.0,True
265,7,1,cx_product_target,False,buffered,NAIVE_PRODUCT;PRODUCT_FUSED,2.8609792490763984e-17,0.0,True
266,11,6,cz,False,buffered,NAIVE_PRODUCT;PRODUCT_FUSED,6.938893903907228e-18,0.0,True
267,8,4,generic,False,buffered,NAIVE_PRODUCT;PRODUCT_FUSED,2.1103821920200808e-17,0.0,True
268,8,4,cx_product_control,False,buffered,NAIVE_PRODUCT;PRODUCT_FUSED,1.5515838457795457e-17,0.0,True
269,1,0,cx_product_target,False,buffered,NAIVE_PRODUCT;PRODUCT_FUSED,3.469446951953614e-18,0.0,True
270,2,0,cz,False,buffered,NAIVE_PRODUCT;PRODUCT_FUSED,5.551115123125783e-17,0.0,True
271,9,2,generic,False,buffered,NAIVE_PRODUCT;PRODUCT_FUSED,2.0304417714388973e-17,1.1102230246251565e-16,True
272,12,5,cx_product_control,False,buffered,NAIVE_PRODUCT;PRODUCT_FUSED,6.938893903907228e-18,0.0,True
273,1,0,cx_product_target,False,buffered,NAIVE_PRODUCT;PRODUCT_FUSED,5.721958498152797e-17,0.0,True
274,8,6,cz,False,buffered,NAIVE_PRODUCT;PRODUCT_FUSED,1.5515838457795457e-17,0.0,True
275,9,5,generic,False,buffered,NAIVE_PRODUCT;PRODUCT_FUSED,2.8609792490763984e-17,0.0,True
276,5,3,cx_product_control,False,buffered,NAIVE_PRODUCT;PRODUCT_FUSED,2.7755575615628914e-17,0.0,True
277,2,1,cx_product_target,False,buffered,NAIVE_PRODUCT;PRODUCT_FUSED,5.721958498152797e-17,0.0,True
278,7,4,cz,False,buffered,NAIVE_PRODUCT;PRODUCT_FUSED,6.992893892674703e-18,0.0,True
279,9,7,generic,False,buffered,NAIVE_PRODUCT;PRODUCT_FUSED,3.1031676915590914e-17,0.0,True
280,1,0,cx_product_control,False,buffered,NAIVE_PRODUCT;PRODUCT_FUSED,6.938893903907228e-18,0.0,True
281,6,1,cx_product_target,False,buffered,NAIVE_PRODUCT;PRODUCT_FUSED,3.1031676915590914e-17,0.0,True
282,7,5,cz,False,buffered,NAIVE_PRODUCT;PRODUCT_FUSED,1.962615573354719e-17,0.0,True
283,10,9,generic,False,buffered,NAIVE_PRODUCT;PRODUCT_FUSED,1.4539632184201917e-17,0.0,True
284,10,8,cx_product_control,False,buffered,NAIVE_PRODUCT;PRODUCT_FUSED,6.992893892674703e-18,0.0,True
285,8,5,cx_product_target,False,buffered,NAIVE_PRODUCT;PRODUCT_FUSED,1.3877787807814457e-17,0.0,True
286,12,3,cz,False,buffered,NAIVE_PRODUCT;PRODUCT_FUSED,3.878959614448864e-18,0.0,True
287,1,0,generic,False,buffered,NAIVE_PRODUCT;PRODUCT_FUSED,6.206335383118183e-17,0.0,True
288,4,0,cx_product_control,False,buffered,NAIVE_PRODUCT;PRODUCT_FUSED,5.721958498152797e-17,0.0,True
289,10,4,cx_product_target,False,buffered,NAIVE_PRODUCT;PRODUCT_FUSED,7.757919228897728e-18,0.0,True
290,2,1,cz,False,buffered,NAIVE_PRODUCT;PRODUCT_FUSED,1.3877787807814457e-17,0.0,True
291,10,4,generic,False,buffered,NAIVE_PRODUCT;PRODUCT_FUSED,2.8609792490763984e-17,0.0,True
292,7,5,cx_product_control,False,buffered,NAIVE_PRODUCT;PRODUCT_FUSED,1.5515838457795457e-17,0.0,True
293,1,0,cx_product_target,False,buffered,NAIVE_PRODUCT;PRODUCT_FUSED,5.551115123125783e-17,0.0,True
294,6,1,cz,False,buffered,NAIVE_PRODUCT;PRODUCT_FUSED,1.3877787807814457e-17,0.0,True
295,4,0,generic,False,buffered,NAIVE_PRODUCT;PRODUCT_FUSED,5.721958498152797e-17,0.0,True
296,5,3,cx_product_control,False,buffered,NAIVE_PRODUCT;PRODUCT_FUSED,2.7755575615628914e-17,0.0,True
297,5,2,cx_product_target,False,buffered,NAIVE_PRODUCT;PRODUCT_FUSED,1.3985787785349405e-17,0.0,True
298,9,0,cz,False,buffered,NAIVE_PRODUCT;PRODUCT_FUSED,1.4304896245381992e-17,0.0,True
299,9,7,generic,False,buffered,NAIVE_PRODUCT;PRODUCT_FUSED,2.8609792490763984e-17,1.1102230246251565e-16,True
300,8,1,cx_product_control,False,buffered,NAIVE_PRODUCT;PRODUCT_FUSED,1.3985787785349405e-17,0.0,True
301,2,1,cx_product_target,False,buffered,NAIVE_PRODUCT;PRODUCT_FUSED,3.1031676915590914e-17,0.0,True
302,9,0,cz,False,buffered,NAIVE_PRODUCT;PRODUCT_FUSED,1.4304896245381992e-17,0.0,True
303,6,2,generic,False,buffered,NAIVE_PRODUCT;PRODUCT_FUSED,5.647850449853784e-17,0.0,True
304,8,0,cx_product_control,False,buffered,NAIVE_PRODUCT;PRODUCT_FUSED,1.5515838457795457e-17,0.0,True
305,10,3,cx_product_target,False,buffered,NAIVE_PRODUCT;PRODUCT_FUSED,7.757919228897728e-18,1.1102230246251565e-16,True
306,2,0,cz,False,buffered,NAIVE_PRODUCT;PRODUCT_FUSED,5.551115123125783e-17,0.0,True
307,5,1,generic,False,buffered,NAIVE_PRODUCT;PRODUCT_FUSED,6.206335383118183e-17,0.0,True
308,2,0,cx_product_control,False,buffered,NAIVE_PRODUCT;PRODUCT_FUSED,1.1123893155135927e-16,0.0,True
309,3,0,cx_product_target,False,buffered,NAIVE_PRODUCT;PRODUCT_FUSED,2.8609792490763984e-17,2.220446049250313e-16,True
310,6,4,cz,False,buffered,NAIVE_PRODUCT;PRODUCT_FUSED,2.7755575615628914e-17,0.0,True
311,7,3,generic,False,buffered,NAIVE_PRODUCT;PRODUCT_FUSED,3.184528986116163e-17,0.0,True
312,3,1,cx_product_control,False,buffered,NAIVE_PRODUCT;PRODUCT_FUSED,5.551115123125783e-17,1.1102230246251565e-16,True
313,8,2,cx_product_target,False,buffered,NAIVE_PRODUCT;PRODUCT_FUSED,1.962615573354719e-17,0.0,True
314,6,4,cz,False,buffered,NAIVE_PRODUCT;PRODUCT_FUSED,1.3877787807814457e-17,0.0,True
315,3,2,generic,False,buffered,NAIVE_PRODUCT;PRODUCT_FUSED,1.1857187100668868e-16,1.1102230246251565e-16,True
316,9,4,cx_product_control,False,buffered,NAIVE_PRODUCT;PRODUCT_FUSED,1.3877787807814457e-17,0.0,True
317,12,3,cx_product_target,False,buffered,NAIVE_PRODUCT;PRODUCT_FUSED,7.152448122690996e-18,0.0,True
318,10,0,cz,False,buffered,NAIVE_PRODUCT;PRODUCT_FUSED,9.813077866773595e-18,0.0,True
319,2,0,generic,False,buffered,NAIVE_PRODUCT;PRODUCT_FUSED,7.850462293418876e-17,0.0,True
320,5,2,cx_product_control,False,buffered,NAIVE_PRODUCT;PRODUCT_FUSED,2.7755575615628914e-17,1.1102230246251565e-16,True
321,5,2,cx_product_target,False,buffered,NAIVE_PRODUCT;PRODUCT_FUSED,2.7809732887839817e-17,0.0,True
322,12,0,cz,False,buffered,NAIVE_PRODUCT;PRODUCT_FUSED,7.152448122690996e-18,1.1102230246251565e-16,True
323,1,0,generic,False,buffered,NAIVE_PRODUCT;PRODUCT_FUSED,2.220446049250313e-16,0.0,True
324,4,0,cx_product_control,False,buffered,NAIVE_PRODUCT;PRODUCT_FUSED,5.551115123125783e-17,0.0,True
325,4,1,cx_product_target,False,buffered,NAIVE_PRODUCT;PRODUCT_FUSED,5.551115123125783e-17,0.0,True
326,10,3,cz,False,buffered,NAIVE_PRODUCT;PRODUCT_FUSED,7.757919228897728e-18,0.0,True
327,5,1,generic,False,buffered,NAIVE_PRODUCT;PRODUCT_FUSED,5.721958498152797e-17,1.1102230246251565e-16,True
328,3,2,cx_product_control,False,buffered,NAIVE_PRODUCT;PRODUCT_FUSED,6.938893903907228e-18,0.0,True
329,5,4,cx_product_target,False,buffered,NAIVE_PRODUCT;PRODUCT_FUSED,2.7755575615628914e-17,0.0,True
330,10,3,cz,False,buffered,NAIVE_PRODUCT;PRODUCT_FUSED,7.757919228897728e-18,0.0,True
331,1,0,generic,False,buffered,NAIVE_PRODUCT;PRODUCT_FUSED,6.206335383118183e-17,0.0,True
332,8,7,cx_product_control,False,buffered,NAIVE_PRODUCT;PRODUCT_FUSED,1.3877787807814457e-17,0.0,True
333,10,0,cx_product_target,False,buffered,NAIVE_PRODUCT;PRODUCT_FUSED,7.152448122690996e-18,0.0,True
334,12,9,cz,False,buffered,NAIVE_PRODUCT;PRODUCT_FUSED,7.757919228897728e-18,0.0,True
335,2,1,generic,False,buffered,NAIVE_PRODUCT;PRODUCT_FUSED,1.2412670766236366e-16,0.0,True
336,8,6,cx_product_control,False,buffered,NAIVE_PRODUCT;PRODUCT_FUSED,1.3879481770324007e-17,0.0,True
337,5,0,cx_product_target,False,buffered,NAIVE_PRODUCT;PRODUCT_FUSED,2.8609792490763984e-17,0.0,True
338,12,11,cz,False,buffered,NAIVE_PRODUCT;PRODUCT_FUSED,6.952433221959954e-18,0.0,True
339,1,0,generic,False,buffered,NAIVE_PRODUCT;PRODUCT_FUSED,7.850462293418876e-17,0.0,True
340,2,1,cx_product_control,False,buffered,NAIVE_PRODUCT;PRODUCT_FUSED,5.551115123125783e-17,0.0,True
341,2,0,cx_product_target,False,buffered,NAIVE_PRODUCT;PRODUCT_FUSED,2.7755575615628914e-17,0.0,True
342,12,11,cz,False,buffered,NAIVE_PRODUCT;PRODUCT_FUSED,3.878959614448864e-18,0.0,True
343,5,1,generic,False,buffered,NAIVE_PRODUCT;PRODUCT_FUSED,6.206335383118183e-17,0.0,True
344,4,3,cx_product_control,False,buffered,NAIVE_PRODUCT;PRODUCT_FUSED,5.584220101197091e-17,0.0,True
345,5,3,cx_product_target,False,buffered,NAIVE_PRODUCT;PRODUCT_FUSED,2.7755575615628914e-17,0.0,True
346,7,3,cz,False,buffered,NAIVE_PRODUCT;PRODUCT_FUSED,2.7755575615628914e-17,0.0,True
347,5,3,generic,False,buffered,NAIVE_PRODUCT;PRODUCT_FUSED,5.721958498152797e-17,2.220446049250313e-16,True
348,9,5,cx_product_control,False,buffered,NAIVE_PRODUCT;PRODUCT_FUSED,1.3985787785349405e-17,0.0,True
349,9,3,cx_product_target,False,buffered,NAIVE_PRODUCT;PRODUCT_FUSED,1.4304896245381992e-17,0.0,True
350,12,8,cz,False,buffered,NAIVE_PRODUCT;PRODUCT_FUSED,7.152448122690996e-18,0.0,True
351,7,1,generic,False,buffered,NAIVE_PRODUCT;PRODUCT_FUSED,3.1031676915590914e-17,0.0,True
352,8,4,cx_product_control,False,buffered,NAIVE_PRODUCT;PRODUCT_FUSED,1.3904866443919908e-17,0.0,True
353,3,1,cx_product_target,False,buffered,NAIVE_PRODUCT;PRODUCT_FUSED,5.647850449853784e-17,0.0,True
354,9,2,cz,False,buffered,NAIVE_PRODUCT;PRODUCT_FUSED,1.3884562417838567e-17,0.0,True
355,1,0,generic,False,buffered,NAIVE_PRODUCT;PRODUCT_FUSED,1.5700924586837752e-16,0.0,True
356,9,3,cx_product_control,False,buffered,NAIVE_PRODUCT;PRODUCT_FUSED,1.3985787785349405e-17,0.0,True
357,1,0,cx_product_target,False,buffered,NAIVE_PRODUCT;PRODUCT_FUSED,0.0,0.0,True
358,6,3,cz,False,buffered,NAIVE_PRODUCT;PRODUCT_FUSED,1.4304896245381992e-17,2.220446049250313e-16,True
359,7,0,generic,False,buffered,NAIVE_PRODUCT;PRODUCT_FUSED,3.622208959480119e-17,0.0,True
360,5,2,cx_product_control,False,buffered,NAIVE_PRODUCT;PRODUCT_FUSED,2.7755575615628914e-17,0.0,True
361,10,6,cx_product_target,False,buffered,NAIVE_PRODUCT;PRODUCT_FUSED,1.4304896245381992e-17,1.1102230246251565e-16,True
362,1,0,cz,False,buffered,NAIVE_PRODUCT;PRODUCT_FUSED,6.938893903907228e-18,0.0,True
363,6,0,generic,False,buffered,NAIVE_PRODUCT;PRODUCT_FUSED,3.1031676915590914e-17,2.220446049250313e-16,True
364,8,6,cx_product_control,False,buffered,NAIVE_PRODUCT;PRODUCT_FUSED,1.5515838457795457e-17,0.0,True
365,2,1,cx_product_target,False,buffered,NAIVE_PRODUCT;PRODUCT_FUSED,5.551115123125783e-17,0.0,True
366,8,3,cz,False,buffered,NAIVE_PRODUCT;PRODUCT_FUSED,9.813077866773595e-18,0.0,True
367,5,2,generic,False,buffered,NAIVE_PRODUCT;PRODUCT_FUSED,5.928593550334434e-17,0.0,True
368,8,2,cx_product_control,False,buffered,NAIVE_PRODUCT;PRODUCT_FUSED,7.152448122690996e-18,0.0,True
369,5,0,cx_product_target,False,buffered,NAIVE_PRODUCT;PRODUCT_FUSED,2.797157557069881e-17,0.0,True
370,8,5,cz,False,buffered,NAIVE_PRODUCT;PRODUCT_FUSED,1.4304896245381992e-17,0.0,True
371,2,1,generic,False,buffered,NAIVE_PRODUCT;PRODUCT_FUSED,1.2412670766236366e-16,1.1102230246251565e-16,True
372,2,1,cx_product_control,False,buffered,NAIVE_PRODUCT;PRODUCT_FUSED,5.551115123125783e-17,0.0,True
373,6,3,cx_product_target,False,buffered,NAIVE_PRODUCT;PRODUCT_FUSED,2.8609792490763984e-17,4.440892098500626e-16,True
374,6,5,cz,False,buffered,NAIVE_PRODUCT;PRODUCT_FUSED,3.1031676915590914e-17,0.0,True
375,2,0,generic,False,buffered,NAIVE_PRODUCT;PRODUCT_FUSED,1.1102230246251565e-16,0.0,True
376,9,7,cx_product_control,False,buffered,NAIVE_PRODUCT;PRODUCT_FUSED,1.3904866443919908e-17,0.0,True
377,12,5,cx_product_target,False,buffered,NAIVE_PRODUCT;PRODUCT_FUSED,7.152448122690996e-18,0.0,True
378,5,0,cz,False,buffered,NAIVE_PRODUCT;PRODUCT_FUSED,2.7755575615628914e-17,0.0,True
379,3,1,generic,False,buffered,NAIVE_PRODUCT;PRODUCT_FUSED,1.1102230246251565e-16,0.0,True
380,6,1,cx_product_control,False,buffered,NAIVE_PRODUCT;PRODUCT_FUSED,3.1031676915590914e-17,0.0,True
381,1,0,cx_product_target,False,buffered,NAIVE_PRODUCT;PRODUCT_FUSED,5.551115123125783e-17,0.0,True
382,9,3,cz,False,buffered,NAIVE_PRODUCT;PRODUCT_FUSED,1.3985787785349405e-17,0.0,True
383,8,5,generic,False,buffered,NAIVE_PRODUCT;PRODUCT_FUSED,2.8609792490763984e-17,0.0,True
384,6,1,cx_product_control,False,buffered,NAIVE_PRODUCT;PRODUCT_FUSED,3.1031676915590914e-17,0.0,True
385,3,0,cx_product_target,False,buffered,NAIVE_PRODUCT;PRODUCT_FUSED,2.7755575615628914e-17,0.0,True
386,7,2,cz,False,buffered,NAIVE_PRODUCT;PRODUCT_FUSED,1.4304896245381992e-17,0.0,True
387,6,3,generic,False,buffered,NAIVE_PRODUCT;PRODUCT_FUSED,3.469446951953614e-17,0.0,True
388,11,4,cx_product_control,False,buffered,NAIVE_PRODUCT;PRODUCT_FUSED,7.757919228897728e-18,0.0,True
389,11,8,cx_product_target,False,buffered,NAIVE_PRODUCT;PRODUCT_FUSED,6.992893892674703e-18,0.0,True
390,9,6,cz,False,buffered,NAIVE_PRODUCT;PRODUCT_FUSED,1.3877787807814457e-17,0.0,True
391,4,1,generic,False,buffered,NAIVE_PRODUCT;PRODUCT_FUSED,6.938893903907228e-17,1.1102230246251565e-16,True
392,9,2,cx_product_control,False,buffered,NAIVE_PRODUCT;PRODUCT_FUSED,1.3985787785349405e-17,0.0,True
393,9,6,cx_product_target,False,buffered,NAIVE_PRODUCT;PRODUCT_FUSED,9.813077866773595e-18,2.220446049250313e-16,True
394,8,2,cz,False,buffered,NAIVE_PRODUCT;PRODUCT_FUSED,1.5515838457795457e-17,0.0,True
395,9,1,generic,False,buffered,NAIVE_PRODUCT;PRODUCT_FUSED,2.7755575615628914e-17,2.220446049250313e-16,True
396,8,2,cx_product_control,False,buffered,NAIVE_PRODUCT;PRODUCT_FUSED,1.4304896245381992e-17,0.0,True
397,9,7,cx_product_target,False,buffered,NAIVE_PRODUCT;PRODUCT_FUSED,1.3877787807814457e-17,0.0,True
398,7,0,cz,False,buffered,NAIVE_PRODUCT;PRODUCT_FUSED,2.7809732887839817e-17,0.0,True
399,2,0,generic,False,buffered,NAIVE_PRODUCT;PRODUCT_FUSED,1.3877787807814457e-16,2.220446049250313e-16,True
400,2,1,cx_product_control,False,buffered,NAIVE_PRODUCT;PRODUCT_FUSED,2.7755575615628914e-17,0.0,True
401,7,1,cx_product_target,False,buffered,NAIVE_PRODUCT;PRODUCT_FUSED,2.8609792490763984e-17,0.0,True
402,11,9,cz,False,buffered,NAIVE_PRODUCT;PRODUCT_FUSED,3.576224061345498e-18,0.0,True
403,8,1,generic,False,buffered,NAIVE_PRODUCT;PRODUCT_FUSED,3.1031676915590914e-17,0.0,True
404,1,0,cx_product_control,False,buffered,NAIVE_PRODUCT;PRODUCT_FUSED,1.5700924586837752e-16,0.0,True
405,6,3,cx_product_target,False,buffered,NAIVE_PRODUCT;PRODUCT_FUSED,2.7769124835677133e-17,0.0,True
406,5,0,cz,False,buffered,NAIVE_PRODUCT;PRODUCT_FUSED,2.8609792490763984e-17,1.1102230246251565e-16,True
407,12,0,generic,False,buffered,NAIVE_PRODUCT;PRODUCT_FUSED,1.3877787807814457e-17,2.220446049250313e-16,True
408,7,4,cx_product_control,False,buffered,NAIVE_PRODUCT;PRODUCT_FUSED,2.7769124835677133e-17,0.0,True
409,7,1,cx_product_target,False,buffered,NAIVE_PRODUCT;PRODUCT_FUSED,2.787728152484798e-17,0.0,True
410,2,0,cz,False,buffered,NAIVE_PRODUCT;PRODUCT_FUSED,2.7755575615628914e-17,0.0,True
411,5,4,generic,False,buffered,NAIVE_PRODUCT;PRODUCT_FUSED,7.850462293418876e-17,0.0,True
412,5,1,cx_product_control,False,buffered,NAIVE_PRODUCT;PRODUCT_FUSED,2.797157557069881e-17,0.0,True
413,5,1,cx_product_target,False,buffered,NAIVE_PRODUCT;PRODUCT_FUSED,2.823925224926892e-17,0.0,True
414,9,0,cz,False,buffered,NAIVE_PRODUCT;PRODUCT_FUSED,7.757919228897728e-18,0.0,True
415,4,1,generic,False,buffered,NAIVE_PRODUCT;PRODUCT_FUSED,6.206335383118183e-17,1.1102230246251565e-16,True
416,11,3,cx_product_control,False,buffered,NAIVE_PRODUCT;PRODUCT_FUSED,6.992893892674703e-18,0.0,True
417,9,7,cx_product_target,False,buffered,NAIVE_PRODUCT;PRODUCT_FUSED,1.3877787807814457e-17,2.220446049250313e-16,True
418,6,2,cz,False,buffered,NAIVE_PRODUCT;PRODUCT_FUSED,2.7755575615628914e-17,0.0,True
419,9,2,generic,False,buffered,NAIVE_PRODUCT;PRODUCT_FUSED,2.3273757686693185e-17,1.1102230246251565e-16,True
420,12,6,cx_product_control,False,buffered,NAIVE_PRODUCT;PRODUCT_FUSED,3.878959614448864e-18,0.0,True
421,2,0,cx_product_target,False,buffered,NAIVE_PRODUCT;PRODUCT_FUSED,1.1102230246251565e-16,0.0,True
422,6,0,cz,False,buffered,NAIVE_PRODUCT;PRODUCT_FUSED,2.7755575615628914e-17,0.0,True
423,12,9,generic,False,buffered,NAIVE_PRODUCT;PRODUCT_FUSED,1.0551910960100404e-17,0.0,True
424,6,0,cx_product_control,False,buffered,NAIVE_PRODUCT;PRODUCT_FUSED,2.7755575615628914e-17,0.0,True
425,3,2,cx_product_target,False,buffered,NAIVE_PRODUCT;PRODUCT_FUSED,1.3877787807814457e-17,0.0,True
426,6,1,cz,False,buffered,NAIVE_PRODUCT;PRODUCT_FUSED,1.962615573354719e-17,0.0,True
427,4,0,generic,False,buffered,NAIVE_PRODUCT;PRODUCT_FUSED,6.938893903907228e-17,4.440892098500626e-16,True
428,12,2,cx_product_control,False,buffered,NAIVE_PRODUCT;PRODUCT_FUSED,6.938893903907228e-18,0.0,True
429,9,1,cx_product_target,False,buffered,NAIVE_PRODUCT;PRODUCT_FUSED,1.4304896245381992e-17,0.0,True
430,7,2,cz,False,buffered,NAIVE_PRODUCT;PRODUCT_FUSED,2.7755575615628914e-17,0.0,True
431,9,2,generic,False,buffered,NAIVE_PRODUCT;PRODUCT_FUSED,2.797157557069881e-17,0.0,True
432,12,8,cx_product_control,False,buffered,NAIVE_PRODUCT;PRODUCT_FUSED,7.152448122690996e-18,0.0,True
433,6,5,cx_product_target,False,buffered,NAIVE_PRODUCT;PRODUCT_FUSED,2.7755575615628914e-17,2.220446049250313e-16,True
434,12,4,cz,False,buffered,NAIVE_PRODUCT;PRODUCT_FUSED,3.878959614448864e-18,0.0,True
435,8,1,generic,False,buffered,NAIVE_PRODUCT;PRODUCT_FUSED,2.964296775167217e-17,0.0,True
436,8,2,cx_product_control,False,buffered,NAIVE_PRODUCT;PRODUCT_FUSED,1.3877787807814457e-17,0.0,True
437,3,2,cx_product_target,False,buffered,NAIVE_PRODUCT;PRODUCT_FUSED,1.3877787807814457e-17,0.0,True
438,2,1,cz,False,buffered,NAIVE_PRODUCT;PRODUCT_FUSED,2.7755575615628914e-17,0.0,True
439,7,6,generic,False,buffered,NAIVE_PRODUCT;PRODUCT_FUSED,3.1031676915590914e-17,0.0,True
440,12,8,cx_product_control,False,buffered,NAIVE_PRODUCT;PRODUCT_FUSED,4.9065389333867974e-18,0.0,True
441,8,4,cx_product_target,False,buffered,NAIVE_PRODUCT;PRODUCT_FUSED,1.5515838457795457e-17,0.0,True
442,1,0,cz,False,buffered,NAIVE_PRODUCT;PRODUCT_FUSED,5.551115123125783e-17,1.1102230246251565e-16,True
443,5,4,generic,False,buffered,NAIVE_PRODUCT;PRODUCT_FUSED,6.245004513516506e-17,0.0,True
444,3,0,cx_product_control,False,buffered,NAIVE_PRODUCT;PRODUCT_FUSED,5.551115123125783e-17,0.0,True
445,11,6,cx_product_target,False,buffered,NAIVE_PRODUCT;PRODUCT_FUSED,3.878959614448864e-18,0.0,True
446,8,7,cz,False,buffered,NAIVE_PRODUCT;PRODUCT_FUSED,1.962615573354719e-17,0.0,True
447,8,5,generic,False,buffered,NAIVE_PRODUCT;PRODUCT_FUSED,3.1031676915590914e-17,2.220446049250313e-16,True
448,1,0,cx_product_control,False,buffered,NAIVE_PRODUCT;PRODUCT_FUSED,5.551115123125783e-17,1.1102230246251565e-16,True
449,5,2,cx_product_target,False,buffered,NAIVE_PRODUCT;PRODUCT_FUSED,5.721958498152797e-17,0.0,True
450,2,0,cz,False,buffered,NAIVE_PRODUCT;PRODUCT_FUSED,2.7755575615628914e-17,0.0,True
451,12,0,generic,False,buffered,NAIVE_PRODUCT;PRODUCT_FUSED,1.0551910960100404e-17,0.0,True
452,8,3,cx_product_control,False,buffered,NAIVE_PRODUCT;PRODUCT_FUSED,1.5515838457795457e-17,0.0,True
453,5,1,cx_product_target,False,buffered,NAIVE_PRODUCT;PRODUCT_FUSED,3.1031676915590914e-17,0.0,True
454,3,2,cz,False,buffered,NAIVE_PRODUCT;PRODUCT_FUSED,5.594315114139762e-17,0.0,True
455,4,2,generic,False,buffered,NAIVE_PRODUCT;PRODUCT_FUSED,6.206335383118183e-17,0.0,True
456,7,5,cx_product_control,False,buffered,NAIVE_PRODUCT;PRODUCT_FUSED,2.8609792490763984e-17,1.1102230246251565e-16,True
457,10,3,cx_product_target,False,buffered,NAIVE_PRODUCT;PRODUCT_FUSED,1.3985787785349405e-17,0.0,True
458,7,1,cz,False,buffered,NAIVE_PRODUCT;PRODUCT_FUSED,1.4304896245381992e-17,0.0,True
459,1,0,generic,False,buffered,NAIVE_PRODUCT;PRODUCT_FUSED,1.2412670766236366e-16,0.0,True
460,5,3,cx_product_control,False,buffered,NAIVE_PRODUCT;PRODUCT_FUSED,2.7755575615628914e-17,0.0,True
461,12,1,cx_product_target,False,buffered,NAIVE_PRODUCT;PRODUCT_FUSED,3.878959614448864e-18,0.0,True
462,9,4,cz,False,buffered,NAIVE_PRODUCT;PRODUCT_FUSED,1.3985787785349405e-17,0.0,True
463,7,2,generic,False,buffered,NAIVE_PRODUCT;PRODUCT_FUSED,4.3885418357208765e-17,0.0,True
464,8,3,cx_product_control,False,buffered,NAIVE_PRODUCT;PRODUCT_FUSED,1.411962612463446e-17,0.0,True
465,2,1,cx_product_target,False,buffered,NAIVE_PRODUCT;PRODUCT_FUSED,1.3877787807814457e-17,0.0,True
466,11,5,cz,False,buffered,NAIVE_PRODUCT;PRODUCT_FUSED,6.938893903907228e-18,0.0,True
467,10,5,generic,False,buffered,NAIVE_PRODUCT;PRODUCT_FUSED,1.4821483875836085e-17,0.0,True
468,12,1,cx_product_control,False,buffered,NAIVE_PRODUCT;PRODUCT_FUSED,4.9065389333867974e-18,0.0,True
469,3,2,cx_product_target,False,buffered,NAIVE_PRODUCT;PRODUCT_FUSED,5.551115123125783e-17,0.0,True
470,10,5,cz,False,buffered,NAIVE_PRODUCT;PRODUCT_FUSED,1.3877787807814457e-17,0.0,True
471,8,2,generic,False,buffered,NAIVE_PRODUCT;PRODUCT_FUSED,3.1031676915590914e-17,2.220446049250313e-16,True
472,4,1,cx_product_control,False,buffered,NAIVE_PRODUCT;PRODUCT_FUSED,3.1031676915590914e-17,0.0,True
473,2,0,cx_product_target,False,buffered,NAIVE_PRODUCT;PRODUCT_FUSED,2.7755575615628914e-17,0.0,True
474,10,9,cz,False,buffered,NAIVE_PRODUCT;PRODUCT_FUSED,6.938893903907228e-18,0.0,True
475,4,3,generic,False,buffered,NAIVE_PRODUCT;PRODUCT_FUSED,1.1188630228279524e-16,2.220446049250313e-16,True
476,3,2,cx_product_control,False,buffered,NAIVE_PRODUCT;PRODUCT_FUSED,5.647850449853784e-17,0.0,True
477,12,1,cx_product_target,False,buffered,NAIVE_PRODUCT;PRODUCT_FUSED,3.469446951953614e-18,0.0,True
478,10,9,cz,False,buffered,NAIVE_PRODUCT;PRODUCT_FUSED,9.813077866773595e-18,0.0,True
479,10,6,generic,False,buffered,NAIVE_PRODUCT;PRODUCT_FUSED,1.4416220074117224e-17,0.0,True
480,6,5,cx_product_control,False,buffered,NAIVE_PRODUCT;PRODUCT_FUSED,2.797157557069881e-17,0.0,True
481,1,0,cx_product_target,False,buffered,NAIVE_PRODUCT;PRODUCT_FUSED,5.551115123125783e-17,0.0,True
482,8,7,cz,False,buffered,NAIVE_PRODUCT;PRODUCT_FUSED,2.7755575615628914e-17,0.0,True
483,7,1,generic,False,buffered,NAIVE_PRODUCT;PRODUCT_FUSED,3.6880726988814706e-17,0.0,True
484,4,1,cx_product_control,False,buffered,NAIVE_PRODUCT;PRODUCT_FUSED,5.551115123125783e-17,0.0,True
485,3,2,cx_product_target,False,buffered,NAIVE_PRODUCT;PRODUCT_FUSED,2.7755575615628914e-17,0.0,True
486,12,5,cz,False,buffered,NAIVE_PRODUCT;PRODUCT_FUSED,6.992893892674703e-18,0.0,True
487,11,8,generic,False,buffered,NAIVE_PRODUCT;PRODUCT_FUSED,1.3904866443919908e-17,0.0,True
488,9,2,cx_product_control,False,buffered,NAIVE_PRODUCT;PRODUCT_FUSED,6.938893903907228e-18,0.0,True
489,6,5,cx_product_target,False,buffered,NAIVE_PRODUCT;PRODUCT_FUSED,6.938893903907228e-18,0.0,True
490,2,1,cz,False,buffered,NAIVE_PRODUCT;PRODUCT_FUSED,5.551115123125783e-17,0.0,True
491,10,7,generic,False,buffered,NAIVE_PRODUCT;PRODUCT_FUSED,1.962615573354719e-17,0.0,True
492,6,1,cx_product_control,False,buffered,NAIVE_PRODUCT;PRODUCT_FUSED,3.1031676915590914e-17,0.0,True
493,12,1,cx_product_target,False,buffered,NAIVE_PRODUCT;PRODUCT_FUSED,6.938893903907228e-18,0.0,True
494,5,3,cz,False,buffered,NAIVE_PRODUCT;PRODUCT_FUSED,2.8507714296037426e-17,0.0,True
495,1,0,generic,False,buffered,NAIVE_PRODUCT;PRODUCT_FUSED,1.2412670766236366e-16,1.1102230246251565e-16,True
496,2,0,cx_product_control,False,buffered,NAIVE_PRODUCT;PRODUCT_FUSED,2.7755575615628914e-17,0.0,True
497,8,4,cx_product_target,False,buffered,NAIVE_PRODUCT;PRODUCT_FUSED,1.393864076242399e-17,0.0,True
498,3,2,cz,False,buffered,NAIVE_PRODUCT;PRODUCT_FUSED,5.721958498152797e-17,0.0,True
499,4,3,generic,False,buffered,NAIVE_PRODUCT;PRODUCT_FUSED,8.777083671441753e-17,0.0,True
500,9,1,cx_product_control,False,buffered,NAIVE_PRODUCT;PRODUCT_FUSED,1.3877787807814457e-17,0.0,True
501,3,2,cx_product_target,False,buffered,NAIVE_PRODUCT;PRODUCT_FUSED,5.551115123125783e-17,1.1102230246251565e-16,True
502,6,0,cz,False,buffered,NAIVE_PRODUCT;PRODUCT_FUSED,2.7755575615628914e-17,0.0,True
503,4,2,generic,False,buffered,NAIVE_PRODUCT;PRODUCT_FUSED,6.206335383118183e-17,0.0,True
504,2,1,cx_product_control,False,buffered,NAIVE_PRODUCT;PRODUCT_FUSED,0.0,0.0,True
505,1,0,cx_product_target,False,buffered,NAIVE_PRODUCT;PRODUCT_FUSED,5.551115123125783e-17,0.0,True
506,6,3,cz,False,buffered,NAIVE_PRODUCT;PRODUCT_FUSED,2.8609792490763984e-17,0.0,True
507,10,3,generic,False,buffered,NAIVE_PRODUCT;PRODUCT_FUSED,1.4304896245381992e-17,0.0,True
508,1,0,cx_product_control,False,buffered,NAIVE_PRODUCT;PRODUCT_FUSED,1.1102230246251565e-16,0.0,True
509,8,6,cx_product_target,False,buffered,NAIVE_PRODUCT;PRODUCT_FUSED,1.4304896245381992e-17,0.0,True
510,10,9,cz,False,buffered,NAIVE_PRODUCT;PRODUCT_FUSED,7.757919228897728e-18,0.0,True
511,11,10,generic,False,buffered,NAIVE_PRODUCT;PRODUCT_FUSED,2.0888836804026045e-17,0.0,True
512,6,5,cx_product_control,False,buffered,NAIVE_PRODUCT;PRODUCT_FUSED,2.7755575615628914e-17,0.0,True
513,6,0,cx_product_target,False,buffered,NAIVE_PRODUCT;PRODUCT_FUSED,2.7755575615628914e-17,0.0,True
514,12,10,cz,False,buffered,NAIVE_PRODUCT;PRODUCT_FUSED,6.938893903907228e-18,0.0,True
515,11,0,generic,False,buffered,NAIVE_PRODUCT;PRODUCT_FUSED,1.4304896245381992e-17,0.0,True
516,6,0,cx_product_control,False,buffered,NAIVE_PRODUCT;PRODUCT_FUSED,2.8609792490763984e-17,0.0,True
517,1,0,cx_product_target,False,buffered,NAIVE_PRODUCT;PRODUCT_FUSED,6.938893903907228e-18,0.0,True
518,10,2,cz,False,buffered,NAIVE_PRODUCT;PRODUCT_FUSED,1.3985787785349405e-17,0.0,True
519,5,3,generic,False,buffered,NAIVE_PRODUCT;PRODUCT_FUSED,6.206335383118183e-17,2.220446049250313e-16,True
520,9,1,cx_product_control,False,buffered,NAIVE_PRODUCT;PRODUCT_FUSED,1.3985787785349405e-17,1.1102230246251565e-16,True
521,6,1,cx_product_target,False,buffered,NAIVE_PRODUCT;PRODUCT_FUSED,3.925231146709438e-17,0.0,True
522,10,7,cz,False,buffered,NAIVE_PRODUCT;PRODUCT_FUSED,7.152448122690996e-18,0.0,True
523,7,1,generic,False,buffered,NAIVE_PRODUCT;PRODUCT_FUSED,3.273069708340169e-17,0.0,True
524,6,4,cx_product_control,False,buffered,NAIVE_PRODUCT;PRODUCT_FUSED,2.7755575615628914e-17,0.0,True
525,3,0,cx_product_target,False,buffered,NAIVE_PRODUCT;PRODUCT_FUSED,5.551115123125783e-17,0.0,True
526,9,3,cz,False,buffered,NAIVE_PRODUCT;PRODUCT_FUSED,1.3985787785349405e-17,0.0,True
527,6,3,generic,False,buffered,NAIVE_PRODUCT;PRODUCT_FUSED,3.925231146709438e-17,4.440892098500626e-16,True
528,10,8,cx_product_control,False,buffered,NAIVE_PRODUCT;PRODUCT_FUSED,1.3877787807814457e-17,0.0,True
529,12,4,cx_product_target,False,buffered,NAIVE_PRODUCT;PRODUCT_FUSED,7.152448122690996e-18,0.0,True
530,1,0,cz,False,buffered,NAIVE_PRODUCT;PRODUCT_FUSED,0.0,0.0,True
531,6,5,generic,False,buffered,NAIVE_PRODUCT;PRODUCT_FUSED,5.721958498152797e-17,0.0,True
532,2,0,cx_product_control,False,buffered,NAIVE_PRODUCT;PRODUCT_FUSED,5.551115123125783e-17,0.0,True
533,6,1,cx_product_target,False,buffered,NAIVE_PRODUCT;PRODUCT_FUSED,1.962615573354719e-17,0.0,True
534,5,1,cz,False,buffered,NAIVE_PRODUCT;PRODUCT_FUSED,2.7755575615628914e-17,0.0,True
535,5,1,generic,False,buffered,NAIVE_PRODUCT;PRODUCT_FUSED,5.551115123125783e-17,0.0,True
536,11,1,cx_product_control,False,buffered,NAIVE_PRODUCT;PRODUCT_FUSED,7.757919228897728e-18,1.1102230246251565e-16,True
537,11,9,cx_product_target,False,buffered,NAIVE_PRODUCT;PRODUCT_FUSED,3.878959614448864e-18,0.0,True
538,1,0,cz,False,buffered,NAIVE_PRODUCT;PRODUCT_FUSED,2.7755575615628914e-17,0.0,True
539,9,2,generic,False,buffered,NAIVE_PRODUCT;PRODUCT_FUSED,1.6365348541700844e-17,1.1102230246251565e-16,True
540,10,1,cx_product_control,False,buffered,NAIVE_PRODUCT;PRODUCT_FUSED,7.757919228897728e-18,0.0,True
541,8,1,cx_product_target,False,buffered,NAIVE_PRODUCT;PRODUCT_FUSED,1.5515838457795457e-17,0.0,True
542,6,0,cz,False,buffered,NAIVE_PRODUCT;PRODUCT_FUSED,2.797157557069881e-17,0.0,True
543,6,3,generic,False,buffered,NAIVE_PRODUCT;PRODUCT_FUSED,5.721958498152797e-17,1.1102230246251565e-16,True
544,3,1,cx_product_control,False,buffered,NAIVE_PRODUCT;PRODUCT_FUSED,5.551115123125783e-17,0.0,True
545,5,0,cx_product_target,False,buffered,NAIVE_PRODUCT;PRODUCT_FUSED,2.7809732887839817e-17,0.0,True
546,2,1,cz,False,buffered,NAIVE_PRODUCT;PRODUCT_FUSED,5.551115123125783e-17,2.220446049250313e-16,True
547,8,6,generic,False,buffered,NAIVE_PRODUCT;PRODUCT_FUSED,3.1031676915590914e-17,0.0,True
548,12,7,cx_product_control,False,buffered,NAIVE_PRODUCT;PRODUCT_FUSED,6.938893903907228e-18,0.0,True
549,5,3,cx_product_target,False,buffered,NAIVE_PRODUCT;PRODUCT_FUSED,3.1031676915590914e-17,0.0,True
550,8,3,cz,False,buffered,NAIVE_PRODUCT;PRODUCT_FUSED,2.8609792490763984e-17,0.0,True
551,6,3,generic,False,buffered,NAIVE_PRODUCT;PRODUCT_FUSED,5.551115123125783e-17,0.0,True
552,2,1,cx_product_control,False,buffered,NAIVE_PRODUCT;PRODUCT_FUSED,1.734723475976807e-18,0.0,True
553,7,5,cx_product_target,False,buffered,NAIVE_PRODUCT;PRODUCT_FUSED,1.5515838457795457e-17,0.0,True
554,1,0,cz,False,buffered,NAIVE_PRODUCT;PRODUCT_FUSED,2.7755575615628914e-17,0.0,True
555,10,1,generic,False,buffered,NAIVE_PRODUCT;PRODUCT_FUSED,1.7541305574877886e-17,0.0,True
556,11,0,cx_product_control,False,buffered,NAIVE_PRODUCT;PRODUCT_FUSED,7.757919228897728e-18,0.0,True
557,10,1,cx_product_target,False,buffered,NAIVE_PRODUCT;PRODUCT_FUSED,1.4304896245381992e-17,0.0,True
558,3,1,cz,False,buffered,NAIVE_PRODUCT;PRODUCT_FUSED,1.3877787807814457e-17,1.1102230246251565e-16,True
559,7,5,generic,False,buffered,NAIVE_PRODUCT;PRODUCT_FUSED,3.1031676915590914e-17,1.1102230246251565e-16,True
560,6,5,cx_product_control,False,buffered,NAIVE_PRODUCT;PRODUCT_FUSED,2.7755575615628914e-17,0.0,True
561,10,9,cx_product_target,False,buffered,NAIVE_PRODUCT;PRODUCT_FUSED,1.3877787807814457e-17,0.0,True
562,1,0,cz,False,buffered,NAIVE_PRODUCT;PRODUCT_FUSED,5.551115123125783e-17,0.0,True
563,2,0,generic,False,buffered,NAIVE_PRODUCT;PRODUCT_FUSED,1.1443916996305594e-16,1.1102230246251565e-16,True
564,11,1,cx_product_control,False,buffered,NAIVE_PRODUCT;PRODUCT_FUSED,7.152448122690996e-18,0.0,True
565,1,0,cx_product_target,False,buffered,NAIVE_PRODUCT;PRODUCT_FUSED,5.551115123125783e-17,0.0,True
566,2,0,cz,False,buffered,NAIVE_PRODUCT;PRODUCT_FUSED,2.7755575615628914e-17,0.0,True
567,4,0,generic,False,buffered,NAIVE_PRODUCT;PRODUCT_FUSED,1.1443916996305594e-16,0.0,True
568,7,3,cx_product_control,False,buffered,NAIVE_PRODUCT;PRODUCT_FUSED,1.5515838457795457e-17,0.0,True
569,2,1,cx_product_target,False,buffered,NAIVE_PRODUCT;PRODUCT_FUSED,1.1443916996305594e-16,0.0,True
570,6,4,cz,False,buffered,NAIVE_PRODUCT;PRODUCT_FUSED,3.1031676915590914e-17,0.0,True
571,11,5,generic,False,buffered,NAIVE_PRODUCT;PRODUCT_FUSED,1.411962612463446e-17,1.1102230246251565e-16,True
572,9,4,cx_product_control,False,buffered,NAIVE_PRODUCT;PRODUCT_FUSED,1.3904866443919908e-17,0.0,True
573,2,1,cx_product_target,False,buffered,NAIVE_PRODUCT;PRODUCT_FUSED,2.7755575615628914e-17,0.0,True
574,9,3,cz,False,buffered,NAIVE_PRODUCT;PRODUCT_FUSED,1.4304896245381992e-17,0.0,True
575,9,8,generic,False,buffered,NAIVE_PRODUCT;PRODUCT_FUSED,2.7809732887839817e-17,0.0,True
576,8,2,cx_product_control,False,buffered,NAIVE_PRODUCT;PRODUCT_FUSED,1.4304896245381992e-17,0.0,True
577,2,1,cx_product_target,False,buffered,NAIVE_PRODUCT;PRODUCT_FUSED,7.850462293418876e-17,0.0,True
578,9,8,cz,False,buffered,NAIVE_PRODUCT;PRODUCT_FUSED,1.5515838457795457e-17,0.0,True
579,9,4,generic,False,buffered,NAIVE_PRODUCT;PRODUCT_FUSED,1.962615573354719e-17,0.0,True
580,4,2,cx_product_control,False,buffered,NAIVE_PRODUCT;PRODUCT_FUSED,2.7755575615628914e-17,0.0,True
581,5,0,cx_product_target,False,buffered,NAIVE_PRODUCT;PRODUCT_FUSED,2.823925224926892e-17,0.0,True
582,12,6,cz,False,buffered,NAIVE_PRODUCT;PRODUCT_FUSED,3.878959614448864e-18,0.0,True
583,4,2,generic,False,buffered,NAIVE_PRODUCT;PRODUCT_FUSED,6.206335383118183e-17,1.1102230246251565e-16,True
584,6,2,cx_product_control,False,buffered,NAIVE_PRODUCT;PRODUCT_FUSED,3.925231146709438e-17,0.0,True
585,5,3,cx_product_target,False,buffered,NAIVE_PRODUCT;PRODUCT_FUSED,2.7769124835677133e-17,0.0,True
586,7,2,cz,False,buffered,NAIVE_PRODUCT;PRODUCT_FUSED,1.5515838457795457e-17,0.0,True
587,4,0,generic,False,buffered,NAIVE_PRODUCT;PRODUCT_FUSED,6.206335383118183e-17,4.440892098500626e-16,True
588,4,1,cx_product_control,False,buffered,NAIVE_PRODUCT;PRODUCT_FUSED,5.551115123125783e-17,0.0,True
589,12,2,cx_product_target,False,buffered,NAIVE_PRODUCT;PRODUCT_FUSED,4.9065389333867974e-18,0.0,True
590,7,5,cz,False,buffered,NAIVE_PRODUCT;PRODUCT_FUSED,1.4304896245381992e-17,0.0,True
591,11,0,generic,False,buffered,NAIVE_PRODUCT;PRODUCT_FUSED,1.0971354589302191e-17,0.0,True
592,7,4,cx_product_control,False,buffered,NAIVE_PRODUCT;PRODUCT_FUSED,2.7755575615628914e-17,0.0,True
593,8,6,cx_product_target,False,buffered,NAIVE_PRODUCT;PRODUCT_FUSED,1.411962612463446e-17,0.0,True
594,3,2,cz,False,buffered,NAIVE_PRODUCT;PRODUCT_FUSED,2.7755575615628914e-17,0.0,True
595,12,8,generic,False,buffered,NAIVE_PRODUCT;PRODUCT_FUSED,1.3904866443919908e-17,0.0,True
596,11,0,cx_product_control,False,buffered,NAIVE_PRODUCT;PRODUCT_FUSED,7.152448122690996e-18,0.0,True
597,11,1,cx_product_target,False,buffered,NAIVE_PRODUCT;PRODUCT_FUSED,7.757919228897728e-18,0.0,True
598,12,1,cz,False,buffered,NAIVE_PRODUCT;PRODUCT_FUSED,6.952433221959954e-18,0.0,True
599,7,5,generic,False,buffered,NAIVE_PRODUCT;PRODUCT_FUSED,3.1031676915590914e-17,0.0,True
600,11,1,cx_product_control,False,buffered,NAIVE_PRODUCT;PRODUCT_FUSED,7.757919228897728e-18,0.0,True
601,8,3,cx_product_target,False,buffered,NAIVE_PRODUCT;PRODUCT_FUSED,1.5515838457795457e-17,0.0,True
602,4,2,cz,False,buffered,NAIVE_PRODUCT;PRODUCT_FUSED,2.8609792490763984e-17,0.0,True
603,5,3,generic,False,buffered,NAIVE_PRODUCT;PRODUCT_FUSED,4.163336342344337e-17,0.0,True
604,10,0,cx_product_control,False,buffered,NAIVE_PRODUCT;PRODUCT_FUSED,7.152448122690996e-18,0.0,True
605,8,7,cx_product_target,False,buffered,NAIVE_PRODUCT;PRODUCT_FUSED,1.4304896245381992e-17,0.0,True
606,9,2,cz,False,buffered,NAIVE_PRODUCT;PRODUCT_FUSED,1.3904866443919908e-17,0.0,True
607,11,9,generic,False,buffered,NAIVE_PRODUCT;PRODUCT_FUSED,1.4304896245381992e-17,0.0,True
608,10,0,cx_product_control,False,buffered,NAIVE_PRODUCT;PRODUCT_FUSED,7.757919228897728e-18,0.0,True
609,6,3,cx_product_target,False,buffered,NAIVE_PRODUCT;PRODUCT_FUSED,2.7755575615628914e-17,0.0,True
610,10,0,cz,False,buffered,NAIVE_PRODUCT;PRODUCT_FUSED,7.757919228897728e-18,0.0,True
611,4,0,generic,False,buffered,NAIVE_PRODUCT;PRODUCT_FUSED,1.1443916996305594e-16,0.0,True
612,4,1,cx_product_control,False,buffered,NAIVE_PRODUCT;PRODUCT_FUSED,5.551115123125783e-17,0.0,True
613,2,0,cx_product_target,False,buffered,NAIVE_PRODUCT;PRODUCT_FUSED,3.469446951953614e-18,0.0,True
614,5,2,cz,False,buffered,NAIVE_PRODUCT;PRODUCT_FUSED,2.7755575615628914e-17,0.0,True
615,6,0,generic,False,buffered,NAIVE_PRODUCT;PRODUCT_FUSED,3.925231146709438e-17,0.0,True
616,1,0,cx_product_control,False,buffered,NAIVE_PRODUCT;PRODUCT_FUSED,1.1102230246251565e-16,0.0,True
617,10,0,cx_product_target,False,buffered,NAIVE_PRODUCT;PRODUCT_FUSED,1.3877787807814457e-17,0.0,True
618,12,9,cz,False,buffered,NAIVE_PRODUCT;PRODUCT_FUSED,3.469446951953614e-18,0.0,True
619,3,0,generic,False,buffered,NAIVE_PRODUCT;PRODUCT_FUSED,1.1443916996305594e-16,0.0,True
620,2,1,cx_product_control,False,buffered,NAIVE_PRODUCT;PRODUCT_FUSED,5.551115123125783e-17,1.1102230246251565e-16,True
621,1,0,cx_product_target,False,buffered,NAIVE_PRODUCT;PRODUCT_FUSED,4.960224939121183e-18,0.0,True
622,12,1,cz,False,buffered,NAIVE_PRODUCT;PRODUCT_FUSED,7.036098298691534e-18,0.0,True
623,4,3,generic,False,buffered,NAIVE_PRODUCT;PRODUCT_FUSED,8.092071311423671e-17,2.220446049250313e-16,True
624,7,2,cx_product_control,False,buffered,NAIVE_PRODUCT;PRODUCT_FUSED,2.7755575615628914e-17,0.0,True
625,9,0,cx_product_target,False,buffered,NAIVE_PRODUCT;PRODUCT_FUSED,1.3877787807814457e-17,0.0,True
626,3,0,cz,False,buffered,NAIVE_PRODUCT;PRODUCT_FUSED,5.551115123125783e-17,0.0,True
627,2,0,generic,False,buffered,NAIVE_PRODUCT;PRODUCT_FUSED,1.1102230246251565e-16,1.1102230246251565e-16,True
628,7,3,cx_product_control,False,buffered,NAIVE_PRODUCT;PRODUCT_FUSED,1.962615573354719e-17,0.0,True
629,9,7,cx_product_target,False,buffered,NAIVE_PRODUCT;PRODUCT_FUSED,1.3985787785349405e-17,0.0,True
630,6,4,cz,False,buffered,NAIVE_PRODUCT;PRODUCT_FUSED,3.1031676915590914e-17,0.0,True
631,12,11,generic,False,buffered,NAIVE_PRODUCT;PRODUCT_FUSED,1.3985787785349405e-17,0.0,True
632,1,0,cx_product_control,False,buffered,NAIVE_PRODUCT;PRODUCT_FUSED,1.3010426069826053e-17,0.0,True
633,3,2,cx_product_target,False,buffered,NAIVE_PRODUCT;PRODUCT_FUSED,2.7755575615628914e-17,0.0,True
634,11,9,cz,False,buffered,NAIVE_PRODUCT;PRODUCT_FUSED,7.757919228897728e-18,0.0,True
635,8,5,generic,False,buffered,NAIVE_PRODUCT;PRODUCT_FUSED,2.787728152484798e-17,3.3306690738754696e-16,True
636,8,6,cx_product_control,False,buffered,NAIVE_PRODUCT;PRODUCT_FUSED,1.5515838457795457e-17,0.0,True
637,6,2,cx_product_target,False,buffered,NAIVE_PRODUCT;PRODUCT_FUSED,2.7755575615628914e-17,0.0,True
638,7,6,cz,False,buffered,NAIVE_PRODUCT;PRODUCT_FUSED,7.757919228897728e-18,0.0,True
639,2,0,generic,False,buffered,NAIVE_PRODUCT;PRODUCT_FUSED,1.1188630228279524e-16,0.0,True
640,6,0,cx_product_control,False,buffered,NAIVE_PRODUCT;PRODUCT_FUSED,3.1031676915590914e-17,0.0,True
641,12,3,cx_product_target,False,buffered,NAIVE_PRODUCT;PRODUCT_FUSED,4.9065389333867974e-18,0.0,True
642,3,1,cz,False,buffered,NAIVE_PRODUCT;PRODUCT_FUSED,6.938893903907228e-18,0.0,True
643,9,1,generic,False,buffered,NAIVE_PRODUCT;PRODUCT_FUSED,2.7921100505985453e-17,0.0,True
644,6,2,cx_product_control,False,buffered,NAIVE_PRODUCT;PRODUCT_FUSED,2.8609792490763984e-17,0.0,True
645,3,2,cx_product_target,False,buffered,NAIVE_PRODUCT;PRODUCT_FUSED,2.7755575615628914e-17,0.0,True
646,8,3,cz,False,buffered,NAIVE_PRODUCT;PRODUCT_FUSED,1.4304896245381992e-17,0.0,True
647,3,1,generic,False,buffered,NAIVE_PRODUCT;PRODUCT_FUSED,7.076311083754596e-17,0.0,True
648,10,7,cx_product_control,False,buffered,NAIVE_PRODUCT;PRODUCT_FUSED,7.152448122690996e-18,0.0,True
649,7,3,cx_product_target,False,buffered,NAIVE_PRODUCT;PRODUCT_FUSED,1.5515838457795457e-17,0.0,True
650,1,0,cz,False,buffered,NAIVE_PRODUCT;PRODUCT_FUSED,1.1443916996305594e-16,1.1102230246251565e-16,True
651,9,1,generic,False,buffered,NAIVE_PRODUCT;PRODUCT_FUSED,2.501853776554201e-17,2.220446049250313e-16,True
652,9,6,cx_product_control,False,buffered,NAIVE_PRODUCT;PRODUCT_FUSED,1.4304896245381992e-17,0.0,True
653,3,0,cx_product_target,False,buffered,NAIVE_PRODUCT;PRODUCT_FUSED,3.469446951953614e-18,0.0,True
654,10,4,cz,False,buffered,NAIVE_PRODUCT;PRODUCT_FUSED,7.757919228897728e-18,0.0,True
655,11,6,generic,False,buffered,NAIVE_PRODUCT;PRODUCT_FUSED,1.0971354589302191e-17,0.0,True
656,7,5,cx_product_control,False,buffered,NAIVE_PRODUCT;PRODUCT_FUSED,2.7755575615628914e-17,0.0,True
657,10,4,cx_product_target,False,buffered,NAIVE_PRODUCT;PRODUCT_FUSED,7.757919228897728e-18,0.0,True
658,1,0,cz,False,buffered,NAIVE_PRODUCT;PRODUCT_FUSED,0.0,0.0,True
659,2,0,generic,False,buffered,NAIVE_PRODUCT;PRODUCT_FUSED,1.2412670766236366e-16,4.440892098500626e-16,True
660,9,5,cx_product_control,False,buffered,NAIVE_PRODUCT;PRODUCT_FUSED,7.757919228897728e-18,0.0,True
661,9,2,cx_product_target,False,buffered,NAIVE_PRODUCT;PRODUCT_FUSED,7.757919228897728e-18,0.0,True
662,1,0,cz,False,buffered,NAIVE_PRODUCT;PRODUCT_FUSED,2.7755575615628914e-17,0.0,True
663,4,3,generic,False,buffered,NAIVE_PRODUCT;PRODUCT_FUSED,6.206335383118183e-17,3.3306690738754696e-16,True
664,5,1,cx_product_control,False,buffered,NAIVE_PRODUCT;PRODUCT_FUSED,3.1031676915590914e-17,0.0,True
665,12,11,cx_product_target,False,buffered,NAIVE_PRODUCT;PRODUCT_FUSED,3.878959614448864e-18,1.1102230246251565e-16,True
666,10,9,cz,False,buffered,NAIVE_PRODUCT;PRODUCT_FUSED,9.813077866773595e-18,0.0,True
667,1,0,generic,False,buffered,NAIVE_PRODUCT;PRODUCT_FUSED,2.237726045655905e-16,4.440892098500626e-16,True
668,4,2,cx_product_control,False,buffered,NAIVE_PRODUCT;PRODUCT_FUSED,2.7755575615628914e-17,0.0,True
669,9,2,cx_product_target,False,buffered,NAIVE_PRODUCT;PRODUCT_FUSED,1.3877787807814457e-17,0.0,True
670,3,2,cz,False,buffered,NAIVE_PRODUCT;PRODUCT_FUSED,2.7755575615628914e-17,0.0,True
671,1,0,generic,False,buffered,NAIVE_PRODUCT;PRODUCT_FUSED,1.2412670766236366e-16,1.1102230246251565e-16,True
672,6,0,cx_product_control,False,buffered,NAIVE_PRODUCT;PRODUCT_FUSED,2.7755575615628914e-17,0.0,True
673,11,6,cx_product_target,False,buffered,NAIVE_PRODUCT;PRODUCT_FUSED,6.938893903907228e-18,0.0,True
674,11,8,cz,False,buffered,NAIVE_PRODUCT;PRODUCT_FUSED,9.813077866773595e-18,0.0,True
675,2,1,generic,False,buffered,NAIVE_PRODUCT;PRODUCT_FUSED,7.850462293418876e-17,0.0,True
676,9,1,cx_product_control,False,buffered,NAIVE_PRODUCT;PRODUCT_FUSED,1.4304896245381992e-17,0.0,True
677,1,0,cx_product_target,False,buffered,NAIVE_PRODUCT;PRODUCT_FUSED,1.1102230246251565e-16,0.0,True
678,11,8,cz,False,buffered,NAIVE_PRODUCT;PRODUCT_FUSED,9.813077866773595e-18,0.0,True
679,10,4,generic,False,buffered,NAIVE_PRODUCT;PRODUCT_FUSED,2.092931472577201e-17,0.0,True
680,9,8,cx_product_control,False,buffered,NAIVE_PRODUCT;PRODUCT_FUSED,1.4304896245381992e-17,0.0,True
681,1,0,cx_product_target,False,buffered,NAIVE_PRODUCT;PRODUCT_FUSED,1.3877787807814457e-17,0.0,True
682,8,2,cz,False,buffered,NAIVE_PRODUCT;PRODUCT_FUSED,2.8609792490763984e-17,0.0,True
683,12,6,generic,False,buffered,NAIVE_PRODUCT;PRODUCT_FUSED,1.0551910960100404e-17,0.0,True
684,12,7,cx_product_control,False,buffered,NAIVE_PRODUCT;PRODUCT_FUSED,6.952433221959954e-18,1.1102230246251565e-16,True
685,9,6,cx_product_target,False,buffered,NAIVE_PRODUCT;PRODUCT_FUSED,1.3877787807814457e-17,0.0,True
686,5,4,cz,False,buffered,NAIVE_PRODUCT;PRODUCT_FUSED,3.1031676915590914e-17,0.0,True
687,10,2,generic,False,buffered,NAIVE_PRODUCT;PRODUCT_FUSED,1.6365348541700844e-17,1.1102230246251565e-16,True
688,10,8,cx_product_control,False,buffered,NAIVE_PRODUCT;PRODUCT_FUSED,1.4304896245381992e-17,0.0,True
689,9,2,cx_product_target,False,buffered,NAIVE_PRODUCT;PRODUCT_FUSED,1.4304896245381992e-17,0.0,True
690,10,0,cz,False,buffered,NAIVE_PRODUCT;PRODUCT_FUSED,7.757919228897728e-18,0.0,True
691,10,9,generic,False,buffered,NAIVE_PRODUCT;PRODUCT_FUSED,1.734723475976807e-17,0.0,True
692,11,6,cx_product_control,False,buffered,NAIVE_PRODUCT;PRODUCT_FUSED,9.813077866773595e-18,0.0,True
693,2,0,cx_product_target,False,buffered,NAIVE_PRODUCT;PRODUCT_FUSED,2.7755575615628914e-17,0.0,True
694,5,4,cz,False,buffered,NAIVE_PRODUCT;PRODUCT_FUSED,2.8609792490763984e-17,0.0,True
695,6,0,generic,False,buffered,NAIVE_PRODUCT;PRODUCT_FUSED,5.76648802964689e-17,1.1102230246251565e-16,True
696,7,3,cx_product_control,False,buffered,NAIVE_PRODUCT;PRODUCT_FUSED,1.962615573354719e-17,0.0,True
697,2,0,cx_product_target,False,buffered,NAIVE_PRODUCT;PRODUCT_FUSED,2.7755575615628914e-17,0.0,True
698,1,0,cz,False,buffered,NAIVE_PRODUCT;PRODUCT_FUSED,2.7755575615628914e-17,0.0,True
699,7,0,generic,False,buffered,NAIVE_PRODUCT;PRODUCT_FUSED,3.1031676915590914e-17,0.0,True
700,3,0,cx_product_control,False,buffered,NAIVE_PRODUCT;PRODUCT_FUSED,1.1102230246251565e-16,0.0,True
701,5,4,cx_product_target,False,buffered,NAIVE_PRODUCT;PRODUCT_FUSED,5.551115123125783e-17,0.0,True
702,11,6,cz,False,buffered,NAIVE_PRODUCT;PRODUCT_FUSED,3.469446951953614e-18,0.0,True
703,5,1,generic,False,buffered,NAIVE_PRODUCT;PRODUCT_FUSED,6.206335383118183e-17,0.0,True
704,4,0,cx_product_control,False,buffered,NAIVE_PRODUCT;PRODUCT_FUSED,2.7755575615628914e-17,0.0,True
705,2,1,cx_product_target,False,buffered,NAIVE_PRODUCT;PRODUCT_FUSED,4.336808689942018e-19,0.0,True
706,5,3,cz,False,buffered,NAIVE_PRODUCT;PRODUCT_FUSED,5.551115123125783e-17,0.0,True
707,5,2,generic,False,buffered,NAIVE_PRODUCT;PRODUCT_FUSED,5.928593550334434e-17,1.1102230246251565e-16,True
708,2,1,cx_product_control,False,buffered,NAIVE_PRODUCT;PRODUCT_FUSED,5.551115123125783e-17,2.220446049250313e-16,True
709,5,4,cx_product_target,False,buffered,NAIVE_PRODUCT;PRODUCT_FUSED,2.7755575615628914e-17,0.0,True
710,7,5,cz,False,buffered,NAIVE_PRODUCT;PRODUCT_FUSED,1.5515838457795457e-17,1.1102230246251565e-16,True
711,8,4,generic,False,buffered,NAIVE_PRODUCT;PRODUCT_FUSED,3.469446951953614e-17,0.0,True
712,10,9,cx_product_control,False,buffered,NAIVE_PRODUCT;PRODUCT_FUSED,7.757919228897728e-18,0.0,True
713,1,0,cx_product_target,False,buffered,NAIVE_PRODUCT;PRODUCT_FUSED,0.0,0.0,True
714,2,0,cz,False,buffered,NAIVE_PRODUCT;PRODUCT_FUSED,6.938893903907228e-18,0.0,True
715,12,5,generic,False,buffered,NAIVE_PRODUCT;PRODUCT_FUSED,1.0971354589302191e-17,0.0,True
716,6,2,cx_product_control,False,buffered,NAIVE_PRODUCT;PRODUCT_FUSED,2.797157557069881e-17,0.0,True
717,6,0,cx_product_target,False,buffered,NAIVE_PRODUCT;PRODUCT_FUSED,2.8609792490763984e-17,0.0,True
718,2,0,cz,False,buffered,NAIVE_PRODUCT;PRODUCT_FUSED,2.7755575615628914e-17,0.0,True
719,6,1,generic,False,buffered,NAIVE_PRODUCT;PRODUCT_FUSED,6.206335383118183e-17,4.440892098500626e-16,True
720,8,4,cx_product_control,False,buffered,NAIVE_PRODUCT;PRODUCT_FUSED,1.4304896245381992e-17,0.0,True
721,3,2,cx_product_target,False,buffered,NAIVE_PRODUCT;PRODUCT_FUSED,5.561946577567963e-17,0.0,True
722,1,0,cz,False,buffered,NAIVE_PRODUCT;PRODUCT_FUSED,5.561946577567963e-17,0.0,True
723,8,3,generic,False,buffered,NAIVE_PRODUCT;PRODUCT_FUSED,2.8609792490763984e-17,1.1102230246251565e-16,True
724,3,0,cx_product_control,False,buffered,NAIVE_PRODUCT;PRODUCT_FUSED,3.925231146709438e-17,0.0,True
725,6,2,cx_product_target,False,buffered,NAIVE_PRODUCT;PRODUCT_FUSED,3.1031676915590914e-17,0.0,True
726,5,4,cz,False,buffered,NAIVE_PRODUCT;PRODUCT_FUSED,5.551792708129603e-17,0.0,True
727,8,3,generic,False,buffered,NAIVE_PRODUCT;PRODUCT_FUSED,2.797157557069881e-17,0.0,True
728,7,3,cx_product_control,False,buffered,NAIVE_PRODUCT;PRODUCT_FUSED,2.8609792490763984e-17,0.0,True
729,6,0,cx_product_target,False,buffered,NAIVE_PRODUCT;PRODUCT_FUSED,2.8609792490763984e-17,1.1102230246251565e-16,True
730,8,7,cz,False,buffered,NAIVE_PRODUCT;PRODUCT_FUSED,1.3877787807814457e-17,0.0,True
731,2,0,generic,False,buffered,NAIVE_PRODUCT;PRODUCT_FUSED,1.1102230246251565e-16,0.0,True
732,8,1,cx_product_control,False,buffered,NAIVE_PRODUCT;PRODUCT_FUSED,1.5515838457795457e-17,0.0,True
733,10,8,cx_product_target,False,buffered,NAIVE_PRODUCT;PRODUCT_FUSED,1.3877787807814457e-17,0.0,True
734,10,3,cz,False,buffered,NAIVE_PRODUCT;PRODUCT_FUSED,7.757919228897728e-18,0.0,True
735,11,8,generic,False,buffered,NAIVE_PRODUCT;PRODUCT_FUSED,1.4304896245381992e-17,0.0,True
736,11,1,cx_product_control,False,buffered,NAIVE_PRODUCT;PRODUCT_FUSED,7.152448122690996e-18,0.0,True
737,11,3,cx_product_target,False,buffered,NAIVE_PRODUCT;PRODUCT_FUSED,7.757919228897728e-18,0.0,True
738,7,2,cz,False,buffered,NAIVE_PRODUCT;PRODUCT_FUSED,1.962615573354719e-17,0.0,True
739,3,2,generic,False,buffered,NAIVE_PRODUCT;PRODUCT_FUSED,8.777083671441753e-17,1.1102230246251565e-16,True
740,2,1,cx_product_control,False,buffered,NAIVE_PRODUCT;PRODUCT_FUSED,5.551115123125783e-17,0.0,True
741,4,3,cx_product_target,False,buffered,NAIVE_PRODUCT;PRODUCT_FUSED,2.8609792490763984e-17,0.0,True
742,8,1,cz,False,buffered,NAIVE_PRODUCT;PRODUCT_FUSED,1.5515838457795457e-17,0.0,True
743,4,2,generic,False,buffered,NAIVE_PRODUCT;PRODUCT_FUSED,5.721958498152797e-17,0.0,True
744,11,2,cx_product_control,False,buffered,NAIVE_PRODUCT;PRODUCT_FUSED,7.757919228897728e-18,0.0,True
745,6,1,cx_product_target,False,buffered,NAIVE_PRODUCT;PRODUCT_FUSED,3.925231146709438e-17,0.0,True
746,1,0,cz,False,buffered,NAIVE_PRODUCT;PRODUCT_FUSED,7.850462293418876e-17,0.0,True
747,1,0,generic,False,buffered,NAIVE_PRODUCT;PRODUCT_FUSED,1.5700924586837752e-16,0.0,True
748,12,3,cx_product_control,False,buffered,NAIVE_PRODUCT;PRODUCT_FUSED,3.878959614448864e-18,0.0,True
749,6,1,cx_product_target,False,buffered,NAIVE_PRODUCT;PRODUCT_FUSED,2.7755575615628914e-17,0.0,True
750,5,1,cz,False,buffered,NAIVE_PRODUCT;PRODUCT_FUSED,2.7755575615628914e-17,0.0,True
751,7,1,generic,False,buffered,NAIVE_PRODUCT;PRODUCT_FUSED,3.1031676915590914e-17,0.0,True
752,1,0,cx_product_control,False,buffered,NAIVE_PRODUCT;PRODUCT_FUSED,2.7755575615628914e-17,0.0,True
753,10,0,cx_product_target,False,buffered,NAIVE_PRODUCT;PRODUCT_FUSED,7.757919228897728e-18,0.0,True
754,4,2,cz,False,buffered,NAIVE_PRODUCT;PRODUCT_FUSED,5.682377955034956e-17,2.220446049250313e-16,True
755,6,4,generic,False,buffered,NAIVE_PRODUCT;PRODUCT_FUSED,5.721958498152797e-17,0.0,True
756,1,0,cx_product_control,False,buffered,NAIVE_PRODUCT;PRODUCT_FUSED,5.551115123125783e-17,0.0,True
757,9,8,cx_product_target,False,buffered,NAIVE_PRODUCT;PRODUCT_FUSED,1.962615573354719e-17,0.0,True
758,3,1,cz,False,buffered,NAIVE_PRODUCT;PRODUCT_FUSED,6.206335383118183e-17,0.0,True
759,4,3,generic,False,buffered,NAIVE_PRODUCT;PRODUCT_FUSED,6.206335383118183e-17,0.0,True
760,12,3,cx_product_control,False,buffered,NAIVE_PRODUCT;PRODUCT_FUSED,6.942281208919283e-18,0.0,True
761,3,1,cx_product_target,False,buffered,NAIVE_PRODUCT;PRODUCT_FUSED,2.8609792490763984e-17,0.0,True
762,2,1,cz,False,buffered,NAIVE_PRODUCT;PRODUCT_FUSED,5.551115123125783e-17,0.0,True
763,1,0,generic,False,buffered,NAIVE_PRODUCT;PRODUCT_FUSED,1.1188630228279524e-16,2.220446049250313e-16,True
764,9,5,cx_product_control,False,buffered,NAIVE_PRODUCT;PRODUCT_FUSED,7.757919228897728e-18,0.0,True
765,3,2,cx_product_target,False,buffered,NAIVE_PRODUCT;PRODUCT_FUSED,2.7755575615628914e-17,0.0,True
766,4,0,cz,False,buffered,NAIVE_PRODUCT;PRODUCT_FUSED,5.551115123125783e-17,2.220446049250313e-16,True
767,5,1,generic,False,buffered,NAIVE_PRODUCT;PRODUCT_FUSED,5.928593550334434e-17,0.0,True
768,12,1,cx_product_control,False,buffered,NAIVE_PRODUCT;PRODUCT_FUSED,6.952433221959954e-18,0.0,True
769,12,5,cx_product_target,False,buffered,NAIVE_PRODUCT;PRODUCT_FUSED,3.878959614448864e-18,0.0,True
770,8,5,cz,False,buffered,NAIVE_PRODUCT;PRODUCT_FUSED,1.3904866443919908e-17,0.0,True
771,6,0,generic,False,buffered,NAIVE_PRODUCT;PRODUCT_FUSED,3.469446951953614e-17,0.0,True
772,5,4,cx_product_control,False,buffered,NAIVE_PRODUCT;PRODUCT_FUSED,3.1031676915590914e-17,0.0,True
773,9,4,cx_product_target,False,buffered,NAIVE_PRODUCT;PRODUCT_FUSED,1.5515838457795457e-17,0.0,True
774,7,3,cz,False,buffered,NAIVE_PRODUCT;PRODUCT_FUSED,2.787728152484798e-17,0.0,True
775,11,4,generic,False,buffered,NAIVE_PRODUCT;PRODUCT_FUSED,1.4304896245381992e-17,0.0,True
776,1,0,cx_product_control,False,buffered,NAIVE_PRODUCT;PRODUCT_FUSED,2.7755575615628914e-17,0.0,True
777,1,0,cx_product_target,False,buffered,NAIVE_PRODUCT;PRODUCT_FUSED,1.3877787807814457e-17,0.0,True
778,6,0,cz,False,buffered,NAIVE_PRODUCT;PRODUCT_FUSED,2.8609792490763984e-17,0.0,True
779,5,2,generic,False,buffered,NAIVE_PRODUCT;PRODUCT_FUSED,5.828774135717225e-17,0.0,True
780,3,0,cx_product_control,False,buffered,NAIVE_PRODUCT;PRODUCT_FUSED,2.7755575615628914e-17,2.220446049250313e-16,True
781,5,2,cx_product_target,False,buffered,NAIVE_PRODUCT;PRODUCT_FUSED,2.7755575615628914e-17,0.0,True
782,2,1,cz,False,buffered,NAIVE_PRODUCT;PRODUCT_FUSED,5.551115123125783e-17,0.0,True
783,5,3,generic,False,buffered,NAIVE_PRODUCT;PRODUCT_FUSED,5.721958498152797e-17,0.0,True
784,11,8,cx_product_control,False,buffered,NAIVE_PRODUCT;PRODUCT_FUSED,7.757919228897728e-18,0.0,True
785,3,2,cx_product_target,False,buffered,NAIVE_PRODUCT;PRODUCT_FUSED,5.561946577567963e-17,0.0,True
786,9,2,cz,False,buffered,NAIVE_PRODUCT;PRODUCT_FUSED,6.969320381211996e-18,0.0,True
787,12,11,generic,False,buffered,NAIVE_PRODUCT;PRODUCT_FUSED,1.0971354589302191e-17,0.0,True
788,5,3,cx_product_control,False,buffered,NAIVE_PRODUCT;PRODUCT_FUSED,1.3884562417838567e-17,2.220446049250313e-16,True
789,9,2,cx_product_target,False,buffered,NAIVE_PRODUCT;PRODUCT_FUSED,1.3877787807814457e-17,0.0,True
790,11,7,cz,False,buffered,NAIVE_PRODUCT;PRODUCT_FUSED,6.992893892674703e-18,0.0,True
791,11,0,generic,False,buffered,NAIVE_PRODUCT;PRODUCT_FUSED,2.1103821920200808e-17,2.220446049250313e-16,True
792,8,3,cx_product_control,False,buffered,NAIVE_PRODUCT;PRODUCT_FUSED,1.962615573354719e-17,1.1102230246251565e-16,True
793,8,4,cx_product_target,False,buffered,NAIVE_PRODUCT;PRODUCT_FUSED,1.5515838457795457e-17,0.0,True
794,4,0,cz,False,buffered,NAIVE_PRODUCT;PRODUCT_FUSED,2.797157557069881e-17,0.0,True
795,11,9,generic,False,buffered,NAIVE_PRODUCT;PRODUCT_FUSED,1.4304896245381992e-17,0.0,True
796,11,3,cx_product_control,False,buffered,NAIVE_PRODUCT;PRODUCT_FUSED,6.992893892674703e-18,0.0,True
797,8,4,cx_product_target,False,buffered,NAIVE_PRODUCT;PRODUCT_FUSED,1.962615573354719e-17,1.1102230246251565e-16,True
798,2,1,cz,False,buffered,NAIVE_PRODUCT;PRODUCT_FUSED,3.925231146709438e-17,0.0,True
799,10,7,generic,False,buffered,NAIVE_PRODUCT;PRODUCT_FUSED,1.5515838457795457e-17,0.0,True
800,7,2,cx_product_control,False,buffered,NAIVE_PRODUCT;PRODUCT_FUSED,1.5515838457795457e-17,0.0,True
801,4,0,cx_product_target,False,buffered,NAIVE_PRODUCT;PRODUCT_FUSED,2.8609792490763984e-17,0.0,True
802,1,0,cz,False,buffered,NAIVE_PRODUCT;PRODUCT_FUSED,5.551115123125783e-17,0.0,True
803,5,0,generic,False,buffered,NAIVE_PRODUCT;PRODUCT_FUSED,8.441528768080323e-17,2.220446049250313e-16,True
804,4,1,cx_product_control,False,buffered,NAIVE_PRODUCT;PRODUCT_FUSED,5.551115123125783e-17,0.0,True
805,12,7,cx_product_target,False,buffered,NAIVE_PRODUCT;PRODUCT_FUSED,6.952433221959954e-18,0.0,True
806,6,1,cz,False,buffered,NAIVE_PRODUCT;PRODUCT_FUSED,3.1031676915590914e-17,0.0,True
807,12,9,generic,False,buffered,NAIVE_PRODUCT;PRODUCT_FUSED,1.0453980571817993e-17,0.0,True
808,9,6,cx_product_control,False,buffered,NAIVE_PRODUCT;PRODUCT_FUSED,1.4304896245381992e-17,0.0,True
809,7,1,cx_product_target,False,buffered,NAIVE_PRODUCT;PRODUCT_FUSED,1.3877787807814457e-17,0.0,True
810,10,4,cz,False,buffered,NAIVE_PRODUCT;PRODUCT_FUSED,7.757919228897728e-18,0.0,True
811,1,0,generic,False,buffered,NAIVE_PRODUCT;PRODUCT_FUSED,1.1102230246251565e-16,0.0,True
812,8,1,cx_product_control,False,buffered,NAIVE_PRODUCT;PRODUCT_FUSED,1.5515838457795457e-17,0.0,True
813,4,2,cx_product_target,False,buffered,NAIVE_PRODUCT;PRODUCT_FUSED,5.594315114139762e-17,0.0,True
814,4,1,cz,False,buffered,NAIVE_PRODUCT;PRODUCT_FUSED,5.551115123125783e-17,0.0,True
815,5,0,generic,False,buffered,NAIVE_PRODUCT;PRODUCT_FUSED,5.76648802964689e-17,1.1102230246251565e-16,True
816,11,2,cx_product_control,False,buffered,NAIVE_PRODUCT;PRODUCT_FUSED,7.152448122690996e-18,0.0,True
817,3,0,cx_product_target,False,buffered,NAIVE_PRODUCT;PRODUCT_FUSED,5.551115123125783e-17,0.0,True
818,10,6,cz,False,buffered,NAIVE_PRODUCT;PRODUCT_FUSED,7.757919228897728e-18,0.0,True
819,4,2,generic,False,buffered,NAIVE_PRODUCT;PRODUCT_FUSED,6.206335383118183e-17,0.0,True
820,9,3,cx_product_control,False,buffered,NAIVE_PRODUCT;PRODUCT_FUSED,1.3877787807814457e-17,0.0,True
821,9,7,cx_product_target,False,buffered,NAIVE_PRODUCT;PRODUCT_FUSED,7.757919228897728e-18,0.0,True
822,5,0,cz,False,buffered,NAIVE_PRODUCT;PRODUCT_FUSED,5.677783658672699e-17,0.0,True
823,5,2,generic,False,buffered,NAIVE_PRODUCT;PRODUCT_FUSED,7.850462293418876e-17,0.0,True
824,2,1,cx_product_control,False,buffered,NAIVE_PRODUCT;PRODUCT_FUSED,6.206335383118183e-17,1.1102230246251565e-16,True
825,11,6,cx_product_target,False,buffered,NAIVE_PRODUCT;PRODUCT_FUSED,7.757919228897728e-18,0.0,True
826,10,5,cz,False,buffered,NAIVE_PRODUCT;PRODUCT_FUSED,7.757919228897728e-18,0.0,True
827,11,5,generic,False,buffered,NAIVE_PRODUCT;PRODUCT_FUSED,1.4539632184201917e-17,0.0,True
828,9,1,cx_product_control,False,buffered,NAIVE_PRODUCT;PRODUCT_FUSED,1.3877787807814457e-17,0.0,True
829,11,5,cx_product_target,False,buffered,NAIVE_PRODUCT;PRODUCT_FUSED,7.757919228897728e-18,0.0,True
830,6,1,cz,False,buffered,NAIVE_PRODUCT;PRODUCT_FUSED,3.1031676915590914e-17,0.0,True
831,8,2,generic,False,buffered,NAIVE_PRODUCT;PRODUCT_FUSED,2.1942709178604383e-17,2.220446049250313e-16,True
832,2,1,cx_product_control,False,buffered,NAIVE_PRODUCT;PRODUCT_FUSED,2.7755575615628914e-17,0.0,True
833,3,2,cx_product_target,False,buffered,NAIVE_PRODUCT;PRODUCT_FUSED,3.925231146709438e-17,0.0,True
834,2,1,cz,False,buffered,NAIVE_PRODUCT;PRODUCT_FUSED,1.5515838457795457e-17,0.0,True
835,6,5,generic,False,buffered,NAIVE_PRODUCT;PRODUCT_FUSED,3.925231146709438e-17,2.220446049250313e-16,True
836,1,0,cx_product_control,False,buffered,NAIVE_PRODUCT;PRODUCT_FUSED,2.7755575615628914e-17,2.220446049250313e-16,True
837,9,7,cx_product_target,False,buffered,NAIVE_PRODUCT;PRODUCT_FUSED,1.3985787785349405e-17,0.0,True
838,11,1,cz,False,buffered,NAIVE_PRODUCT;PRODUCT_FUSED,7.152448122690996e-18,0.0,True
839,10,4,generic,False,buffered,NAIVE_PRODUCT;PRODUCT_FUSED,2.7755575615628914e-17,2.220446049250313e-16,True
840,8,6,cx_product_control,False,buffered,NAIVE_PRODUCT;PRODUCT_FUSED,7.757919228897728e-18,0.0,True
841,3,0,cx_product_target,False,buffered,NAIVE_PRODUCT;PRODUCT_FUSED,5.551115123125783e-17,0.0,True
842,3,1,cz,False,buffered,NAIVE_PRODUCT;PRODUCT_FUSED,5.551115123125783e-17,0.0,True
843,1,0,generic,False,buffered,NAIVE_PRODUCT;PRODUCT_FUSED,1.2412670766236366e-16,0.0,True
844,10,8,cx_product_control,False,buffered,NAIVE_PRODUCT;PRODUCT_FUSED,7.757919228897728e-18,0.0,True
845,2,1,cx_product_target,False,buffered,NAIVE_PRODUCT;PRODUCT_FUSED,2.8609792490763984e-17,0.0,True
846,9,7,cz,False,buffered,NAIVE_PRODUCT;PRODUCT_FUSED,9.813077866773595e-18,0.0,True
847,12,4,generic,False,buffered,NAIVE_PRODUCT;PRODUCT_FUSED,1.4046172853913364e-17,0.0,True
848,3,2,cx_product_control,False,buffered,NAIVE_PRODUCT;PRODUCT_FUSED,2.7755575615628914e-17,0.0,True
849,12,2,cx_product_target,False,buffered,NAIVE_PRODUCT;PRODUCT_FUSED,6.938893903907228e-18,0.0,True
850,9,3,cz,False,buffered,NAIVE_PRODUCT;PRODUCT_FUSED,1.3877787807814457e-17,0.0,True
851,4,0,generic,False,buffered,NAIVE_PRODUCT;PRODUCT_FUSED,1.1443916996305594e-16,0.0,True
852,2,1,cx_product_control,False,buffered,NAIVE_PRODUCT;PRODUCT_FUSED,2.7755575615628914e-17,0.0,True
853,8,1,cx_product_target,False,buffered,NAIVE_PRODUCT;PRODUCT_FUSED,1.5515838457795457e-17,0.0,True
854,1,0,cz,False,buffered,NAIVE_PRODUCT;PRODUCT_FUSED,1.3877787807814457e-17,0.0,True
855,4,1,generic,False,buffered,NAIVE_PRODUCT;PRODUCT_FUSED,6.206335383118183e-17,0.0,True
856,2,1,cx_product_control,False,buffered,NAIVE_PRODUCT;PRODUCT_FUSED,6.938893903907228e-18,0.0,True
857,1,0,cx_product_target,False,buffered,NAIVE_PRODUCT;PRODUCT_FUSED,2.7755575615628914e-17,0.0,True
858,4,1,cz,False,buffered,NAIVE_PRODUCT;PRODUCT_FUSED,1.5515838457795457e-17,0.0,True
859,2,1,generic,False,buffered,NAIVE_PRODUCT;PRODUCT_FUSED,1.1188630228279524e-16,0.0,True
860,8,3,cx_product_control,False,buffered,NAIVE_PRODUCT;PRODUCT_FUSED,1.5515838457795457e-17,0.0,True
861,6,3,cx_product_target,False,buffered,NAIVE_PRODUCT;PRODUCT_FUSED,2.797157557069881e-17,0.0,True
862,2,0,cz,False,buffered,NAIVE_PRODUCT;PRODUCT_FUSED,3.1031676915590914e-17,0.0,True
863,11,2,generic,False,buffered,NAIVE_PRODUCT;PRODUCT_FUSED,1.4719616800160393e-17,0.0,True
864,11,0,cx_product_control,False,buffered,NAIVE_PRODUCT;PRODUCT_FUSED,7.757919228897728e-18,0.0,True
865,5,3,cx_product_target,False,buffered,NAIVE_PRODUCT;PRODUCT_FUSED,2.8609792490763984e-17,1.1102230246251565e-16,True
866,8,1,cz,False,buffered,NAIVE_PRODUCT;PRODUCT_FUSED,1.5515838457795457e-17,0.0,True
867,11,1,generic,False,buffered,NAIVE_PRODUCT;PRODUCT_FUSED,2.1103821920200808e-17,0.0,True
868,2,0,cx_product_control,False,buffered,NAIVE_PRODUCT;PRODUCT_FUSED,6.206335383118183e-17,0.0,True
869,2,0,cx_product_target,False,buffered,NAIVE_PRODUCT;PRODUCT_FUSED,1.3877787807814457e-17,0.0,True
870,11,8,cz,False,buffered,NAIVE_PRODUCT;PRODUCT_FUSED,7.152448122690996e-18,2.220446049250313e-16,True
871,4,1,generic,False,buffered,NAIVE_PRODUCT;PRODUCT_FUSED,1.1443916996305594e-16,2.220446049250313e-16,True
872,6,2,cx_product_control,False,buffered,NAIVE_PRODUCT;PRODUCT_FUSED,2.7755575615628914e-17,0.0,True
873,6,1,cx_product_target,False,buffered,NAIVE_PRODUCT;PRODUCT_FUSED,2.7755575615628914e-17,0.0,True
874,7,6,cz,False,buffered,NAIVE_PRODUCT;PRODUCT_FUSED,1.4304896245381992e-17,0.0,True
875,9,1,generic,False,buffered,NAIVE_PRODUCT;PRODUCT_FUSED,2.1942709178604383e-17,0.0,True
876,11,2,cx_product_control,False,buffered,NAIVE_PRODUCT;PRODUCT_FUSED,6.992893892674703e-18,0.0,True
877,6,0,cx_product_target,False,buffered,NAIVE_PRODUCT;PRODUCT_FUSED,2.7755575615628914e-17,0.0,True
878,10,1,cz,False,buffered,NAIVE_PRODUCT;PRODUCT_FUSED,1.3877787807814457e-17,0.0,True
879,5,1,generic,False,buffered,NAIVE_PRODUCT;PRODUCT_FUSED,3.925231146709438e-17,2.220446049250313e-16,True
880,3,2,cx_product_control,False,buffered,NAIVE_PRODUCT;PRODUCT_FUSED,2.7755575615628914e-17,0.0,True
881,6,0,cx_product_target,False,buffered,NAIVE_PRODUCT;PRODUCT_FUSED,2.809234570782673e-17,0.0,True
882,8,3,cz,False,buffered,NAIVE_PRODUCT;PRODUCT_FUSED,1.5515838457795457e-17,0.0,True
883,8,4,generic,False,buffered,NAIVE_PRODUCT;PRODUCT_FUSED,2.8609792490763984e-17,0.0,True
884,10,1,cx_product_control,False,buffered,NAIVE_PRODUCT;PRODUCT_FUSED,7.757919228897728e-18,0.0,True
885,5,1,cx_product_target,False,buffered,NAIVE_PRODUCT;PRODUCT_FUSED,2.787728152484798e-17,0.0,True
886,5,1,cz,False,buffered,NAIVE_PRODUCT;PRODUCT_FUSED,2.8609792490763984e-17,0.0,True
887,1,0,generic,False,buffered,NAIVE_PRODUCT;PRODUCT_FUSED,1.2412670766236366e-16,0.0,True
888,5,4,cx_product_control,False,buffered,NAIVE_PRODUCT;PRODUCT_FUSED,3.1031676915590914e-17,0.0,True
889,3,2,cx_product_target,False,buffered,NAIVE_PRODUCT;PRODUCT_FUSED,2.7755575615628914e-17,0.0,True
890,2,0,cz,False,buffered,NAIVE_PRODUCT;PRODUCT_FUSED,2.7755575615628914e-17,0.0,True
891,10,7,generic,False,buffered,NAIVE_PRODUCT;PRODUCT_FUSED,2.1103821920200808e-17,0.0,True
892,10,0,cx_product_control,False,buffered,NAIVE_PRODUCT;PRODUCT_FUSED,1.4304896245381992e-17,0.0,True
893,7,5,cx_product_target,False,buffered,NAIVE_PRODUCT;PRODUCT_FUSED,2.8609792490763984e-17,0.0,True
894,6,1,cz,False,buffered,NAIVE_PRODUCT;PRODUCT_FUSED,2.7769124835677133e-17,0.0,True
895,11,0,generic,False,buffered,NAIVE_PRODUCT;PRODUCT_FUSED,1.3877787807814457e-17,0.0,True
896,3,2,cx_product_control,False,buffered,NAIVE_PRODUCT;PRODUCT_FUSED,1.1188630228279524e-16,0.0,True
897,7,6,cx_product_target,False,buffered,NAIVE_PRODUCT;PRODUCT_FUSED,2.7755575615628914e-17,0.0,True
898,4,1,cz,False,buffered,NAIVE_PRODUCT;PRODUCT_FUSED,5.551115123125783e-17,0.0,True
899,2,1,generic,False,buffered,NAIVE_PRODUCT;PRODUCT_FUSED,1.2412670766236366e-16,0.0,True
900,6,1,cx_product_control,False,buffered,NAIVE_PRODUCT;PRODUCT_FUSED,2.7755575615628914e-17,0.0,True
901,10,6,cx_product_target,False,buffered,NAIVE_PRODUCT;PRODUCT_FUSED,7.152448122690996e-18,0.0,True
902,11,0,cz,False,buffered,NAIVE_PRODUCT;PRODUCT_FUSED,7.152448122690996e-18,0.0,True
903,11,8,generic,False,buffered,NAIVE_PRODUCT;PRODUCT_FUSED,1.4304896245381992e-17,4.440892098500626e-16,True
904,3,0,cx_product_control,False,buffered,NAIVE_PRODUCT;PRODUCT_FUSED,1.1102230246251565e-16,0.0,True
905,4,2,cx_product_target,False,buffered,NAIVE_PRODUCT;PRODUCT_FUSED,2.7755575615628914e-17,0.0,True
906,7,4,cz,False,buffered,NAIVE_PRODUCT;PRODUCT_FUSED,2.7755575615628914e-17,0.0,True
907,6,3,generic,False,buffered,NAIVE_PRODUCT;PRODUCT_FUSED,3.1031676915590914e-17,0.0,True
908,3,0,cx_product_control,False,buffered,NAIVE_PRODUCT;PRODUCT_FUSED,5.551115123125783e-17,0.0,True
909,6,3,cx_product_target,False,buffered,NAIVE_PRODUCT;PRODUCT_FUSED,2.7809732887839817e-17,0.0,True
910,6,5,cz,False,buffered,NAIVE_PRODUCT;PRODUCT_FUSED,2.797157557069881e-17,0.0,True
911,5,1,generic,False,buffered,NAIVE_PRODUCT;PRODUCT_FUSED,3.925231146709438e-17,1.1102230246251565e-16,True
912,10,5,cx_product_control,False,buffered,NAIVE_PRODUCT;PRODUCT_FUSED,7.757919228897728e-18,0.0,True
913,4,3,cx_product_target,False,buffered,NAIVE_PRODUCT;PRODUCT_FUSED,5.551115123125783e-17,0.0,True
914,4,2,cz,False,buffered,NAIVE_PRODUCT;PRODUCT_FUSED,1.3877787807814457e-17,0.0,True
915,3,1,generic,False,buffered,NAIVE_PRODUCT;PRODUCT_FUSED,1.2412670766236366e-16,3.3306690738754696e-16,True
916,2,0,cx_product_control,False,buffered,NAIVE_PRODUCT;PRODUCT_FUSED,1.2412670766236366e-16,0.0,True
917,11,6,cx_product_target,False,buffered,NAIVE_PRODUCT;PRODUCT_FUSED,6.938893903907228e-18,0.0,True
918,6,3,cz,False,buffered,NAIVE_PRODUCT;PRODUCT_FUSED,2.7755575615628914e-17,0.0,True
919,9,0,generic,False,buffered,NAIVE_PRODUCT;PRODUCT_FUSED,3.469446951953614e-17,0.0,True
920,3,0,cx_product_control,False,buffered,NAIVE_PRODUCT;PRODUCT_FUSED,1.3904866443919908e-17,0.0,True
921,3,0,cx_product_target,False,buffered,NAIVE_PRODUCT;PRODUCT_FUSED,5.551115123125783e-17,0.0,True
922,2,0,cz,False,buffered,NAIVE_PRODUCT;PRODUCT_FUSED,1.734723475976807e-18,0.0,True
923,8,6,generic,False,buffered,NAIVE_PRODUCT;PRODUCT_FUSED,2.964296775167217e-17,1.1102230246251565e-16,True
924,9,3,cx_product_control,False,buffered,NAIVE_PRODUCT;PRODUCT_FUSED,1.3985787785349405e-17,0.0,True
925,12,8,cx_product_target,False,buffered,NAIVE_PRODUCT;PRODUCT_FUSED,7.757919228897728e-18,0.0,True
926,5,2,cz,False,buffered,NAIVE_PRODUCT;PRODUCT_FUSED,3.1031676915590914e-17,0.0,True
927,3,0,generic,False,buffered,NAIVE_PRODUCT;PRODUCT_FUSED,1.0007415106216804e-16,0.0,True
928,5,1,cx_product_control,False,buffered,NAIVE_PRODUCT;PRODUCT_FUSED,1.3904866443919908e-17,2.220446049250313e-16,True
929,11,10,cx_product_target,False,buffered,NAIVE_PRODUCT;PRODUCT_FUSED,7.152448122690996e-18,4.440892098500626e-16,True
930,2,0,cz,False,buffered,NAIVE_PRODUCT;PRODUCT_FUSED,6.938893903907228e-18,0.0,True
931,3,1,generic,False,buffered,NAIVE_PRODUCT;PRODUCT_FUSED,1.1188630228279524e-16,4.440892098500626e-16,True
932,11,9,cx_product_control,False,buffered,NAIVE_PRODUCT;PRODUCT_FUSED,7.152448122690996e-18,0.0,True
933,5,3,cx_product_target,False,buffered,NAIVE_PRODUCT;PRODUCT_FUSED,2.8609792490763984e-17,0.0,True
934,8,3,cz,False,buffered,NAIVE_PRODUCT;PRODUCT_FUSED,1.3877787807814457e-17,0.0,True
935,2,1,generic,False,buffered,NAIVE_PRODUCT;PRODUCT_FUSED,1.1123893155135927e-16,0.0,True
936,11,9,cx_product_control,False,buffered,NAIVE_PRODUCT;PRODUCT_FUSED,7.757919228897728e-18,0.0,True
937,1,0,cx_product_target,False,buffered,NAIVE_PRODUCT;PRODUCT_FUSED,1.1443916996305594e-16,0.0,True
938,11,2,cz,False,buffered,NAIVE_PRODUCT;PRODUCT_FUSED,7.757919228897728e-18,0.0,True
939,6,5,generic,False,buffered,NAIVE_PRODUCT;PRODUCT_FUSED,4.163336342344337e-17,2.220446049250313e-16,True
940,3,1,cx_product_control,False,buffered,NAIVE_PRODUCT;PRODUCT_FUSED,2.7755575615628914e-17,0.0,True
941,10,3,cx_product_target,False,buffered,NAIVE_PRODUCT;PRODUCT_FUSED,1.3877787807814457e-17,0.0,True
942,2,1,cz,False,buffered,NAIVE_PRODUCT;PRODUCT_FUSED,1.1443916996305594e-16,0.0,True
943,8,2,generic,False,buffered,NAIVE_PRODUCT;PRODUCT_FUSED,2.964296775167217e-17,2.220446049250313e-16,True
944,7,2,cx_product_control,False,buffered,NAIVE_PRODUCT;PRODUCT_FUSED,2.797157557069881e-17,0.0,True
945,4,1,cx_product_target,False,buffered,NAIVE_PRODUCT;PRODUCT_FUSED,2.7755575615628914e-17,0.0,True
946,6,1,cz,False,buffered,NAIVE_PRODUCT;PRODUCT_FUSED,2.8609792490763984e-17,0.0,True
947,10,3,generic,False,buffered,NAIVE_PRODUCT;PRODUCT_FUSED,2.1103821920200808e-17,0.0,True
948,3,0,cx_product_control,False,buffered,NAIVE_PRODUCT;PRODUCT_FUSED,5.551115123125783e-17,2.220446049250313e-16,True
949,11,4,cx_product_target,False,buffered,NAIVE_PRODUCT;PRODUCT_FUSED,6.992893892674703e-18,0.0,True
950,7,3,cz,False,buffered,NAIVE_PRODUCT;PRODUCT_FUSED,2.8609792490763984e-17,0.0,True
951,7,5,generic,False,buffered,NAIVE_PRODUCT;PRODUCT_FUSED,3.925231146709438e-17,0.0,True
952,7,1,cx_product_control,False,buffered,NAIVE_PRODUCT;PRODUCT_FUSED,2.797157557069881e-17,0.0,True
953,7,5,cx_product_target,False,buffered,NAIVE_PRODUCT;PRODUCT_FUSED,1.3877787807814457e-17,0.0,True
954,3,0,cz,False,buffered,NAIVE_PRODUCT;PRODUCT_FUSED,5.721958498152797e-17,0.0,True
955,7,0,generic,False,buffered,NAIVE_PRODUCT;PRODUCT_FUSED,4.2207643840401616e-17,0.0,True
956,10,4,cx_product_control,False,buffered,NAIVE_PRODUCT;PRODUCT_FUSED,7.757919228897728e-18,0.0,True
957,12,7,cx_product_target,False,buffered,NAIVE_PRODUCT;PRODUCT_FUSED,6.938893903907228e-18,1.1102230246251565e-16,True
958,5,0,cz,False,buffered,NAIVE_PRODUCT;PRODUCT_FUSED,3.1031676915590914e-17,0.0,True
959,11,4,generic,False,buffered,NAIVE_PRODUCT;PRODUCT_FUSED,2.0888836804026045e-17,1.1102230246251565e-16,True
960,5,1,cx_product_control,False,buffered,NAIVE_PRODUCT;PRODUCT_FUSED,2.797157557069881e-17,0.0,True
961,8,3,cx_product_target,False,buffered,NAIVE_PRODUCT;PRODUCT_FUSED,9.813077866773595e-18,0.0,True
962,7,0,cz,False,buffered,NAIVE_PRODUCT;PRODUCT_FUSED,2.7755575615628914e-17,0.0,True
963,3,1,generic,False,buffered,NAIVE_PRODUCT;PRODUCT_FUSED,1.1102230246251565e-16,0.0,True
964,2,1,cx_product_control,False,buffered,NAIVE_PRODUCT;PRODUCT_FUSED,2.7755575615628914e-17,0.0,True
965,6,0,cx_product_target,False,buffered,NAIVE_PRODUCT;PRODUCT_FUSED,3.925231146709438e-17,1.1102230246251565e-16,True
966,5,2,cz,False,buffered,NAIVE_PRODUCT;PRODUCT_FUSED,2.7769124835677133e-17,0.0,True
967,3,1,generic,False,buffered,NAIVE_PRODUCT;PRODUCT_FUSED,7.473417450352271e-17,0.0,True
968,1,0,cx_product_control,False,buffered,NAIVE_PRODUCT;PRODUCT_FUSED,2.7755575615628914e-17,0.0,True
969,9,5,cx_product_target,False,buffered,NAIVE_PRODUCT;PRODUCT_FUSED,9.813077866773595e-18,0.0,True
970,11,3,cz,False,buffered,NAIVE_PRODUCT;PRODUCT_FUSED,7.152448122690996e-18,0.0,True
971,8,5,generic,False,buffered,NAIVE_PRODUCT;PRODUCT_FUSED,2.964296775167217e-17,0.0,True
972,6,3,cx_product_control,False,buffered,NAIVE_PRODUCT;PRODUCT_FUSED,1.3985787785349405e-17,0.0,True
973,12,10,cx_product_target,False,buffered,NAIVE_PRODUCT;PRODUCT_FUSED,3.878959614448864e-18,0.0,True
974,12,3,cz,False,buffered,NAIVE_PRODUCT;PRODUCT_FUSED,3.878959614448864e-18,0.0,True
975,2,0,generic,False,buffered,NAIVE_PRODUCT;PRODUCT_FUSED,6.206335383118183e-17,0.0,True
976,11,7,cx_product_control,False,buffered,NAIVE_PRODUCT;PRODUCT_FUSED,7.152448122690996e-18,0.0,True
977,7,2,cx_product_target,False,buffered,NAIVE_PRODUCT;PRODUCT_FUSED,2.8609792490763984e-17,0.0,True
978,11,9,cz,False,buffered,NAIVE_PRODUCT;PRODUCT_FUSED,7.757919228897728e-18,0.0,True
979,7,5,generic,False,buffered,NAIVE_PRODUCT;PRODUCT_FUSED,3.273069708340169e-17,0.0,True
980,5,2,cx_product_control,False,buffered,NAIVE_PRODUCT;PRODUCT_FUSED,2.797157557069881e-17,0.0,True
981,12,9,cx_product_target,False,buffered,NAIVE_PRODUCT;PRODUCT_FUSED,6.938893903907228e-18,0.0,True
982,4,2,cz,False,buffered,NAIVE_PRODUCT;PRODUCT_FUSED,3.1031676915590914e-17,0.0,True
983,11,0,generic,False,buffered,NAIVE_PRODUCT;PRODUCT_FUSED,1.4304896245381992e-17,1.1102230246251565e-16,True
984,7,6,cx_product_control,False,buffered,NAIVE_PRODUCT;PRODUCT_FUSED,1.5515838457795457e-17,0.0,True
985,8,0,cx_product_target,False,buffered,NAIVE_PRODUCT;PRODUCT_FUSED,1.5515838457795457e-17,0.0,True
986,8,5,cz,False,buffered,NAIVE_PRODUCT;PRODUCT_FUSED,1.3877787807814457e-17,0.0,True
987,10,9,generic,False,buffered,NAIVE_PRODUCT;PRODUCT_FUSED,1.4539632184201917e-17,0.0,True
988,7,4,cx_product_control,False,buffered,NAIVE_PRODUCT;PRODUCT_FUSED,2.8609792490763984e-17,0.0,True
989,12,5,cx_product_target,False,buffered,NAIVE_PRODUCT;PRODUCT_FUSED,4.9065389333867974e-18,0.0,True
990,11,6,cz,False,buffered,NAIVE_PRODUCT;PRODUCT_FUSED,6.938893903907228e-18,0.0,True
991,8,0,generic,False,buffered,NAIVE_PRODUCT;PRODUCT_FUSED,2.964296775167217e-17,2.220446049250313e-16,True
992,2,0,cx_product_control,False,buffered,NAIVE_PRODUCT;PRODUCT_FUSED,1.3985787785349405e-17,0.0,True
993,12,4,cx_product_target,False,buffered,NAIVE_PRODUCT;PRODUCT_FUSED,4.9065389333867974e-18,0.0,True
994,2,1,cz,False,buffered,NAIVE_PRODUCT;PRODUCT_FUSED,5.551115123125783e-17,0.0,True
995,8,7,generic,False,buffered,NAIVE_PRODUCT;PRODUCT_FUSED,3.1031676915590914e-17,0.0,True
996,3,1,cx_product_control,False,buffered,NAIVE_PRODUCT;PRODUCT_FUSED,5.551115123125783e-17,0.0,True
997,8,3,cx_product_target,False,buffered,NAIVE_PRODUCT;PRODUCT_FUSED,1.5515838457795457e-17,0.0,True
998,8,2,cz,False,buffered,NAIVE_PRODUCT;PRODUCT_FUSED,1.5515838457795457e-17,0.0,True
999,5,3,generic,False,buffered,NAIVE_PRODUCT;PRODUCT_FUSED,6.206335383118183e-17,0.0,True
1000,6,2,cx_product_control,False,buffered,NAIVE_PRODUCT;PRODUCT_FUSED,2.7755575615628914e-17,0.0,True
1001,10,1,cx_product_target,False,buffered,NAIVE_PRODUCT;PRODUCT_FUSED,1.4304896245381992e-17,0.0,True
1002,3,2,cz,False,buffered,NAIVE_PRODUCT;PRODUCT_FUSED,5.553824967135427e-17,0.0,True
1003,7,0,generic,False,buffered,NAIVE_PRODUCT;PRODUCT_FUSED,5.551115123125783e-17,2.220446049250313e-16,True
1004,5,1,cx_product_control,False,buffered,NAIVE_PRODUCT;PRODUCT_FUSED,2.7755575615628914e-17,0.0,True
1005,5,4,cx_product_target,False,buffered,NAIVE_PRODUCT;PRODUCT_FUSED,3.1031676915590914e-17,0.0,True
1006,9,6,cz,False,buffered,NAIVE_PRODUCT;PRODUCT_FUSED,1.3985787785349405e-17,0.0,True
1007,10,7,generic,False,buffered,NAIVE_PRODUCT;PRODUCT_FUSED,1.734723475976807e-17,0.0,True
1008,9,3,cx_product_control,False,buffered,NAIVE_PRODUCT;PRODUCT_FUSED,9.813077866773595e-18,0.0,True
1009,2,1,cx_product_target,False,buffered,NAIVE_PRODUCT;PRODUCT_FUSED,2.7755575615628914e-17,0.0,True
1010,10,9,cz,False,buffered,NAIVE_PRODUCT;PRODUCT_FUSED,7.757919228897728e-18,0.0,True
1011,9,0,generic,False,buffered,NAIVE_PRODUCT;PRODUCT_FUSED,2.0888836804026045e-17,0.0,True
1012,4,3,cx_product_control,False,buffered,NAIVE_PRODUCT;PRODUCT_FUSED,5.551115123125783e-17,0.0,True
1013,10,3,cx_product_target,False,buffered,NAIVE_PRODUCT;PRODUCT_FUSED,7.757919228897728e-18,0.0,True
1014,7,0,cz,False,buffered,NAIVE_PRODUCT;PRODUCT_FUSED,2.7755575615628914e-17,0.0,True
1015,4,3,generic,False,buffered,NAIVE_PRODUCT;PRODUCT_FUSED,6.206335383118183e-17,0.0,True
1016,11,2,cx_product_control,False,buffered,NAIVE_PRODUCT;PRODUCT_FUSED,3.576224061345498e-18,0.0,True
1017,6,5,cx_product_target,False,buffered,NAIVE_PRODUCT;PRODUCT_FUSED,2.7755575615628914e-17,0.0,True
1018,12,7,cz,False,buffered,NAIVE_PRODUCT;PRODUCT_FUSED,6.992893892674703e-18,0.0,True
1019,9,8,generic,False,buffered,NAIVE_PRODUCT;PRODUCT_FUSED,2.1942709178604383e-17,0.0,True
1020,1,0,cx_product_control,False,buffered,NAIVE_PRODUCT;PRODUCT_FUSED,5.551115123125783e-17,0.0,True
1021,6,2,cx_product_target,False,buffered,NAIVE_PRODUCT;PRODUCT_FUSED,1.3877787807814457e-17,0.0,True
1022,11,6,cz,False,buffered,NAIVE_PRODUCT;PRODUCT_FUSED,7.152448122690996e-18,0.0,True
1023,8,2,generic,False,buffered,NAIVE_PRODUCT;PRODUCT_FUSED,2.8609792490763984e-17,2.220446049250313e-16,True
1024,2,0,cx_product_control,False,buffered,NAIVE_PRODUCT;PRODUCT_FUSED,6.206335383118183e-17,2.220446049250313e-16,True
1025,7,1,cx_product_target,False,buffered,NAIVE_PRODUCT;PRODUCT_FUSED,1.5515838457795457e-17,0.0,True
1026,12,10,cz,False,buffered,NAIVE_PRODUCT;PRODUCT_FUSED,7.05981306231723e-18,0.0,True
1027,6,3,generic,False,buffered,NAIVE_PRODUCT;PRODUCT_FUSED,6.206335383118183e-17,0.0,True
1028,2,0,cx_product_control,False,buffered,NAIVE_PRODUCT;PRODUCT_FUSED,2.7755575615628914e-17,0.0,True
1029,3,0,cx_product_target,False,buffered,NAIVE_PRODUCT;PRODUCT_FUSED,5.551115123125783e-17,0.0,True
1030,4,3,cz,False,buffered,NAIVE_PRODUCT;PRODUCT_FUSED,3.925231146709438e-17,0.0,True
1031,9,3,generic,False,buffered,NAIVE_PRODUCT;PRODUCT_FUSED,2.0888836804026045e-17,0.0,True
1032,1,0,cx_product_control,False,buffered,NAIVE_PRODUCT;PRODUCT_FUSED,5.551115123125783e-17,0.0,True
1033,2,1,cx_product_target,False,buffered,NAIVE_PRODUCT;PRODUCT_FUSED,1.1102230246251565e-16,0.0,True
1034,10,2,cz,False,buffered,NAIVE_PRODUCT;PRODUCT_FUSED,1.4304896245381992e-17,1.1102230246251565e-16,True
1035,2,1,generic,False,buffered,NAIVE_PRODUCT;PRODUCT_FUSED,1.2412670766236366e-16,2.220446049250313e-16,True
1036,8,1,cx_product_control,False,buffered,NAIVE_PRODUCT;PRODUCT_FUSED,2.797157557069881e-17,0.0,True
1037,6,3,cx_product_target,False,buffered,NAIVE_PRODUCT;PRODUCT_FUSED,2.7755575615628914e-17,0.0,True
1038,4,0,cz,False,buffered,NAIVE_PRODUCT;PRODUCT_FUSED,2.7755575615628914e-17,1.1102230246251565e-16,True
1039,4,2,generic,False,buffered,NAIVE_PRODUCT;PRODUCT_FUSED,6.39734408315113e-17,0.0,True
1040,9,0,cx_product_control,False,buffered,NAIVE_PRODUCT;PRODUCT_FUSED,1.3904866443919908e-17,2.220446049250313e-16,True
1041,8,4,cx_product_target,False,buffered,NAIVE_PRODUCT;PRODUCT_FUSED,1.5515838457795457e-17,2.220446049250313e-16,True
1042,6,5,cz,False,buffered,NAIVE_PRODUCT;PRODUCT_FUSED,2.7755575615628914e-17,1.1102230246251565e-16,True
1043,10,6,generic,False,buffered,NAIVE_PRODUCT;PRODUCT_FUSED,2.0888836804026045e-17,0.0,True
1044,8,3,cx_product_control,False,buffered,NAIVE_PRODUCT;PRODUCT_FUSED,1.389302603484999e-17,0.0,True
1045,10,0,cx_product_target,False,buffered,NAIVE_PRODUCT;PRODUCT_FUSED,7.757919228897728e-18,0.0,True
1046,1,0,cz,False,buffered,NAIVE_PRODUCT;PRODUCT_FUSED,5.551115123125783e-17,1.1102230246251565e-16,True
1047,8,0,generic,False,buffered,NAIVE_PRODUCT;PRODUCT_FUSED,2.797157557069881e-17,0.0,True
1048,11,2,cx_product_control,False,buffered,NAIVE_PRODUCT;PRODUCT_FUSED,7.757919228897728e-18,0.0,True
1049,8,5,cx_product_target,False,buffered,NAIVE_PRODUCT;PRODUCT_FUSED,1.3877787807814457e-17,0.0,True
1050,4,0,cz,False,buffered,NAIVE_PRODUCT;PRODUCT_FUSED,5.551115123125783e-17,1.1102230246251565e-16,True
1051,7,2,generic,False,buffered,NAIVE_PRODUCT;PRODUCT_FUSED,3.469446951953614e-17,0.0,True
1052,4,3,cx_product_control,False,buffered,NAIVE_PRODUCT;PRODUCT_FUSED,2.7755575615628914e-17,0.0,True
1053,5,1,cx_product_target,False,buffered,NAIVE_PRODUCT;PRODUCT_FUSED,2.797157557069881e-17,0.0,True
1054,9,5,cz,False,buffered,NAIVE_PRODUCT;PRODUCT_FUSED,9.813077866773595e-18,0.0,True
1055,2,1,generic,False,buffered,NAIVE_PRODUCT;PRODUCT_FUSED,7.757919228897728e-17,2.220446049250313e-16,True
1056,3,1,cx_product_control,False,buffered,NAIVE_PRODUCT;PRODUCT_FUSED,1.3877787807814457e-17,0.0,True
1057,8,5,cx_product_target,False,buffered,NAIVE_PRODUCT;PRODUCT_FUSED,6.952433221959954e-18,0.0,True
1058,4,2,cz,False,buffered,NAIVE_PRODUCT;PRODUCT_FUSED,3.1031676915590914e-17,0.0,True
1059,1,0,generic,False,buffered,NAIVE_PRODUCT;PRODUCT_FUSED,1.1188630228279524e-16,2.220446049250313e-16,True
1060,10,5,cx_product_control,False,buffered,NAIVE_PRODUCT;PRODUCT_FUSED,7.757919228897728e-18,0.0,True
1061,3,0,cx_product_target,False,buffered,NAIVE_PRODUCT;PRODUCT_FUSED,2.7755575615628914e-17,0.0,True
1062,5,3,cz,False,buffered,NAIVE_PRODUCT;PRODUCT_FUSED,3.925231146709438e-17,0.0,True
1063,6,1,generic,False,buffered,NAIVE_PRODUCT;PRODUCT_FUSED,4.163336342344337e-17,0.0,True
1064,5,0,cx_product_control,False,buffered,NAIVE_PRODUCT;PRODUCT_FUSED,5.551115123125783e-17,0.0,True
1065,5,4,cx_product_target,False,buffered,NAIVE_PRODUCT;PRODUCT_FUSED,6.938893903907228e-18,0.0,True
1066,8,5,cz,False,buffered,NAIVE_PRODUCT;PRODUCT_FUSED,1.5515838457795457e-17,0.0,True
1067,2,0,generic,False,buffered,NAIVE_PRODUCT;PRODUCT_FUSED,6.206335383118183e-17,0.0,True
1068,11,2,cx_product_control,False,buffered,NAIVE_PRODUCT;PRODUCT_FUSED,7.757919228897728e-18,0.0,True
1069,11,4,cx_product_target,False,buffered,NAIVE_PRODUCT;PRODUCT_FUSED,7.757919228897728e-18,0.0,True
1070,5,3,cz,False,buffered,NAIVE_PRODUCT;PRODUCT_FUSED,3.1031676915590914e-17,1.1102230246251565e-16,True
1071,9,6,generic,False,buffered,NAIVE_PRODUCT;PRODUCT_FUSED,2.8609792490763984e-17,1.1102230246251565e-16,True
1072,7,2,cx_product_control,False,buffered,NAIVE_PRODUCT;PRODUCT_FUSED,2.8609792490763984e-17,0.0,True
1073,4,3,cx_product_target,False,buffered,NAIVE_PRODUCT;PRODUCT_FUSED,2.7755575615628914e-17,0.0,True
1074,12,4,cz,False,buffered,NAIVE_PRODUCT;PRODUCT_FUSED,6.952433221959954e-18,2.220446049250313e-16,True
1075,5,0,generic,False,buffered,NAIVE_PRODUCT;PRODUCT_FUSED,5.721958498152797e-17,0.0,True
1076,1,0,cx_product_control,False,buffered,NAIVE_PRODUCT;PRODUCT_FUSED,1.1102230246251565e-16,0.0,True
1077,9,4,cx_product_target,False,buffered,NAIVE_PRODUCT;PRODUCT_FUSED,1.3904866443919908e-17,0.0,True
1078,9,8,cz,False,buffered,NAIVE_PRODUCT;PRODUCT_FUSED,1.3884562417838567e-17,0.0,True
1079,3,1,generic,False,buffered,NAIVE_PRODUCT;PRODUCT_FUSED,1.5700924586837752e-16,2.220446049250313e-16,True
1080,11,7,cx_product_control,False,buffered,NAIVE_PRODUCT;PRODUCT_FUSED,3.878959614448864e-18,0.0,True
1081,3,0,cx_product_target,False,buffered,NAIVE_PRODUCT;PRODUCT_FUSED,1.1254185670880834e-16,0.0,True
1082,9,4,cz,False,buffered,NAIVE_PRODUCT;PRODUCT_FUSED,1.3877787807814457e-17,1.1102230246251565e-16,True
1083,2,0,generic,False,buffered,NAIVE_PRODUCT;PRODUCT_FUSED,1.6883057536160646e-16,2.220446049250313e-16,True
1084,6,4,cx_product_control,False,buffered,NAIVE_PRODUCT;PRODUCT_FUSED,2.7755575615628914e-17,0.0,True
1085,2,1,cx_product_target,False,buffered,NAIVE_PRODUCT;PRODUCT_FUSED,0.0,0.0,True
1086,3,0,cz,False,buffered,NAIVE_PRODUCT;PRODUCT_FUSED,5.551115123125783e-17,0.0,True
1087,2,0,generic,False,buffered,NAIVE_PRODUCT;PRODUCT_FUSED,1.1443916996305594e-16,0.0,True
1088,3,1,cx_product_control,False,buffered,NAIVE_PRODUCT;PRODUCT_FUSED,6.938893903907228e-18,0.0,True
1089,9,7,cx_product_target,False,buffered,NAIVE_PRODUCT;PRODUCT_FUSED,1.5515838457795457e-17,0.0,True
1090,6,0,cz,False,buffered,NAIVE_PRODUCT;PRODUCT_FUSED,2.7755575615628914e-17,0.0,True
1091,12,5,generic,False,buffered,NAIVE_PRODUCT;PRODUCT_FUSED,1.0971354589302191e-17,1.1102230246251565e-16,True
1092,6,1,cx_product_control,False,buffered,NAIVE_PRODUCT;PRODUCT_FUSED,2.7755575615628914e-17,1.1102230246251565e-16,True
1093,8,1,cx_product_target,False,buffered,NAIVE_PRODUCT;PRODUCT_FUSED,1.3877787807814457e-17,0.0,True
1094,9,3,cz,False,buffered,NAIVE_PRODUCT;PRODUCT_FUSED,1.4304896245381992e-17,1.1102230246251565e-16,True
1095,1,0,generic,False,buffered,NAIVE_PRODUCT;PRODUCT_FUSED,6.938893903907228e-17,0.0,True
1096,2,1,cx_product_control,False,buffered,NAIVE_PRODUCT;PRODUCT_FUSED,2.7809732887839817e-17,0.0,True
1097,8,3,cx_product_target,False,buffered,NAIVE_PRODUCT;PRODUCT_FUSED,1.4304896245381992e-17,1.1102230246251565e-16,True
1098,3,2,cz,False,buffered,NAIVE_PRODUCT;PRODUCT_FUSED,5.594315114139762e-17,0.0,True
1099,4,0,generic,False,buffered,NAIVE_PRODUCT;PRODUCT_FUSED,6.206335383118183e-17,0.0,True
1100,7,4,cx_product_control,False,buffered,NAIVE_PRODUCT;PRODUCT_FUSED,2.7755575615628914e-17,0.0,True
1101,8,2,cx_product_target,False,buffered,NAIVE_PRODUCT;PRODUCT_FUSED,1.5515838457795457e-17,0.0,True
1102,9,8,cz,False,buffered,NAIVE_PRODUCT;PRODUCT_FUSED,1.4304896245381992e-17,2.220446049250313e-16,True
1103,7,3,generic,False,buffered,NAIVE_PRODUCT;PRODUCT_FUSED,2.964296775167217e-17,1.1102230246251565e-16,True
1104,6,4,cx_product_control,False,buffered,NAIVE_PRODUCT;PRODUCT_FUSED,2.7755575615628914e-17,0.0,True
1105,7,6,cx_product_target,False,buffered,NAIVE_PRODUCT;PRODUCT_FUSED,1.962615573354719e-17,0.0,True
1106,9,1,cz,False,buffered,NAIVE_PRODUCT;PRODUCT_FUSED,1.411962612463446e-17,0.0,True
1107,9,7,generic,False,buffered,NAIVE_PRODUCT;PRODUCT_FUSED,2.0978681678024108e-17,0.0,True
1108,10,3,cx_product_control,False,buffered,NAIVE_PRODUCT;PRODUCT_FUSED,7.152448122690996e-18,0.0,True
1109,3,2,cx_product_target,False,buffered,NAIVE_PRODUCT;PRODUCT_FUSED,2.7809732887839817e-17,0.0,True
1110,5,4,cz,False,buffered,NAIVE_PRODUCT;PRODUCT_FUSED,5.551115123125783e-17,0.0,True
1111,4,1,generic,False,buffered,NAIVE_PRODUCT;PRODUCT_FUSED,7.850462293418876e-17,1.1102230246251565e-16,True
1112,4,3,cx_product_control,False,buffered,NAIVE_PRODUCT;PRODUCT_FUSED,3.1031676915590914e-17,0.0,True
1113,3,0,cx_product_target,False,buffered,NAIVE_PRODUCT;PRODUCT_FUSED,5.594315114139762e-17,0.0,True
1114,3,2,cz,False,buffered,NAIVE_PRODUCT;PRODUCT_FUSED,5.575456304969596e-17,0.0,True
1115,8,5,generic,False,buffered,NAIVE_PRODUCT;PRODUCT_FUSED,2.8609792490763984e-17,0.0,True
1116,8,2,cx_product_control,False,buffered,NAIVE_PRODUCT;PRODUCT_FUSED,1.5515838457795457e-17,0.0,True
1117,6,2,cx_product_target,False,buffered,NAIVE_PRODUCT;PRODUCT_FUSED,2.823925224926892e-17,0.0,True
1118,9,2,cz,False,buffered,NAIVE_PRODUCT;PRODUCT_FUSED,1.3877787807814457e-17,0.0,True
1119,9,3,generic,False,buffered,NAIVE_PRODUCT;PRODUCT_FUSED,2.1942709178604383e-17,0.0,True
1120,8,2,cx_product_control,False,buffered,NAIVE_PRODUCT;PRODUCT_FUSED,1.5515838457795457e-17,0.0,True
1121,4,1,cx_product_target,False,buffered,NAIVE_PRODUCT;PRODUCT_FUSED,3.1031676915590914e-17,0.0,True
1122,7,5,cz,False,buffered,NAIVE_PRODUCT;PRODUCT_FUSED,2.7755575615628914e-17,0.0,True
1123,2,1,generic,False,buffered,NAIVE_PRODUCT;PRODUCT_FUSED,8.886119947416683e-17,0.0,True
1124,5,0,cx_product_control,False,buffered,NAIVE_PRODUCT;PRODUCT_FUSED,2.797157557069881e-17,0.0,True
1125,8,5,cx_product_target,False,buffered,NAIVE_PRODUCT;PRODUCT_FUSED,1.4304896245381992e-17,0.0,True
1126,3,1,cz,False,buffered,NAIVE_PRODUCT;PRODUCT_FUSED,5.551115123125783e-17,1.1102230246251565e-16,True
1127,5,0,generic,False,buffered,NAIVE_PRODUCT;PRODUCT_FUSED,1.1188630228279524e-16,1.1102230246251565e-16,True
1128,4,0,cx_product_control,False,buffered,NAIVE_PRODUCT;PRODUCT_FUSED,2.7755575615628914e-17,0.0,True
1129,6,1,cx_product_target,False,buffered,NAIVE_PRODUCT;PRODUCT_FUSED,2.7755575615628914e-17,0.0,True
1130,11,1,cz,False,buffered,NAIVE_PRODUCT;PRODUCT_FUSED,7.757919228897728e-18,0.0,True
1131,1,0,generic,False,buffered,NAIVE_PRODUCT;PRODUCT_FUSED,1.2412670766236366e-16,0.0,True
1132,7,0,cx_product_control,False,buffered,NAIVE_PRODUCT;PRODUCT_FUSED,2.7809732887839817e-17,0.0,True
1133,8,4,cx_product_target,False,buffered,NAIVE_PRODUCT;PRODUCT_FUSED,1.4304896245381992e-17,0.0,True
1134,11,2,cz,False,buffered,NAIVE_PRODUCT;PRODUCT_FUSED,6.992893892674703e-18,0.0,True
1135,2,1,generic,False,buffered,NAIVE_PRODUCT;PRODUCT_FUSED,7.850462293418876e-17,0.0,True
1136,9,3,cx_product_control,False,buffered,NAIVE_PRODUCT;PRODUCT_FUSED,1.411962612463446e-17,0.0,True
1137,2,1,cx_product_target,False,buffered,NAIVE_PRODUCT;PRODUCT_FUSED,1.3877787807814457e-17,0.0,True
1138,12,10,cz,False,buffered,NAIVE_PRODUCT;PRODUCT_FUSED,6.992893892674703e-18,2.220446049250313e-16,True
1139,8,4,generic,False,buffered,NAIVE_PRODUCT;PRODUCT_FUSED,2.8609792490763984e-17,0.0,True
1140,9,1,cx_product_control,False,buffered,NAIVE_PRODUCT;PRODUCT_FUSED,1.3884562417838567e-17,2.220446049250313e-16,True
1141,2,1,cx_product_target,False,buffered,NAIVE_PRODUCT;PRODUCT_FUSED,5.551115123125783e-17,0.0,True
1142,6,5,cz,False,buffered,NAIVE_PRODUCT;PRODUCT_FUSED,3.1031676915590914e-17,0.0,True
1143,11,9,generic,False,buffered,NAIVE_PRODUCT;PRODUCT_FUSED,1.3985787785349405e-17,0.0,True
1144,4,3,cx_product_control,False,buffered,NAIVE_PRODUCT;PRODUCT_FUSED,5.551115123125783e-17,0.0,True
1145,1,0,cx_product_target,False,buffered,NAIVE_PRODUCT;PRODUCT_FUSED,2.7755575615628914e-17,0.0,True
1146,3,2,cz,False,buffered,NAIVE_PRODUCT;PRODUCT_FUSED,2.7755575615628914e-17,0.0,True
1147,11,4,generic,False,buffered,NAIVE_PRODUCT;PRODUCT_FUSED,1.4304896245381992e-17,2.220446049250313e-16,True
1148,7,0,cx_product_control,False,buffered,NAIVE_PRODUCT;PRODUCT_FUSED,2.7755575615628914e-17,0.0,True
1149,9,4,cx_product_target,False,buffered,NAIVE_PRODUCT;PRODUCT_FUSED,1.5515838457795457e-17,0.0,True
1150,1,0,cz,False,buffered,NAIVE_PRODUCT;PRODUCT_FUSED,3.469446951953614e-18,0.0,True
1151,3,0,generic,False,buffered,NAIVE_PRODUCT;PRODUCT_FUSED,6.938893903907228e-17,0.0,True
1152,7,6,cx_product_control,False,buffered,NAIVE_PRODUCT;PRODUCT_FUSED,1.4304896245381992e-17,0.0,True
1153,12,0,cx_product_target,False,buffered,NAIVE_PRODUCT;PRODUCT_FUSED,3.878959614448864e-18,0.0,True
1154,3,1,cz,False,buffered,NAIVE_PRODUCT;PRODUCT_FUSED,3.1031676915590914e-17,0.0,True
1155,5,3,generic,False,buffered,NAIVE_PRODUCT;PRODUCT_FUSED,6.206335383118183e-17,1.1102230246251565e-16,True
1156,1,0,cx_product_control,False,buffered,NAIVE_PRODUCT;PRODUCT_FUSED,0.0,0.0,True
1157,3,1,cx_product_target,False,buffered,NAIVE_PRODUCT;PRODUCT_FUSED,5.551115123125783e-17,0.0,True
1158,7,2,cz,False,buffered,NAIVE_PRODUCT;PRODUCT_FUSED,1.5515838457795457e-17,0.0,True
1159,8,5,generic,False,buffered,NAIVE_PRODUCT;PRODUCT_FUSED,3.1031676915590914e-17,0.0,True
1160,5,2,cx_product_control,False,buffered,NAIVE_PRODUCT;PRODUCT_FUSED,2.8028670759448284e-17,0.0,True
1161,7,6,cx_product_target,False,buffered,NAIVE_PRODUCT;PRODUCT_FUSED,1.5515838457795457e-17,0.0,True
1162,12,1,cz,False,buffered,NAIVE_PRODUCT;PRODUCT_FUSED,3.878959614448864e-18,0.0,True
1163,1,0,generic,False,buffered,NAIVE_PRODUCT;PRODUCT_FUSED,1.1857187100668868e-16,2.220446049250313e-16,True
1164,3,2,cx_product_control,False,buffered,NAIVE_PRODUCT;PRODUCT_FUSED,5.551115123125783e-17,1.1102230246251565e-16,True
1165,4,0,cx_product_target,False,buffered,NAIVE_PRODUCT;PRODUCT_FUSED,2.7755575615628914e-17,0.0,True
1166,8,5,cz,False,buffered,NAIVE_PRODUCT;PRODUCT_FUSED,1.4304896245381992e-17,0.0,True
1167,12,2,generic,False,buffered,NAIVE_PRODUCT;PRODUCT_FUSED,1.0408340855860843e-17,2.220446049250313e-16,True
1168,12,3,cx_product_control,False,buffered,NAIVE_PRODUCT;PRODUCT_FUSED,7.152448122690996e-18,0.0,True
1169,6,0,cx_product_target,False,buffered,NAIVE_PRODUCT;PRODUCT_FUSED,2.8609792490763984e-17,0.0,True
1170,5,3,cz,False,buffered,NAIVE_PRODUCT;PRODUCT_FUSED,5.551115123125783e-17,0.0,True
1171,5,3,generic,False,buffered,NAIVE_PRODUCT;PRODUCT_FUSED,5.003707553108402e-17,1.1102230246251565e-16,True
1172,3,2,cx_product_control,False,buffered,NAIVE_PRODUCT;PRODUCT_FUSED,5.721958498152797e-17,0.0,True
1173,1,0,cx_product_target,False,buffered,NAIVE_PRODUCT;PRODUCT_FUSED,5.551115123125783e-17,0.0,True
1174,7,5,cz,False,buffered,NAIVE_PRODUCT;PRODUCT_FUSED,1.3877787807814457e-17,0.0,True
1175,7,1,generic,False,buffered,NAIVE_PRODUCT;PRODUCT_FUSED,5.721958498152797e-17,0.0,True
1176,3,1,cx_product_control,False,buffered,NAIVE_PRODUCT;PRODUCT_FUSED,5.551115123125783e-17,0.0,True
1177,6,1,cx_product_target,False,buffered,NAIVE_PRODUCT;PRODUCT_FUSED,2.7755575615628914e-17,0.0,True
1178,5,4,cz,False,buffered,NAIVE_PRODUCT;PRODUCT_FUSED,5.551115123125783e-17,0.0,True
1179,9,0,generic,False,buffered,NAIVE_PRODUCT;PRODUCT_FUSED,2.1103821920200808e-17,1.1102230246251565e-16,True
1180,11,0,cx_product_control,False,buffered,NAIVE_PRODUCT;PRODUCT_FUSED,9.813077866773595e-18,0.0,True
1181,8,5,cx_product_target,False,buffered,NAIVE_PRODUCT;PRODUCT_FUSED,1.4304896245381992e-17,0.0,True
1182,12,0,cz,False,buffered,NAIVE_PRODUCT;PRODUCT_FUSED,6.992893892674703e-18,0.0,True
1183,5,2,generic,False,buffered,NAIVE_PRODUCT;PRODUCT_FUSED,4.2207643840401616e-17,0.0,True
1184,10,8,cx_product_control,False,buffered,NAIVE_PRODUCT;PRODUCT_FUSED,7.757919228897728e-18,0.0,True
1185,3,0,cx_product_target,False,buffered,NAIVE_PRODUCT;PRODUCT_FUSED,1.3877787807814457e-17,0.0,True
1186,2,1,cz,False,buffered,NAIVE_PRODUCT;PRODUCT_FUSED,1.3877787807814457e-17,0.0,True
1187,2,1,generic,False,buffered,NAIVE_PRODUCT;PRODUCT_FUSED,8.441528768080323e-17,0.0,True
1188,11,1,cx_product_control,False,buffered,NAIVE_PRODUCT;PRODUCT_FUSED,7.757919228897728e-18,0.0,True
1189,9,0,cx_product_target,False,buffered,NAIVE_PRODUCT;PRODUCT_FUSED,1.3877787807814457e-17,0.0,True
1190,8,4,cz,False,buffered,NAIVE_PRODUCT;PRODUCT_FUSED,2.7755575615628914e-17,0.0,True
1191,3,2,generic,False,buffered,NAIVE_PRODUCT;PRODUCT_FUSED,1.0007415106216804e-16,0.0,True
1192,3,1,cx_product_control,False,buffered,NAIVE_PRODUCT;PRODUCT_FUSED,5.640019284429067e-17,2.220446049250313e-16,True
1193,3,0,cx_product_target,False,buffered,NAIVE_PRODUCT;PRODUCT_FUSED,5.594315114139762e-17,0.0,True
1194,6,0,cz,False,buffered,NAIVE_PRODUCT;PRODUCT_FUSED,2.7755575615628914e-17,0.0,True
1195,8,1,generic,False,buffered,NAIVE_PRODUCT;PRODUCT_FUSED,2.083474391183281e-17,0.0,True
1196,4,3,cx_product_control,False,buffered,NAIVE_PRODUCT;PRODUCT_FUSED,5.551115123125783e-17,1.1102230246251565e-16,True
1197,12,2,cx_product_target,False,buffered,NAIVE_PRODUCT;PRODUCT_FUSED,7.152448122690996e-18,0.0,True
1198,3,0,cz,False,buffered,NAIVE_PRODUCT;PRODUCT_FUSED,5.551115123125783e-17,0.0,True
1199,3,0,generic,False,buffered,NAIVE_PRODUCT;PRODUCT_FUSED,7.850462293418876e-17,2.220446049250313e-16,True
1200,9,7,cx_product_control,False,buffered,NAIVE_PRODUCT;PRODUCT_FUSED,9.813077866773595e-18,0.0,True
1201,10,4,cx_product_target,False,buffered,NAIVE_PRODUCT;PRODUCT_FUSED,6.938893903907228e-18,0.0,True
1202,9,1,cz,False,buffered,NAIVE_PRODUCT;PRODUCT_FUSED,1.3877787807814457e-17,0.0,True
1203,7,5,generic,False,buffered,NAIVE_PRODUCT;PRODUCT_FUSED,5.594315114139762e-17,0.0,True
1204,6,0,cx_product_control,False,buffered,NAIVE_PRODUCT;PRODUCT_FUSED,2.797157557069881e-17,0.0,True
1205,10,5,cx_product_target,False,buffered,NAIVE_PRODUCT;PRODUCT_FUSED,1.3878211317825933e-17,0.0,True
1206,6,1,cz,False,buffered,NAIVE_PRODUCT;PRODUCT_FUSED,2.8609792490763984e-17,1.1102230246251565e-16,True
1207,6,1,generic,False,buffered,NAIVE_PRODUCT;PRODUCT_FUSED,5.003707553108402e-17,1.1102230246251565e-16,True
1208,9,0,cx_product_control,False,buffered,NAIVE_PRODUCT;PRODUCT_FUSED,1.3904866443919908e-17,0.0,True
1209,5,4,cx_product_target,False,buffered,NAIVE_PRODUCT;PRODUCT_FUSED,2.797157557069881e-17,0.0,True
1210,6,4,cz,False,buffered,NAIVE_PRODUCT;PRODUCT_FUSED,1.3877787807814457e-17,0.0,True
1211,5,1,generic,False,buffered,NAIVE_PRODUCT;PRODUCT_FUSED,7.505561329662603e-17,0.0,True
1212,9,6,cx_product_control,False,buffered,NAIVE_PRODUCT;PRODUCT_FUSED,7.152448122690996e-18,0.0,True
1213,3,1,cx_product_target,False,buffered,NAIVE_PRODUCT;PRODUCT_FUSED,2.7755575615628914e-17,0.0,True
1214,1,0,cz,False,buffered,NAIVE_PRODUCT;PRODUCT_FUSED,2.7755575615628914e-17,0.0,True
1215,3,2,generic,False,buffered,NAIVE_PRODUCT;PRODUCT_FUSED,1.0007415106216804e-16,1.1102230246251565e-16,True
1216,6,3,cx_product_control,False,buffered,NAIVE_PRODUCT;PRODUCT_FUSED,2.797157557069881e-17,0.0,True
1217,2,0,cx_product_target,False,buffered,NAIVE_PRODUCT;PRODUCT_FUSED,1.1188630228279524e-16,0.0,True
1218,3,1,cz,False,buffered,NAIVE_PRODUCT;PRODUCT_FUSED,5.551115123125783e-17,0.0,True
1219,1,0,generic,False,buffered,NAIVE_PRODUCT;PRODUCT_FUSED,1.2412670766236366e-16,1.1102230246251565e-16,True
1220,1,0,cx_product_control,False,buffered,NAIVE_PRODUCT;PRODUCT_FUSED,0.0,0.0,True
1221,2,0,cx_product_target,False,buffered,NAIVE_PRODUCT;PRODUCT_FUSED,6.938893903907228e-18,0.0,True
1222,9,7,cz,False,buffered,NAIVE_PRODUCT;PRODUCT_FUSED,1.4304896245381992e-17,0.0,True
1223,3,1,generic,False,buffered,NAIVE_PRODUCT;PRODUCT_FUSED,6.206335383118183e-17,0.0,True
1224,3,0,cx_product_control,False,buffered,NAIVE_PRODUCT;PRODUCT_FUSED,6.206335383118183e-17,1.1102230246251565e-16,True
1225,2,1,cx_product_target,False,buffered,NAIVE_PRODUCT;PRODUCT_FUSED,7.850462293418876e-17,0.0,True
1226,12,0,cz,False,buffered,NAIVE_PRODUCT;PRODUCT_FUSED,3.878959614448864e-18,2.220446049250313e-16,True
1227,1,0,generic,False,buffered,NAIVE_PRODUCT;PRODUCT_FUSED,1.1443916996305594e-16,0.0,True
1228,2,0,cx_product_control,False,buffered,NAIVE_PRODUCT;PRODUCT_FUSED,6.938893903907228e-18,0.0,True
1229,1,0,cx_product_target,False,buffered,NAIVE_PRODUCT;PRODUCT_FUSED,5.551115123125783e-17,0.0,True
1230,4,3,cz,False,buffered,NAIVE_PRODUCT;PRODUCT_FUSED,2.7755575615628914e-17,0.0,True
1231,8,2,generic,False,buffered,NAIVE_PRODUCT;PRODUCT_FUSED,3.4867510341210807e-17,0.0,True
1232,12,3,cx_product_control,False,buffered,NAIVE_PRODUCT;PRODUCT_FUSED,3.878959614448864e-18,0.0,True
1233,3,0,cx_product_target,False,buffered,NAIVE_PRODUCT;PRODUCT_FUSED,3.925231146709438e-17,0.0,True
1234,8,4,cz,False,buffered,NAIVE_PRODUCT;PRODUCT_FUSED,1.4304896245381992e-17,0.0,True
1235,7,4,generic,False,buffered,NAIVE_PRODUCT;PRODUCT_FUSED,3.7367087251761353e-17,0.0,True
1236,5,4,cx_product_control,False,buffered,NAIVE_PRODUCT;PRODUCT_FUSED,2.7755575615628914e-17,0.0,True
1237,5,2,cx_product_target,False,buffered,NAIVE_PRODUCT;PRODUCT_FUSED,2.797157557069881e-17,0.0,True
1238,3,1,cz,False,buffered,NAIVE_PRODUCT;PRODUCT_FUSED,5.551115123125783e-17,1.1102230246251565e-16,True
1239,10,6,generic,False,buffered,NAIVE_PRODUCT;PRODUCT_FUSED,2.1103821920200808e-17,1.1102230246251565e-16,True
1240,11,8,cx_product_control,False,buffered,NAIVE_PRODUCT;PRODUCT_FUSED,7.152448122690996e-18,0.0,True
1241,5,3,cx_product_target,False,buffered,NAIVE_PRODUCT;PRODUCT_FUSED,3.1031676915590914e-17,0.0,True
1242,7,2,cz,False,buffered,NAIVE_PRODUCT;PRODUCT_FUSED,2.8609792490763984e-17,0.0,True
1243,9,7,generic,False,buffered,NAIVE_PRODUCT;PRODUCT_FUSED,2.787728152484798e-17,0.0,True
1244,3,2,cx_product_control,False,buffered,NAIVE_PRODUCT;PRODUCT_FUSED,3.925231146709438e-17,0.0,True
1245,9,0,cx_product_target,False,buffered,NAIVE_PRODUCT;PRODUCT_FUSED,1.4304896245381992e-17,2.220446049250313e-16,True
1246,11,4,cz,False,buffered,NAIVE_PRODUCT;PRODUCT_FUSED,6.992893892674703e-18,0.0,True
1247,8,1,generic,False,buffered,NAIVE_PRODUCT;PRODUCT_FUSED,2.8609792490763984e-17,0.0,True
1248,6,4,cx_product_control,False,buffered,NAIVE_PRODUCT;PRODUCT_FUSED,2.7755575615628914e-17,0.0,True
1249,3,0,cx_product_target,False,buffered,NAIVE_PRODUCT;PRODUCT_FUSED,5.551115123125783e-17,0.0,True
1250,11,1,cz,False,buffered,NAIVE_PRODUCT;PRODUCT_FUSED,7.152448122690996e-18,0.0,True
1251,3,1,generic,False,buffered,NAIVE_PRODUCT;PRODUCT_FUSED,1.1102230246251565e-16,0.0,True
1252,1,0,cx_product_control,False,buffered,NAIVE_PRODUCT;PRODUCT_FUSED,5.551115123125783e-17,1.1102230246251565e-16,True
1253,2,0,cx_product_target,False,buffered,NAIVE_PRODUCT;PRODUCT_FUSED,3.469446951953614e-18,0.0,True
1254,9,8,cz,False,buffered,NAIVE_PRODUCT;PRODUCT_FUSED,1.411962612463446e-17,0.0,True
1255,9,6,generic,False,buffered,NAIVE_PRODUCT;PRODUCT_FUSED,2.0816681711721685e-17,2.220446049250313e-16,True
1256,4,1,cx_product_control,False,buffered,NAIVE_PRODUCT;PRODUCT_FUSED,2.7755575615628914e-17,1.1102230246251565e-16,True
1257,7,4,cx_product_target,False,buffered,NAIVE_PRODUCT;PRODUCT_FUSED,2.8609792490763984e-17,0.0,True
1258,5,2,cz,False,buffered,NAIVE_PRODUCT;PRODUCT_FUSED,5.551115123125783e-17,0.0,True
1259,5,2,generic,False,buffered,NAIVE_PRODUCT;PRODUCT_FUSED,5.815852873680767e-17,0.0,True
1260,6,3,cx_product_control,False,buffered,NAIVE_PRODUCT;PRODUCT_FUSED,2.7755575615628914e-17,0.0,True
1261,1,0,cx_product_target,False,buffered,NAIVE_PRODUCT;PRODUCT_FUSED,1.4304896245381992e-17,0.0,True
1262,8,7,cz,False,buffered,NAIVE_PRODUCT;PRODUCT_FUSED,1.3877787807814457e-17,0.0,True
1263,5,2,generic,False,buffered,NAIVE_PRODUCT;PRODUCT_FUSED,6.206335383118183e-17,0.0,True
1264,7,3,cx_product_control,False,buffered,NAIVE_PRODUCT;PRODUCT_FUSED,1.3877787807814457e-17,0.0,True
1265,3,0,cx_product_target,False,buffered,NAIVE_PRODUCT;PRODUCT_FUSED,5.721958498152797e-17,0.0,True
1266,3,0,cz,False,buffered,NAIVE_PRODUCT;PRODUCT_FUSED,5.551115123125783e-17,0.0,True
1267,12,11,generic,False,buffered,NAIVE_PRODUCT;PRODUCT_FUSED,9.813077866773595e-18,0.0,True
1268,3,1,cx_product_control,False,buffered,NAIVE_PRODUCT;PRODUCT_FUSED,6.938893903907228e-18,0.0,True
1269,2,1,cx_product_target,False,buffered,NAIVE_PRODUCT;PRODUCT_FUSED,1.3877787807814457e-17,0.0,True
1270,11,9,cz,False,buffered,NAIVE_PRODUCT;PRODUCT_FUSED,7.152448122690996e-18,0.0,True
1271,9,0,generic,False,buffered,NAIVE_PRODUCT;PRODUCT_FUSED,2.7755575615628914e-17,0.0,True
1272,6,4,cx_product_control,False,buffered,NAIVE_PRODUCT;PRODUCT_FUSED,2.7755575615628914e-17,0.0,True
1273,2,0,cx_product_target,False,buffered,NAIVE_PRODUCT;PRODUCT_FUSED,2.7755575615628914e-17,0.0,True
1274,12,2,cz,False,buffered,NAIVE_PRODUCT;PRODUCT_FUSED,4.9065389333867974e-18,0.0,True
1275,5,1,generic,False,buffered,NAIVE_PRODUCT;PRODUCT_FUSED,5.594315114139762e-17,2.220446049250313e-16,True
1276,5,1,cx_product_control,False,buffered,NAIVE_PRODUCT;PRODUCT_FUSED,2.7755575615628914e-17,0.0,True
1277,11,7,cx_product_target,False,buffered,NAIVE_PRODUCT;PRODUCT_FUSED,7.757919228897728e-18,0.0,True
1278,10,9,cz,False,buffered,NAIVE_PRODUCT;PRODUCT_FUSED,9.813077866773595e-18,0.0,True
1279,6,5,generic,False,buffered,NAIVE_PRODUCT;PRODUCT_FUSED,3.925231146709438e-17,0.0,True
1280,3,0,cx_product_control,False,buffered,NAIVE_PRODUCT;PRODUCT_FUSED,5.594315114139762e-17,0.0,True
1281,7,1,cx_product_target,False,buffered,NAIVE_PRODUCT;PRODUCT_FUSED,2.797157557069881e-17,0.0,True
1282,6,5,cz,False,buffered,NAIVE_PRODUCT;PRODUCT_FUSED,2.797157557069881e-17,0.0,True
1283,8,7,generic,False,buffered,NAIVE_PRODUCT;PRODUCT_FUSED,4.177767360805209e-17,0.0,True
1284,7,6,cx_product_control,False,buffered,NAIVE_PRODUCT;PRODUCT_FUSED,1.5515838457795457e-17,4.440892098500626e-16,True
1285,9,1,cx_product_target,False,buffered,NAIVE_PRODUCT;PRODUCT_FUSED,1.5515838457795457e-17,0.0,True
1286,7,3,cz,False,buffered,NAIVE_PRODUCT;PRODUCT_FUSED,1.5515838457795457e-17,0.0,True
1287,11,5,generic,False,buffered,NAIVE_PRODUCT;PRODUCT_FUSED,1.5515838457795457e-17,1.1102230246251565e-16,True
1288,5,0,cx_product_control,False,buffered,NAIVE_PRODUCT;PRODUCT_FUSED,5.551115123125783e-17,0.0,True
1289,1,0,cx_product_target,False,buffered,NAIVE_PRODUCT;PRODUCT_FUSED,2.7755575615628914e-17,0.0,True
1290,6,1,cz,False,buffered,NAIVE_PRODUCT;PRODUCT_FUSED,3.1031676915590914e-17,0.0,True
1291,1,0,generic,False,buffered,NAIVE_PRODUCT;PRODUCT_FUSED,1.1443916996305594e-16,0.0,True
1292,10,0,cx_product_control,False,buffered,NAIVE_PRODUCT;PRODUCT_FUSED,7.757919228897728e-18,1.1102230246251565e-16,True
1293,3,0,cx_product_target,False,buffered,NAIVE_PRODUCT;PRODUCT_FUSED,6.206335383118183e-17,0.0,True
1294,11,1,cz,False,buffered,NAIVE_PRODUCT;PRODUCT_FUSED,7.152448122690996e-18,0.0,True
1295,8,3,generic,False,buffered,NAIVE_PRODUCT;PRODUCT_FUSED,2.7755575615628914e-17,2.220446049250313e-16,True
1296,11,3,cx_product_control,False,buffered,NAIVE_PRODUCT;PRODUCT_FUSED,7.757919228897728e-18,0.0,True
1297,10,4,cx_product_target,False,buffered,NAIVE_PRODUCT;PRODUCT_FUSED,6.938893903907228e-18,0.0,True
1298,6,1,cz,False,buffered,NAIVE_PRODUCT;PRODUCT_FUSED,2.7755575615628914e-17,0.0,True
1299,7,1,generic,False,buffered,NAIVE_PRODUCT;PRODUCT_FUSED,5.721958498152797e-17,0.0,True
1300,1,0,cx_product_control,False,buffered,NAIVE_PRODUCT;PRODUCT_FUSED,3.469446951953614e-18,0.0,True
1301,11,4,cx_product_target,False,buffered,NAIVE_PRODUCT;PRODUCT_FUSED,7.152448122690996e-18,0.0,True
1302,12,3,cz,False,buffered,NAIVE_PRODUCT;PRODUCT_FUSED,6.938893903907228e-18,1.1102230246251565e-16,True
1303,10,0,generic,False,buffered,NAIVE_PRODUCT;PRODUCT_FUSED,2.1103821920200808e-17,0.0,True
1304,6,0,cx_product_control,False,buffered,NAIVE_PRODUCT;PRODUCT_FUSED,3.1031676915590914e-17,0.0,True
1305,8,3,cx_product_target,False,buffered,NAIVE_PRODUCT;PRODUCT_FUSED,1.4304896245381992e-17,0.0,True
1306,3,0,cz,False,buffered,NAIVE_PRODUCT;PRODUCT_FUSED,6.206335383118183e-17,0.0,True
1307,12,7,generic,False,buffered,NAIVE_PRODUCT;PRODUCT_FUSED,1.0476445367407639e-17,0.0,True
1308,6,0,cx_product_control,False,buffered,NAIVE_PRODUCT;PRODUCT_FUSED,1.5515838457795457e-17,0.0,True
1309,6,5,cx_product_target,False,buffered,NAIVE_PRODUCT;PRODUCT_FUSED,3.925231146709438e-17,0.0,True
1310,9,5,cz,False,buffered,NAIVE_PRODUCT;PRODUCT_FUSED,1.5515838457795457e-17,0.0,True
1311,1,0,generic,False,buffered,NAIVE_PRODUCT;PRODUCT_FUSED,1.1102230246251565e-16,0.0,True
1312,7,0,cx_product_control,False,buffered,NAIVE_PRODUCT;PRODUCT_FUSED,2.7755575615628914e-17,0.0,True
1313,5,0,cx_product_target,False,buffered,NAIVE_PRODUCT;PRODUCT_FUSED,1.3877787807814457e-17,0.0,True
1314,9,5,cz,False,buffered,NAIVE_PRODUCT;PRODUCT_FUSED,1.4304896245381992e-17,0.0,True
1315,7,6,generic,False,buffered,NAIVE_PRODUCT;PRODUCT_FUSED,3.1031676915590914e-17,1.1102230246251565e-16,True
1316,3,2,cx_product_control,False,buffered,NAIVE_PRODUCT;PRODUCT_FUSED,6.938893903907228e-18,0.0,True
1317,10,4,cx_product_target,False,buffered,NAIVE_PRODUCT;PRODUCT_FUSED,1.3877787807814457e-17,0.0,True
1318,6,3,cz,False,buffered,NAIVE_PRODUCT;PRODUCT_FUSED,3.1031676915590914e-17,0.0,True
1319,3,2,generic,False,buffered,NAIVE_PRODUCT;PRODUCT_FUSED,1.1443916996305594e-16,2.220446049250313e-16,True
1320,12,0,cx_product_control,False,buffered,NAIVE_PRODUCT;PRODUCT_FUSED,3.576224061345498e-18,0.0,True
1321,6,0,cx_product_target,False,buffered,NAIVE_PRODUCT;PRODUCT_FUSED,3.1031676915590914e-17,0.0,True
1322,10,9,cz,False,buffered,NAIVE_PRODUCT;PRODUCT_FUSED,7.757919228897728e-18,0.0,True
1323,11,9,generic,False,buffered,NAIVE_PRODUCT;PRODUCT_FUSED,1.4304896245381992e-17,0.0,True
1324,3,1,cx_product_control,False,buffered,NAIVE_PRODUCT;PRODUCT_FUSED,5.551115123125783e-17,0.0,True
1325,1,0,cx_product_target,False,buffered,NAIVE_PRODUCT;PRODUCT_FUSED,5.551115123125783e-17,0.0,True
1326,7,2,cz,False,buffered,NAIVE_PRODUCT;PRODUCT_FUSED,2.7755575615628914e-17,0.0,True
1327,2,1,generic,False,buffered,NAIVE_PRODUCT;PRODUCT_FUSED,1.1443916996305594e-16,0.0,True
1328,9,5,cx_product_control,False,buffered,NAIVE_PRODUCT;PRODUCT_FUSED,1.3877787807814457e-17,0.0,True
1329,6,1,cx_product_target,False,buffered,NAIVE_PRODUCT;PRODUCT_FUSED,5.551115123125783e-17,0.0,True
1330,3,2,cz,False,buffered,NAIVE_PRODUCT;PRODUCT_FUSED,5.551115123125783e-17,2.220446049250313e-16,True
1331,11,2,generic,False,buffered,NAIVE_PRODUCT;PRODUCT_FUSED,1.5515838457795457e-17,0.0,True
1332,4,3,cx_product_control,False,buffered,NAIVE_PRODUCT;PRODUCT_FUSED,2.7921100505985453e-17,0.0,True
1333,11,9,cx_product_target,False,buffered,NAIVE_PRODUCT;PRODUCT_FUSED,7.757919228897728e-18,0.0,True
1334,12,0,cz,False,buffered,NAIVE_PRODUCT;PRODUCT_FUSED,3.878959614448864e-18,0.0,True
1335,10,5,generic,False,buffered,NAIVE_PRODUCT;PRODUCT_FUSED,1.962615573354719e-17,0.0,True
1336,3,0,cx_product_control,False,buffered,NAIVE_PRODUCT;PRODUCT_FUSED,2.797157557069881e-17,0.0,True
1337,1,0,cx_product_target,False,buffered,NAIVE_PRODUCT;PRODUCT_FUSED,5.551115123125783e-17,0.0,True
1338,12,6,cz,False,buffered,NAIVE_PRODUCT;PRODUCT_FUSED,3.878959614448864e-18,0.0,True
1339,5,4,generic,False,buffered,NAIVE_PRODUCT;PRODUCT_FUSED,6.206335383118183e-17,0.0,True
1340,6,3,cx_product_control,False,buffered,NAIVE_PRODUCT;PRODUCT_FUSED,3.1031676915590914e-17,0.0,True
1341,11,1,cx_product_target,False,buffered,NAIVE_PRODUCT;PRODUCT_FUSED,4.9065389333867974e-18,0.0,True
1342,11,6,cz,False,buffered,NAIVE_PRODUCT;PRODUCT_FUSED,7.757919228897728e-18,0.0,True
1343,2,0,generic,False,buffered,NAIVE_PRODUCT;PRODUCT_FUSED,1.4946834900704541e-16,1.1102230246251565e-16,True
1344,8,7,cx_product_control,False,buffered,NAIVE_PRODUCT;PRODUCT_FUSED,1.4304896245381992e-17,0.0,True
1345,7,0,cx_product_target,False,buffered,NAIVE_PRODUCT;PRODUCT_FUSED,2.797157557069881e-17,0.0,True
1346,11,10,cz,False,buffered,NAIVE_PRODUCT;PRODUCT_FUSED,7.152448122690996e-18,0.0,True
1347,6,2,generic,False,buffered,NAIVE_PRODUCT;PRODUCT_FUSED,3.469446951953614e-17,1.1102230246251565e-16,True
1348,2,1,cx_product_control,False,buffered,NAIVE_PRODUCT;PRODUCT_FUSED,5.551115123125783e-17,0.0,True
1349,1,0,cx_product_target,False,buffered,NAIVE_PRODUCT;PRODUCT_FUSED,2.8609792490763984e-17,0.0,True
1350,8,2,cz,False,buffered,NAIVE_PRODUCT;PRODUCT_FUSED,1.5515838457795457e-17,0.0,True
1351,2,0,generic,False,buffered,NAIVE_PRODUCT;PRODUCT_FUSED,1.1236938283130691e-16,1.1102230246251565e-16,True
1352,11,1,cx_product_control,False,buffered,NAIVE_PRODUCT;PRODUCT_FUSED,7.757919228897728e-18,0.0,True
1353,9,4,cx_product_target,False,buffered,NAIVE_PRODUCT;PRODUCT_FUSED,9.813077866773595e-18,0.0,True
1354,10,8,cz,False,buffered,NAIVE_PRODUCT;PRODUCT_FUSED,7.757919228897728e-18,0.0,True
1355,5,1,generic,False,buffered,NAIVE_PRODUCT;PRODUCT_FUSED,5.594315114139762e-17,0.0,True
1356,2,1,cx_product_control,False,buffered,NAIVE_PRODUCT;PRODUCT_FUSED,5.551115123125783e-17,0.0,True
1357,11,1,cx_product_target,False,buffered,NAIVE_PRODUCT;PRODUCT_FUSED,7.152448122690996e-18,0.0,True
1358,9,2,cz,False,buffered,NAIVE_PRODUCT;PRODUCT_FUSED,1.3877787807814457e-17,0.0,True
1359,1,0,generic,False,buffered,NAIVE_PRODUCT;PRODUCT_FUSED,1.1443916996305594e-16,0.0,True
1360,11,6,cx_product_control,False,buffered,NAIVE_PRODUCT;PRODUCT_FUSED,7.757919228897728e-18,0.0,True
1361,11,5,cx_product_target,False,buffered,NAIVE_PRODUCT;PRODUCT_FUSED,7.152448122690996e-18,0.0,True
1362,2,0,cz,False,buffered,NAIVE_PRODUCT;PRODUCT_FUSED,5.551115123125783e-17,0.0,True
1363,11,7,generic,False,buffered,NAIVE_PRODUCT;PRODUCT_FUSED,1.3985787785349405e-17,0.0,True
1364,7,4,cx_product_control,False,buffered,NAIVE_PRODUCT;PRODUCT_FUSED,2.7755575615628914e-17,1.1102230246251565e-16,True
1365,3,2,cx_product_target,False,buffered,NAIVE_PRODUCT;PRODUCT_FUSED,2.7755575615628914e-17,0.0,True
1366,5,4,cz,False,buffered,NAIVE_PRODUCT;PRODUCT_FUSED,2.797157557069881e-17,0.0,True
1367,7,4,generic,False,buffered,NAIVE_PRODUCT;PRODUCT_FUSED,3.925231146709438e-17,0.0,True
1368,11,4,cx_product_control,False,buffered,NAIVE_PRODUCT;PRODUCT_FUSED,7.152448122690996e-18,0.0,True
1369,6,2,cx_product_target,False,buffered,NAIVE_PRODUCT;PRODUCT_FUSED,2.7755575615628914e-17,0.0,True
1370,3,0,cz,False,buffered,NAIVE_PRODUCT;PRODUCT_FUSED,2.7755575615628914e-17,1.1102230246251565e-16,True
1371,5,4,generic,False,buffered,NAIVE_PRODUCT;PRODUCT_FUSED,4.163336342344337e-17,0.0,True
1372,4,2,cx_product_control,False,buffered,NAIVE_PRODUCT;PRODUCT_FUSED,1.3877787807814457e-17,1.1102230246251565e-16,True
1373,10,8,cx_product_target,False,buffered,NAIVE_PRODUCT;PRODUCT_FUSED,7.757919228897728e-18,0.0,True
1374,2,0,cz,False,buffered,NAIVE_PRODUCT;PRODUCT_FUSED,5.551115123125783e-17,0.0,True
1375,8,5,generic,False,buffered,NAIVE_PRODUCT;PRODUCT_FUSED,2.8609792490763984e-17,0.0,True
1376,12,4,cx_product_control,False,buffered,NAIVE_PRODUCT;PRODUCT_FUSED,4.9065389333867974e-18,0.0,True
1377,10,8,cx_product_target,False,buffered,NAIVE_PRODUCT;PRODUCT_FUSED,1.3985787785349405e-17,0.0,True
1378,12,6,cz,False,buffered,NAIVE_PRODUCT;PRODUCT_FUSED,3.878959614448864e-18,0.0,True
1379,8,1,generic,False,buffered,NAIVE_PRODUCT;PRODUCT_FUSED,2.7755575615628914e-17,0.0,True
1380,6,3,cx_product_control,False,buffered,NAIVE_PRODUCT;PRODUCT_FUSED,2.7755575615628914e-17,0.0,True
1381,7,5,cx_product_target,False,buffered,NAIVE_PRODUCT;PRODUCT_FUSED,2.7755575615628914e-17,0.0,True
1382,5,0,cz,False,buffered,NAIVE_PRODUCT;PRODUCT_FUSED,2.797157557069881e-17,1.1102230246251565e-16,True
1383,6,3,generic,False,buffered,NAIVE_PRODUCT;PRODUCT_FUSED,5.003707553108402e-17,0.0,True
1384,11,6,cx_product_control,False,buffered,NAIVE_PRODUCT;PRODUCT_FUSED,7.757919228897728e-18,2.220446049250313e-16,True
1385,12,1,cx_product_target,False,buffered,NAIVE_PRODUCT;PRODUCT_FUSED,6.992893892674703e-18,0.0,True
1386,3,2,cz,False,buffered,NAIVE_PRODUCT;PRODUCT_FUSED,5.553824967135427e-17,0.0,True
1387,8,4,generic,False,buffered,NAIVE_PRODUCT;PRODUCT_FUSED,2.8609792490763984e-17,2.220446049250313e-16,True
1388,2,0,cx_product_control,False,buffered,NAIVE_PRODUCT;PRODUCT_FUSED,2.7755575615628914e-17,0.0,True
1389,5,3,cx_product_target,False,buffered,NAIVE_PRODUCT;PRODUCT_FUSED,2.7755575615628914e-17,0.0,True
1390,3,0,cz,False,buffered,NAIVE_PRODUCT;PRODUCT_FUSED,5.551115123125783e-17,0.0,True
1391,7,5,generic,False,buffered,NAIVE_PRODUCT;PRODUCT_FUSED,5.551115123125783e-17,3.3306690738754696e-16,True
1392,6,5,cx_product_control,False,buffered,NAIVE_PRODUCT;PRODUCT_FUSED,2.8609792490763984e-17,0.0,True
1393,5,0,cx_product_target,False,buffered,NAIVE_PRODUCT;PRODUCT_FUSED,2.7755575615628914e-17,2.220446049250313e-16,True
1394,2,1,cz,False,buffered,NAIVE_PRODUCT;PRODUCT_FUSED,2.7755575615628914e-17,0.0,True
1395,4,2,generic,False,buffered,NAIVE_PRODUCT;PRODUCT_FUSED,1.1102230246251565e-16,2.220446049250313e-16,True
1396,11,3,cx_product_control,False,buffered,NAIVE_PRODUCT;PRODUCT_FUSED,7.757919228897728e-18,0.0,True
1397,9,6,cx_product_target,False,buffered,NAIVE_PRODUCT;PRODUCT_FUSED,7.757919228897728e-18,0.0,True
1398,8,1,cz,False,buffered,NAIVE_PRODUCT;PRODUCT_FUSED,1.4304896245381992e-17,0.0,True
1399,9,7,generic,False,buffered,NAIVE_PRODUCT;PRODUCT_FUSED,3.469446951953614e-17,0.0,True
1400,7,2,cx_product_control,False,buffered,NAIVE_PRODUCT;PRODUCT_FUSED,2.7769124835677133e-17,1.1102230246251565e-16,True
1401,4,2,cx_product_target,False,buffered,NAIVE_PRODUCT;PRODUCT_FUSED,2.797157557069881e-17,0.0,True
1402,5,1,cz,False,buffered,NAIVE_PRODUCT;PRODUCT_FUSED,3.1031676915590914e-17,0.0,True
1403,6,4,generic,False,buffered,NAIVE_PRODUCT;PRODUCT_FUSED,5.551115123125783e-17,0.0,True
1404,8,1,cx_product_control,False,buffered,NAIVE_PRODUCT;PRODUCT_FUSED,1.3985787785349405e-17,0.0,True
1405,7,2,cx_product_target,False,buffered,NAIVE_PRODUCT;PRODUCT_FUSED,2.7755575615628914e-17,0.0,True
1406,8,1,cz,False,buffered,NAIVE_PRODUCT;PRODUCT_FUSED,1.5515838457795457e-17,0.0,True
1407,10,9,generic,False,buffered,NAIVE_PRODUCT;PRODUCT_FUSED,1.4214688776113737e-17,0.0,True
1408,9,7,cx_product_control,False,buffered,NAIVE_PRODUCT;PRODUCT_FUSED,1.3985787785349405e-17,0.0,True
1409,6,3,cx_product_target,False,buffered,NAIVE_PRODUCT;PRODUCT_FUSED,2.7755575615628914e-17,2.220446049250313e-16,True
1410,11,1,cz,False,buffered,NAIVE_PRODUCT;PRODUCT_FUSED,7.757919228897728e-18,0.0,True
1411,8,4,generic,False,buffered,NAIVE_PRODUCT;PRODUCT_FUSED,2.797157557069881e-17,1.1102230246251565e-16,True
1412,1,0,cx_product_control,False,buffered,NAIVE_PRODUCT;PRODUCT_FUSED,5.721958498152797e-17,1.1102230246251565e-16,True
1413,10,3,cx_product_target,False,buffered,NAIVE_PRODUCT;PRODUCT_FUSED,1.3877787807814457e-17,0.0,True
1414,9,0,cz,False,buffered,NAIVE_PRODUCT;PRODUCT_FUSED,9.813077866773595e-18,0.0,True
1415,1,0,generic,False,buffered,NAIVE_PRODUCT;PRODUCT_FUSED,1.2412670766236366e-16,0.0,True
1416,4,2,cx_product_control,False,buffered,NAIVE_PRODUCT;PRODUCT_FUSED,2.7755575615628914e-17,0.0,True
1417,4,2,cx_product_target,False,buffered,NAIVE_PRODUCT;PRODUCT_FUSED,5.561946577567963e-17,0.0,True
1418,8,5,cz,False,buffered,NAIVE_PRODUCT;PRODUCT_FUSED,2.784015005631585e-17,0.0,True
1419,2,0,generic,False,buffered,NAIVE_PRODUCT;PRODUCT_FUSED,1.1443916996305594e-16,1.1102230246251565e-16,True
1420,8,3,cx_product_control,False,buffered,NAIVE_PRODUCT;PRODUCT_FUSED,1.4304896245381992e-17,0.0,True
1421,5,1,cx_product_target,False,buffered,NAIVE_PRODUCT;PRODUCT_FUSED,2.8609792490763984e-17,0.0,True
1422,11,10,cz,False,buffered,NAIVE_PRODUCT;PRODUCT_FUSED,7.757919228897728e-18,0.0,True
1423,5,2,generic,False,buffered,NAIVE_PRODUCT;PRODUCT_FUSED,5.551115123125783e-17,0.0,True
1424,12,3,cx_product_control,False,buffered,NAIVE_PRODUCT;PRODUCT_FUSED,4.9065389333867974e-18,0.0,True
1425,12,10,cx_product_target,False,buffered,NAIVE_PRODUCT;PRODUCT_FUSED,6.992893892674703e-18,1.1102230246251565e-16,True
1426,11,6,cz,False,buffered,NAIVE_PRODUCT;PRODUCT_FUSED,7.152448122690996e-18,0.0,True
1427,12,6,generic,False,buffered,NAIVE_PRODUCT;PRODUCT_FUSED,1.0444418402013022e-17,0.0,True
1428,12,8,cx_product_control,False,buffered,NAIVE_PRODUCT;PRODUCT_FUSED,6.938893903907228e-18,0.0,True
1429,9,5,cx_product_target,False,buffered,NAIVE_PRODUCT;PRODUCT_FUSED,1.3877787807814457e-17,0.0,True
1430,11,8,cz,False,buffered,NAIVE_PRODUCT;PRODUCT_FUSED,7.152448122690996e-18,0.0,True
1431,11,5,generic,False,buffered,NAIVE_PRODUCT;PRODUCT_FUSED,1.4304896245381992e-17,0.0,True
1432,8,2,cx_product_control,False,buffered,NAIVE_PRODUCT;PRODUCT_FUSED,1.5515838457795457e-17,0.0,True
1433,11,10,cx_product_target,False,buffered,NAIVE_PRODUCT;PRODUCT_FUSED,7.152448122690996e-18,0.0,True
1434,11,7,cz,False,buffered,NAIVE_PRODUCT;PRODUCT_FUSED,7.152448122690996e-18,0.0,True
1435,12,3,generic,False,buffered,NAIVE_PRODUCT;PRODUCT_FUSED,1.411962612463446e-17,1.1102230246251565e-16,True
1436,7,3,cx_product_control,False,buffered,NAIVE_PRODUCT;PRODUCT_FUSED,2.7755575615628914e-17,0.0,True
1437,10,9,cx_product_target,False,buffered,NAIVE_PRODUCT;PRODUCT_FUSED,7.757919228897728e-18,1.1102230246251565e-16,True
1438,12,6,cz,False,buffered,NAIVE_PRODUCT;PRODUCT_FUSED,7.152448122690996e-18,0.0,True
1439,4,0,generic,False,buffered,NAIVE_PRODUCT;PRODUCT_FUSED,7.850462293418876e-17,0.0,True
1440,11,3,cx_product_control,False,buffered,NAIVE_PRODUCT;PRODUCT_FUSED,7.152448122690996e-18,0.0,True
1441,11,3,cx_product_target,False,buffered,NAIVE_PRODUCT;PRODUCT_FUSED,3.878959614448864e-18,0.0,True
1442,2,1,cz,False,buffered,NAIVE_PRODUCT;PRODUCT_FUSED,1.3877787807814457e-17,0.0,True
1443,5,4,generic,False,buffered,NAIVE_PRODUCT;PRODUCT_FUSED,5.928593550334434e-17,0.0,True
1444,11,4,cx_product_control,False,buffered,NAIVE_PRODUCT;PRODUCT_FUSED,7.757919228897728e-18,0.0,True
1445,12,9,cx_product_target,False,buffered,NAIVE_PRODUCT;PRODUCT_FUSED,7.152448122690996e-18,0.0,True
1446,5,4,cz,False,buffered,NAIVE_PRODUCT;PRODUCT_FUSED,2.7755575615628914e-17,0.0,True
1447,5,0,generic,False,buffered,NAIVE_PRODUCT;PRODUCT_FUSED,1.1102230246251565e-16,2.220446049250313e-16,True
1448,6,5,cx_product_control,False,buffered,NAIVE_PRODUCT;PRODUCT_FUSED,2.7755575615628914e-17,1.1102230246251565e-16,True
1449,1,0,cx_product_target,False,buffered,NAIVE_PRODUCT;PRODUCT_FUSED,1.3877787807814457e-17,0.0,True
1450,1,0,cz,False,buffered,NAIVE_PRODUCT;PRODUCT_FUSED,3.469446951953614e-18,0.0,True
1451,9,4,generic,False,buffered,NAIVE_PRODUCT;PRODUCT_FUSED,2.0816681711721685e-17,0.0,True
1452,2,0,cx_product_control,False,buffered,NAIVE_PRODUCT;PRODUCT_FUSED,0.0,0.0,True
1453,4,2,cx_product_target,False,buffered,NAIVE_PRODUCT;PRODUCT_FUSED,5.551115123125783e-17,0.0,True
1454,11,10,cz,False,buffered,NAIVE_PRODUCT;PRODUCT_FUSED,7.152448122690996e-18,0.0,True
1455,10,8,generic,False,buffered,NAIVE_PRODUCT;PRODUCT_FUSED,1.5515838457795457e-17,2.220446049250313e-16,True
1456,9,3,cx_product_control,False,buffered,NAIVE_PRODUCT;PRODUCT_FUSED,1.411962612463446e-17,0.0,True
1457,1,0,cx_product_target,False,buffered,NAIVE_PRODUCT;PRODUCT_FUSED,5.647850449853784e-17,0.0,True
1458,10,6,cz,False,buffered,NAIVE_PRODUCT;PRODUCT_FUSED,6.938893903907228e-18,0.0,True
1459,6,1,generic,False,buffered,NAIVE_PRODUCT;PRODUCT_FUSED,4.163336342344337e-17,2.220446049250313e-16,True
1460,7,3,cx_product_control,False,buffered,NAIVE_PRODUCT;PRODUCT_FUSED,2.7755575615628914e-17,0.0,True
1461,10,5,cx_product_target,False,buffered,NAIVE_PRODUCT;PRODUCT_FUSED,1.3904866443919908e-17,0.0,True
1462,7,5,cz,False,buffered,NAIVE_PRODUCT;PRODUCT_FUSED,2.809234570782673e-17,0.0,True
1463,4,1,generic,False,buffered,NAIVE_PRODUCT;PRODUCT_FUSED,7.850462293418876e-17,2.220446049250313e-16,True
1464,8,5,cx_product_control,False,buffered,NAIVE_PRODUCT;PRODUCT_FUSED,1.5515838457795457e-17,1.1102230246251565e-16,True
1465,1,0,cx_product_target,False,buffered,NAIVE_PRODUCT;PRODUCT_FUSED,5.551115123125783e-17,0.0,True
1466,9,6,cz,False,buffered,NAIVE_PRODUCT;PRODUCT_FUSED,1.4304896245381992e-17,0.0,True
1467,6,4,generic,False,buffered,NAIVE_PRODUCT;PRODUCT_FUSED,5.594315114139762e-17,2.220446049250313e-16,True
1468,11,10,cx_product_control,False,buffered,NAIVE_PRODUCT;PRODUCT_FUSED,7.152448122690996e-18,0.0,True
1469,5,2,cx_product_target,False,buffered,NAIVE_PRODUCT;PRODUCT_FUSED,3.1031676915590914e-17,0.0,True
1470,12,2,cz,False,buffered,NAIVE_PRODUCT;PRODUCT_FUSED,6.992893892674703e-18,0.0,True
1471,3,0,generic,False,buffered,NAIVE_PRODUCT;PRODUCT_FUSED,7.850462293418876e-17,1.1102230246251565e-16,True
1472,5,4,cx_product_control,False,buffered,NAIVE_PRODUCT;PRODUCT_FUSED,2.7755575615628914e-17,0.0,True
1473,11,9,cx_product_target,False,buffered,NAIVE_PRODUCT;PRODUCT_FUSED,6.938893903907228e-18,0.0,True
1474,3,0,cz,False,buffered,NAIVE_PRODUCT;PRODUCT_FUSED,1.3877787807814457e-17,0.0,True
1475,3,2,generic,False,buffered,NAIVE_PRODUCT;PRODUCT_FUSED,1.1188630228279524e-16,0.0,True
1476,3,2,cx_product_control,False,buffered,NAIVE_PRODUCT;PRODUCT_FUSED,2.8609792490763984e-17,0.0,True
1477,2,1,cx_product_target,False,buffered,NAIVE_PRODUCT;PRODUCT_FUSED,1.1443916996305594e-16,0.0,True
1478,7,6,cz,False,buffered,NAIVE_PRODUCT;PRODUCT_FUSED,2.7755575615628914e-17,0.0,True
1479,9,5,generic,False,buffered,NAIVE_PRODUCT;PRODUCT_FUSED,2.1942709178604383e-17,0.0,True
1480,3,2,cx_product_control,False,buffered,NAIVE_PRODUCT;PRODUCT_FUSED,7.850462293418876e-17,2.220446049250313e-16,True
1481,11,6,cx_product_target,False,buffered,NAIVE_PRODUCT;PRODUCT_FUSED,6.938893903907228e-18,0.0,True
1482,3,0,cz,False,buffered,NAIVE_PRODUCT;PRODUCT_FUSED,2.7755575615628914e-17,0.0,True
1483,12,4,generic,False,buffered,NAIVE_PRODUCT;PRODUCT_FUSED,1.0971354589302191e-17,0.0,True
1484,10,3,cx_product_control,False,buffered,NAIVE_PRODUCT;PRODUCT_FUSED,7.757919228897728e-18,0.0,True
1485,12,10,cx_product_target,False,buffered,NAIVE_PRODUCT;PRODUCT_FUSED,4.9065389333867974e-18,0.0,True
1486,1,0,cz,False,buffered,NAIVE_PRODUCT;PRODUCT_FUSED,0.0,0.0,True
1487,4,2,generic,False,buffered,NAIVE_PRODUCT;PRODUCT_FUSED,1.0007415106216804e-16,0.0,True
1488,2,1,cx_product_control,False,buffered,NAIVE_PRODUCT;PRODUCT_FUSED,1.1102230246251565e-16,1.1102230246251565e-16,True
1489,10,4,cx_product_target,False,buffered,NAIVE_PRODUCT;PRODUCT_FUSED,7.757919228897728e-18,0.0,True
1490,1,0,cz,False,buffered,NAIVE_PRODUCT;PRODUCT_FUSED,1.2412670766236366e-16,0.0,True
1491,9,8,generic,False,buffered,NAIVE_PRODUCT;PRODUCT_FUSED,1.962615573354719e-17,0.0,True
1492,10,3,cx_product_control,False,buffered,NAIVE_PRODUCT;PRODUCT_FUSED,7.757919228897728e-18,0.0,True
1493,1,0,cx_product_target,False,buffered,NAIVE_PRODUCT;PRODUCT_FUSED,3.1031676915590914e-17,0.0,True
1494,6,4,cz,False,buffered,NAIVE_PRODUCT;PRODUCT_FUSED,1.5515838457795457e-17,0.0,True
1495,5,3,generic,False,buffered,NAIVE_PRODUCT;PRODUCT_FUSED,7.850462293418876e-17,0.0,True
1496,12,10,cx_product_control,False,buffered,NAIVE_PRODUCT;PRODUCT_FUSED,6.952433221959954e-18,0.0,True
1497,9,7,cx_product_target,False,buffered,NAIVE_PRODUCT;PRODUCT_FUSED,1.411962612463446e-17,0.0,True
1498,8,4,cz,False,buffered,NAIVE_PRODUCT;PRODUCT_FUSED,2.8609792490763984e-17,0.0,True
1499,1,0,generic,False,buffered,NAIVE_PRODUCT;PRODUCT_FUSED,1.2412670766236366e-16,1.1102230246251565e-16,True
1500,10,0,cx_product_control,False,buffered,NAIVE_PRODUCT;PRODUCT_FUSED,7.757919228897728e-18,0.0,True
1501,12,4,cx_product_target,False,buffered,NAIVE_PRODUCT;PRODUCT_FUSED,6.938893903907228e-18,0.0,True
1502,4,0,cz,False,buffered,NAIVE_PRODUCT;PRODUCT_FUSED,2.7755575615628914e-17,0.0,True
1503,3,2,generic,False,buffered,NAIVE_PRODUCT;PRODUCT_FUSED,7.473417450352271e-17,1.1102230246251565e-16,True
1504,7,1,cx_product_control,False,buffered,NAIVE_PRODUCT;PRODUCT_FUSED,1.4304896245381992e-17,0.0,True
1505,10,3,cx_product_target,False,buffered,NAIVE_PRODUCT;PRODUCT_FUSED,1.3960550252992727e-17,0.0,True
1506,2,1,cz,False,buffered,NAIVE_PRODUCT;PRODUCT_FUSED,1.3877787807814457e-17,0.0,True
1507,3,1,generic,False,buffered,NAIVE_PRODUCT;PRODUCT_FUSED,7.850462293418876e-17,0.0,True
1508,3,2,cx_product_control,False,buffered,NAIVE_PRODUCT;PRODUCT_FUSED,3.1031676915590914e-17,0.0,True
1509,11,2,cx_product_target,False,buffered,NAIVE_PRODUCT;PRODUCT_FUSED,6.95602517359752e-18,0.0,True
1510,6,3,cz,False,buffered,NAIVE_PRODUCT;PRODUCT_FUSED,1.4304896245381992e-17,0.0,True
1511,11,7,generic,False,buffered,NAIVE_PRODUCT;PRODUCT_FUSED,1.4821483875836085e-17,1.1102230246251565e-16,True
1512,12,3,cx_product_control,False,buffered,NAIVE_PRODUCT;PRODUCT_FUSED,4.9065389333867974e-18,0.0,True
1513,7,2,cx_product_target,False,buffered,NAIVE_PRODUCT;PRODUCT_FUSED,1.5515838457795457e-17,0.0,True
1514,7,5,cz,False,buffered,NAIVE_PRODUCT;PRODUCT_FUSED,2.797157557069881e-17,0.0,True
1515,12,5,generic,False,buffered,NAIVE_PRODUCT;PRODUCT_FUSED,1.0971354589302191e-17,0.0,True
1516,3,1,cx_product_control,False,buffered,NAIVE_PRODUCT;PRODUCT_FUSED,5.551115123125783e-17,0.0,True
1517,9,1,cx_product_target,False,buffered,NAIVE_PRODUCT;PRODUCT_FUSED,9.813077866773595e-18,0.0,True
1518,1,0,cz,False,buffered,NAIVE_PRODUCT;PRODUCT_FUSED,5.551115123125783e-17,0.0,True
1519,3,2,generic,False,buffered,NAIVE_PRODUCT;PRODUCT_FUSED,7.850462293418876e-17,0.0,True
1520,12,8,cx_product_control,False,buffered,NAIVE_PRODUCT;PRODUCT_FUSED,6.952433221959954e-18,0.0,True
1521,6,2,cx_product_target,False,buffered,NAIVE_PRODUCT;PRODUCT_FUSED,2.8609792490763984e-17,0.0,True
1522,4,0,cz,False,buffered,NAIVE_PRODUCT;PRODUCT_FUSED,2.8609792490763984e-17,0.0,True
1523,5,2,generic,False,buffered,NAIVE_PRODUCT;PRODUCT_FUSED,6.206335383118183e-17,0.0,True
1524,6,5,cx_product_control,False,buffered,NAIVE_PRODUCT;PRODUCT_FUSED,1.3877787807814457e-17,0.0,True
1525,8,4,cx_product_target,False,buffered,NAIVE_PRODUCT;PRODUCT_FUSED,7.757919228897728e-18,0.0,True
1526,9,7,cz,False,buffered,NAIVE_PRODUCT;PRODUCT_FUSED,1.3877787807814457e-17,0.0,True
1527,11,2,generic,False,buffered,NAIVE_PRODUCT;PRODUCT_FUSED,2.0816681711721685e-17,0.0,True
1528,6,1,cx_product_control,False,buffered,NAIVE_PRODUCT;PRODUCT_FUSED,2.797157557069881e-17,0.0,True
1529,6,1,cx_product_target,False,buffered,NAIVE_PRODUCT;PRODUCT_FUSED,2.7755575615628914e-17,0.0,True
1530,6,1,cz,False,buffered,NAIVE_PRODUCT;PRODUCT_FUSED,3.1031676915590914e-17,0.0,True
1531,1,0,generic,False,buffered,NAIVE_PRODUCT;PRODUCT_FUSED,1.1102230246251565e-16,2.220446049250313e-16,True
1532,7,2,cx_product_control,False,buffered,NAIVE_PRODUCT;PRODUCT_FUSED,1.4304896245381992e-17,0.0,True
1533,9,6,cx_product_target,False,buffered,NAIVE_PRODUCT;PRODUCT_FUSED,1.4304896245381992e-17,0.0,True
1534,10,8,cz,False,buffered,NAIVE_PRODUCT;PRODUCT_FUSED,6.938893903907228e-18,0.0,True
1535,1,0,generic,False,buffered,NAIVE_PRODUCT;PRODUCT_FUSED,1.2412670766236366e-16,2.220446049250313e-16,True
1536,10,0,cx_product_control,False,buffered,NAIVE_PRODUCT;PRODUCT_FUSED,7.757919228897728e-18,0.0,True
1537,3,0,cx_product_target,False,buffered,NAIVE_PRODUCT;PRODUCT_FUSED,5.551115123125783e-17,0.0,True
1538,12,1,cz,False,buffered,NAIVE_PRODUCT;PRODUCT_FUSED,7.152448122690996e-18,0.0,True
1539,10,9,generic,False,buffered,NAIVE_PRODUCT;PRODUCT_FUSED,1.5515838457795457e-17,2.220446049250313e-16,True
1540,2,0,cx_product_control,False,buffered,NAIVE_PRODUCT;PRODUCT_FUSED,2.7755575615628914e-17,0.0,True
1541,6,0,cx_product_target,False,buffered,NAIVE_PRODUCT;PRODUCT_FUSED,2.8609792490763984e-17,0.0,True
1542,5,2,cz,False,buffered,NAIVE_PRODUCT;PRODUCT_FUSED,2.8609792490763984e-17,0.0,True
1543,10,1,generic,False,buffered,NAIVE_PRODUCT;PRODUCT_FUSED,2.797157557069881e-17,0.0,True
1544,9,2,cx_product_control,False,buffered,NAIVE_PRODUCT;PRODUCT_FUSED,1.3877787807814457e-17,0.0,True
1545,11,0,cx_product_target,False,buffered,NAIVE_PRODUCT;PRODUCT_FUSED,6.992893892674703e-18,0.0,True
1546,9,3,cz,False,buffered,NAIVE_PRODUCT;PRODUCT_FUSED,1.411962612463446e-17,2.220446049250313e-16,True
1547,1,0,generic,False,buffered,NAIVE_PRODUCT;PRODUCT_FUSED,1.4752290795525882e-16,2.220446049250313e-16,True
1548,8,2,cx_product_control,False,buffered,NAIVE_PRODUCT;PRODUCT_FUSED,1.4304896245381992e-17,2.220446049250313e-16,True
1549,3,0,cx_product_target,False,buffered,NAIVE_PRODUCT;PRODUCT_FUSED,2.8609792490763984e-17,0.0,True
1550,5,4,cz,False,buffered,NAIVE_PRODUCT;PRODUCT_FUSED,2.8609792490763984e-17,1.1102230246251565e-16,True
1551,10,8,generic,False,buffered,NAIVE_PRODUCT;PRODUCT_FUSED,1.5515838457795457e-17,0.0,True
1552,11,7,cx_product_control,False,buffered,NAIVE_PRODUCT;PRODUCT_FUSED,3.878959614448864e-18,0.0,True
1553,10,2,cx_product_target,False,buffered,NAIVE_PRODUCT;PRODUCT_FUSED,7.757919228897728e-18,0.0,True
1554,10,1,cz,False,buffered,NAIVE_PRODUCT;PRODUCT_FUSED,7.757919228897728e-18,0.0,True
1555,5,4,generic,False,buffered,NAIVE_PRODUCT;PRODUCT_FUSED,5.721958498152797e-17,0.0,True
1556,12,10,cx_product_control,False,buffered,NAIVE_PRODUCT;PRODUCT_FUSED,6.992893892674703e-18,0.0,True
1557,11,4,cx_product_target,False,buffered,NAIVE_PRODUCT;PRODUCT_FUSED,6.938893903907228e-18,0.0,True
1558,2,1,cz,False,buffered,NAIVE_PRODUCT;PRODUCT_FUSED,5.551115123125783e-17,0.0,True
1559,11,3,generic,False,buffered,NAIVE_PRODUCT;PRODUCT_FUSED,2.0816681711721685e-17,0.0,True
1560,3,1,cx_product_control,False,buffered,NAIVE_PRODUCT;PRODUCT_FUSED,5.551115123125783e-17,0.0,True
1561,5,0,cx_product_target,False,buffered,NAIVE_PRODUCT;PRODUCT_FUSED,3.1031676915590914e-17,0.0,True
1562,7,0,cz,False,buffered,NAIVE_PRODUCT;PRODUCT_FUSED,1.5515838457795457e-17,0.0,True
1563,2,1,generic,False,buffered,NAIVE_PRODUCT;PRODUCT_FUSED,1.1102230246251565e-16,0.0,True
1564,8,4,cx_product_control,False,buffered,NAIVE_PRODUCT;PRODUCT_FUSED,1.4304896245381992e-17,0.0,True
1565,10,7,cx_product_target,False,buffered,NAIVE_PRODUCT;PRODUCT_FUSED,7.757919228897728e-18,0.0,True
1566,1,0,cz,False,buffered,NAIVE_PRODUCT;PRODUCT_FUSED,6.938893903907228e-18,0.0,True
1567,11,9,generic,False,buffered,NAIVE_PRODUCT;PRODUCT_FUSED,1.4821483875836085e-17,1.1102230246251565e-16,True
1568,11,4,cx_product_control,False,buffered,NAIVE_PRODUCT;PRODUCT_FUSED,7.757919228897728e-18,1.1102230246251565e-16,True
1569,4,2,cx_product_target,False,buffered,NAIVE_PRODUCT;PRODUCT_FUSED,2.797157557069881e-17,0.0,True
1570,11,10,cz,False,buffered,NAIVE_PRODUCT;PRODUCT_FUSED,7.152448122690996e-18,0.0,True
1571,5,2,generic,False,buffered,NAIVE_PRODUCT;PRODUCT_FUSED,6.206335383118183e-17,0.0,True
1572,1,0,cx_product_control,False,buffered,NAIVE_PRODUCT;PRODUCT_FUSED,1.1102230246251565e-16,0.0,True
1573,10,6,cx_product_target,False,buffered,NAIVE_PRODUCT;PRODUCT_FUSED,6.952433221959954e-18,0.0,True
1574,2,0,cz,False,buffered,NAIVE_PRODUCT;PRODUCT_FUSED,5.551115123125783e-17,1.1102230246251565e-16,True
1575,9,2,generic,False,buffered,NAIVE_PRODUCT;PRODUCT_FUSED,2.797157557069881e-17,0.0,True
1576,8,3,cx_product_control,False,buffered,NAIVE_PRODUCT;PRODUCT_FUSED,7.757919228897728e-18,0.0,True
1577,3,2,cx_product_target,False,buffered,NAIVE_PRODUCT;PRODUCT_FUSED,2.7755575615628914e-17,0.0,True
1578,5,3,cz,False,buffered,NAIVE_PRODUCT;PRODUCT_FUSED,2.8609792490763984e-17,0.0,True
1579,2,0,generic,False,buffered,NAIVE_PRODUCT;PRODUCT_FUSED,6.938893903907228e-17,0.0,True
1580,1,0,cx_product_control,False,buffered,NAIVE_PRODUCT;PRODUCT_FUSED,5.551115123125783e-17,0.0,True
1581,6,2,cx_product_target,False,buffered,NAIVE_PRODUCT;PRODUCT_FUSED,1.3877787807814457e-17,0.0,True
1582,1,0,cz,False,buffered,NAIVE_PRODUCT;PRODUCT_FUSED,6.938893903907228e-18,0.0,True
1583,4,3,generic,False,buffered,NAIVE_PRODUCT;PRODUCT_FUSED,1.674345178061761e-16,0.0,True
1584,3,0,cx_product_control,False,buffered,NAIVE_PRODUCT;PRODUCT_FUSED,2.787728152484798e-17,0.0,True
1585,11,3,cx_product_target,False,buffered,NAIVE_PRODUCT;PRODUCT_FUSED,6.938893903907228e-18,0.0,True
1586,11,3,cz,False,buffered,NAIVE_PRODUCT;PRODUCT_FUSED,1.411962612463446e-17,0.0,True
1587,5,4,generic,False,buffered,NAIVE_PRODUCT;PRODUCT_FUSED,5.551115123125783e-17,0.0,True
1588,12,7,cx_product_control,False,buffered,NAIVE_PRODUCT;PRODUCT_FUSED,6.942281208919283e-18,0.0,True
1589,10,9,cx_product_target,False,buffered,NAIVE_PRODUCT;PRODUCT_FUSED,6.992893892674703e-18,0.0,True
1590,12,10,cz,False,buffered,NAIVE_PRODUCT;PRODUCT_FUSED,3.878959614448864e-18,0.0,True
1591,5,2,generic,False,buffered,NAIVE_PRODUCT;PRODUCT_FUSED,5.967525974747913e-17,4.440892098500626e-16,True
1592,10,2,cx_product_control,False,buffered,NAIVE_PRODUCT;PRODUCT_FUSED,6.992893892674703e-18,0.0,True
1593,12,3,cx_product_target,False,buffered,NAIVE_PRODUCT;PRODUCT_FUSED,6.952433221959954e-18,0.0,True
1594,6,3,cz,False,buffered,NAIVE_PRODUCT;PRODUCT_FUSED,2.7755575615628914e-17,0.0,True
1595,4,2,generic,False,buffered,NAIVE_PRODUCT;PRODUCT_FUSED,5.721958498152797e-17,0.0,True
1596,4,1,cx_product_control,False,buffered,NAIVE_PRODUCT;PRODUCT_FUSED,1.4304896245381992e-17,0.0,True
1597,9,1,cx_product_target,False,buffered,NAIVE_PRODUCT;PRODUCT_FUSED,1.411962612463446e-17,0.0,True
1598,3,2,cz,False,buffered,NAIVE_PRODUCT;PRODUCT_FUSED,2.7755575615628914e-17,0.0,True
1599,8,2,generic,False,buffered,NAIVE_PRODUCT;PRODUCT_FUSED,4.336808689942018e-17,0.0,True
1600,6,4,cx_product_control,False,buffered,NAIVE_PRODUCT;PRODUCT_FUSED,2.7755575615628914e-17,0.0,True
1601,1,0,cx_product_target,False,buffered,NAIVE_PRODUCT;PRODUCT_FUSED,0.0,0.0,True
1602,2,0,cz,False,buffered,NAIVE_PRODUCT;PRODUCT_FUSED,1.214306433183765e-17,0.0,True
1603,5,0,generic,False,buffered,NAIVE_PRODUCT;PRODUCT_FUSED,5.928593550334434e-17,0.0,True
1604,7,4,cx_product_control,False,buffered,NAIVE_PRODUCT;PRODUCT_FUSED,2.7809732887839817e-17,0.0,True
1605,1,0,cx_product_target,False,buffered,NAIVE_PRODUCT;PRODUCT_FUSED,6.938893903907228e-18,0.0,True
1606,1,0,cz,False,buffered,NAIVE_PRODUCT;PRODUCT_FUSED,5.551115123125783e-17,0.0,True
1607,3,2,generic,False,buffered,NAIVE_PRODUCT;PRODUCT_FUSED,1.3092278833360675e-16,0.0,True
1608,3,1,cx_product_control,False,buffered,NAIVE_PRODUCT;PRODUCT_FUSED,2.7755575615628914e-17,0.0,True
1609,12,2,cx_product_target,False,buffered,NAIVE_PRODUCT;PRODUCT_FUSED,3.878959614448864e-18,0.0,True
1610,12,6,cz,False,buffered,NAIVE_PRODUCT;PRODUCT_FUSED,6.969320381211996e-18,0.0,True
1611,11,5,generic,False,buffered,NAIVE_PRODUCT;PRODUCT_FUSED,1.5515838457795457e-17,0.0,True
1612,3,2,cx_product_control,False,buffered,NAIVE_PRODUCT;PRODUCT_FUSED,2.7755575615628914e-17,0.0,True
1613,6,3,cx_product_target,False,buffered,NAIVE_PRODUCT;PRODUCT_FUSED,2.797157557069881e-17,2.220446049250313e-16,True
1614,12,11,cz,False,buffered,NAIVE_PRODUCT;PRODUCT_FUSED,6.992893892674703e-18,1.1102230246251565e-16,True
1615,5,0,generic,False,buffered,NAIVE_PRODUCT;PRODUCT_FUSED,6.206335383118183e-17,2.220446049250313e-16,True
1616,3,0,cx_product_control,False,buffered,NAIVE_PRODUCT;PRODUCT_FUSED,5.721958498152797e-17,0.0,True
1617,9,1,cx_product_target,False,buffered,NAIVE_PRODUCT;PRODUCT_FUSED,1.3877787807814457e-17,0.0,True
1618,3,2,cz,False,buffered,NAIVE_PRODUCT;PRODUCT_FUSED,1.1102230246251565e-16,0.0,True
1619,11,3,generic,False,buffered,NAIVE_PRODUCT;PRODUCT_FUSED,1.4304896245381992e-17,0.0,True
1620,3,1,cx_product_control,False,buffered,NAIVE_PRODUCT;PRODUCT_FUSED,5.551115123125783e-17,0.0,True
1621,9,3,cx_product_target,False,buffered,NAIVE_PRODUCT;PRODUCT_FUSED,1.3877787807814457e-17,0.0,True
1622,4,2,cz,False,buffered,NAIVE_PRODUCT;PRODUCT_FUSED,5.551115123125783e-17,0.0,True
1623,10,8,generic,False,buffered,NAIVE_PRODUCT;PRODUCT_FUSED,2.0888836804026045e-17,0.0,True
1624,11,4,cx_product_control,False,buffered,NAIVE_PRODUCT;PRODUCT_FUSED,7.757919228897728e-18,0.0,True
1625,3,0,cx_product_target,False,buffered,NAIVE_PRODUCT;PRODUCT_FUSED,2.7755575615628914e-17,0.0,True
1626,9,6,cz,False,buffered,NAIVE_PRODUCT;PRODUCT_FUSED,7.757919228897728e-18,0.0,True
1627,8,2,generic,False,buffered,NAIVE_PRODUCT;PRODUCT_FUSED,2.797157557069881e-17,1.1102230246251565e-16,True
1628,11,6,cx_product_control,False,buffered,NAIVE_PRODUCT;PRODUCT_FUSED,4.9065389333867974e-18,0.0,True
1629,6,5,cx_product_target,False,buffered,NAIVE_PRODUCT;PRODUCT_FUSED,2.823925224926892e-17,0.0,True
1630,4,2,cz,False,buffered,NAIVE_PRODUCT;PRODUCT_FUSED,5.551115123125783e-17,0.0,True
1631,2,1,generic,False,buffered,NAIVE_PRODUCT;PRODUCT_FUSED,8.326672684688674e-17,0.0,True
1632,8,3,cx_product_control,False,buffered,NAIVE_PRODUCT;PRODUCT_FUSED,1.3877787807814457e-17,0.0,True
1633,6,3,cx_product_target,False,buffered,NAIVE_PRODUCT;PRODUCT_FUSED,3.1031676915590914e-17,0.0,True
1634,4,0,cz,False,buffered,NAIVE_PRODUCT;PRODUCT_FUSED,1.3877787807814457e-17,0.0,True
1635,11,5,generic,False,buffered,NAIVE_PRODUCT;PRODUCT_FUSED,1.4304896245381992e-17,1.1102230246251565e-16,True
1636,9,1,cx_product_control,False,buffered,NAIVE_PRODUCT;PRODUCT_FUSED,1.3904866443919908e-17,0.0,True
1637,9,0,cx_product_target,False,buffered,NAIVE_PRODUCT;PRODUCT_FUSED,1.3985787785349405e-17,0.0,True
1638,7,3,cz,False,buffered,NAIVE_PRODUCT;PRODUCT_FUSED,2.7755575615628914e-17,0.0,True
1639,12,5,generic,False,buffered,NAIVE_PRODUCT;PRODUCT_FUSED,1.3985787785349405e-17,2.220446049250313e-16,True
1640,1,0,cx_product_control,False,buffered,NAIVE_PRODUCT;PRODUCT_FUSED,1.1188630228279524e-16,0.0,True
1641,5,3,cx_product_target,False,buffered,NAIVE_PRODUCT;PRODUCT_FUSED,3.1031676915590914e-17,0.0,True
1642,10,0,cz,False,buffered,NAIVE_PRODUCT;PRODUCT_FUSED,1.3877787807814457e-17,0.0,True
1643,11,9,generic,False,buffered,NAIVE_PRODUCT;PRODUCT_FUSED,1.5515838457795457e-17,0.0,True
1644,7,0,cx_product_control,False,buffered,NAIVE_PRODUCT;PRODUCT_FUSED,1.962615573354719e-17,0.0,True
1645,12,0,cx_product_target,False,buffered,NAIVE_PRODUCT;PRODUCT_FUSED,7.152448122690996e-18,0.0,True
1646,12,6,cz,False,buffered,NAIVE_PRODUCT;PRODUCT_FUSED,6.992893892674703e-18,0.0,True
1647,4,1,generic,False,buffered,NAIVE_PRODUCT;PRODUCT_FUSED,1.1211468303779313e-16,0.0,True
1648,2,0,cx_product_control,False,buffered,NAIVE_PRODUCT;PRODUCT_FUSED,2.7755575615628914e-17,0.0,True
1649,3,1,cx_product_target,False,buffered,NAIVE_PRODUCT;PRODUCT_FUSED,6.206335383118183e-17,0.0,True
1650,1,0,cz,False,buffered,NAIVE_PRODUCT;PRODUCT_FUSED,2.7755575615628914e-17,0.0,True
1651,12,3,generic,False,buffered,NAIVE_PRODUCT;PRODUCT_FUSED,1.0971354589302191e-17,0.0,True
1652,6,5,cx_product_control,False,buffered,NAIVE_PRODUCT;PRODUCT_FUSED,2.8583690254042265e-17,0.0,True
1653,7,3,cx_product_target,False,buffered,NAIVE_PRODUCT;PRODUCT_FUSED,1.411962612463446e-17,0.0,True
1654,5,2,cz,False,buffered,NAIVE_PRODUCT;PRODUCT_FUSED,2.7755575615628914e-17,0.0,True
1655,5,3,generic,False,buffered,NAIVE_PRODUCT;PRODUCT_FUSED,1.1123893155135927e-16,1.1102230246251565e-16,True
1656,9,6,cx_product_control,False,buffered,NAIVE_PRODUCT;PRODUCT_FUSED,7.757919228897728e-18,0.0,True
1657,2,0,cx_product_target,False,buffered,NAIVE_PRODUCT;PRODUCT_FUSED,1.1102230246251565e-16,0.0,True
1658,11,2,cz,False,buffered,NAIVE_PRODUCT;PRODUCT_FUSED,7.757919228897728e-18,0.0,True
1659,4,0,generic,False,buffered,NAIVE_PRODUCT;PRODUCT_FUSED,6.206335383118183e-17,0.0,True
1660,9,1,cx_product_control,False,buffered,NAIVE_PRODUCT;PRODUCT_FUSED,1.3985787785349405e-17,0.0,True
1661,2,0,cx_product_target,False,buffered,NAIVE_PRODUCT;PRODUCT_FUSED,5.551115123125783e-17,0.0,True
1662,11,7,cz,False,buffered,NAIVE_PRODUCT;PRODUCT_FUSED,7.757919228897728e-18,0.0,True
1663,5,2,generic,False,buffered,NAIVE_PRODUCT;PRODUCT_FUSED,3.925231146709438e-17,2.220446049250313e-16,True
1664,11,9,cx_product_control,False,buffered,NAIVE_PRODUCT;PRODUCT_FUSED,7.757919228897728e-18,0.0,True
1665,6,2,cx_product_target,False,buffered,NAIVE_PRODUCT;PRODUCT_FUSED,2.7755575615628914e-17,0.0,True
1666,8,0,cz,False,buffered,NAIVE_PRODUCT;PRODUCT_FUSED,1.4046172853913364e-17,0.0,True
1667,10,3,generic,False,buffered,NAIVE_PRODUCT;PRODUCT_FUSED,1.5515838457795457e-17,2.220446049250313e-16,True
1668,10,1,cx_product_control,False,buffered,NAIVE_PRODUCT;PRODUCT_FUSED,7.757919228897728e-18,0.0,True
1669,8,5,cx_product_target,False,buffered,NAIVE_PRODUCT;PRODUCT_FUSED,1.3877787807814457e-17,0.0,True
1670,6,2,cz,False,buffered,NAIVE_PRODUCT;PRODUCT_FUSED,2.7755575615628914e-17,0.0,True
1671,9,0,generic,False,buffered,NAIVE_PRODUCT;PRODUCT_FUSED,2.7809732887839817e-17,0.0,True
1672,9,0,cx_product_control,False,buffered,NAIVE_PRODUCT;PRODUCT_FUSED,1.3985787785349405e-17,0.0,True
1673,10,0,cx_product_target,False,buffered,NAIVE_PRODUCT;PRODUCT_FUSED,1.3985787785349405e-17,0.0,True
1674,10,6,cz,False,buffered,NAIVE_PRODUCT;PRODUCT_FUSED,1.3985787785349405e-17,0.0,True
1675,10,3,generic,False,buffered,NAIVE_PRODUCT;PRODUCT_FUSED,1.5515838457795457e-17,0.0,True
1676,11,3,cx_product_control,False,buffered,NAIVE_PRODUCT;PRODUCT_FUSED,7.757919228897728e-18,0.0,True
1677,8,3,cx_product_target,False,buffered,NAIVE_PRODUCT;PRODUCT_FUSED,2.7809732887839817e-17,0.0,True
1678,12,5,cz,False,buffered,NAIVE_PRODUCT;PRODUCT_FUSED,7.152448122690996e-18,0.0,True
1679,8,6,generic,False,buffered,NAIVE_PRODUCT;PRODUCT_FUSED,2.797157557069881e-17,2.220446049250313e-16,True
1680,5,0,cx_product_control,False,buffered,NAIVE_PRODUCT;PRODUCT_FUSED,2.7756422635651865e-17,0.0,True
1681,3,1,cx_product_target,False,buffered,NAIVE_PRODUCT;PRODUCT_FUSED,2.7755575615628914e-17,1.1102230246251565e-16,True
1682,7,3,cz,False,buffered,NAIVE_PRODUCT;PRODUCT_FUSED,2.7755575615628914e-17,0.0,True
1683,4,1,generic,False,buffered,NAIVE_PRODUCT;PRODUCT_FUSED,6.206335383118183e-17,0.0,True
1684,2,1,cx_product_control,False,buffered,NAIVE_PRODUCT;PRODUCT_FUSED,1.734723475976807e-18,0.0,True
1685,9,0,cx_product_target,False,buffered,NAIVE_PRODUCT;PRODUCT_FUSED,1.3884562417838567e-17,0.0,True
1686,2,0,cz,False,buffered,NAIVE_PRODUCT;PRODUCT_FUSED,3.2526065174565133e-18,0.0,True
1687,12,6,generic,False,buffered,NAIVE_PRODUCT;PRODUCT_FUSED,1.0551910960100404e-17,2.220446049250313e-16,True
1688,9,2,cx_product_control,False,buffered,NAIVE_PRODUCT;PRODUCT_FUSED,1.5515838457795457e-17,0.0,True
1689,2,1,cx_product_target,False,buffered,NAIVE_PRODUCT;PRODUCT_FUSED,5.551115123125783e-17,0.0,True
1690,4,1,cz,False,buffered,NAIVE_PRODUCT;PRODUCT_FUSED,2.7755575615628914e-17,0.0,True
1691,9,8,generic,False,buffered,NAIVE_PRODUCT;PRODUCT_FUSED,2.828001655808305e-17,2.220446049250313e-16,True
1692,1,0,cx_product_control,False,buffered,NAIVE_PRODUCT;PRODUCT_FUSED,6.938893903907228e-18,0.0,True
1693,4,3,cx_product_target,False,buffered,NAIVE_PRODUCT;PRODUCT_FUSED,6.206335383118183e-17,0.0,True
1694,3,2,cz,False,buffered,NAIVE_PRODUCT;PRODUCT_FUSED,1.3877787807814457e-17,0.0,True
1695,7,5,generic,False,buffered,NAIVE_PRODUCT;PRODUCT_FUSED,3.1031676915590914e-17,0.0,True
1696,3,1,cx_product_control,False,buffered,NAIVE_PRODUCT;PRODUCT_FUSED,5.721958498152797e-17,0.0,True
1697,8,2,cx_product_target,False,buffered,NAIVE_PRODUCT;PRODUCT_FUSED,1.5515838457795457e-17,0.0,True
1698,5,0,cz,False,buffered,NAIVE_PRODUCT;PRODUCT_FUSED,2.8609792490763984e-17,0.0,True
1699,9,8,generic,False,buffered,NAIVE_PRODUCT;PRODUCT_FUSED,2.7769124835677133e-17,0.0,True
1700,5,3,cx_product_control,False,buffered,NAIVE_PRODUCT;PRODUCT_FUSED,2.7755575615628914e-17,2.220446049250313e-16,True
1701,8,2,cx_product_target,False,buffered,NAIVE_PRODUCT;PRODUCT_FUSED,1.4304896245381992e-17,2.220446049250313e-16,True
1702,8,4,cz,False,buffered,NAIVE_PRODUCT;PRODUCT_FUSED,1.4304896245381992e-17,0.0,True
1703,2,1,generic,False,buffered,NAIVE_PRODUCT;PRODUCT_FUSED,7.850462293418876e-17,2.220446049250313e-16,True
1704,12,9,cx_product_control,False,buffered,NAIVE_PRODUCT;PRODUCT_FUSED,6.992893892674703e-18,0.0,True
1705,9,5,cx_product_target,False,buffered,NAIVE_PRODUCT;PRODUCT_FUSED,1.3985787785349405e-17,0.0,True
1706,10,8,cz,False,buffered,NAIVE_PRODUCT;PRODUCT_FUSED,7.757919228897728e-18,0.0,True
1707,11,0,generic,False,buffered,NAIVE_PRODUCT;PRODUCT_FUSED,1.3985787785349405e-17,0.0,True
1708,5,3,cx_product_control,False,buffered,NAIVE_PRODUCT;PRODUCT_FUSED,1.5515838457795457e-17,0.0,True
1709,2,1,cx_product_target,False,buffered,NAIVE_PRODUCT;PRODUCT_FUSED,5.551115123125783e-17,2.220446049250313e-16,True
1710,10,0,cz,False,buffered,NAIVE_PRODUCT;PRODUCT_FUSED,7.757919228897728e-18,0.0,True
1711,5,3,generic,False,buffered,NAIVE_PRODUCT;PRODUCT_FUSED,4.163336342344337e-17,1.1102230246251565e-16,True
1712,4,1,cx_product_control,False,buffered,NAIVE_PRODUCT;PRODUCT_FUSED,5.551115123125783e-17,0.0,True
1713,1,0,cx_product_target,False,buffered,NAIVE_PRODUCT;PRODUCT_FUSED,7.850462293418876e-17,0.0,True
1714,2,0,cz,False,buffered,NAIVE_PRODUCT;PRODUCT_FUSED,2.823925224926892e-17,0.0,True
1715,10,0,generic,False,buffered,NAIVE_PRODUCT;PRODUCT_FUSED,1.7366282543562486e-17,1.1102230246251565e-16,True
1716,1,0,cx_product_control,False,buffered,NAIVE_PRODUCT;PRODUCT_FUSED,1.1123893155135927e-16,0.0,True
1717,2,0,cx_product_target,False,buffered,NAIVE_PRODUCT;PRODUCT_FUSED,5.551115123125783e-17,0.0,True
1718,6,1,cz,False,buffered,NAIVE_PRODUCT;PRODUCT_FUSED,1.3904866443919908e-17,0.0,True
1719,9,2,generic,False,buffered,NAIVE_PRODUCT;PRODUCT_FUSED,2.7755575615628914e-17,2.220446049250313e-16,True
1720,5,0,cx_product_control,False,buffered,NAIVE_PRODUCT;PRODUCT_FUSED,2.797157557069881e-17,0.0,True
1721,5,1,cx_product_target,False,buffered,NAIVE_PRODUCT;PRODUCT_FUSED,2.7755575615628914e-17,0.0,True
1722,3,0,cz,False,buffered,NAIVE_PRODUCT;PRODUCT_FUSED,2.7755575615628914e-17,0.0,True
1723,11,10,generic,False,buffered,NAIVE_PRODUCT;PRODUCT_FUSED,1.3985787785349405e-17,0.0,True
1724,7,1,cx_product_control,False,buffered,NAIVE_PRODUCT;PRODUCT_FUSED,1.3985787785349405e-17,0.0,True
1725,9,4,cx_product_target,False,buffered,NAIVE_PRODUCT;PRODUCT_FUSED,6.992893892674703e-18,0.0,True
1726,3,0,cz,False,buffered,NAIVE_PRODUCT;PRODUCT_FUSED,5.551115123125783e-17,1.1102230246251565e-16,True
1727,7,4,generic,False,buffered,NAIVE_PRODUCT;PRODUCT_FUSED,2.8609792490763984e-17,0.0,True
1728,12,1,cx_product_control,False,buffered,NAIVE_PRODUCT;PRODUCT_FUSED,3.878959614448864e-18,0.0,True
1729,1,0,cx_product_target,False,buffered,NAIVE_PRODUCT;PRODUCT_FUSED,2.7755575615628914e-17,0.0,True
1730,12,7,cz,False,buffered,NAIVE_PRODUCT;PRODUCT_FUSED,6.992893892674703e-18,0.0,True
1731,5,1,generic,False,buffered,NAIVE_PRODUCT;PRODUCT_FUSED,5.721958498152797e-17,1.1102230246251565e-16,True
1732,3,1,cx_product_control,False,buffered,NAIVE_PRODUCT;PRODUCT_FUSED,2.7755575615628914e-17,0.0,True
1733,4,3,cx_product_target,False,buffered,NAIVE_PRODUCT;PRODUCT_FUSED,5.721958498152797e-17,2.220446049250313e-16,True
1734,7,6,cz,False,buffered,NAIVE_PRODUCT;PRODUCT_FUSED,2.797157557069881e-17,0.0,True
1735,10,4,generic,False,buffered,NAIVE_PRODUCT;PRODUCT_FUSED,2.1103821920200808e-17,2.220446049250313e-16,True
1736,11,4,cx_product_control,False,buffered,NAIVE_PRODUCT;PRODUCT_FUSED,7.757919228897728e-18,0.0,True
1737,6,4,cx_product_target,False,buffered,NAIVE_PRODUCT;PRODUCT_FUSED,2.8609792490763984e-17,0.0,True
1738,6,2,cz,False,buffered,NAIVE_PRODUCT;PRODUCT_FUSED,2.7755575615628914e-17,0.0,True
1739,11,0,generic,False,buffered,NAIVE_PRODUCT;PRODUCT_FUSED,1.4821483875836085e-17,0.0,True
1740,7,3,cx_product_control,False,buffered,NAIVE_PRODUCT;PRODUCT_FUSED,2.7755575615628914e-17,0.0,True
1741,3,1,cx_product_target,False,buffered,NAIVE_PRODUCT;PRODUCT_FUSED,1.3877787807814457e-17,0.0,True
1742,6,0,cz,False,buffered,NAIVE_PRODUCT;PRODUCT_FUSED,2.7809732887839817e-17,1.1102230246251565e-16,True
1743,2,1,generic,False,buffered,NAIVE_PRODUCT;PRODUCT_FUSED,1.2412670766236366e-16,1.1102230246251565e-16,True
1744,11,1,cx_product_control,False,buffered,NAIVE_PRODUCT;PRODUCT_FUSED,7.757919228897728e-18,0.0,True
1745,2,1,cx_product_target,False,buffered,NAIVE_PRODUCT;PRODUCT_FUSED,2.7755575615628914e-17,0.0,True
1746,2,0,cz,False,buffered,NAIVE_PRODUCT;PRODUCT_FUSED,2.7755575615628914e-17,1.1102230246251565e-16,True
1747,11,1,generic,False,buffered,NAIVE_PRODUCT;PRODUCT_FUSED,2.0888836804026045e-17,0.0,True
1748,7,3,cx_product_control,False,buffered,NAIVE_PRODUCT;PRODUCT_FUSED,1.3877787807814457e-17,0.0,True
1749,4,0,cx_product_target,False,buffered,NAIVE_PRODUCT;PRODUCT_FUSED,2.7755575615628914e-17,0.0,True
1750,11,6,cz,False,buffered,NAIVE_PRODUCT;PRODUCT_FUSED,7.152448122690996e-18,0.0,True
1751,3,1,generic,False,buffered,NAIVE_PRODUCT;PRODUCT_FUSED,1.1857187100668868e-16,1.1102230246251565e-16,True
1752,3,0,cx_product_control,False,buffered,NAIVE_PRODUCT;PRODUCT_FUSED,3.1031676915590914e-17,0.0,True
1753,6,5,cx_product_target,False,buffered,NAIVE_PRODUCT;PRODUCT_FUSED,1.3877787807814457e-17,0.0,True
1754,11,1,cz,False,buffered,NAIVE_PRODUCT;PRODUCT_FUSED,7.152448122690996e-18,0.0,True
1755,3,0,generic,False,buffered,NAIVE_PRODUCT;PRODUCT_FUSED,7.850462293418876e-17,0.0,True
1756,4,2,cx_product_control,False,buffered,NAIVE_PRODUCT;PRODUCT_FUSED,1.3879481770324007e-17,0.0,True
1757,1,0,cx_product_target,False,buffered,NAIVE_PRODUCT;PRODUCT_FUSED,2.7755575615628914e-17,0.0,True
1758,11,1,cz,False,buffered,NAIVE_PRODUCT;PRODUCT_FUSED,7.152448122690996e-18,2.220446049250313e-16,True
1759,3,1,generic,False,buffered,NAIVE_PRODUCT;PRODUCT_FUSED,1.1102230246251565e-16,2.220446049250313e-16,True
1760,8,5,cx_product_control,False,buffered,NAIVE_PRODUCT;PRODUCT_FUSED,1.4172081834274494e-17,0.0,True
1761,8,1,cx_product_target,False,buffered,NAIVE_PRODUCT;PRODUCT_FUSED,1.3985787785349405e-17,0.0,True
1762,2,0,cz,False,buffered,NAIVE_PRODUCT;PRODUCT_FUSED,6.938893903907228e-18,0.0,True
1763,3,1,generic,False,buffered,NAIVE_PRODUCT;PRODUCT_FUSED,1.1443916996305594e-16,1.1102230246251565e-16,True
1764,11,3,cx_product_control,False,buffered,NAIVE_PRODUCT;PRODUCT_FUSED,6.938893903907228e-18,0.0,True
1765,10,8,cx_product_target,False,buffered,NAIVE_PRODUCT;PRODUCT_FUSED,1.411962612463446e-17,0.0,True
1766,12,8,cz,False,buffered,NAIVE_PRODUCT;PRODUCT_FUSED,6.938893903907228e-18,0.0,True
1767,10,1,generic,False,buffered,NAIVE_PRODUCT;PRODUCT_FUSED,1.5515838457795457e-17,0.0,True
1768,6,5,cx_product_control,False,buffered,NAIVE_PRODUCT;PRODUCT_FUSED,1.3877787807814457e-17,0.0,True
1769,2,0,cx_product_target,False,buffered,NAIVE_PRODUCT;PRODUCT_FUSED,3.1031676915590914e-17,0.0,True
1770,1,0,cz,False,buffered,NAIVE_PRODUCT;PRODUCT_FUSED,2.7755575615628914e-17,0.0,True
1771,3,2,generic,False,buffered,NAIVE_PRODUCT;PRODUCT_FUSED,8.326672684688674e-17,0.0,True
1772,9,5,cx_product_control,False,buffered,NAIVE_PRODUCT;PRODUCT_FUSED,1.3904866443919908e-17,0.0,True
1773,2,1,cx_product_target,False,buffered,NAIVE_PRODUCT;PRODUCT_FUSED,2.7755575615628914e-17,0.0,True
1774,4,3,cz,False,buffered,NAIVE_PRODUCT;PRODUCT_FUSED,2.8609792490763984e-17,0.0,True
1775,8,1,generic,False,buffered,NAIVE_PRODUCT;PRODUCT_FUSED,2.797157557069881e-17,0.0,True
1776,4,1,cx_product_control,False,buffered,NAIVE_PRODUCT;PRODUCT_FUSED,2.7755575615628914e-17,0.0,True
1777,1,0,cx_product_target,False,buffered,NAIVE_PRODUCT;PRODUCT_FUSED,6.938893903907228e-18,0.0,True
1778,3,2,cz,False,buffered,NAIVE_PRODUCT;PRODUCT_FUSED,5.551115123125783e-17,0.0,True
1779,9,0,generic,False,buffered,NAIVE_PRODUCT;PRODUCT_FUSED,2.1103821920200808e-17,0.0,True
1780,5,4,cx_product_control,False,buffered,NAIVE_PRODUCT;PRODUCT_FUSED,3.1031676915590914e-17,0.0,True
1781,10,9,cx_product_target,False,buffered,NAIVE_PRODUCT;PRODUCT_FUSED,9.813077866773595e-18,0.0,True
1782,5,3,cz,False,buffered,NAIVE_PRODUCT;PRODUCT_FUSED,2.7755575615628914e-17,0.0,True
1783,8,1,generic,False,buffered,NAIVE_PRODUCT;PRODUCT_FUSED,2.7755575615628914e-17,0.0,True
1784,8,0,cx_product_control,False,buffered,NAIVE_PRODUCT;PRODUCT_FUSED,1.5515838457795457e-17,0.0,True
1785,4,3,cx_product_target,False,buffered,NAIVE_PRODUCT;PRODUCT_FUSED,3.925231146709438e-17,0.0,True
1786,3,0,cz,False,buffered,NAIVE_PRODUCT;PRODUCT_FUSED,5.551115123125783e-17,0.0,True
1787,6,1,generic,False,buffered,NAIVE_PRODUCT;PRODUCT_FUSED,5.594315114139762e-17,0.0,True
1788,9,6,cx_product_control,False,buffered,NAIVE_PRODUCT;PRODUCT_FUSED,7.757919228897728e-18,0.0,True
1789,4,2,cx_product_target,False,buffered,NAIVE_PRODUCT;PRODUCT_FUSED,5.551115123125783e-17,0.0,True
1790,2,1,cz,False,buffered,NAIVE_PRODUCT;PRODUCT_FUSED,1.3877787807814457e-17,0.0,True
1791,11,7,generic,False,buffered,NAIVE_PRODUCT;PRODUCT_FUSED,1.5515838457795457e-17,1.1102230246251565e-16,True
1792,12,4,cx_product_control,False,buffered,NAIVE_PRODUCT;PRODUCT_FUSED,4.9065389333867974e-18,0.0,True
1793,1,0,cx_product_target,False,buffered,NAIVE_PRODUCT;PRODUCT_FUSED,0.0,0.0,True
1794,10,9,cz,False,buffered,NAIVE_PRODUCT;PRODUCT_FUSED,7.757919228897728e-18,0.0,True
1795,10,3,generic,False,buffered,NAIVE_PRODUCT;PRODUCT_FUSED,1.5515838457795457e-17,0.0,True
1796,9,2,cx_product_control,False,buffered,NAIVE_PRODUCT;PRODUCT_FUSED,7.757919228897728e-18,0.0,True
1797,2,0,cx_product_target,False,buffered,NAIVE_PRODUCT;PRODUCT_FUSED,7.850462293418876e-17,0.0,True
1798,10,7,cz,False,buffered,NAIVE_PRODUCT;PRODUCT_FUSED,6.992893892674703e-18,0.0,True
1799,11,5,generic,False,buffered,NAIVE_PRODUCT;PRODUCT_FUSED,1.411962612463446e-17,3.3306690738754696e-16,True
1800,2,0,cx_product_control,False,buffered,NAIVE_PRODUCT;PRODUCT_FUSED,2.7755575615628914e-17,0.0,True
1801,12,10,cx_product_target,False,buffered,NAIVE_PRODUCT;PRODUCT_FUSED,4.9065389333867974e-18,0.0,True
1802,5,4,cz,False,buffered,NAIVE_PRODUCT;PRODUCT_FUSED,5.561946577567963e-17,2.220446049250313e-16,True
1803,1,0,generic,False,buffered,NAIVE_PRODUCT;PRODUCT_FUSED,1.1102230246251565e-16,0.0,True
1804,6,4,cx_product_control,False,buffered,NAIVE_PRODUCT;PRODUCT_FUSED,2.7755575615628914e-17,0.0,True
1805,6,1,cx_product_target,False,buffered,NAIVE_PRODUCT;PRODUCT_FUSED,2.8609792490763984e-17,0.0,True
1806,2,0,cz,False,buffered,NAIVE_PRODUCT;PRODUCT_FUSED,1.1102230246251565e-16,0.0,True
1807,12,10,generic,False,buffered,NAIVE_PRODUCT;PRODUCT_FUSED,1.0551910960100404e-17,0.0,True
1808,5,4,cx_product_control,False,buffered,NAIVE_PRODUCT;PRODUCT_FUSED,5.618469141565346e-17,0.0,True
1809,6,3,cx_product_target,False,buffered,NAIVE_PRODUCT;PRODUCT_FUSED,1.3877787807814457e-17,0.0,True
1810,1,0,cz,False,buffered,NAIVE_PRODUCT;PRODUCT_FUSED,1.1123893155135927e-16,0.0,True
1811,4,0,generic,False,buffered,NAIVE_PRODUCT;PRODUCT_FUSED,1.6711069443220836e-16,0.0,True
1812,9,6,cx_product_control,False,buffered,NAIVE_PRODUCT;PRODUCT_FUSED,7.757919228897728e-18,0.0,True
1813,2,0,cx_product_target,False,buffered,NAIVE_PRODUCT;PRODUCT_FUSED,3.1031676915590914e-17,0.0,True
1814,2,1,cz,False,buffered,NAIVE_PRODUCT;PRODUCT_FUSED,5.551115123125783e-17,0.0,True
1815,12,1,generic,False,buffered,NAIVE_PRODUCT;PRODUCT_FUSED,1.0444418402013022e-17,0.0,True
1816,7,2,cx_product_control,False,buffered,NAIVE_PRODUCT;PRODUCT_FUSED,1.3884562417838567e-17,0.0,True
1817,3,1,cx_product_target,False,buffered,NAIVE_PRODUCT;PRODUCT_FUSED,1.3877787807814457e-17,0.0,True
1818,4,0,cz,False,buffered,NAIVE_PRODUCT;PRODUCT_FUSED,2.797157557069881e-17,0.0,True
1819,3,2,generic,False,buffered,NAIVE_PRODUCT;PRODUCT_FUSED,8.326672684688674e-17,2.220446049250313e-16,True
1820,2,0,cx_product_control,False,buffered,NAIVE_PRODUCT;PRODUCT_FUSED,1.3877787807814457e-17,0.0,True
1821,7,0,cx_product_target,False,buffered,NAIVE_PRODUCT;PRODUCT_FUSED,1.5515838457795457e-17,0.0,True
1822,6,0,cz,False,buffered,NAIVE_PRODUCT;PRODUCT_FUSED,1.962615573354719e-17,0.0,True
1823,7,6,generic,False,buffered,NAIVE_PRODUCT;PRODUCT_FUSED,4.177767360805209e-17,0.0,True
1824,9,3,cx_product_control,False,buffered,NAIVE_PRODUCT;PRODUCT_FUSED,1.394249453413601e-17,0.0,True
1825,7,0,cx_product_target,False,buffered,NAIVE_PRODUCT;PRODUCT_FUSED,2.797157557069881e-17,0.0,True
1826,9,7,cz,False,buffered,NAIVE_PRODUCT;PRODUCT_FUSED,7.757919228897728e-18,0.0,True
1827,7,6,generic,False,buffered,NAIVE_PRODUCT;PRODUCT_FUSED,3.925231146709438e-17,1.1102230246251565e-16,True
1828,2,0,cx_product_control,False,buffered,NAIVE_PRODUCT;PRODUCT_FUSED,2.7755575615628914e-17,0.0,True
1829,2,0,cx_product_target,False,buffered,NAIVE_PRODUCT;PRODUCT_FUSED,3.878959614448864e-18,0.0,True
1830,7,2,cz,False,buffered,NAIVE_PRODUCT;PRODUCT_FUSED,1.5515838457795457e-17,0.0,True
1831,11,0,generic,False,buffered,NAIVE_PRODUCT;PRODUCT_FUSED,1.3985787785349405e-17,0.0,True
1832,3,2,cx_product_control,False,buffered,NAIVE_PRODUCT;PRODUCT_FUSED,2.7755575615628914e-17,0.0,True
1833,10,2,cx_product_target,False,buffered,NAIVE_PRODUCT;PRODUCT_FUSED,1.3960550252992727e-17,0.0,True
1834,9,0,cz,False,buffered,NAIVE_PRODUCT;PRODUCT_FUSED,9.813077866773595e-18,0.0,True
1835,4,0,generic,False,buffered,NAIVE_PRODUCT;PRODUCT_FUSED,8.777083671441753e-17,0.0,True
1836,9,7,cx_product_control,False,buffered,NAIVE_PRODUCT;PRODUCT_FUSED,1.3904866443919908e-17,0.0,True
1837,11,5,cx_product_target,False,buffered,NAIVE_PRODUCT;PRODUCT_FUSED,7.757919228897728e-18,0.0,True
1838,10,8,cz,False,buffered,NAIVE_PRODUCT;PRODUCT_FUSED,7.757919228897728e-18,0.0,True
1839,2,0,generic,False,buffered,NAIVE_PRODUCT;PRODUCT_FUSED,7.850462293418876e-17,0.0,True
1840,9,2,cx_product_control,False,buffered,NAIVE_PRODUCT;PRODUCT_FUSED,7.757919228897728e-18,0.0,True
1841,12,7,cx_product_target,False,buffered,NAIVE_PRODUCT;PRODUCT_FUSED,6.938893903907228e-18,1.1102230246251565e-16,True
1842,12,9,cz,False,buffered,NAIVE_PRODUCT;PRODUCT_FUSED,6.938893903907228e-18,0.0,True
1843,11,4,generic,False,buffered,NAIVE_PRODUCT;PRODUCT_FUSED,1.5515838457795457e-17,0.0,True
1844,7,2,cx_product_control,False,buffered,NAIVE_PRODUCT;PRODUCT_FUSED,2.797157557069881e-17,0.0,True
1845,7,2,cx_product_target,False,buffered,NAIVE_PRODUCT;PRODUCT_FUSED,1.3877787807814457e-17,0.0,True
1846,8,4,cz,False,buffered,NAIVE_PRODUCT;PRODUCT_FUSED,2.7755575615628914e-17,1.1102230246251565e-16,True
1847,3,0,generic,False,buffered,NAIVE_PRODUCT;PRODUCT_FUSED,1.1102230246251565e-16,0.0,True
1848,3,1,cx_product_control,False,buffered,NAIVE_PRODUCT;PRODUCT_FUSED,5.721958498152797e-17,0.0,True
1849,3,2,cx_product_target,False,buffered,NAIVE_PRODUCT;PRODUCT_FUSED,5.551115123125783e-17,0.0,True
1850,10,7,cz,False,buffered,NAIVE_PRODUCT;PRODUCT_FUSED,7.152448122690996e-18,2.220446049250313e-16,True
1851,8,6,generic,False,buffered,NAIVE_PRODUCT;PRODUCT_FUSED,2.797157557069881e-17,0.0,True
1852,2,1,cx_product_control,False,buffered,NAIVE_PRODUCT;PRODUCT_FUSED,2.7755575615628914e-17,0.0,True
1853,4,1,cx_product_target,False,buffered,NAIVE_PRODUCT;PRODUCT_FUSED,5.551115123125783e-17,0.0,True
1854,2,1,cz,False,buffered,NAIVE_PRODUCT;PRODUCT_FUSED,5.551115123125783e-17,0.0,True
1855,6,4,generic,False,buffered,NAIVE_PRODUCT;PRODUCT_FUSED,6.206335383118183e-17,0.0,True
1856,7,6,cx_product_control,False,buffered,NAIVE_PRODUCT;PRODUCT_FUSED,1.5515838457795457e-17,0.0,True
1857,1,0,cx_product_target,False,buffered,NAIVE_PRODUCT;PRODUCT_FUSED,1.1102230246251565e-16,1.1102230246251565e-16,True
1858,10,8,cz,False,buffered,NAIVE_PRODUCT;PRODUCT_FUSED,9.813077866773595e-18,0.0,True
1859,8,6,generic,False,buffered,NAIVE_PRODUCT;PRODUCT_FUSED,3.1031676915590914e-17,0.0,True
1860,10,9,cx_product_control,False,buffered,NAIVE_PRODUCT;PRODUCT_FUSED,9.813077866773595e-18,0.0,True
1861,5,2,cx_product_target,False,buffered,NAIVE_PRODUCT;PRODUCT_FUSED,5.721958498152797e-17,0.0,True
1862,7,6,cz,False,buffered,NAIVE_PRODUCT;PRODUCT_FUSED,2.7755575615628914e-17,0.0,True
1863,11,6,generic,False,buffered,NAIVE_PRODUCT;PRODUCT_FUSED,1.3985787785349405e-17,0.0,True
1864,3,0,cx_product_control,False,buffered,NAIVE_PRODUCT;PRODUCT_FUSED,5.551115123125783e-17,0.0,True
1865,4,3,cx_product_target,False,buffered,NAIVE_PRODUCT;PRODUCT_FUSED,5.551115123125783e-17,0.0,True
1866,8,4,cz,False,buffered,NAIVE_PRODUCT;PRODUCT_FUSED,1.5515838457795457e-17,0.0,True
1867,12,6,generic,False,buffered,NAIVE_PRODUCT;PRODUCT_FUSED,1.0408340855860843e-17,0.0,True
1868,5,0,cx_product_control,False,buffered,NAIVE_PRODUCT;PRODUCT_FUSED,2.7755575615628914e-17,0.0,True
1869,5,1,cx_product_target,False,buffered,NAIVE_PRODUCT;PRODUCT_FUSED,2.797157557069881e-17,0.0,True
1870,9,1,cz,False,buffered,NAIVE_PRODUCT;PRODUCT_FUSED,7.757919228897728e-18,0.0,True
1871,10,9,generic,False,buffered,NAIVE_PRODUCT;PRODUCT_FUSED,1.5515838457795457e-17,0.0,True
1872,11,6,cx_product_control,False,buffered,NAIVE_PRODUCT;PRODUCT_FUSED,7.757919228897728e-18,0.0,True
1873,11,2,cx_product_target,False,buffered,NAIVE_PRODUCT;PRODUCT_FUSED,6.938893903907228e-18,0.0,True
1874,9,5,cz,False,buffered,NAIVE_PRODUCT;PRODUCT_FUSED,1.3877787807814457e-17,0.0,True
1875,10,6,generic,False,buffered,NAIVE_PRODUCT;PRODUCT_FUSED,1.734723475976807e-17,2.220446049250313e-16,True
1876,9,2,cx_product_control,False,buffered,NAIVE_PRODUCT;PRODUCT_FUSED,1.3877787807814457e-17,0.0,True
1877,6,3,cx_product_target,False,buffered,NAIVE_PRODUCT;PRODUCT_FUSED,1.5515838457795457e-17,0.0,True
1878,3,2,cz,False,buffered,NAIVE_PRODUCT;PRODUCT_FUSED,5.551115123125783e-17,0.0,True
1879,8,7,generic,False,buffered,NAIVE_PRODUCT;PRODUCT_FUSED,3.469446951953614e-17,0.0,True
1880,9,0,cx_product_control,False,buffered,NAIVE_PRODUCT;PRODUCT_FUSED,1.4046172853913364e-17,0.0,True
1881,4,0,cx_product_target,False,buffered,NAIVE_PRODUCT;PRODUCT_FUSED,2.7755575615628914e-17,0.0,True
1882,7,3,cz,False,buffered,NAIVE_PRODUCT;PRODUCT_FUSED,1.5515838457795457e-17,0.0,True
1883,3,2,generic,False,buffered,NAIVE_PRODUCT;PRODUCT_FUSED,1.1188630228279524e-16,0.0,True
1884,5,0,cx_product_control,False,buffered,NAIVE_PRODUCT;PRODUCT_FUSED,2.8609792490763984e-17,0.0,True
1885,2,0,cx_product_target,False,buffered,NAIVE_PRODUCT;PRODUCT_FUSED,5.594315114139762e-17,0.0,True
1886,7,3,cz,False,buffered,NAIVE_PRODUCT;PRODUCT_FUSED,2.7755575615628914e-17,0.0,True
1887,8,7,generic,False,buffered,NAIVE_PRODUCT;PRODUCT_FUSED,2.9439233600320786e-17,0.0,True
1888,12,7,cx_product_control,False,buffered,NAIVE_PRODUCT;PRODUCT_FUSED,4.9065389333867974e-18,0.0,True
1889,1,0,cx_product_target,False,buffered,NAIVE_PRODUCT;PRODUCT_FUSED,1.3877787807814457e-17,0.0,True
1890,8,6,cz,False,buffered,NAIVE_PRODUCT;PRODUCT_FUSED,1.3985787785349405e-17,0.0,True
1891,6,1,generic,False,buffered,NAIVE_PRODUCT;PRODUCT_FUSED,3.925231146709438e-17,2.220446049250313e-16,True
1892,7,4,cx_product_control,False,buffered,NAIVE_PRODUCT;PRODUCT_FUSED,1.4304896245381992e-17,0.0,True
1893,8,4,cx_product_target,False,buffered,NAIVE_PRODUCT;PRODUCT_FUSED,1.5515838457795457e-17,0.0,True
1894,9,8,cz,False,buffered,NAIVE_PRODUCT;PRODUCT_FUSED,9.813077866773595e-18,0.0,True
1895,8,6,generic,False,buffered,NAIVE_PRODUCT;PRODUCT_FUSED,3.1031676915590914e-17,1.1102230246251565e-16,True
1896,2,0,cx_product_control,False,buffered,NAIVE_PRODUCT;PRODUCT_FUSED,5.551115123125783e-17,0.0,True
1897,11,1,cx_product_target,False,buffered,NAIVE_PRODUCT;PRODUCT_FUSED,7.152448122690996e-18,0.0,True
1898,6,3,cz,False,buffered,NAIVE_PRODUCT;PRODUCT_FUSED,1.3877787807814457e-17,0.0,True
1899,6,4,generic,False,buffered,NAIVE_PRODUCT;PRODUCT_FUSED,5.003707553108402e-17,0.0,True
1900,6,2,cx_product_control,False,buffered,NAIVE_PRODUCT;PRODUCT_FUSED,2.7755575615628914e-17,0.0,True
1901,12,2,cx_product_target,False,buffered,NAIVE_PRODUCT;PRODUCT_FUSED,4.9065389333867974e-18,1.1102230246251565e-16,True
1902,8,5,cz,False,buffered,NAIVE_PRODUCT;PRODUCT_FUSED,1.5515838457795457e-17,1.1102230246251565e-16,True
1903,9,7,generic,False,buffered,NAIVE_PRODUCT;PRODUCT_FUSED,2.7809732887839817e-17,0.0,True
1904,11,5,cx_product_control,False,buffered,NAIVE_PRODUCT;PRODUCT_FUSED,7.152448122690996e-18,0.0,True
1905,6,3,cx_product_target,False,buffered,NAIVE_PRODUCT;PRODUCT_FUSED,2.823925224926892e-17,0.0,True
1906,1,0,cz,False,buffered,NAIVE_PRODUCT;PRODUCT_FUSED,5.551115123125783e-17,0.0,True
1907,6,3,generic,False,buffered,NAIVE_PRODUCT;PRODUCT_FUSED,5.721958498152797e-17,0.0,True
1908,12,1,cx_product_control,False,buffered,NAIVE_PRODUCT;PRODUCT_FUSED,6.938893903907228e-18,0.0,True
1909,2,1,cx_product_target,False,buffered,NAIVE_PRODUCT;PRODUCT_FUSED,2.7755575615628914e-17,0.0,True
1910,10,2,cz,False,buffered,NAIVE_PRODUCT;PRODUCT_FUSED,1.3877787807814457e-17,3.3306690738754696e-16,True
1911,4,0,generic,False,buffered,NAIVE_PRODUCT;PRODUCT_FUSED,6.206335383118183e-17,0.0,True
1912,8,0,cx_product_control,False,buffered,NAIVE_PRODUCT;PRODUCT_FUSED,1.3877787807814457e-17,0.0,True
1913,7,0,cx_product_target,False,buffered,NAIVE_PRODUCT;PRODUCT_FUSED,2.8609792490763984e-17,0.0,True
1914,5,4,cz,False,buffered,NAIVE_PRODUCT;PRODUCT_FUSED,5.594315114139762e-17,0.0,True
1915,5,1,generic,False,buffered,NAIVE_PRODUCT;PRODUCT_FUSED,6.206335383118183e-17,1.1102230246251565e-16,True
1916,10,9,cx_product_control,False,buffered,NAIVE_PRODUCT;PRODUCT_FUSED,9.813077866773595e-18,0.0,True
1917,3,2,cx_product_target,False,buffered,NAIVE_PRODUCT;PRODUCT_FUSED,5.551115123125783e-17,0.0,True
1918,1,0,cz,False,buffered,NAIVE_PRODUCT;PRODUCT_FUSED,5.721958498152797e-17,0.0,True
1919,7,4,generic,False,buffered,NAIVE_PRODUCT;PRODUCT_FUSED,3.1031676915590914e-17,0.0,True
1920,6,5,cx_product_control,False,buffered,NAIVE_PRODUCT;PRODUCT_FUSED,2.7755575615628914e-17,0.0,True
1921,12,1,cx_product_target,False,buffered,NAIVE_PRODUCT;PRODUCT_FUSED,7.152448122690996e-18,0.0,True
1922,4,0,cz,False,buffered,NAIVE_PRODUCT;PRODUCT_FUSED,3.1031676915590914e-17,0.0,True
1923,12,10,generic,False,buffered,NAIVE_PRODUCT;PRODUCT_FUSED,1.0518437540784929e-17,2.220446049250313e-16,True
1924,9,8,cx_product_control,False,buffered,NAIVE_PRODUCT;PRODUCT_FUSED,6.992893892674703e-18,0.0,True
1925,1,0,cx_product_target,False,buffered,NAIVE_PRODUCT;PRODUCT_FUSED,1.734723475976807e-17,0.0,True
1926,5,3,cz,False,buffered,NAIVE_PRODUCT;PRODUCT_FUSED,2.7755575615628914e-17,0.0,True
1927,10,4,generic,False,buffered,NAIVE_PRODUCT;PRODUCT_FUSED,2.797157557069881e-17,0.0,True
1928,4,1,cx_product_control,False,buffered,NAIVE_PRODUCT;PRODUCT_FUSED,2.797157557069881e-17,0.0,True
1929,10,3,cx_product_target,False,buffered,NAIVE_PRODUCT;PRODUCT_FUSED,7.152448122690996e-18,0.0,True
1930,1,0,cz,False,buffered,NAIVE_PRODUCT;PRODUCT_FUSED,1.5700924586837752e-16,0.0,True
1931,8,0,generic,False,buffered,NAIVE_PRODUCT;PRODUCT_FUSED,2.8609792490763984e-17,2.220446049250313e-16,True
1932,11,9,cx_product_control,False,buffered,NAIVE_PRODUCT;PRODUCT_FUSED,7.152448122690996e-18,0.0,True
1933,8,4,cx_product_target,False,buffered,NAIVE_PRODUCT;PRODUCT_FUSED,1.4304896245381992e-17,0.0,True
1934,12,8,cz,False,buffered,NAIVE_PRODUCT;PRODUCT_FUSED,3.469446951953614e-18,0.0,True
1935,11,0,generic,False,buffered,NAIVE_PRODUCT;PRODUCT_FUSED,1.4304896245381992e-17,0.0,True
1936,12,1,cx_product_control,False,buffered,NAIVE_PRODUCT;PRODUCT_FUSED,3.878959614448864e-18,0.0,True
1937,8,5,cx_product_target,False,buffered,NAIVE_PRODUCT;PRODUCT_FUSED,1.4304896245381992e-17,0.0,True
1938,5,4,cz,False,buffered,NAIVE_PRODUCT;PRODUCT_FUSED,5.594315114139762e-17,0.0,True
1939,12,11,generic,False,buffered,NAIVE_PRODUCT;PRODUCT_FUSED,1.0551910960100404e-17,1.1102230246251565e-16,True
1940,2,0,cx_product_control,False,buffered,NAIVE_PRODUCT;PRODUCT_FUSED,5.551115123125783e-17,0.0,True
1941,7,3,cx_product_target,False,buffered,NAIVE_PRODUCT;PRODUCT_FUSED,2.7755575615628914e-17,0.0,True
1942,3,1,cz,False,buffered,NAIVE_PRODUCT;PRODUCT_FUSED,2.8609792490763984e-17,0.0,True
1943,1,0,generic,False,buffered,NAIVE_PRODUCT;PRODUCT_FUSED,1.1102230246251565e-16,0.0,True
1944,6,0,cx_product_control,False,buffered,NAIVE_PRODUCT;PRODUCT_FUSED,1.5515838457795457e-17,0.0,True
1945,6,3,cx_product_target,False,buffered,NAIVE_PRODUCT;PRODUCT_FUSED,3.1031676915590914e-17,0.0,True
1946,1,0,cz,False,buffered,NAIVE_PRODUCT;PRODUCT_FUSED,6.206335383118183e-17,0.0,True
1947,10,3,generic,False,buffered,NAIVE_PRODUCT;PRODUCT_FUSED,1.4304896245381992e-17,0.0,True
1948,2,0,cx_product_control,False,buffered,NAIVE_PRODUCT;PRODUCT_FUSED,7.850462293418876e-17,0.0,True
1949,1,0,cx_product_target,False,buffered,NAIVE_PRODUCT;PRODUCT_FUSED,1.1443916996305594e-16,0.0,True
1950,11,1,cz,False,buffered,NAIVE_PRODUCT;PRODUCT_FUSED,7.757919228897728e-18,2.220446049250313e-16,True
1951,3,2,generic,False,buffered,NAIVE_PRODUCT;PRODUCT_FUSED,6.206335383118183e-17,2.220446049250313e-16,True
1952,4,1,cx_product_control,False,buffered,NAIVE_PRODUCT;PRODUCT_FUSED,3.1031676915590914e-17,0.0,True
1953,4,2,cx_product_target,False,buffered,NAIVE_PRODUCT;PRODUCT_FUSED,5.594315114139762e-17,2.220446049250313e-16,True
1954,12,8,cz,False,buffered,NAIVE_PRODUCT;PRODUCT_FUSED,6.992893892674703e-18,0.0,True
1955,6,3,generic,False,buffered,NAIVE_PRODUCT;PRODUCT_FUSED,8.326672684688674e-17,2.220446049250313e-16,True
1956,6,2,cx_product_control,False,buffered,NAIVE_PRODUCT;PRODUCT_FUSED,2.8609792490763984e-17,0.0,True
1957,12,2,cx_product_target,False,buffered,NAIVE_PRODUCT;PRODUCT_FUSED,7.152448122690996e-18,0.0,True
1958,2,1,cz,False,buffered,NAIVE_PRODUCT;PRODUCT_FUSED,2.7755575615628914e-17,0.0,True
1959,9,0,generic,False,buffered,NAIVE_PRODUCT;PRODUCT_FUSED,2.1103821920200808e-17,0.0,True
1960,9,5,cx_product_control,False,buffered,NAIVE_PRODUCT;PRODUCT_FUSED,1.5515838457795457e-17,0.0,True
1961,5,3,cx_product_target,False,buffered,NAIVE_PRODUCT;PRODUCT_FUSED,1.5515838457795457e-17,0.0,True
1962,10,7,cz,False,buffered,NAIVE_PRODUCT;PRODUCT_FUSED,7.757919228897728e-18,0.0,True
1963,2,0,generic,False,buffered,NAIVE_PRODUCT;PRODUCT_FUSED,5.721958498152797e-17,0.0,True
1964,5,0,cx_product_control,False,buffered,NAIVE_PRODUCT;PRODUCT_FUSED,5.594315114139762e-17,0.0,True
1965,5,4,cx_product_target,False,buffered,NAIVE_PRODUCT;PRODUCT_FUSED,5.721958498152797e-17,2.220446049250313e-16,True
1966,3,0,cz,False,buffered,NAIVE_PRODUCT;PRODUCT_FUSED,2.7755575615628914e-17,0.0,True
1967,12,5,generic,False,buffered,NAIVE_PRODUCT;PRODUCT_FUSED,1.0971354589302191e-17,0.0,True
1968,10,5,cx_product_control,False,buffered,NAIVE_PRODUCT;PRODUCT_FUSED,1.3877787807814457e-17,0.0,True
1969,4,2,cx_product_target,False,buffered,NAIVE_PRODUCT;PRODUCT_FUSED,1.3985787785349405e-17,0.0,True
1970,12,3,cz,False,buffered,NAIVE_PRODUCT;PRODUCT_FUSED,3.576224061345498e-18,0.0,True
1971,1,0,generic,False,buffered,NAIVE_PRODUCT;PRODUCT_FUSED,1.1857187100668868e-16,0.0,True
1972,9,3,cx_product_control,False,buffered,NAIVE_PRODUCT;PRODUCT_FUSED,1.3877787807814457e-17,2.220446049250313e-16,True
1973,1,0,cx_product_target,False,buffered,NAIVE_PRODUCT;PRODUCT_FUSED,2.7755575615628914e-17,0.0,True
1974,5,0,cz,False,buffered,NAIVE_PRODUCT;PRODUCT_FUSED,2.7755575615628914e-17,1.1102230246251565e-16,True
1975,4,2,generic,False,buffered,NAIVE_PRODUCT;PRODUCT_FUSED,6.206335383118183e-17,2.220446049250313e-16,True
1976,4,2,cx_product_control,False,buffered,NAIVE_PRODUCT;PRODUCT_FUSED,2.797157557069881e-17,2.220446049250313e-16,True
1977,1,0,cx_product_target,False,buffered,NAIVE_PRODUCT;PRODUCT_FUSED,5.561946577567963e-17,0.0,True
1978,8,1,cz,False,buffered,NAIVE_PRODUCT;PRODUCT_FUSED,1.962615573354719e-17,0.0,True
1979,6,5,generic,False,buffered,NAIVE_PRODUCT;PRODUCT_FUSED,5.721958498152797e-17,1.1102230246251565e-16,True
1980,2,0,cx_product_control,False,buffered,NAIVE_PRODUCT;PRODUCT_FUSED,5.551115123125783e-17,0.0,True
1981,3,0,cx_product_target,False,buffered,NAIVE_PRODUCT;PRODUCT_FUSED,7.850462293418876e-17,0.0,True
1982,1,0,cz,False,buffered,NAIVE_PRODUCT;PRODUCT_FUSED,5.551115123125783e-17,0.0,True
1983,6,3,generic,False,buffered,NAIVE_PRODUCT;PRODUCT_FUSED,9.020562075079397e-17,0.0,True
1984,2,0,cx_product_control,False,buffered,NAIVE_PRODUCT;PRODUCT_FUSED,5.551115123125783e-17,0.0,True
1985,8,2,cx_product_target,False,buffered,NAIVE_PRODUCT;PRODUCT_FUSED,1.5515838457795457e-17,0.0,True
1986,1,0,cz,False,buffered,NAIVE_PRODUCT;PRODUCT_FUSED,0.0,0.0,True
1987,12,1,generic,False,buffered,NAIVE_PRODUCT;PRODUCT_FUSED,7.757919228897728e-18,0.0,True
1988,7,0,cx_product_control,False,buffered,NAIVE_PRODUCT;PRODUCT_FUSED,2.7755575615628914e-17,0.0,True
1989,4,2,cx_product_target,False,buffered,NAIVE_PRODUCT;PRODUCT_FUSED,2.7755575615628914e-17,0.0,True
1990,10,9,cz,False,buffered,NAIVE_PRODUCT;PRODUCT_FUSED,7.757919228897728e-18,0.0,True
1991,5,4,generic,False,buffered,NAIVE_PRODUCT;PRODUCT_FUSED,6.206335383118183e-17,1.1102230246251565e-16,True
1992,12,9,cx_product_control,False,buffered,NAIVE_PRODUCT;PRODUCT_FUSED,4.9065389333867974e-18,1.1102230246251565e-16,True
1993,8,1,cx_product_target,False,buffered,NAIVE_PRODUCT;PRODUCT_FUSED,1.3877787807814457e-17,0.0,True
1994,6,4,cz,False,buffered,NAIVE_PRODUCT;PRODUCT_FUSED,2.7755575615628914e-17,0.0,True
1995,4,2,generic,False,buffered,NAIVE_PRODUCT;PRODUCT_FUSED,8.777083671441753e-17,0.0,True
1996,3,0,cx_product_control,False,buffered,NAIVE_PRODUCT;PRODUCT_FUSED,3.925231146709438e-17,0.0,True
1997,8,1,cx_product_target,False,buffered,NAIVE_PRODUCT;PRODUCT_FUSED,1.3985787785349405e-17,0.0,True
1998,4,1,cz,False,buffered,NAIVE_PRODUCT;PRODUCT_FUSED,5.551115123125783e-17,1.1102230246251565e-16,True
1999,2,0,generic,False,buffered,NAIVE_PRODUCT;PRODUCT_FUSED,1.1102230246251565e-16,0.0,True
2000,8,4,cx_product_control,True,buffered,NAIVE_BASIS;THIN_BASIS;FUSED_BASIS,0.0,0.0,True
2001,12,5,cx_product_target,True,buffered,NAIVE_BASIS;THIN_BASIS;FUSED_BASIS,0.0,0.0,True
2002,2,0,cz,True,buffered,NAIVE_BASIS;THIN_BASIS;FUSED_BASIS,0.0,0.0,True
2003,8,6,generic,True,buffered,NAIVE_BASIS;THIN_BASIS;FUSED_BASIS,1.962615573354719e-17,0.0,True
2004,2,1,cx_product_control,True,buffered,NAIVE_BASIS;THIN_BASIS;FUSED_BASIS,0.0,0.0,True
2005,1,0,cx_product_target,True,buffered,NAIVE_BASIS;THIN_BASIS;FUSED_BASIS,0.0,0.0,True
2006,1,0,cz,True,buffered,NAIVE_BASIS;THIN_BASIS;FUSED_BASIS,0.0,0.0,True
2007,2,0,generic,True,buffered,NAIVE_BASIS;THIN_BASIS;FUSED_BASIS,1.2412670766236366e-16,0.0,True
2008,12,0,cx_product_control,True,buffered,NAIVE_BASIS;THIN_BASIS;FUSED_BASIS,0.0,0.0,True
2009,7,5,cx_product_target,True,buffered,NAIVE_BASIS;THIN_BASIS;FUSED_BASIS,0.0,0.0,True
2010,5,1,cz,True,buffered,NAIVE_BASIS;THIN_BASIS;FUSED_BASIS,0.0,0.0,True
2011,5,4,generic,True,buffered,NAIVE_BASIS;THIN_BASIS;FUSED_BASIS,2.7809732887839817e-17,0.0,True
2012,7,0,cx_product_control,True,buffered,NAIVE_BASIS;THIN_BASIS;FUSED_BASIS,0.0,0.0,True
2013,3,2,cx_product_target,True,buffered,NAIVE_BASIS;THIN_BASIS;FUSED_BASIS,0.0,0.0,True
2014,3,1,cz,True,buffered,NAIVE_BASIS;THIN_BASIS;FUSED_BASIS,0.0,0.0,True
2015,8,2,generic,True,buffered,NAIVE_BASIS;THIN_BASIS;FUSED_BASIS,1.962615573354719e-17,0.0,True
2016,3,1,cx_product_control,True,buffered,NAIVE_BASIS;THIN_BASIS;FUSED_BASIS,0.0,0.0,True
2017,9,2,cx_product_target,True,buffered,NAIVE_BASIS;THIN_BASIS;FUSED_BASIS,0.0,0.0,True
2018,12,8,cz,True,buffered,NAIVE_BASIS;THIN_BASIS;FUSED_BASIS,0.0,0.0,True
2019,7,1,generic,True,buffered,NAIVE_BASIS;THIN_BASIS;FUSED_BASIS,2.7755575615628914e-17,1.1102230246251565e-16,True
2020,4,2,cx_product_control,True,buffered,NAIVE_BASIS;THIN_BASIS;FUSED_BASIS,0.0,0.0,True
2021,1,0,cx_product_target,True,buffered,NAIVE_BASIS;THIN_BASIS;FUSED_BASIS,0.0,0.0,True
2022,6,5,cz,True,buffered,NAIVE_BASIS;THIN_BASIS;FUSED_BASIS,0.0,0.0,True
2023,6,1,generic,True,buffered,NAIVE_BASIS;THIN_BASIS;FUSED_BASIS,2.797157557069881e-17,1.1102230246251565e-16,True
2024,11,6,cx_product_control,True,buffered,NAIVE_BASIS;THIN_BASIS;FUSED_BASIS,0.0,0.0,True
2025,11,7,cx_product_target,True,buffered,NAIVE_BASIS;THIN_BASIS;FUSED_BASIS,0.0,0.0,True
2026,2,1,cz,True,buffered,NAIVE_BASIS;THIN_BASIS;FUSED_BASIS,0.0,0.0,True
2027,11,3,generic,True,buffered,NAIVE_BASIS;THIN_BASIS;FUSED_BASIS,7.757919228897728e-18,2.220446049250313e-16,True
2028,12,6,cx_product_control,True,buffered,NAIVE_BASIS;THIN_BASIS;FUSED_BASIS,0.0,0.0,True
2029,9,3,cx_product_target,True,buffered,NAIVE_BASIS;THIN_BASIS;FUSED_BASIS,0.0,0.0,True
2030,2,1,cz,True,buffered,NAIVE_BASIS;THIN_BASIS;FUSED_BASIS,0.0,0.0,True
2031,8,3,generic,True,buffered,NAIVE_BASIS;THIN_BASIS;FUSED_BASIS,2.7755575615628914e-17,0.0,True
2032,9,7,cx_product_control,True,buffered,NAIVE_BASIS;THIN_BASIS;FUSED_BASIS,0.0,0.0,True
2033,7,1,cx_product_target,True,buffered,NAIVE_BASIS;THIN_BASIS;FUSED_BASIS,0.0,0.0,True
2034,5,0,cz,True,buffered,NAIVE_BASIS;THIN_BASIS;FUSED_BASIS,0.0,0.0,True
2035,12,4,generic,True,buffered,NAIVE_BASIS;THIN_BASIS;FUSED_BASIS,7.152448122690996e-18,0.0,True
2036,2,0,cx_product_control,True,buffered,NAIVE_BASIS;THIN_BASIS;FUSED_BASIS,0.0,0.0,True
2037,5,3,cx_product_target,True,buffered,NAIVE_BASIS;THIN_BASIS;FUSED_BASIS,0.0,0.0,True
2038,5,1,cz,True,buffered,NAIVE_BASIS;THIN_BASIS;FUSED_BASIS,0.0,0.0,True
2039,5,0,generic,True,buffered,NAIVE_BASIS;THIN_BASIS;FUSED_BASIS,3.1031676915590914e-17,0.0,True
2040,2,1,cx_product_control,True,buffered,NAIVE_BASIS;THIN_BASIS;FUSED_BASIS,0.0,0.0,True
2041,10,6,cx_product_target,True,buffered,NAIVE_BASIS;THIN_BASIS;FUSED_BASIS,0.0,0.0,True
2042,5,0,cz,True,buffered,NAIVE_BASIS;THIN_BASIS;FUSED_BASIS,0.0,0.0,True
2043,8,1,generic,True,buffered,NAIVE_BASIS;THIN_BASIS;FUSED_BASIS,1.5515838457795457e-17,0.0,True
2044,12,5,cx_product_control,True,buffered,NAIVE_BASIS;THIN_BASIS;FUSED_BASIS,0.0,0.0,True
2045,5,3,cx_product_target,True,buffered,NAIVE_BASIS;THIN_BASIS;FUSED_BASIS,0.0,0.0,True
2046,5,0,cz,True,buffered,NAIVE_BASIS;THIN_BASIS;FUSED_BASIS,0.0,0.0,True
2047,8,4,generic,True,buffered,NAIVE_BASIS;THIN_BASIS;FUSED_BASIS,1.5515838457795457e-17,0.0,True
2048,9,0,cx_product_control,True,buffered,NAIVE_BASIS;THIN_BASIS;FUSED_BASIS,0.0,0.0,True
2049,6,1,cx_product_target,True,buffered,NAIVE_BASIS;THIN_BASIS;FUSED_BASIS,0.0,0.0,True
2050,6,2,cz,True,buffered,NAIVE_BASIS;THIN_BASIS;FUSED_BASIS,0.0,0.0,True
2051,3,0,generic,True,buffered,NAIVE_BASIS;THIN_BASIS;FUSED_BASIS,6.206335383118183e-17,0.0,True
2052,5,3,cx_product_control,True,buffered,NAIVE_BASIS;THIN_BASIS;FUSED_BASIS,0.0,0.0,True
2053,6,4,cx_product_target,True,buffered,NAIVE_BASIS;THIN_BASIS;FUSED_BASIS,0.0,0.0,True
2054,6,0,cz,True,buffered,NAIVE_BASIS;THIN_BASIS;FUSED_BASIS,0.0,0.0,True
2055,7,6,generic,True,buffered,NAIVE_BASIS;THIN_BASIS;FUSED_BASIS,2.797157557069881e-17,0.0,True
2056,1,0,cx_product_control,True,buffered,NAIVE_BASIS;THIN_BASIS;FUSED_BASIS,0.0,0.0,True
2057,8,0,cx_product_target,True,buffered,NAIVE_BASIS;THIN_BASIS;FUSED_BASIS,0.0,0.0,True
2058,5,4,cz,True,buffered,NAIVE_BASIS;THIN_BASIS;FUSED_BASIS,0.0,0.0,True
2059,8,2,generic,True,buffered,NAIVE_BASIS;THIN_BASIS;FUSED_BASIS,1.4304896245381992e-17,0.0,True
2060,4,0,cx_product_control,True,buffered,NAIVE_BASIS;THIN_BASIS;FUSED_BASIS,0.0,0.0,True
2061,4,3,cx_product_target,True,buffered,NAIVE_BASIS;THIN_BASIS;FUSED_BASIS,0.0,0.0,True
2062,3,2,cz,True,buffered,NAIVE_BASIS;THIN_BASIS;FUSED_BASIS,0.0,0.0,True
2063,7,3,generic,True,buffered,NAIVE_BASIS;THIN_BASIS;FUSED_BASIS,1.5515838457795457e-17,0.0,True
2064,9,0,cx_product_control,False,direct,NAIVE_PRODUCT;PRODUCT_FUSED,1.4304896245381992e-17,1.1102230246251565e-16,True
2065,8,1,cx_product_target,False,direct,NAIVE_PRODUCT;PRODUCT_FUSED,9.813077866773595e-18,0.0,True
2066,12,5,cz,False,direct,NAIVE_PRODUCT;PRODUCT_FUSED,6.938893903907228e-18,0.0,True
2067,12,1,generic,False,direct,NAIVE_PRODUCT;PRODUCT_FUSED,7.757919228897728e-18,4.440892098500626e-16,True
2068,11,6,cx_product_control,False,direct,NAIVE_PRODUCT;PRODUCT_FUSED,6.938893903907228e-18,0.0,True
2069,8,7,cx_product_target,False,direct,NAIVE_PRODUCT;PRODUCT_FUSED,7.757919228897728e-18,0.0,True
2070,9,6,cz,False,direct,NAIVE_PRODUCT;PRODUCT_FUSED,1.5515838457795457e-17,0.0,True
2071,9,1,generic,False,direct,NAIVE_PRODUCT;PRODUCT_FUSED,2.8609792490763984e-17,0.0,True
2072,8,1,cx_product_control,False,direct,NAIVE_PRODUCT;PRODUCT_FUSED,1.3879481770324007e-17,0.0,True
2073,10,5,cx_product_target,False,direct,NAIVE_PRODUCT;PRODUCT_FUSED,7.757919228897728e-18,0.0,True
2074,9,7,cz,False,direct,NAIVE_PRODUCT;PRODUCT_FUSED,1.3877787807814457e-17,1.1102230246251565e-16,True
2075,9,7,generic,False,direct,NAIVE_PRODUCT;PRODUCT_FUSED,2.1103821920200808e-17,2.220446049250313e-16,True
2076,12,6,cx_product_control,False,direct,NAIVE_PRODUCT;PRODUCT_FUSED,6.938893903907228e-18,0.0,True
2077,10,1,cx_product_target,False,direct,NAIVE_PRODUCT;PRODUCT_FUSED,6.938893903907228e-18,0.0,True
2078,12,5,cz,False,direct,NAIVE_PRODUCT;PRODUCT_FUSED,7.757919228897728e-18,1.1102230246251565e-16,True
2079,11,3,generic,False,direct,NAIVE_PRODUCT;PRODUCT_FUSED,1.3985787785349405e-17,0.0,True
2080,11,5,cx_product_control,False,direct,NAIVE_PRODUCT;PRODUCT_FUSED,6.938893903907228e-18,1.1102230246251565e-16,True
2081,12,3,cx_product_target,False,direct,NAIVE_PRODUCT;PRODUCT_FUSED,6.992893892674703e-18,0.0,True
2082,9,8,cz,False,direct,NAIVE_PRODUCT;PRODUCT_FUSED,7.152448122690996e-18,0.0,True
2083,10,5,generic,False,direct,NAIVE_PRODUCT;PRODUCT_FUSED,1.4821483875836085e-17,2.220446049250313e-16,True
2084,12,0,cx_product_control,False,direct,NAIVE_PRODUCT;PRODUCT_FUSED,6.938893903907228e-18,0.0,True
2085,9,1,cx_product_target,False,direct,NAIVE_PRODUCT;PRODUCT_FUSED,1.5515838457795457e-17,0.0,True
2086,9,6,cz,False,direct,NAIVE_PRODUCT;PRODUCT_FUSED,1.3898524622082248e-17,0.0,True
2087,10,9,generic,False,direct,NAIVE_PRODUCT;PRODUCT_FUSED,1.962615573354719e-17,0.0,True
2088,8,0,cx_product_control,False,direct,NAIVE_PRODUCT;PRODUCT_FUSED,1.4304896245381992e-17,0.0,True
2089,12,4,cx_product_target,False,direct,NAIVE_PRODUCT;PRODUCT_FUSED,6.938893903907228e-18,0.0,True
2090,12,5,cz,False,direct,NAIVE_PRODUCT;PRODUCT_FUSED,3.576224061345498e-18,0.0,True
2091,8,2,generic,False,direct,NAIVE_PRODUCT;PRODUCT_FUSED,3.273069708340169e-17,0.0,True
2092,12,4,cx_product_control,False,direct,NAIVE_PRODUCT;PRODUCT_FUSED,7.152448122690996e-18,0.0,True
2093,10,0,cx_product_target,False,direct,NAIVE_PRODUCT;PRODUCT_FUSED,7.757919228897728e-18,0.0,True
2094,10,8,cz,False,direct,NAIVE_PRODUCT;PRODUCT_FUSED,7.152448122690996e-18,0.0,True
2095,11,4,generic,False,direct,NAIVE_PRODUCT;PRODUCT_FUSED,1.5515838457795457e-17,0.0,True
