status,io_mode,policy,gate,q_old,q_new,old_state_bytes,new_state_bytes,chunk_bytes,effective_chunk_bytes,target,algorithmic_read_bytes,algorithmic_write_bytes,user_bytes_read,user_bytes_written,pread_calls,pwrite_calls,operation_elapsed_s,sync_elapsed_s,total_elapsed_s,operation_plus_sync_elapsed_s,cpu_elapsed_s,effective_input_GBps,effective_output_GBps,logical_output_bytes,allocated_output_bytes_before_gate,allocated_output_bytes_after_gate,peak_rss_bytes,configured_buffer_bytes,fadvise_rc,intermediate_fadvise_rc,proc_rchar,proc_wchar,proc_read_bytes,proc_write_bytes,proc_cancelled_write_bytes,device_sectors_read,device_sectors_written,device_read_bytes,device_write_bytes,scenario,product_state,repetition,study,product_seed,config_id,planned_order,actual_order,timestamp,filesystem,storage_environment_class,device,direct_io_supported,sync_mode,binary_sha256,sample_max_abs_error,sample_count,alpha_real,alpha_imag,beta_real,beta_imag,force_materialization_control,load_average_before,available_memory_before,guest_free_bytes,host_free_bytes
PASS,direct,NAIVE_PRODUCT,cx_product_target,24,25,268435456,536870912,16777216,16777216,3,805306368,1073741824,805306368,1073741824,48,64,1.016977686987957,0.008921510016079992,1.025899197004037,1.025899197004037,0.16313,0.26165870563493937,0.5233174112698787,536870912,536875008,536875008,138117120,67108864,0,0,805306623,1073741824,805326848,1073741824,0,1572904,2097336,805326848,1073836032,product,plus,0,main,20273316,88334bf8686d9a6bc39a,0,0,2026-09-15T17:12:33.487293+00:00,ext4,wsl2_ext4_vhdx,sdd,True,fdatasync,a43645bbfc2d8d18f8815964ef61f079604f153fbc1aab7fd962d016266f1584,0.0,32,0.7071067811865475,0.0,0.7071067811865475,0.0,True,"[0.439453125, 0.306640625, 0.1171875]",14466437120,814495969280,46013980672
PASS,direct,PRODUCT_FUSED,cx_product_target,24,25,268435456,536870912,16777216,16777216,3,268435456,536870912,268435456,536870912,16,32,0.4545247779751662,0.0064290470036212355,0.46095382497878745,0.46095382497878745,0.081369,0.5823478219588547,1.1646956439177094,536870912,0,536875008,138117120,67108864,0,0,268435711,536870912,268451840,536870912,0,524320,1048768,268451840,536969216,product,plus,0,main,20273316,e254fd1e2c2968c3d104,1,1,2026-09-15T17:12:36.061122+00:00,ext4,wsl2_ext4_vhdx,sdd,True,fdatasync,a43645bbfc2d8d18f8815964ef61f079604f153fbc1aab7fd962d016266f1584,0.0,32,0.7071067811865475,0.0,0.7071067811865475,0.0,True,"[0.484375, 0.318359375, 0.1220703125]",14480031744,814495956992,45477109760
PASS,direct,NAIVE_PRODUCT,cx_product_target,24,25,268435456,536870912,16777216,16777216,3,805306368,1073741824,805306368,1073741824,48,64,1.0508096739649773,0.012205683015054092,1.0630153569800314,1.0630153569800314,0.146358,0.2525226510015909,0.5050453020031818,536870912,536875008,536875008,138117120,67108864,0,0,805306623,1073741824,805322752,1073741824,0,1572896,2097352,805322752,1073844224,product,plus,1,main,20273317,c4d602dea7dd520c2eef,2,2,2026-09-15T17:12:38.117959+00:00,ext4,wsl2_ext4_vhdx,sdd,True,fdatasync,a43645bbfc2d8d18f8815964ef61f079604f153fbc1aab7fd962d016266f1584,0.0,32,0.7071067811865475,0.0,0.7071067811865475,0.0,True,"[0.484375, 0.318359375, 0.1220703125]",14439870464,814495948800,44940238848
PASS,direct,PRODUCT_FUSED,cx_product_target,24,25,268435456,536870912,16777216,16777216,3,268435456,536870912,268435456,536870912,16,32,0.5202303539845161,0.03540545201394707,0.5556358059984632,0.5556358059984632,0.101301,0.4831140345925483,0.9662280691850966,536870912,0,536875008,138117120,67108864,0,0,268435711,536870912,268451840,536870912,0,524320,1048776,268451840,536973312,product,plus,1,main,20273317,4c2ce383b8217f4f2c22,3,3,2026-09-15T17:12:41.928027+00:00,ext4,wsl2_ext4_vhdx,sdd,True,fdatasync,a43645bbfc2d8d18f8815964ef61f079604f153fbc1aab7fd962d016266f1584,0.0,32,0.7071067811865475,0.0,0.7071067811865475,0.0,True,"[0.52587890625, 0.330078125, 0.126953125]",14399049728,814495944704,44940238848
PASS,direct,PRODUCT_FUSED,cx_product_target,24,25,268435456,536870912,16777216,16777216,3,268435456,536870912,268435456,536870912,16,32,0.4628956849919632,0.008757390023674816,0.471653075015638,0.471653075015638,0.07764599999999999,0.5691375085195826,1.1382750170391651,536870912,0,536875008,138117120,67108864,0,0,268435711,536870912,268451840,536870912,0,524320,1048800,268451840,536985600,product,plus,2,main,20273318,d64e9d0601792c56f621,4,4,2026-09-15T17:12:44.185749+00:00,ext4,wsl2_ext4_vhdx,sdd,True,fdatasync,a43645bbfc2d8d18f8815964ef61f079604f153fbc1aab7fd962d016266f1584,0.0,32,0.7071067811865475,0.0,0.7071067811865475,0.0,True,"[0.4833984375, 0.32421875, 0.1259765625]",14430380032,814495936512,44940238848
PASS,direct,NAIVE_PRODUCT,cx_product_target,24,25,268435456,536870912,16777216,16777216,3,805306368,1073741824,805306368,1073741824,48,64,1.0163129729917273,0.011453963001258671,1.027766935992986,1.027766935992986,0.148223,0.26118319883549157,0.5223663976709831,536870912,536875008,536875008,138117120,67108864,0,0,805306623,1073741824,805322752,1073741824,0,1572896,2097344,805322752,1073840128,product,plus,2,main,20273318,36907692ea96db41bace,5,5,2026-09-15T17:12:46.685655+00:00,ext4,wsl2_ext4_vhdx,sdd,True,fdatasync,a43645bbfc2d8d18f8815964ef61f079604f153fbc1aab7fd962d016266f1584,0.0,32,0.7071067811865475,0.0,0.7071067811865475,0.0,True,"[0.4833984375, 0.32421875, 0.1259765625]",14398652416,814495928320,44940238848
PASS,direct,PRODUCT_FUSED,cx_product_target,24,25,268435456,536870912,16777216,16777216,3,268435456,536870912,268435456,536870912,16,32,0.5726419739949051,0.009051817003637552,0.5816937909985427,0.5816937909985427,0.098385,0.46147210122219184,0.9229442024443837,536870912,0,536875008,138117120,67108864,0,0,268435711,536870912,268451840,536870912,0,524320,1048768,268451840,536969216,product,plus,3,main,20273319,7f3b99a15f6028dc0e20,6,6,2026-09-15T17:12:49.279524+00:00,ext4,wsl2_ext4_vhdx,sdd,True,fdatasync,a43645bbfc2d8d18f8815964ef61f079604f153fbc1aab7fd962d016266f1584,0.0,32,0.7071067811865475,0.0,0.7071067811865475,0.0,True,"[0.4443359375, 0.318359375, 0.125]",14417932288,814495920128,44940238848
PASS,direct,NAIVE_PRODUCT,cx_product_target,24,25,268435456,536870912,16777216,16777216,3,805306368,1073741824,805306368,1073741824,48,64,1.137025476025883,0.010193788999458775,1.1472192650253419,1.1472192650253419,0.172614,0.23398792557242343,0.46797585114484685,536870912,536875008,536875008,138117120,67108864,0,0,805306623,1073741824,805322752,1073741824,0,1572896,2097408,805322752,1073872896,product,plus,3,main,20273319,85a316b97de65cc4654a,7,7,2026-09-15T17:12:51.475659+00:00,ext4,wsl2_ext4_vhdx,sdd,True,fdatasync,a43645bbfc2d8d18f8815964ef61f079604f153fbc1aab7fd962d016266f1584,0.0,32,0.7071067811865475,0.0,0.7071067811865475,0.0,True,"[0.4443359375, 0.318359375, 0.125]",14443917312,814495916032,44940238848
PASS,direct,NAIVE_PRODUCT,cx_product_target,24,25,268435456,536870912,16777216,16777216,3,805306368,1073741824,805306368,1073741824,48,64,1.1336851969826967,0.010332673002267256,1.144017869984964,1.144017869984964,0.180558,0.23464271235861736,0.4692854247172347,536870912,536875008,536875008,138117120,67108864,0,0,805306623,1073741824,805322752,1073741824,0,1573064,2097392,805408768,1073864704,product,plus,4,main,20273320,22d0335d2ba9221de0df,8,8,2026-09-15T17:12:54.281942+00:00,ext4,wsl2_ext4_vhdx,sdd,True,fdatasync,a43645bbfc2d8d18f8815964ef61f079604f153fbc1aab7fd962d016266f1584,0.0,32,0.7071067811865475,0.0,0.7071067811865475,0.0,True,"[0.40869140625, 0.31298828125, 0.1240234375]",14451978240,814495907840,44940238848
PASS,direct,PRODUCT_FUSED,cx_product_target,24,25,268435456,536870912,16777216,16777216,3,268435456,536870912,268435456,536870912,16,32,0.6194782909878995,0.008668627007864416,0.6281469179957639,0.6281469179957639,0.10446299999999997,0.4273450180357492,0.8546900360714984,536870912,0,536875008,138117120,67108864,0,0,268435711,536870912,268451840,536870912,0,524336,1048832,268460032,537001984,product,plus,4,main,20273320,51e0e4f32bd114f0b60e,9,9,2026-09-15T17:12:57.280699+00:00,ext4,wsl2_ext4_vhdx,sdd,True,fdatasync,a43645bbfc2d8d18f8815964ef61f079604f153fbc1aab7fd962d016266f1584,0.0,32,0.7071067811865475,0.0,0.7071067811865475,0.0,True,"[0.40869140625, 0.31298828125, 0.1240234375]",14455422976,814495801344,44940238848
PASS,direct,NAIVE_PRODUCT,cx_product_control,24,25,268435456,536870912,16777216,16777216,3,805306368,1073741824,805306368,1073741824,48,64,1.174616110016359,0.011199669010238722,1.1858157790265977,1.1858157790265977,0.177139,0.22637197172426818,0.45274394344853636,536870912,536875008,536875008,138117120,67108864,0,0,805306623,1073741824,805322752,1073741824,0,1572928,2097344,805339136,1073840128,product,random_seeded,0,main,20263316,789887b9a628ce9e2842,10,10,2026-09-15T17:12:59.513122+00:00,ext4,wsl2_ext4_vhdx,sdd,True,fdatasync,a43645bbfc2d8d18f8815964ef61f079604f153fbc1aab7fd962d016266f1584,0.0,32,-0.6314588286316843,-0.03588141848558092,-0.5643208880900783,0.5305791239916899,False,"[0.37548828125, 0.3076171875, 0.123046875]",14407942144,814495723520,44940238848
PASS,direct,PRODUCT_FUSED,cx_product_control,24,25,268435456,536870912,16777216,16777216,3,268435456,536870912,268435456,536870912,16,32,0.5149437340151053,0.0692579049791675,0.5842016389942728,0.5842016389942728,0.07700599999999999,0.4594911038971453,0.9189822077942906,536870912,0,536875008,138117120,67108864,0,0,268435711,536870912,268451840,536870912,0,526528,1048824,269582336,536997888,product,random_seeded,0,main,20263316,047af007ce52f134ff5c,11,11,2026-09-15T17:13:02.351360+00:00,ext4,wsl2_ext4_vhdx,sdd,True,fdatasync,a43645bbfc2d8d18f8815964ef61f079604f153fbc1aab7fd962d016266f1584,0.0,32,-0.6314588286316843,-0.03588141848558092,-0.5643208880900783,0.5305791239916899,False,"[0.37548828125, 0.3076171875, 0.123046875]",14403944448,814495461376,44940238848
PASS,direct,NAIVE_PRODUCT,cx_product_control,24,25,268435456,536870912,16777216,16777216,3,805306368,1073741824,805306368,1073741824,48,64,1.115693428000668,0.011289262998616323,1.1269826909992844,1.1269826909992844,0.1879,0.23818951093382007,0.47637902186764014,536870912,536875008,536875008,138117120,67108864,0,0,805306623,1073741824,805322752,1073741824,0,1572896,2097344,805322752,1073840128,product,random_seeded,1,main,20263317,8c7c584aa659757d9402,12,12,2026-09-15T17:13:04.692988+00:00,ext4,wsl2_ext4_vhdx,sdd,True,fdatasync,a43645bbfc2d8d18f8815964ef61f079604f153fbc1aab7fd962d016266f1584,0.0,32,0.2351080860846634,-0.12771719159078607,0.6289053961335161,-0.7299934996586708,False,"[0.34521484375, 0.30224609375, 0.1220703125]",14418280448,814495453184,44940238848
PASS,direct,PRODUCT_FUSED,cx_product_control,24,25,268435456,536870912,16777216,16777216,3,268435456,536870912,268435456,536870912,16,32,0.621063388971379,0.007803181011695415,0.6288665699830744,0.6288665699830744,0.08066799999999999,0.4268559799692084,0.8537119599384168,536870912,0,536875008,138117120,67108864,0,0,268435711,536870912,268451840,536870912,0,524320,1048776,268451840,536973312,product,random_seeded,1,main,20263317,9efdaff0a0b3181ff67d,13,13,2026-09-15T17:13:07.525827+00:00,ext4,wsl2_ext4_vhdx,sdd,True,fdatasync,a43645bbfc2d8d18f8815964ef61f079604f153fbc1aab7fd962d016266f1584,0.0,32,0.2351080860846634,-0.12771719159078607,0.6289053961335161,-0.7299934996586708,False,"[0.34521484375, 0.30224609375, 0.1220703125]",14450380800,814495449088,44940238848
PASS,direct,PRODUCT_FUSED,cx_product_control,24,25,268435456,536870912,16777216,16777216,3,268435456,536870912,268435456,536870912,16,32,0.6180140319920611,0.00984760801657103,0.6278616400086321,0.6278616400086321,0.08323699999999998,0.4275391884051229,0.8550783768102458,536870912,0,536875008,138117120,67108864,0,0,268435711,536870912,268451840,536870912,0,524320,1048776,268451840,536973312,product,random_seeded,2,main,20263318,5cc411962c7137fa7f15,14,14,2026-09-15T17:13:10.304601+00:00,ext4,wsl2_ext4_vhdx,sdd,True,fdatasync,a43645bbfc2d8d18f8815964ef61f079604f153fbc1aab7fd962d016266f1584,0.0,32,0.34874571202915183,-0.0015935691233924672,0.6780977911226164,-0.646960025467847,False,"[0.3173828125, 0.296875, 0.12109375]",14465105920,814495440896,44940238848
PASS,direct,NAIVE_PRODUCT,cx_product_control,24,25,268435456,536870912,16777216,16777216,3,805306368,1073741824,805306368,1073741824,48,64,1.3086437480524182,0.011880670965183526,1.3205244190176018,1.3205244190176018,0.215104,0.2032794336356925,0.406558867271385,536870912,536875008,536875008,138117120,67108864,0,0,805306623,1073741824,805322752,1073741824,0,1572896,2097368,805322752,1073852416,product,random_seeded,2,main,20263318,f5c039df4be52f03cdd4,15,15,2026-09-15T17:13:13.195522+00:00,ext4,wsl2_ext4_vhdx,sdd,True,fdatasync,a43645bbfc2d8d18f8815964ef61f079604f153fbc1aab7fd962d016266f1584,0.0,32,0.34874571202915183,-0.0015935691233924672,0.6780977911226164,-0.646960025467847,False,"[0.3173828125, 0.296875, 0.12109375]",14489456640,814495436800,44940238848
PASS,direct,NAIVE_PRODUCT,cx_product_control,24,25,268435456,536870912,16777216,16777216,3,805306368,1073741824,805306368,1073741824,48,64,1.143366309988778,0.012309925019508228,1.1556762350082863,1.1556762350082863,0.163624,0.23227565633732644,0.4645513126746529,536870912,536875008,536875008,138117120,67108864,0,0,805306623,1073741824,805322752,1073741824,0,1572896,2097368,805322752,1073852416,product,random_seeded,3,main,20263319,f986684f2ecdff847e3a,16,16,2026-09-15T17:13:16.618471+00:00,ext4,wsl2_ext4_vhdx,sdd,True,fdatasync,a43645bbfc2d8d18f8815964ef61f079604f153fbc1aab7fd962d016266f1584,0.0,32,0.6061392406253414,-0.4606720918430292,0.6368112285767792,0.12185197548515572,False,"[0.6123046875, 0.3583984375, 0.14208984375]",14443991040,814495424512,44940238848
PASS,direct,PRODUCT_FUSED,cx_product_control,24,25,268435456,536870912,16777216,16777216,3,268435456,536870912,268435456,536870912,16,32,0.5202639759809244,0.010135001008166,0.5303989769890904,0.5303989769890904,0.082037,0.5061010063100505,1.012202012620101,536870912,0,536875008,138117120,67108864,0,0,268435711,536870912,268451840,536870912,0,524320,1048808,268451840,536989696,product,random_seeded,3,main,20263319,7f3f456efe83a1243d13,17,17,2026-09-15T17:13:19.482799+00:00,ext4,wsl2_ext4_vhdx,sdd,True,fdatasync,a43645bbfc2d8d18f8815964ef61f079604f153fbc1aab7fd962d016266f1584,0.0,32,0.6061392406253414,-0.4606720918430292,0.6368112285767792,0.12185197548515572,False,"[0.56298828125, 0.35205078125, 0.14111328125]",14408364032,814495420416,44940238848
PASS,direct,PRODUCT_FUSED,cx_product_control,24,25,268435456,536870912,16777216,16777216,3,268435456,536870912,268435456,536870912,16,32,0.5133613130019512,0.008909313997719437,0.5222706269996706,0.5222706269996706,0.083499,0.5139777006838435,1.027955401367687,536870912,0,536875008,138117120,67108864,0,0,268435711,536870912,268451840,536870912,0,524320,1048800,268451840,536985600,product,random_seeded,4,main,20263320,bbc89d7c452fba8d4d64,18,18,2026-09-15T17:13:21.712914+00:00,ext4,wsl2_ext4_vhdx,sdd,True,fdatasync,a43645bbfc2d8d18f8815964ef61f079604f153fbc1aab7fd962d016266f1584,0.0,32,0.07311272099478196,-0.38720143688581005,-0.2074394731975064,0.895376145685066,False,"[0.56298828125, 0.35205078125, 0.14111328125]",14366691328,814495412224,44940234752
PASS,direct,NAIVE_PRODUCT,cx_product_control,24,25,268435456,536870912,16777216,16777216,3,805306368,1073741824,805306368,1073741824,48,64,1.1280755520274397,0.011626990977674723,1.1397025430051144,1.1397025430051144,0.17226,0.23553115472762037,0.47106230945524075,536870912,536875008,536875008,138117120,67108864,0,0,805306623,1073741824,805322752,1073741824,0,1572896,2097344,805322752,1073840128,product,random_seeded,4,main,20263320,849123e0e23e57eaf0bb,19,19,2026-09-15T17:13:23.868794+00:00,ext4,wsl2_ext4_vhdx,sdd,True,fdatasync,a43645bbfc2d8d18f8815964ef61f079604f153fbc1aab7fd962d016266f1584,0.0,32,0.07311272099478196,-0.38720143688581005,-0.2074394731975064,0.895376145685066,False,"[0.56298828125, 0.35205078125, 0.14111328125]",14321930240,814495408128,44940234752
PASS,direct,PRODUCT_FUSED,cx_product_target,24,25,268435456,536870912,16777216,16777216,3,268435456,536870912,268435456,536870912,16,32,0.5418726099887863,0.008549791004043072,0.5504224009928294,0.5504224009928294,0.08474299999999999,0.48768991871662043,0.9753798374332409,536870912,0,536875008,138117120,67108864,0,0,268435711,536870912,268451840,536870912,0,524432,1052696,268509184,538980352,product,random_seeded,0,main,20273316,26e65f36138f9f66a4e2,20,20,2026-09-15T17:13:26.670138+00:00,ext4,wsl2_ext4_vhdx,sdd,True,fdatasync,a43645bbfc2d8d18f8815964ef61f079604f153fbc1aab7fd962d016266f1584,0.0,32,0.07122580941164708,-0.6109045626576343,-0.3183020146122054,0.72139193708521,False,"[0.517578125, 0.34619140625, 0.14013671875]",14383501312,814495281152,44940234752
PASS,direct,NAIVE_PRODUCT,cx_product_target,24,25,268435456,536870912,16777216,16777216,3,805306368,1073741824,805306368,1073741824,48,64,1.129965217987774,0.010983190994011238,1.1409484089817852,1.1409484089817852,0.159823,0.23527396496355119,0.47054792992710237,536870912,536875008,536875008,138117120,67108864,0,0,805306623,1073741824,805322752,1073741824,0,1572896,2097344,805322752,1073840128,product,random_seeded,0,main,20273316,f843de996afd12e31074,21,21,2026-09-15T17:13:28.831760+00:00,ext4,wsl2_ext4_vhdx,sdd,True,fdatasync,a43645bbfc2d8d18f8815964ef61f079604f153fbc1aab7fd962d016266f1584,0.0,32,0.07122580941164708,-0.6109045626576343,-0.3183020146122054,0.72139193708521,False,"[0.517578125, 0.34619140625, 0.14013671875]",14390616064,814495272960,44940234752
PASS,direct,PRODUCT_FUSED,cx_product_target,24,25,268435456,536870912,16777216,16777216,3,268435456,536870912,268435456,536870912,16,32,0.5035079009830952,0.00895427301293239,0.5124621739960276,0.5124621739960276,0.076499,0.5238151606523856,1.0476303213047713,536870912,0,536875008,138117120,67108864,0,0,268435711,536870912,268455936,536870912,0,524328,1048752,268455936,536961024,product,random_seeded,1,main,20273317,aa461c6a02f5e03ee4db,22,22,2026-09-15T17:13:31.801981+00:00,ext4,wsl2_ext4_vhdx,sdd,True,fdatasync,a43645bbfc2d8d18f8815964ef61f079604f153fbc1aab7fd962d016266f1584,0.0,32,0.3282812115177174,0.39486341149825394,-0.5077616528040125,0.6917314770676246,False,"[0.556640625, 0.357421875, 0.14501953125]",14371057664,814495264768,44940234752
PASS,direct,NAIVE_PRODUCT,cx_product_target,24,25,268435456,536870912,16777216,16777216,3,805306368,1073741824,805306368,1073741824,48,64,1.2270913020183798,0.012374969985103235,1.239466272003483,1.239466272003483,0.166899,0.21657342524222042,0.43314685048444085,536870912,536875008,536875008,138117120,67108864,0,0,805306623,1073741824,805322752,1073741824,0,1572896,2097360,805322752,1073848320,product,random_seeded,1,main,20273317,d09f084cf173a85b08c5,23,23,2026-09-15T17:13:34.116928+00:00,ext4,wsl2_ext4_vhdx,sdd,True,fdatasync,a43645bbfc2d8d18f8815964ef61f079604f153fbc1aab7fd962d016266f1584,0.0,32,0.3282812115177174,0.39486341149825394,-0.5077616528040125,0.6917314770676246,False,"[0.51171875, 0.35107421875, 0.14404296875]",14386933760,814495260672,44940234752
PASS,direct,NAIVE_PRODUCT,cx_product_target,24,25,268435456,536870912,16777216,16777216,3,805306368,1073741824,805306368,1073741824,48,64,1.2092597269802354,0.009952087013516575,1.219211813993752,1.219211813993752,0.17847799999999997,0.22017130487006226,0.4403426097401245,536870912,536875008,536875008,138117120,67108864,0,0,805306623,1073741824,805322752,1073741824,0,1572896,2097992,805322752,1074171904,product,random_seeded,2,main,20273318,06ce428fb68a9791667b,24,24,2026-09-15T17:13:37.005242+00:00,ext4,wsl2_ext4_vhdx,sdd,True,fdatasync,a43645bbfc2d8d18f8815964ef61f079604f153fbc1aab7fd962d016266f1584,0.0,32,0.42150758799905125,-0.8172158347395009,-0.08265015514522442,0.3842636914473096,False,"[0.51171875, 0.35107421875, 0.14404296875]",14435291136,814495252480,44940234752
PASS,direct,PRODUCT_FUSED,cx_product_target,24,25,268435456,536870912,16777216,16777216,3,268435456,536870912,268435456,536870912,16,32,0.522781766980188,0.009002656006487086,0.531784422986675,0.531784422986675,0.08196799999999999,0.5047824727403235,1.009564945480647,536870912,0,536875008,138117120,67108864,0,0,268435711,536870912,268451840,536870912,0,524320,1048768,268451840,536969216,product,random_seeded,2,main,20273318,5fa593045fb07ea0b6c5,25,25,2026-09-15T17:13:39.892619+00:00,ext4,wsl2_ext4_vhdx,sdd,True,fdatasync,a43645bbfc2d8d18f8815964ef61f079604f153fbc1aab7fd962d016266f1584,0.0,32,0.42150758799905125,-0.8172158347395009,-0.08265015514522442,0.3842636914473096,False,"[0.470703125, 0.34521484375, 0.14306640625]",14407032832,814495248384,44940234752
PASS,direct,NAIVE_PRODUCT,cx_product_target,24,25,268435456,536870912,16777216,16777216,3,805306368,1073741824,805306368,1073741824,48,64,1.3099211700027809,0.005993578990455717,1.3159147489932366,1.3159147489932366,0.166602,0.20399152468301704,0.4079830493660341,536870912,536875008,536875008,138117120,67108864,0,0,805306623,1073741824,805322752,1073741824,0,1573056,2097360,805404672,1073848320,product,random_seeded,3,main,20273319,261efe56b2dd44eb0bf2,26,26,2026-09-15T17:13:42.358819+00:00,ext4,wsl2_ext4_vhdx,sdd,True,fdatasync,a43645bbfc2d8d18f8815964ef61f079604f153fbc1aab7fd962d016266f1584,0.0,32,-0.38796093557297284,0.7423026604906341,-0.415928552867542,-0.3542266387602466,False,"[0.470703125, 0.34521484375, 0.14306640625]",14414012416,814495236096,44940234752
PASS,direct,PRODUCT_FUSED,cx_product_target,24,25,268435456,536870912,16777216,16777216,3,268435456,536870912,268435456,536870912,16,32,0.7283141009975225,0.008571607992053032,0.7368857089895755,0.7368857089895755,0.079595,0.3642837046847891,0.7285674093695782,536870912,0,536875008,138117120,67108864,0,0,268435711,536870912,268451840,536870912,0,524320,1048768,268451840,536969216,product,random_seeded,3,main,20273319,121eff69ffb51a239115,27,27,2026-09-15T17:13:45.649230+00:00,ext4,wsl2_ext4_vhdx,sdd,True,fdatasync,a43645bbfc2d8d18f8815964ef61f079604f153fbc1aab7fd962d016266f1584,0.0,32,-0.38796093557297284,0.7423026604906341,-0.415928552867542,-0.3542266387602466,False,"[0.4326171875, 0.33935546875, 0.14208984375]",14426853376,814495232000,44940234752
PASS,direct,NAIVE_PRODUCT,cx_product_target,24,25,268435456,536870912,16777216,16777216,3,805306368,1073741824,805306368,1073741824,48,64,1.2080252270388883,0.011050857981899753,1.219076085020788,1.219076085020788,0.18098000000000003,0.22019581820885492,0.44039163641770984,536870912,536875008,536875008,138117120,67108864,0,0,805306629,1073741824,805322752,1073741824,0,1572896,2097328,805322752,1073831936,product,random_seeded,4,main,20273320,6965fdc438a8f97f3ced,28,28,2026-09-15T17:13:48.323345+00:00,ext4,wsl2_ext4_vhdx,sdd,True,fdatasync,a43645bbfc2d8d18f8815964ef61f079604f153fbc1aab7fd962d016266f1584,0.0,32,0.7768221140632768,0.4113941842899479,0.2788928482396981,0.3866794634259986,False,"[0.4326171875, 0.33935546875, 0.14208984375]",14392786944,814495223808,44940234752
PASS,direct,PRODUCT_FUSED,cx_product_target,24,25,268435456,536870912,16777216,16777216,3,268435456,536870912,268435456,536870912,16,32,0.5875857560022268,0.009126466989982873,0.5967122229922097,0.5967122229922097,0.09222599999999999,0.4498574784574247,0.8997149569148494,536870912,0,536875008,138117120,67108864,0,0,268435711,536870912,268451840,536870912,0,524320,1048768,268451840,536969216,product,random_seeded,4,main,20273320,8a30e986298d8fa71dd1,29,29,2026-09-15T17:13:51.303410+00:00,ext4,wsl2_ext4_vhdx,sdd,True,fdatasync,a43645bbfc2d8d18f8815964ef61f079604f153fbc1aab7fd962d016266f1584,0.0,32,0.7768221140632768,0.4113941842899479,0.2788928482396981,0.3866794634259986,False,"[0.478515625, 0.3505859375, 0.14697265625]",14434455552,814495219712,44940234752
PASS,direct,NAIVE_PRODUCT,cz,24,25,268435456,536870912,16777216,16777216,3,805306368,1073741824,805306368,1073741824,48,64,1.1985372069757432,0.01116808201186359,1.2097052889876068,1.2097052889876068,0.18359299999999998,0.22190153126027218,0.44380306252054436,536870912,536875008,536875008,138117120,67108864,0,0,805306623,1073741824,805322752,1073741824,0,1572896,2097360,805322752,1073848320,product,plus,0,main,20283316,b5aca68f12d0a239fdb0,30,30,2026-09-15T17:13:53.555985+00:00,ext4,wsl2_ext4_vhdx,sdd,True,fdatasync,a43645bbfc2d8d18f8815964ef61f079604f153fbc1aab7fd962d016266f1584,0.0,32,0.7071067811865475,0.0,0.7071067811865475,0.0,False,"[0.478515625, 0.3505859375, 0.14697265625]",14419607552,814495211520,44940234752
PASS,direct,PRODUCT_FUSED,cz,24,25,268435456,536870912,16777216,16777216,3,268435456,536870912,268435456,536870912,16,32,0.6700589749962091,0.007637875009095296,0.6776968500053044,0.6776968500053044,0.080104,0.3960996070704754,0.7921992141409508,536870912,0,536875008,138117120,67108864,0,0,268435711,536870912,268451840,536870912,0,555152,1048784,284237824,536977408,product,plus,0,main,20283316,e9bf8d1a35b71b116052,31,31,2026-09-15T17:13:56.394801+00:00,ext4,wsl2_ext4_vhdx,sdd,True,fdatasync,a43645bbfc2d8d18f8815964ef61f079604f153fbc1aab7fd962d016266f1584,0.0,32,0.7071067811865475,0.0,0.7071067811865475,0.0,False,"[0.5205078125, 0.36181640625, 0.15185546875]",14439587840,814495207424,44940234752
PASS,direct,PRODUCT_FUSED,cz,24,25,268435456,536870912,16777216,16777216,3,268435456,536870912,268435456,536870912,16,32,0.5042709520203061,0.008623615984106436,0.5128945680044126,0.5128945680044126,0.07996,0.5233735600757826,1.0467471201515652,536870912,0,536875008,138117120,67108864,0,0,268435711,536870912,268451840,536870912,0,524320,1048800,268451840,536985600,product,plus,1,main,20283317,9d44a4265983eb74bb61,32,32,2026-09-15T17:13:58.748323+00:00,ext4,wsl2_ext4_vhdx,sdd,True,fdatasync,a43645bbfc2d8d18f8815964ef61f079604f153fbc1aab7fd962d016266f1584,0.0,32,0.7071067811865475,0.0,0.7071067811865475,0.0,False,"[0.5205078125, 0.36181640625, 0.15185546875]",14389137408,814495195136,44940234752
PASS,direct,NAIVE_PRODUCT,cz,24,25,268435456,536870912,16777216,16777216,3,805306368,1073741824,805306368,1073741824,48,64,1.2371647630061489,0.011357256007613614,1.2485220190137625,1.2485220190137625,0.167825,0.2150025805808724,0.4300051611617448,536870912,536875008,536875008,138117120,67108864,0,0,805306623,1073741824,805322752,1073741824,0,1572896,2097480,805322752,1073909760,product,plus,1,main,20283317,49877a70fdae90086e8e,33,33,2026-09-15T17:14:00.966932+00:00,ext4,wsl2_ext4_vhdx,sdd,True,fdatasync,a43645bbfc2d8d18f8815964ef61f079604f153fbc1aab7fd962d016266f1584,0.0,32,0.7071067811865475,0.0,0.7071067811865475,0.0,False,"[0.55908203125, 0.37255859375, 0.15673828125]",14370312192,814495191040,44940234752
PASS,direct,NAIVE_PRODUCT,cz,24,25,268435456,536870912,16777216,16777216,3,805306368,1073741824,805306368,1073741824,48,64,1.1449281460081693,0.013246141985291615,1.158174287993461,1.158174287993461,0.16862299999999997,0.23177466360876042,0.46354932721752085,536870912,536875008,536875008,138117120,67108864,0,0,805306623,1073741824,805322752,1073741824,0,1574392,2097352,806088704,1073844224,product,plus,2,main,20283318,956541a17963c02bcdd3,34,34,2026-09-15T17:14:04.244963+00:00,ext4,wsl2_ext4_vhdx,sdd,True,fdatasync,a43645bbfc2d8d18f8815964ef61f079604f153fbc1aab7fd962d016266f1584,0.0,32,0.7071067811865475,0.0,0.7071067811865475,0.0,False,"[0.51416015625, 0.3662109375, 0.15576171875]",14371889152,814495182848,44940234752
PASS,direct,PRODUCT_FUSED,cz,24,25,268435456,536870912,16777216,16777216,3,268435456,536870912,268435456,536870912,16,32,0.5804857799957972,0.009159534005448222,0.5896453140012454,0.5896453140012454,0.076298,0.4552490278917624,0.9104980557835248,536870912,0,536875008,138117120,67108864,0,0,268435711,536870912,268451840,536870912,0,524336,1048768,268460032,536969216,product,plus,2,main,20283318,9e0fe08e43e15bccd632,35,35,2026-09-15T17:14:06.944530+00:00,ext4,wsl2_ext4_vhdx,sdd,True,fdatasync,a43645bbfc2d8d18f8815964ef61f079604f153fbc1aab7fd962d016266f1584,0.0,32,0.7071067811865475,0.0,0.7071067811865475,0.0,False,"[0.51416015625, 0.3662109375, 0.15576171875]",14349402112,814495178752,44940234752
PASS,direct,NAIVE_PRODUCT,cz,24,25,268435456,536870912,16777216,16777216,3,805306368,1073741824,805306368,1073741824,48,64,1.1508023960050195,0.009906263992888853,1.1607086599979084,1.1607086599979084,0.204425,0.23126859069052152,0.46253718138104305,536870912,536875008,536875008,138117120,67108864,0,0,805306623,1073741824,805322752,1073741824,0,1572896,2097352,805322752,1073844224,product,plus,3,main,20283319,e128613d4f0d23406b48,36,36,2026-09-15T17:14:09.182833+00:00,ext4,wsl2_ext4_vhdx,sdd,True,fdatasync,a43645bbfc2d8d18f8815964ef61f079604f153fbc1aab7fd962d016266f1584,0.0,32,0.7071067811865475,0.0,0.7071067811865475,0.0,False,"[0.47265625, 0.35986328125, 0.15478515625]",14355402752,814495170560,44940234752
PASS,direct,PRODUCT_FUSED,cz,24,25,268435456,536870912,16777216,16777216,3,268435456,536870912,268435456,536870912,16,32,0.6046193359943572,0.00870058301370591,0.6133199190080632,0.6133199190080632,0.089828,0.4376760768411811,0.8753521536823622,536870912,0,536875008,138117120,67108864,0,0,268435711,536870912,268451840,536870912,0,524320,1048792,268451840,536981504,product,plus,3,main,20283319,06f6b97554c50cf77561,37,37,2026-09-15T17:14:12.762136+00:00,ext4,wsl2_ext4_vhdx,sdd,True,fdatasync,a43645bbfc2d8d18f8815964ef61f079604f153fbc1aab7fd962d016266f1584,0.0,32,0.7071067811865475,0.0,0.7071067811865475,0.0,False,"[0.47265625, 0.35986328125, 0.15478515625]",14441984000,814495166464,44940234752
PASS,direct,NAIVE_PRODUCT,cz,24,25,268435456,536870912,16777216,16777216,3,805306368,1073741824,805306368,1073741824,48,64,1.1297792760015,0.011644611979136243,1.1414238879806362,1.1414238879806362,0.168021,0.23517595770218705,0.4703519154043741,536870912,536875008,536875008,138117120,67108864,0,0,805306623,1073741824,805322752,1073741824,0,1572896,2097344,805322752,1073840128,product,plus,4,main,20283320,e54301fb9c0a78a428e6,38,38,2026-09-15T17:14:15.763670+00:00,ext4,wsl2_ext4_vhdx,sdd,True,fdatasync,a43645bbfc2d8d18f8815964ef61f079604f153fbc1aab7fd962d016266f1584,0.0,32,0.7071067811865475,0.0,0.7071067811865475,0.0,False,"[0.4345703125, 0.353515625, 0.15380859375]",14419513344,814495154176,44940234752
PASS,direct,PRODUCT_FUSED,cz,24,25,268435456,536870912,16777216,16777216,3,268435456,536870912,268435456,536870912,16,32,0.5813978839723859,0.007642690005013719,0.5890405739773996,0.5890405739773996,0.08549499999999999,0.455716410479899,0.911432820959798,536870912,0,536875008,138117120,67108864,0,0,268435711,536870912,268451840,536870912,0,524320,1048776,268451840,536973312,product,plus,4,main,20283320,557931be33c129f84ee2,39,39,2026-09-15T17:14:18.751364+00:00,ext4,wsl2_ext4_vhdx,sdd,True,fdatasync,a43645bbfc2d8d18f8815964ef61f079604f153fbc1aab7fd962d016266f1584,0.0,32,0.7071067811865475,0.0,0.7071067811865475,0.0,False,"[0.4345703125, 0.353515625, 0.15380859375]",14455037952,814495150080,44940234752
PASS,direct,PRODUCT_FUSED,cz,24,25,268435456,536870912,16777216,16777216,3,268435456,536870912,268435456,536870912,16,32,0.5138121670170221,0.009376995993079618,0.5231891630101018,0.5231891630101018,0.10428699999999999,0.5130753367588714,1.0261506735177428,536870912,0,536875008,138117120,67108864,0,0,268435711,536870912,268451840,536870912,0,524320,1048768,268451840,536969216,product,random_seeded,0,main,20283316,5d83c3f2abfc27ea2544,40,40,2026-09-15T17:14:21.259289+00:00,ext4,wsl2_ext4_vhdx,sdd,True,fdatasync,a43645bbfc2d8d18f8815964ef61f079604f153fbc1aab7fd962d016266f1584,0.0,32,0.05512892111414975,-0.34202282369055975,0.8329341824442599,0.43151110976131146,False,"[0.47998046875, 0.3642578125, 0.15869140625]",14413262848,814495141888,44940234752
PASS,direct,NAIVE_PRODUCT,cz,24,25,268435456,536870912,16777216,16777216,3,805306368,1073741824,805306368,1073741824,48,64,1.2442709199676756,0.011842367035569623,1.2561132870032452,1.2561132870032452,0.205225,0.21370322149876797,0.42740644299753594,536870912,536875008,536875008,138117120,67108864,0,0,805306623,1073741824,805322752,1073741824,0,1572896,2097352,805322752,1073844224,product,random_seeded,0,main,20283316,345df77c4bdb06e03407,41,41,2026-09-15T17:14:23.609557+00:00,ext4,wsl2_ext4_vhdx,sdd,True,fdatasync,a43645bbfc2d8d18f8815964ef61f079604f153fbc1aab7fd962d016266f1584,0.0,32,0.05512892111414975,-0.34202282369055975,0.8329341824442599,0.43151110976131146,False,"[0.47998046875, 0.3642578125, 0.15869140625]",14438002688,814495137792,44940234752
PASS,direct,PRODUCT_FUSED,cz,24,25,268435456,536870912,16777216,16777216,3,268435456,536870912,268435456,536870912,16,32,0.5684099470090587,0.009131736005656421,0.5775416830147151,0.5775416830147151,0.095936,0.4647897526612994,0.9295795053225988,536870912,0,536875008,138117120,67108864,0,0,268435711,536870912,268451840,536870912,0,524320,1048768,268451840,536969216,product,random_seeded,1,main,20283317,46d00159f6692a4c1210,42,42,2026-09-15T17:14:26.793423+00:00,ext4,wsl2_ext4_vhdx,sdd,True,fdatasync,a43645bbfc2d8d18f8815964ef61f079604f153fbc1aab7fd962d016266f1584,0.0,32,-0.174093192875161,0.701391352955268,-0.6673255801432912,-0.18005082693653635,False,"[0.68212890625, 0.408203125, 0.17431640625]",14407335936,814495129600,44940234752
PASS,direct,NAIVE_PRODUCT,cz,24,25,268435456,536870912,16777216,16777216,3,805306368,1073741824,805306368,1073741824,48,64,7.706379885959905,0.010993010044330731,7.717372896004235,7.717372896004235,0.17883400000000002,0.03478326881664429,0.06956653763328859,536870912,536875008,536875008,138117120,67108864,0,0,805306623,1073741824,805322752,1073741824,0,1572904,2097424,805326848,1073881088,product,random_seeded,1,main,20283317,a5ed79b691c1d5097c61,43,43,2026-09-15T17:14:29.631740+00:00,ext4,wsl2_ext4_vhdx,sdd,True,fdatasync,a43645bbfc2d8d18f8815964ef61f079604f153fbc1aab7fd962d016266f1584,0.0,32,-0.174093192875161,0.701391352955268,-0.6673255801432912,-0.18005082693653635,False,"[0.62744140625, 0.4013671875, 0.17333984375]",14433095680,814495121408,44940234752
PASS,direct,PRODUCT_FUSED,cz,24,25,268435456,536870912,16777216,16777216,3,268435456,536870912,268435456,536870912,16,32,1.2804280009877402,0.008904073009034619,1.2893320739967749,1.2893320739967749,0.108771,0.20819729952725233,0.41639459905450465,536870912,0,536875008,138117120,67108864,0,0,268435711,536870912,268451840,536870912,0,524320,1048776,268451840,536973312,product,random_seeded,2,main,20283318,8a3240c3c78bc08d244b,44,44,2026-09-15T17:14:39.014710+00:00,ext4,wsl2_ext4_vhdx,sdd,True,fdatasync,a43645bbfc2d8d18f8815964ef61f079604f153fbc1aab7fd962d016266f1584,0.0,32,0.14603758442295497,-0.4281728550382215,-0.15495058670341014,0.8782547157998046,False,"[0.60498046875, 0.40478515625, 0.17724609375]",14475321344,814495113216,44940234752
PASS,direct,NAIVE_PRODUCT,cz,24,25,268435456,536870912,16777216,16777216,3,805306368,1073741824,805306368,1073741824,48,64,1.1256112600094639,0.012076818005880341,1.1376880780153442,1.1376880780153442,0.18026299999999998,0.23594820160924598,0.47189640321849197,536870912,536875008,536875008,138117120,67108864,0,0,805306623,1073741824,805322752,1073741824,0,1575944,2097392,806883328,1073864704,product,random_seeded,2,main,20283318,762e378c45027007c421,45,45,2026-09-15T17:14:42.119506+00:00,ext4,wsl2_ext4_vhdx,sdd,True,fdatasync,a43645bbfc2d8d18f8815964ef61f079604f153fbc1aab7fd962d016266f1584,0.0,32,0.14603758442295497,-0.4281728550382215,-0.15495058670341014,0.8782547157998046,False,"[0.60498046875, 0.40478515625, 0.17724609375]",14449704960,814495109120,44940234752
PASS,direct,NAIVE_PRODUCT,cz,24,25,268435456,536870912,16777216,16777216,3,805306368,1073741824,805306368,1073741824,48,64,1.1523564610106405,0.012311503989621997,1.1646679650002625,1.1646679650002625,0.17740799999999998,0.2304823898886405,0.460964779777281,536870912,536875008,536875008,138117120,67108864,0,0,805306623,1073741824,805322752,1073741824,0,1572896,2097360,805322752,1073848320,product,random_seeded,3,main,20283319,90495166373d2dcd69df,46,46,2026-09-15T17:14:45.022909+00:00,ext4,wsl2_ext4_vhdx,sdd,True,fdatasync,a43645bbfc2d8d18f8815964ef61f079604f153fbc1aab7fd962d016266f1584,0.0,32,-0.16883470045100382,-0.02056973598348995,-0.5343403819440088,-0.8279807281024845,False,"[0.55615234375, 0.39794921875, 0.17626953125]",14453137408,814495100928,44940234752
PASS,direct,PRODUCT_FUSED,cz,24,25,268435456,536870912,16777216,16777216,3,268435456,536870912,268435456,536870912,16,32,1.2070483010320459,0.008934083976782858,1.2159823850088287,1.2159823850088287,0.08071499999999998,0.22075603998001253,0.44151207996002506,536870912,0,536875008,138117120,67108864,0,0,268435711,536870912,268451840,536870912,0,524320,1048784,268451840,536977408,product,random_seeded,3,main,20283319,c632c8f8962c07568946,47,47,2026-09-15T17:14:48.025834+00:00,ext4,wsl2_ext4_vhdx,sdd,True,fdatasync,a43645bbfc2d8d18f8815964ef61f079604f153fbc1aab7fd962d016266f1584,0.0,32,-0.16883470045100382,-0.02056973598348995,-0.5343403819440088,-0.8279807281024845,False,"[0.55615234375, 0.39794921875, 0.17626953125]",14435454976,814495096832,44940234752
PASS,direct,NAIVE_PRODUCT,cz,24,25,268435456,536870912,16777216,16777216,3,805306368,1073741824,805306368,1073741824,48,64,3.551165285985917,0.01179368601879105,3.562958972004708,3.562958972004708,0.178514,0.07534059698951967,0.15068119397903934,536870912,536875008,536875008,138117120,67108864,0,0,805306623,1073741824,805322752,1073741824,0,1572896,2097376,805322752,1073856512,product,random_seeded,4,main,20283320,7764b0d000340f9e1bb6,48,48,2026-09-15T17:14:50.978185+00:00,ext4,wsl2_ext4_vhdx,sdd,True,fdatasync,a43645bbfc2d8d18f8815964ef61f079604f153fbc1aab7fd962d016266f1584,0.0,32,-0.5949118225270669,0.7074217251345187,-0.3763972557403613,0.06292481304183811,False,"[0.591796875, 0.408203125, 0.18115234375]",14411358208,814495084544,44940234752
PASS,direct,PRODUCT_FUSED,cz,24,25,268435456,536870912,16777216,16777216,3,268435456,536870912,268435456,536870912,16,32,0.6241678970109206,0.007584537990624085,0.6317524350015447,0.6317524350015447,0.09906100000000001,0.4249060884100014,0.8498121768200028,536870912,0,536875008,138117120,67108864,0,0,268435711,536870912,268451840,536870912,0,524320,1048792,268451840,536981504,product,random_seeded,4,main,20283320,f33ce33dfc4387e127cd,49,49,2026-09-15T17:14:56.123077+00:00,ext4,wsl2_ext4_vhdx,sdd,True,fdatasync,a43645bbfc2d8d18f8815964ef61f079604f153fbc1aab7fd962d016266f1584,0.0,32,-0.5949118225270669,0.7074217251345187,-0.3763972557403613,0.06292481304183811,False,"[0.62451171875, 0.41845703125, 0.18603515625]",14440738816,814495076352,44940234752
PASS,direct,NAIVE_PRODUCT,cx_product_control,24,25,268435456,536870912,16777216,16777216,3,805306368,1073741824,805306368,1073741824,48,64,1.2001687530137133,0.011120131995994598,1.2112888850097079,1.2112888850097079,0.18654600000000002,0.22161142508778872,0.44322285017557744,536870912,536875008,536875008,138117120,67108864,0,0,805306623,1073741824,805322752,1073741824,0,1572896,2097392,805322752,1073864704,product,plus,0,main,20263316,5d60161e1ab0549abe44,50,50,2026-09-15T17:14:58.867404+00:00,ext4,wsl2_ext4_vhdx,sdd,True,fdatasync,a43645bbfc2d8d18f8815964ef61f079604f153fbc1aab7fd962d016266f1584,0.0,32,0.7071067811865475,0.0,0.7071067811865475,0.0,False,"[0.62451171875, 0.41845703125, 0.18603515625]",14477799424,814495072256,44940234752
PASS,direct,PRODUCT_FUSED,cx_product_control,24,25,268435456,536870912,16777216,16777216,3,268435456,536870912,268435456,536870912,16,32,0.5693810060038231,0.010701066988985986,0.5800820729928091,0.5800820729928091,0.08074599999999998,0.4627542696071692,0.9255085392143384,536870912,0,536875008,138117120,67108864,0,0,268435711,536870912,268451840,536870912,0,524664,1048928,268627968,537051136,product,plus,0,main,20263316,ad56abb813c1f4bc47ea,51,51,2026-09-15T17:15:02.294271+00:00,ext4,wsl2_ext4_vhdx,sdd,True,fdatasync,a43645bbfc2d8d18f8815964ef61f079604f153fbc1aab7fd962d016266f1584,0.0,32,0.7071067811865475,0.0,0.7071067811865475,0.0,False,"[0.65478515625, 0.42822265625, 0.1904296875]",14435602432,814495064064,44940234752
PASS,direct,PRODUCT_FUSED,cx_product_control,24,25,268435456,536870912,16777216,16777216,3,268435456,536870912,268435456,536870912,16,32,1.5529210539825726,0.009140628011664376,1.562061681994237,1.562061681994237,0.085704,0.1718468989376249,0.3436937978752498,536870912,0,536875008,138117120,67108864,0,0,268435711,536870912,268439552,536870912,0,524304,1048808,268443648,536989696,product,plus,1,main,20263317,352dcb5875d818e41767,52,52,2026-09-15T17:15:04.590434+00:00,ext4,wsl2_ext4_vhdx,sdd,True,fdatasync,a43645bbfc2d8d18f8815964ef61f079604f153fbc1aab7fd962d016266f1584,0.0,32,0.7071067811865475,0.0,0.7071067811865475,0.0,False,"[0.60205078125, 0.4208984375, 0.18896484375]",14404861952,814495105024,44940234752
PASS,direct,NAIVE_PRODUCT,cx_product_control,24,25,268435456,536870912,16777216,16777216,3,805306368,1073741824,805306368,1073741824,48,64,2.4823538480268326,0.00611231496441178,2.4884661629912443,2.4884661629912443,0.16184999999999997,0.10787185294789338,0.21574370589578676,536870912,536875008,536875008,138117120,67108864,0,0,805306623,1073741824,805306368,1073741824,0,1572864,2097360,805306368,1073848320,product,plus,1,main,20263317,f788dd4e50336f50b57d,53,53,2026-09-15T17:15:07.876309+00:00,ext4,wsl2_ext4_vhdx,sdd,True,fdatasync,a43645bbfc2d8d18f8815964ef61f079604f153fbc1aab7fd962d016266f1584,0.0,32,0.7071067811865475,0.0,0.7071067811865475,0.0,False,"[0.60205078125, 0.4208984375, 0.18896484375]",14406934528,814495096832,44940128256
PASS,direct,NAIVE_PRODUCT,cx_product_control,24,25,268435456,536870912,16777216,16777216,3,805306368,1073741824,805306368,1073741824,48,64,2.297415341978194,0.011147696000989527,2.3085630379791837,2.3085630379791837,0.172786,0.11627815727093023,0.23255631454186046,536870912,536875008,536875008,138117120,67108864,0,0,805306623,1073741824,805306368,1073741824,0,1572864,2098096,805306368,1074225152,product,plus,2,main,20263318,8be58556d610828bfa1b,54,54,2026-09-15T17:15:12.178417+00:00,ext4,wsl2_ext4_vhdx,sdd,True,fdatasync,a43645bbfc2d8d18f8815964ef61f079604f153fbc1aab7fd962d016266f1584,0.0,32,0.7071067811865475,0.0,0.7071067811865475,0.0,False,"[0.63427734375, 0.4306640625, 0.193359375]",14425755648,814495088640,44940128256
PASS,direct,PRODUCT_FUSED,cx_product_control,24,25,268435456,536870912,16777216,16777216,3,268435456,536870912,268435456,536870912,16,32,0.575734180980362,0.008257075009169057,0.583991255989531,0.583991255989531,0.07521399999999999,0.4596566356891003,0.9193132713782006,536870912,0,536875008,138117120,67108864,0,0,268435711,536870912,268435456,536870912,0,524288,1048784,268435456,536977408,product,plus,2,main,20263318,f543f2107b16d015b83d,55,55,2026-09-15T17:15:16.225134+00:00,ext4,wsl2_ext4_vhdx,sdd,True,fdatasync,a43645bbfc2d8d18f8815964ef61f079604f153fbc1aab7fd962d016266f1584,0.0,32,0.7071067811865475,0.0,0.7071067811865475,0.0,False,"[0.66357421875, 0.4404296875, 0.19775390625]",14424907776,814495080448,44940128256
PASS,direct,PRODUCT_FUSED,cx_product_control,24,25,268435456,536870912,16777216,16777216,3,268435456,536870912,268435456,536870912,16,32,0.5592289259948302,0.008862048998707905,0.5680909749935381,0.5680909749935381,0.075596,0.47252195126503005,0.9450439025300601,536870912,0,536875008,138117120,67108864,0,0,268435711,536870912,268435456,536870912,0,524288,1048808,268435456,536989696,product,plus,3,main,20263319,19b0c0cff12a1c5c9ac2,56,56,2026-09-15T17:15:18.497616+00:00,ext4,wsl2_ext4_vhdx,sdd,True,fdatasync,a43645bbfc2d8d18f8815964ef61f079604f153fbc1aab7fd962d016266f1584,0.0,32,0.7071067811865475,0.0,0.7071067811865475,0.0,False,"[0.66357421875, 0.4404296875, 0.19775390625]",14390566912,814495076352,44940128256
PASS,direct,NAIVE_PRODUCT,cx_product_control,24,25,268435456,536870912,16777216,16777216,3,805306368,1073741824,805306368,1073741824,48,64,2.947213126026327,0.01199805797659792,2.9592111840029247,2.9592111840029247,0.17966500000000002,0.09071182802063062,0.18142365604126123,536870912,536875008,536875008,138117120,67108864,0,0,805306623,1073741824,805306368,1073741824,0,1572864,2097368,805306368,1073852416,product,plus,3,main,20263319,0d2db730a90f3296a712,57,57,2026-09-15T17:15:20.749651+00:00,ext4,wsl2_ext4_vhdx,sdd,True,fdatasync,a43645bbfc2d8d18f8815964ef61f079604f153fbc1aab7fd962d016266f1584,0.0,32,0.7071067811865475,0.0,0.7071067811865475,0.0,False,"[0.69091796875, 0.4501953125, 0.2021484375]",14376665088,814495064064,44940128256
PASS,direct,NAIVE_PRODUCT,cx_product_control,24,25,268435456,536870912,16777216,16777216,3,805306368,1073741824,805306368,1073741824,48,64,1.1271569349919446,0.0124462709936779,1.1396032059856225,1.1396032059856225,0.16456400000000002,0.23555168552534472,0.47110337105068945,536870912,536875008,536875008,138117120,67108864,0,0,805306623,1073741824,805306368,1073741824,0,1572864,2097368,805306368,1073852416,product,plus,4,main,20263320,5d65725fecd5da20edf4,58,58,2026-09-15T17:15:25.419150+00:00,ext4,wsl2_ext4_vhdx,sdd,True,fdatasync,a43645bbfc2d8d18f8815964ef61f079604f153fbc1aab7fd962d016266f1584,0.0,32,0.7071067811865475,0.0,0.7071067811865475,0.0,False,"[0.63525390625, 0.4423828125, 0.20068359375]",14402105344,814495059968,44940128256
PASS,direct,PRODUCT_FUSED,cx_product_control,24,25,268435456,536870912,16777216,16777216,3,268435456,536870912,268435456,536870912,16,32,0.5543530439899769,0.008985053020296618,0.5633380970102735,0.5633380970102735,0.07671,0.4765086143199447,0.9530172286398894,536870912,0,536875008,138117120,67108864,0,0,268435711,536870912,268435456,536870912,0,524288,1048792,268435456,536981504,product,plus,4,main,20263320,61c6fea81ba1c1e0c5cc,59,59,2026-09-15T17:15:28.423942+00:00,ext4,wsl2_ext4_vhdx,sdd,True,fdatasync,a43645bbfc2d8d18f8815964ef61f079604f153fbc1aab7fd962d016266f1584,0.0,32,0.7071067811865475,0.0,0.7071067811865475,0.0,False,"[0.63525390625, 0.4423828125, 0.20068359375]",14400581632,814495051776,44940128256
PASS,direct,NAIVE_BASIS,cx_product_target,24,25,268435456,536870912,16777216,16777216,3,805306368,1073741824,805306368,1073741824,48,64,4.097396753000794,0.014041162008652464,4.111437915009446,4.111437915009446,0.17560299999999998,0.0652899208376793,0.1305798416753586,536870912,536875008,536875008,138117120,67108864,0,0,805306623,1073741824,805306368,1073741824,0,1572864,2097424,805306368,1073881088,basis,basis0,0,basis,20273316,e83ce8d4c674fcbfb1cc,60,60,2026-09-15T17:15:30.855878+00:00,ext4,wsl2_ext4_vhdx,sdd,True,fdatasync,a43645bbfc2d8d18f8815964ef61f079604f153fbc1aab7fd962d016266f1584,0.0,32,1.0,0.0,0.0,0.0,False,"[0.66455078125, 0.45166015625, 0.205078125]",14387646464,814495043584,44940128256
PASS,direct,THIN_BASIS,cx_product_target,24,25,268435456,536870912,16777216,16777216,3,805306368,805306368,805306368,805306368,48,48,1.0865022839861922,0.015457408007932827,1.101959691994125,1.101959691994125,0.18617599999999998,0.2435982531395814,0.4871965062791628,536870912,268435456,536870912,138117120,67108864,0,0,805306623,805306368,536879104,805306368,0,1048592,1573152,536879104,805453824,basis,basis0,0,basis,20273316,9e437a45ceb7d942ecb5,61,61,2026-09-15T17:15:36.572181+00:00,ext4,wsl2_ext4_vhdx,sdd,True,fdatasync,a43645bbfc2d8d18f8815964ef61f079604f153fbc1aab7fd962d016266f1584,0.0,32,1.0,0.0,0.0,0.0,False,"[0.69189453125, 0.4609375, 0.20947265625]",14486499328,814495035392,44940124160
PASS,direct,FUSED_BASIS,cx_product_target,24,25,268435456,536870912,16777216,16777216,3,268435456,536870912,268435456,536870912,16,32,0.5449401410296559,0.00898078698082827,0.5539209280104842,0.5539209280104842,0.10099899999999999,0.4846097022622681,0.9692194045245363,536870912,0,536875008,138117120,67108864,0,0,268435711,536870912,268435456,536870912,0,524288,1048776,268435456,536973312,basis,basis0,0,basis,20273316,9f8d58dd3414761027f5,62,62,2026-09-15T17:15:39.271859+00:00,ext4,wsl2_ext4_vhdx,sdd,True,fdatasync,a43645bbfc2d8d18f8815964ef61f079604f153fbc1aab7fd962d016266f1584,0.0,32,1.0,0.0,0.0,0.0,False,"[0.63623046875, 0.453125, 0.2080078125]",14438502400,814495031296,44940124160
PASS,direct,NAIVE_BASIS,cx_product_target,24,25,268435456,536870912,16777216,16777216,3,805306368,1073741824,805306368,1073741824,48,64,1.1309813849802595,0.012129429000196978,1.1431108139804564,1.1431108139804564,0.16834599999999997,0.23482890085281738,0.46965780170563476,536870912,536875008,536875008,138117120,67108864,0,0,805306623,1073741824,805306368,1073741824,0,1572864,2097360,805306368,1073848320,basis,basis0,1,basis,20273317,9e544589306043bf76f1,63,63,2026-09-15T17:15:41.380421+00:00,ext4,wsl2_ext4_vhdx,sdd,True,fdatasync,a43645bbfc2d8d18f8815964ef61f079604f153fbc1aab7fd962d016266f1584,0.0,32,1.0,0.0,0.0,0.0,False,"[0.63623046875, 0.453125, 0.2080078125]",14401286144,814495023104,44940124160
PASS,direct,THIN_BASIS,cx_product_target,24,25,268435456,536870912,16777216,16777216,3,805306368,805306368,805306368,805306368,48,48,1.2376754680008162,0.018635221989825368,1.2563106899906415,1.2563106899906415,0.17672199999999996,0.21366964250061393,0.42733928500122786,536870912,268435456,536870912,138117120,67108864,0,0,805306623,805306368,536870912,805306368,0,1048576,1573224,536870912,805490688,basis,basis0,1,basis,20273317,f9d749756216eb9cf943,64,64,2026-09-15T17:15:44.002234+00:00,ext4,wsl2_ext4_vhdx,sdd,True,fdatasync,a43645bbfc2d8d18f8815964ef61f079604f153fbc1aab7fd962d016266f1584,0.0,32,1.0,0.0,0.0,0.0,False,"[0.5849609375, 0.4453125, 0.20654296875]",14432976896,814495019008,44940124160
PASS,direct,FUSED_BASIS,cx_product_target,24,25,268435456,536870912,16777216,16777216,3,268435456,536870912,268435456,536870912,16,32,1.2777294940024149,0.008768819010583684,1.2864983130129986,1.2864983130129986,0.07571499999999999,0.20865589428665482,0.41731178857330964,536870912,0,536875008,138117120,67108864,0,0,268435711,536870912,268435456,536870912,0,524288,1048856,268435456,537014272,basis,basis0,1,basis,20273317,02e3098499458e0b65ba,65,65,2026-09-15T17:15:46.980319+00:00,ext4,wsl2_ext4_vhdx,sdd,True,fdatasync,a43645bbfc2d8d18f8815964ef61f079604f153fbc1aab7fd962d016266f1584,0.0,32,1.0,0.0,0.0,0.0,False,"[0.5849609375, 0.4453125, 0.20654296875]",14432497664,814495006720,44940124160
PASS,direct,FUSED_BASIS,cx_product_target,24,25,268435456,536870912,16777216,16777216,3,268435456,536870912,268435456,536870912,16,32,0.5965631270082667,0.008611912984633818,0.6051750399929006,0.6051750399929006,0.08423900000000001,0.4435666348750092,0.8871332697500184,536870912,0,536875008,138117120,67108864,0,0,268435711,536870912,268435456,536870912,0,524288,1048816,268435456,536993792,basis,basis0,2,basis,20273318,1ad9975929f21f39134f,66,66,2026-09-15T17:15:49.752601+00:00,ext4,wsl2_ext4_vhdx,sdd,True,fdatasync,a43645bbfc2d8d18f8815964ef61f079604f153fbc1aab7fd962d016266f1584,0.0,32,1.0,0.0,0.0,0.0,False,"[0.61865234375, 0.45458984375, 0.2109375]",14433124352,814494998528,44940124160
PASS,direct,NAIVE_BASIS,cx_product_target,24,25,268435456,536870912,16777216,16777216,3,805306368,1073741824,805306368,1073741824,48,64,3.053163183038123,0.01116976496996358,3.0643329480080865,3.0643329480080865,0.205277,0.08759996402299938,0.17519992804599877,536870912,536875008,536875008,138117120,67108864,0,0,805306623,1073741824,805306368,1073741824,0,1572864,2097368,805306368,1073852416,basis,basis0,2,basis,20273318,686b8254593841506d6d,67,67,2026-09-15T17:15:51.820669+00:00,ext4,wsl2_ext4_vhdx,sdd,True,fdatasync,a43645bbfc2d8d18f8815964ef61f079604f153fbc1aab7fd962d016266f1584,0.0,32,1.0,0.0,0.0,0.0,False,"[0.61865234375, 0.45458984375, 0.2109375]",14476578816,814494990336,44940058624
PASS,direct,THIN_BASIS,cx_product_target,24,25,268435456,536870912,16777216,16777216,3,805306368,805306368,805306368,805306368,48,48,0.9349536100053228,0.018107857002178207,0.953061467007501,0.953061467007501,0.185862,0.28165597423936906,0.5633119484787381,536870912,268435456,536870912,138117120,67108864,0,0,805306623,805306368,536870912,805306368,0,1048584,1573192,536875008,805474304,basis,basis0,2,basis,20273318,3745d7470f9902f886c4,68,68,2026-09-15T17:15:56.701377+00:00,ext4,wsl2_ext4_vhdx,sdd,True,fdatasync,a43645bbfc2d8d18f8815964ef61f079604f153fbc1aab7fd962d016266f1584,0.0,32,1.0,0.0,0.0,0.0,False,"[0.6494140625, 0.4638671875, 0.21533203125]",14446579712,814494986240,44940058624
PASS,direct,NAIVE_BASIS,cx_product_target,24,25,268435456,536870912,16777216,16777216,3,805306368,1073741824,805306368,1073741824,48,64,1.6780358729884028,0.011788941017584875,1.6898248140059877,1.6898248140059877,0.152487,0.15885401479200248,0.31770802958400496,536870912,536875008,536875008,138117120,67108864,0,0,805306623,1073741824,805306368,1073741824,0,1572864,2098024,805306368,1074188288,basis,basis0,3,basis,20273319,c0f1f8337b7c8262afd3,69,69,2026-09-15T17:15:59.502969+00:00,ext4,wsl2_ext4_vhdx,sdd,True,fdatasync,a43645bbfc2d8d18f8815964ef61f079604f153fbc1aab7fd962d016266f1584,0.0,32,1.0,0.0,0.0,0.0,False,"[0.59716796875, 0.4560546875, 0.2138671875]",14408015872,814494978048,44940058624
PASS,direct,THIN_BASIS,cx_product_target,24,25,268435456,536870912,16777216,16777216,3,805306368,805306368,805306368,805306368,48,48,3.98082601299393,0.01810044702142477,3.9989264600153547,3.9989264600153547,0.20176699999999997,0.06712687984739016,0.13425375969478032,536870912,268435456,536870912,138117120,67108864,0,0,805306623,805306368,536870912,805306368,0,1049008,1576304,537092096,807067648,basis,basis0,3,basis,20273319,d35f0767b1d41e7467f5,70,70,2026-09-15T17:16:02.653499+00:00,ext4,wsl2_ext4_vhdx,sdd,True,fdatasync,a43645bbfc2d8d18f8815964ef61f079604f153fbc1aab7fd962d016266f1584,0.0,32,1.0,0.0,0.0,0.0,False,"[0.59716796875, 0.4560546875, 0.2138671875]",14391930880,814494973952,44940058624
PASS,direct,FUSED_BASIS,cx_product_target,24,25,268435456,536870912,16777216,16777216,3,268435456,536870912,268435456,536870912,16,32,0.6024515189637896,0.008588210010202602,0.6110397289739922,0.6110397289739922,0.084086,0.4393093333730277,0.8786186667460554,536870912,0,536875008,138117120,67108864,0,0,268435711,536870912,268435456,536870912,0,524288,1048776,268435456,536973312,basis,basis0,3,basis,20273319,a4e488402ebe8acb252e,71,71,2026-09-15T17:16:08.081732+00:00,ext4,wsl2_ext4_vhdx,sdd,True,fdatasync,a43645bbfc2d8d18f8815964ef61f079604f153fbc1aab7fd962d016266f1584,0.0,32,1.0,0.0,0.0,0.0,False,"[0.6298828125, 0.46533203125, 0.21826171875]",14449840128,814494961664,44940058624
PASS,direct,THIN_BASIS,cx_product_target,24,25,268435456,536870912,16777216,16777216,3,805306368,805306368,805306368,805306368,48,48,0.9118936610175297,0.01790654196520336,0.929800202982733,0.929800202982733,0.17299499999999998,0.28870229877222886,0.5774045975444577,536870912,268435456,536870912,138117120,67108864,0,0,805306623,805306368,536870912,805306368,0,1048576,1573200,536870912,805478400,basis,basis0,4,basis,20273320,9f171ebfe8b87e33f14b,72,72,2026-09-15T17:16:10.180370+00:00,ext4,wsl2_ext4_vhdx,sdd,True,fdatasync,a43645bbfc2d8d18f8815964ef61f079604f153fbc1aab7fd962d016266f1584,0.0,32,1.0,0.0,0.0,0.0,False,"[0.5791015625, 0.45751953125, 0.216796875]",14418739200,814494957568,44940058624
PASS,direct,NAIVE_BASIS,cx_product_target,24,25,268435456,536870912,16777216,16777216,3,805306368,1073741824,805306368,1073741824,48,64,1.1230346140218899,0.011339252989273518,1.1343738670111634,1.1343738670111634,0.170641,0.23663755293241284,0.4732751058648257,536870912,536875008,536875008,138117120,67108864,0,0,805306623,1073741824,805306368,1073741824,0,1572864,2097304,805306368,1073819648,basis,basis0,4,basis,20273320,0acf3c5413255e759b27,73,73,2026-09-15T17:16:12.754875+00:00,ext4,wsl2_ext4_vhdx,sdd,True,fdatasync,a43645bbfc2d8d18f8815964ef61f079604f153fbc1aab7fd962d016266f1584,0.0,32,1.0,0.0,0.0,0.0,False,"[0.5791015625, 0.45751953125, 0.216796875]",14433521664,814494949376,44940058624
PASS,direct,FUSED_BASIS,cx_product_target,24,25,268435456,536870912,16777216,16777216,3,268435456,536870912,268435456,536870912,16,32,0.5582058919826522,0.00837206601863727,0.5665779580012895,0.5665779580012895,0.089405,0.4737837965793033,0.9475675931586066,536870912,0,536875008,138117120,67108864,0,0,268435711,536870912,268435456,536870912,0,524288,1048800,268435456,536985600,basis,basis0,4,basis,20273320,55e296a4de60e0b84426,74,74,2026-09-15T17:16:15.426720+00:00,ext4,wsl2_ext4_vhdx,sdd,True,fdatasync,a43645bbfc2d8d18f8815964ef61f079604f153fbc1aab7fd962d016266f1584,0.0,32,1.0,0.0,0.0,0.0,False,"[0.53271484375, 0.44970703125, 0.21533203125]",14409850880,814494945280,44940058624
PASS,direct,NAIVE_PRODUCT,cz,26,27,1073741824,2147483648,16777216,16777216,3,3221225472,4294967296,3221225472,4294967296,192,256,8.96243739197962,0.009615290007786825,8.972052681987407,8.972052681987407,0.733233,0.11967627276149193,0.23935254552298385,2147483648,2147487744,2147487744,138117120,67108864,0,0,3221225727,4294967296,3221286912,4294967296,0,6291672,8389528,3221336064,4295438336,product,random_seeded,0,main,20283516,0e13d239126e06299812,75,75,2026-09-15T17:16:20.808132+00:00,ext4,wsl2_ext4_vhdx,sdd,True,fdatasync,a43645bbfc2d8d18f8815964ef61f079604f153fbc1aab7fd962d016266f1584,0.0,32,0.10573658153963854,0.8741570242360656,0.473791970635574,0.01380003131582896,False,"[0.5703125, 0.458984375, 0.2197265625]",14434328576,813689626624,44403187712
PASS,direct,PRODUCT_FUSED,cz,26,27,1073741824,2147483648,16777216,16777216,3,1073741824,2147483648,1073741824,2147483648,64,128,1.946728307986632,0.006437732023186982,1.953166040009819,1.953166040009819,0.33033899999999994,0.5497442623949176,1.0994885247898352,2147483648,0,2147487744,138117120,67108864,0,0,1073742079,2147483648,1073807360,2147483648,0,2097280,4194728,1073807360,2147700736,product,random_seeded,0,main,20283516,0903ea2d9e652e1ffff2,76,76,2026-09-15T17:16:31.507916+00:00,ext4,wsl2_ext4_vhdx,sdd,True,fdatasync,a43645bbfc2d8d18f8815964ef61f079604f153fbc1aab7fd962d016266f1584,0.0,32,0.10573658153963854,0.8741570242360656,0.473791970635574,0.01380003131582896,False,"[0.63671875, 0.4775390625, 0.228515625]",14485876736,813689622528,43061010432
PASS,direct,NAIVE_PRODUCT,cz,26,27,1073741824,2147483648,16777216,16777216,3,3221225472,4294967296,3221225472,4294967296,192,256,8.840223221981432,0.010543203010456637,8.850766424991889,8.850766424991889,0.656586,0.1213162535809416,0.2426325071618832,2147483648,2147487744,2147487744,138117120,67108864,0,0,3221225727,4294967296,3221237760,4294967296,0,6297984,8389600,3224567808,4295475200,product,random_seeded,1,main,20283517,da701856e2fef565012b,77,77,2026-09-15T17:16:34.923629+00:00,ext4,wsl2_ext4_vhdx,sdd,True,fdatasync,a43645bbfc2d8d18f8815964ef61f079604f153fbc1aab7fd962d016266f1584,0.0,32,0.28201007235936426,0.30349560738785986,0.8188656267436103,-0.39726542855115704,False,"[0.58544921875, 0.46923828125, 0.22705078125]",14446272512,813689610240,40913526784
PASS,direct,PRODUCT_FUSED,cz,26,27,1073741824,2147483648,16777216,16777216,3,1073741824,2147483648,1073741824,2147483648,64,128,2.046353100973647,0.008731642010388896,2.055084742984036,2.055084742984036,0.317013,0.5224805583641768,1.0449611167283537,2147483648,0,2147487744,138117120,67108864,0,0,1073742079,2147483648,1073741824,2147483648,0,2097152,4194736,1073741824,2147704832,product,random_seeded,1,main,20283517,8deb31abc6571f0b9682,78,78,2026-09-15T17:16:45.219899+00:00,ext4,wsl2_ext4_vhdx,sdd,True,fdatasync,a43645bbfc2d8d18f8815964ef61f079604f153fbc1aab7fd962d016266f1584,0.0,32,0.28201007235936426,0.30349560738785986,0.8188656267436103,-0.39726542855115704,False,"[0.56884765625, 0.47021484375, 0.22998046875]",14477627392,813689241600,40913526784
PASS,direct,PRODUCT_FUSED,cz,26,27,1073741824,2147483648,16777216,16777216,3,1073741824,2147483648,1073741824,2147483648,64,128,3.62653601099737,0.008718747994862497,3.6352547589922324,3.6352547589922324,0.31200199999999995,0.2953690718219879,0.5907381436439758,2147483648,0,2147487744,138117120,67108864,0,0,1073742079,2147483648,1073741824,2147483648,0,2097152,4194752,1073741824,2147713024,product,random_seeded,2,main,20283518,c92fc985873a37b78893,79,79,2026-09-15T17:16:48.773728+00:00,ext4,wsl2_ext4_vhdx,sdd,True,fdatasync,a43645bbfc2d8d18f8815964ef61f079604f153fbc1aab7fd962d016266f1584,0.0,32,0.06304713297457645,-0.3134350803609584,-0.7260453872757179,0.608803420685576,False,"[0.56884765625, 0.47021484375, 0.22998046875]",14435160064,813689233408,40913526784
PASS,direct,NAIVE_PRODUCT,cz,26,27,1073741824,2147483648,16777216,16777216,3,3221225472,4294967296,3221225472,4294967296,192,256,8.681024044024525,0.011553766002180055,8.692577810026705,8.692577810026705,0.67757,0.12352398189193792,0.24704796378387583,2147483648,2147487744,2147487744,138117120,67108864,0,0,3221225727,4294967296,3221225472,4294967296,0,6425688,8389128,3289952256,4295233536,product,random_seeded,2,main,20283518,9780250341630347aca2,80,80,2026-09-15T17:16:53.826880+00:00,ext4,wsl2_ext4_vhdx,sdd,True,fdatasync,a43645bbfc2d8d18f8815964ef61f079604f153fbc1aab7fd962d016266f1584,0.0,32,0.06304713297457645,-0.3134350803609584,-0.7260453872757179,0.608803420685576,False,"[0.603515625, 0.4794921875, 0.234375]",14460571648,813689229312,40913526784
PASS,direct,NAIVE_PRODUCT,cz,26,27,1073741824,2147483648,16777216,16777216,3,3221225472,4294967296,3221225472,4294967296,192,256,9.32760264899116,0.011858170008054003,9.339460818999214,9.339460818999214,0.663628,0.11496828829943725,0.2299365765988745,2147483648,2147487744,2147487744,138117120,67108864,0,0,3221225727,4294967296,3221225472,4294967296,0,6291472,8391656,3221233664,4296527872,product,random_seeded,3,main,20283519,d51a32a8161f444c290c,81,81,2026-09-15T17:17:03.994454+00:00,ext4,wsl2_ext4_vhdx,sdd,True,fdatasync,a43645bbfc2d8d18f8815964ef61f079604f153fbc1aab7fd962d016266f1584,0.0,32,0.6364887000384434,0.49449426748002967,0.58569083402432,0.08557920946502064,False,"[0.6650390625, 0.4970703125, 0.2431640625]",14444871680,813688807424,40913526784
PASS,direct,PRODUCT_FUSED,cz,26,27,1073741824,2147483648,16777216,16777216,3,1073741824,2147483648,1073741824,2147483648,64,128,1.9849750839930493,0.006623873021453619,1.991598957014503,1.991598957014503,0.30315,0.5391355625178613,1.0782711250357226,2147483648,0,2147487744,138117120,67108864,0,0,1073742079,2147483648,1073741824,2147483648,0,2097152,4194712,1073741824,2147692544,product,random_seeded,3,main,20283519,b1269e865607accfad7e,82,82,2026-09-15T17:17:14.835620+00:00,ext4,wsl2_ext4_vhdx,sdd,True,fdatasync,a43645bbfc2d8d18f8815964ef61f079604f153fbc1aab7fd962d016266f1584,0.0,32,0.6364887000384434,0.49449426748002967,0.58569083402432,0.08557920946502064,False,"[1.0654296875, 0.60205078125, 0.28173828125]",14470983680,813688799232,40913526784
PASS,direct,PRODUCT_FUSED,cz,26,27,1073741824,2147483648,16777216,16777216,3,1073741824,2147483648,1073741824,2147483648,64,128,2.1259033510286827,0.008727837994229048,2.1346311890229117,2.1346311890229117,0.319497,0.5030104635974543,1.0060209271949085,2147483648,0,2147487744,138117120,67108864,0,0,1073742079,2147483648,1073741824,2147483648,0,2097152,4194728,1073741824,2147700736,product,random_seeded,4,main,20283520,854fcc1b253b01cce220,83,83,2026-09-15T17:17:18.249026+00:00,ext4,wsl2_ext4_vhdx,sdd,True,fdatasync,a43645bbfc2d8d18f8815964ef61f079604f153fbc1aab7fd962d016266f1584,0.0,32,0.03813338242316933,0.3374387171805484,0.778976587840752,0.5271398608419721,False,"[1.0654296875, 0.60205078125, 0.28173828125]",14446858240,813688791040,40913526784
PASS,direct,NAIVE_PRODUCT,cz,26,27,1073741824,2147483648,16777216,16777216,3,3221225472,4294967296,3221225472,4294967296,192,256,11.391648713004543,0.011505244998261333,11.403153958002804,11.403153958002804,0.620518,0.09416182820599747,0.18832365641199494,2147483648,2147487744,2147487744,138117120,67108864,0,0,3221225727,4294967296,3221262336,4294967296,0,6291528,8389424,3221262336,4295385088,product,random_seeded,4,main,20283520,fa43fb0c221182886f03,84,84,2026-09-15T17:17:21.932762+00:00,ext4,wsl2_ext4_vhdx,sdd,True,fdatasync,a43645bbfc2d8d18f8815964ef61f079604f153fbc1aab7fd962d016266f1584,0.0,32,0.03813338242316933,0.3374387171805484,0.778976587840752,0.5271398608419721,False,"[1.06005859375, 0.60888671875, 0.28564453125]",14423072768,813688786944,40913526784
PASS,direct,PRODUCT_FUSED,cx_product_target,26,27,1073741824,2147483648,16777216,16777216,3,1073741824,2147483648,1073741824,2147483648,64,128,2.215303042990854,0.00879578199237585,2.22409882498323,2.22409882498323,0.34135,0.48277613024146815,0.9655522604829363,2147483648,0,2147487744,138117120,67108864,0,0,1073742079,2147483648,1073807360,2147483648,0,2097280,4194696,1073807360,2147684352,product,random_seeded,0,main,20273516,5a86bfde19a1ff558909,85,85,2026-09-15T17:17:34.936196+00:00,ext4,wsl2_ext4_vhdx,sdd,True,fdatasync,a43645bbfc2d8d18f8815964ef61f079604f153fbc1aab7fd962d016266f1584,0.0,32,-0.7200811798065762,-0.20275775637770097,0.414567007591874,-0.5181762083822157,False,"[0.9658203125, 0.61181640625, 0.29150390625]",14491430912,813688676352,40913526784
PASS,direct,NAIVE_PRODUCT,cx_product_target,26,27,1073741824,2147483648,16777216,16777216,3,3221225472,4294967296,3221225472,4294967296,192,256,9.26656581502175,0.011342171987053007,9.277907987008803,9.277907987008803,0.630917,0.11573102745828959,0.23146205491657917,2147483648,2147487744,2147487744,138117120,67108864,0,0,3221225727,4294967296,3221295104,4294967296,0,6291592,8389128,3221295104,4295233536,product,random_seeded,0,main,20273516,58f6f91c19e76c5bef2f,86,86,2026-09-15T17:17:38.809069+00:00,ext4,wsl2_ext4_vhdx,sdd,True,fdatasync,a43645bbfc2d8d18f8815964ef61f079604f153fbc1aab7fd962d016266f1584,0.0,32,-0.7200811798065762,-0.20275775637770097,0.414567007591874,-0.5181762083822157,False,"[0.9658203125, 0.61181640625, 0.29150390625]",14440857600,813688672256,40913526784
PASS,direct,PRODUCT_FUSED,cx_product_target,26,27,1073741824,2147483648,16777216,16777216,3,1073741824,2147483648,1073741824,2147483648,64,128,2.2876566200284287,0.009275901975343004,2.2969325220037717,2.2969325220037717,0.348507,0.4674677265065242,0.9349354530130484,2147483648,0,2147487744,138117120,67108864,0,0,1073742079,2147483648,1073807360,2147483648,0,2097280,4194744,1073807360,2147708928,product,random_seeded,1,main,20273517,bbb52affd48dd70aadc0,87,87,2026-09-15T17:17:49.671998+00:00,ext4,wsl2_ext4_vhdx,sdd,True,fdatasync,a43645bbfc2d8d18f8815964ef61f079604f153fbc1aab7fd962d016266f1584,0.0,32,0.2634037125279274,-0.9476452870375305,0.1455911637790242,0.10672444523880406,False,"[0.8935546875, 0.6142578125, 0.29736328125]",14495391744,813688664064,40910491648
PASS,direct,NAIVE_PRODUCT,cx_product_target,26,27,1073741824,2147483648,16777216,16777216,3,3221225472,4294967296,3221225472,4294967296,192,256,5.525502277014311,0.023700302001088858,5.5492025790154,5.5492025790154,0.6983469999999999,0.19349479654255383,0.38698959308510766,2147483648,2147487744,2147487744,138117120,67108864,0,0,3221225727,4294967296,3221291008,4294967296,0,6291592,8389656,3221295104,4295503872,product,random_seeded,1,main,20273517,3faf201d776401aca661,88,88,2026-09-15T17:17:53.437250+00:00,ext4,wsl2_ext4_vhdx,sdd,True,fdatasync,a43645bbfc2d8d18f8815964ef61f079604f153fbc1aab7fd962d016266f1584,0.0,32,0.2634037125279274,-0.9476452870375305,0.1455911637790242,0.10672444523880406,False,"[0.8935546875, 0.6142578125, 0.29736328125]",14462251008,813688655872,40913522688
PASS,direct,PRODUCT_FUSED,cx_product_target,26,27,1073741824,2147483648,16777216,16777216,3,1073741824,2147483648,1073741824,2147483648,64,128,6.940783605008619,0.005358166003134102,6.946141771011753,6.946141771011753,0.354143,0.15458104072695916,0.3091620814539183,2147483648,0,2147487744,138117120,67108864,0,0,1073742079,2147483648,1073807360,2147483648,0,2097280,4195216,1073807360,2147950592,product,random_seeded,2,main,20273518,2cc6d730434fb3d005b1,89,89,2026-09-15T17:18:00.524131+00:00,ext4,wsl2_ext4_vhdx,sdd,True,fdatasync,a43645bbfc2d8d18f8815964ef61f079604f153fbc1aab7fd962d016266f1584,0.0,32,0.665327338584842,-0.0680501421975495,-0.11013895951338629,0.7352401786326785,False,"[0.97705078125, 0.64306640625, 0.31005859375]",14480171008,813688512512,40913518592
PASS,direct,NAIVE_PRODUCT,cx_product_target,26,27,1073741824,2147483648,16777216,16777216,3,3221225472,4294967296,3221225472,4294967296,192,256,6.696950761979679,0.010644912021234632,6.707595674000913,6.707595674000913,0.71999,0.16007849551246728,0.32015699102493456,2147483648,2147487744,2147487744,138117120,67108864,0,0,3221225727,4294967296,3221291008,4294967296,0,6291832,8391344,3221417984,4296368128,product,random_seeded,2,main,20273518,b62e83b880727d9a38cf,90,90,2026-09-15T17:18:08.894026+00:00,ext4,wsl2_ext4_vhdx,sdd,True,fdatasync,a43645bbfc2d8d18f8815964ef61f079604f153fbc1aab7fd962d016266f1584,0.0,32,0.665327338584842,-0.0680501421975495,-0.11013895951338629,0.7352401786326785,False,"[0.97900390625, 0.6494140625, 0.31396484375]",14472290304,813688508416,40913317888
PASS,direct,NAIVE_PRODUCT,cx_product_target,26,27,1073741824,2147483648,16777216,16777216,3,3221225472,4294967296,3221225472,4294967296,192,256,9.712257917039096,0.014187927969032899,9.72644584500813,9.72644584500813,0.6711590000000001,0.11039405771750355,0.2207881154350071,2147483648,2147487744,2147487744,138117120,67108864,0,0,3221225727,4294967296,3221291008,4294967296,0,6304456,8389232,3227881472,4295286784,product,random_seeded,3,main,20273519,4b526ed26112f18cd5e9,91,91,2026-09-15T17:18:17.108339+00:00,ext4,wsl2_ext4_vhdx,sdd,True,fdatasync,a43645bbfc2d8d18f8815964ef61f079604f153fbc1aab7fd962d016266f1584,0.0,32,-0.22975600315147124,0.2525815773420695,0.8003919129086939,-0.4927347273671858,False,"[0.98291015625, 0.6611328125, 0.32177734375]",14473826304,813688414208,40913317888
PASS,direct,PRODUCT_FUSED,cx_product_target,26,27,1073741824,2147483648,16777216,16777216,3,1073741824,2147483648,1073741824,2147483648,64,128,2.102833923010621,0.008323688001837581,2.111157611012459,2.111157611012459,0.33668799999999993,0.5086033455763921,1.0172066911527842,2147483648,0,2147487744,138117120,67108864,0,0,1073742079,2147483648,1073807360,2147483648,0,2097280,4194736,1073807360,2147704832,product,random_seeded,3,main,20273519,31e51aac4ac81d641bec,92,92,2026-09-15T17:18:28.274611+00:00,ext4,wsl2_ext4_vhdx,sdd,True,fdatasync,a43645bbfc2d8d18f8815964ef61f079604f153fbc1aab7fd962d016266f1584,0.0,32,-0.22975600315147124,0.2525815773420695,0.8003919129086939,-0.4927347273671858,False,"[1.05908203125, 0.68896484375, 0.3349609375]",14756945920,813688352768,40913317888
PASS,direct,NAIVE_PRODUCT,cx_product_target,26,27,1073741824,2147483648,16777216,16777216,3,3221225472,4294967296,3221225472,4294967296,192,256,11.854123872006312,0.01191737299086526,11.866041244997177,11.866041244997177,0.721649,0.09048863069245597,0.18097726138491194,2147483648,2147487744,2147487744,138117120,67108864,0,0,3221225727,4294967296,3221291008,4294967296,0,6291584,8389408,3221291008,4295376896,product,random_seeded,4,main,20273520,98a8aefabe2d52371814,93,93,2026-09-15T17:18:32.190209+00:00,ext4,wsl2_ext4_vhdx,sdd,True,fdatasync,a43645bbfc2d8d18f8815964ef61f079604f153fbc1aab7fd962d016266f1584,0.0,32,-0.030004508814677425,0.06807102882569806,0.9484473711373715,-0.3080805879441445,False,"[1.05419921875, 0.6943359375, 0.3388671875]",14772613120,813688340480,40913317888
PASS,direct,PRODUCT_FUSED,cx_product_target,26,27,1073741824,2147483648,16777216,16777216,3,1073741824,2147483648,1073741824,2147483648,64,128,2.2300952190125827,0.006388502981280908,2.2364837219938636,2.2364837219938636,0.347956,0.48010267789597,0.96020535579194,2147483648,0,2147487744,138117120,67108864,0,0,1073742079,2147483648,1073807360,2147483648,0,2097408,4194808,1073872896,2147741696,product,random_seeded,4,main,20273520,ec460c6113ccc6778d44,94,94,2026-09-15T17:18:45.607071+00:00,ext4,wsl2_ext4_vhdx,sdd,True,fdatasync,a43645bbfc2d8d18f8815964ef61f079604f153fbc1aab7fd962d016266f1584,0.0,32,-0.030004508814677425,0.06807102882569806,0.9484473711373715,-0.3080805879441445,False,"[1.1220703125, 0.72705078125, 0.35595703125]",14784950272,813688336384,40913317888
PASS,direct,NAIVE_PRODUCT,cx_product_control,26,27,1073741824,2147483648,16777216,16777216,3,3221225472,4294967296,3221225472,4294967296,192,256,4.660410534008406,0.012502333003794774,4.672912867012201,4.672912867012201,0.6747609999999999,0.2297799797595063,0.4595599595190126,2147483648,2147487744,2147487744,138117120,67108864,0,0,3221225727,4294967296,3221291008,4294967296,0,6291584,8389760,3221291008,4295557120,product,random_seeded,0,main,20263516,d77ef6b4377b407f54c5,95,95,2026-09-15T17:18:49.481679+00:00,ext4,wsl2_ext4_vhdx,sdd,True,fdatasync,a43645bbfc2d8d18f8815964ef61f079604f153fbc1aab7fd962d016266f1584,0.0,32,-0.39363260514828763,0.5341890130769719,-0.745199002509828,0.06613559654513226,False,"[1.03173828125, 0.71484375, 0.35400390625]",14756372480,813688291328,40913317888
PASS,direct,PRODUCT_FUSED,cx_product_control,26,27,1073741824,2147483648,16777216,16777216,3,1073741824,2147483648,1073741824,2147483648,64,128,7.339466181001626,0.009000318998005241,7.348466499999631,7.348466499999631,0.3476,0.1461178089333406,0.2922356178666812,2147483648,0,2147487744,138117120,67108864,0,0,1073742079,2147483648,1073807360,2147483648,0,2097280,4194800,1073807360,2147737600,product,random_seeded,0,main,20263516,044a2fd367c6911054ad,96,96,2026-09-15T17:18:55.582722+00:00,ext4,wsl2_ext4_vhdx,sdd,True,fdatasync,a43645bbfc2d8d18f8815964ef61f079604f153fbc1aab7fd962d016266f1584,0.0,32,-0.39363260514828763,0.5341890130769719,-0.745199002509828,0.06613559654513226,False,"[1.02880859375, 0.7197265625, 0.35791015625]",14774550528,813688287232,40913317888
PASS,direct,NAIVE_PRODUCT,cx_product_control,26,27,1073741824,2147483648,16777216,16777216,3,3221225472,4294967296,3221225472,4294967296,192,256,6.67544890003046,0.011693376989569515,6.68714227702003,6.68714227702003,0.76456,0.16056811407914118,0.32113622815828236,2147483648,2147487744,2147487744,138117120,67108864,0,0,3221225727,4294967296,3221291008,4294967296,0,6291712,8389160,3221356544,4295249920,product,random_seeded,1,main,20263517,4e456c07cc3c0f3badc2,97,97,2026-09-15T17:19:04.530933+00:00,ext4,wsl2_ext4_vhdx,sdd,True,fdatasync,a43645bbfc2d8d18f8815964ef61f079604f153fbc1aab7fd962d016266f1584,0.0,32,0.4988016107343764,0.12474930658814759,-0.4804893656659304,0.7104678269397706,False,"[0.94384765625, 0.71240234375, 0.35986328125]",14789464064,813688279040,40914366464
PASS,direct,PRODUCT_FUSED,cx_product_control,26,27,1073741824,2147483648,16777216,16777216,3,1073741824,2147483648,1073741824,2147483648,64,128,2.678802008013008,0.00878647097852081,2.687588478991529,2.687588478991529,0.352136,0.39951868836813254,0.7990373767362651,2147483648,0,2147487744,138117120,67108864,0,0,1073742079,2147483648,1073807360,2147483648,0,2097280,4194760,1073807360,2147717120,product,random_seeded,1,main,20263517,72dbfdc5d8643ef604c8,98,98,2026-09-15T17:19:12.721469+00:00,ext4,wsl2_ext4_vhdx,sdd,True,fdatasync,a43645bbfc2d8d18f8815964ef61f079604f153fbc1aab7fd962d016266f1584,0.0,32,0.4988016107343764,0.12474930658814759,-0.4804893656659304,0.7104678269397706,False,"[0.94873046875, 0.71728515625, 0.36376953125]",14761336832,813688233984,40914362368
PASS,direct,PRODUCT_FUSED,cx_product_control,26,27,1073741824,2147483648,16777216,16777216,3,1073741824,2147483648,1073741824,2147483648,64,128,5.3603803669975605,0.009132762992521748,5.369513129990082,5.369513129990082,0.37047199999999997,0.19997005277869268,0.39994010555738535,2147483648,0,2147487744,138117120,67108864,0,0,1073742079,2147483648,1073807360,2147483648,0,2097280,4195176,1073807360,2147930112,product,random_seeded,2,main,20263518,ab6a2f268537312f1a97,99,99,2026-09-15T17:19:16.859572+00:00,ext4,wsl2_ext4_vhdx,sdd,True,fdatasync,a43645bbfc2d8d18f8815964ef61f079604f153fbc1aab7fd962d016266f1584,0.0,32,0.15195128030024607,-0.9405354346602537,-0.298602877298836,-0.05603772151345965,False,"[0.953125, 0.72216796875, 0.3671875]",14770802688,813688225792,40914362368
PASS,direct,NAIVE_PRODUCT,cx_product_control,26,27,1073741824,2147483648,16777216,16777216,3,3221225472,4294967296,3221225472,4294967296,192,256,8.271726688020863,0.011907830979907885,8.28363451900077,8.28363451900077,0.691931,0.12962206644161822,0.25924413288323644,2147483648,2147487744,2147487744,138117120,67108864,0,0,3221225727,4294967296,3221291008,4294967296,0,6291712,8389904,3221356544,4295630848,product,random_seeded,2,main,20263518,604d7f5387ce6bfa94bf,100,100,2026-09-15T17:19:24.021907+00:00,ext4,wsl2_ext4_vhdx,sdd,True,fdatasync,a43645bbfc2d8d18f8815964ef61f079604f153fbc1aab7fd962d016266f1584,0.0,32,0.15195128030024607,-0.9405354346602537,-0.298602877298836,-0.05603772151345965,False,"[1.1171875, 0.76025390625, 0.38134765625]",14769356800,813688217600,40914362368
PASS,direct,PRODUCT_FUSED,cx_product_control,26,27,1073741824,2147483648,16777216,16777216,3,1073741824,2147483648,1073741824,2147483648,64,128,2.3470001780078746,0.009421430004294962,2.3564216080121696,2.3564216080121696,0.32481499999999996,0.45566626122809456,0.9113325224561891,2147483648,0,2147487744,138117120,67108864,0,0,1073742079,2147483648,1073811456,2147483648,0,2097288,4195664,1073811456,2148179968,product,random_seeded,3,main,20263519,96be7dd5feef8e3eb44b,101,101,2026-09-15T17:19:33.775631+00:00,ext4,wsl2_ext4_vhdx,sdd,True,fdatasync,a43645bbfc2d8d18f8815964ef61f079604f153fbc1aab7fd962d016266f1584,0.0,32,-0.37315269433257037,0.7050857390160378,0.17228587913489915,0.5778656792017207,False,"[1.0986328125, 0.76904296875, 0.38818359375]",14764601344,813688172544,40914358272
PASS,direct,NAIVE_PRODUCT,cx_product_control,26,27,1073741824,2147483648,16777216,16777216,3,3221225472,4294967296,3221225472,4294967296,192,256,8.220503549004206,0.011873530980665237,8.232377079984872,8.232377079984872,0.726227,0.13042913529927533,0.26085827059855066,2147483648,2147487744,2147487744,138117120,67108864,0,0,3221225727,4294967296,3221291008,4294967296,0,6291712,8389072,3221356544,4295204864,product,random_seeded,3,main,20263519,71792754cac37a59c749,102,102,2026-09-15T17:19:38.124438+00:00,ext4,wsl2_ext4_vhdx,sdd,True,fdatasync,a43645bbfc2d8d18f8815964ef61f079604f153fbc1aab7fd962d016266f1584,0.0,32,-0.37315269433257037,0.7050857390160378,0.17228587913489915,0.5778656792017207,False,"[1.09033203125, 0.77294921875, 0.3916015625]",14740488192,813688164352,40914358272
PASS,direct,NAIVE_PRODUCT,cx_product_control,26,27,1073741824,2147483648,16777216,16777216,3,3221225472,4294967296,3221225472,4294967296,192,256,11.41030786203919,0.012349794968031347,11.422657657007221,11.422657657007221,0.8400299999999999,0.0940010509149168,0.1880021018298336,2147483648,2147487744,2147487744,138117120,67108864,0,0,3221225727,4294967296,3221291008,4294967296,0,6292000,8390056,3221504000,4295708672,product,random_seeded,4,main,20263520,574adcca8437db6ac1c0,103,103,2026-09-15T17:19:47.863247+00:00,ext4,wsl2_ext4_vhdx,sdd,True,fdatasync,a43645bbfc2d8d18f8815964ef61f079604f153fbc1aab7fd962d016266f1584,0.0,32,-0.6629254464700511,-0.3350511312369253,0.17591149881277976,-0.6460075359194979,False,"[1.076171875, 0.78076171875, 0.3984375]",14762864640,813688119296,40914358272
PASS,direct,PRODUCT_FUSED,cx_product_control,26,27,1073741824,2147483648,16777216,16777216,3,1073741824,2147483648,1073741824,2147483648,64,128,2.2901409190089907,0.00871925798128359,2.2988601769902743,2.2988601769902743,0.38904,0.46707574246893513,0.9341514849378703,2147483648,0,2147487744,138117120,67108864,0,0,1073742079,2147483648,1073807360,2147483648,0,2097280,4194712,1073807360,2147692544,product,random_seeded,4,main,20263520,8ec3d08a3c097f16d0c2,104,104,2026-09-15T17:20:01.395159+00:00,ext4,wsl2_ext4_vhdx,sdd,True,fdatasync,a43645bbfc2d8d18f8815964ef61f079604f153fbc1aab7fd962d016266f1584,0.0,32,-0.6629254464700511,-0.3350511312369253,0.17591149881277976,-0.6460075359194979,False,"[1.126953125, 0.80810546875, 0.4140625]",14778310656,813688037376,40914358272
PASS,direct,NAIVE_PRODUCT,cx_product_target,26,27,1073741824,2147483648,16777216,16777216,3,3221225472,4294967296,3221225472,4294967296,192,256,7.703614146972541,0.010238306014798582,7.713852452987339,7.713852452987339,0.788804,0.13919657272990393,0.27839314545980787,2147483648,2147487744,2147487744,138117120,67108864,0,0,3221225727,4294967296,3221291008,4294967296,0,6291584,8389304,3221291008,4295323648,product,plus,0,main,20273516,fc8238129774fc2b9d99,105,105,2026-09-15T17:20:05.430066+00:00,ext4,wsl2_ext4_vhdx,sdd,True,fdatasync,a43645bbfc2d8d18f8815964ef61f079604f153fbc1aab7fd962d016266f1584,0.0,32,0.7071067811865475,0.0,0.7071067811865475,0.0,True,"[1.03662109375, 0.79443359375, 0.41162109375]",14780006400,813688033280,40914350080
PASS,direct,PRODUCT_FUSED,cx_product_target,26,27,1073741824,2147483648,16777216,16777216,3,1073741824,2147483648,1073741824,2147483648,64,128,9.283543717989232,0.008007474010810256,9.291551192000043,9.291551192000043,0.393103,0.11556109435467393,0.23112218870934786,2147483648,0,2147487744,138117120,67108864,0,0,1073742079,2147483648,1073807360,2147483648,0,2097408,4196160,1073872896,2148433920,product,plus,0,main,20273516,4d759a20bf59285e9e95,106,106,2026-09-15T17:20:14.910922+00:00,ext4,wsl2_ext4_vhdx,sdd,True,fdatasync,a43645bbfc2d8d18f8815964ef61f079604f153fbc1aab7fd962d016266f1584,0.0,32,0.7071067811865475,0.0,0.7071067811865475,0.0,True,"[0.9501953125, 0.7841796875, 0.41259765625]",14767816704,813688025088,40914345984
PASS,direct,PRODUCT_FUSED,cx_product_target,26,27,1073741824,2147483648,16777216,16777216,3,1073741824,2147483648,1073741824,2147483648,64,128,2.3631824649637565,0.009143672010395676,2.372326136974152,2.372326136974152,0.34342799999999996,0.4526113873067778,0.9052227746135556,2147483648,0,2147487744,138117120,67108864,0,0,1073742079,2147483648,1073807360,2147483648,0,2097280,4194704,1073807360,2147688448,product,plus,1,main,20273517,a6a83f0fb2196f7d16ef,107,107,2026-09-15T17:20:25.781448+00:00,ext4,wsl2_ext4_vhdx,sdd,True,fdatasync,a43645bbfc2d8d18f8815964ef61f079604f153fbc1aab7fd962d016266f1584,0.0,32,0.7071067811865475,0.0,0.7071067811865475,0.0,True,"[0.95849609375, 0.7919921875, 0.41943359375]",14790086656,813687984128,40914345984
PASS,direct,NAIVE_PRODUCT,cx_product_target,26,27,1073741824,2147483648,16777216,16777216,3,3221225472,4294967296,3221225472,4294967296,192,256,4.746117696020519,0.010936460981611162,4.7570541570021305,4.7570541570021305,0.7395669999999999,0.2257157031562294,0.4514314063124588,2147483648,2147487744,2147487744,138117120,67108864,0,0,3221225727,4294967296,3221291008,4294967296,0,6291712,8389040,3221356544,4295188480,product,plus,1,main,20273517,3e90a5af93cc148b0bf1,108,108,2026-09-15T17:20:29.735421+00:00,ext4,wsl2_ext4_vhdx,sdd,True,fdatasync,a43645bbfc2d8d18f8815964ef61f079604f153fbc1aab7fd962d016266f1584,0.0,32,0.7071067811865475,0.0,0.7071067811865475,0.0,True,"[0.88134765625, 0.77880859375, 0.4169921875]",14752198656,813687975936,40914345984
PASS,direct,PRODUCT_FUSED,cx_product_target,26,27,1073741824,2147483648,16777216,16777216,3,1073741824,2147483648,1073741824,2147483648,64,128,4.331977196998196,0.00781476398697123,4.339791960985167,4.339791960985167,0.355019,0.24741781026670506,0.4948356205334101,2147483648,0,2147487744,138117120,67108864,0,0,1073742079,2147483648,1073807360,2147483648,0,2097280,4195824,1073807360,2148261888,product,plus,2,main,20273518,fd5e9a57b4371aa09f5c,109,109,2026-09-15T17:20:36.061139+00:00,ext4,wsl2_ext4_vhdx,sdd,True,fdatasync,a43645bbfc2d8d18f8815964ef61f079604f153fbc1aab7fd962d016266f1584,0.0,32,0.7071067811865475,0.0,0.7071067811865475,0.0,True,"[0.89111328125, 0.78271484375, 0.42041015625]",14740357120,813687922688,40914345984
PASS,direct,NAIVE_PRODUCT,cx_product_target,26,27,1073741824,2147483648,16777216,16777216,3,3221225472,4294967296,3221225472,4294967296,192,256,8.45023561900598,0.011331943009281531,8.461567562015262,8.461567562015262,0.694559,0.126896324603035,0.25379264920607,2147483648,2147487744,2147487744,138117120,67108864,0,0,3221225727,4294967296,3221291008,4294967296,0,6319080,8394040,3235368960,4297748480,product,plus,2,main,20273518,44c4a9b17568134ec133,110,110,2026-09-15T17:20:42.451970+00:00,ext4,wsl2_ext4_vhdx,sdd,True,fdatasync,a43645bbfc2d8d18f8815964ef61f079604f153fbc1aab7fd962d016266f1584,0.0,32,0.7071067811865475,0.0,0.7071067811865475,0.0,True,"[0.89990234375, 0.78662109375, 0.423828125]",14736674816,813687877632,40914345984
PASS,direct,PRODUCT_FUSED,cx_product_target,26,27,1073741824,2147483648,16777216,16777216,3,1073741824,2147483648,1073741824,2147483648,64,128,3.6383544899872504,0.009101097995880991,3.6474555879831314,3.6474555879831314,0.341059,0.2943810549846141,0.5887621099692282,2147483648,0,2147487744,138117120,67108864,0,0,1073742084,2147483648,1073807360,2147483648,0,2097944,4194800,1074147328,2147737600,product,plus,3,main,20273519,658ef5c923b13e3d162e,111,111,2026-09-15T17:20:52.380414+00:00,ext4,wsl2_ext4_vhdx,sdd,True,fdatasync,a43645bbfc2d8d18f8815964ef61f079604f153fbc1aab7fd962d016266f1584,0.0,32,0.7071067811865475,0.0,0.7071067811865475,0.0,True,"[0.9892578125, 0.810546875, 0.43603515625]",14776098816,813687869440,40914345984
PASS,direct,NAIVE_PRODUCT,cx_product_target,26,27,1073741824,2147483648,16777216,16777216,3,3221225472,4294967296,3221225472,4294967296,192,256,10.411506533011561,0.015724597993539646,10.427231131005101,10.427231131005101,0.799465,0.10297477925920877,0.20594955851841754,2147483648,2147487744,2147487744,138117120,67108864,0,0,3221225727,4294967296,3221291008,4294967296,0,6299104,8389336,3225141248,4295340032,product,plus,3,main,20273519,4d5f91b6bff6f81a68af,112,112,2026-09-15T17:20:57.860322+00:00,ext4,wsl2_ext4_vhdx,sdd,True,fdatasync,a43645bbfc2d8d18f8815964ef61f079604f153fbc1aab7fd962d016266f1584,0.0,32,0.7071067811865475,0.0,0.7071067811865475,0.0,True,"[0.990234375, 0.81396484375, 0.439453125]",14780452864,813687861248,40914345984
PASS,direct,NAIVE_PRODUCT,cx_product_target,26,27,1073741824,2147483648,16777216,16777216,3,3221225472,4294967296,3221225472,4294967296,192,256,8.453821263014106,0.01936284900875762,8.473184112022864,8.473184112022864,0.734285,0.1267223525187461,0.2534447050374922,2147483648,2147487744,2147487744,138117120,67108864,0,0,3221225727,4294967296,3221291008,4294967296,0,6299752,8390456,3225473024,4295913472,product,plus,4,main,20273520,899033cd711e4b559d87,113,113,2026-09-15T17:21:09.891698+00:00,ext4,wsl2_ext4_vhdx,sdd,True,fdatasync,a43645bbfc2d8d18f8815964ef61f079604f153fbc1aab7fd962d016266f1584,0.0,32,0.7071067811865475,0.0,0.7071067811865475,0.0,True,"[0.91259765625, 0.80712890625, 0.44384765625]",14777724928,813687779328,40914321408
PASS,direct,PRODUCT_FUSED,cx_product_target,26,27,1073741824,2147483648,16777216,16777216,3,1073741824,2147483648,1073741824,2147483648,64,128,9.756380953040207,0.008662630978506058,9.765043584018713,9.765043584018713,0.333609,0.10995770932935371,0.21991541865870742,2147483648,0,2147487744,138117120,67108864,0,0,1073742079,2147483648,1073807360,2147483648,0,2097952,4194952,1074151424,2147815424,product,plus,4,main,20273520,94d32b5fd17e720b37cd,114,114,2026-09-15T17:21:19.940031+00:00,ext4,wsl2_ext4_vhdx,sdd,True,fdatasync,a43645bbfc2d8d18f8815964ef61f079604f153fbc1aab7fd962d016266f1584,0.0,32,0.7071067811865475,0.0,0.7071067811865475,0.0,True,"[0.9931640625, 0.82958984375, 0.455078125]",14773858304,813687726080,40914321408
PASS,direct,PRODUCT_FUSED,cz,26,27,1073741824,2147483648,16777216,16777216,3,1073741824,2147483648,1073741824,2147483648,64,128,2.194382649991894,0.009457706997636706,2.203840356989531,2.203840356989531,0.330462,0.4872139765453532,0.9744279530907064,2147483648,0,2147487744,138117120,67108864,0,0,1073742079,2147483648,1073807360,2147483648,0,2097464,4194712,1073901568,2147692544,product,plus,0,main,20283516,d88356a8b1053b2e8d79,115,115,2026-09-15T17:21:31.265869+00:00,ext4,wsl2_ext4_vhdx,sdd,True,fdatasync,a43645bbfc2d8d18f8815964ef61f079604f153fbc1aab7fd962d016266f1584,0.0,32,0.7071067811865475,0.0,0.7071067811865475,0.0,False,"[0.99462890625, 0.83544921875, 0.4609375]",14777806848,813687676928,40914321408
PASS,direct,NAIVE_PRODUCT,cz,26,27,1073741824,2147483648,16777216,16777216,3,3221225472,4294967296,3221225472,4294967296,192,256,4.5251716949860565,0.011954026034800336,4.537125721020857,4.537125721020857,0.679717,0.2366568373949328,0.4733136747898656,2147483648,2147487744,2147487744,138117120,67108864,0,0,3221225727,4294967296,3221291008,4294967296,0,6291584,8392152,3221291008,4296781824,product,plus,0,main,20283516,b3885206b1129d97df72,116,116,2026-09-15T17:21:34.905455+00:00,ext4,wsl2_ext4_vhdx,sdd,True,fdatasync,a43645bbfc2d8d18f8815964ef61f079604f153fbc1aab7fd962d016266f1584,0.0,32,0.7071067811865475,0.0,0.7071067811865475,0.0,False,"[0.91455078125, 0.8212890625, 0.4580078125]",14729596928,813687668736,40914321408
PASS,direct,NAIVE_PRODUCT,cz,26,27,1073741824,2147483648,16777216,16777216,3,3221225472,4294967296,3221225472,4294967296,192,256,4.578220566996606,0.012098260020138696,4.590318827016745,4.590318827016745,0.635042,0.23391443262729236,0.4678288652545847,2147483648,2147487744,2147487744,138117120,67108864,0,0,3221225727,4294967296,3221291008,4294967296,0,6291704,8389016,3221352448,4295176192,product,plus,1,main,20283517,2fe2ef9554e3b2c0b05d,117,117,2026-09-15T17:21:40.874351+00:00,ext4,wsl2_ext4_vhdx,sdd,True,fdatasync,a43645bbfc2d8d18f8815964ef61f079604f153fbc1aab7fd962d016266f1584,0.0,32,0.7071067811865475,0.0,0.7071067811865475,0.0,False,"[0.921875, 0.82470703125, 0.4609375]",14748839936,813687664640,40914321408
PASS,direct,PRODUCT_FUSED,cz,26,27,1073741824,2147483648,16777216,16777216,3,1073741824,2147483648,1073741824,2147483648,64,128,10.921555203007301,0.009351318003609776,10.930906521010911,10.930906521010911,0.31825699999999996,0.09822989721265114,0.1964597944253023,2147483648,0,2147487744,138117120,67108864,0,0,1073742079,2147483648,1073807360,2147483648,0,2097736,4195648,1074040832,2148171776,product,plus,1,main,20283517,d4cc40eba9ca97a48d9b,118,118,2026-09-15T17:21:46.930600+00:00,ext4,wsl2_ext4_vhdx,sdd,True,fdatasync,a43645bbfc2d8d18f8815964ef61f079604f153fbc1aab7fd962d016266f1584,0.0,32,0.7071067811865475,0.0,0.7071067811865475,0.0,False,"[0.92822265625, 0.82763671875, 0.4638671875]",14745223168,813687656448,40914321408
PASS,direct,PRODUCT_FUSED,cz,26,27,1073741824,2147483648,16777216,16777216,3,1073741824,2147483648,1073741824,2147483648,64,128,2.2195225509931333,0.008952737000072375,2.2284752879932057,2.2284752879932057,0.318921,0.4818280147799753,0.9636560295599506,2147483648,0,2147487744,138117120,67108864,0,0,1073742079,2147483648,1073807360,2147483648,0,2097280,4194704,1073807360,2147688448,product,plus,2,main,20283518,0b88572c0d99e9d99d38,119,119,2026-09-15T17:21:59.298898+00:00,ext4,wsl2_ext4_vhdx,sdd,True,fdatasync,a43645bbfc2d8d18f8815964ef61f079604f153fbc1aab7fd962d016266f1584,0.0,32,0.7071067811865475,0.0,0.7071067811865475,0.0,False,"[0.939453125, 0.83349609375, 0.4697265625]",14794665984,813687615488,40914321408
PASS,direct,NAIVE_PRODUCT,cz,26,27,1073741824,2147483648,16777216,16777216,3,3221225472,4294967296,3221225472,4294967296,192,256,4.705379934981465,0.011456974025350064,4.716836909006815,4.716836909006815,0.7043889999999999,0.22764022685407811,0.45528045370815623,2147483648,2147487744,2147487744,138117120,67108864,0,0,3221225727,4294967296,3221291008,4294967296,0,6291752,8389072,3221377024,4295204864,product,plus,2,main,20283518,0e1b67b183498a3cdba0,120,120,2026-09-15T17:22:03.037819+00:00,ext4,wsl2_ext4_vhdx,sdd,True,fdatasync,a43645bbfc2d8d18f8815964ef61f079604f153fbc1aab7fd962d016266f1584,0.0,32,0.7071067811865475,0.0,0.7071067811865475,0.0,False,"[0.86376953125, 0.8193359375, 0.466796875]",14784208896,813687603200,40914321408
PASS,direct,PRODUCT_FUSED,cz,26,27,1073741824,2147483648,16777216,16777216,3,1073741824,2147483648,1073741824,2147483648,64,128,6.659840108011849,0.009203541005263105,6.669043649017112,6.669043649017112,0.32122999999999996,0.16100386809707695,0.3220077361941539,2147483648,0,2147487744,138117120,67108864,0,0,1073742079,2147483648,1073807360,2147483648,0,2097408,4195488,1073872896,2148089856,product,plus,3,main,20283519,573736d20e3a575bcd59,121,121,2026-09-15T17:22:09.218866+00:00,ext4,wsl2_ext4_vhdx,sdd,True,fdatasync,a43645bbfc2d8d18f8815964ef61f079604f153fbc1aab7fd962d016266f1584,0.0,32,0.7071067811865475,0.0,0.7071067811865475,0.0,False,"[0.875, 0.82275390625, 0.4697265625]",14754045952,813687599104,40914321408
PASS,direct,NAIVE_PRODUCT,cz,26,27,1073741824,2147483648,16777216,16777216,3,3221225472,4294967296,3221225472,4294967296,192,256,9.846975473017665,0.012064820999512449,9.859040294017177,9.859040294017177,0.665274,0.108909365615595,0.21781873123119,2147483648,2147487744,2147487744,138117120,67108864,0,0,3221225727,4294967296,3221291008,4294967296,0,6305672,8391056,3228504064,4296220672,product,plus,3,main,20283519,18bb7c0dcb7a6d7f329e,122,122,2026-09-15T17:22:17.347842+00:00,ext4,wsl2_ext4_vhdx,sdd,True,fdatasync,a43645bbfc2d8d18f8815964ef61f079604f153fbc1aab7fd962d016266f1584,0.0,32,0.7071067811865475,0.0,0.7071067811865475,0.0,False,"[1.21484375, 0.8955078125, 0.4970703125]",14750740480,813687554048,40914321408
PASS,direct,NAIVE_PRODUCT,cz,26,27,1073741824,2147483648,16777216,16777216,3,3221225472,4294967296,3221225472,4294967296,192,256,7.629702061007265,0.01192032900871709,7.641622390015982,7.641622390015982,0.679894,0.14051228511407174,0.2810245702281435,2147483648,2147487744,2147487744,138117120,67108864,0,0,3221225727,4294967296,3221295104,4294967296,0,6291808,8389112,3221405696,4295225344,product,plus,4,main,20283520,5ec74f3cb160b09badf1,123,123,2026-09-15T17:22:28.746748+00:00,ext4,wsl2_ext4_vhdx,sdd,True,fdatasync,a43645bbfc2d8d18f8815964ef61f079604f153fbc1aab7fd962d016266f1584,0.0,32,0.7071067811865475,0.0,0.7071067811865475,0.0,False,"[1.18115234375, 0.8994140625, 0.5029296875]",14773149696,813687447552,40914317312
PASS,direct,PRODUCT_FUSED,cz,26,27,1073741824,2147483648,16777216,16777216,3,1073741824,2147483648,1073741824,2147483648,64,128,2.7479531799908727,0.008208229002775624,2.7561614089936484,2.7561614089936484,0.31881399999999993,0.38957871643375674,0.7791574328675135,2147483648,0,2147487744,138117120,67108864,0,0,1073742079,2147483648,1073807360,2147483648,0,2097280,4195016,1073807360,2147848192,product,plus,4,main,20283520,3a3cff36e46dd36a36df,124,124,2026-09-15T17:22:37.900857+00:00,ext4,wsl2_ext4_vhdx,sdd,True,fdatasync,a43645bbfc2d8d18f8815964ef61f079604f153fbc1aab7fd962d016266f1584,0.0,32,0.7071067811865475,0.0,0.7071067811865475,0.0,False,"[1.15283203125, 0.9033203125, 0.5087890625]",14779326464,813687439360,40914317312
PASS,direct,NAIVE_PRODUCT,cx_product_control,26,27,1073741824,2147483648,16777216,16777216,3,3221225472,4294967296,3221225472,4294967296,192,256,8.140144692006288,0.011035587987862527,8.15118027999415,8.15118027999415,0.654342,0.13172838621117708,0.26345677242235416,2147483648,2147487744,2147487744,138117120,67108864,0,0,3221225727,4294967296,3221291008,4294967296,0,6291584,8389056,3221291008,4295196672,product,plus,0,main,20263516,ce1b5d917f9cec329b57,125,125,2026-09-15T17:22:42.543540+00:00,ext4,wsl2_ext4_vhdx,sdd,True,fdatasync,a43645bbfc2d8d18f8815964ef61f079604f153fbc1aab7fd962d016266f1584,0.0,32,0.7071067811865475,0.0,0.7071067811865475,0.0,False,"[1.14013671875, 0.9052734375, 0.51171875]",14736109568,813687435264,40914317312
PASS,direct,PRODUCT_FUSED,cx_product_control,26,27,1073741824,2147483648,16777216,16777216,3,1073741824,2147483648,1073741824,2147483648,64,128,4.68591345299501,0.00873214501189068,4.6946455980069,4.6946455980069,0.331097,0.2287162686904107,0.4574325373808214,2147483648,0,2147487744,138117120,67108864,0,0,1073742079,2147483648,1073807360,2147483648,0,2097664,4196664,1074003968,2148691968,product,plus,0,main,20263516,654428bd33e424f5726c,126,126,2026-09-15T17:22:52.186279+00:00,ext4,wsl2_ext4_vhdx,sdd,True,fdatasync,a43645bbfc2d8d18f8815964ef61f079604f153fbc1aab7fd962d016266f1584,0.0,32,0.7071067811865475,0.0,0.7071067811865475,0.0,False,"[1.1181640625, 0.9091796875, 0.517578125]",14779797504,813687422976,40914317312
PASS,direct,NAIVE_PRODUCT,cx_product_control,26,27,1073741824,2147483648,16777216,16777216,3,3221225472,4294967296,3221225472,4294967296,192,256,8.66865489797783,0.018174267024733126,8.686829165002564,8.686829165002564,0.719475,0.12360572581833236,0.24721145163666472,2147483648,2147487744,2147487744,138117120,67108864,0,0,3221225727,4294967296,3221291008,4294967296,0,6292096,8389128,3221553152,4295233536,product,plus,1,main,20263517,4f576820675971fe17ad,127,127,2026-09-15T17:22:58.449627+00:00,ext4,wsl2_ext4_vhdx,sdd,True,fdatasync,a43645bbfc2d8d18f8815964ef61f079604f153fbc1aab7fd962d016266f1584,0.0,32,0.7071067811865475,0.0,0.7071067811865475,0.0,False,"[1.1083984375, 0.9111328125, 0.5205078125]",14757273600,813687357440,40914317312
PASS,direct,PRODUCT_FUSED,cx_product_control,26,27,1073741824,2147483648,16777216,16777216,3,1073741824,2147483648,1073741824,2147483648,64,128,2.555017797014443,0.009414795989869162,2.5644325930043124,2.5644325930043124,0.360217,0.41870541925302784,0.8374108385060557,2147483648,0,2147487744,138117120,67108864,0,0,1073742079,2147483648,1073807360,2147483648,0,2097280,4194872,1073807360,2147774464,product,plus,1,main,20263517,cf866f81053ed5b4de0b,128,128,2026-09-15T17:23:08.877875+00:00,ext4,wsl2_ext4_vhdx,sdd,True,fdatasync,a43645bbfc2d8d18f8815964ef61f079604f153fbc1aab7fd962d016266f1584,0.0,32,0.7071067811865475,0.0,0.7071067811865475,0.0,False,"[1.09130859375, 0.91455078125, 0.5263671875]",14777901056,813687349248,40914284544
PASS,direct,NAIVE_PRODUCT,cx_product_control,26,27,1073741824,2147483648,16777216,16777216,3,3221225472,4294967296,3221225472,4294967296,192,256,8.906918086024234,0.012646308983676136,8.91956439500791,8.91956439500791,0.689076,0.12038052268572111,0.24076104537144222,2147483648,2147487744,2147487744,138117120,67108864,0,0,3221225727,4294967296,3221254144,4294967296,0,6291640,8389120,3221319680,4295229440,product,plus,2,main,20263518,6c61d629cc9f5f3e0a52,129,129,2026-09-15T17:23:12.935458+00:00,ext4,wsl2_ext4_vhdx,sdd,True,fdatasync,a43645bbfc2d8d18f8815964ef61f079604f153fbc1aab7fd962d016266f1584,0.0,32,0.7071067811865475,0.0,0.7071067811865475,0.0,False,"[1.083984375, 0.916015625, 0.529296875]",14748934144,813687345152,40914284544
PASS,direct,PRODUCT_FUSED,cx_product_control,26,27,1073741824,2147483648,16777216,16777216,3,1073741824,2147483648,1073741824,2147483648,64,128,5.2747555039823055,0.008649566996609792,5.283405070978915,5.283405070978915,0.335694,0.20322913151178393,0.40645826302356786,2147483648,0,2147487744,138117120,67108864,0,0,1073742079,2147483648,1073741824,2147483648,0,2097152,4195168,1073741824,2147926016,product,plus,2,main,20263518,aaa666dd1c32ae7fc40b,130,130,2026-09-15T17:23:23.395793+00:00,ext4,wsl2_ext4_vhdx,sdd,True,fdatasync,a43645bbfc2d8d18f8815964ef61f079604f153fbc1aab7fd962d016266f1584,0.0,32,0.7071067811865475,0.0,0.7071067811865475,0.0,False,"[1.07080078125, 0.9189453125, 0.53515625]",14781460480,813687300096,40914284544
PASS,direct,NAIVE_PRODUCT,cx_product_control,26,27,1073741824,2147483648,16777216,16777216,3,3221225472,4294967296,3221225472,4294967296,192,256,5.2948104749957565,0.011924357007956132,5.306734832003713,5.306734832003713,0.7105929999999999,0.20233568436932384,0.4046713687386477,2147483648,2147487744,2147487744,138117120,67108864,0,0,3221225727,4294967296,3221225472,4294967296,0,6291584,8389920,3221291008,4295639040,product,plus,3,main,20263519,8aaac65c0b97904f47a0,131,131,2026-09-15T17:23:30.254965+00:00,ext4,wsl2_ext4_vhdx,sdd,True,fdatasync,a43645bbfc2d8d18f8815964ef61f079604f153fbc1aab7fd962d016266f1584,0.0,32,0.7071067811865475,0.0,0.7071067811865475,0.0,False,"[0.9794921875, 0.90478515625, 0.53515625]",14775865344,813687291904,40914284544
PASS,direct,PRODUCT_FUSED,cx_product_control,26,27,1073741824,2147483648,16777216,16777216,3,1073741824,2147483648,1073741824,2147483648,64,128,3.2562135180050973,0.00895192299503833,3.2651654410001356,3.2651654410001356,0.33049799999999996,0.3288476015693428,0.6576952031386856,2147483648,0,2147487744,138117120,67108864,0,0,1073742079,2147483648,1073741824,2147483648,0,2097152,4194720,1073741824,2147696640,product,plus,3,main,20263519,43e863fcc5373f8fed8a,132,132,2026-09-15T17:23:37.067091+00:00,ext4,wsl2_ext4_vhdx,sdd,True,fdatasync,a43645bbfc2d8d18f8815964ef61f079604f153fbc1aab7fd962d016266f1584,0.0,32,0.7071067811865475,0.0,0.7071067811865475,0.0,False,"[0.9814453125, 0.90673828125, 0.5380859375]",14778634240,813687246848,40914284544
PASS,direct,PRODUCT_FUSED,cx_product_control,26,27,1073741824,2147483648,16777216,16777216,3,1073741824,2147483648,1073741824,2147483648,64,128,4.020644119009376,0.009116900007938966,4.0297610190173145,4.0297610190173145,0.345088,0.26645297796389905,0.5329059559277981,2147483648,0,2147487744,138117120,67108864,0,0,1073742079,2147483648,1073741824,2147483648,0,2098208,4194832,1074282496,2147753984,product,plus,4,main,20263520,342900bd9648c7d5c6e8,133,133,2026-09-15T17:23:41.813113+00:00,ext4,wsl2_ext4_vhdx,sdd,True,fdatasync,a43645bbfc2d8d18f8815964ef61f079604f153fbc1aab7fd962d016266f1584,0.0,32,0.7071067811865475,0.0,0.7071067811865475,0.0,False,"[0.9833984375, 0.90869140625, 0.541015625]",14750965760,813687173120,40914284544
PASS,direct,NAIVE_PRODUCT,cx_product_control,26,27,1073741824,2147483648,16777216,16777216,3,3221225472,4294967296,3221225472,4294967296,192,256,9.107612710009562,0.011501762986881658,9.119114472996444,9.119114472996444,0.6994579999999999,0.11774628196406223,0.23549256392812445,2147483648,2147487744,2147487744,138117120,67108864,0,0,3221225727,4294967296,3221225472,4294967296,0,6291568,8389080,3221282816,4295208960,product,plus,4,main,20263520,0b99cac43d84eedd8a40,134,134,2026-09-15T17:23:47.349031+00:00,ext4,wsl2_ext4_vhdx,sdd,True,fdatasync,a43645bbfc2d8d18f8815964ef61f079604f153fbc1aab7fd962d016266f1584,0.0,32,0.7071067811865475,0.0,0.7071067811865475,0.0,False,"[0.98486328125, 0.91064453125, 0.5439453125]",14790090752,813687164928,40914284544
PASS,direct,THIN_BASIS,cx_product_target,26,27,1073741824,2147483648,16777216,16777216,3,3221225472,3221225472,3221225472,3221225472,192,192,6.879664877982577,0.01824216201202944,6.897907039994607,6.897907039994607,0.7202219999999999,0.1556619736645276,0.3113239473290552,2147483648,1073745920,2147487744,138117120,67108864,0,0,3221225727,3221225472,2147491840,3221225472,0,4194320,6292032,2147491840,3221520384,basis,basis0,0,basis,20273516,e2595753c9e69605aff7,135,135,2026-09-15T17:23:58.000498+00:00,ext4,wsl2_ext4_vhdx,sdd,True,fdatasync,a43645bbfc2d8d18f8815964ef61f079604f153fbc1aab7fd962d016266f1584,0.0,32,1.0,0.0,0.0,0.0,False,"[0.98779296875, 0.9140625, 0.54931640625]",14796488704,813687160832,40914284544
PASS,direct,FUSED_BASIS,cx_product_target,26,27,1073741824,2147483648,16777216,16777216,3,1073741824,2147483648,1073741824,2147483648,64,128,3.7042466460261494,0.004705637984443456,3.708952284010593,3.708952284010593,0.328777,0.2895000371476694,0.5790000742953388,2147483648,0,2147487744,138117120,67108864,0,0,1073742079,2147483648,1073741824,2147483648,0,2097152,4196016,1073741824,2148360192,basis,basis0,0,basis,20273516,5ae7a1d0d195ab7451b7,136,136,2026-09-15T17:24:06.414747+00:00,ext4,wsl2_ext4_vhdx,sdd,True,fdatasync,a43645bbfc2d8d18f8815964ef61f079604f153fbc1aab7fd962d016266f1584,0.0,32,1.0,0.0,0.0,0.0,False,"[0.990234375, 0.9169921875, 0.55419921875]",14771421184,813687152640,40914276352
PASS,direct,NAIVE_BASIS,cx_product_target,26,27,1073741824,2147483648,16777216,16777216,3,3221225472,4294967296,3221225472,4294967296,192,256,8.049509609962115,0.012205174018163234,8.061714783980278,8.061714783980278,0.7061689999999999,0.13319025204583904,0.26638050409167807,2147483648,2147487744,2147487744,138117120,67108864,0,0,3221225727,4294967296,3221225472,4294967296,0,6291456,8390280,3221225472,4295823360,basis,basis0,0,basis,20273516,d25767c156c9a775d4ba,137,137,2026-09-15T17:24:11.591967+00:00,ext4,wsl2_ext4_vhdx,sdd,True,fdatasync,a43645bbfc2d8d18f8815964ef61f079604f153fbc1aab7fd962d016266f1584,0.0,32,1.0,0.0,0.0,0.0,False,"[1.1513671875, 0.95166015625, 0.5673828125]",14779768832,813687144448,40914276352
PASS,direct,FUSED_BASIS,cx_product_target,26,27,1073741824,2147483648,16777216,16777216,3,1073741824,2147483648,1073741824,2147483648,64,128,2.1517606289999094,0.009117945999605581,2.160878574999515,2.160878574999515,0.328422,0.4969005831344508,0.9938011662689016,2147483648,0,2147487744,138117120,67108864,0,0,1073742079,2147483648,1073741824,2147483648,0,2097648,4195328,1073995776,2148007936,basis,basis0,1,basis,20273517,f7f61835824309fe1986,138,138,2026-09-15T17:24:21.364137+00:00,ext4,wsl2_ext4_vhdx,sdd,True,fdatasync,a43645bbfc2d8d18f8815964ef61f079604f153fbc1aab7fd962d016266f1584,0.0,32,1.0,0.0,0.0,0.0,False,"[1.1279296875, 0.95361328125, 0.572265625]",14775496704,813687136256,40914145280
PASS,direct,THIN_BASIS,cx_product_target,26,27,1073741824,2147483648,16777216,16777216,3,3221225472,3221225472,3221225472,3221225472,192,192,7.2723387340665795,0.017938663950189948,7.290277398016769,7.290277398016769,0.7183259999999999,0.14728408335903628,0.29456816671807257,2147483648,1073745920,2147487744,138117120,67108864,0,0,3221225727,3221225472,2147483648,3221225472,0,4194688,6292040,2147680256,3221524480,basis,basis0,1,basis,20273517,1ecad5379c4a48ff6f56,139,139,2026-09-15T17:24:25.244072+00:00,ext4,wsl2_ext4_vhdx,sdd,True,fdatasync,a43645bbfc2d8d18f8815964ef61f079604f153fbc1aab7fd962d016266f1584,0.0,32,1.0,0.0,0.0,0.0,False,"[1.03759765625, 0.9375, 0.56884765625]",14734438400,813687095296,40914145280
PASS,direct,NAIVE_BASIS,cx_product_target,26,27,1073741824,2147483648,16777216,16777216,3,3221225472,4294967296,3221225472,4294967296,192,256,10.310388302983483,0.010452372021973133,10.320840675005456,10.320840675005456,0.6860229999999999,0.10403627551390647,0.20807255102781294,2147483648,2147487744,2147487744,138117120,67108864,0,0,3221225727,4294967296,3221225472,4294967296,0,6291456,8390320,3221225472,4295843840,basis,basis0,1,basis,20273517,0ffe8733f2cb448d849b,140,140,2026-09-15T17:24:34.083027+00:00,ext4,wsl2_ext4_vhdx,sdd,True,fdatasync,a43645bbfc2d8d18f8815964ef61f079604f153fbc1aab7fd962d016266f1584,0.0,32,1.0,0.0,0.0,0.0,False,"[1.0341796875, 0.93896484375, 0.5712890625]",14785589248,813687025664,40914145280
PASS,direct,THIN_BASIS,cx_product_target,26,27,1073741824,2147483648,16777216,16777216,3,3221225472,3221225472,3221225472,3221225472,192,192,3.474000211979728,0.017060951999155805,3.491061163978884,3.491061163978884,0.692569,0.3075688948331742,0.6151377896663484,2147483648,1073745920,2147487744,138117120,67108864,0,0,3221225727,3221225472,2147483648,3221225472,0,4194304,6291920,2147483648,3221463040,basis,basis0,2,basis,20273518,ac4a440bdbddcb8c5ecc,141,141,2026-09-15T17:24:46.243310+00:00,ext4,wsl2_ext4_vhdx,sdd,True,fdatasync,a43645bbfc2d8d18f8815964ef61f079604f153fbc1aab7fd962d016266f1584,0.0,32,1.0,0.0,0.0,0.0,False,"[1.02587890625, 0.94287109375, 0.57861328125]",14787624960,813687021568,40914141184
PASS,direct,NAIVE_BASIS,cx_product_target,26,27,1073741824,2147483648,16777216,16777216,3,3221225472,4294967296,3221225472,4294967296,192,256,8.763756830012426,0.011627917003352195,8.775384747015778,8.775384747015778,0.699219,0.12235837572422617,0.24471675144845234,2147483648,2147487744,2147487744,138117120,67108864,0,0,3221225727,4294967296,3221225472,4294967296,0,6291776,8391552,3221389312,4296474624,basis,basis0,2,basis,20273518,fc95ac6908163fe5d0ca,142,142,2026-09-15T17:24:51.789529+00:00,ext4,wsl2_ext4_vhdx,sdd,True,fdatasync,a43645bbfc2d8d18f8815964ef61f079604f153fbc1aab7fd962d016266f1584,0.0,32,1.0,0.0,0.0,0.0,False,"[1.0234375, 0.94384765625, 0.5810546875]",14732570624,813687009280,40914141184
PASS,direct,FUSED_BASIS,cx_product_target,26,27,1073741824,2147483648,16777216,16777216,3,1073741824,2147483648,1073741824,2147483648,64,128,2.5530551410338376,0.008770289976382628,2.56182543101022,2.56182543101022,0.3302689999999999,0.4191315344920223,0.8382630689840446,2147483648,0,2147487744,138117120,67108864,0,0,1073742079,2147483648,1073741824,2147483648,0,2097456,4194768,1073897472,2147721216,basis,basis0,2,basis,20273518,b962885606582d2a5efe,143,143,2026-09-15T17:25:02.019385+00:00,ext4,wsl2_ext4_vhdx,sdd,True,fdatasync,a43645bbfc2d8d18f8815964ef61f079604f153fbc1aab7fd962d016266f1584,0.0,32,1.0,0.0,0.0,0.0,False,"[1.10009765625, 0.96240234375, 0.59130859375]",14765350912,813686939648,40914141184
PASS,direct,FUSED_BASIS,cx_product_target,26,27,1073741824,2147483648,16777216,16777216,3,1073741824,2147483648,1073741824,2147483648,64,128,3.059109232010087,0.0091217519948259,3.068230984004913,3.068230984004913,0.33949199999999996,0.3499546903729073,0.6999093807458145,2147483648,0,2147487744,138117120,67108864,0,0,1073742079,2147483648,1073741824,2147483648,0,2097152,4194696,1073741824,2147684352,basis,basis0,3,basis,20273519,0e88b0909cad71230595,144,144,2026-09-15T17:25:06.063052+00:00,ext4,wsl2_ext4_vhdx,sdd,True,fdatasync,a43645bbfc2d8d18f8815964ef61f079604f153fbc1aab7fd962d016266f1584,0.0,32,1.0,0.0,0.0,0.0,False,"[1.091796875, 0.96337890625, 0.59375]",14758264832,813686931456,40914141184
PASS,direct,THIN_BASIS,cx_product_target,26,27,1073741824,2147483648,16777216,16777216,3,3221225472,3221225472,3221225472,3221225472,192,192,9.423438452009577,0.017681675002677366,9.441120127012255,9.441120127012255,0.6853279999999999,0.11373034232748368,0.22746068465496735,2147483648,1073745920,2147487744,138117120,67108864,0,0,3221225727,3221225472,2147483648,3221225472,0,4194600,6293384,2147635200,3222212608,basis,basis0,3,basis,20273519,d9b7cc9a6bf8d8f63dee,145,145,2026-09-15T17:25:10.652191+00:00,ext4,wsl2_ext4_vhdx,sdd,True,fdatasync,a43645bbfc2d8d18f8815964ef61f079604f153fbc1aab7fd962d016266f1584,0.0,32,1.0,0.0,0.0,0.0,False,"[1.00390625, 0.947265625, 0.59033203125]",14725390336,813686927360,40914141184
PASS,direct,NAIVE_BASIS,cx_product_target,26,27,1073741824,2147483648,16777216,16777216,3,3221225472,4294967296,3221225472,4294967296,192,256,5.548683052969864,0.011281474027782679,5.559964526997646,5.559964526997646,0.695846,0.19312026520784573,0.38624053041569145,2147483648,2147487744,2147487744,138117120,67108864,0,0,3221225727,4294967296,3221225472,4294967296,0,6291736,8389408,3221368832,4295376896,basis,basis0,3,basis,20273519,7cffa687ee491d83326c,146,146,2026-09-15T17:25:21.563524+00:00,ext4,wsl2_ext4_vhdx,sdd,True,fdatasync,a43645bbfc2d8d18f8815964ef61f079604f153fbc1aab7fd962d016266f1584,0.0,32,1.0,0.0,0.0,0.0,False,"[1.0029296875, 0.94921875, 0.59521484375]",14771097600,813686882304,40914075648
PASS,direct,NAIVE_BASIS,cx_product_target,26,27,1073741824,2147483648,16777216,16777216,3,3221225472,4294967296,3221225472,4294967296,192,256,11.100402750016656,0.014631342986831442,11.115034093003487,11.115034093003487,0.6725309999999999,0.0966026568173895,0.193205313634779,2147483648,2147487744,2147487744,138117120,67108864,0,0,3221225727,4294967296,3221225472,4294967296,0,6292288,8394264,3221651456,4297863168,basis,basis0,4,basis,20273520,a9e2654a75959842d64f,147,147,2026-09-15T17:25:29.053169+00:00,ext4,wsl2_ext4_vhdx,sdd,True,fdatasync,a43645bbfc2d8d18f8815964ef61f079604f153fbc1aab7fd962d016266f1584,0.0,32,1.0,0.0,0.0,0.0,False,"[1.00244140625, 0.9501953125, 0.59765625]",14735753216,813686816768,40914075648
PASS,direct,THIN_BASIS,cx_product_target,26,27,1073741824,2147483648,16777216,16777216,3,3221225472,3221225472,3221225472,3221225472,192,192,3.6371126550075132,0.01672288100235164,3.653835536009865,3.653835536009865,0.722358,0.2938670373687835,0.587734074737567,2147483648,1073745920,2147487744,138117120,67108864,0,0,3221225727,3221225472,2147483648,3221225472,0,4194304,6292936,2147483648,3221983232,basis,basis0,4,basis,20273520,eb075e4c6009282c19fe,148,148,2026-09-15T17:25:41.653380+00:00,ext4,wsl2_ext4_vhdx,sdd,True,fdatasync,a43645bbfc2d8d18f8815964ef61f079604f153fbc1aab7fd962d016266f1584,0.0,32,1.0,0.0,0.0,0.0,False,"[1.0009765625, 0.953125, 0.60498046875]",14782636032,813686710272,40914071552
PASS,direct,FUSED_BASIS,cx_product_target,26,27,1073741824,2147483648,16777216,16777216,3,1073741824,2147483648,1073741824,2147483648,64,128,2.3486136040010024,0.008825275988783687,2.357438879989786,2.357438879989786,0.32794500000000004,0.4554696340651903,0.9109392681303806,2147483648,0,2147487744,138117120,67108864,0,0,1073742079,2147483648,1073741824,2147483648,0,2097152,4194776,1073741824,2147725312,basis,basis0,4,basis,20273520,260b31948ab3c60c6013,149,149,2026-09-15T17:25:46.795891+00:00,ext4,wsl2_ext4_vhdx,sdd,True,fdatasync,a43645bbfc2d8d18f8815964ef61f079604f153fbc1aab7fd962d016266f1584,0.0,32,1.0,0.0,0.0,0.0,False,"[1.00048828125, 0.9541015625, 0.607421875]",14773047296,813686706176,40914071552
PASS,buffered,PRODUCT_FUSED,cx_product_control,26,27,1073741824,2147483648,16777216,16777216,3,1073741824,2147483648,1073741824,2147483648,64,128,2.7462928580062,2.3378265599894803,5.08411941799568,5.08411941799568,2.3252749999999995,0.21119524065453654,0.4223904813090731,2147483648,0,2147487744,138117120,67108864,0,0,1073742079,2147483648,1073741824,2147483648,0,2097152,4195896,1073741824,2148298752,product,plus,0,buffered,20263516,472b814d9b4d66a15285,150,150,2026-09-15T17:25:50.660601+00:00,ext4,wsl2_ext4_vhdx,sdd,True,fdatasync,a43645bbfc2d8d18f8815964ef61f079604f153fbc1aab7fd962d016266f1584,0.0,32,0.7071067811865475,0.0,0.7071067811865475,0.0,False,"[1.08056640625, 0.9716796875, 0.615234375]",14735712256,813686697984,40914071552
PASS,buffered,NAIVE_PRODUCT,cx_product_control,26,27,1073741824,2147483648,16777216,16777216,3,3221225472,4294967296,3221225472,4294967296,192,256,4.080789003986865,4.706080004019896,8.78686900800676,8.78686900800676,2.692667,0.12219845578915381,0.24439691157830762,2147483648,2147487744,2147487744,138117120,67108864,0,0,3221225727,4294967296,3221225472,4294967296,0,6291464,8390664,3221229568,4296019968,product,plus,0,buffered,20263516,1a3e6cdbc39f49436ddc,151,151,2026-09-15T17:25:57.394990+00:00,ext4,wsl2_ext4_vhdx,sdd,True,fdatasync,a43645bbfc2d8d18f8815964ef61f079604f153fbc1aab7fd962d016266f1584,0.0,32,0.7071067811865475,0.0,0.7071067811865475,0.0,False,"[1.314453125, 1.02197265625, 0.6337890625]",14677504000,813686693888,40914071552
PASS,buffered,PRODUCT_FUSED,cx_product_control,26,27,1073741824,2147483648,16777216,16777216,3,1073741824,2147483648,1073741824,2147483648,64,128,1.7429580969910603,2.430937699013157,4.173895796004217,4.173895796004217,1.4442030000000001,0.2572517083507264,0.5145034167014528,2147483648,0,2147487744,138117120,67108864,0,0,1073742079,2147483648,1073741824,2147483648,0,2097152,4194832,1073741824,2147753984,product,plus,1,buffered,20263517,e69f3b09db78a5a17e0a,152,152,2026-09-15T17:26:08.843017+00:00,ext4,wsl2_ext4_vhdx,sdd,True,fdatasync,a43645bbfc2d8d18f8815964ef61f079604f153fbc1aab7fd962d016266f1584,0.0,32,0.7071067811865475,0.0,0.7071067811865475,0.0,False,"[1.265625, 1.02099609375, 0.638671875]",14692126720,813686644736,40914071552
PASS,buffered,NAIVE_PRODUCT,cx_product_control,26,27,1073741824,2147483648,16777216,16777216,3,3221225472,4294967296,3221225472,4294967296,192,256,3.4770172649878077,1.6060940739989746,5.083111338986782,5.083111338986782,2.7470079999999997,0.21123712474376552,0.42247424948753104,2147483648,2147487744,2147487744,138117120,67108864,0,0,3221225727,4294967296,3221225472,4294967296,0,6291456,8389816,3221225472,4295585792,product,plus,1,buffered,20263517,43b9835d7caf414396ab,153,153,2026-09-15T17:26:14.533797+00:00,ext4,wsl2_ext4_vhdx,sdd,True,fdatasync,a43645bbfc2d8d18f8815964ef61f079604f153fbc1aab7fd962d016266f1584,0.0,32,0.7071067811865475,0.0,0.7071067811865475,0.0,False,"[1.14404296875, 1.00341796875, 0.63671875]",14750572544,813686640640,40914071552
PASS,buffered,NAIVE_PRODUCT,cx_product_control,26,27,1073741824,2147483648,16777216,16777216,3,3221225472,4294967296,3221225472,4294967296,192,256,4.968753271998139,3.59046631999081,8.559219591988949,8.559219591988949,2.4272769999999997,0.12544856601237045,0.2508971320247409,2147483648,2147487744,2147487744,138117120,67108864,0,0,3221225727,4294967296,3221225472,4294967296,0,6291712,8390760,3221356544,4296069120,product,plus,2,buffered,20263518,42d5443c851e065fd4d6,154,154,2026-09-15T17:26:21.255679+00:00,ext4,wsl2_ext4_vhdx,sdd,True,fdatasync,a43645bbfc2d8d18f8815964ef61f079604f153fbc1aab7fd962d016266f1584,0.0,32,0.7071067811865475,0.0,0.7071067811865475,0.0,False,"[1.13232421875, 1.0029296875, 0.638671875]",14696480768,813686628352,40914071552
PASS,buffered,PRODUCT_FUSED,cx_product_control,26,27,1073741824,2147483648,16777216,16777216,3,1073741824,2147483648,1073741824,2147483648,64,128,1.4033617439854424,0.6840822990052402,2.0874440429906826,2.0874440429906826,1.2181099999999998,0.5143811292118036,1.0287622584236071,2147483648,0,2147487744,138117120,67108864,0,0,1073742079,2147483648,1073741824,2147483648,0,2097280,4194848,1073807360,2147762176,product,plus,2,buffered,20263518,952cc2829f84ffe051f0,155,155,2026-09-15T17:26:31.466094+00:00,ext4,wsl2_ext4_vhdx,sdd,True,fdatasync,a43645bbfc2d8d18f8815964ef61f079604f153fbc1aab7fd962d016266f1584,0.0,32,0.7071067811865475,0.0,0.7071067811865475,0.0,False,"[1.11181640625, 1.001953125, 0.642578125]",14678282240,813686509568,40914071552
PASS,direct,PRODUCT_FUSED,cz,27,28,2147483648,4294967296,16777216,16777216,3,2147483648,4294967296,2147483648,4294967296,128,256,10.093549339013407,0.009035125985974446,10.102584464999381,10.102584464999381,0.759249,0.2125677499099367,0.4251354998198734,4294967296,0,4294971392,138117120,67108864,0,0,2147483903,4294967296,2147483648,4294967296,0,4194304,8389112,2147483648,4295225344,product,random_seeded,0,main,20283616,4069b475af79590fc045,156,156,2026-09-15T17:26:41.376455+00:00,ext4,wsl2_ext4_vhdx,sdd,True,fdatasync,a43645bbfc2d8d18f8815964ef61f079604f153fbc1aab7fd962d016266f1584,0.0,32,-0.13226749231053417,0.9515540156143719,0.27595853378713037,0.02995252036313309,False,"[1.42138671875, 1.068359375, 0.66748046875]",14715760640,812612759552,40914071552
PASS,direct,NAIVE_PRODUCT,cz,27,28,2147483648,4294967296,16777216,16777216,3,6442450944,8589934592,6442450944,8589934592,384,512,13.56957073500962,0.01622462397790514,13.585795358987525,13.585795358987525,1.474194,0.15806830525968119,0.31613661051936237,4294967296,4294971392,4294971392,138117120,67108864,0,0,6442451199,8589934592,6442450944,8589934592,0,12582912,16777968,6442450944,8590319616,product,random_seeded,0,main,20283616,7b358c7ca7a83be27444,157,157,2026-09-15T17:26:53.112582+00:00,ext4,wsl2_ext4_vhdx,sdd,True,fdatasync,a43645bbfc2d8d18f8815964ef61f079604f153fbc1aab7fd962d016266f1584,0.0,32,-0.13226749231053417,0.9515540156143719,0.27595853378713037,0.02995252036313309,False,"[1.35595703125, 1.0654296875, 0.67138671875]",14755356672,812612751360,39840329728
PASS,direct,NAIVE_PRODUCT,cz,27,28,2147483648,4294967296,16777216,16777216,3,6442450944,8589934592,6442450944,8589934592,384,512,24.112650647031842,0.031215916969813406,24.143866564001655,24.143866564001655,1.513541,0.08894530800637723,0.17789061601275447,4294967296,4294971392,4294971392,138117120,67108864,0,0,6442451199,8589934592,6442450944,8589934592,0,12583552,16780672,6442778624,8591704064,product,random_seeded,1,main,20283617,048f580fad3b3db6b0c4,158,158,2026-09-15T17:27:08.274714+00:00,ext4,wsl2_ext4_vhdx,sdd,True,fdatasync,a43645bbfc2d8d18f8815964ef61f079604f153fbc1aab7fd962d016266f1584,0.0,32,-0.2622887744555302,0.8783586438712195,-0.014426934073172,-0.39935267008569786,False,"[1.2763671875, 1.06103515625, 0.67724609375]",14782484480,812612747264,36149329920
PASS,direct,PRODUCT_FUSED,cz,27,28,2147483648,4294967296,16777216,16777216,3,2147483648,4294967296,2147483648,4294967296,128,256,9.83906657199259,0.0084425040113274,9.847509076003917,9.847509076003917,0.674595,0.21807379220730216,0.43614758441460433,4294967296,0,4294971392,138117120,67108864,0,0,2147483903,4294967296,2147483648,4294967296,0,4194304,8390424,2147483648,4295897088,product,random_seeded,1,main,20283617,3f1cc3c1d20fa4a7f3a6,159,159,2026-09-15T17:27:33.910732+00:00,ext4,wsl2_ext4_vhdx,sdd,True,fdatasync,a43645bbfc2d8d18f8815964ef61f079604f153fbc1aab7fd962d016266f1584,0.0,32,-0.2622887744555302,0.8783586438712195,-0.014426934073172,-0.39935267008569786,False,"[1.26123046875, 1.072265625, 0.6923828125]",14788296704,812612628480,36149264384
PASS,direct,PRODUCT_FUSED,cz,27,28,2147483648,4294967296,16777216,16777216,3,2147483648,4294967296,2147483648,4294967296,128,256,8.192417110985843,0.008764685015194118,8.201181796001038,8.201181796001038,0.680611,0.2618505114771545,0.523701022954309,4294967296,0,4294971392,138117120,67108864,0,0,2147483903,4294967296,2147483648,4294967296,0,4194432,8389848,2147549184,4295602176,product,random_seeded,2,main,20283618,c038965908826b04331e,160,160,2026-09-15T17:27:45.229566+00:00,ext4,wsl2_ext4_vhdx,sdd,True,fdatasync,a43645bbfc2d8d18f8815964ef61f079604f153fbc1aab7fd962d016266f1584,0.0,32,-0.5691304550860221,-0.4610641773303756,-0.5781586928729769,-0.35950365134675927,False,"[1.12255859375, 1.05126953125, 0.6923828125]",14776868864,812612624384,36149227520
PASS,direct,NAIVE_PRODUCT,cz,27,28,2147483648,4294967296,16777216,16777216,3,6442450944,8589934592,6442450944,8589934592,384,512,18.753011235006852,0.011836335994303226,18.764847571001155,18.764847571001155,1.4537470000000001,0.11444183811643006,0.22888367623286013,4294967296,4294971392,4294971392,138117120,67108864,0,0,6442451199,8589934592,6442450944,8589934592,0,12583048,16778512,6442520576,8590598144,product,random_seeded,2,main,20283618,08194c428e8e6c166dd7,161,161,2026-09-15T17:27:55.064593+00:00,ext4,wsl2_ext4_vhdx,sdd,True,fdatasync,a43645bbfc2d8d18f8815964ef61f079604f153fbc1aab7fd962d016266f1584,0.0,32,-0.5691304550860221,-0.4610641773303756,-0.5781586928729769,-0.35950365134675927,False,"[1.02294921875, 1.03271484375, 0.6904296875]",14785200128,812612554752,36149219328
PASS,direct,NAIVE_PRODUCT,cz,27,28,2147483648,4294967296,16777216,16777216,3,6442450944,8589934592,6442450944,8589934592,384,512,15.929884832992684,0.011529767012689263,15.941414600005373,15.941414600005373,1.430949,0.13471098405528428,0.26942196811056857,4294967296,4294971392,4294971392,138117120,67108864,0,0,6442451199,8589934592,6442450944,8589934592,0,12610360,16779632,6456504320,8591171584,product,random_seeded,3,main,20283619,d269091d0ae20d30edfa,162,162,2026-09-15T17:28:15.371119+00:00,ext4,wsl2_ext4_vhdx,sdd,True,fdatasync,a43645bbfc2d8d18f8815964ef61f079604f153fbc1aab7fd962d016266f1584,0.0,32,0.008857202705179439,-0.1077286008008968,-0.9788968830436682,0.17342719191958106,False,"[1.015625, 1.02880859375, 0.6982421875]",14781894656,812612489216,36149211136
PASS,direct,PRODUCT_FUSED,cz,27,28,2147483648,4294967296,16777216,16777216,3,2147483648,4294967296,2147483648,4294967296,128,256,12.058778557984624,0.008701778016984463,12.067480336001609,12.067480336001609,0.6969569999999999,0.1779562583245558,0.3559125166491116,4294967296,0,4294971392,138117120,67108864,0,0,2147483908,4294967296,2147483648,4294967296,0,4235032,8390304,2168336384,4295835648,product,random_seeded,3,main,20283619,50d90f5c4a184659c618,163,163,2026-09-15T17:28:32.903424+00:00,ext4,wsl2_ext4_vhdx,sdd,True,fdatasync,a43645bbfc2d8d18f8815964ef61f079604f153fbc1aab7fd962d016266f1584,0.0,32,0.008857202705179439,-0.1077286008008968,-0.9788968830436682,0.17342719191958106,False,"[1.091796875, 1.04443359375, 0.70947265625]",14786433024,812612481024,36149211136
PASS,direct,NAIVE_PRODUCT,cz,27,28,2147483648,4294967296,16777216,16777216,3,6442450944,8589934592,6442450944,8589934592,384,512,17.90364541998133,0.011712898005498573,17.91535831798683,17.91535831798683,1.4343989999999998,0.11986830572313752,0.23973661144627503,4294967296,4294971392,4294971392,138117120,67108864,0,0,6442451199,8589934592,6442450944,8589934592,0,12583576,16779152,6442790912,8590925824,product,random_seeded,4,main,20283620,c5921ea01f03d71738a4,164,164,2026-09-15T17:28:46.625339+00:00,ext4,wsl2_ext4_vhdx,sdd,True,fdatasync,a43645bbfc2d8d18f8815964ef61f079604f153fbc1aab7fd962d016266f1584,0.0,32,-0.4434046748435655,-0.16325499882936415,-0.4217031287057763,-0.7738905419527077,False,"[1.07080078125, 1.04150390625, 0.71533203125]",14779744256,812612435968,36149211136
PASS,direct,PRODUCT_FUSED,cz,27,28,2147483648,4294967296,16777216,16777216,3,2147483648,4294967296,2147483648,4294967296,128,256,10.77821707201656,0.008592245983891189,10.78680931800045,10.78680931800045,0.722223,0.19908423192541227,0.39816846385082455,4294967296,0,4294971392,138117120,67108864,0,0,2147483903,4294967296,2147483648,4294967296,0,4200384,8390568,2150596608,4295970816,product,random_seeded,4,main,20283620,df9d3eeba24a5748b3ea,165,165,2026-09-15T17:29:07.110524+00:00,ext4,wsl2_ext4_vhdx,sdd,True,fdatasync,a43645bbfc2d8d18f8815964ef61f079604f153fbc1aab7fd962d016266f1584,0.0,32,-0.4434046748435655,-0.16325499882936415,-0.4217031287057763,-0.7738905419527077,False,"[1.05029296875, 1.03759765625, 0.72314453125]",14790135808,812612386816,36149211136
PASS,direct,PRODUCT_FUSED,cz,27,28,2147483648,4294967296,16777216,16777216,3,2147483648,4294967296,2147483648,4294967296,128,256,5.881033022975316,0.008003199007362127,5.889036221982678,5.889036221982678,0.681309,0.36465791125275177,0.7293158225055035,4294967296,0,4294971392,138117120,67108864,0,0,2147483903,4294967296,2147483648,4294967296,0,4194304,8389320,2147483648,4295331840,product,plus,0,main,20283616,b57fd001020915343459,166,166,2026-09-15T17:29:19.468382+00:00,ext4,wsl2_ext4_vhdx,sdd,True,fdatasync,a43645bbfc2d8d18f8815964ef61f079604f153fbc1aab7fd962d016266f1584,0.0,32,0.7071067811865475,0.0,0.7071067811865475,0.0,False,"[1.1162109375, 1.052734375, 0.73193359375]",14787424256,812612276224,36149207040
PASS,direct,NAIVE_PRODUCT,cz,27,28,2147483648,4294967296,16777216,16777216,3,6442450944,8589934592,6442450944,8589934592,384,512,18.1864863979863,0.011222620029002428,18.197709018015303,18.197709018015303,1.382574,0.11800846171757345,0.2360169234351469,4294967296,4294971392,4294971392,138117120,67108864,0,0,6442451199,8589934592,6442450944,8589934592,0,12683952,16779984,6494183424,8591351808,product,plus,0,main,20283616,3d5e2196be79bf4eef5c,167,167,2026-09-15T17:29:26.864477+00:00,ext4,wsl2_ext4_vhdx,sdd,True,fdatasync,a43645bbfc2d8d18f8815964ef61f079604f153fbc1aab7fd962d016266f1584,0.0,32,0.7071067811865475,0.0,0.7071067811865475,0.0,False,"[1.09765625, 1.05078125, 0.73486328125]",14755287040,812612268032,36149207040
PASS,direct,NAIVE_PRODUCT,cz,27,28,2147483648,4294967296,16777216,16777216,3,6442450944,8589934592,6442450944,8589934592,384,512,21.075024968973594,0.01568527502240613,21.090710243996,21.090710243996,1.379997,0.10182130535937428,0.20364261071874856,4294967296,4294971392,4294971392,138117120,67108864,0,0,6442451199,8589934592,6442455040,8589934592,0,12583056,16780176,6442524672,8591450112,product,plus,1,main,20283617,16c4f235260c054f67ee,168,168,2026-09-15T17:29:46.844553+00:00,ext4,wsl2_ext4_vhdx,sdd,True,fdatasync,a43645bbfc2d8d18f8815964ef61f079604f153fbc1aab7fd962d016266f1584,0.0,32,0.7071067811865475,0.0,0.7071067811865475,0.0,False,"[1.06884765625, 1.046875, 0.74072265625]",14766440448,812612190208,36149207040
PASS,direct,PRODUCT_FUSED,cz,27,28,2147483648,4294967296,16777216,16777216,3,2147483648,4294967296,2147483648,4294967296,128,256,10.306799266021699,0.008297391992527992,10.315096658014227,10.315096658014227,0.659851,0.2081884173457096,0.4163768346914192,4294967296,0,4294971392,138117120,67108864,0,0,2147483903,4294967296,2147483648,4294967296,0,4229320,8392024,2165411840,4296716288,product,plus,1,main,20283617,bac5cfebcf8da3050be4,169,169,2026-09-15T17:30:09.760919+00:00,ext4,wsl2_ext4_vhdx,sdd,True,fdatasync,a43645bbfc2d8d18f8815964ef61f079604f153fbc1aab7fd962d016266f1584,0.0,32,0.7071067811865475,0.0,0.7071067811865475,0.0,False,"[1.18017578125, 1.07470703125, 0.75830078125]",14768295936,812612128768,36149198848
PASS,direct,PRODUCT_FUSED,cz,27,28,2147483648,4294967296,16777216,16777216,3,2147483648,4294967296,2147483648,4294967296,128,256,6.459347814001376,0.013994206994539127,6.473342020995915,6.473342020995915,0.655013,0.33174265179172663,0.6634853035834533,4294967296,0,4294971392,138117120,67108864,0,0,2147483908,4294967296,2147483648,4294967296,0,4212088,8392832,2156589056,4297129984,product,plus,2,main,20283618,b1dac728a26706c8c111,170,170,2026-09-15T17:30:21.575175+00:00,ext4,wsl2_ext4_vhdx,sdd,True,fdatasync,a43645bbfc2d8d18f8815964ef61f079604f153fbc1aab7fd962d016266f1584,0.0,32,0.7071067811865475,0.0,0.7071067811865475,0.0,False,"[1.15185546875, 1.07177734375, 0.76123046875]",14774865920,812611719168,36149198848
PASS,direct,NAIVE_PRODUCT,cz,27,28,2147483648,4294967296,16777216,16777216,3,6442450944,8589934592,6442450944,8589934592,384,512,15.609791427967139,0.014500165038043633,15.624291593005182,15.624291593005182,1.440224,0.13744518496834787,0.27489036993669574,4294967296,4294971392,4294971392,138117120,67108864,0,0,6442451199,8589934592,6442500096,8589934592,0,12583032,16780320,6442512384,8591523840,product,plus,2,main,20283618,85450ca67fe51bc5c1f2,171,171,2026-09-15T17:30:29.916793+00:00,ext4,wsl2_ext4_vhdx,sdd,True,fdatasync,a43645bbfc2d8d18f8815964ef61f079604f153fbc1aab7fd962d016266f1584,0.0,32,0.7071067811865475,0.0,0.7071067811865475,0.0,False,"[1.04833984375, 1.05224609375, 0.75830078125]",14783754240,812611710976,36149198848
PASS,direct,PRODUCT_FUSED,cz,27,28,2147483648,4294967296,16777216,16777216,3,2147483648,4294967296,2147483648,4294967296,128,256,12.607846691011218,0.008678626996697858,12.616525318007916,12.616525318007916,0.6751959999999999,0.17021197151127157,0.34042394302254314,4294967296,0,4294971392,138117120,67108864,0,0,2147483903,4294967296,2147614720,4294967296,0,4194688,8389600,2147680256,4295475200,product,plus,3,main,20283619,f76b1a87a5e3f81a99bc,172,172,2026-09-15T17:30:47.039081+00:00,ext4,wsl2_ext4_vhdx,sdd,True,fdatasync,a43645bbfc2d8d18f8815964ef61f079604f153fbc1aab7fd962d016266f1584,0.0,32,0.7071067811865475,0.0,0.7071067811865475,0.0,False,"[1.11767578125, 1.06640625, 0.76806640625]",14789853184,812611706880,36149198848
PASS,direct,NAIVE_PRODUCT,cz,27,28,2147483648,4294967296,16777216,16777216,3,6442450944,8589934592,6442450944,8589934592,384,512,15.74304176599253,0.011535933008417487,15.754577699000947,15.754577699000947,1.4499749999999998,0.13630855038000667,0.27261710076001333,4294967296,4294971392,4294971392,138117120,67108864,0,0,6442451199,8589934592,6442582016,8589934592,0,12589088,16779648,6445613056,8591179776,product,plus,3,main,20283619,abe9c9fe2058a58b63d5,173,173,2026-09-15T17:31:01.456770+00:00,ext4,wsl2_ext4_vhdx,sdd,True,fdatasync,a43645bbfc2d8d18f8815964ef61f079604f153fbc1aab7fd962d016266f1584,0.0,32,0.7071067811865475,0.0,0.7071067811865475,0.0,False,"[1.0908203125, 1.06201171875, 0.7724609375]",14778220544,812611698688,36149198848
PASS,direct,NAIVE_PRODUCT,cz,27,28,2147483648,4294967296,16777216,16777216,3,6442450944,8589934592,6442450944,8589934592,384,512,18.451589525997406,0.011277684010565281,18.46286721000797,18.46286721000797,1.507297,0.1163136593885015,0.232627318777003,4294967296,4294971392,4294971392,138117120,67108864,0,0,6442451199,8589934592,6442590208,8589934592,0,12583728,16779744,6442868736,8591228928,product,plus,4,main,20283620,22590ba98c1f4ef2d942,174,174,2026-09-15T17:31:18.795967+00:00,ext4,wsl2_ext4_vhdx,sdd,True,fdatasync,a43645bbfc2d8d18f8815964ef61f079604f153fbc1aab7fd962d016266f1584,0.0,32,0.7071067811865475,0.0,0.7071067811865475,0.0,False,"[1.23095703125, 1.09130859375, 0.78759765625]",14786002944,812619632640,36149198848
PASS,direct,PRODUCT_FUSED,cz,27,28,2147483648,4294967296,16777216,16777216,3,2147483648,4294967296,2147483648,4294967296,128,256,11.834758120996412,0.010947649017907679,11.84570577001432,11.84570577001432,0.70707,0.18128794431447404,0.3625758886289481,4294967296,0,4294971392,138117120,67108864,0,0,2147483903,4294967296,2147614720,4294967296,0,4194568,8389544,2147618816,4295446528,product,plus,4,main,20283620,678824a814ff8b73c3d3,175,175,2026-09-15T17:31:38.922016+00:00,ext4,wsl2_ext4_vhdx,sdd,True,fdatasync,a43645bbfc2d8d18f8815964ef61f079604f153fbc1aab7fd962d016266f1584,0.0,32,0.7071067811865475,0.0,0.7071067811865475,0.0,False,"[1.16455078125, 1.08447265625, 0.79345703125]",14790508544,812619620352,36149194752
PASS,direct,NAIVE_PRODUCT,cx_product_control,27,28,2147483648,4294967296,16777216,16777216,3,6442450944,8589934592,6442450944,8589934592,384,512,16.358507943019504,0.01094998198095709,16.36945792500046,16.36945792500046,1.4075799999999998,0.13118843994951285,0.2623768798990257,4294967296,4294971392,4294971392,138117120,67108864,0,0,6442451199,8589934592,6442582016,8589934592,0,12583672,16779072,6442840064,8590884864,product,plus,0,main,20263616,c5348da07c554bd5d8e9,176,176,2026-09-15T17:31:52.414995+00:00,ext4,wsl2_ext4_vhdx,sdd,True,fdatasync,a43645bbfc2d8d18f8815964ef61f079604f153fbc1aab7fd962d016266f1584,0.0,32,0.7071067811865475,0.0,0.7071067811865475,0.0,False,"[1.1279296875, 1.080078125, 0.7978515625]",14777131008,812619489280,36149194752
PASS,direct,PRODUCT_FUSED,cx_product_control,27,28,2147483648,4294967296,16777216,16777216,3,2147483648,4294967296,2147483648,4294967296,128,256,9.839498287969036,0.009434097009943798,9.84893238497898,9.84893238497898,0.6975069999999999,0.2180422774833156,0.4360845549666312,4294967296,0,4294971392,138117120,67108864,0,0,2147483903,4294967296,2147614720,4294967296,0,4258704,8399632,2180456448,4300611584,product,plus,0,main,20263616,78b1dca685a1c1e140ee,177,177,2026-09-15T17:32:10.383956+00:00,ext4,wsl2_ext4_vhdx,sdd,True,fdatasync,a43645bbfc2d8d18f8815964ef61f079604f153fbc1aab7fd962d016266f1584,0.0,32,0.7071067811865475,0.0,0.7071067811865475,0.0,False,"[1.0107421875, 1.0576171875, 0.7978515625]",14775902208,812619091968,36148670464
PASS,direct,PRODUCT_FUSED,cx_product_control,27,28,2147483648,4294967296,16777216,16777216,3,2147483648,4294967296,2147483648,4294967296,128,256,10.622857776033925,0.008717422984773293,10.631575199018698,10.631575199018698,0.762853,0.2019911074135293,0.4039822148270586,4294967296,0,4294971392,138117120,67108864,0,0,2147483908,4294967296,2147614720,4294967296,0,4227056,8391008,2164252672,4296196096,product,plus,1,main,20263617,9fd521dd7ff89b49bd82,178,178,2026-09-15T17:32:22.196520+00:00,ext4,wsl2_ext4_vhdx,sdd,True,fdatasync,a43645bbfc2d8d18f8815964ef61f079604f153fbc1aab7fd962d016266f1584,0.0,32,0.7071067811865475,0.0,0.7071067811865475,0.0,False,"[1.15673828125, 1.08837890625, 0.8115234375]",14774435840,812618665984,36148670464
PASS,direct,NAIVE_PRODUCT,cx_product_control,27,28,2147483648,4294967296,16777216,16777216,3,6442450944,8589934592,6442450944,8589934592,384,512,20.089571944990894,0.01796489901607856,20.107536844006972,20.107536844006972,1.5643420000000001,0.10679993599713607,0.21359987199427213,4294967296,4294971392,4294971392,138117120,67108864,0,0,6442451199,8589934592,6442582016,8589934592,0,12584984,16781288,6443511808,8592019456,product,plus,1,main,20263617,3077e083170e5a820529,179,179,2026-09-15T17:32:34.448103+00:00,ext4,wsl2_ext4_vhdx,sdd,True,fdatasync,a43645bbfc2d8d18f8815964ef61f079604f153fbc1aab7fd962d016266f1584,0.0,32,0.7071067811865475,0.0,0.7071067811865475,0.0,False,"[1.13232421875, 1.0849609375, 0.814453125]",14770552832,812618657792,36148604928
PASS,direct,PRODUCT_FUSED,cx_product_control,27,28,2147483648,4294967296,16777216,16777216,3,2147483648,4294967296,2147483648,4294967296,128,256,13.93675137500395,0.005290549015626311,13.942041924019577,13.942041924019577,0.720901,0.15402934948146155,0.3080586989629231,4294967296,0,4294971392,138117120,67108864,0,0,2147483903,4294967296,2147614720,4294967296,0,4194560,8390384,2147614720,4295876608,product,plus,2,main,20263618,9ba1cf11887c297a3ec2,180,180,2026-09-15T17:32:56.177979+00:00,ext4,wsl2_ext4_vhdx,sdd,True,fdatasync,a43645bbfc2d8d18f8815964ef61f079604f153fbc1aab7fd962d016266f1584,0.0,32,0.7071067811865475,0.0,0.7071067811865475,0.0,False,"[1.2412109375, 1.111328125, 0.83154296875]",14789005312,812618158080,36148539392
PASS,direct,NAIVE_PRODUCT,cx_product_control,27,28,2147483648,4294967296,16777216,16777216,3,6442450944,8589934592,6442450944,8589934592,384,512,20.886010070011253,0.013974892994156107,20.89998496300541,20.89998496300541,1.550287,0.10275048770614967,0.20550097541229934,4294967296,4294971392,4294971392,138117120,67108864,0,0,6442451199,8589934592,6442582016,8589934592,0,12587064,16780776,6444576768,8591757312,product,plus,2,main,20263618,8d2491cd7569428101b4,181,181,2026-09-15T17:33:11.610708+00:00,ext4,wsl2_ext4_vhdx,sdd,True,fdatasync,a43645bbfc2d8d18f8815964ef61f079604f153fbc1aab7fd962d016266f1584,0.0,32,0.7071067811865475,0.0,0.7071067811865475,0.0,False,"[1.25537109375, 1.12158203125, 0.83984375]",14787305472,812618145792,36148465664
PASS,direct,NAIVE_PRODUCT,cx_product_control,27,28,2147483648,4294967296,16777216,16777216,3,6442450944,8589934592,6442450944,8589934592,384,512,21.45673645302304,0.011261828971328214,21.46799828199437,21.46799828199437,1.767318,0.10003185298375661,0.20006370596751322,4294967296,4294971392,4294971392,138117120,67108864,0,0,6442451199,8589934592,6442582016,8589934592,0,12583432,16779696,6442717184,8591204352,product,plus,3,main,20263619,b2f14aa5329f19312eb5,182,182,2026-09-15T17:33:34.020443+00:00,ext4,wsl2_ext4_vhdx,sdd,True,fdatasync,a43645bbfc2d8d18f8815964ef61f079604f153fbc1aab7fd962d016266f1584,0.0,32,0.7071067811865475,0.0,0.7071067811865475,0.0,False,"[1.18212890625, 1.11279296875, 0.84375]",14780411904,812618022912,36148465664
PASS,direct,PRODUCT_FUSED,cx_product_control,27,28,2147483648,4294967296,16777216,16777216,3,2147483648,4294967296,2147483648,4294967296,128,256,10.617473076999886,0.008417414006544277,10.62589049100643,10.62589049100643,0.681093,0.20209916993004898,0.40419833986009795,4294967296,0,4294971392,138117120,67108864,0,0,2147483903,4294967296,2147614720,4294967296,0,4194560,8389424,2147614720,4295385088,product,plus,3,main,20263619,8975633e8ba78ecd58fe,183,183,2026-09-15T17:33:56.956710+00:00,ext4,wsl2_ext4_vhdx,sdd,True,fdatasync,a43645bbfc2d8d18f8815964ef61f079604f153fbc1aab7fd962d016266f1584,0.0,32,0.7071067811865475,0.0,0.7071067811865475,0.0,False,"[1.181640625, 1.11865234375, 0.85400390625]",14786142208,812617912320,36148461568
PASS,direct,PRODUCT_FUSED,cx_product_control,27,28,2147483648,4294967296,16777216,16777216,3,2147483648,4294967296,2147483648,4294967296,128,256,7.518297049973626,0.00914092201855965,7.527437971992185,7.527437971992185,0.6645319999999999,0.2852874584938831,0.5705749169877662,4294967296,0,4294971392,138117120,67108864,0,0,2147483903,4294967296,2147618816,4294967296,0,4194584,8389928,2147627008,4295643136,product,plus,4,main,20263620,12a31039ca4e2a779a6c,184,184,2026-09-15T17:34:09.054505+00:00,ext4,wsl2_ext4_vhdx,sdd,True,fdatasync,a43645bbfc2d8d18f8815964ef61f079604f153fbc1aab7fd962d016266f1584,0.0,32,0.7071067811865475,0.0,0.7071067811865475,0.0,False,"[1.1533203125, 1.1142578125, 0.85595703125]",14779908096,812617908224,36148432896
PASS,direct,NAIVE_PRODUCT,cx_product_control,27,28,2147483648,4294967296,16777216,16777216,3,6442450944,8589934592,6442450944,8589934592,384,512,20.603711877018213,0.012700586987193674,20.616412464005407,20.616412464005407,1.3631639999999998,0.10416378949292623,0.20832757898585247,4294967296,4294971392,4294971392,138117120,67108864,0,0,6442451199,8589934592,6442536960,8589934592,0,12596696,16780864,6449508352,8591802368,product,plus,4,main,20263620,ea8b6e265ca279cceea9,185,185,2026-09-15T17:34:18.052894+00:00,ext4,wsl2_ext4_vhdx,sdd,True,fdatasync,a43645bbfc2d8d18f8815964ef61f079604f153fbc1aab7fd962d016266f1584,0.0,32,0.7071067811865475,0.0,0.7071067811865475,0.0,False,"[1.12890625, 1.1103515625, 0.85791015625]",14767702016,812617785344,36148428800
PASS,direct,PRODUCT_FUSED,cx_product_target,27,28,2147483648,4294967296,16777216,16777216,3,2147483648,4294967296,2147483648,4294967296,128,256,9.691190373967402,0.012087024020729586,9.703277397988131,9.703277397988131,0.6598879999999999,0.2213152896613321,0.4426305793226642,4294967296,0,4294971392,138117120,67108864,0,0,2147483903,4294967296,2147483648,4294967296,0,4194304,8390144,2147483648,4295753728,product,plus,0,main,20273616,800c03ab2c1a2e4467ed,186,186,2026-09-15T17:34:40.164484+00:00,ext4,wsl2_ext4_vhdx,sdd,True,fdatasync,a43645bbfc2d8d18f8815964ef61f079604f153fbc1aab7fd962d016266f1584,0.0,32,0.7071067811865475,0.0,0.7071067811865475,0.0,True,"[1.00390625, 1.083984375, 0.85693359375]",14787465216,812617428992,36148264960
PASS,direct,NAIVE_PRODUCT,cx_product_target,27,28,2147483648,4294967296,16777216,16777216,3,6442450944,8589934592,6442450944,8589934592,384,512,18.5685659260198,0.010946103982860222,18.57951203000266,18.57951203000266,1.402734,0.11558342568589475,0.2311668513717895,4294967296,4294971392,4294971392,138117120,67108864,0,0,6442451199,8589934592,6442450944,8589934592,0,12582920,16780112,6442455040,8591417344,product,plus,0,main,20273616,42e22cba00154f4f4d9e,187,187,2026-09-15T17:34:51.338110+00:00,ext4,wsl2_ext4_vhdx,sdd,True,fdatasync,a43645bbfc2d8d18f8815964ef61f079604f153fbc1aab7fd962d016266f1584,0.0,32,0.7071067811865475,0.0,0.7071067811865475,0.0,True,"[1.0029296875, 1.0810546875, 0.85888671875]",14779252736,812617302016,36148252672
PASS,direct,PRODUCT_FUSED,cx_product_target,27,28,2147483648,4294967296,16777216,16777216,3,2147483648,4294967296,2147483648,4294967296,128,256,7.334219664015109,0.0077144179958850145,7.341934082010994,7.341934082010994,0.679468,0.2924956318065706,0.5849912636131412,4294967296,0,4294971392,138117120,67108864,0,0,2147483903,4294967296,2147483648,4294967296,0,4194744,8392584,2147708928,4297003008,product,plus,1,main,20273617,a1556861687b1c9dfeea,188,188,2026-09-15T17:35:11.379843+00:00,ext4,wsl2_ext4_vhdx,sdd,True,fdatasync,a43645bbfc2d8d18f8815964ef61f079604f153fbc1aab7fd962d016266f1584,0.0,32,0.7071067811865475,0.0,0.7071067811865475,0.0,True,"[1.0009765625, 1.0751953125, 0.86279296875]",14785187840,812617195520,36148252672
PASS,direct,NAIVE_PRODUCT,cx_product_target,27,28,2147483648,4294967296,16777216,16777216,3,6442450944,8589934592,6442450944,8589934592,384,512,20.099129033013014,0.02033217198913917,20.119461205002153,20.119461205002153,1.5282529999999999,0.10673663803015196,0.21347327606030392,4294967296,4294971392,4294971392,138117120,67108864,0,0,6442451199,8589934592,6442450944,8589934592,0,12583056,16779656,6442524672,8591183872,product,plus,1,main,20273617,35770e81fff46d2cf53b,189,189,2026-09-15T17:35:20.391696+00:00,ext4,wsl2_ext4_vhdx,sdd,True,fdatasync,a43645bbfc2d8d18f8815964ef61f079604f153fbc1aab7fd962d016266f1584,0.0,32,0.7071067811865475,0.0,0.7071067811865475,0.0,True,"[0.919921875, 1.0556640625, 0.85888671875]",14772826112,812617187328,36148252672
PASS,direct,NAIVE_PRODUCT,cx_product_target,27,28,2147483648,4294967296,16777216,16777216,3,6442450944,8589934592,6442450944,8589934592,384,512,18.939304905972676,0.010818399023264647,18.95012330499594,18.95012330499594,1.498452,0.11332293797971463,0.22664587595942925,4294967296,4294971392,4294971392,138117120,67108864,0,0,6442451199,8589934592,6442450944,8589934592,0,12582912,16779744,6442450944,8591228928,product,plus,2,main,20273618,87dc2312bdcc7e765ede,190,190,2026-09-15T17:35:42.117595+00:00,ext4,wsl2_ext4_vhdx,sdd,True,fdatasync,a43645bbfc2d8d18f8815964ef61f079604f153fbc1aab7fd962d016266f1584,0.0,32,0.7071067811865475,0.0,0.7071067811865475,0.0,True,"[0.94384765625, 1.0517578125, 0.86279296875]",14786633728,812616970240,36148187136
PASS,direct,PRODUCT_FUSED,cx_product_target,27,28,2147483648,4294967296,16777216,16777216,3,2147483648,4294967296,2147483648,4294967296,128,256,11.667284098017262,0.008720081998035312,11.676004180015298,11.676004180015298,0.724788,0.18392282281601466,0.3678456456320293,4294967296,0,4294971392,138117120,67108864,0,0,2147483903,4294967296,2147483648,4294967296,0,4194336,8390144,2147500032,4295753728,product,plus,2,main,20273618,a4d838d48d1e71441761,191,191,2026-09-15T17:36:03.099670+00:00,ext4,wsl2_ext4_vhdx,sdd,True,fdatasync,a43645bbfc2d8d18f8815964ef61f079604f153fbc1aab7fd962d016266f1584,0.0,32,0.7071067811865475,0.0,0.7071067811865475,0.0,True,"[0.9609375, 1.0478515625, 0.86669921875]",14788358144,812616962048,36148187136
PASS,direct,NAIVE_PRODUCT,cx_product_target,27,28,2147483648,4294967296,16777216,16777216,3,6442450944,8589934592,6442450944,8589934592,384,512,22.251538295997307,0.014122983004199341,22.265661279001506,22.265661279001506,1.4467919999999999,0.09644823125128862,0.19289646250257725,4294967296,4294971392,4294971392,138117120,67108864,0,0,6442451199,8589934592,6442450944,8589934592,0,12699736,16779416,6502264832,8591060992,product,plus,3,main,20273619,a6cc207f2f9f7f0e50bc,192,192,2026-09-15T17:36:16.714856+00:00,ext4,wsl2_ext4_vhdx,sdd,True,fdatasync,a43645bbfc2d8d18f8815964ef61f079604f153fbc1aab7fd962d016266f1584,0.0,32,0.7071067811865475,0.0,0.7071067811865475,0.0,True,"[0.8896484375, 1.0283203125, 0.86376953125]",14791868416,812616785920,36148174848
PASS,direct,PRODUCT_FUSED,cx_product_target,27,28,2147483648,4294967296,16777216,16777216,3,2147483648,4294967296,2147483648,4294967296,128,256,4.691430464969017,0.009174250008072704,4.700604714977089,4.700604714977089,0.704474,0.4568526345467163,0.9137052690934326,4294967296,0,4294971392,138117120,67108864,0,0,2147483903,4294967296,2147483648,4294967296,0,4194304,8390064,2147483648,4295712768,product,plus,3,main,20273619,1c6dcf114c714cbec392,193,193,2026-09-15T17:36:40.482964+00:00,ext4,wsl2_ext4_vhdx,sdd,True,fdatasync,a43645bbfc2d8d18f8815964ef61f079604f153fbc1aab7fd962d016266f1584,0.0,32,0.7071067811865475,0.0,0.7071067811865475,0.0,True,"[0.84765625, 1.00927734375, 0.86279296875]",14786707456,812616523776,36148174848
PASS,direct,NAIVE_PRODUCT,cx_product_target,27,28,2147483648,4294967296,16777216,16777216,3,6442450944,8589934592,6442450944,8589934592,384,512,21.130835972027853,0.012712985975667834,21.14354895800352,21.14354895800352,1.429216,0.10156684917302436,0.20313369834604872,4294967296,4294971392,4294971392,138117120,67108864,0,0,6442451199,8589934592,6442450944,8589934592,0,12582912,16779064,6442450944,8590880768,product,plus,4,main,20273620,b1960bf821ea580daa92,194,194,2026-09-15T17:36:46.815507+00:00,ext4,wsl2_ext4_vhdx,sdd,True,fdatasync,a43645bbfc2d8d18f8815964ef61f079604f153fbc1aab7fd962d016266f1584,0.0,32,0.7071067811865475,0.0,0.7071067811865475,0.0,True,"[0.85986328125, 1.0087890625, 0.86376953125]",14787383296,812616519680,36148174848
PASS,direct,PRODUCT_FUSED,cx_product_target,27,28,2147483648,4294967296,16777216,16777216,3,2147483648,4294967296,2147483648,4294967296,128,256,7.460999033995904,0.0077361589937936515,7.468735192989698,7.468735192989698,0.699676,0.2875297613999852,0.5750595227999704,4294967296,0,4294971392,138117120,67108864,0,0,2147483903,4294967296,2147483648,4294967296,0,4194568,8390648,2147618816,4296011776,product,plus,4,main,20273620,c30c18064369674f8907,195,195,2026-09-15T17:37:09.483605+00:00,ext4,wsl2_ext4_vhdx,sdd,True,fdatasync,a43645bbfc2d8d18f8815964ef61f079604f153fbc1aab7fd962d016266f1584,0.0,32,0.7071067811865475,0.0,0.7071067811865475,0.0,True,"[0.900390625, 1.0068359375, 0.86767578125]",14795292672,812616290304,36148174848
PASS,direct,PRODUCT_FUSED,cx_product_target,27,28,2147483648,4294967296,16777216,16777216,3,2147483648,4294967296,2147483648,4294967296,128,256,10.814433923980687,0.12439366400940344,10.93882758799009,10.93882758799009,0.6932809999999999,0.19631753318406406,0.3926350663681281,4294967296,0,4294971392,138117120,67108864,0,0,2147483908,4294967296,2147483648,4294967296,0,4218768,8390552,2160009216,4295962624,product,random_seeded,0,main,20273616,5ad7b320b8cd8a3ca2cc,196,196,2026-09-15T17:37:18.433771+00:00,ext4,wsl2_ext4_vhdx,sdd,True,fdatasync,a43645bbfc2d8d18f8815964ef61f079604f153fbc1aab7fd962d016266f1584,0.0,32,-0.6161639524573999,-0.5139351119340534,-0.5010641602060462,0.3242643856028858,False,"[0.916015625, 1.005859375, 0.86962890625]",14779637760,812616286208,36148174848
PASS,direct,NAIVE_PRODUCT,cx_product_target,27,28,2147483648,4294967296,16777216,16777216,3,6442450944,8589934592,6442450944,8589934592,384,512,18.39258546498604,0.011967213999014348,18.404552678985056,18.404552678985056,1.4914079999999998,0.11668219735935609,0.23336439471871218,4294967296,4294971392,4294971392,138117120,67108864,0,0,6442451199,8589934592,6442450944,8589934592,0,12592584,16779928,6447403008,8591323136,product,random_seeded,0,main,20273616,00d67418eea85dd8cc52,197,197,2026-09-15T17:37:30.936948+00:00,ext4,wsl2_ext4_vhdx,sdd,True,fdatasync,a43645bbfc2d8d18f8815964ef61f079604f153fbc1aab7fd962d016266f1584,0.0,32,-0.6161639524573999,-0.5139351119340534,-0.5010641602060462,0.3242643856028858,False,"[0.92822265625, 1.0048828125, 0.8720703125]",14775521280,812616167424,36148174848
PASS,direct,PRODUCT_FUSED,cx_product_target,27,28,2147483648,4294967296,16777216,16777216,3,2147483648,4294967296,2147483648,4294967296,128,256,7.508000382018508,0.016766993998317048,7.524767376016825,7.524767376016825,0.7142419999999999,0.285388709137312,0.570777418274624,4294967296,0,4294971392,138117120,67108864,0,0,2147483903,4294967296,2147483648,4294967296,0,4196408,8390384,2148560896,4295876608,product,random_seeded,1,main,20273617,27c99bc0a289c067fb9a,198,198,2026-09-15T17:37:50.849900+00:00,ext4,wsl2_ext4_vhdx,sdd,True,fdatasync,a43645bbfc2d8d18f8815964ef61f079604f153fbc1aab7fd962d016266f1584,0.0,32,-0.18400138734697766,0.545358443639985,-0.8096128615542227,-0.11512893559372395,False,"[0.86865234375, 0.986328125, 0.8701171875]",14793756672,812616036352,36148174848
PASS,direct,NAIVE_PRODUCT,cx_product_target,27,28,2147483648,4294967296,16777216,16777216,3,6442450944,8589934592,6442450944,8589934592,384,512,18.87659327298752,0.011362412013113499,18.887955685000634,18.887955685000634,1.417648,0.11369592791375337,0.22739185582750673,4294967296,4294971392,4294971392,138117120,67108864,0,0,6442451199,8589934592,6442450944,8589934592,0,12582920,16780320,6442455040,8591523840,product,random_seeded,1,main,20273617,df6a9efa0ac533425e8f,199,199,2026-09-15T17:37:59.856815+00:00,ext4,wsl2_ext4_vhdx,sdd,True,fdatasync,a43645bbfc2d8d18f8815964ef61f079604f153fbc1aab7fd962d016266f1584,0.0,32,-0.18400138734697766,0.545358443639985,-0.8096128615542227,-0.11512893559372395,False,"[0.87939453125, 0.98681640625, 0.87109375]",14755561472,812615688192,36148174848
PASS,direct,NAIVE_PRODUCT,cx_product_target,27,28,2147483648,4294967296,16777216,16777216,3,6442450944,8589934592,6442450944,8589934592,384,512,21.14126564899925,0.010892972990404814,21.152158621989656,21.152158621989656,1.510709,0.10152550793409279,0.20305101586818558,4294967296,4294971392,4294971392,138117120,67108864,0,0,6442451199,8589934592,6442450944,8589934592,0,12582912,16778968,6442450944,8590831616,product,random_seeded,2,main,20273618,038fd7805cf6323827cd,200,200,2026-09-15T17:38:20.217938+00:00,ext4,wsl2_ext4_vhdx,sdd,True,fdatasync,a43645bbfc2d8d18f8815964ef61f079604f153fbc1aab7fd962d016266f1584,0.0,32,0.3600676358849307,-0.16809237347173434,-0.017146545103847312,-0.9174978188311281,False,"[0.84130859375, 0.97216796875, 0.8701171875]",14788521984,812615680000,36148170752
PASS,direct,PRODUCT_FUSED,cx_product_target,27,28,2147483648,4294967296,16777216,16777216,3,2147483648,4294967296,2147483648,4294967296,128,256,7.219883679004852,0.01189163900562562,7.231775318010477,7.231775318010477,0.7425959999999999,0.2969511017096686,0.5939022034193372,4294967296,0,4294971392,138117120,67108864,0,0,2147483903,4294967296,2147483648,4294967296,0,4194304,8389944,2147483648,4295651328,product,random_seeded,2,main,20273618,637877c762a342c43203,201,201,2026-09-15T17:38:42.976605+00:00,ext4,wsl2_ext4_vhdx,sdd,True,fdatasync,a43645bbfc2d8d18f8815964ef61f079604f153fbc1aab7fd962d016266f1584,0.0,32,0.3600676358849307,-0.16809237347173434,-0.017146545103847312,-0.9174978188311281,False,"[0.88720703125, 0.97412109375, 0.8740234375]",14791487488,812615569408,36148170752
PASS,direct,NAIVE_PRODUCT,cx_product_target,27,28,2147483648,4294967296,16777216,16777216,3,6442450944,8589934592,6442450944,8589934592,384,512,18.069029156002216,0.013416718982625753,18.082445874984842,18.082445874984842,1.52827,0.11876068441442522,0.23752136882885044,4294967296,4294971392,4294971392,138117120,67108864,0,0,6442451199,8589934592,6442450944,8589934592,0,12582920,16780912,6442455040,8591826944,product,random_seeded,3,main,20273619,4705f789cd467a75d666,202,202,2026-09-15T17:38:51.771949+00:00,ext4,wsl2_ext4_vhdx,sdd,True,fdatasync,a43645bbfc2d8d18f8815964ef61f079604f153fbc1aab7fd962d016266f1584,0.0,32,-0.39440570985744927,-0.08424800175267153,0.2625852541639063,0.8765816530866936,False,"[0.90478515625, 0.97509765625, 0.8759765625]",14782689280,812615446528,36148170752
PASS,direct,PRODUCT_FUSED,cx_product_target,27,28,2147483648,4294967296,16777216,16777216,3,2147483648,4294967296,2147483648,4294967296,128,256,8.15254148101667,0.00861649599391967,8.161157977010589,8.161157977010589,0.695666,0.263134674521595,0.52626934904319,4294967296,0,4294971392,138117120,67108864,0,0,2147483903,4294967296,2147483648,4294967296,0,4194320,8389416,2147491840,4295380992,product,random_seeded,3,main,20273619,4c4f5596c8deef3b4886,203,203,2026-09-15T17:39:11.361959+00:00,ext4,wsl2_ext4_vhdx,sdd,True,fdatasync,a43645bbfc2d8d18f8815964ef61f079604f153fbc1aab7fd962d016266f1584,0.0,32,-0.39440570985744927,-0.08424800175267153,0.2625852541639063,0.8765816530866936,False,"[0.8525390625, 0.9599609375, 0.8740234375]",14779613184,812615331840,36147875840
PASS,direct,PRODUCT_FUSED,cx_product_target,27,28,2147483648,4294967296,16777216,16777216,3,2147483648,4294967296,2147483648,4294967296,128,256,8.994115923007485,0.009256496006855741,9.00337241901434,9.00337241901434,0.7366199999999999,0.23851991765493352,0.47703983530986704,4294967296,0,4294971392,138117120,67108864,0,0,2147483903,4294967296,2147483648,4294967296,0,4194344,8390816,2147504128,4296097792,product,random_seeded,4,main,20273620,606c0c6b8a76b34bd710,204,204,2026-09-15T17:39:21.051038+00:00,ext4,wsl2_ext4_vhdx,sdd,True,fdatasync,a43645bbfc2d8d18f8815964ef61f079604f153fbc1aab7fd962d016266f1584,0.0,32,0.08574602982637465,0.8326696796092878,-0.4955468662322914,0.23182348111383397,False,"[0.79541015625, 0.94482421875, 0.8701171875]",14775853056,812615114752,36147875840
PASS,direct,NAIVE_PRODUCT,cx_product_target,27,28,2147483648,4294967296,16777216,16777216,3,6442450944,8589934592,6442450944,8589934592,384,512,18.197430953005096,0.011437023989856243,18.208867976994952,18.208867976994952,1.443597,0.11793614247261974,0.23587228494523949,4294967296,4294971392,4294971392,138117120,67108864,0,0,6442451199,8589934592,6442450944,8589934592,0,12582912,16780440,6442450944,8591585280,product,random_seeded,4,main,20273620,b70f4e31995a2a237c33,205,205,2026-09-15T17:39:31.691636+00:00,ext4,wsl2_ext4_vhdx,sdd,True,fdatasync,a43645bbfc2d8d18f8815964ef61f079604f153fbc1aab7fd962d016266f1584,0.0,32,0.08574602982637465,0.8326696796092878,-0.4955468662322914,0.23182348111383397,False,"[0.8271484375, 0.94677734375, 0.8720703125]",14772506624,812615110656,36147343360
PASS,direct,PRODUCT_FUSED,cx_product_control,27,28,2147483648,4294967296,16777216,16777216,3,2147483648,4294967296,2147483648,4294967296,128,256,9.107555994996801,0.009269653004594147,9.116825648001395,9.116825648001395,0.7086429999999999,0.2355516855223369,0.4711033710446738,4294967296,0,4294971392,138117120,67108864,0,0,2147483903,4294967296,2147483648,4294967296,0,4194304,8390432,2147483648,4295901184,product,random_seeded,0,main,20263616,8c52f190b338042a77f0,206,206,2026-09-15T17:39:51.617338+00:00,ext4,wsl2_ext4_vhdx,sdd,True,fdatasync,a43645bbfc2d8d18f8815964ef61f079604f153fbc1aab7fd962d016266f1584,0.0,32,0.3849494902412035,-0.890022938841004,-0.2323113984740967,0.07552795799483379,False,"[0.79638671875, 0.93359375, 0.8701171875]",14776983552,812615102464,36147326976
PASS,direct,NAIVE_PRODUCT,cx_product_control,27,28,2147483648,4294967296,16777216,16777216,3,6442450944,8589934592,6442450944,8589934592,384,512,17.52419614599785,0.011281054990831763,17.53547720098868,17.53547720098868,1.467872,0.1224650816961469,0.2449301633922938,4294967296,4294971392,4294971392,138117120,67108864,0,0,6442451199,8589934592,6442450944,8589934592,0,12583496,16782544,6442749952,8592662528,product,random_seeded,0,main,20263616,3ed44a33105ab5314228,207,207,2026-09-15T17:40:02.216394+00:00,ext4,wsl2_ext4_vhdx,sdd,True,fdatasync,a43645bbfc2d8d18f8815964ef61f079604f153fbc1aab7fd962d016266f1584,0.0,32,0.3849494902412035,-0.890022938841004,-0.2323113984740967,0.07552795799483379,False,"[0.828125, 0.9365234375, 0.8720703125]",14773948416,812615098368,36147281920
PASS,direct,PRODUCT_FUSED,cx_product_control,27,28,2147483648,4294967296,16777216,16777216,3,2147483648,4294967296,2147483648,4294967296,128,256,11.394322354986798,0.009300456993514672,11.403622811980313,11.403622811980313,0.6981729999999999,0.1883159135835251,0.3766318271670502,4294967296,0,4294971392,138117120,67108864,0,0,2147483903,4294967296,2147483648,4294967296,0,4194632,8390472,2147651584,4295921664,product,random_seeded,1,main,20263617,127db174f693bea1ef37,208,208,2026-09-15T17:40:21.426344+00:00,ext4,wsl2_ext4_vhdx,sdd,True,fdatasync,a43645bbfc2d8d18f8815964ef61f079604f153fbc1aab7fd962d016266f1584,0.0,32,0.42970556817313094,0.33801254654366747,0.5599088739599529,0.6225774617836476,False,"[0.87744140625, 0.9423828125, 0.8759765625]",14784507904,812614647808,36147281920
PASS,direct,NAIVE_PRODUCT,cx_product_control,27,28,2147483648,4294967296,16777216,16777216,3,6442450944,8589934592,6442450944,8589934592,384,512,15.270483265980147,0.011691238003550097,15.282174503983697,15.282174503983697,1.423461,0.1405221257904235,0.281044251580847,4294967296,4294971392,4294971392,138117120,67108864,0,0,6442451199,8589934592,6442450944,8589934592,0,12593952,16779968,6448103424,8591343616,product,random_seeded,1,main,20263617,24578349b2a1d7ecbfd0,209,209,2026-09-15T17:40:34.383590+00:00,ext4,wsl2_ext4_vhdx,sdd,True,fdatasync,a43645bbfc2d8d18f8815964ef61f079604f153fbc1aab7fd962d016266f1584,0.0,32,0.42970556817313094,0.33801254654366747,0.5599088739599529,0.6225774617836476,False,"[0.89697265625, 0.9443359375, 0.8779296875]",14784376832,812614504448,36147277824
PASS,direct,NAIVE_PRODUCT,cx_product_control,27,28,2147483648,4294967296,16777216,16777216,3,6442450944,8589934592,6442450944,8589934592,384,512,21.767958525015274,0.011860825994517654,21.77981935100979,21.77981935100979,1.4996230000000002,0.09859969972158814,0.19719939944317627,4294967296,4294971392,4294971392,138117120,67108864,0,0,6442451199,8589934592,6442450944,8589934592,0,12582936,16779896,6442463232,8591306752,product,random_seeded,2,main,20263618,4de1cc15108c4f21f922,210,210,2026-09-15T17:40:51.273098+00:00,ext4,wsl2_ext4_vhdx,sdd,True,fdatasync,a43645bbfc2d8d18f8815964ef61f079604f153fbc1aab7fd962d016266f1584,0.0,32,-0.8583823607790995,-0.18426141500037477,-0.05952385969249384,0.47506248407200924,False,"[0.8466796875, 0.93115234375, 0.8759765625]",14780297216,812614504448,36147277824
PASS,direct,PRODUCT_FUSED,cx_product_control,27,28,2147483648,4294967296,16777216,16777216,3,2147483648,4294967296,2147483648,4294967296,128,256,10.556666419986868,0.007755134021863341,10.564421554008732,10.564421554008732,0.6947289999999999,0.20327508108431405,0.4065501621686281,4294967296,0,4294971392,138117120,67108864,0,0,2147483903,4294967296,2147483648,4294967296,0,4194304,8391248,2147483648,4296318976,product,random_seeded,2,main,20263618,1646ae42a002272960a0,211,211,2026-09-15T17:41:14.587560+00:00,ext4,wsl2_ext4_vhdx,sdd,True,fdatasync,a43645bbfc2d8d18f8815964ef61f079604f153fbc1aab7fd962d016266f1584,0.0,32,-0.8583823607790995,-0.18426141500037477,-0.05952385969249384,0.47506248407200924,False,"[0.8916015625, 0.93701171875, 0.8798828125]",14787936256,812614238208,36147212288
PASS,direct,NAIVE_PRODUCT,cx_product_control,27,28,2147483648,4294967296,16777216,16777216,3,6442450944,8589934592,6442450944,8589934592,384,512,17.452907195984153,0.014367947005666792,17.46727514298982,17.46727514298982,1.48948,0.12294325419508001,0.24588650839016002,4294967296,4294971392,4294971392,138117120,67108864,0,0,6442451199,8589934592,6442450944,8589934592,0,12582912,16779448,6442450944,8591077376,product,random_seeded,3,main,20263619,b167e1730fd6982fd046,212,212,2026-09-15T17:41:26.727556+00:00,ext4,wsl2_ext4_vhdx,sdd,True,fdatasync,a43645bbfc2d8d18f8815964ef61f079604f153fbc1aab7fd962d016266f1584,0.0,32,-0.7565497076887917,0.15939936356082218,0.6326882057889841,-0.043931958161740434,False,"[0.916015625, 0.94140625, 0.8828125]",14787411968,812614230016,36147212288
PASS,direct,PRODUCT_FUSED,cx_product_control,27,28,2147483648,4294967296,16777216,16777216,3,2147483648,4294967296,2147483648,4294967296,128,256,9.383806130994344,0.008661464002216235,9.39246759499656,9.39246759499656,0.679794,0.22863892010061135,0.4572778402012227,4294967296,0,4294971392,138117120,67108864,0,0,2147483903,4294967296,2147483648,4294967296,0,4194304,8389424,2147483648,4295385088,product,random_seeded,3,main,20263619,de020baa356fd8cf8476,213,213,2026-09-15T17:41:45.707209+00:00,ext4,wsl2_ext4_vhdx,sdd,True,fdatasync,a43645bbfc2d8d18f8815964ef61f079604f153fbc1aab7fd962d016266f1584,0.0,32,-0.7565497076887917,0.15939936356082218,0.6326882057889841,-0.043931958161740434,False,"[0.85986328125, 0.92822265625, 0.880859375]",14794244096,812614012928,36147212288
PASS,direct,PRODUCT_FUSED,cx_product_control,27,28,2147483648,4294967296,16777216,16777216,3,2147483648,4294967296,2147483648,4294967296,128,256,8.838241473014932,0.020588660991052166,8.858830134005984,8.858830134005984,0.70708,0.2424116520483391,0.4848233040966782,4294967296,0,4294971392,138117120,67108864,0,0,2147483903,4294967296,2147483648,4294967296,0,4194304,8390584,2147483648,4295979008,product,random_seeded,4,main,20263620,1ac320269ce4fa4ba37e,214,214,2026-09-15T17:41:56.617375+00:00,ext4,wsl2_ext4_vhdx,sdd,True,fdatasync,a43645bbfc2d8d18f8815964ef61f079604f153fbc1aab7fd962d016266f1584,0.0,32,-0.7411818088574018,-0.5339022882180287,0.2932789110923276,-0.28210876123034795,False,"[0.80126953125, 0.9140625, 0.876953125]",14792507392,812614004736,36147212288
PASS,direct,NAIVE_PRODUCT,cx_product_control,27,28,2147483648,4294967296,16777216,16777216,3,6442450944,8589934592,6442450944,8589934592,384,512,20.30252508400008,0.013268618000438437,20.31579370200052,20.31579370200052,1.365522,0.10570513165766862,0.21141026331533724,4294967296,4294971392,4294971392,138117120,67108864,0,0,6442451199,8589934592,6442450944,8589934592,0,12707840,16779784,6506414080,8591249408,product,random_seeded,4,main,20263620,f8af27ee132cd7c5def4,215,215,2026-09-15T17:42:06.967760+00:00,ext4,wsl2_ext4_vhdx,sdd,True,fdatasync,a43645bbfc2d8d18f8815964ef61f079604f153fbc1aab7fd962d016266f1584,0.0,32,-0.7411818088574018,-0.5339022882180287,0.2932789110923276,-0.28210876123034795,False,"[0.912109375, 0.93359375, 0.88427734375]",14776426496,812614000640,36147200000
PASS,direct,NAIVE_BASIS,cx_product_target,27,28,2147483648,4294967296,16777216,16777216,3,6442450944,8589934592,6442450944,8589934592,384,512,20.17788060399471,0.011850406997837126,20.189731010992546,20.189731010992546,1.421249,0.10636514408392941,0.21273028816785883,4294967296,4294971392,4294971392,138117120,67108864,0,0,6442451199,8589934592,6442450944,8589934592,0,12610872,16780920,6456766464,8591831040,basis,basis0,0,basis,20273616,534b7a6808ac4728b33d,216,216,2026-09-15T17:42:28.766643+00:00,ext4,wsl2_ext4_vhdx,sdd,True,fdatasync,a43645bbfc2d8d18f8815964ef61f079604f153fbc1aab7fd962d016266f1584,0.0,32,1.0,0.0,0.0,0.0,False,"[0.9384765625, 0.939453125, 0.88818359375]",14782173184,812613591040,36147200000
PASS,direct,FUSED_BASIS,cx_product_target,27,28,2147483648,4294967296,16777216,16777216,3,2147483648,4294967296,2147483648,4294967296,128,256,8.57928152702516,0.010677577985916287,8.589959105011076,8.589959105011076,0.698767,0.24999928657951753,0.49999857315903506,4294967296,0,4294971392,138117120,67108864,0,0,2147483908,4294967296,2147483648,4294967296,0,4259712,8389440,2180972544,4295393280,basis,basis0,0,basis,20273616,9966814d0139be4eea9f,217,217,2026-09-15T17:42:50.441652+00:00,ext4,wsl2_ext4_vhdx,sdd,True,fdatasync,a43645bbfc2d8d18f8815964ef61f079604f153fbc1aab7fd962d016266f1584,0.0,32,1.0,0.0,0.0,0.0,False,"[0.88037109375, 0.92822265625, 0.88720703125]",14792585216,812613287936,36147195904
PASS,direct,THIN_BASIS,cx_product_target,27,28,2147483648,4294967296,16777216,16777216,3,6442450944,6442450944,6442450944,6442450944,384,384,17.53308799600927,0.01680067100096494,17.549888667010237,17.549888667010237,1.4002359999999998,0.1223645168779205,0.244729033755841,4294967296,2147487744,4294971392,138117120,67108864,0,0,6442451199,6442450944,4294975488,6442450944,0,8388640,12586264,4294983680,6444167168,basis,basis0,0,basis,20273616,139d92394724f1b7d874,218,218,2026-09-15T17:43:01.662018+00:00,ext4,wsl2_ext4_vhdx,sdd,True,fdatasync,a43645bbfc2d8d18f8815964ef61f079604f153fbc1aab7fd962d016266f1584,0.0,32,1.0,0.0,0.0,0.0,False,"[0.81884765625, 0.9140625, 0.88330078125]",14788681728,812613214208,36147130368
PASS,direct,NAIVE_BASIS,cx_product_target,27,28,2147483648,4294967296,16777216,16777216,3,6442450944,8589934592,6442450944,8589934592,384,512,19.55198113701772,0.011781362991314381,19.563762500009034,19.563762500009034,1.3973809999999998,0.10976843784517464,0.21953687569034927,4294967296,4294971392,4294971392,138117120,67108864,0,0,6442451199,8589934592,6442450944,8589934592,0,12587272,16779992,6444683264,8591355904,basis,basis0,1,basis,20273617,3950092a343a490e2bc6,219,219,2026-09-15T17:43:20.763798+00:00,ext4,wsl2_ext4_vhdx,sdd,True,fdatasync,a43645bbfc2d8d18f8815964ef61f079604f153fbc1aab7fd962d016266f1584,0.0,32,1.0,0.0,0.0,0.0,False,"[0.79052734375, 0.90283203125, 0.88134765625]",14784389120,812613210112,36147130368
PASS,direct,FUSED_BASIS,cx_product_target,27,28,2147483648,4294967296,16777216,16777216,3,2147483648,4294967296,2147483648,4294967296,128,256,5.572697550989687,0.008839053014526144,5.581536604004214,5.581536604004214,0.681559,0.3847477496536326,0.7694954993072652,4294967296,0,4294971392,138117120,67108864,0,0,2147483903,4294967296,2147483648,4294967296,0,4194304,8389344,2147483648,4295344128,basis,basis0,1,basis,20273617,6424b0fbbae17ebda9b9,220,220,2026-09-15T17:43:41.795920+00:00,ext4,wsl2_ext4_vhdx,sdd,True,fdatasync,a43645bbfc2d8d18f8815964ef61f079604f153fbc1aab7fd962d016266f1584,0.0,32,1.0,0.0,0.0,0.0,False,"[0.9130859375, 0.92578125, 0.890625]",14790443008,812613148672,36147130368
PASS,direct,THIN_BASIS,cx_product_target,27,28,2147483648,4294967296,16777216,16777216,3,6442450944,6442450944,6442450944,6442450944,384,384,15.707910561031895,0.02317447998211719,15.731085041014012,15.731085041014012,1.4064969999999999,0.13651211231781474,0.2730242246356295,4294967296,2147487744,4294971392,138117120,67108864,0,0,6442451199,6442450944,4294967296,6442450944,0,8389600,12585752,4295475200,6443905024,basis,basis0,1,basis,20273617,6f5189e0c0666e78cae5,221,221,2026-09-15T17:43:48.855446+00:00,ext4,wsl2_ext4_vhdx,sdd,True,fdatasync,a43645bbfc2d8d18f8815964ef61f079604f153fbc1aab7fd962d016266f1584,0.0,32,1.0,0.0,0.0,0.0,False,"[0.92041015625, 0.92724609375, 0.8916015625]",14769438720,812613103616,36147130368
PASS,direct,THIN_BASIS,cx_product_target,27,28,2147483648,4294967296,16777216,16777216,3,6442450944,6442450944,6442450944,6442450944,384,384,17.957842084986623,0.012879503017757088,17.97072158800438,17.97072158800438,1.4395360000000001,0.11949902164382006,0.23899804328764013,4294967296,2147487744,4294971392,138117120,67108864,0,0,6442451199,6442450944,4294967296,6442450944,0,8388680,12585208,4295004160,6443626496,basis,basis0,2,basis,20273618,260dc480491c9770d8b9,222,222,2026-09-15T17:44:06.079477+00:00,ext4,wsl2_ext4_vhdx,sdd,True,fdatasync,a43645bbfc2d8d18f8815964ef61f079604f153fbc1aab7fd962d016266f1584,0.0,32,1.0,0.0,0.0,0.0,False,"[0.86328125, 0.916015625, 0.8896484375]",14777749504,812612939776,36147064832
PASS,direct,NAIVE_BASIS,cx_product_target,27,28,2147483648,4294967296,16777216,16777216,3,6442450944,8589934592,6442450944,8589934592,384,512,20.760395552031696,0.011961668991716579,20.772357221023412,20.772357221023412,1.4444,0.10338179847141094,0.20676359694282187,4294967296,4294971392,4294971392,138117120,67108864,0,0,6442451199,8589934592,6442450944,8589934592,0,12582912,16780584,6442450944,8591659008,basis,basis0,2,basis,20273618,3bb0ea025351c1d0d8cc,223,223,2026-09-15T17:44:25.546204+00:00,ext4,wsl2_ext4_vhdx,sdd,True,fdatasync,a43645bbfc2d8d18f8815964ef61f079604f153fbc1aab7fd962d016266f1584,0.0,32,1.0,0.0,0.0,0.0,False,"[0.822265625, 0.90478515625, 0.8876953125]",14788415488,812612870144,36147064832
PASS,direct,FUSED_BASIS,cx_product_target,27,28,2147483648,4294967296,16777216,16777216,3,2147483648,4294967296,2147483648,4294967296,128,256,12.370371340977727,0.024606118007795885,12.394977458985522,12.394977458985522,0.7132499999999999,0.1732543407284068,0.3465086814568136,4294967296,0,4294971392,138117120,67108864,0,0,2147483903,4294967296,2147483648,4294967296,0,4194304,8390336,2147483648,4295852032,basis,basis0,2,basis,20273618,149c9d3909bffc3b4c3d,224,224,2026-09-15T17:44:47.846015+00:00,ext4,wsl2_ext4_vhdx,sdd,True,fdatasync,a43645bbfc2d8d18f8815964ef61f079604f153fbc1aab7fd962d016266f1584,0.0,32,1.0,0.0,0.0,0.0,False,"[0.94140625, 0.92822265625, 0.89697265625]",14791864320,812612853760,36146974720
PASS,direct,NAIVE_BASIS,cx_product_target,27,28,2147483648,4294967296,16777216,16777216,3,6442450944,8589934592,6442450944,8589934592,384,512,22.662107165000634,0.01274476500111632,22.67485193000175,22.67485193000175,1.413156,0.09470772530860952,0.18941545061721904,4294967296,4294971392,4294971392,138117120,67108864,0,0,6442451199,8589934592,6442450944,8589934592,0,12583416,16783632,6442708992,8593219584,basis,basis0,3,basis,20273619,34973a8b9876375b5d7b,225,225,2026-09-15T17:45:01.824252+00:00,ext4,wsl2_ext4_vhdx,sdd,True,fdatasync,a43645bbfc2d8d18f8815964ef61f079604f153fbc1aab7fd962d016266f1584,0.0,32,1.0,0.0,0.0,0.0,False,"[0.87451171875, 0.91552734375, 0.89404296875]",14774669312,812612775936,36146974720
PASS,direct,THIN_BASIS,cx_product_target,27,28,2147483648,4294967296,16777216,16777216,3,6442450944,6442450944,6442450944,6442450944,384,384,18.29859013101668,0.01870838098693639,18.317298512003617,18.317298512003617,1.518094,0.11723801119432102,0.23447602238864204,4294967296,2147487744,4294971392,138117120,67108864,0,0,6442451199,6442450944,4294967296,6442450944,0,8388840,12584648,4295086080,6443339776,basis,basis0,3,basis,20273619,600a349909a944b30882,226,226,2026-09-15T17:45:26.036099+00:00,ext4,wsl2_ext4_vhdx,sdd,True,fdatasync,a43645bbfc2d8d18f8815964ef61f079604f153fbc1aab7fd962d016266f1584,0.0,32,1.0,0.0,0.0,0.0,False,"[0.83740234375, 0.90576171875, 0.89306640625]",14787268608,812612661248,36146962432
PASS,direct,FUSED_BASIS,cx_product_target,27,28,2147483648,4294967296,16777216,16777216,3,2147483648,4294967296,2147483648,4294967296,128,256,9.345223910990171,0.008731992013053969,9.353955903003225,9.353955903003225,0.729613,0.22958026211247357,0.45916052422494713,4294967296,0,4294971392,138117120,67108864,0,0,2147483903,4294967296,2147483648,4294967296,0,4194304,8390312,2147483648,4295839744,basis,basis0,3,basis,20273619,f47d3ba230b923eb95ac,227,227,2026-09-15T17:45:46.465056+00:00,ext4,wsl2_ext4_vhdx,sdd,True,fdatasync,a43645bbfc2d8d18f8815964ef61f079604f153fbc1aab7fd962d016266f1584,0.0,32,1.0,0.0,0.0,0.0,False,"[0.927734375, 0.92724609375, 0.90185546875]",14782681088,812612620288,36146962432
PASS,direct,THIN_BASIS,cx_product_target,27,28,2147483648,4294967296,16777216,16777216,3,6442450944,6442450944,6442450944,6442450944,384,384,17.77611747701303,0.016918349982006475,17.793035826995037,17.793035826995037,1.3993589999999998,0.12069236913140506,0.24138473826281012,4294967296,2147487744,4294971392,138117120,67108864,0,0,6442451199,6442450944,4294967296,6442450944,0,8388840,12584536,4295086080,6443282432,basis,basis0,4,basis,20273620,50587868d2fda38ca1c6,228,228,2026-09-15T17:45:57.453015+00:00,ext4,wsl2_ext4_vhdx,sdd,True,fdatasync,a43645bbfc2d8d18f8815964ef61f079604f153fbc1aab7fd962d016266f1584,0.0,32,1.0,0.0,0.0,0.0,False,"[0.93896484375, 0.93017578125, 0.90380859375]",14759596032,812612612096,36146962432
PASS,direct,FUSED_BASIS,cx_product_target,27,28,2147483648,4294967296,16777216,16777216,3,2147483648,4294967296,2147483648,4294967296,128,256,9.140179070003796,0.006468644016422331,9.146647714020219,9.146647714020219,0.648479,0.23478368415876358,0.46956736831752716,4294967296,0,4294971392,138117120,67108864,0,0,2147483903,4294967296,2147483648,4294967296,0,4194304,8390328,2147483648,4295847936,basis,basis0,4,basis,20273620,02cff7407bf6a3d571e4,229,229,2026-09-15T17:46:16.720044+00:00,ext4,wsl2_ext4_vhdx,sdd,True,fdatasync,a43645bbfc2d8d18f8815964ef61f079604f153fbc1aab7fd962d016266f1584,0.0,32,1.0,0.0,0.0,0.0,False,"[0.876953125, 0.9189453125, 0.90185546875]",14787096576,812612567040,36146962432
PASS,direct,NAIVE_BASIS,cx_product_target,27,28,2147483648,4294967296,16777216,16777216,3,6442450944,8589934592,6442450944,8589934592,384,512,16.193057719996432,0.011404210003092885,16.204461929999525,16.204461929999525,1.395914,0.13252421816143964,0.2650484363228793,4294967296,4294971392,4294971392,138117120,67108864,0,0,6442451199,8589934592,6442450944,8589934592,0,12582928,16779400,6442459136,8591052800,basis,basis0,4,basis,20273620,fa3afd586df0aece9682,230,230,2026-09-15T17:46:27.358423+00:00,ext4,wsl2_ext4_vhdx,sdd,True,fdatasync,a43645bbfc2d8d18f8815964ef61f079604f153fbc1aab7fd962d016266f1584,0.0,32,1.0,0.0,0.0,0.0,False,"[0.97021484375, 0.9384765625, 0.9091796875]",14784233472,812612554752,36146962432
PASS,direct,PRODUCT_FUSED,cx_product_target,28,29,4294967296,8589934592,16777216,16777216,3,4294967296,8589934592,4294967296,8589934592,256,512,20.977817036997294,0.00623705200268887,20.984054088999983,20.984054088999983,1.4340829999999998,0.20467766990037725,0.4093553398007545,8589934592,0,8589946880,138117120,67108864,0,0,4294967551,8589934592,4294967296,8589934592,0,8388936,16778376,4295135232,8590528512,product,plus,0,main,20273716,18e8d2e9d706d729939c,231,231,2026-09-15T17:46:57.056187+00:00,ext4,wsl2_ext4_vhdx,sdd,True,fdatasync,a43645bbfc2d8d18f8815964ef61f079604f153fbc1aab7fd962d016266f1584,0.0,32,0.7071067811865475,0.0,0.7071067811865475,0.0,True,"[1.05615234375, 0.9619140625, 0.91748046875]",14788583424,810464993280,36146962432
PASS,direct,NAIVE_PRODUCT,cx_product_target,28,29,4294967296,8589934592,16777216,16777216,3,12884901888,17179869184,12884901888,17179869184,768,1024,38.86738537700148,0.011512039985973388,38.878897416987456,38.878897416987456,2.944022,0.11047039863129937,0.22094079726259874,8589934592,8589946880,8589946880,138117120,67108864,0,0,12884902148,17179869184,12884905984,17179869184,0,25212856,33560248,12908982272,17182846976,product,plus,0,main,20273716,4cccde3ac3f89f0a166a,232,232,2026-09-15T17:47:19.941619+00:00,ext4,wsl2_ext4_vhdx,sdd,True,fdatasync,a43645bbfc2d8d18f8815964ef61f079604f153fbc1aab7fd962d016266f1584,0.0,32,0.7071067811865475,0.0,0.7071067811865475,0.0,True,"[1.11962890625, 0.982421875, 0.9248046875]",14795231232,810464890880,33462493184
PASS,direct,PRODUCT_FUSED,cx_product_target,28,29,4294967296,8589934592,16777216,16777216,3,4294967296,8589934592,4294967296,8589934592,256,512,22.09135832899483,0.0087712740059942,22.100129603000823,22.100129603000823,1.4256520000000001,0.19434127189085876,0.3886825437817175,8589934592,0,8589946880,138117120,67108864,0,0,4294967551,8589934592,4294967296,8589934592,0,8388616,16781232,4294971392,8591990784,product,plus,1,main,20273717,58d59ecf35005c394b6b,233,233,2026-09-15T17:48:00.574811+00:00,ext4,wsl2_ext4_vhdx,sdd,True,fdatasync,a43645bbfc2d8d18f8815964ef61f079604f153fbc1aab7fd962d016266f1584,0.0,32,0.7071067811865475,0.0,0.7071067811865475,0.0,True,"[1.07177734375, 0.99755859375, 0.93408203125]",14787383296,810464788480,30039937024
PASS,direct,NAIVE_PRODUCT,cx_product_target,28,29,4294967296,8589934592,16777216,16777216,3,12884901888,17179869184,12884901888,17179869184,768,1024,58.0054592009692,0.01079070902778767,58.016249909996986,58.016249909996986,2.933817,0.07403041910952467,0.14806083821904933,8589934592,8589946880,8589946880,138117120,67108864,0,0,12884902143,17179869184,12884901888,17179869184,0,25166232,33560888,12885110784,17183174656,product,plus,1,main,20273717,2ca316463345248fd7cc,234,234,2026-09-15T17:48:24.279484+00:00,ext4,wsl2_ext4_vhdx,sdd,True,fdatasync,a43645bbfc2d8d18f8815964ef61f079604f153fbc1aab7fd962d016266f1584,0.0,32,0.7071067811865475,0.0,0.7071067811865475,0.0,True,"[1.05078125, 0.99951171875, 0.93603515625]",14780579840,810464776192,30039928832
PASS,direct,NAIVE_PRODUCT,cx_product_target,28,29,4294967296,8589934592,16777216,16777216,3,12884901888,17179869184,12884901888,17179869184,768,1024,37.857063457980985,0.011375399015378207,37.86843885699636,37.86843885699636,2.965756,0.11341812405362695,0.2268362481072539,8589934592,8589946880,8589946880,138117120,67108864,0,0,12884902143,17179869184,12884901888,17179869184,0,25296808,33558608,12951965696,17182007296,product,plus,2,main,20273718,4376b86c53497c51ba72,235,235,2026-09-15T17:49:23.995308+00:00,ext4,wsl2_ext4_vhdx,sdd,True,fdatasync,a43645bbfc2d8d18f8815964ef61f079604f153fbc1aab7fd962d016266f1584,0.0,32,0.7071067811865475,0.0,0.7071067811865475,0.0,True,"[1.0166015625, 1.0, 0.94189453125]",14792863744,810464636928,30039863296
PASS,direct,PRODUCT_FUSED,cx_product_target,28,29,4294967296,8589934592,16777216,16777216,3,4294967296,8589934592,4294967296,8589934592,256,512,24.411497081979178,0.008543333999114111,24.420040415978292,24.420040415978292,1.409386,0.1758787955645543,0.3517575911291086,8589934592,0,8589946880,138117120,67108864,0,0,4294967551,8589934592,4294967296,8589934592,0,8388744,16780008,4295036928,8591364096,product,plus,2,main,20273718,5f6b340310c0dc210a31,236,236,2026-09-15T17:50:03.414608+00:00,ext4,wsl2_ext4_vhdx,sdd,True,fdatasync,a43645bbfc2d8d18f8815964ef61f079604f153fbc1aab7fd962d016266f1584,0.0,32,0.7071067811865475,0.0,0.7071067811865475,0.0,True,"[1.18701171875, 1.04541015625, 0.9619140625]",14751522816,810464423936,30039859200
PASS,direct,PRODUCT_FUSED,cx_product_target,28,29,4294967296,8589934592,16777216,16777216,3,4294967296,8589934592,4294967296,8589934592,256,512,27.143629550002515,0.01180267398012802,27.155432223982643,27.155432223982643,1.439794,0.15816236179098075,0.3163247235819615,8589934592,0,8589946880,138117120,67108864,0,0,4294967551,8589934592,4294967296,8589934592,0,8420912,16781320,4311506944,8592035840,product,plus,3,main,20273719,2fd98709a13161697469,237,237,2026-09-15T17:50:29.473365+00:00,ext4,wsl2_ext4_vhdx,sdd,True,fdatasync,a43645bbfc2d8d18f8815964ef61f079604f153fbc1aab7fd962d016266f1584,0.0,32,0.7071067811865475,0.0,0.7071067811865475,0.0,True,"[1.12255859375, 1.04052734375, 0.96435546875]",14790868992,810464382976,30039859200
PASS,direct,NAIVE_PRODUCT,cx_product_target,28,29,4294967296,8589934592,16777216,16777216,3,12884901888,17179869184,12884901888,17179869184,768,1024,47.795146718999604,0.014736373006599024,47.8098830920062,47.8098830920062,3.003654,0.0898342982293993,0.1796685964587986,8589934592,8589946880,8589946880,138117120,67108864,0,0,12884902148,17179869184,12884901888,17179869184,0,25211376,33563784,12908224512,17184657408,product,plus,3,main,20273719,847bdedf376b49ac3372,238,238,2026-09-15T17:50:58.191780+00:00,ext4,wsl2_ext4_vhdx,sdd,True,fdatasync,a43645bbfc2d8d18f8815964ef61f079604f153fbc1aab7fd962d016266f1584,0.0,32,0.7071067811865475,0.0,0.7071067811865475,0.0,True,"[1.07275390625, 1.03466796875, 0.96728515625]",14780342272,810464325632,30039859200
PASS,direct,PRODUCT_FUSED,cx_product_target,28,29,4294967296,8589934592,16777216,16777216,3,4294967296,8589934592,4294967296,8589934592,256,512,23.78607571599423,0.013668052008142695,23.799743768002372,23.799743768002372,1.40202,0.18046275362738903,0.36092550725477807,8589934592,0,8589946880,138117120,67108864,0,0,4294967551,8589934592,4294967296,8589934592,0,8389512,16779296,4295430144,8590999552,product,plus,4,main,20273720,b4d8cdbf159c1516ced6,239,239,2026-09-15T17:51:47.559061+00:00,ext4,wsl2_ext4_vhdx,sdd,True,fdatasync,a43645bbfc2d8d18f8815964ef61f079604f153fbc1aab7fd962d016266f1584,0.0,32,0.7071067811865475,0.0,0.7071067811865475,0.0,True,"[1.09765625, 1.04296875, 0.9775390625]",14788198400,810464190464,30039785472
PASS,direct,NAIVE_PRODUCT,cx_product_target,28,29,4294967296,8589934592,16777216,16777216,3,12884901888,17179869184,12884901888,17179869184,768,1024,45.978464178042486,0.011552947980817407,45.990017126023304,45.990017126023304,2.788576,0.09338912147457555,0.1867782429491511,8589934592,8589946880,8589946880,138117120,67108864,0,0,12884902143,17179869184,12884901888,17179869184,0,25167456,33561528,12885737472,17183502336,product,plus,4,main,20273720,f907e3aa3f9fb3cb98e8,240,240,2026-09-15T17:52:13.077304+00:00,ext4,wsl2_ext4_vhdx,sdd,True,fdatasync,a43645bbfc2d8d18f8815964ef61f079604f153fbc1aab7fd962d016266f1584,0.0,32,0.7071067811865475,0.0,0.7071067811865475,0.0,True,"[1.06298828125, 1.0380859375, 0.97998046875]",14779719680,810464141312,30037004288
PASS,direct,PRODUCT_FUSED,cx_product_control,28,29,4294967296,8589934592,16777216,16777216,3,4294967296,8589934592,4294967296,8589934592,256,512,27.64899978300673,0.009063120989594609,27.658062903996324,27.658062903996324,1.4400579999999998,0.1552880731708589,0.3105761463417178,8589934592,0,8589946880,138117120,67108864,0,0,4294967551,8589934592,4294967296,8589934592,0,8388704,16782816,4295016448,8592801792,product,random_seeded,0,main,20263716,e93dc9644264f5c59d29,241,241,2026-09-15T17:53:00.768475+00:00,ext4,wsl2_ext4_vhdx,sdd,True,fdatasync,a43645bbfc2d8d18f8815964ef61f079604f153fbc1aab7fd962d016266f1584,0.0,32,0.07766174318141558,0.5700206569880094,0.8068416352947391,0.13435653987764537,False,"[1.08154296875, 1.04638671875, 0.98974609375]",14768054272,810463956992,30036938752
PASS,direct,NAIVE_PRODUCT,cx_product_control,28,29,4294967296,8589934592,16777216,16777216,3,12884901888,17179869184,12884901888,17179869184,768,1024,41.44193605799228,0.011153072002343833,41.45308912999462,41.45308912999462,2.7906679999999997,0.1036103071240654,0.2072206142481308,8589934592,8589946880,8589946880,138117120,67108864,0,0,12884902143,17179869184,12884901888,17179869184,0,25165832,33559104,12884905984,17182261248,product,random_seeded,0,main,20263716,591d4a6a72549967ed08,242,242,2026-09-15T17:53:29.918659+00:00,ext4,wsl2_ext4_vhdx,sdd,True,fdatasync,a43645bbfc2d8d18f8815964ef61f079604f153fbc1aab7fd962d016266f1584,0.0,32,0.07766174318141558,0.5700206569880094,0.8068416352947391,0.13435653987764537,False,"[0.9970703125, 1.0263671875, 0.98681640625]",14779260928,810463875072,30036938752
PASS,direct,NAIVE_PRODUCT,cx_product_control,28,29,4294967296,8589934592,16777216,16777216,3,12884901888,17179869184,12884901888,17179869184,768,1024,51.09115826597554,0.014129346003755927,51.10528761197929,51.10528761197929,2.958979,0.08404154436249063,0.16808308872498126,8589934592,8589946880,8589946880,138117120,67108864,0,0,12884902143,17179869184,12884901888,17179869184,0,25165824,33560440,12884901888,17182945280,product,random_seeded,1,main,20263717,ef0bf14a4c8b73fc2e23,243,243,2026-09-15T17:54:13.187995+00:00,ext4,wsl2_ext4_vhdx,sdd,True,fdatasync,a43645bbfc2d8d18f8815964ef61f079604f153fbc1aab7fd962d016266f1584,0.0,32,-0.5049205843933613,0.23099205308746656,-0.5885323602319247,-0.5876457570902248,False,"[1.0, 1.02197265625, 0.9912109375]",14772207616,810463551488,30036811776
PASS,direct,PRODUCT_FUSED,cx_product_control,28,29,4294967296,8589934592,16777216,16777216,3,4294967296,8589934592,4294967296,8589934592,256,512,29.719559129996924,0.00747481599682942,29.727033945993753,29.727033945993753,1.4067949999999998,0.14448018271189894,0.2889603654237979,8589934592,0,8589946880,138117120,67108864,0,0,4294967551,8589934592,4294967296,8589934592,0,8388608,16779680,4294967296,8591196160,product,random_seeded,1,main,20263717,584fee86410c26fe2f03,244,244,2026-09-15T17:55:05.920869+00:00,ext4,wsl2_ext4_vhdx,sdd,True,fdatasync,a43645bbfc2d8d18f8815964ef61f079604f153fbc1aab7fd962d016266f1584,0.0,32,-0.5049205843933613,0.23099205308746656,-0.5885323602319247,-0.5876457570902248,False,"[1.06689453125, 1.033203125, 1.0009765625]",14778871808,810463449088,30036811776
PASS,direct,PRODUCT_FUSED,cx_product_control,28,29,4294967296,8589934592,16777216,16777216,3,4294967296,8589934592,4294967296,8589934592,256,512,25.73731318701175,0.008758228999795392,25.746071416011546,25.746071416011546,1.3658219999999999,0.1668202976135982,0.3336405952271964,8589934592,0,8589946880,138117120,67108864,0,0,4294967551,8589934592,4294967296,8589934592,0,8388632,16780760,4294979584,8591749120,product,random_seeded,2,main,20263718,a2aa1d92ea5e38519cf6,245,245,2026-09-15T17:55:37.157908+00:00,ext4,wsl2_ext4_vhdx,sdd,True,fdatasync,a43645bbfc2d8d18f8815964ef61f079604f153fbc1aab7fd962d016266f1584,0.0,32,0.7492701799319008,-0.10918973572780814,0.6407541533503502,-0.12690907785018551,False,"[0.958984375, 1.01171875, 0.99462890625]",14783438848,810463350784,30036811776
PASS,direct,NAIVE_PRODUCT,cx_product_control,28,29,4294967296,8589934592,16777216,16777216,3,12884901888,17179869184,12884901888,17179869184,768,1024,57.95067812796333,0.010951503034448251,57.96162963099778,57.96162963099778,2.619017,0.07410018185035741,0.14820036370071482,8589934592,8589946880,8589946880,138117120,67108864,0,0,12884902143,17179869184,12884901888,17179869184,0,25167720,33564128,12885872640,17184833536,product,random_seeded,2,main,20263718,e7339581701dc25725f4,246,246,2026-09-15T17:56:04.433890+00:00,ext4,wsl2_ext4_vhdx,sdd,True,fdatasync,a43645bbfc2d8d18f8815964ef61f079604f153fbc1aab7fd962d016266f1584,0.0,32,0.7492701799319008,-0.10918973572780814,0.6407541533503502,-0.12690907785018551,False,"[0.97412109375, 1.00927734375, 0.9970703125]",14784143360,810463215616,30036811776
PASS,direct,PRODUCT_FUSED,cx_product_control,28,29,4294967296,8589934592,16777216,16777216,3,4294967296,8589934592,4294967296,8589934592,256,512,33.665515930973925,0.030561926017981023,33.696077856991906,33.696077856991906,1.250065,0.127461935309744,0.254923870619488,8589934592,0,8589946880,138117120,67108864,0,0,4294967551,8589934592,4294967296,8589934592,0,8388792,16783048,4295061504,8592920576,product,random_seeded,3,main,20263719,4b8d289e1fb6ee14e945,247,247,2026-09-15T17:57:03.916286+00:00,ext4,wsl2_ext4_vhdx,sdd,True,fdatasync,a43645bbfc2d8d18f8815964ef61f079604f153fbc1aab7fd962d016266f1584,0.0,32,-0.3782975343333372,0.39558249364314657,0.8350434185879797,0.055749038675904666,False,"[1.126953125, 1.0361328125, 1.009765625]",14774198272,810463047680,30036807680
PASS,direct,NAIVE_PRODUCT,cx_product_control,28,29,4294967296,8589934592,16777216,16777216,3,12884901888,17179869184,12884901888,17179869184,768,1024,60.425188948982395,0.01367978099733591,60.43886872997973,60.43886872997973,2.624971,0.07106299946129782,0.14212599892259564,8589934592,8589946880,8589946880,138117120,67108864,0,0,12884902143,17179869184,12884901888,17179869184,0,25166176,33558600,12885082112,17182003200,product,random_seeded,3,main,20263719,2a87a10f0381f2fc318d,248,248,2026-09-15T17:57:39.070180+00:00,ext4,wsl2_ext4_vhdx,sdd,True,fdatasync,a43645bbfc2d8d18f8815964ef61f079604f153fbc1aab7fd962d016266f1584,0.0,32,-0.3782975343333372,0.39558249364314657,0.8350434185879797,0.055749038675904666,False,"[1.0693359375, 1.029296875, 1.00634765625]",14778011648,810463031296,30036799488
PASS,direct,PRODUCT_FUSED,cx_product_control,28,29,4294967296,8589934592,16777216,16777216,3,4294967296,8589934592,4294967296,8589934592,256,512,30.970339604013134,0.009315815987065434,30.9796554200002,30.9796554200002,1.229854,0.13863831723664707,0.27727663447329415,8589934592,0,8589946880,138117120,67108864,0,0,4294967551,8589934592,4294967296,8589934592,0,8389016,16781128,4295176192,8591937536,product,random_seeded,4,main,20263720,b6f2672ca879bf0a8c04,249,249,2026-09-15T17:58:41.227709+00:00,ext4,wsl2_ext4_vhdx,sdd,True,fdatasync,a43645bbfc2d8d18f8815964ef61f079604f153fbc1aab7fd962d016266f1584,0.0,32,-0.19288947639468623,0.4501835501713755,0.5874228906130319,0.644253652403392,False,"[0.94091796875, 1.00634765625, 0.99462890625]",14764179456,810463010816,30036733952
PASS,direct,NAIVE_PRODUCT,cx_product_control,28,29,4294967296,8589934592,16777216,16777216,3,12884901888,17179869184,12884901888,17179869184,768,1024,54.51722410300863,0.010045323986560106,54.52726942699519,54.52726942699519,2.567316,0.07876732763503579,0.15753465527007157,8589934592,8589946880,8589946880,138117120,67108864,0,0,12884902143,17179869184,12884901888,17179869184,0,25166432,33559144,12885213184,17182281728,product,random_seeded,4,main,20263720,1307b2bbfd585afc34c2,250,250,2026-09-15T17:59:13.670122+00:00,ext4,wsl2_ext4_vhdx,sdd,True,fdatasync,a43645bbfc2d8d18f8815964ef61f079604f153fbc1aab7fd962d016266f1584,0.0,32,-0.19288947639468623,0.4501835501713755,0.5874228906130319,0.644253652403392,False,"[0.96533203125, 1.00341796875, 0.99755859375]",14784372736,810462998528,30036729856
PASS,direct,NAIVE_PRODUCT,cz,28,29,4294967296,8589934592,16777216,16777216,3,12884901888,17179869184,12884901888,17179869184,768,1024,52.93204735397012,0.011489525029901415,52.94353687900002,52.94353687900002,2.618223,0.0811235431024555,0.162247086204911,8589934592,8589946880,8589946880,138117120,67108864,0,0,12884902143,17179869184,12884901888,17179869184,0,25205072,33560680,12904996864,17183068160,product,plus,0,main,20283716,819526f13d637a7d7183,251,251,2026-09-15T18:00:10.002314+00:00,ext4,wsl2_ext4_vhdx,sdd,True,fdatasync,a43645bbfc2d8d18f8815964ef61f079604f153fbc1aab7fd962d016266f1584,0.0,32,0.7071067811865475,0.0,0.7071067811865475,0.0,False,"[0.98779296875, 1.0, 1.0]",14781227008,810462969856,30036590592
PASS,direct,PRODUCT_FUSED,cz,28,29,4294967296,8589934592,16777216,16777216,3,4294967296,8589934592,4294967296,8589934592,256,512,39.80438218600466,0.009095763001823798,39.81347794900648,39.81347794900648,1.224246,0.10787721940547466,0.21575443881094933,8589934592,0,8589946880,138117120,67108864,0,0,4294967551,8589934592,4294967296,8589934592,0,8388808,16784272,4295069696,8593547264,product,plus,0,main,20283716,64d4f15d035f545b75aa,252,252,2026-09-15T18:01:04.686388+00:00,ext4,wsl2_ext4_vhdx,sdd,True,fdatasync,a43645bbfc2d8d18f8815964ef61f079604f153fbc1aab7fd962d016266f1584,0.0,32,0.7071067811865475,0.0,0.7071067811865475,0.0,False,"[0.99658203125, 1.0, 1.0]",14766518272,810462949376,30036520960
PASS,direct,PRODUCT_FUSED,cz,28,29,4294967296,8589934592,16777216,16777216,3,4294967296,8589934592,4294967296,8589934592,256,512,38.24844769696938,0.0046950330142863095,38.253142729983665,38.253142729983665,1.2899309999999997,0.11227750165043325,0.2245550033008665,8589934592,0,8589946880,138117120,67108864,0,0,4294967551,8589934592,4294967296,8589934592,0,8430144,16781104,4316233728,8591925248,product,plus,1,main,20283717,c5a5e1c455f3e5f1ad65,253,253,2026-09-15T18:01:45.973866+00:00,ext4,wsl2_ext4_vhdx,sdd,True,fdatasync,a43645bbfc2d8d18f8815964ef61f079604f153fbc1aab7fd962d016266f1584,0.0,32,0.7071067811865475,0.0,0.7071067811865475,0.0,False,"[1.13427734375, 1.03125, 1.009765625]",14781358080,810471104512,30036520960
PASS,direct,NAIVE_PRODUCT,cz,28,29,4294967296,8589934592,16777216,16777216,3,12884901888,17179869184,12884901888,17179869184,768,1024,71.6142016830272,0.011598164972383529,71.62579984799959,71.62579984799959,2.8258599999999996,0.05996396975830704,0.11992793951661408,8589934592,8589946880,8589946880,138117120,67108864,0,0,12884902148,17179869184,12884901888,17179869184,0,25180656,33564368,12892495872,17184956416,product,plus,1,main,20283717,5b2d87fbd9d8d690beed,254,254,2026-09-15T18:02:25.785354+00:00,ext4,wsl2_ext4_vhdx,sdd,True,fdatasync,a43645bbfc2d8d18f8815964ef61f079604f153fbc1aab7fd962d016266f1584,0.0,32,0.7071067811865475,0.0,0.7071067811865475,0.0,False,"[1.06689453125, 1.0263671875, 1.005859375]",14778544128,810470895616,30036516864
PASS,direct,PRODUCT_FUSED,cz,28,29,4294967296,8589934592,16777216,16777216,3,4294967296,8589934592,4294967296,8589934592,256,512,40.10211923299357,0.008713121002074331,40.11083235399565,40.11083235399565,1.292257,0.10707749113992535,0.2141549822798507,8589934592,0,8589946880,138117120,67108864,0,0,4294967551,8589934592,4294967296,8589934592,0,8388840,16781736,4295086080,8592248832,product,plus,2,main,20283718,7f3eb418685375d04bf3,255,255,2026-09-15T18:03:39.214309+00:00,ext4,wsl2_ext4_vhdx,sdd,True,fdatasync,a43645bbfc2d8d18f8815964ef61f079604f153fbc1aab7fd962d016266f1584,0.0,32,0.7071067811865475,0.0,0.7071067811865475,0.0,False,"[1.1181640625, 1.05029296875, 1.01025390625]",14763704320,810470260736,30036504576
PASS,direct,NAIVE_PRODUCT,cz,28,29,4294967296,8589934592,16777216,16777216,3,12884901888,17179869184,12884901888,17179869184,768,1024,84.38170492800418,0.011242787004448473,84.39294771500863,84.39294771500863,2.772578,0.05089249057283697,0.10178498114567394,8589934592,8589946880,8589946880,138117120,67108864,0,0,12884902143,17179869184,12884901888,17179869184,0,25165992,33560648,12884987904,17183051776,product,plus,2,main,20283718,23f03be44d77c522ea86,256,256,2026-09-15T18:04:20.899882+00:00,ext4,wsl2_ext4_vhdx,sdd,True,fdatasync,a43645bbfc2d8d18f8815964ef61f079604f153fbc1aab7fd962d016266f1584,0.0,32,0.7071067811865475,0.0,0.7071067811865475,0.0,False,"[1.0595703125, 1.04248046875, 1.00634765625]",14762233856,810470043648,30036295680
PASS,direct,PRODUCT_FUSED,cz,28,29,4294967296,8589934592,16777216,16777216,3,4294967296,8589934592,4294967296,8589934592,256,512,49.35524075097055,0.007552454015240073,49.36279320498579,49.36279320498579,1.242191,0.08700819011931835,0.1740163802386367,8589934592,0,8589946880,138117120,67108864,0,0,4294967551,8589934592,4294967296,8589934592,0,8389648,16784008,4295499776,8593412096,product,plus,3,main,20283719,e393b67a6ab368ebf128,257,257,2026-09-15T18:05:47.002471+00:00,ext4,wsl2_ext4_vhdx,sdd,True,fdatasync,a43645bbfc2d8d18f8815964ef61f079604f153fbc1aab7fd962d016266f1584,0.0,32,0.7071067811865475,0.0,0.7071067811865475,0.0,False,"[0.9658203125, 1.025390625, 0.998046875]",14766104576,810469478400,30036258816
PASS,direct,NAIVE_PRODUCT,cz,28,29,4294967296,8589934592,16777216,16777216,3,12884901888,17179869184,12884901888,17179869184,768,1024,62.76561357299215,0.011489469005027786,62.77710304199718,62.77710304199718,2.6838349999999997,0.06841614359182382,0.13683228718364765,8589934592,8589946880,8589946880,138117120,67108864,0,0,12884902143,17179869184,12884901888,17179869184,0,25181872,33559600,12893118464,17182515200,product,plus,3,main,20283719,25a46b358b2eca62216b,258,258,2026-09-15T18:06:38.173785+00:00,ext4,wsl2_ext4_vhdx,sdd,True,fdatasync,a43645bbfc2d8d18f8815964ef61f079604f153fbc1aab7fd962d016266f1584,0.0,32,0.7071067811865475,0.0,0.7071067811865475,0.0,False,"[1.06689453125, 1.03759765625, 1.00537109375]",14768926720,810469109760,30036180992
PASS,direct,NAIVE_PRODUCT,cz,28,29,4294967296,8589934592,16777216,16777216,3,12884901888,17179869184,12884901888,17179869184,768,1024,68.90220618899912,0.011953320004977286,68.9141595090041,68.9141595090041,2.770888,0.06232343725296154,0.12464687450592309,8589934592,8589942784,8589942784,138117120,67108864,0,0,12884902143,17179869184,12885094400,17179869184,0,25166200,33560888,12885094400,17183174656,product,plus,4,main,20283720,c04fedabf50254184d1e,259,259,2026-09-15T18:07:42.652967+00:00,ext4,wsl2_ext4_vhdx,sdd,True,fdatasync,a43645bbfc2d8d18f8815964ef61f079604f153fbc1aab7fd962d016266f1584,0.0,32,0.7071067811865475,0.0,0.7071067811865475,0.0,False,"[1.00341796875, 1.02587890625, 0.99951171875]",14774489088,810468737024,30036180992
PASS,direct,PRODUCT_FUSED,cz,28,29,4294967296,8589934592,16777216,16777216,3,4294967296,8589934592,4294967296,8589934592,256,512,88.9247822209727,0.01861410101992078,88.94339632199262,88.94339632199262,1.4873539999999998,0.04828877098926346,0.09657754197852692,8589934592,0,8589942784,138117120,67108864,0,0,4294967551,8589934592,4295241728,8589934592,0,8389152,16784648,4295245824,8593739776,product,plus,4,main,20283720,136e5fb14fea57ab2ccf,260,260,2026-09-15T18:08:53.370458+00:00,ext4,wsl2_ext4_vhdx,sdd,True,fdatasync,a43645bbfc2d8d18f8815964ef61f079604f153fbc1aab7fd962d016266f1584,0.0,32,0.7071067811865475,0.0,0.7071067811865475,0.0,False,"[1.08935546875, 1.046875, 1.0048828125]",14781853696,810468253696,30036111360
PASS,direct,NAIVE_PRODUCT,cz,28,29,4294967296,8589934592,16777216,16777216,3,12884901888,17179869184,12884901888,17179869184,768,1024,155.4516243749822,0.014522134995786473,155.466146509978,155.466146509978,2.915709,0.027626382929124345,0.05525276585824869,8589934592,8589942784,8589942784,138117120,67108864,0,0,12884902143,17179869184,12885168128,17179869184,0,25172704,33567080,12888424448,17186344960,product,random_seeded,0,main,20283716,a6e0f1a39a16dbec84f5,261,261,2026-09-15T18:10:24.195231+00:00,ext4,wsl2_ext4_vhdx,sdd,True,fdatasync,a43645bbfc2d8d18f8815964ef61f079604f153fbc1aab7fd962d016266f1584,0.0,32,0.07274314780601757,0.6880631666939259,0.7219086857512077,0.011196540687324527,False,"[1.01708984375, 1.029296875, 1.0]",14777683968,810467819520,30035968000
PASS,direct,PRODUCT_FUSED,cz,28,29,4294967296,8589934592,16777216,16777216,3,4294967296,8589934592,4294967296,8589934592,256,512,86.84022233900032,0.02998740499606356,86.87020974399638,86.87020974399638,1.290678,0.04944119864171073,0.09888239728342146,8589934592,0,8589942784,138117120,67108864,0,0,4294967551,8589934592,4295241728,8589934592,0,8389152,16783400,4295245824,8593100800,product,random_seeded,0,main,20283716,4b09806e3921aedc5c6e,262,262,2026-09-15T18:13:01.355049+00:00,ext4,wsl2_ext4_vhdx,sdd,True,fdatasync,a43645bbfc2d8d18f8815964ef61f079604f153fbc1aab7fd962d016266f1584,0.0,32,0.07274314780601757,0.6880631666939259,0.7219086857512077,0.011196540687324527,False,"[1.02294921875, 1.02685546875, 1.0]",14783246336,810467074048,30035566592
PASS,direct,PRODUCT_FUSED,cz,28,29,4294967296,8589934592,16777216,16777216,3,4294967296,8589934592,4294967296,8589934592,256,512,89.24315571802435,0.008756972994888201,89.25191269101924,89.25191269101924,1.364273,0.04812185158281959,0.09624370316563918,8589934592,0,8589946880,138117120,67108864,0,0,4294967551,8589934592,4295225344,8589934592,0,8389208,16786896,4295274496,8594890752,product,random_seeded,1,main,20283717,5a92d3309330fefb67e3,263,263,2026-09-15T18:14:29.887240+00:00,ext4,wsl2_ext4_vhdx,sdd,True,fdatasync,a43645bbfc2d8d18f8815964ef61f079604f153fbc1aab7fd962d016266f1584,0.0,32,-0.4165137077643038,-0.2861406316956247,0.8619620064399403,0.040759901757652144,False,"[1.0029296875, 1.01806640625, 1.0]",14781218816,810466615296,30035210240
PASS,direct,NAIVE_PRODUCT,cz,28,29,4294967296,8589934592,16777216,16777216,3,12884901888,17179869184,12884901888,17179869184,768,1024,162.28824122998049,0.024771441996563226,162.31301267197705,162.31301267197705,2.687577,0.026461016435446374,0.05292203287089275,8589934592,8589942784,8589942784,138117120,67108864,0,0,12884902143,17179869184,12885168128,17179869184,0,25186176,33571688,12895322112,17188704256,product,random_seeded,1,main,20283717,a2ea7b781a89c881a497,264,264,2026-09-15T18:16:00.838164+00:00,ext4,wsl2_ext4_vhdx,sdd,True,fdatasync,a43645bbfc2d8d18f8815964ef61f079604f153fbc1aab7fd962d016266f1584,0.0,32,-0.4165137077643038,-0.2861406316956247,0.8619620064399403,0.040759901757652144,False,"[1.06689453125, 1.04931640625, 1.00830078125]",14771990528,810465763328,30035066880
PASS,direct,NAIVE_PRODUCT,cz,28,29,4294967296,8589934592,16777216,16777216,3,12884901888,17179869184,12884901888,17179869184,768,1024,162.54803474000073,0.011433576000854373,162.55946831600158,162.55946831600158,2.756706,0.026420899013098114,0.05284179802619623,8589934592,8589946880,8589946880,138117120,67108864,0,0,12884902143,17179869184,12885168128,17179869184,0,25257336,33612680,12931756032,17209692160,product,random_seeded,2,main,20283718,998fa157f85349fb34ca,265,265,2026-09-15T18:18:44.801656+00:00,ext4,wsl2_ext4_vhdx,sdd,True,fdatasync,a43645bbfc2d8d18f8815964ef61f079604f153fbc1aab7fd962d016266f1584,0.0,32,0.7138050414428742,0.4845612629265517,-0.045903326618979334,0.5035629353785616,False,"[1.0166015625, 1.0341796875, 1.0]",14781546496,810464182272,30034857984
PASS,direct,PRODUCT_FUSED,cz,28,29,4294967296,8589934592,16777216,16777216,3,4294967296,8589934592,4294967296,8589934592,256,512,83.89976168097928,0.008403387008002028,83.90816506798728,83.90816506798728,1.3870319999999998,0.05118652389216195,0.1023730477843239,8589934592,0,8589946880,138117120,67108864,0,0,4294967551,8589934592,4295229440,8589934592,0,8389128,16788432,4295233536,8595677184,product,random_seeded,2,main,20283718,44a4247bb67aa8042ead,266,266,2026-09-15T18:21:29.075081+00:00,ext4,wsl2_ext4_vhdx,sdd,True,fdatasync,a43645bbfc2d8d18f8815964ef61f079604f153fbc1aab7fd962d016266f1584,0.0,32,0.7138050414428742,0.4845612629265517,-0.045903326618979334,0.5035629353785616,False,"[1.0, 1.015625, 1.0]",14864863232,810463367168,30034841600
PASS,direct,PRODUCT_FUSED,cz,28,29,4294967296,8589934592,16777216,16777216,3,4294967296,8589934592,4294967296,8589934592,256,512,88.14104233001126,0.011835457000415772,88.15287778701168,88.15287778701168,1.3598869999999998,0.04872180470814776,0.09744360941629553,8589934592,0,8589946880,138117120,67108864,0,0,4294967551,8589934592,4295229440,8589934592,0,8544392,16797696,4374728704,8600420352,product,random_seeded,3,main,20283719,c6b13fa93ef86c02792a,267,267,2026-09-15T18:22:54.669290+00:00,ext4,wsl2_ext4_vhdx,sdd,True,fdatasync,a43645bbfc2d8d18f8815964ef61f079604f153fbc1aab7fd962d016266f1584,0.0,32,-0.2074702035954405,-0.4170085872627534,-0.8723014444453319,-0.14882924036551623,False,"[1.06689453125, 1.0361328125, 1.005859375]",14880559104,810463358976,30034751488
PASS,direct,NAIVE_PRODUCT,cz,28,29,4294967296,8589934592,16777216,16777216,3,12884901888,17179869184,12884901888,17179869184,768,1024,158.9142076559947,0.012904257018817589,158.9271119130135,158.9271119130135,2.695185,0.0270247615041969,0.0540495230083938,8589934592,8589946880,8589946880,138117120,67108864,0,0,12884902148,17179869184,12885168128,17179869184,0,25338648,33570184,12973387776,17187934208,product,random_seeded,3,main,20283719,8d6494ce1137bb3b6829,268,268,2026-09-15T18:24:24.479126+00:00,ext4,wsl2_ext4_vhdx,sdd,True,fdatasync,a43645bbfc2d8d18f8815964ef61f079604f153fbc1aab7fd962d016266f1584,0.0,32,-0.2074702035954405,-0.4170085872627534,-0.8723014444453319,-0.14882924036551623,False,"[1.12353515625, 1.05517578125, 1.0087890625]",14878769152,810462056448,30034673664
PASS,direct,PRODUCT_FUSED,cz,28,29,4294967296,8589934592,16777216,16777216,3,4294967296,8589934592,4294967296,8589934592,256,512,86.2954789759824,0.008973118994617835,86.30445209497702,86.30445209497702,1.319346,0.04976530401089204,0.09953060802178408,8589934592,0,8589942784,138117120,67108864,0,0,4294967556,8589934592,4295237632,8589934592,0,8589080,16866144,4397608960,8635465728,product,random_seeded,4,main,20283720,443d9e6c8d383e81a93e,269,269,2026-09-15T18:27:05.081891+00:00,ext4,wsl2_ext4_vhdx,sdd,True,fdatasync,a43645bbfc2d8d18f8815964ef61f079604f153fbc1aab7fd962d016266f1584,0.0,32,-0.4449887317161446,-0.7469595737324433,-0.4483403886241799,-0.20743027692076002,False,"[1.0859375, 1.04345703125, 1.00537109375]",14914322432,810461233152,30034538496
PASS,direct,NAIVE_PRODUCT,cz,28,29,4294967296,8589934592,16777216,16777216,3,12884901888,17179869184,12884901888,17179869184,768,1024,157.47153950002394,0.01899848598986864,157.4905379860138,157.4905379860138,2.673491,0.02727127198194866,0.05454254396389732,8589934592,8589946880,8589946880,138117120,67108864,0,0,12884902148,17179869184,12885168128,17179869184,0,25171376,33566680,12887744512,17186140160,product,random_seeded,4,main,20283720,b8c8bbf2b3a002aa5aa6,270,270,2026-09-15T18:28:33.043805+00:00,ext4,wsl2_ext4_vhdx,sdd,True,fdatasync,a43645bbfc2d8d18f8815964ef61f079604f153fbc1aab7fd962d016266f1584,0.0,32,-0.4449887317161446,-0.7469595737324433,-0.4483403886241799,-0.20743027692076002,False,"[1.0654296875, 1.0546875, 1.00830078125]",14880485376,810461192192,30034526208
PASS,direct,PRODUCT_FUSED,cx_product_control,28,29,4294967296,8589934592,16777216,16777216,3,4294967296,8589934592,4294967296,8589934592,256,512,83.83086433800054,0.0166683989809826,83.84753273698152,83.84753273698152,1.3670719999999998,0.05122353819846718,0.10244707639693436,8589934592,0,8589946880,138117120,67108864,0,0,4294967551,8589934592,4295229440,8589934592,0,8494520,16790312,4349194240,8596639744,product,plus,0,main,20263716,08b622b27ef44516ba15,271,271,2026-09-15T18:31:12.245234+00:00,ext4,wsl2_ext4_vhdx,sdd,True,fdatasync,a43645bbfc2d8d18f8815964ef61f079604f153fbc1aab7fd962d016266f1584,0.0,32,0.7071067811865475,0.0,0.7071067811865475,0.0,False,"[1.00244140625, 1.02685546875, 1.0]",14912659456,810461143040,30035881984
PASS,direct,NAIVE_PRODUCT,cx_product_control,28,29,4294967296,8589934592,16777216,16777216,3,12884901888,17179869184,12884901888,17179869184,768,1024,171.54855332701118,0.013004846987314522,171.5615581739985,171.5615581739985,2.711004,0.025034555186564725,0.05006911037312945,8589934592,8589946880,8589946880,138117120,67108864,0,0,12884902143,17179869184,12885168128,17179869184,0,25169208,33572168,12886634496,17188950016,product,plus,0,main,20263716,453147cb4a4b3c253df2,272,272,2026-09-15T18:32:37.843325+00:00,ext4,wsl2_ext4_vhdx,sdd,True,fdatasync,a43645bbfc2d8d18f8815964ef61f079604f153fbc1aab7fd962d016266f1584,0.0,32,0.7071067811865475,0.0,0.7071067811865475,0.0,False,"[1.2998046875, 1.12109375, 1.0322265625]",14910435328,810464591872,30036774912
PASS,direct,PRODUCT_FUSED,cx_product_control,28,29,4294967296,8589934592,16777216,16777216,3,4294967296,8589934592,4294967296,8589934592,256,512,83.04078974196455,0.0080253450141754,83.04881508697872,83.04881508697872,1.3329909999999998,0.051716177906955006,0.10343235581391001,8589934592,0,8589946880,138117120,67108864,0,0,4294967551,8589934592,4295229440,8589934592,0,8390040,16785368,4295700480,8594108416,product,plus,1,main,20263717,13084986ca95f529c313,273,273,2026-09-15T18:35:31.158387+00:00,ext4,wsl2_ext4_vhdx,sdd,True,fdatasync,a43645bbfc2d8d18f8815964ef61f079604f153fbc1aab7fd962d016266f1584,0.0,32,0.7071067811865475,0.0,0.7071067811865475,0.0,False,"[1.2412109375, 1.158203125, 1.0556640625]",14910087168,810464272384,30036287488
PASS,direct,NAIVE_PRODUCT,cx_product_control,28,29,4294967296,8589934592,16777216,16777216,3,12884901888,17179869184,12884901888,17179869184,768,1024,158.803098400007,0.012357792991679162,158.81545619299868,158.81545619299868,2.7215279999999997,0.02704376135015845,0.0540875227003169,8589934592,8589946880,8589946880,138117120,67108864,0,0,12884902143,17179869184,12885164032,17179869184,0,25166720,33567928,12885360640,17186779136,product,plus,1,main,20263717,be18c36eb465e95393d6,274,274,2026-09-15T18:36:55.898729+00:00,ext4,wsl2_ext4_vhdx,sdd,True,fdatasync,a43645bbfc2d8d18f8815964ef61f079604f153fbc1aab7fd962d016266f1584,0.0,32,0.7071067811865475,0.0,0.7071067811865475,0.0,False,"[1.05615234375, 1.115234375, 1.04736328125]",14906851328,810464047104,30036148224
PASS,direct,NAIVE_PRODUCT,cx_product_control,28,29,4294967296,8589934592,16777216,16777216,3,12884901888,17179869184,12884901888,17179869184,768,1024,162.9518814930343,0.012889831967186183,162.9647713250015,162.9647713250015,2.751792,0.026355188677156024,0.05271037735431205,8589934592,8589946880,8589946880,138117120,67108864,0,0,12884902143,17179869184,12885164032,17179869184,0,25229472,33577408,12917489664,17191632896,product,plus,2,main,20263718,714aa89abe4c1d5b2e79,275,275,2026-09-15T18:39:36.422048+00:00,ext4,wsl2_ext4_vhdx,sdd,True,fdatasync,a43645bbfc2d8d18f8815964ef61f079604f153fbc1aab7fd962d016266f1584,0.0,32,0.7071067811865475,0.0,0.7071067811865475,0.0,False,"[1.1025390625, 1.10400390625, 1.048828125]",14909087744,810463629312,30036066304
PASS,direct,PRODUCT_FUSED,cx_product_control,28,29,4294967296,8589934592,16777216,16777216,3,4294967296,8589934592,4294967296,8589934592,256,512,83.64214788802201,0.012499214004492387,83.6546471020265,83.6546471020265,1.34717,0.051341646217953577,0.10268329243590715,8589934592,0,8589946880,138117120,67108864,0,0,4294967551,8589934592,4295233536,8589934592,0,8389480,16786240,4295413760,8594554880,product,plus,2,main,20263718,843e800a879ea8b8bf17,276,276,2026-09-15T18:42:21.286176+00:00,ext4,wsl2_ext4_vhdx,sdd,True,fdatasync,a43645bbfc2d8d18f8815964ef61f079604f153fbc1aab7fd962d016266f1584,0.0,32,0.7071067811865475,0.0,0.7071067811865475,0.0,False,"[1.10986328125, 1.13232421875, 1.072265625]",14831718400,810501652480,30035988480
PASS,direct,PRODUCT_FUSED,cx_product_control,28,29,4294967296,8589934592,16777216,16777216,3,4294967296,8589934592,4294967296,8589934592,256,512,91.6294737260032,0.009037664975039661,91.63851139097824,91.63851139097824,1.380994,0.04686858429722198,0.09373716859444396,8589934592,0,8589946880,138117120,67108864,0,0,4294967551,8589934592,4295229440,8589934592,0,8389672,16784376,4295512064,8593600512,product,plus,3,main,20263719,02d1b3697998e789c64d,277,277,2026-09-15T18:43:46.782249+00:00,ext4,wsl2_ext4_vhdx,sdd,True,fdatasync,a43645bbfc2d8d18f8815964ef61f079604f153fbc1aab7fd962d016266f1584,0.0,32,0.7071067811865475,0.0,0.7071067811865475,0.0,False,"[1.0244140625, 1.095703125, 1.06396484375]",14909014016,810500198400,30035398656
PASS,direct,NAIVE_PRODUCT,cx_product_control,28,29,4294967296,8589934592,16777216,16777216,3,12884901888,17179869184,12884901888,17179869184,768,1024,159.1800373249862,0.011178141023265198,159.19121546600945,159.19121546600945,2.7152849999999997,0.02697992652061296,0.05395985304122592,8589934592,8589946880,8589946880,138117120,67108864,0,0,12884902143,17179869184,12885164032,17179869184,0,25166392,33566232,12885192704,17185910784,product,plus,3,main,20263719,01bd1e85c3e0651e67cf,278,278,2026-09-15T18:45:20.706525+00:00,ext4,wsl2_ext4_vhdx,sdd,True,fdatasync,a43645bbfc2d8d18f8815964ef61f079604f153fbc1aab7fd962d016266f1584,0.0,32,0.7071067811865475,0.0,0.7071067811865475,0.0,False,"[1.04345703125, 1.0810546875, 1.060546875]",14911438848,810498883584,30035320832
PASS,direct,NAIVE_PRODUCT,cx_product_control,28,29,4294967296,8589934592,16777216,16777216,3,12884901888,17179869184,12884901888,17179869184,768,1024,117.30223562402534,0.012869778991444036,117.31510540301679,117.31510540301679,2.699878,0.03661052241521111,0.07322104483042222,8589934592,8589946880,8589946880,138117120,67108864,0,0,12884902143,17179869184,12885164032,17179869184,0,25166336,33566776,12885164032,17186189312,product,plus,4,main,20263720,f75374601d4cbd607ee7,279,279,2026-09-15T18:48:01.646280+00:00,ext4,wsl2_ext4_vhdx,sdd,True,fdatasync,a43645bbfc2d8d18f8815964ef61f079604f153fbc1aab7fd962d016266f1584,0.0,32,0.7071067811865475,0.0,0.7071067811865475,0.0,False,"[1.0126953125, 1.0537109375, 1.05078125]",14903230464,810497187840,30035304448
PASS,direct,PRODUCT_FUSED,cx_product_control,28,29,4294967296,8589934592,16777216,16777216,3,4294967296,8589934592,4294967296,8589934592,256,512,27.643002778000664,0.010439920995850116,27.653442698996514,27.653442698996514,1.313089,0.15531401795971883,0.31062803591943766,8589934592,0,8589946880,138117120,67108864,0,0,4294967551,8589934592,4295229440,8589934592,0,8389120,16781152,4295229440,8591949824,product,plus,4,main,20263720,f17fd9b731921c78c3a8,280,280,2026-09-15T18:50:00.633333+00:00,ext4,wsl2_ext4_vhdx,sdd,True,fdatasync,a43645bbfc2d8d18f8815964ef61f079604f153fbc1aab7fd962d016266f1584,0.0,32,0.7071067811865475,0.0,0.7071067811865475,0.0,False,"[1.0205078125, 1.0458984375, 1.044921875]",14907437056,810496266240,30035161088
PASS,direct,NAIVE_PRODUCT,cx_product_target,28,29,4294967296,8589934592,16777216,16777216,3,12884901888,17179869184,12884901888,17179869184,768,1024,140.98930943696178,0.008230435021687299,140.99753987198346,140.99753987198346,2.679251,0.03046129244453165,0.0609225848890633,8589934592,8589946880,8589946880,138117120,67108864,0,0,12884902143,17179869184,12885164032,17179869184,0,25296608,33565848,12951863296,17185714176,product,random_seeded,0,main,20273716,d26e7407833624ffe69a,281,281,2026-09-15T18:50:29.732810+00:00,ext4,wsl2_ext4_vhdx,sdd,True,fdatasync,a43645bbfc2d8d18f8815964ef61f079604f153fbc1aab7fd962d016266f1584,0.0,32,-0.2479913385314582,-0.1007195975249522,0.4546127970788004,0.8495193131530188,False,"[1.06787109375, 1.056640625, 1.04833984375]",14909669376,810496122880,30035161088
PASS,direct,PRODUCT_FUSED,cx_product_target,28,29,4294967296,8589934592,16777216,16777216,3,4294967296,8589934592,4294967296,8589934592,256,512,104.07041831398965,0.019151856016833335,104.08957017000648,104.08957017000648,1.3682849999999998,0.0412622253025462,0.0825244506050924,8589934592,0,8589946880,138117120,67108864,0,0,4294967551,8589934592,4295229440,8589934592,0,8389152,16788200,4295245824,8595558400,product,random_seeded,0,main,20273716,f6e339bf4adb1005841f,282,282,2026-09-15T18:52:52.588293+00:00,ext4,wsl2_ext4_vhdx,sdd,True,fdatasync,a43645bbfc2d8d18f8815964ef61f079604f153fbc1aab7fd962d016266f1584,0.0,32,-0.2479913385314582,-0.1007195975249522,0.4546127970788004,0.8495193131530188,False,"[1.1005859375, 1.10205078125, 1.06884765625]",14911102976,810495819776,30035017728
PASS,direct,NAIVE_PRODUCT,cx_product_target,28,29,4294967296,8589934592,16777216,16777216,3,12884901888,17179869184,12884901888,17179869184,768,1024,187.80747274201713,0.012666494003497064,187.82013923602062,187.82013923602062,2.833336,0.022867448152632933,0.045734896305265865,8589934592,8589946880,8589946880,138117120,67108864,0,0,12884902143,17179869184,12885164032,17179869184,0,25166336,33569424,12885164032,17187545088,product,random_seeded,1,main,20273717,6da494e785f6360d36de,283,283,2026-09-15T18:54:38.240747+00:00,ext4,wsl2_ext4_vhdx,sdd,True,fdatasync,a43645bbfc2d8d18f8815964ef61f079604f153fbc1aab7fd962d016266f1584,0.0,32,0.20115501203421446,-0.9016642002683528,0.11756853052380717,-0.36430203364573643,False,"[1.16259765625, 1.1005859375, 1.06982421875]",14912843776,810495397888,30034935808
PASS,direct,PRODUCT_FUSED,cx_product_target,28,29,4294967296,8589934592,16777216,16777216,3,4294967296,8589934592,4294967296,8589934592,256,512,81.7072791220271,0.014491869980702177,81.7217709920078,81.7217709920078,1.301175,0.0525559742999211,0.1051119485998422,8589934592,0,8589946880,138117120,67108864,0,0,4294967551,8589934592,4295233536,8589934592,0,8389176,16881464,4295258112,8643309568,product,random_seeded,1,main,20273717,c7f1cd1f44f480151043,284,284,2026-09-15T18:57:47.872694+00:00,ext4,wsl2_ext4_vhdx,sdd,True,fdatasync,a43645bbfc2d8d18f8815964ef61f079604f153fbc1aab7fd962d016266f1584,0.0,32,0.20115501203421446,-0.9016642002683528,0.11756853052380717,-0.36430203364573643,False,"[1.01025390625, 1.0556640625, 1.05712890625]",14905696256,810495078400,30034722816
PASS,direct,PRODUCT_FUSED,cx_product_target,28,29,4294967296,8589934592,16777216,16777216,3,4294967296,8589934592,4294967296,8589934592,256,512,90.97948726799223,0.009203939989674836,90.9886912079819,90.9886912079819,1.378707,0.047203308883546485,0.09440661776709297,8589934592,0,8589942784,138117120,67108864,0,0,4294967551,8589934592,4295229440,8589934592,0,8470656,16786232,4336975872,8594550784,product,random_seeded,2,main,20273718,f9b8d85b78aa84aa91fa,285,285,2026-09-15T18:59:12.359294+00:00,ext4,wsl2_ext4_vhdx,sdd,True,fdatasync,a43645bbfc2d8d18f8815964ef61f079604f153fbc1aab7fd962d016266f1584,0.0,32,0.40492725297793475,0.8600751726937832,0.2931821932135054,-0.10172914377906381,False,"[1.18115234375, 1.0986328125, 1.072265625]",14771875840,810472644608,30034722816
PASS,direct,NAIVE_PRODUCT,cx_product_target,28,29,4294967296,8589934592,16777216,16777216,3,12884901888,17179869184,12884901888,17179869184,768,1024,168.74818608697387,0.02209059800952673,168.7702766849834,168.7702766849834,2.787733,0.025448600194077606,0.05089720038815521,8589934592,8589946880,8589946880,138117120,67108864,0,0,12884902148,17179869184,12885164032,17179869184,0,25269456,33568096,12937961472,17186865152,product,random_seeded,2,main,20273718,2493bd9ea00e38ecfaf7,286,286,2026-09-15T19:00:45.154991+00:00,ext4,wsl2_ext4_vhdx,sdd,True,fdatasync,a43645bbfc2d8d18f8815964ef61f079604f153fbc1aab7fd962d016266f1584,0.0,32,0.40492725297793475,0.8600751726937832,0.2931821932135054,-0.10172914377906381,False,"[1.12353515625, 1.111328125, 1.08056640625]",14905077760,810472501248,30034386944
PASS,direct,NAIVE_PRODUCT,cx_product_target,28,29,4294967296,8589934592,16777216,16777216,3,12884901888,17179869184,12884901888,17179869184,768,1024,157.90106721402844,0.017210948979482055,157.91827816300793,157.91827816300793,2.8785719999999997,0.027197404543422184,0.05439480908684437,8589934592,8589946880,8589946880,138117120,67108864,0,0,12884902143,17179869184,12885168128,17179869184,0,25170600,33565904,12887347200,17185742848,product,random_seeded,3,main,20273719,c83f25769b8ed188d1f1,287,287,2026-09-15T19:03:35.675630+00:00,ext4,wsl2_ext4_vhdx,sdd,True,fdatasync,a43645bbfc2d8d18f8815964ef61f079604f153fbc1aab7fd962d016266f1584,0.0,32,-0.0703267878822379,0.6574688134264612,-0.6434743872135091,0.3856547877026377,False,"[0.947265625, 1.06298828125, 1.06982421875]",14901260288,810476236800,30034370560
PASS,direct,PRODUCT_FUSED,cx_product_target,28,29,4294967296,8589934592,16777216,16777216,3,4294967296,8589934592,4294967296,8589934592,256,512,85.86826839001151,0.009000854013720527,85.87726924402523,85.87726924402523,1.358383,0.05001285362015415,0.1000257072403083,8589934592,0,8589946880,138117120,67108864,0,0,4294967551,8589934592,4295229440,8589934592,0,8390680,16788200,4296028160,8595558400,product,random_seeded,3,main,20273719,33ac72d55f1fdd15643f,288,288,2026-09-15T19:06:15.500639+00:00,ext4,wsl2_ext4_vhdx,sdd,True,fdatasync,a43645bbfc2d8d18f8815964ef61f079604f153fbc1aab7fd962d016266f1584,0.0,32,-0.0703267878822379,0.6574688134264612,-0.6434743872135091,0.3856547877026377,False,"[0.98681640625, 1.0634765625, 1.07177734375]",14895063040,810475888640,30034161664
PASS,direct,NAIVE_PRODUCT,cx_product_target,28,29,4294967296,8589934592,16777216,16777216,3,12884901888,17179869184,12884901888,17179869184,768,1024,167.4405742480012,0.01418851499329321,167.4547627629945,167.4547627629945,2.900175,0.02564852277196105,0.0512970455439221,8589934592,8589946880,8589946880,138117120,67108864,0,0,12884902143,17179869184,12885164032,17179869184,0,25281048,33574104,12943896576,17189941248,product,random_seeded,4,main,20273720,5fcbda1b248eb98754a9,289,289,2026-09-15T19:07:43.127433+00:00,ext4,wsl2_ext4_vhdx,sdd,True,fdatasync,a43645bbfc2d8d18f8815964ef61f079604f153fbc1aab7fd962d016266f1584,0.0,32,0.29481181096164866,0.07356347600802314,-0.9447913046417671,0.12265317683793547,False,"[1.0546875, 1.072265625, 1.0751953125]",14898409472,810475683840,30034157568
PASS,direct,PRODUCT_FUSED,cx_product_target,28,29,4294967296,8589934592,16777216,16777216,3,4294967296,8589934592,4294967296,8589934592,256,512,83.51166775400634,0.008586204989114776,83.52025395899545,83.52025395899545,1.428971,0.05142426049265402,0.10284852098530804,8589934592,0,8589946880,138117120,67108864,0,0,4294967551,8589934592,4295229440,8589934592,0,8390296,16824528,4295831552,8614158336,product,random_seeded,4,main,20273720,78a999c57107e761e88c,290,290,2026-09-15T19:10:32.288217+00:00,ext4,wsl2_ext4_vhdx,sdd,True,fdatasync,a43645bbfc2d8d18f8815964ef61f079604f153fbc1aab7fd962d016266f1584,0.0,32,0.29481181096164866,0.07356347600802314,-0.9447913046417671,0.12265317683793547,False,"[1.3935546875, 1.13330078125, 1.09326171875]",14649069568,810475286528,30033891328
PASS,direct,NAIVE_BASIS,cx_product_target,28,29,4294967296,8589934592,16777216,16777216,3,12884901888,17179869184,12884901888,17179869184,768,1024,157.2901188279793,0.010498286021174863,157.3006171140005,157.3006171140005,2.886402,0.02730419864079305,0.0546083972815861,8589934592,8589946880,8589946880,138117120,67108864,0,0,12884902143,17179869184,12885168128,17179869184,0,25396896,33575128,13003210752,17190465536,basis,basis0,0,basis,20273716,ef4f8503dec5cf38c636,291,291,2026-09-15T19:11:57.584821+00:00,ext4,wsl2_ext4_vhdx,sdd,True,fdatasync,a43645bbfc2d8d18f8815964ef61f079604f153fbc1aab7fd962d016266f1584,0.0,32,1.0,0.0,0.0,0.0,False,"[1.0927734375, 1.0966796875, 1.08349609375]",14740647936,810475085824,30033821696
PASS,direct,THIN_BASIS,cx_product_target,28,29,4294967296,8589934592,16777216,16777216,3,12884901888,12884901888,12884901888,12884901888,768,768,130.66787709499476,0.015262620989233255,130.683139715984,130.683139715984,2.884029,0.03286550434382223,0.06573100868764446,8589934592,4294971392,8589938688,138117120,67108864,0,0,12884902148,12884901888,8590221312,12884901888,0,16779288,25175712,8590995456,12889964544,basis,basis0,0,basis,20273716,186250c6e3761d9bb59d,292,292,2026-09-15T19:14:37.098034+00:00,ext4,wsl2_ext4_vhdx,sdd,True,fdatasync,a43645bbfc2d8d18f8815964ef61f079604f153fbc1aab7fd962d016266f1584,0.0,32,1.0,0.0,0.0,0.0,False,"[1.072265625, 1.08935546875, 1.0849609375]",14750228480,810474528768,30033608704
PASS,direct,FUSED_BASIS,cx_product_target,28,29,4294967296,8589934592,16777216,16777216,3,4294967296,8589934592,4294967296,8589934592,256,512,85.75726268600556,0.011699220980517566,85.76896190698608,85.76896190698608,1.372452,0.05007600885571829,0.10015201771143659,8589934592,0,8589946880,138117120,67108864,0,0,4294967551,8589934592,4295229440,8589934592,0,8396032,16789376,4298768384,8596160512,basis,basis0,0,basis,20273716,e948ab92d4afe791bae5,293,293,2026-09-15T19:16:49.561859+00:00,ext4,wsl2_ext4_vhdx,sdd,True,fdatasync,a43645bbfc2d8d18f8815964ef61f079604f153fbc1aab7fd962d016266f1584,0.0,32,1.0,0.0,0.0,0.0,False,"[1.00537109375, 1.05322265625, 1.072265625]",14777606144,810474319872,30032437248
PASS,direct,NAIVE_BASIS,cx_product_target,28,29,4294967296,8589934592,16777216,16777216,3,12884901888,17179869184,12884901888,17179869184,768,1024,165.96694604799268,0.011729831021511927,165.9786758790142,165.9786758790142,2.7543549999999994,0.025876621037335568,0.051753242074671135,8589934592,8589946880,8589946880,138117120,67108864,0,0,12884902143,17179869184,12885164032,17179869184,0,25168000,33570176,12886016000,17187930112,basis,basis0,1,basis,20273717,de1e598290a93c588668,294,294,2026-09-15T19:18:16.973128+00:00,ext4,wsl2_ext4_vhdx,sdd,True,fdatasync,a43645bbfc2d8d18f8815964ef61f079604f153fbc1aab7fd962d016266f1584,0.0,32,1.0,0.0,0.0,0.0,False,"[1.05615234375, 1.052734375, 1.0693359375]",14779797504,810473803776,30032375808
PASS,direct,THIN_BASIS,cx_product_target,28,29,4294967296,8589934592,16777216,16777216,3,12884901888,12884901888,12884901888,12884901888,768,768,130.3060671799758,0.028261936036869884,130.33432911601267,130.33432911601267,2.814279,0.03295346149499094,0.06590692298998188,8589934592,4294971392,8589938688,138117120,67108864,0,0,12884902143,12884901888,8590196736,12884901888,0,16948744,25179296,8677756928,12891799552,basis,basis0,1,basis,20273717,99cc82b7e4b06f63bfc3,295,295,2026-09-15T19:21:04.691572+00:00,ext4,wsl2_ext4_vhdx,sdd,True,fdatasync,a43645bbfc2d8d18f8815964ef61f079604f153fbc1aab7fd962d016266f1584,0.0,32,1.0,0.0,0.0,0.0,False,"[1.04248046875, 1.0380859375, 1.05908203125]",14777753600,810473508864,30032220160
PASS,direct,FUSED_BASIS,cx_product_target,28,29,4294967296,8589934592,16777216,16777216,3,4294967296,8589934592,4294967296,8589934592,256,512,91.90099177701632,0.016702153981896117,91.91769393099821,91.91769393099821,1.341789,0.04672622987282724,0.09345245974565448,8589934592,0,8589946880,138117120,67108864,0,0,4294967556,8589934592,4295229440,8589934592,0,8399688,16786000,4300640256,8594432000,basis,basis0,1,basis,20273717,4a07c6be0319f507523c,296,296,2026-09-15T19:23:17.297604+00:00,ext4,wsl2_ext4_vhdx,sdd,True,fdatasync,a43645bbfc2d8d18f8815964ef61f079604f153fbc1aab7fd962d016266f1584,0.0,32,1.0,0.0,0.0,0.0,False,"[1.0419921875, 1.0458984375, 1.0576171875]",14784339968,810473119744,30032076800
PASS,direct,THIN_BASIS,cx_product_target,28,29,4294967296,8589934592,16777216,16777216,3,12884901888,12884901888,12884901888,12884901888,768,768,133.84213025099598,0.01949470699764788,133.86162495799363,133.86162495799363,2.965169,0.03208512743923272,0.06417025487846544,8589934592,4294971392,8589938688,138117120,67108864,0,0,12884902143,12884901888,8590225408,12884901888,0,16779760,25179624,8591237120,12891967488,basis,basis0,2,basis,20273718,45909f58e856c1387768,297,297,2026-09-15T19:24:50.933646+00:00,ext4,wsl2_ext4_vhdx,sdd,True,fdatasync,a43645bbfc2d8d18f8815964ef61f079604f153fbc1aab7fd962d016266f1584,0.0,32,1.0,0.0,0.0,0.0,False,"[1.103515625, 1.08447265625, 1.07080078125]",14784294912,810472935424,30031704064
PASS,direct,FUSED_BASIS,cx_product_target,28,29,4294967296,8589934592,16777216,16777216,3,4294967296,8589934592,4294967296,8589934592,256,512,86.5667323640082,0.008836374006932601,86.57556873801514,86.57556873801514,1.4226470000000002,0.04960946094384812,0.09921892188769624,8589934592,0,8589946880,138117120,67108864,0,0,4294967551,8589934592,4295229440,8589934592,0,8390096,16785152,4295729152,8593997824,basis,basis0,2,basis,20273718,9522056e50b7433bf64b,298,298,2026-09-15T19:27:06.885437+00:00,ext4,wsl2_ext4_vhdx,sdd,True,fdatasync,a43645bbfc2d8d18f8815964ef61f079604f153fbc1aab7fd962d016266f1584,0.0,32,1.0,0.0,0.0,0.0,False,"[0.99072265625, 1.04833984375, 1.05810546875]",14779727872,810472595456,30031605760
PASS,direct,NAIVE_BASIS,cx_product_target,28,29,4294967296,8589934592,16777216,16777216,3,12884901888,17179869184,12884901888,17179869184,768,1024,163.982388739998,0.011072745983256027,163.99346148598124,163.99346148598124,2.775614,0.026189869139186073,0.05237973827837215,8589934592,8589946880,8589946880,138117120,67108864,0,0,12884902143,17179869184,12885164032,17179869184,0,25168328,33566632,12886183936,17186115584,basis,basis0,2,basis,20273718,eaf557b3ba6559502459,299,299,2026-09-15T19:28:35.135082+00:00,ext4,wsl2_ext4_vhdx,sdd,True,fdatasync,a43645bbfc2d8d18f8815964ef61f079604f153fbc1aab7fd962d016266f1584,0.0,32,1.0,0.0,0.0,0.0,False,"[1.0, 1.03173828125, 1.0498046875]",14771884032,810472443904,30030962688
PASS,direct,NAIVE_BASIS,cx_product_target,28,29,4294967296,8589934592,16777216,16777216,3,12884901888,17179869184,12884901888,17179869184,768,1024,159.49210339298588,0.009858400007942691,159.50196179299382,159.50196179299382,2.6600140000000003,0.026927363448821594,0.05385472689764319,8589934592,8589946880,8589946880,138117120,67108864,0,0,12884902143,17179869184,12885164032,17179869184,0,25409776,33739256,13009805312,17274499072,basis,basis0,3,basis,20273719,cdac77476d0613a5ca75,300,300,2026-09-15T19:31:20.788154+00:00,ext4,wsl2_ext4_vhdx,sdd,True,fdatasync,a43645bbfc2d8d18f8815964ef61f079604f153fbc1aab7fd962d016266f1584,0.0,32,1.0,0.0,0.0,0.0,False,"[0.966796875, 1.0322265625, 1.04541015625]",14777556992,810472210432,30030884864
PASS,direct,FUSED_BASIS,cx_product_target,28,29,4294967296,8589934592,16777216,16777216,3,4294967296,8589934592,4294967296,8589934592,256,512,87.78798113201628,0.015155950997723266,87.80313708301401,87.80313708301401,1.339229,0.048915875203175224,0.09783175040635045,8589934592,0,8589946880,138117120,67108864,0,0,4294967556,8589934592,4295233536,8589934592,0,8437432,16787408,4319965184,8595152896,basis,basis0,3,basis,20273719,622cd3614b0d9b3730ed,301,301,2026-09-15T19:34:01.981732+00:00,ext4,wsl2_ext4_vhdx,sdd,True,fdatasync,a43645bbfc2d8d18f8815964ef61f079604f153fbc1aab7fd962d016266f1584,0.0,32,1.0,0.0,0.0,0.0,False,"[1.00439453125, 1.0458984375, 1.046875]",14749429760,810465419264,30031773696
PASS,direct,THIN_BASIS,cx_product_target,28,29,4294967296,8589934592,16777216,16777216,3,12884901888,12884901888,12884901888,12884901888,768,768,132.41957031100173,0.013292052986798808,132.43286236398853,132.43286236398853,2.852027,0.03243128041886904,0.06486256083773809,8589934592,4294971392,8589938688,138117120,67108864,0,0,12884902143,12884901888,8590225408,12884901888,0,16778248,25177408,8590462976,12890832896,basis,basis0,3,basis,20273719,fe89a4f3f3a75391f532,302,302,2026-09-15T19:35:31.587285+00:00,ext4,wsl2_ext4_vhdx,sdd,True,fdatasync,a43645bbfc2d8d18f8815964ef61f079604f153fbc1aab7fd962d016266f1584,0.0,32,1.0,0.0,0.0,0.0,False,"[1.11279296875, 1.07275390625, 1.0546875]",14820483072,810465390592,30031540224
PASS,direct,THIN_BASIS,cx_product_target,28,29,4294967296,8589934592,16777216,16777216,3,12884901888,12884901888,12884901888,12884901888,768,768,133.052786197979,0.02486269999644719,133.07764889797545,133.07764889797545,2.862584,0.032274144693469564,0.06454828938693913,8589934592,4294971392,8589938688,138117120,67108864,0,0,12884902143,12884901888,8590196736,12884901888,0,16797192,25181400,8600162304,12892876800,basis,basis0,4,basis,20273720,ef0149abbe56720dd27b,303,303,2026-09-15T19:37:45.768490+00:00,ext4,wsl2_ext4_vhdx,sdd,True,fdatasync,a43645bbfc2d8d18f8815964ef61f079604f153fbc1aab7fd962d016266f1584,0.0,32,1.0,0.0,0.0,0.0,False,"[1.009765625, 1.04248046875, 1.0419921875]",14824366080,810465374208,30031278080
PASS,direct,FUSED_BASIS,cx_product_target,28,29,4294967296,8589934592,16777216,16777216,3,4294967296,8589934592,4294967296,8589934592,256,512,86.78789189099916,0.008934860990848392,86.79682675199001,86.79682675199001,1.38513,0.04948299905332113,0.09896599810664226,8589934592,0,8589946880,138117120,67108864,0,0,4294967551,8589934592,4295229440,8589934592,0,8390016,16785808,4295688192,8594333696,basis,basis0,4,basis,20273720,71ba5110519d88b9be45,304,304,2026-09-15T19:40:01.353473+00:00,ext4,wsl2_ext4_vhdx,sdd,True,fdatasync,a43645bbfc2d8d18f8815964ef61f079604f153fbc1aab7fd962d016266f1584,0.0,32,1.0,0.0,0.0,0.0,False,"[0.98486328125, 1.033203125, 1.03466796875]",14829408256,810469220352,30030966784
PASS,direct,NAIVE_BASIS,cx_product_target,28,29,4294967296,8589934592,16777216,16777216,3,12884901888,17179869184,12884901888,17179869184,768,1024,165.22789887804538,0.01051369696506299,165.23841257501044,165.23841257501044,2.835244,0.025992547550348123,0.051985095100696245,8589934592,8589946880,8589946880,138117120,67108864,0,0,12884902143,17179869184,12885164032,17179869184,0,25168256,33566808,12886147072,17186205696,basis,basis0,4,basis,20273720,c1d3c399d2cc4d24b930,305,305,2026-09-15T19:41:29.833098+00:00,ext4,wsl2_ext4_vhdx,sdd,True,fdatasync,a43645bbfc2d8d18f8815964ef61f079604f153fbc1aab7fd962d016266f1584,0.0,32,1.0,0.0,0.0,0.0,False,"[0.99853515625, 1.02294921875, 1.0263671875]",14830690304,810469036032,30030897152
PASS,direct,NAIVE_PRODUCT,cx_product_control,28,29,4294967296,8589934592,1048576,1048576,3,12884901888,17179869184,12884901888,17179869184,12288,16384,143.4100738610141,0.0121109249885194,143.42218478600262,143.42218478600262,4.159377,0.02994632456902281,0.05989264913804562,8589934592,8589950976,8589950976,138117120,4194304,0,0,12884902144,17179869184,12885164032,17179869184,0,25167656,33570936,12885839872,17188319232,product,plus,0,chunk,20263716,a0370c14008125646f5d,306,306,2026-09-15T19:44:16.762575+00:00,ext4,wsl2_ext4_vhdx,sdd,True,fdatasync,a43645bbfc2d8d18f8815964ef61f079604f153fbc1aab7fd962d016266f1584,0.0,32,0.7071067811865475,0.0,0.7071067811865475,0.0,False,"[1.01904296875, 1.04248046875, 1.02734375]",14822383616,810468687872,30030290944
PASS,direct,PRODUCT_FUSED,cx_product_control,28,29,4294967296,8589934592,1048576,1048576,3,4294967296,8589934592,4294967296,8589934592,4096,8192,82.11187904299004,0.009254970005713403,82.12113401299575,82.12113401299575,2.2084200000000003,0.05230038951142975,0.1046007790228595,8589934592,0,8589950976,138117120,4194304,0,0,4294967552,8589934592,4295229440,8589934592,0,8390816,16784088,4296097792,8593453056,product,plus,0,chunk,20263716,f56e8e059a990bc72a59,307,307,2026-09-15T19:46:41.921800+00:00,ext4,wsl2_ext4_vhdx,sdd,True,fdatasync,a43645bbfc2d8d18f8815964ef61f079604f153fbc1aab7fd962d016266f1584,0.0,32,0.7071067811865475,0.0,0.7071067811865475,0.0,False,"[0.919921875, 1.0048828125, 1.0078125]",14821363712,810468483072,30031679488
PASS,direct,NAIVE_PRODUCT,cx_product_control,28,29,4294967296,8589934592,1048576,1048576,3,12884901888,17179869184,12884901888,17179869184,12288,16384,138.87460534501588,0.011625871993601322,138.88623121700948,138.88623121700948,4.212256,0.03092435627610286,0.06184871255220572,8589934592,8589950976,8589950976,138117120,4194304,0,0,12884902144,17179869184,12885164032,17179869184,0,25166360,33566792,12885176320,17186197504,product,plus,1,chunk,20263717,a7852570a02910a329d8,308,308,2026-09-15T19:48:05.852975+00:00,ext4,wsl2_ext4_vhdx,sdd,True,fdatasync,a43645bbfc2d8d18f8815964ef61f079604f153fbc1aab7fd962d016266f1584,0.0,32,0.7071067811865475,0.0,0.7071067811865475,0.0,False,"[0.9814453125, 1.0, 1.0]",14825164800,810468352000,30031675392
PASS,direct,PRODUCT_FUSED,cx_product_control,28,29,4294967296,8589934592,1048576,1048576,3,4294967296,8589934592,4294967296,8589934592,4096,8192,70.98520824001753,0.016772215982200578,71.00198045599973,71.00198045599973,2.0498979999999998,0.06049080981144761,0.12098161962289522,8589934592,0,8589950976,138117120,4194304,0,0,4294967552,8589934592,4295229440,8589934592,0,8389120,16783680,4295229440,8593244160,product,plus,1,chunk,20263717,a20c62be6f79f0d426b5,309,309,2026-09-15T19:50:26.425699+00:00,ext4,wsl2_ext4_vhdx,sdd,True,fdatasync,a43645bbfc2d8d18f8815964ef61f079604f153fbc1aab7fd962d016266f1584,0.0,32,0.7071067811865475,0.0,0.7071067811865475,0.0,False,"[0.919921875, 0.9833984375, 0.99462890625]",14821728256,810468016128,30031314944
PASS,direct,PRODUCT_FUSED,cx_product_control,28,29,4294967296,8589934592,1048576,1048576,3,4294967296,8589934592,4294967296,8589934592,4096,8192,82.30446113101789,0.008878666994860396,82.31333979801275,82.31333979801275,2.0816879999999998,0.052178265473607856,0.10435653094721571,8589934592,0,8589950976,138117120,4194304,0,0,4294967552,8589934592,4295229440,8589934592,0,8389120,16787456,4295229440,8595177472,product,plus,2,chunk,20263718,351b9929e0dbb62a9ba4,310,310,2026-09-15T19:51:39.018437+00:00,ext4,wsl2_ext4_vhdx,sdd,True,fdatasync,a43645bbfc2d8d18f8815964ef61f079604f153fbc1aab7fd962d016266f1584,0.0,32,0.7071067811865475,0.0,0.7071067811865475,0.0,False,"[1.04296875, 1.013671875, 1.00244140625]",14824648704,810467790848,30031237120
PASS,direct,NAIVE_PRODUCT,cx_product_control,28,29,4294967296,8589934592,1048576,1048576,3,12884901888,17179869184,12884901888,17179869184,12288,16384,143.84934737102594,0.007544723979663104,143.8568920950056,143.8568920950056,4.37087,0.029855832650433796,0.05971166530086759,8589934592,8589950976,8589950976,138117120,4194304,0,0,12884902144,17179869184,12885168128,17179869184,0,25166368,33566640,12885180416,17186119680,product,plus,2,chunk,20263718,f4a805289343ef301bdc,311,311,2026-09-15T19:53:03.082532+00:00,ext4,wsl2_ext4_vhdx,sdd,True,fdatasync,a43645bbfc2d8d18f8815964ef61f079604f153fbc1aab7fd962d016266f1584,0.0,32,0.7071067811865475,0.0,0.7071067811865475,0.0,False,"[0.97265625, 1.005859375, 0.99658203125]",14827368448,810467635200,30031159296
PASS,direct,PRODUCT_FUSED,cx_product_control,28,29,4294967296,8589934592,4194304,4194304,3,4294967296,8589934592,4294967296,8589934592,1024,2048,70.40049398099654,0.008583752001868561,70.40907773299841,70.40907773299841,1.5187149999999998,0.06100019250766425,0.1220003850153285,8589934592,0,8589950976,138117120,16777216,0,0,4294967552,8589934592,4295229440,8589934592,0,8389128,16783936,4295233536,8593375232,product,plus,0,chunk,20263716,5b9d0e3e2e63973dda9e,312,312,2026-09-15T19:55:28.636403+00:00,ext4,wsl2_ext4_vhdx,sdd,True,fdatasync,a43645bbfc2d8d18f8815964ef61f079604f153fbc1aab7fd962d016266f1584,0.0,32,0.7071067811865475,0.0,0.7071067811865475,0.0,False,"[1.224609375, 1.06005859375, 1.017578125]",14818914304,810467246080,30030024704
PASS,direct,NAIVE_PRODUCT,cx_product_control,28,29,4294967296,8589934592,4194304,4194304,3,12884901888,17179869184,12884901888,17179869184,3072,4096,151.61364522197982,0.011860287020681426,151.6255055090005,151.6255055090005,2.976313,0.028326153186312382,0.056652306372624764,8589934592,8589950976,8589950976,138117120,16777216,0,0,12884902144,17179869184,12885164032,17179869184,0,25166368,33570520,12885180416,17188106240,product,plus,0,chunk,20263716,026f33514184b0c81e23,313,313,2026-09-15T19:56:40.662271+00:00,ext4,wsl2_ext4_vhdx,sdd,True,fdatasync,a43645bbfc2d8d18f8815964ef61f079604f153fbc1aab7fd962d016266f1584,0.0,32,0.7071067811865475,0.0,0.7071067811865475,0.0,False,"[1.11669921875, 1.06005859375, 1.0166015625]",14818402304,810467155968,30030020608
PASS,direct,NAIVE_PRODUCT,cx_product_control,28,29,4294967296,8589934592,4194304,4194304,3,12884901888,17179869184,12884901888,17179869184,3072,4096,148.57140987098683,0.015045993000967428,148.5864558639878,148.5864558639878,3.040535,0.028905510068370582,0.057811020136741165,8589934592,8589950976,8589950976,138117120,16777216,0,0,12884902144,17179869184,12885164032,17179869184,0,25166344,33565440,12885168128,17185505280,product,plus,1,chunk,20263717,8d9ee2fb79dc04f1220a,314,314,2026-09-15T19:59:14.447434+00:00,ext4,wsl2_ext4_vhdx,sdd,True,fdatasync,a43645bbfc2d8d18f8815964ef61f079604f153fbc1aab7fd962d016266f1584,0.0,32,0.7071067811865475,0.0,0.7071067811865475,0.0,False,"[1.0546875, 1.04638671875, 1.00732421875]",14823239680,810466893824,30029746176
PASS,direct,PRODUCT_FUSED,cx_product_control,28,29,4294967296,8589934592,4194304,4194304,3,4294967296,8589934592,4294967296,8589934592,1024,2048,63.66524820798077,0.013475064013618976,63.678723271994386,63.678723271994386,1.5497469999999998,0.06744744673436169,0.13489489346872338,8589934592,0,8589950976,138117120,16777216,0,0,4294967552,8589934592,4295229440,8589934592,0,8389440,16784664,4295393280,8593747968,product,plus,1,chunk,20263717,7eb461df743b497156e8,315,315,2026-09-15T20:01:44.708443+00:00,ext4,wsl2_ext4_vhdx,sdd,True,fdatasync,a43645bbfc2d8d18f8815964ef61f079604f153fbc1aab7fd962d016266f1584,0.0,32,0.7071067811865475,0.0,0.7071067811865475,0.0,False,"[1.03125, 1.0341796875, 1.0]",14818476032,810466562048,30029733888
PASS,direct,PRODUCT_FUSED,cx_product_control,28,29,4294967296,8589934592,4194304,4194304,3,4294967296,8589934592,4294967296,8589934592,1024,2048,69.69838148899726,0.004600184998707846,69.70298167399596,69.70298167399596,1.5330589999999997,0.06161812870628345,0.1232362574125669,8589934592,0,8589950976,138117120,16777216,0,0,4294967552,8589934592,4295229440,8589934592,0,8389120,16789336,4295229440,8596140032,product,plus,2,chunk,20263718,6c044793a1b2d957c75b,316,316,2026-09-15T20:02:50.166541+00:00,ext4,wsl2_ext4_vhdx,sdd,True,fdatasync,a43645bbfc2d8d18f8815964ef61f079604f153fbc1aab7fd962d016266f1584,0.0,32,0.7071067811865475,0.0,0.7071067811865475,0.0,False,"[1.0087890625, 1.025390625, 1.0]",14819667968,810466463744,30029733888
PASS,direct,NAIVE_PRODUCT,cx_product_control,28,29,4294967296,8589934592,4194304,4194304,3,12884901888,17179869184,12884901888,17179869184,3072,4096,154.09217315897695,0.011308152024867013,154.10348131100181,154.10348131100181,3.1797750000000002,0.02787067014619982,0.05574134029239964,8589934592,8589950976,8589950976,138117120,16777216,0,0,12884902144,17179869184,12885164032,17179869184,0,25166352,33568152,12885172224,17186893824,product,plus,2,chunk,20263718,030628cce507354067a8,317,317,2026-09-15T20:04:01.515237+00:00,ext4,wsl2_ext4_vhdx,sdd,True,fdatasync,a43645bbfc2d8d18f8815964ef61f079604f153fbc1aab7fd962d016266f1584,0.0,32,0.7071067811865475,0.0,0.7071067811865475,0.0,False,"[1.00048828125, 1.0185546875, 1.0]",14820995072,810466320384,30029520896
PASS,direct,PRODUCT_FUSED,cx_product_control,28,29,4294967296,8589934592,67108864,67108864,3,4294967296,8589934592,4294967296,8589934592,64,128,68.50260503299069,0.01195786299649626,68.51456289598718,68.51456289598718,1.173833,0.06268692544270105,0.1253738508854021,8589934592,0,8589938688,272662528,268435456,0,0,4294967552,8589934592,4295229440,8589934592,0,8389120,16784672,4295229440,8593752064,product,plus,0,chunk,20263716,165f57add085eecab9d7,318,318,2026-09-15T20:06:37.394707+00:00,ext4,wsl2_ext4_vhdx,sdd,True,fdatasync,a43645bbfc2d8d18f8815964ef61f079604f153fbc1aab7fd962d016266f1584,0.0,32,0.7071067811865475,0.0,0.7071067811865475,0.0,False,"[0.919921875, 0.986328125, 0.99462890625]",14819950592,810465878016,30028906496
PASS,direct,NAIVE_PRODUCT,cx_product_control,28,29,4294967296,8589934592,67108864,67108864,3,12884901888,17179869184,12884901888,17179869184,192,256,161.93693470297148,0.013301364029757679,161.95023606700124,161.95023606700124,2.45967,0.02652029043182813,0.05304058086365626,8589934592,8589938688,8589938688,272560128,268435456,0,0,12884902144,17179869184,12885164032,17179869184,0,25166672,33573536,12885336064,17189650432,product,plus,0,chunk,20263716,230ccc24fbe8f52e4d47,319,319,2026-09-15T20:07:47.891221+00:00,ext4,wsl2_ext4_vhdx,sdd,True,fdatasync,a43645bbfc2d8d18f8815964ef61f079604f153fbc1aab7fd962d016266f1584,0.0,32,0.7071067811865475,0.0,0.7071067811865475,0.0,False,"[0.935546875, 0.9853515625, 0.99462890625]",14812725248,810465722368,30028730368
PASS,direct,PRODUCT_FUSED,cx_product_control,28,29,4294967296,8589934592,67108864,67108864,3,4294967296,8589934592,4294967296,8589934592,64,128,71.92900261998875,0.008291491016279906,71.93729411100503,71.93729411100503,1.174074,0.05970432095169607,0.11940864190339213,8589934592,0,8589938688,272564224,268435456,0,0,4294967552,8589934592,4295229440,8589934592,0,8389128,16782808,4295233536,8592797696,product,plus,1,chunk,20263717,9191c5bf8df8f23ecd5e,320,320,2026-09-15T20:10:31.701404+00:00,ext4,wsl2_ext4_vhdx,sdd,True,fdatasync,a43645bbfc2d8d18f8815964ef61f079604f153fbc1aab7fd962d016266f1584,0.0,32,0.7071067811865475,0.0,0.7071067811865475,0.0,False,"[1.26416015625, 1.1064453125, 1.03173828125]",14813556736,810468474880,30028713984
PASS,direct,NAIVE_PRODUCT,cx_product_control,28,29,4294967296,8589934592,67108864,67108864,3,12884901888,17179869184,12884901888,17179869184,192,256,150.02269111198257,0.025078655016841367,150.0477697669994,150.0477697669994,2.6241060000000003,0.028623999561402404,0.05724799912280481,8589934592,8589938688,8589938688,272564224,268435456,0,0,12884902144,17179869184,12885164032,17179869184,0,25166344,33572960,12885168128,17189355520,product,plus,1,chunk,20263717,75753a6d6582ac84ea82,321,321,2026-09-15T20:11:45.415726+00:00,ext4,wsl2_ext4_vhdx,sdd,True,fdatasync,a43645bbfc2d8d18f8815964ef61f079604f153fbc1aab7fd962d016266f1584,0.0,32,0.7071067811865475,0.0,0.7071067811865475,0.0,False,"[1.16845703125, 1.11083984375, 1.0361328125]",14810820608,810468311040,30028713984
PASS,direct,PRODUCT_FUSED,cx_product_control,28,29,4294967296,8589934592,67108864,67108864,3,4294967296,8589934592,4294967296,8589934592,64,128,89.5147987829987,0.00971754000056535,89.52451632299926,89.52451632299926,1.2892700000000001,0.047975319749329975,0.09595063949865995,8589934592,0,8589938688,272539648,268435456,0,0,4294967553,8589934592,4295229440,8589934592,0,8452240,16788080,4327546880,8595496960,product,plus,2,chunk,20263718,d3a32796338cdf25c01f,322,322,2026-09-15T20:14:17.291959+00:00,ext4,wsl2_ext4_vhdx,sdd,True,fdatasync,a43645bbfc2d8d18f8815964ef61f079604f153fbc1aab7fd962d016266f1584,0.0,32,0.7071067811865475,0.0,0.7071067811865475,0.0,False,"[1.0107421875, 1.06103515625, 1.021484375]",14816399360,810499948544,30028505088
PASS,direct,NAIVE_PRODUCT,cx_product_control,28,29,4294967296,8589934592,67108864,67108864,3,12884901888,17179869184,12884901888,17179869184,192,256,159.42126435603132,0.014655767969088629,159.4359201240004,159.4359201240004,2.137007,0.026938517321941084,0.05387703464388217,8589934592,8589938688,8589938688,272523264,268435456,0,0,12884902145,17179869184,12885159936,17179869184,0,25169736,33575928,12886904832,17190875136,product,plus,2,chunk,20263718,a6fd913ab9fefc8f2a26,323,323,2026-09-15T20:15:48.518393+00:00,ext4,wsl2_ext4_vhdx,sdd,True,fdatasync,a43645bbfc2d8d18f8815964ef61f079604f153fbc1aab7fd962d016266f1584,0.0,32,0.7071067811865475,0.0,0.7071067811865475,0.0,False,"[0.99609375, 1.05419921875, 1.01806640625]",14635421696,810498441216,30028427264
PASS,buffered,PRODUCT_FUSED,cx_product_control,28,29,4294967296,8589934592,16777216,16777216,3,4294967296,8589934592,4294967296,8589934592,256,512,56.110441515018465,11.462854037992656,67.57329555301112,67.57329555301112,10.977110000000001,0.06356012772280148,0.12712025544560296,8589934592,0,8589938688,138117120,67108864,0,0,4294967553,8589934592,4295008256,8589934592,0,8400048,16787216,4300824576,8595054592,product,plus,0,buffered,20263716,307b2ba224ea3d7bfda4,324,324,2026-09-15T20:18:29.676954+00:00,ext4,wsl2_ext4_vhdx,sdd,True,fdatasync,a43645bbfc2d8d18f8815964ef61f079604f153fbc1aab7fd962d016266f1584,0.0,32,0.7071067811865475,0.0,0.7071067811865475,0.0,False,"[1.14599609375, 1.1005859375, 1.037109375]",14806347776,810496143360,30028410880
PASS,buffered,NAIVE_PRODUCT,cx_product_control,28,29,4294967296,8589934592,16777216,16777216,3,12884901888,17179869184,12884901888,17179869184,768,1024,119.5200829290261,28.055356285971357,147.57543921499746,147.57543921499746,12.440525000000001,0.029103537274538033,0.05820707454907607,8589934592,8589938688,8589938688,138117120,67108864,0,0,12884902150,17179869184,12884942848,17179869184,0,25167544,33570648,12885782528,17188171776,product,plus,0,buffered,20263716,ee087c5e114b4bbd6bd5,325,325,2026-09-15T20:19:38.947038+00:00,ext4,wsl2_ext4_vhdx,sdd,True,fdatasync,a43645bbfc2d8d18f8815964ef61f079604f153fbc1aab7fd962d016266f1584,0.0,32,0.7071067811865475,0.0,0.7071067811865475,0.0,False,"[1.94970703125, 1.326171875, 1.119140625]",14977114112,810496008192,30028406784
PASS,buffered,NAIVE_PRODUCT,cx_product_control,28,29,4294967296,8589934592,16777216,16777216,3,12884901888,17179869184,12884901888,17179869184,768,1024,120.90400185500039,29.69355430098949,150.59755615598988,150.59755615598988,11.850203999999998,0.028519501946972142,0.057039003893944284,8589934592,8589938688,8589938688,138117120,67108864,0,0,12884902150,17179869184,12884946944,17179869184,0,25167144,33568112,12885577728,17186873344,product,plus,1,buffered,20263717,fcb15c2851d5a27a703f,326,326,2026-09-15T20:22:08.788182+00:00,ext4,wsl2_ext4_vhdx,sdd,True,fdatasync,a43645bbfc2d8d18f8815964ef61f079604f153fbc1aab7fd962d016266f1584,0.0,32,0.7071067811865475,0.0,0.7071067811865475,0.0,False,"[2.30517578125, 1.681640625, 1.28466796875]",14993285120,810495578112,30028328960
PASS,buffered,PRODUCT_FUSED,cx_product_control,28,29,4294967296,8589934592,16777216,16777216,3,4294967296,8589934592,4294967296,8589934592,256,512,50.43355471501127,11.504493654007092,61.93804836901836,61.93804836901836,6.016883,0.0693429549218467,0.1386859098436934,8589934592,0,8589938688,138117120,67108864,0,0,4294967558,8589934592,4295008256,8589934592,0,8389304,16784296,4295323648,8593559552,product,plus,1,buffered,20263717,a69f6bde1c48a946ac5e,327,327,2026-09-15T20:24:41.208945+00:00,ext4,wsl2_ext4_vhdx,sdd,True,fdatasync,a43645bbfc2d8d18f8815964ef61f079604f153fbc1aab7fd962d016266f1584,0.0,32,0.7071067811865475,0.0,0.7071067811865475,0.0,False,"[2.7177734375, 2.0048828125, 1.46240234375]",15009071104,810495209472,30028115968
PASS,buffered,PRODUCT_FUSED,cx_product_control,28,29,4294967296,8589934592,16777216,16777216,3,4294967296,8589934592,4294967296,8589934592,256,512,60.5317240160075,11.09867209600634,71.63039611201384,71.63039611201384,6.072968,0.059960122086769374,0.11992024417353875,8589934592,0,8589938688,138117120,67108864,0,0,4294967557,8589934592,4295008256,8589934592,0,8389464,16784936,4295405568,8593887232,product,plus,2,buffered,20263718,21d18ed3df5b6c1e0a69,328,328,2026-09-15T20:25:45.369296+00:00,ext4,wsl2_ext4_vhdx,sdd,True,fdatasync,a43645bbfc2d8d18f8815964ef61f079604f153fbc1aab7fd962d016266f1584,0.0,32,0.7071067811865475,0.0,0.7071067811865475,0.0,False,"[2.25830078125, 2.00439453125, 1.4970703125]",14970261504,810495107072,30028115968
PASS,buffered,NAIVE_PRODUCT,cx_product_control,28,29,4294967296,8589934592,16777216,16777216,3,12884901888,17179869184,12884901888,17179869184,768,1024,129.72381261500414,21.264517403993523,150.98833001899766,150.98833001899766,12.73043,0.02844569044150365,0.0568913808830073,8589934592,8589938688,8589938688,138117120,67108864,0,0,12884902150,17179869184,12884946944,17179869184,0,25241952,33788168,12923879424,17299542016,product,plus,2,buffered,20263718,3eb73d2f1414be0724f7,329,329,2026-09-15T20:26:58.682882+00:00,ext4,wsl2_ext4_vhdx,sdd,True,fdatasync,a43645bbfc2d8d18f8815964ef61f079604f153fbc1aab7fd962d016266f1584,0.0,32,0.7071067811865475,0.0,0.7071067811865475,0.0,False,"[2.21533203125, 2.03662109375, 1.548828125]",14986670080,810494881792,30028111872
PASS,direct,PRODUCT_FUSED,cx_product_control,28,29,4294967296,8589934592,16777216,16777216,18,4294967296,8589934592,4294967296,8589934592,256,512,94.64442952699028,0.008834219013806432,94.65326374600409,94.65326374600409,1.373329,0.04537579715714048,0.09075159431428095,8589934592,0,8589946880,138117120,67108864,0,0,4294967558,8589934592,4295229440,8589934592,0,8394480,16786496,4297973760,8594685952,product,plus,0,target,20263716,d587850c7e38c3df6119,330,330,2026-09-15T20:29:31.576576+00:00,ext4,wsl2_ext4_vhdx,sdd,True,fdatasync,a43645bbfc2d8d18f8815964ef61f079604f153fbc1aab7fd962d016266f1584,0.0,32,0.7071067811865475,0.0,0.7071067811865475,0.0,False,"[2.78857421875, 2.359375, 1.748046875]",14994255872,810457178112,30028034048
PASS,direct,NAIVE_PRODUCT,cx_product_control,28,29,4294967296,8589934592,16777216,16777216,18,12884901888,17179869184,12884901888,17179869184,768,1024,159.55296285400982,0.00900962098967284,159.5619724749995,159.5619724749995,2.5169349999999997,0.02691723616460648,0.05383447232921296,8589934592,8589946880,8589946880,138117120,67108864,0,0,12884902145,17179869184,12885164032,17179869184,0,25170936,33566672,12887519232,17186136064,product,plus,0,target,20263716,cc6872294467eb48e030,331,331,2026-09-15T20:31:07.847887+00:00,ext4,wsl2_ext4_vhdx,sdd,True,fdatasync,a43645bbfc2d8d18f8815964ef61f079604f153fbc1aab7fd962d016266f1584,0.0,32,0.7071067811865475,0.0,0.7071067811865475,0.0,False,"[1.3642578125, 1.984375, 1.67138671875]",14983569408,810456961024,30027956224
PASS,direct,PRODUCT_FUSED,cx_product_control,28,29,4294967296,8589934592,16777216,16777216,18,4294967296,8589934592,4294967296,8589934592,256,512,97.34991893498227,0.009700071008410305,97.35961900599068,97.35961900599068,1.2418369999999999,0.04411446285277394,0.08822892570554788,8589934592,0,8589946880,138117120,67108864,0,0,4294967553,8589934592,4295229440,8589934592,0,8391400,16788776,4296396800,8595853312,product,plus,1,target,20263717,60fc3e8543d9ceef78fd,332,332,2026-09-15T20:33:49.077647+00:00,ext4,wsl2_ext4_vhdx,sdd,True,fdatasync,a43645bbfc2d8d18f8815964ef61f079604f153fbc1aab7fd962d016266f1584,0.0,32,0.7071067811865475,0.0,0.7071067811865475,0.0,False,"[1.6953125, 1.8046875, 1.6455078125]",14987120640,810456637440,30027743232
PASS,direct,NAIVE_PRODUCT,cx_product_control,28,29,4294967296,8589934592,16777216,16777216,18,12884901888,17179869184,12884901888,17179869184,768,1024,163.82913849203032,0.024029266991419718,163.85316775902174,163.85316775902174,2.3285519999999997,0.026212293327868966,0.05242458665573793,8589934592,8589942784,8589942784,138117120,67108864,0,0,12884902145,17179869184,12885172224,17179869184,0,25411304,33568968,13010587648,17187311616,product,plus,1,target,20263717,57117d5993282131ddb8,333,333,2026-09-15T20:35:28.073385+00:00,ext4,wsl2_ext4_vhdx,sdd,True,fdatasync,a43645bbfc2d8d18f8815964ef61f079604f153fbc1aab7fd962d016266f1584,0.0,32,0.7071067811865475,0.0,0.7071067811865475,0.0,False,"[1.28466796875, 1.62646484375, 1.59619140625]",14986014720,810456551424,30027673600
PASS,direct,NAIVE_PRODUCT,cx_product_control,28,29,4294967296,8589934592,16777216,16777216,18,12884901888,17179869184,12884901888,17179869184,768,1024,159.83328044996597,0.019162490032613277,159.85244293999858,159.85244293999858,2.401604,0.026868324418489728,0.053736648836979456,8589934592,8589946880,8589946880,138117120,67108864,0,0,12884902145,17179869184,12885168128,17179869184,0,25236560,33581280,12921118720,17193615360,product,plus,2,target,20263718,672c8fb074990373cd6e,334,334,2026-09-15T20:38:13.699624+00:00,ext4,wsl2_ext4_vhdx,sdd,True,fdatasync,a43645bbfc2d8d18f8815964ef61f079604f153fbc1aab7fd962d016266f1584,0.0,32,0.7071067811865475,0.0,0.7071067811865475,0.0,False,"[1.02783203125, 1.3662109375, 1.4970703125]",14979575808,810456121344,30027661312
PASS,direct,PRODUCT_FUSED,cx_product_control,28,29,4294967296,8589934592,16777216,16777216,18,4294967296,8589934592,4294967296,8589934592,256,512,114.71067166797002,0.009165143012069166,114.71983681098209,114.71983681098209,1.332487,0.0374387500487522,0.0748775000975044,8589934592,0,8589946880,138117120,67108864,0,0,4294967553,8589934592,4295229440,8589934592,0,8551360,16942096,4378296320,8674353152,product,plus,2,target,20263718,d8c0d3c41b74bb7e4f57,335,335,2026-09-15T20:40:55.248572+00:00,ext4,wsl2_ext4_vhdx,sdd,True,fdatasync,a43645bbfc2d8d18f8815964ef61f079604f153fbc1aab7fd962d016266f1584,0.0,32,0.7071067811865475,0.0,0.7071067811865475,0.0,False,"[0.91845703125, 1.1787109375, 1.3994140625]",14969782272,810459451392,30027452416
