workload_id,repetition,block,gate_events,old_q,new_q,batch,read_bytes,write_bytes,elapsed_s
cdkm_superposed_20,0,0,"[{'gate_index': 11, 'gate': 'cx', 'old_q': 0, 'new_q': 2, 'batch': 2, 'trigger': 'cx_product_control', 'block': 0}, {'gate_index': 12, 'gate': 'cx', 'old_q': 2, 'new_q': 3, 'batch': 1, 'trigger': 'cx_materialized_control', 'block': 0}, {'gate_index': 28, 'gate': 'cx', 'old_q': 3, 'new_q': 5, 'batch': 2, 'trigger': 'cx_product_control', 'block': 0}, {'gate_index': 45, 'gate': 'cx', 'old_q': 5, 'new_q': 7, 'batch': 2, 'trigger': 'cx_product_control', 'block': 0}, {'gate_index': 62, 'gate': 'cx', 'old_q': 7, 'new_q': 9, 'batch': 2, 'trigger': 'cx_product_control', 'block': 0}, {'gate_index': 79, 'gate': 'cx', 'old_q': 9, 'new_q': 11, 'batch': 2, 'trigger': 'cx_product_control', 'block': 0}, {'gate_index': 96, 'gate': 'cx', 'old_q': 11, 'new_q': 13, 'batch': 2, 'trigger': 'cx_product_control', 'block': 0}]",0,13,13,16,131072,0.0190941060136538
cdkm_superposed_20,0,1,"[{'gate_index': 113, 'gate': 'cx', 'old_q': 13, 'new_q': 15, 'batch': 2, 'trigger': 'cx_product_control', 'block': 1}, {'gate_index': 130, 'gate': 'cx', 'old_q': 15, 'new_q': 17, 'batch': 2, 'trigger': 'cx_product_control', 'block': 1}, {'gate_index': 147, 'gate': 'cx', 'old_q': 17, 'new_q': 19, 'batch': 2, 'trigger': 'cx_product_control', 'block': 1}, {'gate_index': 164, 'gate': 'cx', 'old_q': 19, 'new_q': 20, 'batch': 1, 'trigger': 'cx_materialized_control', 'block': 1}]",13,20,7,131072,16777216,0.3532622419879772
cdkm_superposed_20,1,0,"[{'gate_index': 11, 'gate': 'cx', 'old_q': 0, 'new_q': 2, 'batch': 2, 'trigger': 'cx_product_control', 'block': 0}, {'gate_index': 12, 'gate': 'cx', 'old_q': 2, 'new_q': 3, 'batch': 1, 'trigger': 'cx_materialized_control', 'block': 0}, {'gate_index': 28, 'gate': 'cx', 'old_q': 3, 'new_q': 5, 'batch': 2, 'trigger': 'cx_product_control', 'block': 0}, {'gate_index': 45, 'gate': 'cx', 'old_q': 5, 'new_q': 7, 'batch': 2, 'trigger': 'cx_product_control', 'block': 0}, {'gate_index': 62, 'gate': 'cx', 'old_q': 7, 'new_q': 9, 'batch': 2, 'trigger': 'cx_product_control', 'block': 0}, {'gate_index': 79, 'gate': 'cx', 'old_q': 9, 'new_q': 11, 'batch': 2, 'trigger': 'cx_product_control', 'block': 0}, {'gate_index': 96, 'gate': 'cx', 'old_q': 11, 'new_q': 13, 'batch': 2, 'trigger': 'cx_product_control', 'block': 0}]",0,13,13,16,131072,0.01849340699845925
cdkm_superposed_20,1,1,"[{'gate_index': 113, 'gate': 'cx', 'old_q': 13, 'new_q': 15, 'batch': 2, 'trigger': 'cx_product_control', 'block': 1}, {'gate_index': 130, 'gate': 'cx', 'old_q': 15, 'new_q': 17, 'batch': 2, 'trigger': 'cx_product_control', 'block': 1}, {'gate_index': 147, 'gate': 'cx', 'old_q': 17, 'new_q': 19, 'batch': 2, 'trigger': 'cx_product_control', 'block': 1}, {'gate_index': 164, 'gate': 'cx', 'old_q': 19, 'new_q': 20, 'batch': 1, 'trigger': 'cx_materialized_control', 'block': 1}]",13,20,7,131072,16777216,0.35457261398551054
cdkm_superposed_20,2,0,"[{'gate_index': 11, 'gate': 'cx', 'old_q': 0, 'new_q': 2, 'batch': 2, 'trigger': 'cx_product_control', 'block': 0}, {'gate_index': 12, 'gate': 'cx', 'old_q': 2, 'new_q': 3, 'batch': 1, 'trigger': 'cx_materialized_control', 'block': 0}, {'gate_index': 28, 'gate': 'cx', 'old_q': 3, 'new_q': 5, 'batch': 2, 'trigger': 'cx_product_control', 'block': 0}, {'gate_index': 45, 'gate': 'cx', 'old_q': 5, 'new_q': 7, 'batch': 2, 'trigger': 'cx_product_control', 'block': 0}, {'gate_index': 62, 'gate': 'cx', 'old_q': 7, 'new_q': 9, 'batch': 2, 'trigger': 'cx_product_control', 'block': 0}, {'gate_index': 79, 'gate': 'cx', 'old_q': 9, 'new_q': 11, 'batch': 2, 'trigger': 'cx_product_control', 'block': 0}, {'gate_index': 96, 'gate': 'cx', 'old_q': 11, 'new_q': 13, 'batch': 2, 'trigger': 'cx_product_control', 'block': 0}]",0,13,13,16,131072,0.019040868995944038
cdkm_superposed_20,2,1,"[{'gate_index': 113, 'gate': 'cx', 'old_q': 13, 'new_q': 15, 'batch': 2, 'trigger': 'cx_product_control', 'block': 1}, {'gate_index': 130, 'gate': 'cx', 'old_q': 15, 'new_q': 17, 'batch': 2, 'trigger': 'cx_product_control', 'block': 1}, {'gate_index': 147, 'gate': 'cx', 'old_q': 17, 'new_q': 19, 'batch': 2, 'trigger': 'cx_product_control', 'block': 1}, {'gate_index': 164, 'gate': 'cx', 'old_q': 19, 'new_q': 20, 'batch': 1, 'trigger': 'cx_materialized_control', 'block': 1}]",13,20,7,131072,16777216,0.3514907749777194
cdkm_superposed_22,0,0,"[{'gate_index': 12, 'gate': 'cx', 'old_q': 0, 'new_q': 2, 'batch': 2, 'trigger': 'cx_product_control', 'block': 0}, {'gate_index': 13, 'gate': 'cx', 'old_q': 2, 'new_q': 3, 'batch': 1, 'trigger': 'cx_materialized_control', 'block': 0}, {'gate_index': 29, 'gate': 'cx', 'old_q': 3, 'new_q': 5, 'batch': 2, 'trigger': 'cx_product_control', 'block': 0}, {'gate_index': 46, 'gate': 'cx', 'old_q': 5, 'new_q': 7, 'batch': 2, 'trigger': 'cx_product_control', 'block': 0}, {'gate_index': 63, 'gate': 'cx', 'old_q': 7, 'new_q': 9, 'batch': 2, 'trigger': 'cx_product_control', 'block': 0}, {'gate_index': 80, 'gate': 'cx', 'old_q': 9, 'new_q': 11, 'batch': 2, 'trigger': 'cx_product_control', 'block': 0}]",0,11,11,16,32768,0.016475973010528833
cdkm_superposed_22,0,1,"[{'gate_index': 97, 'gate': 'cx', 'old_q': 11, 'new_q': 13, 'batch': 2, 'trigger': 'cx_product_control', 'block': 1}, {'gate_index': 114, 'gate': 'cx', 'old_q': 13, 'new_q': 15, 'batch': 2, 'trigger': 'cx_product_control', 'block': 1}, {'gate_index': 131, 'gate': 'cx', 'old_q': 15, 'new_q': 17, 'batch': 2, 'trigger': 'cx_product_control', 'block': 1}, {'gate_index': 148, 'gate': 'cx', 'old_q': 17, 'new_q': 19, 'batch': 2, 'trigger': 'cx_product_control', 'block': 1}]",11,19,8,32768,8388608,0.14673824099008925
cdkm_superposed_22,0,2,"[{'gate_index': 165, 'gate': 'cx', 'old_q': 19, 'new_q': 21, 'batch': 2, 'trigger': 'cx_product_control', 'block': 2}, {'gate_index': 182, 'gate': 'cx', 'old_q': 21, 'new_q': 22, 'batch': 1, 'trigger': 'cx_materialized_control', 'block': 2}]",19,22,3,8388608,67108864,1.0862566950090695
cdkm_superposed_22,1,0,"[{'gate_index': 12, 'gate': 'cx', 'old_q': 0, 'new_q': 2, 'batch': 2, 'trigger': 'cx_product_control', 'block': 0}, {'gate_index': 13, 'gate': 'cx', 'old_q': 2, 'new_q': 3, 'batch': 1, 'trigger': 'cx_materialized_control', 'block': 0}, {'gate_index': 29, 'gate': 'cx', 'old_q': 3, 'new_q': 5, 'batch': 2, 'trigger': 'cx_product_control', 'block': 0}, {'gate_index': 46, 'gate': 'cx', 'old_q': 5, 'new_q': 7, 'batch': 2, 'trigger': 'cx_product_control', 'block': 0}, {'gate_index': 63, 'gate': 'cx', 'old_q': 7, 'new_q': 9, 'batch': 2, 'trigger': 'cx_product_control', 'block': 0}, {'gate_index': 80, 'gate': 'cx', 'old_q': 9, 'new_q': 11, 'batch': 2, 'trigger': 'cx_product_control', 'block': 0}]",0,11,11,16,32768,0.015893577015958726
cdkm_superposed_22,1,1,"[{'gate_index': 97, 'gate': 'cx', 'old_q': 11, 'new_q': 13, 'batch': 2, 'trigger': 'cx_product_control', 'block': 1}, {'gate_index': 114, 'gate': 'cx', 'old_q': 13, 'new_q': 15, 'batch': 2, 'trigger': 'cx_product_control', 'block': 1}, {'gate_index': 131, 'gate': 'cx', 'old_q': 15, 'new_q': 17, 'batch': 2, 'trigger': 'cx_product_control', 'block': 1}, {'gate_index': 148, 'gate': 'cx', 'old_q': 17, 'new_q': 19, 'batch': 2, 'trigger': 'cx_product_control', 'block': 1}]",11,19,8,32768,8388608,0.14911191698047332
cdkm_superposed_22,1,2,"[{'gate_index': 165, 'gate': 'cx', 'old_q': 19, 'new_q': 21, 'batch': 2, 'trigger': 'cx_product_control', 'block': 2}, {'gate_index': 182, 'gate': 'cx', 'old_q': 21, 'new_q': 22, 'batch': 1, 'trigger': 'cx_materialized_control', 'block': 2}]",19,22,3,8388608,67108864,1.0811454640061129
cdkm_superposed_22,2,0,"[{'gate_index': 12, 'gate': 'cx', 'old_q': 0, 'new_q': 2, 'batch': 2, 'trigger': 'cx_product_control', 'block': 0}, {'gate_index': 13, 'gate': 'cx', 'old_q': 2, 'new_q': 3, 'batch': 1, 'trigger': 'cx_materialized_control', 'block': 0}, {'gate_index': 29, 'gate': 'cx', 'old_q': 3, 'new_q': 5, 'batch': 2, 'trigger': 'cx_product_control', 'block': 0}, {'gate_index': 46, 'gate': 'cx', 'old_q': 5, 'new_q': 7, 'batch': 2, 'trigger': 'cx_product_control', 'block': 0}, {'gate_index': 63, 'gate': 'cx', 'old_q': 7, 'new_q': 9, 'batch': 2, 'trigger': 'cx_product_control', 'block': 0}, {'gate_index': 80, 'gate': 'cx', 'old_q': 9, 'new_q': 11, 'batch': 2, 'trigger': 'cx_product_control', 'block': 0}]",0,11,11,16,32768,0.01703609700780362
cdkm_superposed_22,2,1,"[{'gate_index': 97, 'gate': 'cx', 'old_q': 11, 'new_q': 13, 'batch': 2, 'trigger': 'cx_product_control', 'block': 1}, {'gate_index': 114, 'gate': 'cx', 'old_q': 13, 'new_q': 15, 'batch': 2, 'trigger': 'cx_product_control', 'block': 1}, {'gate_index': 131, 'gate': 'cx', 'old_q': 15, 'new_q': 17, 'batch': 2, 'trigger': 'cx_product_control', 'block': 1}, {'gate_index': 148, 'gate': 'cx', 'old_q': 17, 'new_q': 19, 'batch': 2, 'trigger': 'cx_product_control', 'block': 1}]",11,19,8,32768,8388608,0.1462349979847204
cdkm_superposed_22,2,2,"[{'gate_index': 165, 'gate': 'cx', 'old_q': 19, 'new_q': 21, 'batch': 2, 'trigger': 'cx_product_control', 'block': 2}, {'gate_index': 182, 'gate': 'cx', 'old_q': 21, 'new_q': 22, 'batch': 1, 'trigger': 'cx_materialized_control', 'block': 2}]",19,22,3,8388608,67108864,1.0559188569895923
cdkm_superposed_24,0,0,"[{'gate_index': 13, 'gate': 'cx', 'old_q': 0, 'new_q': 2, 'batch': 2, 'trigger': 'cx_product_control', 'block': 0}, {'gate_index': 14, 'gate': 'cx', 'old_q': 2, 'new_q': 3, 'batch': 1, 'trigger': 'cx_materialized_control', 'block': 0}, {'gate_index': 30, 'gate': 'cx', 'old_q': 3, 'new_q': 5, 'batch': 2, 'trigger': 'cx_product_control', 'block': 0}, {'gate_index': 47, 'gate': 'cx', 'old_q': 5, 'new_q': 7, 'batch': 2, 'trigger': 'cx_product_control', 'block': 0}, {'gate_index': 64, 'gate': 'cx', 'old_q': 7, 'new_q': 9, 'batch': 2, 'trigger': 'cx_product_control', 'block': 0}]",0,9,9,16,8192,0.013276654004584998
cdkm_superposed_24,0,1,"[{'gate_index': 81, 'gate': 'cx', 'old_q': 9, 'new_q': 11, 'batch': 2, 'trigger': 'cx_product_control', 'block': 1}, {'gate_index': 98, 'gate': 'cx', 'old_q': 11, 'new_q': 13, 'batch': 2, 'trigger': 'cx_product_control', 'block': 1}, {'gate_index': 115, 'gate': 'cx', 'old_q': 13, 'new_q': 15, 'batch': 2, 'trigger': 'cx_product_control', 'block': 1}, {'gate_index': 132, 'gate': 'cx', 'old_q': 15, 'new_q': 17, 'batch': 2, 'trigger': 'cx_product_control', 'block': 1}]",9,17,8,8192,2097152,0.05386667599668726
cdkm_superposed_24,0,2,"[{'gate_index': 149, 'gate': 'cx', 'old_q': 17, 'new_q': 19, 'batch': 2, 'trigger': 'cx_product_control', 'block': 2}, {'gate_index': 166, 'gate': 'cx', 'old_q': 19, 'new_q': 21, 'batch': 2, 'trigger': 'cx_product_control', 'block': 2}, {'gate_index': 183, 'gate': 'cx', 'old_q': 21, 'new_q': 23, 'batch': 2, 'trigger': 'cx_product_control', 'block': 2}, {'gate_index': 200, 'gate': 'cx', 'old_q': 23, 'new_q': 24, 'batch': 1, 'trigger': 'cx_materialized_control', 'block': 2}]",17,24,7,2097152,268435456,5.560616381990258
cdkm_superposed_24,1,0,"[{'gate_index': 13, 'gate': 'cx', 'old_q': 0, 'new_q': 2, 'batch': 2, 'trigger': 'cx_product_control', 'block': 0}, {'gate_index': 14, 'gate': 'cx', 'old_q': 2, 'new_q': 3, 'batch': 1, 'trigger': 'cx_materialized_control', 'block': 0}, {'gate_index': 30, 'gate': 'cx', 'old_q': 3, 'new_q': 5, 'batch': 2, 'trigger': 'cx_product_control', 'block': 0}, {'gate_index': 47, 'gate': 'cx', 'old_q': 5, 'new_q': 7, 'batch': 2, 'trigger': 'cx_product_control', 'block': 0}, {'gate_index': 64, 'gate': 'cx', 'old_q': 7, 'new_q': 9, 'batch': 2, 'trigger': 'cx_product_control', 'block': 0}]",0,9,9,16,8192,0.013155119988368824
cdkm_superposed_24,1,1,"[{'gate_index': 81, 'gate': 'cx', 'old_q': 9, 'new_q': 11, 'batch': 2, 'trigger': 'cx_product_control', 'block': 1}, {'gate_index': 98, 'gate': 'cx', 'old_q': 11, 'new_q': 13, 'batch': 2, 'trigger': 'cx_product_control', 'block': 1}, {'gate_index': 115, 'gate': 'cx', 'old_q': 13, 'new_q': 15, 'batch': 2, 'trigger': 'cx_product_control', 'block': 1}, {'gate_index': 132, 'gate': 'cx', 'old_q': 15, 'new_q': 17, 'batch': 2, 'trigger': 'cx_product_control', 'block': 1}]",9,17,8,8192,2097152,0.054500669008120894
cdkm_superposed_24,1,2,"[{'gate_index': 149, 'gate': 'cx', 'old_q': 17, 'new_q': 19, 'batch': 2, 'trigger': 'cx_product_control', 'block': 2}, {'gate_index': 166, 'gate': 'cx', 'old_q': 19, 'new_q': 21, 'batch': 2, 'trigger': 'cx_product_control', 'block': 2}, {'gate_index': 183, 'gate': 'cx', 'old_q': 21, 'new_q': 23, 'batch': 2, 'trigger': 'cx_product_control', 'block': 2}, {'gate_index': 200, 'gate': 'cx', 'old_q': 23, 'new_q': 24, 'batch': 1, 'trigger': 'cx_materialized_control', 'block': 2}]",17,24,7,2097152,268435456,5.54602837699349
cdkm_superposed_24,2,0,"[{'gate_index': 13, 'gate': 'cx', 'old_q': 0, 'new_q': 2, 'batch': 2, 'trigger': 'cx_product_control', 'block': 0}, {'gate_index': 14, 'gate': 'cx', 'old_q': 2, 'new_q': 3, 'batch': 1, 'trigger': 'cx_materialized_control', 'block': 0}, {'gate_index': 30, 'gate': 'cx', 'old_q': 3, 'new_q': 5, 'batch': 2, 'trigger': 'cx_product_control', 'block': 0}, {'gate_index': 47, 'gate': 'cx', 'old_q': 5, 'new_q': 7, 'batch': 2, 'trigger': 'cx_product_control', 'block': 0}, {'gate_index': 64, 'gate': 'cx', 'old_q': 7, 'new_q': 9, 'batch': 2, 'trigger': 'cx_product_control', 'block': 0}]",0,9,9,16,8192,0.013116835994878784
cdkm_superposed_24,2,1,"[{'gate_index': 81, 'gate': 'cx', 'old_q': 9, 'new_q': 11, 'batch': 2, 'trigger': 'cx_product_control', 'block': 1}, {'gate_index': 98, 'gate': 'cx', 'old_q': 11, 'new_q': 13, 'batch': 2, 'trigger': 'cx_product_control', 'block': 1}, {'gate_index': 115, 'gate': 'cx', 'old_q': 13, 'new_q': 15, 'batch': 2, 'trigger': 'cx_product_control', 'block': 1}, {'gate_index': 132, 'gate': 'cx', 'old_q': 15, 'new_q': 17, 'batch': 2, 'trigger': 'cx_product_control', 'block': 1}]",9,17,8,8192,2097152,0.05498470098245889
cdkm_superposed_24,2,2,"[{'gate_index': 149, 'gate': 'cx', 'old_q': 17, 'new_q': 19, 'batch': 2, 'trigger': 'cx_product_control', 'block': 2}, {'gate_index': 166, 'gate': 'cx', 'old_q': 19, 'new_q': 21, 'batch': 2, 'trigger': 'cx_product_control', 'block': 2}, {'gate_index': 183, 'gate': 'cx', 'old_q': 21, 'new_q': 23, 'batch': 2, 'trigger': 'cx_product_control', 'block': 2}, {'gate_index': 200, 'gate': 'cx', 'old_q': 23, 'new_q': 24, 'batch': 1, 'trigger': 'cx_materialized_control', 'block': 2}]",17,24,7,2097152,268435456,5.5076876069942955
comparator_20,0,0,"[{'gate_index': 21, 'gate': 'cx', 'old_q': 0, 'new_q': 2, 'batch': 2, 'trigger': 'cx_product_control', 'block': 0}, {'gate_index': 27, 'gate': 'cx', 'old_q': 2, 'new_q': 4, 'batch': 2, 'trigger': 'cx_product_control', 'block': 0}, {'gate_index': 48, 'gate': 'cx', 'old_q': 4, 'new_q': 6, 'batch': 2, 'trigger': 'cx_product_control', 'block': 0}, {'gate_index': 69, 'gate': 'cx', 'old_q': 6, 'new_q': 8, 'batch': 2, 'trigger': 'cx_product_control', 'block': 0}, {'gate_index': 90, 'gate': 'cx', 'old_q': 8, 'new_q': 10, 'batch': 2, 'trigger': 'cx_product_control', 'block': 0}]",0,10,10,16,16384,0.019301388005260378
comparator_20,0,1,"[{'gate_index': 111, 'gate': 'cx', 'old_q': 10, 'new_q': 12, 'batch': 2, 'trigger': 'cx_product_control', 'block': 1}, {'gate_index': 132, 'gate': 'cx', 'old_q': 12, 'new_q': 14, 'batch': 2, 'trigger': 'cx_product_control', 'block': 1}, {'gate_index': 153, 'gate': 'cx', 'old_q': 14, 'new_q': 16, 'batch': 2, 'trigger': 'cx_product_control', 'block': 1}]",10,16,6,16384,1048576,0.03069019000395201
comparator_20,0,2,"[{'gate_index': 174, 'gate': 'cx', 'old_q': 16, 'new_q': 18, 'batch': 2, 'trigger': 'cx_product_control', 'block': 2}, {'gate_index': 192, 'gate': 'cx', 'old_q': 18, 'new_q': 20, 'batch': 2, 'trigger': 'cx_product_control', 'block': 2}]",16,20,4,1048576,16777216,0.30453706899425015
comparator_20,1,0,"[{'gate_index': 21, 'gate': 'cx', 'old_q': 0, 'new_q': 2, 'batch': 2, 'trigger': 'cx_product_control', 'block': 0}, {'gate_index': 27, 'gate': 'cx', 'old_q': 2, 'new_q': 4, 'batch': 2, 'trigger': 'cx_product_control', 'block': 0}, {'gate_index': 48, 'gate': 'cx', 'old_q': 4, 'new_q': 6, 'batch': 2, 'trigger': 'cx_product_control', 'block': 0}, {'gate_index': 69, 'gate': 'cx', 'old_q': 6, 'new_q': 8, 'batch': 2, 'trigger': 'cx_product_control', 'block': 0}, {'gate_index': 90, 'gate': 'cx', 'old_q': 8, 'new_q': 10, 'batch': 2, 'trigger': 'cx_product_control', 'block': 0}]",0,10,10,16,16384,0.019469357008347288
comparator_20,1,1,"[{'gate_index': 111, 'gate': 'cx', 'old_q': 10, 'new_q': 12, 'batch': 2, 'trigger': 'cx_product_control', 'block': 1}, {'gate_index': 132, 'gate': 'cx', 'old_q': 12, 'new_q': 14, 'batch': 2, 'trigger': 'cx_product_control', 'block': 1}, {'gate_index': 153, 'gate': 'cx', 'old_q': 14, 'new_q': 16, 'batch': 2, 'trigger': 'cx_product_control', 'block': 1}]",10,16,6,16384,1048576,0.030170847021508962
comparator_20,1,2,"[{'gate_index': 174, 'gate': 'cx', 'old_q': 16, 'new_q': 18, 'batch': 2, 'trigger': 'cx_product_control', 'block': 2}, {'gate_index': 192, 'gate': 'cx', 'old_q': 18, 'new_q': 20, 'batch': 2, 'trigger': 'cx_product_control', 'block': 2}]",16,20,4,1048576,16777216,0.3052480419864878
comparator_20,2,0,"[{'gate_index': 21, 'gate': 'cx', 'old_q': 0, 'new_q': 2, 'batch': 2, 'trigger': 'cx_product_control', 'block': 0}, {'gate_index': 27, 'gate': 'cx', 'old_q': 2, 'new_q': 4, 'batch': 2, 'trigger': 'cx_product_control', 'block': 0}, {'gate_index': 48, 'gate': 'cx', 'old_q': 4, 'new_q': 6, 'batch': 2, 'trigger': 'cx_product_control', 'block': 0}, {'gate_index': 69, 'gate': 'cx', 'old_q': 6, 'new_q': 8, 'batch': 2, 'trigger': 'cx_product_control', 'block': 0}, {'gate_index': 90, 'gate': 'cx', 'old_q': 8, 'new_q': 10, 'batch': 2, 'trigger': 'cx_product_control', 'block': 0}]",0,10,10,16,16384,0.018555281014414504
comparator_20,2,1,"[{'gate_index': 111, 'gate': 'cx', 'old_q': 10, 'new_q': 12, 'batch': 2, 'trigger': 'cx_product_control', 'block': 1}, {'gate_index': 132, 'gate': 'cx', 'old_q': 12, 'new_q': 14, 'batch': 2, 'trigger': 'cx_product_control', 'block': 1}, {'gate_index': 153, 'gate': 'cx', 'old_q': 14, 'new_q': 16, 'batch': 2, 'trigger': 'cx_product_control', 'block': 1}]",10,16,6,16384,1048576,0.02947387401945889
comparator_20,2,2,"[{'gate_index': 174, 'gate': 'cx', 'old_q': 16, 'new_q': 18, 'batch': 2, 'trigger': 'cx_product_control', 'block': 2}, {'gate_index': 192, 'gate': 'cx', 'old_q': 18, 'new_q': 20, 'batch': 2, 'trigger': 'cx_product_control', 'block': 2}]",16,20,4,1048576,16777216,0.3065126430010423
comparator_22,0,0,"[{'gate_index': 23, 'gate': 'cx', 'old_q': 0, 'new_q': 2, 'batch': 2, 'trigger': 'cx_product_control', 'block': 0}, {'gate_index': 29, 'gate': 'cx', 'old_q': 2, 'new_q': 4, 'batch': 2, 'trigger': 'cx_product_control', 'block': 0}, {'gate_index': 50, 'gate': 'cx', 'old_q': 4, 'new_q': 6, 'batch': 2, 'trigger': 'cx_product_control', 'block': 0}, {'gate_index': 71, 'gate': 'cx', 'old_q': 6, 'new_q': 8, 'batch': 2, 'trigger': 'cx_product_control', 'block': 0}]",0,8,8,16,4096,0.017083519021980464
comparator_22,0,1,"[{'gate_index': 92, 'gate': 'cx', 'old_q': 8, 'new_q': 10, 'batch': 2, 'trigger': 'cx_product_control', 'block': 1}, {'gate_index': 113, 'gate': 'cx', 'old_q': 10, 'new_q': 12, 'batch': 2, 'trigger': 'cx_product_control', 'block': 1}, {'gate_index': 134, 'gate': 'cx', 'old_q': 12, 'new_q': 14, 'batch': 2, 'trigger': 'cx_product_control', 'block': 1}]",8,14,6,4096,262144,0.024770183983491734
comparator_22,0,2,"[{'gate_index': 155, 'gate': 'cx', 'old_q': 14, 'new_q': 16, 'batch': 2, 'trigger': 'cx_product_control', 'block': 2}, {'gate_index': 176, 'gate': 'cx', 'old_q': 16, 'new_q': 18, 'batch': 2, 'trigger': 'cx_product_control', 'block': 2}, {'gate_index': 197, 'gate': 'cx', 'old_q': 18, 'new_q': 20, 'batch': 2, 'trigger': 'cx_product_control', 'block': 2}, {'gate_index': 215, 'gate': 'cx', 'old_q': 20, 'new_q': 22, 'batch': 2, 'trigger': 'cx_product_control', 'block': 2}]",14,22,8,262144,67108864,1.4589885820169002
comparator_22,1,0,"[{'gate_index': 23, 'gate': 'cx', 'old_q': 0, 'new_q': 2, 'batch': 2, 'trigger': 'cx_product_control', 'block': 0}, {'gate_index': 29, 'gate': 'cx', 'old_q': 2, 'new_q': 4, 'batch': 2, 'trigger': 'cx_product_control', 'block': 0}, {'gate_index': 50, 'gate': 'cx', 'old_q': 4, 'new_q': 6, 'batch': 2, 'trigger': 'cx_product_control', 'block': 0}, {'gate_index': 71, 'gate': 'cx', 'old_q': 6, 'new_q': 8, 'batch': 2, 'trigger': 'cx_product_control', 'block': 0}]",0,8,8,16,4096,0.016889991995412856
comparator_22,1,1,"[{'gate_index': 92, 'gate': 'cx', 'old_q': 8, 'new_q': 10, 'batch': 2, 'trigger': 'cx_product_control', 'block': 1}, {'gate_index': 113, 'gate': 'cx', 'old_q': 10, 'new_q': 12, 'batch': 2, 'trigger': 'cx_product_control', 'block': 1}, {'gate_index': 134, 'gate': 'cx', 'old_q': 12, 'new_q': 14, 'batch': 2, 'trigger': 'cx_product_control', 'block': 1}]",8,14,6,4096,262144,0.021339680009987205
comparator_22,1,2,"[{'gate_index': 155, 'gate': 'cx', 'old_q': 14, 'new_q': 16, 'batch': 2, 'trigger': 'cx_product_control', 'block': 2}, {'gate_index': 176, 'gate': 'cx', 'old_q': 16, 'new_q': 18, 'batch': 2, 'trigger': 'cx_product_control', 'block': 2}, {'gate_index': 197, 'gate': 'cx', 'old_q': 18, 'new_q': 20, 'batch': 2, 'trigger': 'cx_product_control', 'block': 2}, {'gate_index': 215, 'gate': 'cx', 'old_q': 20, 'new_q': 22, 'batch': 2, 'trigger': 'cx_product_control', 'block': 2}]",14,22,8,262144,67108864,1.4634548150061164
comparator_22,2,0,"[{'gate_index': 23, 'gate': 'cx', 'old_q': 0, 'new_q': 2, 'batch': 2, 'trigger': 'cx_product_control', 'block': 0}, {'gate_index': 29, 'gate': 'cx', 'old_q': 2, 'new_q': 4, 'batch': 2, 'trigger': 'cx_product_control', 'block': 0}, {'gate_index': 50, 'gate': 'cx', 'old_q': 4, 'new_q': 6, 'batch': 2, 'trigger': 'cx_product_control', 'block': 0}, {'gate_index': 71, 'gate': 'cx', 'old_q': 6, 'new_q': 8, 'batch': 2, 'trigger': 'cx_product_control', 'block': 0}]",0,8,8,16,4096,0.0160562279925216
comparator_22,2,1,"[{'gate_index': 92, 'gate': 'cx', 'old_q': 8, 'new_q': 10, 'batch': 2, 'trigger': 'cx_product_control', 'block': 1}, {'gate_index': 113, 'gate': 'cx', 'old_q': 10, 'new_q': 12, 'batch': 2, 'trigger': 'cx_product_control', 'block': 1}, {'gate_index': 134, 'gate': 'cx', 'old_q': 12, 'new_q': 14, 'batch': 2, 'trigger': 'cx_product_control', 'block': 1}]",8,14,6,4096,262144,0.022260558005655184
comparator_22,2,2,"[{'gate_index': 155, 'gate': 'cx', 'old_q': 14, 'new_q': 16, 'batch': 2, 'trigger': 'cx_product_control', 'block': 2}, {'gate_index': 176, 'gate': 'cx', 'old_q': 16, 'new_q': 18, 'batch': 2, 'trigger': 'cx_product_control', 'block': 2}, {'gate_index': 197, 'gate': 'cx', 'old_q': 18, 'new_q': 20, 'batch': 2, 'trigger': 'cx_product_control', 'block': 2}, {'gate_index': 215, 'gate': 'cx', 'old_q': 20, 'new_q': 22, 'batch': 2, 'trigger': 'cx_product_control', 'block': 2}]",14,22,8,262144,67108864,1.45963766600471
comparator_24,0,0,"[{'gate_index': 25, 'gate': 'cx', 'old_q': 0, 'new_q': 2, 'batch': 2, 'trigger': 'cx_product_control', 'block': 0}, {'gate_index': 31, 'gate': 'cx', 'old_q': 2, 'new_q': 4, 'batch': 2, 'trigger': 'cx_product_control', 'block': 0}, {'gate_index': 52, 'gate': 'cx', 'old_q': 4, 'new_q': 6, 'batch': 2, 'trigger': 'cx_product_control', 'block': 0}]",0,6,6,16,1024,0.01477710300241597
comparator_24,0,1,"[{'gate_index': 73, 'gate': 'cx', 'old_q': 6, 'new_q': 8, 'batch': 2, 'trigger': 'cx_product_control', 'block': 1}, {'gate_index': 94, 'gate': 'cx', 'old_q': 8, 'new_q': 10, 'batch': 2, 'trigger': 'cx_product_control', 'block': 1}, {'gate_index': 115, 'gate': 'cx', 'old_q': 10, 'new_q': 12, 'batch': 2, 'trigger': 'cx_product_control', 'block': 1}]",6,12,6,1024,65536,0.01623712497530505
comparator_24,0,2,"[{'gate_index': 136, 'gate': 'cx', 'old_q': 12, 'new_q': 14, 'batch': 2, 'trigger': 'cx_product_control', 'block': 2}, {'gate_index': 157, 'gate': 'cx', 'old_q': 14, 'new_q': 16, 'batch': 2, 'trigger': 'cx_product_control', 'block': 2}, {'gate_index': 178, 'gate': 'cx', 'old_q': 16, 'new_q': 18, 'batch': 2, 'trigger': 'cx_product_control', 'block': 2}]",12,18,6,65536,4194304,0.10224446799838915
comparator_24,0,3,"[{'gate_index': 199, 'gate': 'cx', 'old_q': 18, 'new_q': 20, 'batch': 2, 'trigger': 'cx_product_control', 'block': 3}, {'gate_index': 220, 'gate': 'cx', 'old_q': 20, 'new_q': 22, 'batch': 2, 'trigger': 'cx_product_control', 'block': 3}, {'gate_index': 238, 'gate': 'cx', 'old_q': 22, 'new_q': 24, 'batch': 2, 'trigger': 'cx_product_control', 'block': 3}]",18,24,6,4194304,268435456,4.574552620993927
comparator_24,1,0,"[{'gate_index': 25, 'gate': 'cx', 'old_q': 0, 'new_q': 2, 'batch': 2, 'trigger': 'cx_product_control', 'block': 0}, {'gate_index': 31, 'gate': 'cx', 'old_q': 2, 'new_q': 4, 'batch': 2, 'trigger': 'cx_product_control', 'block': 0}, {'gate_index': 52, 'gate': 'cx', 'old_q': 4, 'new_q': 6, 'batch': 2, 'trigger': 'cx_product_control', 'block': 0}]",0,6,6,16,1024,0.014090686978306621
comparator_24,1,1,"[{'gate_index': 73, 'gate': 'cx', 'old_q': 6, 'new_q': 8, 'batch': 2, 'trigger': 'cx_product_control', 'block': 1}, {'gate_index': 94, 'gate': 'cx', 'old_q': 8, 'new_q': 10, 'batch': 2, 'trigger': 'cx_product_control', 'block': 1}, {'gate_index': 115, 'gate': 'cx', 'old_q': 10, 'new_q': 12, 'batch': 2, 'trigger': 'cx_product_control', 'block': 1}]",6,12,6,1024,65536,0.015432869986398146
comparator_24,1,2,"[{'gate_index': 136, 'gate': 'cx', 'old_q': 12, 'new_q': 14, 'batch': 2, 'trigger': 'cx_product_control', 'block': 2}, {'gate_index': 157, 'gate': 'cx', 'old_q': 14, 'new_q': 16, 'batch': 2, 'trigger': 'cx_product_control', 'block': 2}, {'gate_index': 178, 'gate': 'cx', 'old_q': 16, 'new_q': 18, 'batch': 2, 'trigger': 'cx_product_control', 'block': 2}]",12,18,6,65536,4194304,0.10131945298053324
comparator_24,1,3,"[{'gate_index': 199, 'gate': 'cx', 'old_q': 18, 'new_q': 20, 'batch': 2, 'trigger': 'cx_product_control', 'block': 3}, {'gate_index': 220, 'gate': 'cx', 'old_q': 20, 'new_q': 22, 'batch': 2, 'trigger': 'cx_product_control', 'block': 3}, {'gate_index': 238, 'gate': 'cx', 'old_q': 22, 'new_q': 24, 'batch': 2, 'trigger': 'cx_product_control', 'block': 3}]",18,24,6,4194304,268435456,4.625662282021949
comparator_24,2,0,"[{'gate_index': 25, 'gate': 'cx', 'old_q': 0, 'new_q': 2, 'batch': 2, 'trigger': 'cx_product_control', 'block': 0}, {'gate_index': 31, 'gate': 'cx', 'old_q': 2, 'new_q': 4, 'batch': 2, 'trigger': 'cx_product_control', 'block': 0}, {'gate_index': 52, 'gate': 'cx', 'old_q': 4, 'new_q': 6, 'batch': 2, 'trigger': 'cx_product_control', 'block': 0}]",0,6,6,16,1024,0.014838636008789763
comparator_24,2,1,"[{'gate_index': 73, 'gate': 'cx', 'old_q': 6, 'new_q': 8, 'batch': 2, 'trigger': 'cx_product_control', 'block': 1}, {'gate_index': 94, 'gate': 'cx', 'old_q': 8, 'new_q': 10, 'batch': 2, 'trigger': 'cx_product_control', 'block': 1}, {'gate_index': 115, 'gate': 'cx', 'old_q': 10, 'new_q': 12, 'batch': 2, 'trigger': 'cx_product_control', 'block': 1}]",6,12,6,1024,65536,0.017157098976895213
comparator_24,2,2,"[{'gate_index': 136, 'gate': 'cx', 'old_q': 12, 'new_q': 14, 'batch': 2, 'trigger': 'cx_product_control', 'block': 2}, {'gate_index': 157, 'gate': 'cx', 'old_q': 14, 'new_q': 16, 'batch': 2, 'trigger': 'cx_product_control', 'block': 2}, {'gate_index': 178, 'gate': 'cx', 'old_q': 16, 'new_q': 18, 'batch': 2, 'trigger': 'cx_product_control', 'block': 2}]",12,18,6,65536,4194304,0.1011800619889982
comparator_24,2,3,"[{'gate_index': 199, 'gate': 'cx', 'old_q': 18, 'new_q': 20, 'batch': 2, 'trigger': 'cx_product_control', 'block': 3}, {'gate_index': 220, 'gate': 'cx', 'old_q': 20, 'new_q': 22, 'batch': 2, 'trigger': 'cx_product_control', 'block': 3}, {'gate_index': 238, 'gate': 'cx', 'old_q': 22, 'new_q': 24, 'batch': 2, 'trigger': 'cx_product_control', 'block': 3}]",18,24,6,4194304,268435456,4.614326932001859
grover_oracle_20,0,1,"[{'gate_index': 20, 'gate': 'cx', 'old_q': 0, 'new_q': 2, 'batch': 2, 'trigger': 'cx_product_control', 'block': 1}, {'gate_index': 22, 'gate': 'cx', 'old_q': 2, 'new_q': 3, 'batch': 1, 'trigger': 'cx_product_control', 'block': 1}, {'gate_index': 34, 'gate': 'cx', 'old_q': 3, 'new_q': 4, 'batch': 1, 'trigger': 'cx_product_control', 'block': 1}, {'gate_index': 36, 'gate': 'cx', 'old_q': 4, 'new_q': 5, 'batch': 1, 'trigger': 'cx_product_control', 'block': 1}, {'gate_index': 39, 'gate': 'cx', 'old_q': 5, 'new_q': 6, 'batch': 1, 'trigger': 'cx_product_control', 'block': 1}, {'gate_index': 41, 'gate': 'cx', 'old_q': 6, 'new_q': 7, 'batch': 1, 'trigger': 'cx_product_control', 'block': 1}]",0,7,7,16,2048,0.009252140007447451
grover_oracle_20,0,2,"[{'gate_index': 44, 'gate': 'cx', 'old_q': 7, 'new_q': 8, 'batch': 1, 'trigger': 'cx_product_control', 'block': 2}, {'gate_index': 46, 'gate': 'cx', 'old_q': 8, 'new_q': 9, 'batch': 1, 'trigger': 'cx_product_control', 'block': 2}, {'gate_index': 49, 'gate': 'cx', 'old_q': 9, 'new_q': 10, 'batch': 1, 'trigger': 'cx_product_control', 'block': 2}, {'gate_index': 51, 'gate': 'cx', 'old_q': 10, 'new_q': 11, 'batch': 1, 'trigger': 'cx_product_control', 'block': 2}, {'gate_index': 54, 'gate': 'cx', 'old_q': 11, 'new_q': 12, 'batch': 1, 'trigger': 'cx_product_control', 'block': 2}, {'gate_index': 56, 'gate': 'cx', 'old_q': 12, 'new_q': 13, 'batch': 1, 'trigger': 'cx_product_control', 'block': 2}, {'gate_index': 59, 'gate': 'cx', 'old_q': 13, 'new_q': 14, 'batch': 1, 'trigger': 'cx_product_control', 'block': 2}, {'gate_index': 65, 'gate': 'cx', 'old_q': 14, 'new_q': 15, 'batch': 1, 'trigger': 'cx_product_control', 'block': 2}]",7,15,8,2048,524288,0.023330427007749677
grover_oracle_20,0,14,"[{'gate_index': 622, 'gate': 'cx', 'old_q': 15, 'new_q': 16, 'batch': 1, 'trigger': 'cx_product_control', 'block': 14}, {'gate_index': 624, 'gate': 'cx', 'old_q': 16, 'new_q': 17, 'batch': 1, 'trigger': 'cx_product_control', 'block': 14}, {'gate_index': 628, 'gate': 'cx', 'old_q': 17, 'new_q': 18, 'batch': 1, 'trigger': 'cx_product_control', 'block': 14}, {'gate_index': 689, 'gate': 'cx', 'old_q': 18, 'new_q': 19, 'batch': 1, 'trigger': 'cx_product_control', 'block': 14}]",15,19,4,524288,8388608,0.23723499299376272
grover_oracle_20,0,38,"[{'gate_index': 2346, 'gate': 'cx', 'old_q': 19, 'new_q': 20, 'batch': 1, 'trigger': 'cx_materialized_control', 'block': 38}]",19,20,1,8388608,16777216,0.1974186449951958
grover_oracle_20,1,1,"[{'gate_index': 20, 'gate': 'cx', 'old_q': 0, 'new_q': 2, 'batch': 2, 'trigger': 'cx_product_control', 'block': 1}, {'gate_index': 22, 'gate': 'cx', 'old_q': 2, 'new_q': 3, 'batch': 1, 'trigger': 'cx_product_control', 'block': 1}, {'gate_index': 34, 'gate': 'cx', 'old_q': 3, 'new_q': 4, 'batch': 1, 'trigger': 'cx_product_control', 'block': 1}, {'gate_index': 36, 'gate': 'cx', 'old_q': 4, 'new_q': 5, 'batch': 1, 'trigger': 'cx_product_control', 'block': 1}, {'gate_index': 39, 'gate': 'cx', 'old_q': 5, 'new_q': 6, 'batch': 1, 'trigger': 'cx_product_control', 'block': 1}, {'gate_index': 41, 'gate': 'cx', 'old_q': 6, 'new_q': 7, 'batch': 1, 'trigger': 'cx_product_control', 'block': 1}]",0,7,7,16,2048,0.010076367994770408
grover_oracle_20,1,2,"[{'gate_index': 44, 'gate': 'cx', 'old_q': 7, 'new_q': 8, 'batch': 1, 'trigger': 'cx_product_control', 'block': 2}, {'gate_index': 46, 'gate': 'cx', 'old_q': 8, 'new_q': 9, 'batch': 1, 'trigger': 'cx_product_control', 'block': 2}, {'gate_index': 49, 'gate': 'cx', 'old_q': 9, 'new_q': 10, 'batch': 1, 'trigger': 'cx_product_control', 'block': 2}, {'gate_index': 51, 'gate': 'cx', 'old_q': 10, 'new_q': 11, 'batch': 1, 'trigger': 'cx_product_control', 'block': 2}, {'gate_index': 54, 'gate': 'cx', 'old_q': 11, 'new_q': 12, 'batch': 1, 'trigger': 'cx_product_control', 'block': 2}, {'gate_index': 56, 'gate': 'cx', 'old_q': 12, 'new_q': 13, 'batch': 1, 'trigger': 'cx_product_control', 'block': 2}, {'gate_index': 59, 'gate': 'cx', 'old_q': 13, 'new_q': 14, 'batch': 1, 'trigger': 'cx_product_control', 'block': 2}, {'gate_index': 65, 'gate': 'cx', 'old_q': 14, 'new_q': 15, 'batch': 1, 'trigger': 'cx_product_control', 'block': 2}]",7,15,8,2048,524288,0.024345337005797774
grover_oracle_20,1,14,"[{'gate_index': 622, 'gate': 'cx', 'old_q': 15, 'new_q': 16, 'batch': 1, 'trigger': 'cx_product_control', 'block': 14}, {'gate_index': 624, 'gate': 'cx', 'old_q': 16, 'new_q': 17, 'batch': 1, 'trigger': 'cx_product_control', 'block': 14}, {'gate_index': 628, 'gate': 'cx', 'old_q': 17, 'new_q': 18, 'batch': 1, 'trigger': 'cx_product_control', 'block': 14}, {'gate_index': 689, 'gate': 'cx', 'old_q': 18, 'new_q': 19, 'batch': 1, 'trigger': 'cx_product_control', 'block': 14}]",15,19,4,524288,8388608,0.23727637500269338
grover_oracle_20,1,38,"[{'gate_index': 2346, 'gate': 'cx', 'old_q': 19, 'new_q': 20, 'batch': 1, 'trigger': 'cx_materialized_control', 'block': 38}]",19,20,1,8388608,16777216,0.19757089798804373
grover_oracle_20,2,1,"[{'gate_index': 20, 'gate': 'cx', 'old_q': 0, 'new_q': 2, 'batch': 2, 'trigger': 'cx_product_control', 'block': 1}, {'gate_index': 22, 'gate': 'cx', 'old_q': 2, 'new_q': 3, 'batch': 1, 'trigger': 'cx_product_control', 'block': 1}, {'gate_index': 34, 'gate': 'cx', 'old_q': 3, 'new_q': 4, 'batch': 1, 'trigger': 'cx_product_control', 'block': 1}, {'gate_index': 36, 'gate': 'cx', 'old_q': 4, 'new_q': 5, 'batch': 1, 'trigger': 'cx_product_control', 'block': 1}, {'gate_index': 39, 'gate': 'cx', 'old_q': 5, 'new_q': 6, 'batch': 1, 'trigger': 'cx_product_control', 'block': 1}, {'gate_index': 41, 'gate': 'cx', 'old_q': 6, 'new_q': 7, 'batch': 1, 'trigger': 'cx_product_control', 'block': 1}]",0,7,7,16,2048,0.00901151800644584
grover_oracle_20,2,2,"[{'gate_index': 44, 'gate': 'cx', 'old_q': 7, 'new_q': 8, 'batch': 1, 'trigger': 'cx_product_control', 'block': 2}, {'gate_index': 46, 'gate': 'cx', 'old_q': 8, 'new_q': 9, 'batch': 1, 'trigger': 'cx_product_control', 'block': 2}, {'gate_index': 49, 'gate': 'cx', 'old_q': 9, 'new_q': 10, 'batch': 1, 'trigger': 'cx_product_control', 'block': 2}, {'gate_index': 51, 'gate': 'cx', 'old_q': 10, 'new_q': 11, 'batch': 1, 'trigger': 'cx_product_control', 'block': 2}, {'gate_index': 54, 'gate': 'cx', 'old_q': 11, 'new_q': 12, 'batch': 1, 'trigger': 'cx_product_control', 'block': 2}, {'gate_index': 56, 'gate': 'cx', 'old_q': 12, 'new_q': 13, 'batch': 1, 'trigger': 'cx_product_control', 'block': 2}, {'gate_index': 59, 'gate': 'cx', 'old_q': 13, 'new_q': 14, 'batch': 1, 'trigger': 'cx_product_control', 'block': 2}, {'gate_index': 65, 'gate': 'cx', 'old_q': 14, 'new_q': 15, 'batch': 1, 'trigger': 'cx_product_control', 'block': 2}]",7,15,8,2048,524288,0.02502540801651776
grover_oracle_20,2,14,"[{'gate_index': 622, 'gate': 'cx', 'old_q': 15, 'new_q': 16, 'batch': 1, 'trigger': 'cx_product_control', 'block': 14}, {'gate_index': 624, 'gate': 'cx', 'old_q': 16, 'new_q': 17, 'batch': 1, 'trigger': 'cx_product_control', 'block': 14}, {'gate_index': 628, 'gate': 'cx', 'old_q': 17, 'new_q': 18, 'batch': 1, 'trigger': 'cx_product_control', 'block': 14}, {'gate_index': 689, 'gate': 'cx', 'old_q': 18, 'new_q': 19, 'batch': 1, 'trigger': 'cx_product_control', 'block': 14}]",15,19,4,524288,8388608,0.23275312597979791
grover_oracle_20,2,38,"[{'gate_index': 2346, 'gate': 'cx', 'old_q': 19, 'new_q': 20, 'batch': 1, 'trigger': 'cx_materialized_control', 'block': 38}]",19,20,1,8388608,16777216,0.19093736799550243
grover_oracle_22,0,1,"[{'gate_index': 22, 'gate': 'cx', 'old_q': 0, 'new_q': 2, 'batch': 2, 'trigger': 'cx_product_control', 'block': 1}, {'gate_index': 24, 'gate': 'cx', 'old_q': 2, 'new_q': 3, 'batch': 1, 'trigger': 'cx_product_control', 'block': 1}, {'gate_index': 36, 'gate': 'cx', 'old_q': 3, 'new_q': 4, 'batch': 1, 'trigger': 'cx_product_control', 'block': 1}, {'gate_index': 38, 'gate': 'cx', 'old_q': 4, 'new_q': 5, 'batch': 1, 'trigger': 'cx_product_control', 'block': 1}, {'gate_index': 41, 'gate': 'cx', 'old_q': 5, 'new_q': 6, 'batch': 1, 'trigger': 'cx_product_control', 'block': 1}, {'gate_index': 43, 'gate': 'cx', 'old_q': 6, 'new_q': 7, 'batch': 1, 'trigger': 'cx_product_control', 'block': 1}]",0,7,7,16,2048,0.009305287996539846
grover_oracle_22,0,2,"[{'gate_index': 46, 'gate': 'cx', 'old_q': 7, 'new_q': 8, 'batch': 1, 'trigger': 'cx_product_control', 'block': 2}, {'gate_index': 48, 'gate': 'cx', 'old_q': 8, 'new_q': 9, 'batch': 1, 'trigger': 'cx_product_control', 'block': 2}, {'gate_index': 51, 'gate': 'cx', 'old_q': 9, 'new_q': 10, 'batch': 1, 'trigger': 'cx_product_control', 'block': 2}, {'gate_index': 53, 'gate': 'cx', 'old_q': 10, 'new_q': 11, 'batch': 1, 'trigger': 'cx_product_control', 'block': 2}, {'gate_index': 56, 'gate': 'cx', 'old_q': 11, 'new_q': 12, 'batch': 1, 'trigger': 'cx_product_control', 'block': 2}, {'gate_index': 58, 'gate': 'cx', 'old_q': 12, 'new_q': 13, 'batch': 1, 'trigger': 'cx_product_control', 'block': 2}, {'gate_index': 61, 'gate': 'cx', 'old_q': 13, 'new_q': 14, 'batch': 1, 'trigger': 'cx_product_control', 'block': 2}, {'gate_index': 63, 'gate': 'cx', 'old_q': 14, 'new_q': 15, 'batch': 1, 'trigger': 'cx_product_control', 'block': 2}, {'gate_index': 66, 'gate': 'cx', 'old_q': 15, 'new_q': 16, 'batch': 1, 'trigger': 'cx_product_control', 'block': 2}]",7,16,9,2048,1048576,0.03363958900445141
grover_oracle_22,0,3,"[{'gate_index': 72, 'gate': 'cx', 'old_q': 16, 'new_q': 17, 'batch': 1, 'trigger': 'cx_product_control', 'block': 3}]",16,17,1,1048576,2097152,0.07114849498611875
grover_oracle_22,0,29,"[{'gate_index': 791, 'gate': 'cx', 'old_q': 17, 'new_q': 18, 'batch': 1, 'trigger': 'cx_product_control', 'block': 29}, {'gate_index': 803, 'gate': 'cx', 'old_q': 18, 'new_q': 19, 'batch': 1, 'trigger': 'cx_product_control', 'block': 29}, {'gate_index': 808, 'gate': 'cx', 'old_q': 19, 'new_q': 20, 'batch': 1, 'trigger': 'cx_product_control', 'block': 29}]",17,20,3,2097152,16777216,0.2057014439778868
grover_oracle_22,0,31,"[{'gate_index': 845, 'gate': 'cx', 'old_q': 20, 'new_q': 21, 'batch': 1, 'trigger': 'cx_product_control', 'block': 31}]",20,21,1,16777216,33554432,0.4045660909905564
grover_oracle_22,0,75,"[{'gate_index': 2140, 'gate': 'cx', 'old_q': 21, 'new_q': 22, 'batch': 1, 'trigger': 'cx_materialized_control', 'block': 75}]",21,22,1,33554432,67108864,1.460366361978231
grover_oracle_22,1,1,"[{'gate_index': 22, 'gate': 'cx', 'old_q': 0, 'new_q': 2, 'batch': 2, 'trigger': 'cx_product_control', 'block': 1}, {'gate_index': 24, 'gate': 'cx', 'old_q': 2, 'new_q': 3, 'batch': 1, 'trigger': 'cx_product_control', 'block': 1}, {'gate_index': 36, 'gate': 'cx', 'old_q': 3, 'new_q': 4, 'batch': 1, 'trigger': 'cx_product_control', 'block': 1}, {'gate_index': 38, 'gate': 'cx', 'old_q': 4, 'new_q': 5, 'batch': 1, 'trigger': 'cx_product_control', 'block': 1}, {'gate_index': 41, 'gate': 'cx', 'old_q': 5, 'new_q': 6, 'batch': 1, 'trigger': 'cx_product_control', 'block': 1}, {'gate_index': 43, 'gate': 'cx', 'old_q': 6, 'new_q': 7, 'batch': 1, 'trigger': 'cx_product_control', 'block': 1}]",0,7,7,16,2048,0.011079135991167277
grover_oracle_22,1,2,"[{'gate_index': 46, 'gate': 'cx', 'old_q': 7, 'new_q': 8, 'batch': 1, 'trigger': 'cx_product_control', 'block': 2}, {'gate_index': 48, 'gate': 'cx', 'old_q': 8, 'new_q': 9, 'batch': 1, 'trigger': 'cx_product_control', 'block': 2}, {'gate_index': 51, 'gate': 'cx', 'old_q': 9, 'new_q': 10, 'batch': 1, 'trigger': 'cx_product_control', 'block': 2}, {'gate_index': 53, 'gate': 'cx', 'old_q': 10, 'new_q': 11, 'batch': 1, 'trigger': 'cx_product_control', 'block': 2}, {'gate_index': 56, 'gate': 'cx', 'old_q': 11, 'new_q': 12, 'batch': 1, 'trigger': 'cx_product_control', 'block': 2}, {'gate_index': 58, 'gate': 'cx', 'old_q': 12, 'new_q': 13, 'batch': 1, 'trigger': 'cx_product_control', 'block': 2}, {'gate_index': 61, 'gate': 'cx', 'old_q': 13, 'new_q': 14, 'batch': 1, 'trigger': 'cx_product_control', 'block': 2}, {'gate_index': 63, 'gate': 'cx', 'old_q': 14, 'new_q': 15, 'batch': 1, 'trigger': 'cx_product_control', 'block': 2}, {'gate_index': 66, 'gate': 'cx', 'old_q': 15, 'new_q': 16, 'batch': 1, 'trigger': 'cx_product_control', 'block': 2}]",7,16,9,2048,1048576,0.0329480109794531
grover_oracle_22,1,3,"[{'gate_index': 72, 'gate': 'cx', 'old_q': 16, 'new_q': 17, 'batch': 1, 'trigger': 'cx_product_control', 'block': 3}]",16,17,1,1048576,2097152,0.06891508199623786
grover_oracle_22,1,29,"[{'gate_index': 791, 'gate': 'cx', 'old_q': 17, 'new_q': 18, 'batch': 1, 'trigger': 'cx_product_control', 'block': 29}, {'gate_index': 803, 'gate': 'cx', 'old_q': 18, 'new_q': 19, 'batch': 1, 'trigger': 'cx_product_control', 'block': 29}, {'gate_index': 808, 'gate': 'cx', 'old_q': 19, 'new_q': 20, 'batch': 1, 'trigger': 'cx_product_control', 'block': 29}]",17,20,3,2097152,16777216,0.20532449800521135
grover_oracle_22,1,31,"[{'gate_index': 845, 'gate': 'cx', 'old_q': 20, 'new_q': 21, 'batch': 1, 'trigger': 'cx_product_control', 'block': 31}]",20,21,1,16777216,33554432,0.40000357301323675
grover_oracle_22,1,75,"[{'gate_index': 2140, 'gate': 'cx', 'old_q': 21, 'new_q': 22, 'batch': 1, 'trigger': 'cx_materialized_control', 'block': 75}]",21,22,1,33554432,67108864,1.4461976190214045
grover_oracle_22,2,1,"[{'gate_index': 22, 'gate': 'cx', 'old_q': 0, 'new_q': 2, 'batch': 2, 'trigger': 'cx_product_control', 'block': 1}, {'gate_index': 24, 'gate': 'cx', 'old_q': 2, 'new_q': 3, 'batch': 1, 'trigger': 'cx_product_control', 'block': 1}, {'gate_index': 36, 'gate': 'cx', 'old_q': 3, 'new_q': 4, 'batch': 1, 'trigger': 'cx_product_control', 'block': 1}, {'gate_index': 38, 'gate': 'cx', 'old_q': 4, 'new_q': 5, 'batch': 1, 'trigger': 'cx_product_control', 'block': 1}, {'gate_index': 41, 'gate': 'cx', 'old_q': 5, 'new_q': 6, 'batch': 1, 'trigger': 'cx_product_control', 'block': 1}, {'gate_index': 43, 'gate': 'cx', 'old_q': 6, 'new_q': 7, 'batch': 1, 'trigger': 'cx_product_control', 'block': 1}]",0,7,7,16,2048,0.009340284013887867
grover_oracle_22,2,2,"[{'gate_index': 46, 'gate': 'cx', 'old_q': 7, 'new_q': 8, 'batch': 1, 'trigger': 'cx_product_control', 'block': 2}, {'gate_index': 48, 'gate': 'cx', 'old_q': 8, 'new_q': 9, 'batch': 1, 'trigger': 'cx_product_control', 'block': 2}, {'gate_index': 51, 'gate': 'cx', 'old_q': 9, 'new_q': 10, 'batch': 1, 'trigger': 'cx_product_control', 'block': 2}, {'gate_index': 53, 'gate': 'cx', 'old_q': 10, 'new_q': 11, 'batch': 1, 'trigger': 'cx_product_control', 'block': 2}, {'gate_index': 56, 'gate': 'cx', 'old_q': 11, 'new_q': 12, 'batch': 1, 'trigger': 'cx_product_control', 'block': 2}, {'gate_index': 58, 'gate': 'cx', 'old_q': 12, 'new_q': 13, 'batch': 1, 'trigger': 'cx_product_control', 'block': 2}, {'gate_index': 61, 'gate': 'cx', 'old_q': 13, 'new_q': 14, 'batch': 1, 'trigger': 'cx_product_control', 'block': 2}, {'gate_index': 63, 'gate': 'cx', 'old_q': 14, 'new_q': 15, 'batch': 1, 'trigger': 'cx_product_control', 'block': 2}, {'gate_index': 66, 'gate': 'cx', 'old_q': 15, 'new_q': 16, 'batch': 1, 'trigger': 'cx_product_control', 'block': 2}]",7,16,9,2048,1048576,0.03343470400432125
grover_oracle_22,2,3,"[{'gate_index': 72, 'gate': 'cx', 'old_q': 16, 'new_q': 17, 'batch': 1, 'trigger': 'cx_product_control', 'block': 3}]",16,17,1,1048576,2097152,0.06491190099040978
grover_oracle_22,2,29,"[{'gate_index': 791, 'gate': 'cx', 'old_q': 17, 'new_q': 18, 'batch': 1, 'trigger': 'cx_product_control', 'block': 29}, {'gate_index': 803, 'gate': 'cx', 'old_q': 18, 'new_q': 19, 'batch': 1, 'trigger': 'cx_product_control', 'block': 29}, {'gate_index': 808, 'gate': 'cx', 'old_q': 19, 'new_q': 20, 'batch': 1, 'trigger': 'cx_product_control', 'block': 29}]",17,20,3,2097152,16777216,0.20825707400217652
grover_oracle_22,2,31,"[{'gate_index': 845, 'gate': 'cx', 'old_q': 20, 'new_q': 21, 'batch': 1, 'trigger': 'cx_product_control', 'block': 31}]",20,21,1,16777216,33554432,0.41824035899480805
grover_oracle_22,2,75,"[{'gate_index': 2140, 'gate': 'cx', 'old_q': 21, 'new_q': 22, 'batch': 1, 'trigger': 'cx_materialized_control', 'block': 75}]",21,22,1,33554432,67108864,1.4587909819965716
grover_oracle_24,0,2,"[{'gate_index': 28, 'gate': 'cx', 'old_q': 0, 'new_q': 2, 'batch': 2, 'trigger': 'cx_product_control', 'block': 2}]",0,2,2,16,64,0.004310233984142542
grover_oracle_24,0,5,"[{'gate_index': 46, 'gate': 'cx', 'old_q': 2, 'new_q': 3, 'batch': 1, 'trigger': 'cx_product_control', 'block': 5}]",2,3,1,64,128,0.004527978977421299
grover_oracle_24,0,6,"[{'gate_index': 56, 'gate': 'cx', 'old_q': 3, 'new_q': 4, 'batch': 1, 'trigger': 'cx_product_control', 'block': 6}, {'gate_index': 58, 'gate': 'cx', 'old_q': 4, 'new_q': 5, 'batch': 1, 'trigger': 'cx_product_control', 'block': 6}, {'gate_index': 73, 'gate': 'cx', 'old_q': 5, 'new_q': 6, 'batch': 1, 'trigger': 'cx_product_control', 'block': 6}, {'gate_index': 75, 'gate': 'cx', 'old_q': 6, 'new_q': 7, 'batch': 1, 'trigger': 'cx_product_control', 'block': 6}, {'gate_index': 90, 'gate': 'cx', 'old_q': 7, 'new_q': 8, 'batch': 1, 'trigger': 'cx_product_control', 'block': 6}, {'gate_index': 92, 'gate': 'cx', 'old_q': 8, 'new_q': 9, 'batch': 1, 'trigger': 'cx_product_control', 'block': 6}, {'gate_index': 107, 'gate': 'cx', 'old_q': 9, 'new_q': 10, 'batch': 1, 'trigger': 'cx_product_control', 'block': 6}, {'gate_index': 109, 'gate': 'cx', 'old_q': 10, 'new_q': 11, 'batch': 1, 'trigger': 'cx_product_control', 'block': 6}]",3,11,8,128,32768,0.014898816996719688
grover_oracle_24,0,7,"[{'gate_index': 124, 'gate': 'cx', 'old_q': 11, 'new_q': 12, 'batch': 1, 'trigger': 'cx_product_control', 'block': 7}, {'gate_index': 126, 'gate': 'cx', 'old_q': 12, 'new_q': 13, 'batch': 1, 'trigger': 'cx_product_control', 'block': 7}, {'gate_index': 141, 'gate': 'cx', 'old_q': 13, 'new_q': 14, 'batch': 1, 'trigger': 'cx_product_control', 'block': 7}, {'gate_index': 143, 'gate': 'cx', 'old_q': 14, 'new_q': 15, 'batch': 1, 'trigger': 'cx_product_control', 'block': 7}, {'gate_index': 158, 'gate': 'cx', 'old_q': 15, 'new_q': 16, 'batch': 1, 'trigger': 'cx_product_control', 'block': 7}, {'gate_index': 160, 'gate': 'cx', 'old_q': 16, 'new_q': 17, 'batch': 1, 'trigger': 'cx_product_control', 'block': 7}]",11,17,6,32768,2097152,0.05046527000376955
grover_oracle_24,0,8,"[{'gate_index': 175, 'gate': 'cx', 'old_q': 17, 'new_q': 18, 'batch': 1, 'trigger': 'cx_product_control', 'block': 8}, {'gate_index': 177, 'gate': 'cx', 'old_q': 18, 'new_q': 19, 'batch': 1, 'trigger': 'cx_product_control', 'block': 8}, {'gate_index': 192, 'gate': 'cx', 'old_q': 19, 'new_q': 20, 'batch': 1, 'trigger': 'cx_product_control', 'block': 8}, {'gate_index': 194, 'gate': 'cx', 'old_q': 20, 'new_q': 21, 'batch': 1, 'trigger': 'cx_product_control', 'block': 8}, {'gate_index': 209, 'gate': 'cx', 'old_q': 21, 'new_q': 22, 'batch': 1, 'trigger': 'cx_product_control', 'block': 8}, {'gate_index': 211, 'gate': 'cx', 'old_q': 22, 'new_q': 23, 'batch': 1, 'trigger': 'cx_product_control', 'block': 8}]",17,23,6,2097152,134217728,1.6849635790276807
grover_oracle_24,0,68,"[{'gate_index': 2281, 'gate': 'cx', 'old_q': 23, 'new_q': 24, 'batch': 1, 'trigger': 'cx_product_control', 'block': 68}]",23,24,1,134217728,268435456,5.594266664993484
grover_oracle_24,1,2,"[{'gate_index': 28, 'gate': 'cx', 'old_q': 0, 'new_q': 2, 'batch': 2, 'trigger': 'cx_product_control', 'block': 2}]",0,2,2,16,64,0.0045524039887823164
grover_oracle_24,1,5,"[{'gate_index': 46, 'gate': 'cx', 'old_q': 2, 'new_q': 3, 'batch': 1, 'trigger': 'cx_product_control', 'block': 5}]",2,3,1,64,128,0.0042620120220817626
grover_oracle_24,1,6,"[{'gate_index': 56, 'gate': 'cx', 'old_q': 3, 'new_q': 4, 'batch': 1, 'trigger': 'cx_product_control', 'block': 6}, {'gate_index': 58, 'gate': 'cx', 'old_q': 4, 'new_q': 5, 'batch': 1, 'trigger': 'cx_product_control', 'block': 6}, {'gate_index': 73, 'gate': 'cx', 'old_q': 5, 'new_q': 6, 'batch': 1, 'trigger': 'cx_product_control', 'block': 6}, {'gate_index': 75, 'gate': 'cx', 'old_q': 6, 'new_q': 7, 'batch': 1, 'trigger': 'cx_product_control', 'block': 6}, {'gate_index': 90, 'gate': 'cx', 'old_q': 7, 'new_q': 8, 'batch': 1, 'trigger': 'cx_product_control', 'block': 6}, {'gate_index': 92, 'gate': 'cx', 'old_q': 8, 'new_q': 9, 'batch': 1, 'trigger': 'cx_product_control', 'block': 6}, {'gate_index': 107, 'gate': 'cx', 'old_q': 9, 'new_q': 10, 'batch': 1, 'trigger': 'cx_product_control', 'block': 6}, {'gate_index': 109, 'gate': 'cx', 'old_q': 10, 'new_q': 11, 'batch': 1, 'trigger': 'cx_product_control', 'block': 6}]",3,11,8,128,32768,0.01427825097925961
grover_oracle_24,1,7,"[{'gate_index': 124, 'gate': 'cx', 'old_q': 11, 'new_q': 12, 'batch': 1, 'trigger': 'cx_product_control', 'block': 7}, {'gate_index': 126, 'gate': 'cx', 'old_q': 12, 'new_q': 13, 'batch': 1, 'trigger': 'cx_product_control', 'block': 7}, {'gate_index': 141, 'gate': 'cx', 'old_q': 13, 'new_q': 14, 'batch': 1, 'trigger': 'cx_product_control', 'block': 7}, {'gate_index': 143, 'gate': 'cx', 'old_q': 14, 'new_q': 15, 'batch': 1, 'trigger': 'cx_product_control', 'block': 7}, {'gate_index': 158, 'gate': 'cx', 'old_q': 15, 'new_q': 16, 'batch': 1, 'trigger': 'cx_product_control', 'block': 7}, {'gate_index': 160, 'gate': 'cx', 'old_q': 16, 'new_q': 17, 'batch': 1, 'trigger': 'cx_product_control', 'block': 7}]",11,17,6,32768,2097152,0.04960119799943641
grover_oracle_24,1,8,"[{'gate_index': 175, 'gate': 'cx', 'old_q': 17, 'new_q': 18, 'batch': 1, 'trigger': 'cx_product_control', 'block': 8}, {'gate_index': 177, 'gate': 'cx', 'old_q': 18, 'new_q': 19, 'batch': 1, 'trigger': 'cx_product_control', 'block': 8}, {'gate_index': 192, 'gate': 'cx', 'old_q': 19, 'new_q': 20, 'batch': 1, 'trigger': 'cx_product_control', 'block': 8}, {'gate_index': 194, 'gate': 'cx', 'old_q': 20, 'new_q': 21, 'batch': 1, 'trigger': 'cx_product_control', 'block': 8}, {'gate_index': 209, 'gate': 'cx', 'old_q': 21, 'new_q': 22, 'batch': 1, 'trigger': 'cx_product_control', 'block': 8}, {'gate_index': 211, 'gate': 'cx', 'old_q': 22, 'new_q': 23, 'batch': 1, 'trigger': 'cx_product_control', 'block': 8}]",17,23,6,2097152,134217728,1.6699407449923456
grover_oracle_24,1,68,"[{'gate_index': 2281, 'gate': 'cx', 'old_q': 23, 'new_q': 24, 'batch': 1, 'trigger': 'cx_product_control', 'block': 68}]",23,24,1,134217728,268435456,5.476187497988576
grover_oracle_24,2,2,"[{'gate_index': 28, 'gate': 'cx', 'old_q': 0, 'new_q': 2, 'batch': 2, 'trigger': 'cx_product_control', 'block': 2}]",0,2,2,16,64,0.00430565798887983
grover_oracle_24,2,5,"[{'gate_index': 46, 'gate': 'cx', 'old_q': 2, 'new_q': 3, 'batch': 1, 'trigger': 'cx_product_control', 'block': 5}]",2,3,1,64,128,0.004396659991471097
grover_oracle_24,2,6,"[{'gate_index': 56, 'gate': 'cx', 'old_q': 3, 'new_q': 4, 'batch': 1, 'trigger': 'cx_product_control', 'block': 6}, {'gate_index': 58, 'gate': 'cx', 'old_q': 4, 'new_q': 5, 'batch': 1, 'trigger': 'cx_product_control', 'block': 6}, {'gate_index': 73, 'gate': 'cx', 'old_q': 5, 'new_q': 6, 'batch': 1, 'trigger': 'cx_product_control', 'block': 6}, {'gate_index': 75, 'gate': 'cx', 'old_q': 6, 'new_q': 7, 'batch': 1, 'trigger': 'cx_product_control', 'block': 6}, {'gate_index': 90, 'gate': 'cx', 'old_q': 7, 'new_q': 8, 'batch': 1, 'trigger': 'cx_product_control', 'block': 6}, {'gate_index': 92, 'gate': 'cx', 'old_q': 8, 'new_q': 9, 'batch': 1, 'trigger': 'cx_product_control', 'block': 6}, {'gate_index': 107, 'gate': 'cx', 'old_q': 9, 'new_q': 10, 'batch': 1, 'trigger': 'cx_product_control', 'block': 6}, {'gate_index': 109, 'gate': 'cx', 'old_q': 10, 'new_q': 11, 'batch': 1, 'trigger': 'cx_product_control', 'block': 6}]",3,11,8,128,32768,0.015155291010159999
grover_oracle_24,2,7,"[{'gate_index': 124, 'gate': 'cx', 'old_q': 11, 'new_q': 12, 'batch': 1, 'trigger': 'cx_product_control', 'block': 7}, {'gate_index': 126, 'gate': 'cx', 'old_q': 12, 'new_q': 13, 'batch': 1, 'trigger': 'cx_product_control', 'block': 7}, {'gate_index': 141, 'gate': 'cx', 'old_q': 13, 'new_q': 14, 'batch': 1, 'trigger': 'cx_product_control', 'block': 7}, {'gate_index': 143, 'gate': 'cx', 'old_q': 14, 'new_q': 15, 'batch': 1, 'trigger': 'cx_product_control', 'block': 7}, {'gate_index': 158, 'gate': 'cx', 'old_q': 15, 'new_q': 16, 'batch': 1, 'trigger': 'cx_product_control', 'block': 7}, {'gate_index': 160, 'gate': 'cx', 'old_q': 16, 'new_q': 17, 'batch': 1, 'trigger': 'cx_product_control', 'block': 7}]",11,17,6,32768,2097152,0.051295002980623394
grover_oracle_24,2,8,"[{'gate_index': 175, 'gate': 'cx', 'old_q': 17, 'new_q': 18, 'batch': 1, 'trigger': 'cx_product_control', 'block': 8}, {'gate_index': 177, 'gate': 'cx', 'old_q': 18, 'new_q': 19, 'batch': 1, 'trigger': 'cx_product_control', 'block': 8}, {'gate_index': 192, 'gate': 'cx', 'old_q': 19, 'new_q': 20, 'batch': 1, 'trigger': 'cx_product_control', 'block': 8}, {'gate_index': 194, 'gate': 'cx', 'old_q': 20, 'new_q': 21, 'batch': 1, 'trigger': 'cx_product_control', 'block': 8}, {'gate_index': 209, 'gate': 'cx', 'old_q': 21, 'new_q': 22, 'batch': 1, 'trigger': 'cx_product_control', 'block': 8}, {'gate_index': 211, 'gate': 'cx', 'old_q': 22, 'new_q': 23, 'batch': 1, 'trigger': 'cx_product_control', 'block': 8}]",17,23,6,2097152,134217728,1.6803830560238566
grover_oracle_24,2,68,"[{'gate_index': 2281, 'gate': 'cx', 'old_q': 23, 'new_q': 24, 'batch': 1, 'trigger': 'cx_product_control', 'block': 68}]",23,24,1,134217728,268435456,5.481048440007726
hea_20,0,0,"[{'gate_index': 5, 'gate': 'cx', 'old_q': 0, 'new_q': 2, 'batch': 2, 'trigger': 'cx_product_control', 'block': 0}, {'gate_index': 10, 'gate': 'cx', 'old_q': 2, 'new_q': 3, 'batch': 1, 'trigger': 'cx_materialized_control', 'block': 0}, {'gate_index': 18, 'gate': 'cx', 'old_q': 3, 'new_q': 4, 'batch': 1, 'trigger': 'cx_materialized_control', 'block': 0}, {'gate_index': 29, 'gate': 'cx', 'old_q': 4, 'new_q': 5, 'batch': 1, 'trigger': 'cx_materialized_control', 'block': 0}, {'gate_index': 41, 'gate': 'cx', 'old_q': 5, 'new_q': 6, 'batch': 1, 'trigger': 'cx_materialized_control', 'block': 0}, {'gate_index': 53, 'gate': 'cx', 'old_q': 6, 'new_q': 7, 'batch': 1, 'trigger': 'cx_materialized_control', 'block': 0}, {'gate_index': 65, 'gate': 'cx', 'old_q': 7, 'new_q': 8, 'batch': 1, 'trigger': 'cx_materialized_control', 'block': 0}, {'gate_index': 77, 'gate': 'cx', 'old_q': 8, 'new_q': 9, 'batch': 1, 'trigger': 'cx_materialized_control', 'block': 0}, {'gate_index': 89, 'gate': 'cx', 'old_q': 9, 'new_q': 10, 'batch': 1, 'trigger': 'cx_materialized_control', 'block': 0}, {'gate_index': 101, 'gate': 'cx', 'old_q': 10, 'new_q': 11, 'batch': 1, 'trigger': 'cx_materialized_control', 'block': 0}, {'gate_index': 113, 'gate': 'cx', 'old_q': 11, 'new_q': 12, 'batch': 1, 'trigger': 'cx_materialized_control', 'block': 0}, {'gate_index': 125, 'gate': 'cx', 'old_q': 12, 'new_q': 13, 'batch': 1, 'trigger': 'cx_materialized_control', 'block': 0}, {'gate_index': 137, 'gate': 'cx', 'old_q': 13, 'new_q': 14, 'batch': 1, 'trigger': 'cx_materialized_control', 'block': 0}, {'gate_index': 149, 'gate': 'cx', 'old_q': 14, 'new_q': 15, 'batch': 1, 'trigger': 'cx_materialized_control', 'block': 0}, {'gate_index': 161, 'gate': 'cx', 'old_q': 15, 'new_q': 16, 'batch': 1, 'trigger': 'cx_materialized_control', 'block': 0}]",0,16,16,16,1048576,0.056465470988769084
hea_20,0,1,"[{'gate_index': 173, 'gate': 'cx', 'old_q': 16, 'new_q': 17, 'batch': 1, 'trigger': 'cx_materialized_control', 'block': 1}]",16,17,1,1048576,2097152,0.02410825400147587
hea_20,0,2,"[{'gate_index': 185, 'gate': 'cx', 'old_q': 17, 'new_q': 18, 'batch': 1, 'trigger': 'cx_materialized_control', 'block': 2}]",17,18,1,2097152,4194304,0.03731088500353508
hea_20,0,4,"[{'gate_index': 197, 'gate': 'cx', 'old_q': 18, 'new_q': 19, 'batch': 1, 'trigger': 'cx_materialized_control', 'block': 4}]",18,19,1,4194304,8388608,0.07940633399994113
hea_20,0,5,"[{'gate_index': 209, 'gate': 'cx', 'old_q': 19, 'new_q': 20, 'batch': 1, 'trigger': 'cx_materialized_control', 'block': 5}]",19,20,1,8388608,16777216,0.14063074497971684
hea_20,1,0,"[{'gate_index': 5, 'gate': 'cx', 'old_q': 0, 'new_q': 2, 'batch': 2, 'trigger': 'cx_product_control', 'block': 0}, {'gate_index': 10, 'gate': 'cx', 'old_q': 2, 'new_q': 3, 'batch': 1, 'trigger': 'cx_materialized_control', 'block': 0}, {'gate_index': 18, 'gate': 'cx', 'old_q': 3, 'new_q': 4, 'batch': 1, 'trigger': 'cx_materialized_control', 'block': 0}, {'gate_index': 29, 'gate': 'cx', 'old_q': 4, 'new_q': 5, 'batch': 1, 'trigger': 'cx_materialized_control', 'block': 0}, {'gate_index': 41, 'gate': 'cx', 'old_q': 5, 'new_q': 6, 'batch': 1, 'trigger': 'cx_materialized_control', 'block': 0}, {'gate_index': 53, 'gate': 'cx', 'old_q': 6, 'new_q': 7, 'batch': 1, 'trigger': 'cx_materialized_control', 'block': 0}, {'gate_index': 65, 'gate': 'cx', 'old_q': 7, 'new_q': 8, 'batch': 1, 'trigger': 'cx_materialized_control', 'block': 0}, {'gate_index': 77, 'gate': 'cx', 'old_q': 8, 'new_q': 9, 'batch': 1, 'trigger': 'cx_materialized_control', 'block': 0}, {'gate_index': 89, 'gate': 'cx', 'old_q': 9, 'new_q': 10, 'batch': 1, 'trigger': 'cx_materialized_control', 'block': 0}, {'gate_index': 101, 'gate': 'cx', 'old_q': 10, 'new_q': 11, 'batch': 1, 'trigger': 'cx_materialized_control', 'block': 0}, {'gate_index': 113, 'gate': 'cx', 'old_q': 11, 'new_q': 12, 'batch': 1, 'trigger': 'cx_materialized_control', 'block': 0}, {'gate_index': 125, 'gate': 'cx', 'old_q': 12, 'new_q': 13, 'batch': 1, 'trigger': 'cx_materialized_control', 'block': 0}, {'gate_index': 137, 'gate': 'cx', 'old_q': 13, 'new_q': 14, 'batch': 1, 'trigger': 'cx_materialized_control', 'block': 0}, {'gate_index': 149, 'gate': 'cx', 'old_q': 14, 'new_q': 15, 'batch': 1, 'trigger': 'cx_materialized_control', 'block': 0}, {'gate_index': 161, 'gate': 'cx', 'old_q': 15, 'new_q': 16, 'batch': 1, 'trigger': 'cx_materialized_control', 'block': 0}]",0,16,16,16,1048576,0.05677433300297707
hea_20,1,1,"[{'gate_index': 173, 'gate': 'cx', 'old_q': 16, 'new_q': 17, 'batch': 1, 'trigger': 'cx_materialized_control', 'block': 1}]",16,17,1,1048576,2097152,0.02456304698716849
hea_20,1,2,"[{'gate_index': 185, 'gate': 'cx', 'old_q': 17, 'new_q': 18, 'batch': 1, 'trigger': 'cx_materialized_control', 'block': 2}]",17,18,1,2097152,4194304,0.04067617398686707
hea_20,1,4,"[{'gate_index': 197, 'gate': 'cx', 'old_q': 18, 'new_q': 19, 'batch': 1, 'trigger': 'cx_materialized_control', 'block': 4}]",18,19,1,4194304,8388608,0.07726255600573495
hea_20,1,5,"[{'gate_index': 209, 'gate': 'cx', 'old_q': 19, 'new_q': 20, 'batch': 1, 'trigger': 'cx_materialized_control', 'block': 5}]",19,20,1,8388608,16777216,0.14166416000807658
hea_20,2,0,"[{'gate_index': 5, 'gate': 'cx', 'old_q': 0, 'new_q': 2, 'batch': 2, 'trigger': 'cx_product_control', 'block': 0}, {'gate_index': 10, 'gate': 'cx', 'old_q': 2, 'new_q': 3, 'batch': 1, 'trigger': 'cx_materialized_control', 'block': 0}, {'gate_index': 18, 'gate': 'cx', 'old_q': 3, 'new_q': 4, 'batch': 1, 'trigger': 'cx_materialized_control', 'block': 0}, {'gate_index': 29, 'gate': 'cx', 'old_q': 4, 'new_q': 5, 'batch': 1, 'trigger': 'cx_materialized_control', 'block': 0}, {'gate_index': 41, 'gate': 'cx', 'old_q': 5, 'new_q': 6, 'batch': 1, 'trigger': 'cx_materialized_control', 'block': 0}, {'gate_index': 53, 'gate': 'cx', 'old_q': 6, 'new_q': 7, 'batch': 1, 'trigger': 'cx_materialized_control', 'block': 0}, {'gate_index': 65, 'gate': 'cx', 'old_q': 7, 'new_q': 8, 'batch': 1, 'trigger': 'cx_materialized_control', 'block': 0}, {'gate_index': 77, 'gate': 'cx', 'old_q': 8, 'new_q': 9, 'batch': 1, 'trigger': 'cx_materialized_control', 'block': 0}, {'gate_index': 89, 'gate': 'cx', 'old_q': 9, 'new_q': 10, 'batch': 1, 'trigger': 'cx_materialized_control', 'block': 0}, {'gate_index': 101, 'gate': 'cx', 'old_q': 10, 'new_q': 11, 'batch': 1, 'trigger': 'cx_materialized_control', 'block': 0}, {'gate_index': 113, 'gate': 'cx', 'old_q': 11, 'new_q': 12, 'batch': 1, 'trigger': 'cx_materialized_control', 'block': 0}, {'gate_index': 125, 'gate': 'cx', 'old_q': 12, 'new_q': 13, 'batch': 1, 'trigger': 'cx_materialized_control', 'block': 0}, {'gate_index': 137, 'gate': 'cx', 'old_q': 13, 'new_q': 14, 'batch': 1, 'trigger': 'cx_materialized_control', 'block': 0}, {'gate_index': 149, 'gate': 'cx', 'old_q': 14, 'new_q': 15, 'batch': 1, 'trigger': 'cx_materialized_control', 'block': 0}, {'gate_index': 161, 'gate': 'cx', 'old_q': 15, 'new_q': 16, 'batch': 1, 'trigger': 'cx_materialized_control', 'block': 0}]",0,16,16,16,1048576,0.056579181022243574
hea_20,2,1,"[{'gate_index': 173, 'gate': 'cx', 'old_q': 16, 'new_q': 17, 'batch': 1, 'trigger': 'cx_materialized_control', 'block': 1}]",16,17,1,1048576,2097152,0.02243424198240973
hea_20,2,2,"[{'gate_index': 185, 'gate': 'cx', 'old_q': 17, 'new_q': 18, 'batch': 1, 'trigger': 'cx_materialized_control', 'block': 2}]",17,18,1,2097152,4194304,0.03529235700261779
hea_20,2,4,"[{'gate_index': 197, 'gate': 'cx', 'old_q': 18, 'new_q': 19, 'batch': 1, 'trigger': 'cx_materialized_control', 'block': 4}]",18,19,1,4194304,8388608,0.07392338899080642
hea_20,2,5,"[{'gate_index': 209, 'gate': 'cx', 'old_q': 19, 'new_q': 20, 'batch': 1, 'trigger': 'cx_materialized_control', 'block': 5}]",19,20,1,8388608,16777216,0.13700052199419588
hea_22,0,0,"[{'gate_index': 5, 'gate': 'cx', 'old_q': 0, 'new_q': 2, 'batch': 2, 'trigger': 'cx_product_control', 'block': 0}, {'gate_index': 10, 'gate': 'cx', 'old_q': 2, 'new_q': 3, 'batch': 1, 'trigger': 'cx_materialized_control', 'block': 0}, {'gate_index': 18, 'gate': 'cx', 'old_q': 3, 'new_q': 4, 'batch': 1, 'trigger': 'cx_materialized_control', 'block': 0}, {'gate_index': 29, 'gate': 'cx', 'old_q': 4, 'new_q': 5, 'batch': 1, 'trigger': 'cx_materialized_control', 'block': 0}, {'gate_index': 41, 'gate': 'cx', 'old_q': 5, 'new_q': 6, 'batch': 1, 'trigger': 'cx_materialized_control', 'block': 0}, {'gate_index': 53, 'gate': 'cx', 'old_q': 6, 'new_q': 7, 'batch': 1, 'trigger': 'cx_materialized_control', 'block': 0}, {'gate_index': 65, 'gate': 'cx', 'old_q': 7, 'new_q': 8, 'batch': 1, 'trigger': 'cx_materialized_control', 'block': 0}, {'gate_index': 77, 'gate': 'cx', 'old_q': 8, 'new_q': 9, 'batch': 1, 'trigger': 'cx_materialized_control', 'block': 0}, {'gate_index': 89, 'gate': 'cx', 'old_q': 9, 'new_q': 10, 'batch': 1, 'trigger': 'cx_materialized_control', 'block': 0}, {'gate_index': 101, 'gate': 'cx', 'old_q': 10, 'new_q': 11, 'batch': 1, 'trigger': 'cx_materialized_control', 'block': 0}, {'gate_index': 113, 'gate': 'cx', 'old_q': 11, 'new_q': 12, 'batch': 1, 'trigger': 'cx_materialized_control', 'block': 0}, {'gate_index': 125, 'gate': 'cx', 'old_q': 12, 'new_q': 13, 'batch': 1, 'trigger': 'cx_materialized_control', 'block': 0}, {'gate_index': 137, 'gate': 'cx', 'old_q': 13, 'new_q': 14, 'batch': 1, 'trigger': 'cx_materialized_control', 'block': 0}, {'gate_index': 149, 'gate': 'cx', 'old_q': 14, 'new_q': 15, 'batch': 1, 'trigger': 'cx_materialized_control', 'block': 0}, {'gate_index': 161, 'gate': 'cx', 'old_q': 15, 'new_q': 16, 'batch': 1, 'trigger': 'cx_materialized_control', 'block': 0}]",0,16,16,16,1048576,0.052131766016827896
hea_22,0,1,"[{'gate_index': 173, 'gate': 'cx', 'old_q': 16, 'new_q': 17, 'batch': 1, 'trigger': 'cx_materialized_control', 'block': 1}]",16,17,1,1048576,2097152,0.02130954700987786
hea_22,0,2,"[{'gate_index': 185, 'gate': 'cx', 'old_q': 17, 'new_q': 18, 'batch': 1, 'trigger': 'cx_materialized_control', 'block': 2}]",17,18,1,2097152,4194304,0.036232809972716495
hea_22,0,4,"[{'gate_index': 197, 'gate': 'cx', 'old_q': 18, 'new_q': 19, 'batch': 1, 'trigger': 'cx_materialized_control', 'block': 4}]",18,19,1,4194304,8388608,0.07265849100076593
hea_22,0,5,"[{'gate_index': 209, 'gate': 'cx', 'old_q': 19, 'new_q': 20, 'batch': 1, 'trigger': 'cx_materialized_control', 'block': 5}]",19,20,1,8388608,16777216,0.12655274200369604
hea_22,0,7,"[{'gate_index': 221, 'gate': 'cx', 'old_q': 20, 'new_q': 21, 'batch': 1, 'trigger': 'cx_materialized_control', 'block': 7}]",20,21,1,16777216,33554432,0.284501605987316
hea_22,0,8,"[{'gate_index': 233, 'gate': 'cx', 'old_q': 21, 'new_q': 22, 'batch': 1, 'trigger': 'cx_materialized_control', 'block': 8}]",21,22,1,33554432,67108864,0.5216943870182149
hea_22,1,0,"[{'gate_index': 5, 'gate': 'cx', 'old_q': 0, 'new_q': 2, 'batch': 2, 'trigger': 'cx_product_control', 'block': 0}, {'gate_index': 10, 'gate': 'cx', 'old_q': 2, 'new_q': 3, 'batch': 1, 'trigger': 'cx_materialized_control', 'block': 0}, {'gate_index': 18, 'gate': 'cx', 'old_q': 3, 'new_q': 4, 'batch': 1, 'trigger': 'cx_materialized_control', 'block': 0}, {'gate_index': 29, 'gate': 'cx', 'old_q': 4, 'new_q': 5, 'batch': 1, 'trigger': 'cx_materialized_control', 'block': 0}, {'gate_index': 41, 'gate': 'cx', 'old_q': 5, 'new_q': 6, 'batch': 1, 'trigger': 'cx_materialized_control', 'block': 0}, {'gate_index': 53, 'gate': 'cx', 'old_q': 6, 'new_q': 7, 'batch': 1, 'trigger': 'cx_materialized_control', 'block': 0}, {'gate_index': 65, 'gate': 'cx', 'old_q': 7, 'new_q': 8, 'batch': 1, 'trigger': 'cx_materialized_control', 'block': 0}, {'gate_index': 77, 'gate': 'cx', 'old_q': 8, 'new_q': 9, 'batch': 1, 'trigger': 'cx_materialized_control', 'block': 0}, {'gate_index': 89, 'gate': 'cx', 'old_q': 9, 'new_q': 10, 'batch': 1, 'trigger': 'cx_materialized_control', 'block': 0}, {'gate_index': 101, 'gate': 'cx', 'old_q': 10, 'new_q': 11, 'batch': 1, 'trigger': 'cx_materialized_control', 'block': 0}, {'gate_index': 113, 'gate': 'cx', 'old_q': 11, 'new_q': 12, 'batch': 1, 'trigger': 'cx_materialized_control', 'block': 0}, {'gate_index': 125, 'gate': 'cx', 'old_q': 12, 'new_q': 13, 'batch': 1, 'trigger': 'cx_materialized_control', 'block': 0}, {'gate_index': 137, 'gate': 'cx', 'old_q': 13, 'new_q': 14, 'batch': 1, 'trigger': 'cx_materialized_control', 'block': 0}, {'gate_index': 149, 'gate': 'cx', 'old_q': 14, 'new_q': 15, 'batch': 1, 'trigger': 'cx_materialized_control', 'block': 0}, {'gate_index': 161, 'gate': 'cx', 'old_q': 15, 'new_q': 16, 'batch': 1, 'trigger': 'cx_materialized_control', 'block': 0}]",0,16,16,16,1048576,0.05224843099131249
hea_22,1,1,"[{'gate_index': 173, 'gate': 'cx', 'old_q': 16, 'new_q': 17, 'batch': 1, 'trigger': 'cx_materialized_control', 'block': 1}]",16,17,1,1048576,2097152,0.02157603998784907
hea_22,1,2,"[{'gate_index': 185, 'gate': 'cx', 'old_q': 17, 'new_q': 18, 'batch': 1, 'trigger': 'cx_materialized_control', 'block': 2}]",17,18,1,2097152,4194304,0.03560520999599248
hea_22,1,4,"[{'gate_index': 197, 'gate': 'cx', 'old_q': 18, 'new_q': 19, 'batch': 1, 'trigger': 'cx_materialized_control', 'block': 4}]",18,19,1,4194304,8388608,0.07091616099933162
hea_22,1,5,"[{'gate_index': 209, 'gate': 'cx', 'old_q': 19, 'new_q': 20, 'batch': 1, 'trigger': 'cx_materialized_control', 'block': 5}]",19,20,1,8388608,16777216,0.12816916799056344
hea_22,1,7,"[{'gate_index': 221, 'gate': 'cx', 'old_q': 20, 'new_q': 21, 'batch': 1, 'trigger': 'cx_materialized_control', 'block': 7}]",20,21,1,16777216,33554432,0.28708720600116067
hea_22,1,8,"[{'gate_index': 233, 'gate': 'cx', 'old_q': 21, 'new_q': 22, 'batch': 1, 'trigger': 'cx_materialized_control', 'block': 8}]",21,22,1,33554432,67108864,0.5275604730122723
hea_22,2,0,"[{'gate_index': 5, 'gate': 'cx', 'old_q': 0, 'new_q': 2, 'batch': 2, 'trigger': 'cx_product_control', 'block': 0}, {'gate_index': 10, 'gate': 'cx', 'old_q': 2, 'new_q': 3, 'batch': 1, 'trigger': 'cx_materialized_control', 'block': 0}, {'gate_index': 18, 'gate': 'cx', 'old_q': 3, 'new_q': 4, 'batch': 1, 'trigger': 'cx_materialized_control', 'block': 0}, {'gate_index': 29, 'gate': 'cx', 'old_q': 4, 'new_q': 5, 'batch': 1, 'trigger': 'cx_materialized_control', 'block': 0}, {'gate_index': 41, 'gate': 'cx', 'old_q': 5, 'new_q': 6, 'batch': 1, 'trigger': 'cx_materialized_control', 'block': 0}, {'gate_index': 53, 'gate': 'cx', 'old_q': 6, 'new_q': 7, 'batch': 1, 'trigger': 'cx_materialized_control', 'block': 0}, {'gate_index': 65, 'gate': 'cx', 'old_q': 7, 'new_q': 8, 'batch': 1, 'trigger': 'cx_materialized_control', 'block': 0}, {'gate_index': 77, 'gate': 'cx', 'old_q': 8, 'new_q': 9, 'batch': 1, 'trigger': 'cx_materialized_control', 'block': 0}, {'gate_index': 89, 'gate': 'cx', 'old_q': 9, 'new_q': 10, 'batch': 1, 'trigger': 'cx_materialized_control', 'block': 0}, {'gate_index': 101, 'gate': 'cx', 'old_q': 10, 'new_q': 11, 'batch': 1, 'trigger': 'cx_materialized_control', 'block': 0}, {'gate_index': 113, 'gate': 'cx', 'old_q': 11, 'new_q': 12, 'batch': 1, 'trigger': 'cx_materialized_control', 'block': 0}, {'gate_index': 125, 'gate': 'cx', 'old_q': 12, 'new_q': 13, 'batch': 1, 'trigger': 'cx_materialized_control', 'block': 0}, {'gate_index': 137, 'gate': 'cx', 'old_q': 13, 'new_q': 14, 'batch': 1, 'trigger': 'cx_materialized_control', 'block': 0}, {'gate_index': 149, 'gate': 'cx', 'old_q': 14, 'new_q': 15, 'batch': 1, 'trigger': 'cx_materialized_control', 'block': 0}, {'gate_index': 161, 'gate': 'cx', 'old_q': 15, 'new_q': 16, 'batch': 1, 'trigger': 'cx_materialized_control', 'block': 0}]",0,16,16,16,1048576,0.05184364601154812
hea_22,2,1,"[{'gate_index': 173, 'gate': 'cx', 'old_q': 16, 'new_q': 17, 'batch': 1, 'trigger': 'cx_materialized_control', 'block': 1}]",16,17,1,1048576,2097152,0.021381392987677827
hea_22,2,2,"[{'gate_index': 185, 'gate': 'cx', 'old_q': 17, 'new_q': 18, 'batch': 1, 'trigger': 'cx_materialized_control', 'block': 2}]",17,18,1,2097152,4194304,0.03735618101200089
hea_22,2,4,"[{'gate_index': 197, 'gate': 'cx', 'old_q': 18, 'new_q': 19, 'batch': 1, 'trigger': 'cx_materialized_control', 'block': 4}]",18,19,1,4194304,8388608,0.07214161800220609
hea_22,2,5,"[{'gate_index': 209, 'gate': 'cx', 'old_q': 19, 'new_q': 20, 'batch': 1, 'trigger': 'cx_materialized_control', 'block': 5}]",19,20,1,8388608,16777216,0.12890935997711495
hea_22,2,7,"[{'gate_index': 221, 'gate': 'cx', 'old_q': 20, 'new_q': 21, 'batch': 1, 'trigger': 'cx_materialized_control', 'block': 7}]",20,21,1,16777216,33554432,0.2867879749974236
hea_22,2,8,"[{'gate_index': 233, 'gate': 'cx', 'old_q': 21, 'new_q': 22, 'batch': 1, 'trigger': 'cx_materialized_control', 'block': 8}]",21,22,1,33554432,67108864,0.5177021239942405
hea_24,0,0,"[{'gate_index': 5, 'gate': 'cx', 'old_q': 0, 'new_q': 2, 'batch': 2, 'trigger': 'cx_product_control', 'block': 0}, {'gate_index': 10, 'gate': 'cx', 'old_q': 2, 'new_q': 3, 'batch': 1, 'trigger': 'cx_materialized_control', 'block': 0}, {'gate_index': 18, 'gate': 'cx', 'old_q': 3, 'new_q': 4, 'batch': 1, 'trigger': 'cx_materialized_control', 'block': 0}, {'gate_index': 29, 'gate': 'cx', 'old_q': 4, 'new_q': 5, 'batch': 1, 'trigger': 'cx_materialized_control', 'block': 0}, {'gate_index': 41, 'gate': 'cx', 'old_q': 5, 'new_q': 6, 'batch': 1, 'trigger': 'cx_materialized_control', 'block': 0}, {'gate_index': 53, 'gate': 'cx', 'old_q': 6, 'new_q': 7, 'batch': 1, 'trigger': 'cx_materialized_control', 'block': 0}, {'gate_index': 65, 'gate': 'cx', 'old_q': 7, 'new_q': 8, 'batch': 1, 'trigger': 'cx_materialized_control', 'block': 0}, {'gate_index': 77, 'gate': 'cx', 'old_q': 8, 'new_q': 9, 'batch': 1, 'trigger': 'cx_materialized_control', 'block': 0}, {'gate_index': 89, 'gate': 'cx', 'old_q': 9, 'new_q': 10, 'batch': 1, 'trigger': 'cx_materialized_control', 'block': 0}, {'gate_index': 101, 'gate': 'cx', 'old_q': 10, 'new_q': 11, 'batch': 1, 'trigger': 'cx_materialized_control', 'block': 0}, {'gate_index': 113, 'gate': 'cx', 'old_q': 11, 'new_q': 12, 'batch': 1, 'trigger': 'cx_materialized_control', 'block': 0}, {'gate_index': 125, 'gate': 'cx', 'old_q': 12, 'new_q': 13, 'batch': 1, 'trigger': 'cx_materialized_control', 'block': 0}, {'gate_index': 137, 'gate': 'cx', 'old_q': 13, 'new_q': 14, 'batch': 1, 'trigger': 'cx_materialized_control', 'block': 0}, {'gate_index': 149, 'gate': 'cx', 'old_q': 14, 'new_q': 15, 'batch': 1, 'trigger': 'cx_materialized_control', 'block': 0}, {'gate_index': 161, 'gate': 'cx', 'old_q': 15, 'new_q': 16, 'batch': 1, 'trigger': 'cx_materialized_control', 'block': 0}]",0,16,16,16,1048576,0.05339281301712617
hea_24,0,1,"[{'gate_index': 173, 'gate': 'cx', 'old_q': 16, 'new_q': 17, 'batch': 1, 'trigger': 'cx_materialized_control', 'block': 1}]",16,17,1,1048576,2097152,0.020963867020327598
hea_24,0,2,"[{'gate_index': 185, 'gate': 'cx', 'old_q': 17, 'new_q': 18, 'batch': 1, 'trigger': 'cx_materialized_control', 'block': 2}]",17,18,1,2097152,4194304,0.034281364001799375
hea_24,0,4,"[{'gate_index': 197, 'gate': 'cx', 'old_q': 18, 'new_q': 19, 'batch': 1, 'trigger': 'cx_materialized_control', 'block': 4}]",18,19,1,4194304,8388608,0.07147788198199123
hea_24,0,5,"[{'gate_index': 209, 'gate': 'cx', 'old_q': 19, 'new_q': 20, 'batch': 1, 'trigger': 'cx_materialized_control', 'block': 5}]",19,20,1,8388608,16777216,0.13050123798893765
hea_24,0,7,"[{'gate_index': 221, 'gate': 'cx', 'old_q': 20, 'new_q': 21, 'batch': 1, 'trigger': 'cx_materialized_control', 'block': 7}]",20,21,1,16777216,33554432,0.2804673459904734
hea_24,0,8,"[{'gate_index': 233, 'gate': 'cx', 'old_q': 21, 'new_q': 22, 'batch': 1, 'trigger': 'cx_materialized_control', 'block': 8}]",21,22,1,33554432,67108864,0.5219844520033803
hea_24,0,10,"[{'gate_index': 245, 'gate': 'cx', 'old_q': 22, 'new_q': 23, 'batch': 1, 'trigger': 'cx_materialized_control', 'block': 10}]",22,23,1,67108864,134217728,1.1399065549776424
hea_24,0,11,"[{'gate_index': 257, 'gate': 'cx', 'old_q': 23, 'new_q': 24, 'batch': 1, 'trigger': 'cx_materialized_control', 'block': 11}]",23,24,1,134217728,268435456,2.1271956239943393
hea_24,1,0,"[{'gate_index': 5, 'gate': 'cx', 'old_q': 0, 'new_q': 2, 'batch': 2, 'trigger': 'cx_product_control', 'block': 0}, {'gate_index': 10, 'gate': 'cx', 'old_q': 2, 'new_q': 3, 'batch': 1, 'trigger': 'cx_materialized_control', 'block': 0}, {'gate_index': 18, 'gate': 'cx', 'old_q': 3, 'new_q': 4, 'batch': 1, 'trigger': 'cx_materialized_control', 'block': 0}, {'gate_index': 29, 'gate': 'cx', 'old_q': 4, 'new_q': 5, 'batch': 1, 'trigger': 'cx_materialized_control', 'block': 0}, {'gate_index': 41, 'gate': 'cx', 'old_q': 5, 'new_q': 6, 'batch': 1, 'trigger': 'cx_materialized_control', 'block': 0}, {'gate_index': 53, 'gate': 'cx', 'old_q': 6, 'new_q': 7, 'batch': 1, 'trigger': 'cx_materialized_control', 'block': 0}, {'gate_index': 65, 'gate': 'cx', 'old_q': 7, 'new_q': 8, 'batch': 1, 'trigger': 'cx_materialized_control', 'block': 0}, {'gate_index': 77, 'gate': 'cx', 'old_q': 8, 'new_q': 9, 'batch': 1, 'trigger': 'cx_materialized_control', 'block': 0}, {'gate_index': 89, 'gate': 'cx', 'old_q': 9, 'new_q': 10, 'batch': 1, 'trigger': 'cx_materialized_control', 'block': 0}, {'gate_index': 101, 'gate': 'cx', 'old_q': 10, 'new_q': 11, 'batch': 1, 'trigger': 'cx_materialized_control', 'block': 0}, {'gate_index': 113, 'gate': 'cx', 'old_q': 11, 'new_q': 12, 'batch': 1, 'trigger': 'cx_materialized_control', 'block': 0}, {'gate_index': 125, 'gate': 'cx', 'old_q': 12, 'new_q': 13, 'batch': 1, 'trigger': 'cx_materialized_control', 'block': 0}, {'gate_index': 137, 'gate': 'cx', 'old_q': 13, 'new_q': 14, 'batch': 1, 'trigger': 'cx_materialized_control', 'block': 0}, {'gate_index': 149, 'gate': 'cx', 'old_q': 14, 'new_q': 15, 'batch': 1, 'trigger': 'cx_materialized_control', 'block': 0}, {'gate_index': 161, 'gate': 'cx', 'old_q': 15, 'new_q': 16, 'batch': 1, 'trigger': 'cx_materialized_control', 'block': 0}]",0,16,16,16,1048576,0.05190471501555294
hea_24,1,1,"[{'gate_index': 173, 'gate': 'cx', 'old_q': 16, 'new_q': 17, 'batch': 1, 'trigger': 'cx_materialized_control', 'block': 1}]",16,17,1,1048576,2097152,0.021145903010619804
hea_24,1,2,"[{'gate_index': 185, 'gate': 'cx', 'old_q': 17, 'new_q': 18, 'batch': 1, 'trigger': 'cx_materialized_control', 'block': 2}]",17,18,1,2097152,4194304,0.035990509000839666
hea_24,1,4,"[{'gate_index': 197, 'gate': 'cx', 'old_q': 18, 'new_q': 19, 'batch': 1, 'trigger': 'cx_materialized_control', 'block': 4}]",18,19,1,4194304,8388608,0.07263918698299676
hea_24,1,5,"[{'gate_index': 209, 'gate': 'cx', 'old_q': 19, 'new_q': 20, 'batch': 1, 'trigger': 'cx_materialized_control', 'block': 5}]",19,20,1,8388608,16777216,0.13227403000928462
hea_24,1,7,"[{'gate_index': 221, 'gate': 'cx', 'old_q': 20, 'new_q': 21, 'batch': 1, 'trigger': 'cx_materialized_control', 'block': 7}]",20,21,1,16777216,33554432,0.28696314300759695
hea_24,1,8,"[{'gate_index': 233, 'gate': 'cx', 'old_q': 21, 'new_q': 22, 'batch': 1, 'trigger': 'cx_materialized_control', 'block': 8}]",21,22,1,33554432,67108864,0.5238156369887292
hea_24,1,10,"[{'gate_index': 245, 'gate': 'cx', 'old_q': 22, 'new_q': 23, 'batch': 1, 'trigger': 'cx_materialized_control', 'block': 10}]",22,23,1,67108864,134217728,1.132902326004114
hea_24,1,11,"[{'gate_index': 257, 'gate': 'cx', 'old_q': 23, 'new_q': 24, 'batch': 1, 'trigger': 'cx_materialized_control', 'block': 11}]",23,24,1,134217728,268435456,2.132238154998049
hea_24,2,0,"[{'gate_index': 5, 'gate': 'cx', 'old_q': 0, 'new_q': 2, 'batch': 2, 'trigger': 'cx_product_control', 'block': 0}, {'gate_index': 10, 'gate': 'cx', 'old_q': 2, 'new_q': 3, 'batch': 1, 'trigger': 'cx_materialized_control', 'block': 0}, {'gate_index': 18, 'gate': 'cx', 'old_q': 3, 'new_q': 4, 'batch': 1, 'trigger': 'cx_materialized_control', 'block': 0}, {'gate_index': 29, 'gate': 'cx', 'old_q': 4, 'new_q': 5, 'batch': 1, 'trigger': 'cx_materialized_control', 'block': 0}, {'gate_index': 41, 'gate': 'cx', 'old_q': 5, 'new_q': 6, 'batch': 1, 'trigger': 'cx_materialized_control', 'block': 0}, {'gate_index': 53, 'gate': 'cx', 'old_q': 6, 'new_q': 7, 'batch': 1, 'trigger': 'cx_materialized_control', 'block': 0}, {'gate_index': 65, 'gate': 'cx', 'old_q': 7, 'new_q': 8, 'batch': 1, 'trigger': 'cx_materialized_control', 'block': 0}, {'gate_index': 77, 'gate': 'cx', 'old_q': 8, 'new_q': 9, 'batch': 1, 'trigger': 'cx_materialized_control', 'block': 0}, {'gate_index': 89, 'gate': 'cx', 'old_q': 9, 'new_q': 10, 'batch': 1, 'trigger': 'cx_materialized_control', 'block': 0}, {'gate_index': 101, 'gate': 'cx', 'old_q': 10, 'new_q': 11, 'batch': 1, 'trigger': 'cx_materialized_control', 'block': 0}, {'gate_index': 113, 'gate': 'cx', 'old_q': 11, 'new_q': 12, 'batch': 1, 'trigger': 'cx_materialized_control', 'block': 0}, {'gate_index': 125, 'gate': 'cx', 'old_q': 12, 'new_q': 13, 'batch': 1, 'trigger': 'cx_materialized_control', 'block': 0}, {'gate_index': 137, 'gate': 'cx', 'old_q': 13, 'new_q': 14, 'batch': 1, 'trigger': 'cx_materialized_control', 'block': 0}, {'gate_index': 149, 'gate': 'cx', 'old_q': 14, 'new_q': 15, 'batch': 1, 'trigger': 'cx_materialized_control', 'block': 0}, {'gate_index': 161, 'gate': 'cx', 'old_q': 15, 'new_q': 16, 'batch': 1, 'trigger': 'cx_materialized_control', 'block': 0}]",0,16,16,16,1048576,0.05148318299325183
hea_24,2,1,"[{'gate_index': 173, 'gate': 'cx', 'old_q': 16, 'new_q': 17, 'batch': 1, 'trigger': 'cx_materialized_control', 'block': 1}]",16,17,1,1048576,2097152,0.02218328500748612
hea_24,2,2,"[{'gate_index': 185, 'gate': 'cx', 'old_q': 17, 'new_q': 18, 'batch': 1, 'trigger': 'cx_materialized_control', 'block': 2}]",17,18,1,2097152,4194304,0.03810724397771992
hea_24,2,4,"[{'gate_index': 197, 'gate': 'cx', 'old_q': 18, 'new_q': 19, 'batch': 1, 'trigger': 'cx_materialized_control', 'block': 4}]",18,19,1,4194304,8388608,0.07734907799749635
hea_24,2,5,"[{'gate_index': 209, 'gate': 'cx', 'old_q': 19, 'new_q': 20, 'batch': 1, 'trigger': 'cx_materialized_control', 'block': 5}]",19,20,1,8388608,16777216,0.1332489749765955
hea_24,2,7,"[{'gate_index': 221, 'gate': 'cx', 'old_q': 20, 'new_q': 21, 'batch': 1, 'trigger': 'cx_materialized_control', 'block': 7}]",20,21,1,16777216,33554432,0.29433574198628776
hea_24,2,8,"[{'gate_index': 233, 'gate': 'cx', 'old_q': 21, 'new_q': 22, 'batch': 1, 'trigger': 'cx_materialized_control', 'block': 8}]",21,22,1,33554432,67108864,0.5285892129759304
hea_24,2,10,"[{'gate_index': 245, 'gate': 'cx', 'old_q': 22, 'new_q': 23, 'batch': 1, 'trigger': 'cx_materialized_control', 'block': 10}]",22,23,1,67108864,134217728,1.146108139975695
hea_24,2,11,"[{'gate_index': 257, 'gate': 'cx', 'old_q': 23, 'new_q': 24, 'batch': 1, 'trigger': 'cx_materialized_control', 'block': 11}]",23,24,1,134217728,268435456,2.1813219699834008
mcx_oracle_20,0,1,"[{'gate_index': 20, 'gate': 'cx', 'old_q': 0, 'new_q': 2, 'batch': 2, 'trigger': 'cx_product_control', 'block': 1}, {'gate_index': 22, 'gate': 'cx', 'old_q': 2, 'new_q': 3, 'batch': 1, 'trigger': 'cx_product_control', 'block': 1}, {'gate_index': 34, 'gate': 'cx', 'old_q': 3, 'new_q': 4, 'batch': 1, 'trigger': 'cx_product_control', 'block': 1}, {'gate_index': 36, 'gate': 'cx', 'old_q': 4, 'new_q': 5, 'batch': 1, 'trigger': 'cx_product_control', 'block': 1}, {'gate_index': 39, 'gate': 'cx', 'old_q': 5, 'new_q': 6, 'batch': 1, 'trigger': 'cx_product_control', 'block': 1}, {'gate_index': 41, 'gate': 'cx', 'old_q': 6, 'new_q': 7, 'batch': 1, 'trigger': 'cx_product_control', 'block': 1}]",0,7,7,16,2048,0.010122006002347916
mcx_oracle_20,0,2,"[{'gate_index': 44, 'gate': 'cx', 'old_q': 7, 'new_q': 8, 'batch': 1, 'trigger': 'cx_product_control', 'block': 2}, {'gate_index': 46, 'gate': 'cx', 'old_q': 8, 'new_q': 9, 'batch': 1, 'trigger': 'cx_product_control', 'block': 2}, {'gate_index': 49, 'gate': 'cx', 'old_q': 9, 'new_q': 10, 'batch': 1, 'trigger': 'cx_product_control', 'block': 2}, {'gate_index': 51, 'gate': 'cx', 'old_q': 10, 'new_q': 11, 'batch': 1, 'trigger': 'cx_product_control', 'block': 2}, {'gate_index': 54, 'gate': 'cx', 'old_q': 11, 'new_q': 12, 'batch': 1, 'trigger': 'cx_product_control', 'block': 2}, {'gate_index': 56, 'gate': 'cx', 'old_q': 12, 'new_q': 13, 'batch': 1, 'trigger': 'cx_product_control', 'block': 2}, {'gate_index': 59, 'gate': 'cx', 'old_q': 13, 'new_q': 14, 'batch': 1, 'trigger': 'cx_product_control', 'block': 2}, {'gate_index': 65, 'gate': 'cx', 'old_q': 14, 'new_q': 15, 'batch': 1, 'trigger': 'cx_product_control', 'block': 2}]",7,15,8,2048,524288,0.022911084990482777
mcx_oracle_20,0,14,"[{'gate_index': 622, 'gate': 'cx', 'old_q': 15, 'new_q': 16, 'batch': 1, 'trigger': 'cx_product_control', 'block': 14}, {'gate_index': 624, 'gate': 'cx', 'old_q': 16, 'new_q': 17, 'batch': 1, 'trigger': 'cx_product_control', 'block': 14}, {'gate_index': 628, 'gate': 'cx', 'old_q': 17, 'new_q': 18, 'batch': 1, 'trigger': 'cx_product_control', 'block': 14}, {'gate_index': 689, 'gate': 'cx', 'old_q': 18, 'new_q': 19, 'batch': 1, 'trigger': 'cx_product_control', 'block': 14}]",15,19,4,524288,8388608,0.23183064797194675
mcx_oracle_20,0,38,"[{'gate_index': 2346, 'gate': 'cx', 'old_q': 19, 'new_q': 20, 'batch': 1, 'trigger': 'cx_materialized_control', 'block': 38}]",19,20,1,8388608,16777216,0.19208548701135442
mcx_oracle_20,1,1,"[{'gate_index': 20, 'gate': 'cx', 'old_q': 0, 'new_q': 2, 'batch': 2, 'trigger': 'cx_product_control', 'block': 1}, {'gate_index': 22, 'gate': 'cx', 'old_q': 2, 'new_q': 3, 'batch': 1, 'trigger': 'cx_product_control', 'block': 1}, {'gate_index': 34, 'gate': 'cx', 'old_q': 3, 'new_q': 4, 'batch': 1, 'trigger': 'cx_product_control', 'block': 1}, {'gate_index': 36, 'gate': 'cx', 'old_q': 4, 'new_q': 5, 'batch': 1, 'trigger': 'cx_product_control', 'block': 1}, {'gate_index': 39, 'gate': 'cx', 'old_q': 5, 'new_q': 6, 'batch': 1, 'trigger': 'cx_product_control', 'block': 1}, {'gate_index': 41, 'gate': 'cx', 'old_q': 6, 'new_q': 7, 'batch': 1, 'trigger': 'cx_product_control', 'block': 1}]",0,7,7,16,2048,0.009020207013236359
mcx_oracle_20,1,2,"[{'gate_index': 44, 'gate': 'cx', 'old_q': 7, 'new_q': 8, 'batch': 1, 'trigger': 'cx_product_control', 'block': 2}, {'gate_index': 46, 'gate': 'cx', 'old_q': 8, 'new_q': 9, 'batch': 1, 'trigger': 'cx_product_control', 'block': 2}, {'gate_index': 49, 'gate': 'cx', 'old_q': 9, 'new_q': 10, 'batch': 1, 'trigger': 'cx_product_control', 'block': 2}, {'gate_index': 51, 'gate': 'cx', 'old_q': 10, 'new_q': 11, 'batch': 1, 'trigger': 'cx_product_control', 'block': 2}, {'gate_index': 54, 'gate': 'cx', 'old_q': 11, 'new_q': 12, 'batch': 1, 'trigger': 'cx_product_control', 'block': 2}, {'gate_index': 56, 'gate': 'cx', 'old_q': 12, 'new_q': 13, 'batch': 1, 'trigger': 'cx_product_control', 'block': 2}, {'gate_index': 59, 'gate': 'cx', 'old_q': 13, 'new_q': 14, 'batch': 1, 'trigger': 'cx_product_control', 'block': 2}, {'gate_index': 65, 'gate': 'cx', 'old_q': 14, 'new_q': 15, 'batch': 1, 'trigger': 'cx_product_control', 'block': 2}]",7,15,8,2048,524288,0.023783404001733288
mcx_oracle_20,1,14,"[{'gate_index': 622, 'gate': 'cx', 'old_q': 15, 'new_q': 16, 'batch': 1, 'trigger': 'cx_product_control', 'block': 14}, {'gate_index': 624, 'gate': 'cx', 'old_q': 16, 'new_q': 17, 'batch': 1, 'trigger': 'cx_product_control', 'block': 14}, {'gate_index': 628, 'gate': 'cx', 'old_q': 17, 'new_q': 18, 'batch': 1, 'trigger': 'cx_product_control', 'block': 14}, {'gate_index': 689, 'gate': 'cx', 'old_q': 18, 'new_q': 19, 'batch': 1, 'trigger': 'cx_product_control', 'block': 14}]",15,19,4,524288,8388608,0.2334481819998473
mcx_oracle_20,1,38,"[{'gate_index': 2346, 'gate': 'cx', 'old_q': 19, 'new_q': 20, 'batch': 1, 'trigger': 'cx_materialized_control', 'block': 38}]",19,20,1,8388608,16777216,0.18711950798751786
mcx_oracle_20,2,1,"[{'gate_index': 20, 'gate': 'cx', 'old_q': 0, 'new_q': 2, 'batch': 2, 'trigger': 'cx_product_control', 'block': 1}, {'gate_index': 22, 'gate': 'cx', 'old_q': 2, 'new_q': 3, 'batch': 1, 'trigger': 'cx_product_control', 'block': 1}, {'gate_index': 34, 'gate': 'cx', 'old_q': 3, 'new_q': 4, 'batch': 1, 'trigger': 'cx_product_control', 'block': 1}, {'gate_index': 36, 'gate': 'cx', 'old_q': 4, 'new_q': 5, 'batch': 1, 'trigger': 'cx_product_control', 'block': 1}, {'gate_index': 39, 'gate': 'cx', 'old_q': 5, 'new_q': 6, 'batch': 1, 'trigger': 'cx_product_control', 'block': 1}, {'gate_index': 41, 'gate': 'cx', 'old_q': 6, 'new_q': 7, 'batch': 1, 'trigger': 'cx_product_control', 'block': 1}]",0,7,7,16,2048,0.010617324995109811
mcx_oracle_20,2,2,"[{'gate_index': 44, 'gate': 'cx', 'old_q': 7, 'new_q': 8, 'batch': 1, 'trigger': 'cx_product_control', 'block': 2}, {'gate_index': 46, 'gate': 'cx', 'old_q': 8, 'new_q': 9, 'batch': 1, 'trigger': 'cx_product_control', 'block': 2}, {'gate_index': 49, 'gate': 'cx', 'old_q': 9, 'new_q': 10, 'batch': 1, 'trigger': 'cx_product_control', 'block': 2}, {'gate_index': 51, 'gate': 'cx', 'old_q': 10, 'new_q': 11, 'batch': 1, 'trigger': 'cx_product_control', 'block': 2}, {'gate_index': 54, 'gate': 'cx', 'old_q': 11, 'new_q': 12, 'batch': 1, 'trigger': 'cx_product_control', 'block': 2}, {'gate_index': 56, 'gate': 'cx', 'old_q': 12, 'new_q': 13, 'batch': 1, 'trigger': 'cx_product_control', 'block': 2}, {'gate_index': 59, 'gate': 'cx', 'old_q': 13, 'new_q': 14, 'batch': 1, 'trigger': 'cx_product_control', 'block': 2}, {'gate_index': 65, 'gate': 'cx', 'old_q': 14, 'new_q': 15, 'batch': 1, 'trigger': 'cx_product_control', 'block': 2}]",7,15,8,2048,524288,0.023815697990357876
mcx_oracle_20,2,14,"[{'gate_index': 622, 'gate': 'cx', 'old_q': 15, 'new_q': 16, 'batch': 1, 'trigger': 'cx_product_control', 'block': 14}, {'gate_index': 624, 'gate': 'cx', 'old_q': 16, 'new_q': 17, 'batch': 1, 'trigger': 'cx_product_control', 'block': 14}, {'gate_index': 628, 'gate': 'cx', 'old_q': 17, 'new_q': 18, 'batch': 1, 'trigger': 'cx_product_control', 'block': 14}, {'gate_index': 689, 'gate': 'cx', 'old_q': 18, 'new_q': 19, 'batch': 1, 'trigger': 'cx_product_control', 'block': 14}]",15,19,4,524288,8388608,0.23532841799897142
mcx_oracle_20,2,38,"[{'gate_index': 2346, 'gate': 'cx', 'old_q': 19, 'new_q': 20, 'batch': 1, 'trigger': 'cx_materialized_control', 'block': 38}]",19,20,1,8388608,16777216,0.19068780599627644
mcx_oracle_22,0,1,"[{'gate_index': 22, 'gate': 'cx', 'old_q': 0, 'new_q': 2, 'batch': 2, 'trigger': 'cx_product_control', 'block': 1}, {'gate_index': 24, 'gate': 'cx', 'old_q': 2, 'new_q': 3, 'batch': 1, 'trigger': 'cx_product_control', 'block': 1}, {'gate_index': 36, 'gate': 'cx', 'old_q': 3, 'new_q': 4, 'batch': 1, 'trigger': 'cx_product_control', 'block': 1}, {'gate_index': 38, 'gate': 'cx', 'old_q': 4, 'new_q': 5, 'batch': 1, 'trigger': 'cx_product_control', 'block': 1}, {'gate_index': 41, 'gate': 'cx', 'old_q': 5, 'new_q': 6, 'batch': 1, 'trigger': 'cx_product_control', 'block': 1}, {'gate_index': 43, 'gate': 'cx', 'old_q': 6, 'new_q': 7, 'batch': 1, 'trigger': 'cx_product_control', 'block': 1}]",0,7,7,16,2048,0.009613906004233286
mcx_oracle_22,0,2,"[{'gate_index': 46, 'gate': 'cx', 'old_q': 7, 'new_q': 8, 'batch': 1, 'trigger': 'cx_product_control', 'block': 2}, {'gate_index': 48, 'gate': 'cx', 'old_q': 8, 'new_q': 9, 'batch': 1, 'trigger': 'cx_product_control', 'block': 2}, {'gate_index': 51, 'gate': 'cx', 'old_q': 9, 'new_q': 10, 'batch': 1, 'trigger': 'cx_product_control', 'block': 2}, {'gate_index': 53, 'gate': 'cx', 'old_q': 10, 'new_q': 11, 'batch': 1, 'trigger': 'cx_product_control', 'block': 2}, {'gate_index': 56, 'gate': 'cx', 'old_q': 11, 'new_q': 12, 'batch': 1, 'trigger': 'cx_product_control', 'block': 2}, {'gate_index': 58, 'gate': 'cx', 'old_q': 12, 'new_q': 13, 'batch': 1, 'trigger': 'cx_product_control', 'block': 2}, {'gate_index': 61, 'gate': 'cx', 'old_q': 13, 'new_q': 14, 'batch': 1, 'trigger': 'cx_product_control', 'block': 2}, {'gate_index': 63, 'gate': 'cx', 'old_q': 14, 'new_q': 15, 'batch': 1, 'trigger': 'cx_product_control', 'block': 2}, {'gate_index': 66, 'gate': 'cx', 'old_q': 15, 'new_q': 16, 'batch': 1, 'trigger': 'cx_product_control', 'block': 2}]",7,16,9,2048,1048576,0.03268641099566594
mcx_oracle_22,0,3,"[{'gate_index': 72, 'gate': 'cx', 'old_q': 16, 'new_q': 17, 'batch': 1, 'trigger': 'cx_product_control', 'block': 3}]",16,17,1,1048576,2097152,0.06564593099756166
mcx_oracle_22,0,29,"[{'gate_index': 791, 'gate': 'cx', 'old_q': 17, 'new_q': 18, 'batch': 1, 'trigger': 'cx_product_control', 'block': 29}, {'gate_index': 803, 'gate': 'cx', 'old_q': 18, 'new_q': 19, 'batch': 1, 'trigger': 'cx_product_control', 'block': 29}, {'gate_index': 808, 'gate': 'cx', 'old_q': 19, 'new_q': 20, 'batch': 1, 'trigger': 'cx_product_control', 'block': 29}]",17,20,3,2097152,16777216,0.20437311101704836
mcx_oracle_22,0,31,"[{'gate_index': 845, 'gate': 'cx', 'old_q': 20, 'new_q': 21, 'batch': 1, 'trigger': 'cx_product_control', 'block': 31}]",20,21,1,16777216,33554432,0.39758030002121814
mcx_oracle_22,0,75,"[{'gate_index': 2140, 'gate': 'cx', 'old_q': 21, 'new_q': 22, 'batch': 1, 'trigger': 'cx_materialized_control', 'block': 75}]",21,22,1,33554432,67108864,1.4363404250179883
mcx_oracle_22,1,1,"[{'gate_index': 22, 'gate': 'cx', 'old_q': 0, 'new_q': 2, 'batch': 2, 'trigger': 'cx_product_control', 'block': 1}, {'gate_index': 24, 'gate': 'cx', 'old_q': 2, 'new_q': 3, 'batch': 1, 'trigger': 'cx_product_control', 'block': 1}, {'gate_index': 36, 'gate': 'cx', 'old_q': 3, 'new_q': 4, 'batch': 1, 'trigger': 'cx_product_control', 'block': 1}, {'gate_index': 38, 'gate': 'cx', 'old_q': 4, 'new_q': 5, 'batch': 1, 'trigger': 'cx_product_control', 'block': 1}, {'gate_index': 41, 'gate': 'cx', 'old_q': 5, 'new_q': 6, 'batch': 1, 'trigger': 'cx_product_control', 'block': 1}, {'gate_index': 43, 'gate': 'cx', 'old_q': 6, 'new_q': 7, 'batch': 1, 'trigger': 'cx_product_control', 'block': 1}]",0,7,7,16,2048,0.009999384987168014
mcx_oracle_22,1,2,"[{'gate_index': 46, 'gate': 'cx', 'old_q': 7, 'new_q': 8, 'batch': 1, 'trigger': 'cx_product_control', 'block': 2}, {'gate_index': 48, 'gate': 'cx', 'old_q': 8, 'new_q': 9, 'batch': 1, 'trigger': 'cx_product_control', 'block': 2}, {'gate_index': 51, 'gate': 'cx', 'old_q': 9, 'new_q': 10, 'batch': 1, 'trigger': 'cx_product_control', 'block': 2}, {'gate_index': 53, 'gate': 'cx', 'old_q': 10, 'new_q': 11, 'batch': 1, 'trigger': 'cx_product_control', 'block': 2}, {'gate_index': 56, 'gate': 'cx', 'old_q': 11, 'new_q': 12, 'batch': 1, 'trigger': 'cx_product_control', 'block': 2}, {'gate_index': 58, 'gate': 'cx', 'old_q': 12, 'new_q': 13, 'batch': 1, 'trigger': 'cx_product_control', 'block': 2}, {'gate_index': 61, 'gate': 'cx', 'old_q': 13, 'new_q': 14, 'batch': 1, 'trigger': 'cx_product_control', 'block': 2}, {'gate_index': 63, 'gate': 'cx', 'old_q': 14, 'new_q': 15, 'batch': 1, 'trigger': 'cx_product_control', 'block': 2}, {'gate_index': 66, 'gate': 'cx', 'old_q': 15, 'new_q': 16, 'batch': 1, 'trigger': 'cx_product_control', 'block': 2}]",7,16,9,2048,1048576,0.033226205996470526
mcx_oracle_22,1,3,"[{'gate_index': 72, 'gate': 'cx', 'old_q': 16, 'new_q': 17, 'batch': 1, 'trigger': 'cx_product_control', 'block': 3}]",16,17,1,1048576,2097152,0.07154659798834473
mcx_oracle_22,1,29,"[{'gate_index': 791, 'gate': 'cx', 'old_q': 17, 'new_q': 18, 'batch': 1, 'trigger': 'cx_product_control', 'block': 29}, {'gate_index': 803, 'gate': 'cx', 'old_q': 18, 'new_q': 19, 'batch': 1, 'trigger': 'cx_product_control', 'block': 29}, {'gate_index': 808, 'gate': 'cx', 'old_q': 19, 'new_q': 20, 'batch': 1, 'trigger': 'cx_product_control', 'block': 29}]",17,20,3,2097152,16777216,0.20977819201652892
mcx_oracle_22,1,31,"[{'gate_index': 845, 'gate': 'cx', 'old_q': 20, 'new_q': 21, 'batch': 1, 'trigger': 'cx_product_control', 'block': 31}]",20,21,1,16777216,33554432,0.3984762199979741
mcx_oracle_22,1,75,"[{'gate_index': 2140, 'gate': 'cx', 'old_q': 21, 'new_q': 22, 'batch': 1, 'trigger': 'cx_materialized_control', 'block': 75}]",21,22,1,33554432,67108864,1.4567562240117695
mcx_oracle_22,2,1,"[{'gate_index': 22, 'gate': 'cx', 'old_q': 0, 'new_q': 2, 'batch': 2, 'trigger': 'cx_product_control', 'block': 1}, {'gate_index': 24, 'gate': 'cx', 'old_q': 2, 'new_q': 3, 'batch': 1, 'trigger': 'cx_product_control', 'block': 1}, {'gate_index': 36, 'gate': 'cx', 'old_q': 3, 'new_q': 4, 'batch': 1, 'trigger': 'cx_product_control', 'block': 1}, {'gate_index': 38, 'gate': 'cx', 'old_q': 4, 'new_q': 5, 'batch': 1, 'trigger': 'cx_product_control', 'block': 1}, {'gate_index': 41, 'gate': 'cx', 'old_q': 5, 'new_q': 6, 'batch': 1, 'trigger': 'cx_product_control', 'block': 1}, {'gate_index': 43, 'gate': 'cx', 'old_q': 6, 'new_q': 7, 'batch': 1, 'trigger': 'cx_product_control', 'block': 1}]",0,7,7,16,2048,0.009461367997573689
mcx_oracle_22,2,2,"[{'gate_index': 46, 'gate': 'cx', 'old_q': 7, 'new_q': 8, 'batch': 1, 'trigger': 'cx_product_control', 'block': 2}, {'gate_index': 48, 'gate': 'cx', 'old_q': 8, 'new_q': 9, 'batch': 1, 'trigger': 'cx_product_control', 'block': 2}, {'gate_index': 51, 'gate': 'cx', 'old_q': 9, 'new_q': 10, 'batch': 1, 'trigger': 'cx_product_control', 'block': 2}, {'gate_index': 53, 'gate': 'cx', 'old_q': 10, 'new_q': 11, 'batch': 1, 'trigger': 'cx_product_control', 'block': 2}, {'gate_index': 56, 'gate': 'cx', 'old_q': 11, 'new_q': 12, 'batch': 1, 'trigger': 'cx_product_control', 'block': 2}, {'gate_index': 58, 'gate': 'cx', 'old_q': 12, 'new_q': 13, 'batch': 1, 'trigger': 'cx_product_control', 'block': 2}, {'gate_index': 61, 'gate': 'cx', 'old_q': 13, 'new_q': 14, 'batch': 1, 'trigger': 'cx_product_control', 'block': 2}, {'gate_index': 63, 'gate': 'cx', 'old_q': 14, 'new_q': 15, 'batch': 1, 'trigger': 'cx_product_control', 'block': 2}, {'gate_index': 66, 'gate': 'cx', 'old_q': 15, 'new_q': 16, 'batch': 1, 'trigger': 'cx_product_control', 'block': 2}]",7,16,9,2048,1048576,0.032058338983915746
mcx_oracle_22,2,3,"[{'gate_index': 72, 'gate': 'cx', 'old_q': 16, 'new_q': 17, 'batch': 1, 'trigger': 'cx_product_control', 'block': 3}]",16,17,1,1048576,2097152,0.06918024699552916
mcx_oracle_22,2,29,"[{'gate_index': 791, 'gate': 'cx', 'old_q': 17, 'new_q': 18, 'batch': 1, 'trigger': 'cx_product_control', 'block': 29}, {'gate_index': 803, 'gate': 'cx', 'old_q': 18, 'new_q': 19, 'batch': 1, 'trigger': 'cx_product_control', 'block': 29}, {'gate_index': 808, 'gate': 'cx', 'old_q': 19, 'new_q': 20, 'batch': 1, 'trigger': 'cx_product_control', 'block': 29}]",17,20,3,2097152,16777216,0.20547867100685835
mcx_oracle_22,2,31,"[{'gate_index': 845, 'gate': 'cx', 'old_q': 20, 'new_q': 21, 'batch': 1, 'trigger': 'cx_product_control', 'block': 31}]",20,21,1,16777216,33554432,0.39971713098930195
mcx_oracle_22,2,75,"[{'gate_index': 2140, 'gate': 'cx', 'old_q': 21, 'new_q': 22, 'batch': 1, 'trigger': 'cx_materialized_control', 'block': 75}]",21,22,1,33554432,67108864,1.44589918202837
mcx_oracle_24,0,2,"[{'gate_index': 28, 'gate': 'cx', 'old_q': 0, 'new_q': 2, 'batch': 2, 'trigger': 'cx_product_control', 'block': 2}]",0,2,2,16,64,0.00472808099584654
mcx_oracle_24,0,5,"[{'gate_index': 46, 'gate': 'cx', 'old_q': 2, 'new_q': 3, 'batch': 1, 'trigger': 'cx_product_control', 'block': 5}]",2,3,1,64,128,0.00409604498418048
mcx_oracle_24,0,6,"[{'gate_index': 56, 'gate': 'cx', 'old_q': 3, 'new_q': 4, 'batch': 1, 'trigger': 'cx_product_control', 'block': 6}, {'gate_index': 58, 'gate': 'cx', 'old_q': 4, 'new_q': 5, 'batch': 1, 'trigger': 'cx_product_control', 'block': 6}, {'gate_index': 73, 'gate': 'cx', 'old_q': 5, 'new_q': 6, 'batch': 1, 'trigger': 'cx_product_control', 'block': 6}, {'gate_index': 75, 'gate': 'cx', 'old_q': 6, 'new_q': 7, 'batch': 1, 'trigger': 'cx_product_control', 'block': 6}, {'gate_index': 90, 'gate': 'cx', 'old_q': 7, 'new_q': 8, 'batch': 1, 'trigger': 'cx_product_control', 'block': 6}, {'gate_index': 92, 'gate': 'cx', 'old_q': 8, 'new_q': 9, 'batch': 1, 'trigger': 'cx_product_control', 'block': 6}, {'gate_index': 107, 'gate': 'cx', 'old_q': 9, 'new_q': 10, 'batch': 1, 'trigger': 'cx_product_control', 'block': 6}, {'gate_index': 109, 'gate': 'cx', 'old_q': 10, 'new_q': 11, 'batch': 1, 'trigger': 'cx_product_control', 'block': 6}]",3,11,8,128,32768,0.01599779599928297
mcx_oracle_24,0,7,"[{'gate_index': 124, 'gate': 'cx', 'old_q': 11, 'new_q': 12, 'batch': 1, 'trigger': 'cx_product_control', 'block': 7}, {'gate_index': 126, 'gate': 'cx', 'old_q': 12, 'new_q': 13, 'batch': 1, 'trigger': 'cx_product_control', 'block': 7}, {'gate_index': 141, 'gate': 'cx', 'old_q': 13, 'new_q': 14, 'batch': 1, 'trigger': 'cx_product_control', 'block': 7}, {'gate_index': 143, 'gate': 'cx', 'old_q': 14, 'new_q': 15, 'batch': 1, 'trigger': 'cx_product_control', 'block': 7}, {'gate_index': 158, 'gate': 'cx', 'old_q': 15, 'new_q': 16, 'batch': 1, 'trigger': 'cx_product_control', 'block': 7}, {'gate_index': 160, 'gate': 'cx', 'old_q': 16, 'new_q': 17, 'batch': 1, 'trigger': 'cx_product_control', 'block': 7}]",11,17,6,32768,2097152,0.05022086598910391
mcx_oracle_24,0,8,"[{'gate_index': 175, 'gate': 'cx', 'old_q': 17, 'new_q': 18, 'batch': 1, 'trigger': 'cx_product_control', 'block': 8}, {'gate_index': 177, 'gate': 'cx', 'old_q': 18, 'new_q': 19, 'batch': 1, 'trigger': 'cx_product_control', 'block': 8}, {'gate_index': 192, 'gate': 'cx', 'old_q': 19, 'new_q': 20, 'batch': 1, 'trigger': 'cx_product_control', 'block': 8}, {'gate_index': 194, 'gate': 'cx', 'old_q': 20, 'new_q': 21, 'batch': 1, 'trigger': 'cx_product_control', 'block': 8}, {'gate_index': 209, 'gate': 'cx', 'old_q': 21, 'new_q': 22, 'batch': 1, 'trigger': 'cx_product_control', 'block': 8}, {'gate_index': 211, 'gate': 'cx', 'old_q': 22, 'new_q': 23, 'batch': 1, 'trigger': 'cx_product_control', 'block': 8}]",17,23,6,2097152,134217728,1.6790059419872705
mcx_oracle_24,0,68,"[{'gate_index': 2281, 'gate': 'cx', 'old_q': 23, 'new_q': 24, 'batch': 1, 'trigger': 'cx_product_control', 'block': 68}]",23,24,1,134217728,268435456,5.530918634001864
mcx_oracle_24,1,2,"[{'gate_index': 28, 'gate': 'cx', 'old_q': 0, 'new_q': 2, 'batch': 2, 'trigger': 'cx_product_control', 'block': 2}]",0,2,2,16,64,0.004108136985450983
mcx_oracle_24,1,5,"[{'gate_index': 46, 'gate': 'cx', 'old_q': 2, 'new_q': 3, 'batch': 1, 'trigger': 'cx_product_control', 'block': 5}]",2,3,1,64,128,0.004417582997120917
mcx_oracle_24,1,6,"[{'gate_index': 56, 'gate': 'cx', 'old_q': 3, 'new_q': 4, 'batch': 1, 'trigger': 'cx_product_control', 'block': 6}, {'gate_index': 58, 'gate': 'cx', 'old_q': 4, 'new_q': 5, 'batch': 1, 'trigger': 'cx_product_control', 'block': 6}, {'gate_index': 73, 'gate': 'cx', 'old_q': 5, 'new_q': 6, 'batch': 1, 'trigger': 'cx_product_control', 'block': 6}, {'gate_index': 75, 'gate': 'cx', 'old_q': 6, 'new_q': 7, 'batch': 1, 'trigger': 'cx_product_control', 'block': 6}, {'gate_index': 90, 'gate': 'cx', 'old_q': 7, 'new_q': 8, 'batch': 1, 'trigger': 'cx_product_control', 'block': 6}, {'gate_index': 92, 'gate': 'cx', 'old_q': 8, 'new_q': 9, 'batch': 1, 'trigger': 'cx_product_control', 'block': 6}, {'gate_index': 107, 'gate': 'cx', 'old_q': 9, 'new_q': 10, 'batch': 1, 'trigger': 'cx_product_control', 'block': 6}, {'gate_index': 109, 'gate': 'cx', 'old_q': 10, 'new_q': 11, 'batch': 1, 'trigger': 'cx_product_control', 'block': 6}]",3,11,8,128,32768,0.01518359300098382
mcx_oracle_24,1,7,"[{'gate_index': 124, 'gate': 'cx', 'old_q': 11, 'new_q': 12, 'batch': 1, 'trigger': 'cx_product_control', 'block': 7}, {'gate_index': 126, 'gate': 'cx', 'old_q': 12, 'new_q': 13, 'batch': 1, 'trigger': 'cx_product_control', 'block': 7}, {'gate_index': 141, 'gate': 'cx', 'old_q': 13, 'new_q': 14, 'batch': 1, 'trigger': 'cx_product_control', 'block': 7}, {'gate_index': 143, 'gate': 'cx', 'old_q': 14, 'new_q': 15, 'batch': 1, 'trigger': 'cx_product_control', 'block': 7}, {'gate_index': 158, 'gate': 'cx', 'old_q': 15, 'new_q': 16, 'batch': 1, 'trigger': 'cx_product_control', 'block': 7}, {'gate_index': 160, 'gate': 'cx', 'old_q': 16, 'new_q': 17, 'batch': 1, 'trigger': 'cx_product_control', 'block': 7}]",11,17,6,32768,2097152,0.05134806002024561
mcx_oracle_24,1,8,"[{'gate_index': 175, 'gate': 'cx', 'old_q': 17, 'new_q': 18, 'batch': 1, 'trigger': 'cx_product_control', 'block': 8}, {'gate_index': 177, 'gate': 'cx', 'old_q': 18, 'new_q': 19, 'batch': 1, 'trigger': 'cx_product_control', 'block': 8}, {'gate_index': 192, 'gate': 'cx', 'old_q': 19, 'new_q': 20, 'batch': 1, 'trigger': 'cx_product_control', 'block': 8}, {'gate_index': 194, 'gate': 'cx', 'old_q': 20, 'new_q': 21, 'batch': 1, 'trigger': 'cx_product_control', 'block': 8}, {'gate_index': 209, 'gate': 'cx', 'old_q': 21, 'new_q': 22, 'batch': 1, 'trigger': 'cx_product_control', 'block': 8}, {'gate_index': 211, 'gate': 'cx', 'old_q': 22, 'new_q': 23, 'batch': 1, 'trigger': 'cx_product_control', 'block': 8}]",17,23,6,2097152,134217728,1.6814831139927264
mcx_oracle_24,1,68,"[{'gate_index': 2281, 'gate': 'cx', 'old_q': 23, 'new_q': 24, 'batch': 1, 'trigger': 'cx_product_control', 'block': 68}]",23,24,1,134217728,268435456,5.53712754699518
mcx_oracle_24,2,2,"[{'gate_index': 28, 'gate': 'cx', 'old_q': 0, 'new_q': 2, 'batch': 2, 'trigger': 'cx_product_control', 'block': 2}]",0,2,2,16,64,0.004173379973508418
mcx_oracle_24,2,5,"[{'gate_index': 46, 'gate': 'cx', 'old_q': 2, 'new_q': 3, 'batch': 1, 'trigger': 'cx_product_control', 'block': 5}]",2,3,1,64,128,0.005214062985032797
mcx_oracle_24,2,6,"[{'gate_index': 56, 'gate': 'cx', 'old_q': 3, 'new_q': 4, 'batch': 1, 'trigger': 'cx_product_control', 'block': 6}, {'gate_index': 58, 'gate': 'cx', 'old_q': 4, 'new_q': 5, 'batch': 1, 'trigger': 'cx_product_control', 'block': 6}, {'gate_index': 73, 'gate': 'cx', 'old_q': 5, 'new_q': 6, 'batch': 1, 'trigger': 'cx_product_control', 'block': 6}, {'gate_index': 75, 'gate': 'cx', 'old_q': 6, 'new_q': 7, 'batch': 1, 'trigger': 'cx_product_control', 'block': 6}, {'gate_index': 90, 'gate': 'cx', 'old_q': 7, 'new_q': 8, 'batch': 1, 'trigger': 'cx_product_control', 'block': 6}, {'gate_index': 92, 'gate': 'cx', 'old_q': 8, 'new_q': 9, 'batch': 1, 'trigger': 'cx_product_control', 'block': 6}, {'gate_index': 107, 'gate': 'cx', 'old_q': 9, 'new_q': 10, 'batch': 1, 'trigger': 'cx_product_control', 'block': 6}, {'gate_index': 109, 'gate': 'cx', 'old_q': 10, 'new_q': 11, 'batch': 1, 'trigger': 'cx_product_control', 'block': 6}]",3,11,8,128,32768,0.016640223999274895
mcx_oracle_24,2,7,"[{'gate_index': 124, 'gate': 'cx', 'old_q': 11, 'new_q': 12, 'batch': 1, 'trigger': 'cx_product_control', 'block': 7}, {'gate_index': 126, 'gate': 'cx', 'old_q': 12, 'new_q': 13, 'batch': 1, 'trigger': 'cx_product_control', 'block': 7}, {'gate_index': 141, 'gate': 'cx', 'old_q': 13, 'new_q': 14, 'batch': 1, 'trigger': 'cx_product_control', 'block': 7}, {'gate_index': 143, 'gate': 'cx', 'old_q': 14, 'new_q': 15, 'batch': 1, 'trigger': 'cx_product_control', 'block': 7}, {'gate_index': 158, 'gate': 'cx', 'old_q': 15, 'new_q': 16, 'batch': 1, 'trigger': 'cx_product_control', 'block': 7}, {'gate_index': 160, 'gate': 'cx', 'old_q': 16, 'new_q': 17, 'batch': 1, 'trigger': 'cx_product_control', 'block': 7}]",11,17,6,32768,2097152,0.05228082000394352
mcx_oracle_24,2,8,"[{'gate_index': 175, 'gate': 'cx', 'old_q': 17, 'new_q': 18, 'batch': 1, 'trigger': 'cx_product_control', 'block': 8}, {'gate_index': 177, 'gate': 'cx', 'old_q': 18, 'new_q': 19, 'batch': 1, 'trigger': 'cx_product_control', 'block': 8}, {'gate_index': 192, 'gate': 'cx', 'old_q': 19, 'new_q': 20, 'batch': 1, 'trigger': 'cx_product_control', 'block': 8}, {'gate_index': 194, 'gate': 'cx', 'old_q': 20, 'new_q': 21, 'batch': 1, 'trigger': 'cx_product_control', 'block': 8}, {'gate_index': 209, 'gate': 'cx', 'old_q': 21, 'new_q': 22, 'batch': 1, 'trigger': 'cx_product_control', 'block': 8}, {'gate_index': 211, 'gate': 'cx', 'old_q': 22, 'new_q': 23, 'batch': 1, 'trigger': 'cx_product_control', 'block': 8}]",17,23,6,2097152,134217728,1.6958027220098302
mcx_oracle_24,2,68,"[{'gate_index': 2281, 'gate': 'cx', 'old_q': 23, 'new_q': 24, 'batch': 1, 'trigger': 'cx_product_control', 'block': 68}]",23,24,1,134217728,268435456,5.505352890002541
qaoa_20,0,0,"[{'gate_index': 5, 'gate': 'cx', 'old_q': 0, 'new_q': 2, 'batch': 2, 'trigger': 'cx_product_control', 'block': 0}, {'gate_index': 9, 'gate': 'cx', 'old_q': 2, 'new_q': 3, 'batch': 1, 'trigger': 'cx_materialized_control', 'block': 0}, {'gate_index': 14, 'gate': 'cx', 'old_q': 3, 'new_q': 4, 'batch': 1, 'trigger': 'cx_materialized_control', 'block': 0}, {'gate_index': 19, 'gate': 'cx', 'old_q': 4, 'new_q': 5, 'batch': 1, 'trigger': 'cx_materialized_control', 'block': 0}, {'gate_index': 24, 'gate': 'cx', 'old_q': 5, 'new_q': 6, 'batch': 1, 'trigger': 'cx_materialized_control', 'block': 0}, {'gate_index': 29, 'gate': 'cx', 'old_q': 6, 'new_q': 7, 'batch': 1, 'trigger': 'cx_materialized_control', 'block': 0}, {'gate_index': 34, 'gate': 'cx', 'old_q': 7, 'new_q': 8, 'batch': 1, 'trigger': 'cx_materialized_control', 'block': 0}, {'gate_index': 39, 'gate': 'cx', 'old_q': 8, 'new_q': 9, 'batch': 1, 'trigger': 'cx_materialized_control', 'block': 0}, {'gate_index': 44, 'gate': 'cx', 'old_q': 9, 'new_q': 10, 'batch': 1, 'trigger': 'cx_materialized_control', 'block': 0}, {'gate_index': 49, 'gate': 'cx', 'old_q': 10, 'new_q': 11, 'batch': 1, 'trigger': 'cx_materialized_control', 'block': 0}, {'gate_index': 54, 'gate': 'cx', 'old_q': 11, 'new_q': 12, 'batch': 1, 'trigger': 'cx_materialized_control', 'block': 0}, {'gate_index': 59, 'gate': 'cx', 'old_q': 12, 'new_q': 13, 'batch': 1, 'trigger': 'cx_materialized_control', 'block': 0}, {'gate_index': 64, 'gate': 'cx', 'old_q': 13, 'new_q': 14, 'batch': 1, 'trigger': 'cx_materialized_control', 'block': 0}, {'gate_index': 69, 'gate': 'cx', 'old_q': 14, 'new_q': 15, 'batch': 1, 'trigger': 'cx_materialized_control', 'block': 0}, {'gate_index': 74, 'gate': 'cx', 'old_q': 15, 'new_q': 16, 'batch': 1, 'trigger': 'cx_materialized_control', 'block': 0}]",0,16,16,16,1048576,0.03614713798742741
qaoa_20,0,1,"[{'gate_index': 79, 'gate': 'cx', 'old_q': 16, 'new_q': 17, 'batch': 1, 'trigger': 'cx_materialized_control', 'block': 1}, {'gate_index': 84, 'gate': 'cx', 'old_q': 17, 'new_q': 18, 'batch': 1, 'trigger': 'cx_materialized_control', 'block': 1}, {'gate_index': 89, 'gate': 'cx', 'old_q': 18, 'new_q': 19, 'batch': 1, 'trigger': 'cx_materialized_control', 'block': 1}]",16,19,3,1048576,8388608,0.06996484298724681
qaoa_20,0,2,"[{'gate_index': 94, 'gate': 'cx', 'old_q': 19, 'new_q': 20, 'batch': 1, 'trigger': 'cx_materialized_control', 'block': 2}]",19,20,1,8388608,16777216,0.25595510299899615
qaoa_20,1,0,"[{'gate_index': 5, 'gate': 'cx', 'old_q': 0, 'new_q': 2, 'batch': 2, 'trigger': 'cx_product_control', 'block': 0}, {'gate_index': 9, 'gate': 'cx', 'old_q': 2, 'new_q': 3, 'batch': 1, 'trigger': 'cx_materialized_control', 'block': 0}, {'gate_index': 14, 'gate': 'cx', 'old_q': 3, 'new_q': 4, 'batch': 1, 'trigger': 'cx_materialized_control', 'block': 0}, {'gate_index': 19, 'gate': 'cx', 'old_q': 4, 'new_q': 5, 'batch': 1, 'trigger': 'cx_materialized_control', 'block': 0}, {'gate_index': 24, 'gate': 'cx', 'old_q': 5, 'new_q': 6, 'batch': 1, 'trigger': 'cx_materialized_control', 'block': 0}, {'gate_index': 29, 'gate': 'cx', 'old_q': 6, 'new_q': 7, 'batch': 1, 'trigger': 'cx_materialized_control', 'block': 0}, {'gate_index': 34, 'gate': 'cx', 'old_q': 7, 'new_q': 8, 'batch': 1, 'trigger': 'cx_materialized_control', 'block': 0}, {'gate_index': 39, 'gate': 'cx', 'old_q': 8, 'new_q': 9, 'batch': 1, 'trigger': 'cx_materialized_control', 'block': 0}, {'gate_index': 44, 'gate': 'cx', 'old_q': 9, 'new_q': 10, 'batch': 1, 'trigger': 'cx_materialized_control', 'block': 0}, {'gate_index': 49, 'gate': 'cx', 'old_q': 10, 'new_q': 11, 'batch': 1, 'trigger': 'cx_materialized_control', 'block': 0}, {'gate_index': 54, 'gate': 'cx', 'old_q': 11, 'new_q': 12, 'batch': 1, 'trigger': 'cx_materialized_control', 'block': 0}, {'gate_index': 59, 'gate': 'cx', 'old_q': 12, 'new_q': 13, 'batch': 1, 'trigger': 'cx_materialized_control', 'block': 0}, {'gate_index': 64, 'gate': 'cx', 'old_q': 13, 'new_q': 14, 'batch': 1, 'trigger': 'cx_materialized_control', 'block': 0}, {'gate_index': 69, 'gate': 'cx', 'old_q': 14, 'new_q': 15, 'batch': 1, 'trigger': 'cx_materialized_control', 'block': 0}, {'gate_index': 74, 'gate': 'cx', 'old_q': 15, 'new_q': 16, 'batch': 1, 'trigger': 'cx_materialized_control', 'block': 0}]",0,16,16,16,1048576,0.034693027002504095
qaoa_20,1,1,"[{'gate_index': 79, 'gate': 'cx', 'old_q': 16, 'new_q': 17, 'batch': 1, 'trigger': 'cx_materialized_control', 'block': 1}, {'gate_index': 84, 'gate': 'cx', 'old_q': 17, 'new_q': 18, 'batch': 1, 'trigger': 'cx_materialized_control', 'block': 1}, {'gate_index': 89, 'gate': 'cx', 'old_q': 18, 'new_q': 19, 'batch': 1, 'trigger': 'cx_materialized_control', 'block': 1}]",16,19,3,1048576,8388608,0.07186472602188587
qaoa_20,1,2,"[{'gate_index': 94, 'gate': 'cx', 'old_q': 19, 'new_q': 20, 'batch': 1, 'trigger': 'cx_materialized_control', 'block': 2}]",19,20,1,8388608,16777216,0.26047291298164055
qaoa_20,2,0,"[{'gate_index': 5, 'gate': 'cx', 'old_q': 0, 'new_q': 2, 'batch': 2, 'trigger': 'cx_product_control', 'block': 0}, {'gate_index': 9, 'gate': 'cx', 'old_q': 2, 'new_q': 3, 'batch': 1, 'trigger': 'cx_materialized_control', 'block': 0}, {'gate_index': 14, 'gate': 'cx', 'old_q': 3, 'new_q': 4, 'batch': 1, 'trigger': 'cx_materialized_control', 'block': 0}, {'gate_index': 19, 'gate': 'cx', 'old_q': 4, 'new_q': 5, 'batch': 1, 'trigger': 'cx_materialized_control', 'block': 0}, {'gate_index': 24, 'gate': 'cx', 'old_q': 5, 'new_q': 6, 'batch': 1, 'trigger': 'cx_materialized_control', 'block': 0}, {'gate_index': 29, 'gate': 'cx', 'old_q': 6, 'new_q': 7, 'batch': 1, 'trigger': 'cx_materialized_control', 'block': 0}, {'gate_index': 34, 'gate': 'cx', 'old_q': 7, 'new_q': 8, 'batch': 1, 'trigger': 'cx_materialized_control', 'block': 0}, {'gate_index': 39, 'gate': 'cx', 'old_q': 8, 'new_q': 9, 'batch': 1, 'trigger': 'cx_materialized_control', 'block': 0}, {'gate_index': 44, 'gate': 'cx', 'old_q': 9, 'new_q': 10, 'batch': 1, 'trigger': 'cx_materialized_control', 'block': 0}, {'gate_index': 49, 'gate': 'cx', 'old_q': 10, 'new_q': 11, 'batch': 1, 'trigger': 'cx_materialized_control', 'block': 0}, {'gate_index': 54, 'gate': 'cx', 'old_q': 11, 'new_q': 12, 'batch': 1, 'trigger': 'cx_materialized_control', 'block': 0}, {'gate_index': 59, 'gate': 'cx', 'old_q': 12, 'new_q': 13, 'batch': 1, 'trigger': 'cx_materialized_control', 'block': 0}, {'gate_index': 64, 'gate': 'cx', 'old_q': 13, 'new_q': 14, 'batch': 1, 'trigger': 'cx_materialized_control', 'block': 0}, {'gate_index': 69, 'gate': 'cx', 'old_q': 14, 'new_q': 15, 'batch': 1, 'trigger': 'cx_materialized_control', 'block': 0}, {'gate_index': 74, 'gate': 'cx', 'old_q': 15, 'new_q': 16, 'batch': 1, 'trigger': 'cx_materialized_control', 'block': 0}]",0,16,16,16,1048576,0.03546099702361971
qaoa_20,2,1,"[{'gate_index': 79, 'gate': 'cx', 'old_q': 16, 'new_q': 17, 'batch': 1, 'trigger': 'cx_materialized_control', 'block': 1}, {'gate_index': 84, 'gate': 'cx', 'old_q': 17, 'new_q': 18, 'batch': 1, 'trigger': 'cx_materialized_control', 'block': 1}, {'gate_index': 89, 'gate': 'cx', 'old_q': 18, 'new_q': 19, 'batch': 1, 'trigger': 'cx_materialized_control', 'block': 1}]",16,19,3,1048576,8388608,0.07383541198214516
qaoa_20,2,2,"[{'gate_index': 94, 'gate': 'cx', 'old_q': 19, 'new_q': 20, 'batch': 1, 'trigger': 'cx_materialized_control', 'block': 2}]",19,20,1,8388608,16777216,0.25694830500287935
qaoa_22,0,0,"[{'gate_index': 5, 'gate': 'cx', 'old_q': 0, 'new_q': 2, 'batch': 2, 'trigger': 'cx_product_control', 'block': 0}, {'gate_index': 9, 'gate': 'cx', 'old_q': 2, 'new_q': 3, 'batch': 1, 'trigger': 'cx_materialized_control', 'block': 0}, {'gate_index': 14, 'gate': 'cx', 'old_q': 3, 'new_q': 4, 'batch': 1, 'trigger': 'cx_materialized_control', 'block': 0}, {'gate_index': 19, 'gate': 'cx', 'old_q': 4, 'new_q': 5, 'batch': 1, 'trigger': 'cx_materialized_control', 'block': 0}, {'gate_index': 24, 'gate': 'cx', 'old_q': 5, 'new_q': 6, 'batch': 1, 'trigger': 'cx_materialized_control', 'block': 0}, {'gate_index': 29, 'gate': 'cx', 'old_q': 6, 'new_q': 7, 'batch': 1, 'trigger': 'cx_materialized_control', 'block': 0}, {'gate_index': 34, 'gate': 'cx', 'old_q': 7, 'new_q': 8, 'batch': 1, 'trigger': 'cx_materialized_control', 'block': 0}, {'gate_index': 39, 'gate': 'cx', 'old_q': 8, 'new_q': 9, 'batch': 1, 'trigger': 'cx_materialized_control', 'block': 0}, {'gate_index': 44, 'gate': 'cx', 'old_q': 9, 'new_q': 10, 'batch': 1, 'trigger': 'cx_materialized_control', 'block': 0}, {'gate_index': 49, 'gate': 'cx', 'old_q': 10, 'new_q': 11, 'batch': 1, 'trigger': 'cx_materialized_control', 'block': 0}, {'gate_index': 54, 'gate': 'cx', 'old_q': 11, 'new_q': 12, 'batch': 1, 'trigger': 'cx_materialized_control', 'block': 0}, {'gate_index': 59, 'gate': 'cx', 'old_q': 12, 'new_q': 13, 'batch': 1, 'trigger': 'cx_materialized_control', 'block': 0}, {'gate_index': 64, 'gate': 'cx', 'old_q': 13, 'new_q': 14, 'batch': 1, 'trigger': 'cx_materialized_control', 'block': 0}, {'gate_index': 69, 'gate': 'cx', 'old_q': 14, 'new_q': 15, 'batch': 1, 'trigger': 'cx_materialized_control', 'block': 0}, {'gate_index': 74, 'gate': 'cx', 'old_q': 15, 'new_q': 16, 'batch': 1, 'trigger': 'cx_materialized_control', 'block': 0}]",0,16,16,16,1048576,0.034552537981653586
qaoa_22,0,1,"[{'gate_index': 79, 'gate': 'cx', 'old_q': 16, 'new_q': 17, 'batch': 1, 'trigger': 'cx_materialized_control', 'block': 1}, {'gate_index': 84, 'gate': 'cx', 'old_q': 17, 'new_q': 18, 'batch': 1, 'trigger': 'cx_materialized_control', 'block': 1}, {'gate_index': 89, 'gate': 'cx', 'old_q': 18, 'new_q': 19, 'batch': 1, 'trigger': 'cx_materialized_control', 'block': 1}]",16,19,3,1048576,8388608,0.07450034897192381
qaoa_22,0,2,"[{'gate_index': 94, 'gate': 'cx', 'old_q': 19, 'new_q': 20, 'batch': 1, 'trigger': 'cx_materialized_control', 'block': 2}, {'gate_index': 99, 'gate': 'cx', 'old_q': 20, 'new_q': 21, 'batch': 1, 'trigger': 'cx_materialized_control', 'block': 2}, {'gate_index': 104, 'gate': 'cx', 'old_q': 21, 'new_q': 22, 'batch': 1, 'trigger': 'cx_materialized_control', 'block': 2}]",19,22,3,8388608,67108864,0.9445056869881228
qaoa_22,1,0,"[{'gate_index': 5, 'gate': 'cx', 'old_q': 0, 'new_q': 2, 'batch': 2, 'trigger': 'cx_product_control', 'block': 0}, {'gate_index': 9, 'gate': 'cx', 'old_q': 2, 'new_q': 3, 'batch': 1, 'trigger': 'cx_materialized_control', 'block': 0}, {'gate_index': 14, 'gate': 'cx', 'old_q': 3, 'new_q': 4, 'batch': 1, 'trigger': 'cx_materialized_control', 'block': 0}, {'gate_index': 19, 'gate': 'cx', 'old_q': 4, 'new_q': 5, 'batch': 1, 'trigger': 'cx_materialized_control', 'block': 0}, {'gate_index': 24, 'gate': 'cx', 'old_q': 5, 'new_q': 6, 'batch': 1, 'trigger': 'cx_materialized_control', 'block': 0}, {'gate_index': 29, 'gate': 'cx', 'old_q': 6, 'new_q': 7, 'batch': 1, 'trigger': 'cx_materialized_control', 'block': 0}, {'gate_index': 34, 'gate': 'cx', 'old_q': 7, 'new_q': 8, 'batch': 1, 'trigger': 'cx_materialized_control', 'block': 0}, {'gate_index': 39, 'gate': 'cx', 'old_q': 8, 'new_q': 9, 'batch': 1, 'trigger': 'cx_materialized_control', 'block': 0}, {'gate_index': 44, 'gate': 'cx', 'old_q': 9, 'new_q': 10, 'batch': 1, 'trigger': 'cx_materialized_control', 'block': 0}, {'gate_index': 49, 'gate': 'cx', 'old_q': 10, 'new_q': 11, 'batch': 1, 'trigger': 'cx_materialized_control', 'block': 0}, {'gate_index': 54, 'gate': 'cx', 'old_q': 11, 'new_q': 12, 'batch': 1, 'trigger': 'cx_materialized_control', 'block': 0}, {'gate_index': 59, 'gate': 'cx', 'old_q': 12, 'new_q': 13, 'batch': 1, 'trigger': 'cx_materialized_control', 'block': 0}, {'gate_index': 64, 'gate': 'cx', 'old_q': 13, 'new_q': 14, 'batch': 1, 'trigger': 'cx_materialized_control', 'block': 0}, {'gate_index': 69, 'gate': 'cx', 'old_q': 14, 'new_q': 15, 'batch': 1, 'trigger': 'cx_materialized_control', 'block': 0}, {'gate_index': 74, 'gate': 'cx', 'old_q': 15, 'new_q': 16, 'batch': 1, 'trigger': 'cx_materialized_control', 'block': 0}]",0,16,16,16,1048576,0.03444223100086674
qaoa_22,1,1,"[{'gate_index': 79, 'gate': 'cx', 'old_q': 16, 'new_q': 17, 'batch': 1, 'trigger': 'cx_materialized_control', 'block': 1}, {'gate_index': 84, 'gate': 'cx', 'old_q': 17, 'new_q': 18, 'batch': 1, 'trigger': 'cx_materialized_control', 'block': 1}, {'gate_index': 89, 'gate': 'cx', 'old_q': 18, 'new_q': 19, 'batch': 1, 'trigger': 'cx_materialized_control', 'block': 1}]",16,19,3,1048576,8388608,0.0699780400027521
qaoa_22,1,2,"[{'gate_index': 94, 'gate': 'cx', 'old_q': 19, 'new_q': 20, 'batch': 1, 'trigger': 'cx_materialized_control', 'block': 2}, {'gate_index': 99, 'gate': 'cx', 'old_q': 20, 'new_q': 21, 'batch': 1, 'trigger': 'cx_materialized_control', 'block': 2}, {'gate_index': 104, 'gate': 'cx', 'old_q': 21, 'new_q': 22, 'batch': 1, 'trigger': 'cx_materialized_control', 'block': 2}]",19,22,3,8388608,67108864,0.9495526189857628
qaoa_22,2,0,"[{'gate_index': 5, 'gate': 'cx', 'old_q': 0, 'new_q': 2, 'batch': 2, 'trigger': 'cx_product_control', 'block': 0}, {'gate_index': 9, 'gate': 'cx', 'old_q': 2, 'new_q': 3, 'batch': 1, 'trigger': 'cx_materialized_control', 'block': 0}, {'gate_index': 14, 'gate': 'cx', 'old_q': 3, 'new_q': 4, 'batch': 1, 'trigger': 'cx_materialized_control', 'block': 0}, {'gate_index': 19, 'gate': 'cx', 'old_q': 4, 'new_q': 5, 'batch': 1, 'trigger': 'cx_materialized_control', 'block': 0}, {'gate_index': 24, 'gate': 'cx', 'old_q': 5, 'new_q': 6, 'batch': 1, 'trigger': 'cx_materialized_control', 'block': 0}, {'gate_index': 29, 'gate': 'cx', 'old_q': 6, 'new_q': 7, 'batch': 1, 'trigger': 'cx_materialized_control', 'block': 0}, {'gate_index': 34, 'gate': 'cx', 'old_q': 7, 'new_q': 8, 'batch': 1, 'trigger': 'cx_materialized_control', 'block': 0}, {'gate_index': 39, 'gate': 'cx', 'old_q': 8, 'new_q': 9, 'batch': 1, 'trigger': 'cx_materialized_control', 'block': 0}, {'gate_index': 44, 'gate': 'cx', 'old_q': 9, 'new_q': 10, 'batch': 1, 'trigger': 'cx_materialized_control', 'block': 0}, {'gate_index': 49, 'gate': 'cx', 'old_q': 10, 'new_q': 11, 'batch': 1, 'trigger': 'cx_materialized_control', 'block': 0}, {'gate_index': 54, 'gate': 'cx', 'old_q': 11, 'new_q': 12, 'batch': 1, 'trigger': 'cx_materialized_control', 'block': 0}, {'gate_index': 59, 'gate': 'cx', 'old_q': 12, 'new_q': 13, 'batch': 1, 'trigger': 'cx_materialized_control', 'block': 0}, {'gate_index': 64, 'gate': 'cx', 'old_q': 13, 'new_q': 14, 'batch': 1, 'trigger': 'cx_materialized_control', 'block': 0}, {'gate_index': 69, 'gate': 'cx', 'old_q': 14, 'new_q': 15, 'batch': 1, 'trigger': 'cx_materialized_control', 'block': 0}, {'gate_index': 74, 'gate': 'cx', 'old_q': 15, 'new_q': 16, 'batch': 1, 'trigger': 'cx_materialized_control', 'block': 0}]",0,16,16,16,1048576,0.034469198988517746
qaoa_22,2,1,"[{'gate_index': 79, 'gate': 'cx', 'old_q': 16, 'new_q': 17, 'batch': 1, 'trigger': 'cx_materialized_control', 'block': 1}, {'gate_index': 84, 'gate': 'cx', 'old_q': 17, 'new_q': 18, 'batch': 1, 'trigger': 'cx_materialized_control', 'block': 1}, {'gate_index': 89, 'gate': 'cx', 'old_q': 18, 'new_q': 19, 'batch': 1, 'trigger': 'cx_materialized_control', 'block': 1}]",16,19,3,1048576,8388608,0.07062993198633194
qaoa_22,2,2,"[{'gate_index': 94, 'gate': 'cx', 'old_q': 19, 'new_q': 20, 'batch': 1, 'trigger': 'cx_materialized_control', 'block': 2}, {'gate_index': 99, 'gate': 'cx', 'old_q': 20, 'new_q': 21, 'batch': 1, 'trigger': 'cx_materialized_control', 'block': 2}, {'gate_index': 104, 'gate': 'cx', 'old_q': 21, 'new_q': 22, 'batch': 1, 'trigger': 'cx_materialized_control', 'block': 2}]",19,22,3,8388608,67108864,0.9631990100024268
qaoa_24,0,0,"[{'gate_index': 5, 'gate': 'cx', 'old_q': 0, 'new_q': 2, 'batch': 2, 'trigger': 'cx_product_control', 'block': 0}, {'gate_index': 9, 'gate': 'cx', 'old_q': 2, 'new_q': 3, 'batch': 1, 'trigger': 'cx_materialized_control', 'block': 0}, {'gate_index': 14, 'gate': 'cx', 'old_q': 3, 'new_q': 4, 'batch': 1, 'trigger': 'cx_materialized_control', 'block': 0}, {'gate_index': 19, 'gate': 'cx', 'old_q': 4, 'new_q': 5, 'batch': 1, 'trigger': 'cx_materialized_control', 'block': 0}, {'gate_index': 24, 'gate': 'cx', 'old_q': 5, 'new_q': 6, 'batch': 1, 'trigger': 'cx_materialized_control', 'block': 0}, {'gate_index': 29, 'gate': 'cx', 'old_q': 6, 'new_q': 7, 'batch': 1, 'trigger': 'cx_materialized_control', 'block': 0}, {'gate_index': 34, 'gate': 'cx', 'old_q': 7, 'new_q': 8, 'batch': 1, 'trigger': 'cx_materialized_control', 'block': 0}, {'gate_index': 39, 'gate': 'cx', 'old_q': 8, 'new_q': 9, 'batch': 1, 'trigger': 'cx_materialized_control', 'block': 0}, {'gate_index': 44, 'gate': 'cx', 'old_q': 9, 'new_q': 10, 'batch': 1, 'trigger': 'cx_materialized_control', 'block': 0}, {'gate_index': 49, 'gate': 'cx', 'old_q': 10, 'new_q': 11, 'batch': 1, 'trigger': 'cx_materialized_control', 'block': 0}, {'gate_index': 54, 'gate': 'cx', 'old_q': 11, 'new_q': 12, 'batch': 1, 'trigger': 'cx_materialized_control', 'block': 0}, {'gate_index': 59, 'gate': 'cx', 'old_q': 12, 'new_q': 13, 'batch': 1, 'trigger': 'cx_materialized_control', 'block': 0}, {'gate_index': 64, 'gate': 'cx', 'old_q': 13, 'new_q': 14, 'batch': 1, 'trigger': 'cx_materialized_control', 'block': 0}, {'gate_index': 69, 'gate': 'cx', 'old_q': 14, 'new_q': 15, 'batch': 1, 'trigger': 'cx_materialized_control', 'block': 0}, {'gate_index': 74, 'gate': 'cx', 'old_q': 15, 'new_q': 16, 'batch': 1, 'trigger': 'cx_materialized_control', 'block': 0}]",0,16,16,16,1048576,0.03529351999168284
qaoa_24,0,1,"[{'gate_index': 79, 'gate': 'cx', 'old_q': 16, 'new_q': 17, 'batch': 1, 'trigger': 'cx_materialized_control', 'block': 1}, {'gate_index': 84, 'gate': 'cx', 'old_q': 17, 'new_q': 18, 'batch': 1, 'trigger': 'cx_materialized_control', 'block': 1}, {'gate_index': 89, 'gate': 'cx', 'old_q': 18, 'new_q': 19, 'batch': 1, 'trigger': 'cx_materialized_control', 'block': 1}]",16,19,3,1048576,8388608,0.07369214200298302
qaoa_24,0,2,"[{'gate_index': 94, 'gate': 'cx', 'old_q': 19, 'new_q': 20, 'batch': 1, 'trigger': 'cx_materialized_control', 'block': 2}, {'gate_index': 99, 'gate': 'cx', 'old_q': 20, 'new_q': 21, 'batch': 1, 'trigger': 'cx_materialized_control', 'block': 2}, {'gate_index': 104, 'gate': 'cx', 'old_q': 21, 'new_q': 22, 'batch': 1, 'trigger': 'cx_materialized_control', 'block': 2}]",19,22,3,8388608,67108864,0.5378288369975053
qaoa_24,0,3,"[{'gate_index': 109, 'gate': 'cx', 'old_q': 22, 'new_q': 23, 'batch': 1, 'trigger': 'cx_materialized_control', 'block': 3}, {'gate_index': 114, 'gate': 'cx', 'old_q': 23, 'new_q': 24, 'batch': 1, 'trigger': 'cx_materialized_control', 'block': 3}]",22,24,2,67108864,268435456,4.076040148996981
qaoa_24,1,0,"[{'gate_index': 5, 'gate': 'cx', 'old_q': 0, 'new_q': 2, 'batch': 2, 'trigger': 'cx_product_control', 'block': 0}, {'gate_index': 9, 'gate': 'cx', 'old_q': 2, 'new_q': 3, 'batch': 1, 'trigger': 'cx_materialized_control', 'block': 0}, {'gate_index': 14, 'gate': 'cx', 'old_q': 3, 'new_q': 4, 'batch': 1, 'trigger': 'cx_materialized_control', 'block': 0}, {'gate_index': 19, 'gate': 'cx', 'old_q': 4, 'new_q': 5, 'batch': 1, 'trigger': 'cx_materialized_control', 'block': 0}, {'gate_index': 24, 'gate': 'cx', 'old_q': 5, 'new_q': 6, 'batch': 1, 'trigger': 'cx_materialized_control', 'block': 0}, {'gate_index': 29, 'gate': 'cx', 'old_q': 6, 'new_q': 7, 'batch': 1, 'trigger': 'cx_materialized_control', 'block': 0}, {'gate_index': 34, 'gate': 'cx', 'old_q': 7, 'new_q': 8, 'batch': 1, 'trigger': 'cx_materialized_control', 'block': 0}, {'gate_index': 39, 'gate': 'cx', 'old_q': 8, 'new_q': 9, 'batch': 1, 'trigger': 'cx_materialized_control', 'block': 0}, {'gate_index': 44, 'gate': 'cx', 'old_q': 9, 'new_q': 10, 'batch': 1, 'trigger': 'cx_materialized_control', 'block': 0}, {'gate_index': 49, 'gate': 'cx', 'old_q': 10, 'new_q': 11, 'batch': 1, 'trigger': 'cx_materialized_control', 'block': 0}, {'gate_index': 54, 'gate': 'cx', 'old_q': 11, 'new_q': 12, 'batch': 1, 'trigger': 'cx_materialized_control', 'block': 0}, {'gate_index': 59, 'gate': 'cx', 'old_q': 12, 'new_q': 13, 'batch': 1, 'trigger': 'cx_materialized_control', 'block': 0}, {'gate_index': 64, 'gate': 'cx', 'old_q': 13, 'new_q': 14, 'batch': 1, 'trigger': 'cx_materialized_control', 'block': 0}, {'gate_index': 69, 'gate': 'cx', 'old_q': 14, 'new_q': 15, 'batch': 1, 'trigger': 'cx_materialized_control', 'block': 0}, {'gate_index': 74, 'gate': 'cx', 'old_q': 15, 'new_q': 16, 'batch': 1, 'trigger': 'cx_materialized_control', 'block': 0}]",0,16,16,16,1048576,0.034627891989657655
qaoa_24,1,1,"[{'gate_index': 79, 'gate': 'cx', 'old_q': 16, 'new_q': 17, 'batch': 1, 'trigger': 'cx_materialized_control', 'block': 1}, {'gate_index': 84, 'gate': 'cx', 'old_q': 17, 'new_q': 18, 'batch': 1, 'trigger': 'cx_materialized_control', 'block': 1}, {'gate_index': 89, 'gate': 'cx', 'old_q': 18, 'new_q': 19, 'batch': 1, 'trigger': 'cx_materialized_control', 'block': 1}]",16,19,3,1048576,8388608,0.07318401298834942
qaoa_24,1,2,"[{'gate_index': 94, 'gate': 'cx', 'old_q': 19, 'new_q': 20, 'batch': 1, 'trigger': 'cx_materialized_control', 'block': 2}, {'gate_index': 99, 'gate': 'cx', 'old_q': 20, 'new_q': 21, 'batch': 1, 'trigger': 'cx_materialized_control', 'block': 2}, {'gate_index': 104, 'gate': 'cx', 'old_q': 21, 'new_q': 22, 'batch': 1, 'trigger': 'cx_materialized_control', 'block': 2}]",19,22,3,8388608,67108864,0.5327890659973491
qaoa_24,1,3,"[{'gate_index': 109, 'gate': 'cx', 'old_q': 22, 'new_q': 23, 'batch': 1, 'trigger': 'cx_materialized_control', 'block': 3}, {'gate_index': 114, 'gate': 'cx', 'old_q': 23, 'new_q': 24, 'batch': 1, 'trigger': 'cx_materialized_control', 'block': 3}]",22,24,2,67108864,268435456,4.048944023990771
qaoa_24,2,0,"[{'gate_index': 5, 'gate': 'cx', 'old_q': 0, 'new_q': 2, 'batch': 2, 'trigger': 'cx_product_control', 'block': 0}, {'gate_index': 9, 'gate': 'cx', 'old_q': 2, 'new_q': 3, 'batch': 1, 'trigger': 'cx_materialized_control', 'block': 0}, {'gate_index': 14, 'gate': 'cx', 'old_q': 3, 'new_q': 4, 'batch': 1, 'trigger': 'cx_materialized_control', 'block': 0}, {'gate_index': 19, 'gate': 'cx', 'old_q': 4, 'new_q': 5, 'batch': 1, 'trigger': 'cx_materialized_control', 'block': 0}, {'gate_index': 24, 'gate': 'cx', 'old_q': 5, 'new_q': 6, 'batch': 1, 'trigger': 'cx_materialized_control', 'block': 0}, {'gate_index': 29, 'gate': 'cx', 'old_q': 6, 'new_q': 7, 'batch': 1, 'trigger': 'cx_materialized_control', 'block': 0}, {'gate_index': 34, 'gate': 'cx', 'old_q': 7, 'new_q': 8, 'batch': 1, 'trigger': 'cx_materialized_control', 'block': 0}, {'gate_index': 39, 'gate': 'cx', 'old_q': 8, 'new_q': 9, 'batch': 1, 'trigger': 'cx_materialized_control', 'block': 0}, {'gate_index': 44, 'gate': 'cx', 'old_q': 9, 'new_q': 10, 'batch': 1, 'trigger': 'cx_materialized_control', 'block': 0}, {'gate_index': 49, 'gate': 'cx', 'old_q': 10, 'new_q': 11, 'batch': 1, 'trigger': 'cx_materialized_control', 'block': 0}, {'gate_index': 54, 'gate': 'cx', 'old_q': 11, 'new_q': 12, 'batch': 1, 'trigger': 'cx_materialized_control', 'block': 0}, {'gate_index': 59, 'gate': 'cx', 'old_q': 12, 'new_q': 13, 'batch': 1, 'trigger': 'cx_materialized_control', 'block': 0}, {'gate_index': 64, 'gate': 'cx', 'old_q': 13, 'new_q': 14, 'batch': 1, 'trigger': 'cx_materialized_control', 'block': 0}, {'gate_index': 69, 'gate': 'cx', 'old_q': 14, 'new_q': 15, 'batch': 1, 'trigger': 'cx_materialized_control', 'block': 0}, {'gate_index': 74, 'gate': 'cx', 'old_q': 15, 'new_q': 16, 'batch': 1, 'trigger': 'cx_materialized_control', 'block': 0}]",0,16,16,16,1048576,0.034893676987849176
qaoa_24,2,1,"[{'gate_index': 79, 'gate': 'cx', 'old_q': 16, 'new_q': 17, 'batch': 1, 'trigger': 'cx_materialized_control', 'block': 1}, {'gate_index': 84, 'gate': 'cx', 'old_q': 17, 'new_q': 18, 'batch': 1, 'trigger': 'cx_materialized_control', 'block': 1}, {'gate_index': 89, 'gate': 'cx', 'old_q': 18, 'new_q': 19, 'batch': 1, 'trigger': 'cx_materialized_control', 'block': 1}]",16,19,3,1048576,8388608,0.07244621202698909
qaoa_24,2,2,"[{'gate_index': 94, 'gate': 'cx', 'old_q': 19, 'new_q': 20, 'batch': 1, 'trigger': 'cx_materialized_control', 'block': 2}, {'gate_index': 99, 'gate': 'cx', 'old_q': 20, 'new_q': 21, 'batch': 1, 'trigger': 'cx_materialized_control', 'block': 2}, {'gate_index': 104, 'gate': 'cx', 'old_q': 21, 'new_q': 22, 'batch': 1, 'trigger': 'cx_materialized_control', 'block': 2}]",19,22,3,8388608,67108864,0.5374512099951971
qaoa_24,2,3,"[{'gate_index': 109, 'gate': 'cx', 'old_q': 22, 'new_q': 23, 'batch': 1, 'trigger': 'cx_materialized_control', 'block': 3}, {'gate_index': 114, 'gate': 'cx', 'old_q': 23, 'new_q': 24, 'batch': 1, 'trigger': 'cx_materialized_control', 'block': 3}]",22,24,2,67108864,268435456,4.040722072997596
qft_20,0,0,"[{'gate_index': 3, 'gate': 'cx', 'old_q': 0, 'new_q': 2, 'batch': 2, 'trigger': 'cx_product_control', 'block': 0}, {'gate_index': 10, 'gate': 'cx', 'old_q': 2, 'new_q': 3, 'batch': 1, 'trigger': 'cx_materialized_control', 'block': 0}, {'gate_index': 22, 'gate': 'cx', 'old_q': 3, 'new_q': 4, 'batch': 1, 'trigger': 'cx_materialized_control', 'block': 0}]",0,4,4,16,256,0.009994690015446395
qft_20,0,1,"[{'gate_index': 39, 'gate': 'cx', 'old_q': 4, 'new_q': 5, 'batch': 1, 'trigger': 'cx_materialized_control', 'block': 1}]",4,5,1,256,512,0.006351026997435838
qft_20,0,3,"[{'gate_index': 61, 'gate': 'cx', 'old_q': 5, 'new_q': 6, 'batch': 1, 'trigger': 'cx_materialized_control', 'block': 3}]",5,6,1,512,1024,0.008070025010965765
qft_20,0,5,"[{'gate_index': 88, 'gate': 'cx', 'old_q': 6, 'new_q': 7, 'batch': 1, 'trigger': 'cx_materialized_control', 'block': 5}]",6,7,1,1024,2048,0.01352800999302417
qft_20,0,7,"[{'gate_index': 120, 'gate': 'cx', 'old_q': 7, 'new_q': 8, 'batch': 1, 'trigger': 'cx_materialized_control', 'block': 7}]",7,8,1,2048,4096,0.024681296985363588
qft_20,0,10,"[{'gate_index': 157, 'gate': 'cx', 'old_q': 8, 'new_q': 9, 'batch': 1, 'trigger': 'cx_materialized_control', 'block': 10}]",8,9,1,4096,8192,0.034328822017414495
qft_20,0,12,"[{'gate_index': 199, 'gate': 'cx', 'old_q': 9, 'new_q': 10, 'batch': 1, 'trigger': 'cx_materialized_control', 'block': 12}]",9,10,1,8192,16384,0.03481221399852075
qft_20,0,14,"[{'gate_index': 246, 'gate': 'cx', 'old_q': 10, 'new_q': 11, 'batch': 1, 'trigger': 'cx_materialized_control', 'block': 14}]",10,11,1,16384,32768,0.0335999270027969
qft_20,0,16,"[{'gate_index': 298, 'gate': 'cx', 'old_q': 11, 'new_q': 12, 'batch': 1, 'trigger': 'cx_materialized_control', 'block': 16}]",11,12,1,32768,65536,0.033261104981647804
qft_20,0,18,"[{'gate_index': 355, 'gate': 'cx', 'old_q': 12, 'new_q': 13, 'batch': 1, 'trigger': 'cx_materialized_control', 'block': 18}]",12,13,1,65536,131072,0.036380030011059716
qft_20,0,20,"[{'gate_index': 417, 'gate': 'cx', 'old_q': 13, 'new_q': 14, 'batch': 1, 'trigger': 'cx_materialized_control', 'block': 20}]",13,14,1,131072,262144,0.034924607985885814
qft_20,0,22,"[{'gate_index': 484, 'gate': 'cx', 'old_q': 14, 'new_q': 15, 'batch': 1, 'trigger': 'cx_materialized_control', 'block': 22}]",14,15,1,262144,524288,0.03554814701783471
qft_20,0,24,"[{'gate_index': 556, 'gate': 'cx', 'old_q': 15, 'new_q': 16, 'batch': 1, 'trigger': 'cx_materialized_control', 'block': 24}]",15,16,1,524288,1048576,0.03885818997514434
qft_20,0,26,"[{'gate_index': 633, 'gate': 'cx', 'old_q': 16, 'new_q': 17, 'batch': 1, 'trigger': 'cx_materialized_control', 'block': 26}]",16,17,1,1048576,2097152,0.05026607098989189
qft_20,0,28,"[{'gate_index': 715, 'gate': 'cx', 'old_q': 17, 'new_q': 18, 'batch': 1, 'trigger': 'cx_materialized_control', 'block': 28}]",17,18,1,2097152,4194304,0.06577583399484865
qft_20,0,30,"[{'gate_index': 802, 'gate': 'cx', 'old_q': 18, 'new_q': 19, 'batch': 1, 'trigger': 'cx_materialized_control', 'block': 30}]",18,19,1,4194304,8388608,0.09915033899596892
qft_20,0,32,"[{'gate_index': 894, 'gate': 'cx', 'old_q': 19, 'new_q': 20, 'batch': 1, 'trigger': 'cx_materialized_control', 'block': 32}]",19,20,1,8388608,16777216,0.17195101801189594
qft_20,1,0,"[{'gate_index': 3, 'gate': 'cx', 'old_q': 0, 'new_q': 2, 'batch': 2, 'trigger': 'cx_product_control', 'block': 0}, {'gate_index': 10, 'gate': 'cx', 'old_q': 2, 'new_q': 3, 'batch': 1, 'trigger': 'cx_materialized_control', 'block': 0}, {'gate_index': 22, 'gate': 'cx', 'old_q': 3, 'new_q': 4, 'batch': 1, 'trigger': 'cx_materialized_control', 'block': 0}]",0,4,4,16,256,0.010044417023891583
qft_20,1,1,"[{'gate_index': 39, 'gate': 'cx', 'old_q': 4, 'new_q': 5, 'batch': 1, 'trigger': 'cx_materialized_control', 'block': 1}]",4,5,1,256,512,0.006833780003944412
qft_20,1,3,"[{'gate_index': 61, 'gate': 'cx', 'old_q': 5, 'new_q': 6, 'batch': 1, 'trigger': 'cx_materialized_control', 'block': 3}]",5,6,1,512,1024,0.009562040999298915
qft_20,1,5,"[{'gate_index': 88, 'gate': 'cx', 'old_q': 6, 'new_q': 7, 'batch': 1, 'trigger': 'cx_materialized_control', 'block': 5}]",6,7,1,1024,2048,0.014828957006102428
qft_20,1,7,"[{'gate_index': 120, 'gate': 'cx', 'old_q': 7, 'new_q': 8, 'batch': 1, 'trigger': 'cx_materialized_control', 'block': 7}]",7,8,1,2048,4096,0.025890390999848023
qft_20,1,10,"[{'gate_index': 157, 'gate': 'cx', 'old_q': 8, 'new_q': 9, 'batch': 1, 'trigger': 'cx_materialized_control', 'block': 10}]",8,9,1,4096,8192,0.03509333499823697
qft_20,1,12,"[{'gate_index': 199, 'gate': 'cx', 'old_q': 9, 'new_q': 10, 'batch': 1, 'trigger': 'cx_materialized_control', 'block': 12}]",9,10,1,8192,16384,0.03169767398503609
qft_20,1,14,"[{'gate_index': 246, 'gate': 'cx', 'old_q': 10, 'new_q': 11, 'batch': 1, 'trigger': 'cx_materialized_control', 'block': 14}]",10,11,1,16384,32768,0.03292399298516102
qft_20,1,16,"[{'gate_index': 298, 'gate': 'cx', 'old_q': 11, 'new_q': 12, 'batch': 1, 'trigger': 'cx_materialized_control', 'block': 16}]",11,12,1,32768,65536,0.033851483021862805
qft_20,1,18,"[{'gate_index': 355, 'gate': 'cx', 'old_q': 12, 'new_q': 13, 'batch': 1, 'trigger': 'cx_materialized_control', 'block': 18}]",12,13,1,65536,131072,0.03213018798851408
qft_20,1,20,"[{'gate_index': 417, 'gate': 'cx', 'old_q': 13, 'new_q': 14, 'batch': 1, 'trigger': 'cx_materialized_control', 'block': 20}]",13,14,1,131072,262144,0.03479383798548952
qft_20,1,22,"[{'gate_index': 484, 'gate': 'cx', 'old_q': 14, 'new_q': 15, 'batch': 1, 'trigger': 'cx_materialized_control', 'block': 22}]",14,15,1,262144,524288,0.03655258900835179
qft_20,1,24,"[{'gate_index': 556, 'gate': 'cx', 'old_q': 15, 'new_q': 16, 'batch': 1, 'trigger': 'cx_materialized_control', 'block': 24}]",15,16,1,524288,1048576,0.04024533700430766
qft_20,1,26,"[{'gate_index': 633, 'gate': 'cx', 'old_q': 16, 'new_q': 17, 'batch': 1, 'trigger': 'cx_materialized_control', 'block': 26}]",16,17,1,1048576,2097152,0.048141034989384934
qft_20,1,28,"[{'gate_index': 715, 'gate': 'cx', 'old_q': 17, 'new_q': 18, 'batch': 1, 'trigger': 'cx_materialized_control', 'block': 28}]",17,18,1,2097152,4194304,0.06896044398308732
qft_20,1,30,"[{'gate_index': 802, 'gate': 'cx', 'old_q': 18, 'new_q': 19, 'batch': 1, 'trigger': 'cx_materialized_control', 'block': 30}]",18,19,1,4194304,8388608,0.09918669701437466
qft_20,1,32,"[{'gate_index': 894, 'gate': 'cx', 'old_q': 19, 'new_q': 20, 'batch': 1, 'trigger': 'cx_materialized_control', 'block': 32}]",19,20,1,8388608,16777216,0.16784407600061968
qft_20,2,0,"[{'gate_index': 3, 'gate': 'cx', 'old_q': 0, 'new_q': 2, 'batch': 2, 'trigger': 'cx_product_control', 'block': 0}, {'gate_index': 10, 'gate': 'cx', 'old_q': 2, 'new_q': 3, 'batch': 1, 'trigger': 'cx_materialized_control', 'block': 0}, {'gate_index': 22, 'gate': 'cx', 'old_q': 3, 'new_q': 4, 'batch': 1, 'trigger': 'cx_materialized_control', 'block': 0}]",0,4,4,16,256,0.010043638001661748
qft_20,2,1,"[{'gate_index': 39, 'gate': 'cx', 'old_q': 4, 'new_q': 5, 'batch': 1, 'trigger': 'cx_materialized_control', 'block': 1}]",4,5,1,256,512,0.005394089996116236
qft_20,2,3,"[{'gate_index': 61, 'gate': 'cx', 'old_q': 5, 'new_q': 6, 'batch': 1, 'trigger': 'cx_materialized_control', 'block': 3}]",5,6,1,512,1024,0.008033564023207873
qft_20,2,5,"[{'gate_index': 88, 'gate': 'cx', 'old_q': 6, 'new_q': 7, 'batch': 1, 'trigger': 'cx_materialized_control', 'block': 5}]",6,7,1,1024,2048,0.014457432989729568
qft_20,2,7,"[{'gate_index': 120, 'gate': 'cx', 'old_q': 7, 'new_q': 8, 'batch': 1, 'trigger': 'cx_materialized_control', 'block': 7}]",7,8,1,2048,4096,0.02454589499393478
qft_20,2,10,"[{'gate_index': 157, 'gate': 'cx', 'old_q': 8, 'new_q': 9, 'batch': 1, 'trigger': 'cx_materialized_control', 'block': 10}]",8,9,1,4096,8192,0.03107277801609598
qft_20,2,12,"[{'gate_index': 199, 'gate': 'cx', 'old_q': 9, 'new_q': 10, 'batch': 1, 'trigger': 'cx_materialized_control', 'block': 12}]",9,10,1,8192,16384,0.030307887005619705
qft_20,2,14,"[{'gate_index': 246, 'gate': 'cx', 'old_q': 10, 'new_q': 11, 'batch': 1, 'trigger': 'cx_materialized_control', 'block': 14}]",10,11,1,16384,32768,0.03324215702014044
qft_20,2,16,"[{'gate_index': 298, 'gate': 'cx', 'old_q': 11, 'new_q': 12, 'batch': 1, 'trigger': 'cx_materialized_control', 'block': 16}]",11,12,1,32768,65536,0.032418337010312825
qft_20,2,18,"[{'gate_index': 355, 'gate': 'cx', 'old_q': 12, 'new_q': 13, 'batch': 1, 'trigger': 'cx_materialized_control', 'block': 18}]",12,13,1,65536,131072,0.03185706501244567
qft_20,2,20,"[{'gate_index': 417, 'gate': 'cx', 'old_q': 13, 'new_q': 14, 'batch': 1, 'trigger': 'cx_materialized_control', 'block': 20}]",13,14,1,131072,262144,0.03218617901438847
qft_20,2,22,"[{'gate_index': 484, 'gate': 'cx', 'old_q': 14, 'new_q': 15, 'batch': 1, 'trigger': 'cx_materialized_control', 'block': 22}]",14,15,1,262144,524288,0.036165898985927925
qft_20,2,24,"[{'gate_index': 556, 'gate': 'cx', 'old_q': 15, 'new_q': 16, 'batch': 1, 'trigger': 'cx_materialized_control', 'block': 24}]",15,16,1,524288,1048576,0.04094709100900218
qft_20,2,26,"[{'gate_index': 633, 'gate': 'cx', 'old_q': 16, 'new_q': 17, 'batch': 1, 'trigger': 'cx_materialized_control', 'block': 26}]",16,17,1,1048576,2097152,0.04895624300115742
qft_20,2,28,"[{'gate_index': 715, 'gate': 'cx', 'old_q': 17, 'new_q': 18, 'batch': 1, 'trigger': 'cx_materialized_control', 'block': 28}]",17,18,1,2097152,4194304,0.06521871199947782
qft_20,2,30,"[{'gate_index': 802, 'gate': 'cx', 'old_q': 18, 'new_q': 19, 'batch': 1, 'trigger': 'cx_materialized_control', 'block': 30}]",18,19,1,4194304,8388608,0.10007995000341907
qft_20,2,32,"[{'gate_index': 894, 'gate': 'cx', 'old_q': 19, 'new_q': 20, 'batch': 1, 'trigger': 'cx_materialized_control', 'block': 32}]",19,20,1,8388608,16777216,0.16593567602103576
qft_22,0,0,"[{'gate_index': 3, 'gate': 'cx', 'old_q': 0, 'new_q': 2, 'batch': 2, 'trigger': 'cx_product_control', 'block': 0}, {'gate_index': 10, 'gate': 'cx', 'old_q': 2, 'new_q': 3, 'batch': 1, 'trigger': 'cx_materialized_control', 'block': 0}, {'gate_index': 22, 'gate': 'cx', 'old_q': 3, 'new_q': 4, 'batch': 1, 'trigger': 'cx_materialized_control', 'block': 0}]",0,4,4,16,256,0.009797660022741184
qft_22,0,1,"[{'gate_index': 39, 'gate': 'cx', 'old_q': 4, 'new_q': 5, 'batch': 1, 'trigger': 'cx_materialized_control', 'block': 1}]",4,5,1,256,512,0.006796786008635536
qft_22,0,3,"[{'gate_index': 61, 'gate': 'cx', 'old_q': 5, 'new_q': 6, 'batch': 1, 'trigger': 'cx_materialized_control', 'block': 3}]",5,6,1,512,1024,0.009464870992815122
qft_22,0,5,"[{'gate_index': 88, 'gate': 'cx', 'old_q': 6, 'new_q': 7, 'batch': 1, 'trigger': 'cx_materialized_control', 'block': 5}]",6,7,1,1024,2048,0.015808105992618948
qft_22,0,7,"[{'gate_index': 120, 'gate': 'cx', 'old_q': 7, 'new_q': 8, 'batch': 1, 'trigger': 'cx_materialized_control', 'block': 7}]",7,8,1,2048,4096,0.026855556992813945
qft_22,0,11,"[{'gate_index': 157, 'gate': 'cx', 'old_q': 8, 'new_q': 9, 'batch': 1, 'trigger': 'cx_materialized_control', 'block': 11}]",8,9,1,4096,8192,0.04793925301055424
qft_22,0,15,"[{'gate_index': 199, 'gate': 'cx', 'old_q': 9, 'new_q': 10, 'batch': 1, 'trigger': 'cx_materialized_control', 'block': 15}]",9,10,1,8192,16384,0.09568146901438013
qft_22,0,19,"[{'gate_index': 246, 'gate': 'cx', 'old_q': 10, 'new_q': 11, 'batch': 1, 'trigger': 'cx_materialized_control', 'block': 19}]",10,11,1,16384,32768,0.12730529299005866
qft_22,0,23,"[{'gate_index': 298, 'gate': 'cx', 'old_q': 11, 'new_q': 12, 'batch': 1, 'trigger': 'cx_materialized_control', 'block': 23}]",11,12,1,32768,65536,0.12146629797643982
qft_22,0,27,"[{'gate_index': 355, 'gate': 'cx', 'old_q': 12, 'new_q': 13, 'batch': 1, 'trigger': 'cx_materialized_control', 'block': 27}]",12,13,1,65536,131072,0.12017192100756802
qft_22,0,31,"[{'gate_index': 417, 'gate': 'cx', 'old_q': 13, 'new_q': 14, 'batch': 1, 'trigger': 'cx_materialized_control', 'block': 31}]",13,14,1,131072,262144,0.11745235699345358
qft_22,0,35,"[{'gate_index': 484, 'gate': 'cx', 'old_q': 14, 'new_q': 15, 'batch': 1, 'trigger': 'cx_materialized_control', 'block': 35}]",14,15,1,262144,524288,0.12733303199638613
qft_22,0,39,"[{'gate_index': 556, 'gate': 'cx', 'old_q': 15, 'new_q': 16, 'batch': 1, 'trigger': 'cx_materialized_control', 'block': 39}]",15,16,1,524288,1048576,0.12883968398091383
qft_22,0,43,"[{'gate_index': 633, 'gate': 'cx', 'old_q': 16, 'new_q': 17, 'batch': 1, 'trigger': 'cx_materialized_control', 'block': 43}]",16,17,1,1048576,2097152,0.14133979901089333
qft_22,0,47,"[{'gate_index': 715, 'gate': 'cx', 'old_q': 17, 'new_q': 18, 'batch': 1, 'trigger': 'cx_materialized_control', 'block': 47}]",17,18,1,2097152,4194304,0.16136249399278313
qft_22,0,51,"[{'gate_index': 802, 'gate': 'cx', 'old_q': 18, 'new_q': 19, 'batch': 1, 'trigger': 'cx_materialized_control', 'block': 51}]",18,19,1,4194304,8388608,0.19029601599322632
qft_22,0,55,"[{'gate_index': 894, 'gate': 'cx', 'old_q': 19, 'new_q': 20, 'batch': 1, 'trigger': 'cx_materialized_control', 'block': 55}]",19,20,1,8388608,16777216,0.2669011190009769
qft_22,0,59,"[{'gate_index': 991, 'gate': 'cx', 'old_q': 20, 'new_q': 21, 'batch': 1, 'trigger': 'cx_materialized_control', 'block': 59}]",20,21,1,16777216,33554432,0.39826711200294085
qft_22,0,63,"[{'gate_index': 1093, 'gate': 'cx', 'old_q': 21, 'new_q': 22, 'batch': 1, 'trigger': 'cx_materialized_control', 'block': 63}]",21,22,1,33554432,67108864,0.6699414059985429
qft_22,1,0,"[{'gate_index': 3, 'gate': 'cx', 'old_q': 0, 'new_q': 2, 'batch': 2, 'trigger': 'cx_product_control', 'block': 0}, {'gate_index': 10, 'gate': 'cx', 'old_q': 2, 'new_q': 3, 'batch': 1, 'trigger': 'cx_materialized_control', 'block': 0}, {'gate_index': 22, 'gate': 'cx', 'old_q': 3, 'new_q': 4, 'batch': 1, 'trigger': 'cx_materialized_control', 'block': 0}]",0,4,4,16,256,0.009468215983361006
qft_22,1,1,"[{'gate_index': 39, 'gate': 'cx', 'old_q': 4, 'new_q': 5, 'batch': 1, 'trigger': 'cx_materialized_control', 'block': 1}]",4,5,1,256,512,0.006471936998423189
qft_22,1,3,"[{'gate_index': 61, 'gate': 'cx', 'old_q': 5, 'new_q': 6, 'batch': 1, 'trigger': 'cx_materialized_control', 'block': 3}]",5,6,1,512,1024,0.009527659974992275
qft_22,1,5,"[{'gate_index': 88, 'gate': 'cx', 'old_q': 6, 'new_q': 7, 'batch': 1, 'trigger': 'cx_materialized_control', 'block': 5}]",6,7,1,1024,2048,0.013469013007124886
qft_22,1,7,"[{'gate_index': 120, 'gate': 'cx', 'old_q': 7, 'new_q': 8, 'batch': 1, 'trigger': 'cx_materialized_control', 'block': 7}]",7,8,1,2048,4096,0.023560026980703697
qft_22,1,11,"[{'gate_index': 157, 'gate': 'cx', 'old_q': 8, 'new_q': 9, 'batch': 1, 'trigger': 'cx_materialized_control', 'block': 11}]",8,9,1,4096,8192,0.04657891098759137
qft_22,1,15,"[{'gate_index': 199, 'gate': 'cx', 'old_q': 9, 'new_q': 10, 'batch': 1, 'trigger': 'cx_materialized_control', 'block': 15}]",9,10,1,8192,16384,0.0886399180162698
qft_22,1,19,"[{'gate_index': 246, 'gate': 'cx', 'old_q': 10, 'new_q': 11, 'batch': 1, 'trigger': 'cx_materialized_control', 'block': 19}]",10,11,1,16384,32768,0.11626483401050791
qft_22,1,23,"[{'gate_index': 298, 'gate': 'cx', 'old_q': 11, 'new_q': 12, 'batch': 1, 'trigger': 'cx_materialized_control', 'block': 23}]",11,12,1,32768,65536,0.11397803999716416
qft_22,1,27,"[{'gate_index': 355, 'gate': 'cx', 'old_q': 12, 'new_q': 13, 'batch': 1, 'trigger': 'cx_materialized_control', 'block': 27}]",12,13,1,65536,131072,0.11611894000088796
qft_22,1,31,"[{'gate_index': 417, 'gate': 'cx', 'old_q': 13, 'new_q': 14, 'batch': 1, 'trigger': 'cx_materialized_control', 'block': 31}]",13,14,1,131072,262144,0.12073770700953901
qft_22,1,35,"[{'gate_index': 484, 'gate': 'cx', 'old_q': 14, 'new_q': 15, 'batch': 1, 'trigger': 'cx_materialized_control', 'block': 35}]",14,15,1,262144,524288,0.11680334599805064
qft_22,1,39,"[{'gate_index': 556, 'gate': 'cx', 'old_q': 15, 'new_q': 16, 'batch': 1, 'trigger': 'cx_materialized_control', 'block': 39}]",15,16,1,524288,1048576,0.12341992600704543
qft_22,1,43,"[{'gate_index': 633, 'gate': 'cx', 'old_q': 16, 'new_q': 17, 'batch': 1, 'trigger': 'cx_materialized_control', 'block': 43}]",16,17,1,1048576,2097152,0.13090221598395146
qft_22,1,47,"[{'gate_index': 715, 'gate': 'cx', 'old_q': 17, 'new_q': 18, 'batch': 1, 'trigger': 'cx_materialized_control', 'block': 47}]",17,18,1,2097152,4194304,0.1516991219832562
qft_22,1,51,"[{'gate_index': 802, 'gate': 'cx', 'old_q': 18, 'new_q': 19, 'batch': 1, 'trigger': 'cx_materialized_control', 'block': 51}]",18,19,1,4194304,8388608,0.18746560800354928
qft_22,1,55,"[{'gate_index': 894, 'gate': 'cx', 'old_q': 19, 'new_q': 20, 'batch': 1, 'trigger': 'cx_materialized_control', 'block': 55}]",19,20,1,8388608,16777216,0.25599327200325206
qft_22,1,59,"[{'gate_index': 991, 'gate': 'cx', 'old_q': 20, 'new_q': 21, 'batch': 1, 'trigger': 'cx_materialized_control', 'block': 59}]",20,21,1,16777216,33554432,0.3844710039847996
qft_22,1,63,"[{'gate_index': 1093, 'gate': 'cx', 'old_q': 21, 'new_q': 22, 'batch': 1, 'trigger': 'cx_materialized_control', 'block': 63}]",21,22,1,33554432,67108864,0.6552105100126937
qft_22,2,0,"[{'gate_index': 3, 'gate': 'cx', 'old_q': 0, 'new_q': 2, 'batch': 2, 'trigger': 'cx_product_control', 'block': 0}, {'gate_index': 10, 'gate': 'cx', 'old_q': 2, 'new_q': 3, 'batch': 1, 'trigger': 'cx_materialized_control', 'block': 0}, {'gate_index': 22, 'gate': 'cx', 'old_q': 3, 'new_q': 4, 'batch': 1, 'trigger': 'cx_materialized_control', 'block': 0}]",0,4,4,16,256,0.009282237995648757
qft_22,2,1,"[{'gate_index': 39, 'gate': 'cx', 'old_q': 4, 'new_q': 5, 'batch': 1, 'trigger': 'cx_materialized_control', 'block': 1}]",4,5,1,256,512,0.006904882000526413
qft_22,2,3,"[{'gate_index': 61, 'gate': 'cx', 'old_q': 5, 'new_q': 6, 'batch': 1, 'trigger': 'cx_materialized_control', 'block': 3}]",5,6,1,512,1024,0.008967676985776052
qft_22,2,5,"[{'gate_index': 88, 'gate': 'cx', 'old_q': 6, 'new_q': 7, 'batch': 1, 'trigger': 'cx_materialized_control', 'block': 5}]",6,7,1,1024,2048,0.014231512002879754
qft_22,2,7,"[{'gate_index': 120, 'gate': 'cx', 'old_q': 7, 'new_q': 8, 'batch': 1, 'trigger': 'cx_materialized_control', 'block': 7}]",7,8,1,2048,4096,0.02396999899065122
qft_22,2,11,"[{'gate_index': 157, 'gate': 'cx', 'old_q': 8, 'new_q': 9, 'batch': 1, 'trigger': 'cx_materialized_control', 'block': 11}]",8,9,1,4096,8192,0.04582336300518364
qft_22,2,15,"[{'gate_index': 199, 'gate': 'cx', 'old_q': 9, 'new_q': 10, 'batch': 1, 'trigger': 'cx_materialized_control', 'block': 15}]",9,10,1,8192,16384,0.09435338000184856
qft_22,2,19,"[{'gate_index': 246, 'gate': 'cx', 'old_q': 10, 'new_q': 11, 'batch': 1, 'trigger': 'cx_materialized_control', 'block': 19}]",10,11,1,16384,32768,0.11231119997682981
qft_22,2,23,"[{'gate_index': 298, 'gate': 'cx', 'old_q': 11, 'new_q': 12, 'batch': 1, 'trigger': 'cx_materialized_control', 'block': 23}]",11,12,1,32768,65536,0.11649076599860564
qft_22,2,27,"[{'gate_index': 355, 'gate': 'cx', 'old_q': 12, 'new_q': 13, 'batch': 1, 'trigger': 'cx_materialized_control', 'block': 27}]",12,13,1,65536,131072,0.11472047300776467
qft_22,2,31,"[{'gate_index': 417, 'gate': 'cx', 'old_q': 13, 'new_q': 14, 'batch': 1, 'trigger': 'cx_materialized_control', 'block': 31}]",13,14,1,131072,262144,0.11721861298428848
qft_22,2,35,"[{'gate_index': 484, 'gate': 'cx', 'old_q': 14, 'new_q': 15, 'batch': 1, 'trigger': 'cx_materialized_control', 'block': 35}]",14,15,1,262144,524288,0.12439964301302098
qft_22,2,39,"[{'gate_index': 556, 'gate': 'cx', 'old_q': 15, 'new_q': 16, 'batch': 1, 'trigger': 'cx_materialized_control', 'block': 39}]",15,16,1,524288,1048576,0.12763620002078824
qft_22,2,43,"[{'gate_index': 633, 'gate': 'cx', 'old_q': 16, 'new_q': 17, 'batch': 1, 'trigger': 'cx_materialized_control', 'block': 43}]",16,17,1,1048576,2097152,0.13074978900840506
qft_22,2,47,"[{'gate_index': 715, 'gate': 'cx', 'old_q': 17, 'new_q': 18, 'batch': 1, 'trigger': 'cx_materialized_control', 'block': 47}]",17,18,1,2097152,4194304,0.14982025799690746
qft_22,2,51,"[{'gate_index': 802, 'gate': 'cx', 'old_q': 18, 'new_q': 19, 'batch': 1, 'trigger': 'cx_materialized_control', 'block': 51}]",18,19,1,4194304,8388608,0.18474003500887193
qft_22,2,55,"[{'gate_index': 894, 'gate': 'cx', 'old_q': 19, 'new_q': 20, 'batch': 1, 'trigger': 'cx_materialized_control', 'block': 55}]",19,20,1,8388608,16777216,0.2557026869908441
qft_22,2,59,"[{'gate_index': 991, 'gate': 'cx', 'old_q': 20, 'new_q': 21, 'batch': 1, 'trigger': 'cx_materialized_control', 'block': 59}]",20,21,1,16777216,33554432,0.3887615140120033
qft_22,2,63,"[{'gate_index': 1093, 'gate': 'cx', 'old_q': 21, 'new_q': 22, 'batch': 1, 'trigger': 'cx_materialized_control', 'block': 63}]",21,22,1,33554432,67108864,0.6796158190118149
qft_24,0,0,"[{'gate_index': 3, 'gate': 'cx', 'old_q': 0, 'new_q': 2, 'batch': 2, 'trigger': 'cx_product_control', 'block': 0}, {'gate_index': 10, 'gate': 'cx', 'old_q': 2, 'new_q': 3, 'batch': 1, 'trigger': 'cx_materialized_control', 'block': 0}, {'gate_index': 22, 'gate': 'cx', 'old_q': 3, 'new_q': 4, 'batch': 1, 'trigger': 'cx_materialized_control', 'block': 0}]",0,4,4,16,256,0.009768268995685503
qft_24,0,1,"[{'gate_index': 39, 'gate': 'cx', 'old_q': 4, 'new_q': 5, 'batch': 1, 'trigger': 'cx_materialized_control', 'block': 1}]",4,5,1,256,512,0.006047939008567482
qft_24,0,3,"[{'gate_index': 61, 'gate': 'cx', 'old_q': 5, 'new_q': 6, 'batch': 1, 'trigger': 'cx_materialized_control', 'block': 3}]",5,6,1,512,1024,0.00949493597727269
qft_24,0,5,"[{'gate_index': 88, 'gate': 'cx', 'old_q': 6, 'new_q': 7, 'batch': 1, 'trigger': 'cx_materialized_control', 'block': 5}]",6,7,1,1024,2048,0.013832160009769723
qft_24,0,7,"[{'gate_index': 120, 'gate': 'cx', 'old_q': 7, 'new_q': 8, 'batch': 1, 'trigger': 'cx_materialized_control', 'block': 7}]",7,8,1,2048,4096,0.02144237799802795
qft_24,0,11,"[{'gate_index': 157, 'gate': 'cx', 'old_q': 8, 'new_q': 9, 'batch': 1, 'trigger': 'cx_materialized_control', 'block': 11}]",8,9,1,4096,8192,0.05075034301262349
qft_24,0,15,"[{'gate_index': 199, 'gate': 'cx', 'old_q': 9, 'new_q': 10, 'batch': 1, 'trigger': 'cx_materialized_control', 'block': 15}]",9,10,1,8192,16384,0.08985255600418895
qft_24,0,19,"[{'gate_index': 246, 'gate': 'cx', 'old_q': 10, 'new_q': 11, 'batch': 1, 'trigger': 'cx_materialized_control', 'block': 19}]",10,11,1,16384,32768,0.18675078998785466
qft_24,0,24,"[{'gate_index': 298, 'gate': 'cx', 'old_q': 11, 'new_q': 12, 'batch': 1, 'trigger': 'cx_materialized_control', 'block': 24}]",11,12,1,32768,65536,0.3690339879831299
qft_24,0,29,"[{'gate_index': 355, 'gate': 'cx', 'old_q': 12, 'new_q': 13, 'batch': 1, 'trigger': 'cx_materialized_control', 'block': 29}]",12,13,1,65536,131072,0.4734258829848841
qft_24,0,33,"[{'gate_index': 417, 'gate': 'cx', 'old_q': 13, 'new_q': 14, 'batch': 1, 'trigger': 'cx_materialized_control', 'block': 33}]",13,14,1,131072,262144,0.4491129859816283
qft_24,0,37,"[{'gate_index': 484, 'gate': 'cx', 'old_q': 14, 'new_q': 15, 'batch': 1, 'trigger': 'cx_materialized_control', 'block': 37}]",14,15,1,262144,524288,0.46825627199723385
qft_24,0,41,"[{'gate_index': 556, 'gate': 'cx', 'old_q': 15, 'new_q': 16, 'batch': 1, 'trigger': 'cx_materialized_control', 'block': 41}]",15,16,1,524288,1048576,0.4868358849780634
qft_24,0,45,"[{'gate_index': 633, 'gate': 'cx', 'old_q': 16, 'new_q': 17, 'batch': 1, 'trigger': 'cx_materialized_control', 'block': 45}]",16,17,1,1048576,2097152,0.4829045880178455
qft_24,0,49,"[{'gate_index': 715, 'gate': 'cx', 'old_q': 17, 'new_q': 18, 'batch': 1, 'trigger': 'cx_materialized_control', 'block': 49}]",17,18,1,2097152,4194304,0.5180727789993398
qft_24,0,53,"[{'gate_index': 802, 'gate': 'cx', 'old_q': 18, 'new_q': 19, 'batch': 1, 'trigger': 'cx_materialized_control', 'block': 53}]",18,19,1,4194304,8388608,0.5341424809885211
qft_24,0,57,"[{'gate_index': 894, 'gate': 'cx', 'old_q': 19, 'new_q': 20, 'batch': 1, 'trigger': 'cx_materialized_control', 'block': 57}]",19,20,1,8388608,16777216,0.6193458880006801
qft_24,0,61,"[{'gate_index': 991, 'gate': 'cx', 'old_q': 20, 'new_q': 21, 'batch': 1, 'trigger': 'cx_materialized_control', 'block': 61}]",20,21,1,16777216,33554432,0.7731098409858532
qft_24,0,65,"[{'gate_index': 1093, 'gate': 'cx', 'old_q': 21, 'new_q': 22, 'batch': 1, 'trigger': 'cx_materialized_control', 'block': 65}]",21,22,1,33554432,67108864,1.0313127529807389
qft_24,0,69,"[{'gate_index': 1200, 'gate': 'cx', 'old_q': 22, 'new_q': 23, 'batch': 1, 'trigger': 'cx_materialized_control', 'block': 69}]",22,23,1,67108864,134217728,1.5571310509985778
qft_24,0,73,"[{'gate_index': 1312, 'gate': 'cx', 'old_q': 23, 'new_q': 24, 'batch': 1, 'trigger': 'cx_materialized_control', 'block': 73}]",23,24,1,134217728,268435456,2.711054093000712
qft_24,1,0,"[{'gate_index': 3, 'gate': 'cx', 'old_q': 0, 'new_q': 2, 'batch': 2, 'trigger': 'cx_product_control', 'block': 0}, {'gate_index': 10, 'gate': 'cx', 'old_q': 2, 'new_q': 3, 'batch': 1, 'trigger': 'cx_materialized_control', 'block': 0}, {'gate_index': 22, 'gate': 'cx', 'old_q': 3, 'new_q': 4, 'batch': 1, 'trigger': 'cx_materialized_control', 'block': 0}]",0,4,4,16,256,0.008528774022124708
qft_24,1,1,"[{'gate_index': 39, 'gate': 'cx', 'old_q': 4, 'new_q': 5, 'batch': 1, 'trigger': 'cx_materialized_control', 'block': 1}]",4,5,1,256,512,0.00700093901832588
qft_24,1,3,"[{'gate_index': 61, 'gate': 'cx', 'old_q': 5, 'new_q': 6, 'batch': 1, 'trigger': 'cx_materialized_control', 'block': 3}]",5,6,1,512,1024,0.006569552002474666
qft_24,1,5,"[{'gate_index': 88, 'gate': 'cx', 'old_q': 6, 'new_q': 7, 'batch': 1, 'trigger': 'cx_materialized_control', 'block': 5}]",6,7,1,1024,2048,0.011984301992924884
qft_24,1,7,"[{'gate_index': 120, 'gate': 'cx', 'old_q': 7, 'new_q': 8, 'batch': 1, 'trigger': 'cx_materialized_control', 'block': 7}]",7,8,1,2048,4096,0.024115557986078784
qft_24,1,11,"[{'gate_index': 157, 'gate': 'cx', 'old_q': 8, 'new_q': 9, 'batch': 1, 'trigger': 'cx_materialized_control', 'block': 11}]",8,9,1,4096,8192,0.04611973199644126
qft_24,1,15,"[{'gate_index': 199, 'gate': 'cx', 'old_q': 9, 'new_q': 10, 'batch': 1, 'trigger': 'cx_materialized_control', 'block': 15}]",9,10,1,8192,16384,0.08614647001377307
qft_24,1,19,"[{'gate_index': 246, 'gate': 'cx', 'old_q': 10, 'new_q': 11, 'batch': 1, 'trigger': 'cx_materialized_control', 'block': 19}]",10,11,1,16384,32768,0.175286152982153
qft_24,1,24,"[{'gate_index': 298, 'gate': 'cx', 'old_q': 11, 'new_q': 12, 'batch': 1, 'trigger': 'cx_materialized_control', 'block': 24}]",11,12,1,32768,65536,0.35146425099810585
qft_24,1,29,"[{'gate_index': 355, 'gate': 'cx', 'old_q': 12, 'new_q': 13, 'batch': 1, 'trigger': 'cx_materialized_control', 'block': 29}]",12,13,1,65536,131072,0.4602772780053783
qft_24,1,33,"[{'gate_index': 417, 'gate': 'cx', 'old_q': 13, 'new_q': 14, 'batch': 1, 'trigger': 'cx_materialized_control', 'block': 33}]",13,14,1,131072,262144,0.47652759798802435
qft_24,1,37,"[{'gate_index': 484, 'gate': 'cx', 'old_q': 14, 'new_q': 15, 'batch': 1, 'trigger': 'cx_materialized_control', 'block': 37}]",14,15,1,262144,524288,0.4750017289770767
qft_24,1,41,"[{'gate_index': 556, 'gate': 'cx', 'old_q': 15, 'new_q': 16, 'batch': 1, 'trigger': 'cx_materialized_control', 'block': 41}]",15,16,1,524288,1048576,0.4626344889984466
qft_24,1,45,"[{'gate_index': 633, 'gate': 'cx', 'old_q': 16, 'new_q': 17, 'batch': 1, 'trigger': 'cx_materialized_control', 'block': 45}]",16,17,1,1048576,2097152,0.4705476699746214
qft_24,1,49,"[{'gate_index': 715, 'gate': 'cx', 'old_q': 17, 'new_q': 18, 'batch': 1, 'trigger': 'cx_materialized_control', 'block': 49}]",17,18,1,2097152,4194304,0.5293197029968724
qft_24,1,53,"[{'gate_index': 802, 'gate': 'cx', 'old_q': 18, 'new_q': 19, 'batch': 1, 'trigger': 'cx_materialized_control', 'block': 53}]",18,19,1,4194304,8388608,0.5248832810029853
qft_24,1,57,"[{'gate_index': 894, 'gate': 'cx', 'old_q': 19, 'new_q': 20, 'batch': 1, 'trigger': 'cx_materialized_control', 'block': 57}]",19,20,1,8388608,16777216,0.5984694660000969
qft_24,1,61,"[{'gate_index': 991, 'gate': 'cx', 'old_q': 20, 'new_q': 21, 'batch': 1, 'trigger': 'cx_materialized_control', 'block': 61}]",20,21,1,16777216,33554432,0.7746138960064854
qft_24,1,65,"[{'gate_index': 1093, 'gate': 'cx', 'old_q': 21, 'new_q': 22, 'batch': 1, 'trigger': 'cx_materialized_control', 'block': 65}]",21,22,1,33554432,67108864,1.0210857479833066
qft_24,1,69,"[{'gate_index': 1200, 'gate': 'cx', 'old_q': 22, 'new_q': 23, 'batch': 1, 'trigger': 'cx_materialized_control', 'block': 69}]",22,23,1,67108864,134217728,1.5451157609932125
qft_24,1,73,"[{'gate_index': 1312, 'gate': 'cx', 'old_q': 23, 'new_q': 24, 'batch': 1, 'trigger': 'cx_materialized_control', 'block': 73}]",23,24,1,134217728,268435456,2.71587638600613
qft_24,2,0,"[{'gate_index': 3, 'gate': 'cx', 'old_q': 0, 'new_q': 2, 'batch': 2, 'trigger': 'cx_product_control', 'block': 0}, {'gate_index': 10, 'gate': 'cx', 'old_q': 2, 'new_q': 3, 'batch': 1, 'trigger': 'cx_materialized_control', 'block': 0}, {'gate_index': 22, 'gate': 'cx', 'old_q': 3, 'new_q': 4, 'batch': 1, 'trigger': 'cx_materialized_control', 'block': 0}]",0,4,4,16,256,0.008831432001898065
qft_24,2,1,"[{'gate_index': 39, 'gate': 'cx', 'old_q': 4, 'new_q': 5, 'batch': 1, 'trigger': 'cx_materialized_control', 'block': 1}]",4,5,1,256,512,0.005605616024695337
qft_24,2,3,"[{'gate_index': 61, 'gate': 'cx', 'old_q': 5, 'new_q': 6, 'batch': 1, 'trigger': 'cx_materialized_control', 'block': 3}]",5,6,1,512,1024,0.008903447014745325
qft_24,2,5,"[{'gate_index': 88, 'gate': 'cx', 'old_q': 6, 'new_q': 7, 'batch': 1, 'trigger': 'cx_materialized_control', 'block': 5}]",6,7,1,1024,2048,0.013338609976926818
qft_24,2,7,"[{'gate_index': 120, 'gate': 'cx', 'old_q': 7, 'new_q': 8, 'batch': 1, 'trigger': 'cx_materialized_control', 'block': 7}]",7,8,1,2048,4096,0.02184133601258509
qft_24,2,11,"[{'gate_index': 157, 'gate': 'cx', 'old_q': 8, 'new_q': 9, 'batch': 1, 'trigger': 'cx_materialized_control', 'block': 11}]",8,9,1,4096,8192,0.04391545199905522
qft_24,2,15,"[{'gate_index': 199, 'gate': 'cx', 'old_q': 9, 'new_q': 10, 'batch': 1, 'trigger': 'cx_materialized_control', 'block': 15}]",9,10,1,8192,16384,0.08765152099658735
qft_24,2,19,"[{'gate_index': 246, 'gate': 'cx', 'old_q': 10, 'new_q': 11, 'batch': 1, 'trigger': 'cx_materialized_control', 'block': 19}]",10,11,1,16384,32768,0.17770838900469244
qft_24,2,24,"[{'gate_index': 298, 'gate': 'cx', 'old_q': 11, 'new_q': 12, 'batch': 1, 'trigger': 'cx_materialized_control', 'block': 24}]",11,12,1,32768,65536,0.3519175149849616
qft_24,2,29,"[{'gate_index': 355, 'gate': 'cx', 'old_q': 12, 'new_q': 13, 'batch': 1, 'trigger': 'cx_materialized_control', 'block': 29}]",12,13,1,65536,131072,0.46819628798402846
qft_24,2,33,"[{'gate_index': 417, 'gate': 'cx', 'old_q': 13, 'new_q': 14, 'batch': 1, 'trigger': 'cx_materialized_control', 'block': 33}]",13,14,1,131072,262144,0.4814437310269568
qft_24,2,37,"[{'gate_index': 484, 'gate': 'cx', 'old_q': 14, 'new_q': 15, 'batch': 1, 'trigger': 'cx_materialized_control', 'block': 37}]",14,15,1,262144,524288,0.46019951498601586
qft_24,2,41,"[{'gate_index': 556, 'gate': 'cx', 'old_q': 15, 'new_q': 16, 'batch': 1, 'trigger': 'cx_materialized_control', 'block': 41}]",15,16,1,524288,1048576,0.4760533809894696
qft_24,2,45,"[{'gate_index': 633, 'gate': 'cx', 'old_q': 16, 'new_q': 17, 'batch': 1, 'trigger': 'cx_materialized_control', 'block': 45}]",16,17,1,1048576,2097152,0.47682719098520465
qft_24,2,49,"[{'gate_index': 715, 'gate': 'cx', 'old_q': 17, 'new_q': 18, 'batch': 1, 'trigger': 'cx_materialized_control', 'block': 49}]",17,18,1,2097152,4194304,0.534809642995242
qft_24,2,53,"[{'gate_index': 802, 'gate': 'cx', 'old_q': 18, 'new_q': 19, 'batch': 1, 'trigger': 'cx_materialized_control', 'block': 53}]",18,19,1,4194304,8388608,0.5393230550107546
qft_24,2,57,"[{'gate_index': 894, 'gate': 'cx', 'old_q': 19, 'new_q': 20, 'batch': 1, 'trigger': 'cx_materialized_control', 'block': 57}]",19,20,1,8388608,16777216,0.6149823809973896
qft_24,2,61,"[{'gate_index': 991, 'gate': 'cx', 'old_q': 20, 'new_q': 21, 'batch': 1, 'trigger': 'cx_materialized_control', 'block': 61}]",20,21,1,16777216,33554432,0.7977769710123539
qft_24,2,65,"[{'gate_index': 1093, 'gate': 'cx', 'old_q': 21, 'new_q': 22, 'batch': 1, 'trigger': 'cx_materialized_control', 'block': 65}]",21,22,1,33554432,67108864,1.0329417100001592
qft_24,2,69,"[{'gate_index': 1200, 'gate': 'cx', 'old_q': 22, 'new_q': 23, 'batch': 1, 'trigger': 'cx_materialized_control', 'block': 69}]",22,23,1,67108864,134217728,1.549588349997066
qft_24,2,73,"[{'gate_index': 1312, 'gate': 'cx', 'old_q': 23, 'new_q': 24, 'batch': 1, 'trigger': 'cx_materialized_control', 'block': 73}]",23,24,1,134217728,268435456,2.6907941630051937
