source,path,absolute_path,sha256,format,bytes,n,gate_count,depth_if_parseable,family_if_inferable,parse_ok,metadata_skip,circuit_index,selection_reason
veriq,combinational/adder/adder_n10.qasm,/home/audrey/code_and_papers/2026/FAST2027/final/hilbert_thin_provisioning/external/veriq-benchmark/combinational/adder/adder_n10.qasm,e78d9b6fe9cbf8b9e9fab6462a03876ba7646a45ac007903f94f3539e4ff61ef,.qasm,281,10,12,6,arithmetic,True,,0,selected
veriq,combinational/adder/adder_n100.qasm,/home/audrey/code_and_papers/2026/FAST2027/final/hilbert_thin_provisioning/external/veriq-benchmark/combinational/adder/adder_n100.qasm,47135c08d56868b2879eee41ba1d67e569e045089bf6ffcd8a2bac3fbcc6d3e2,.qasm,2621,100,132,36,arithmetic,True,,0,selected
veriq,combinational/adder/adder_n13.qasm,/home/audrey/code_and_papers/2026/FAST2027/final/hilbert_thin_provisioning/external/veriq-benchmark/combinational/adder/adder_n13.qasm,85da24b927ead9976d19a66ad1f5c1c3e96665f3c6f03e59a8e3329c3ce1e687,.qasm,357,13,16,7,arithmetic,True,,0,selected
veriq,combinational/adder/adder_n16.qasm,/home/audrey/code_and_papers/2026/FAST2027/final/hilbert_thin_provisioning/external/veriq-benchmark/combinational/adder/adder_n16.qasm,8e3f318da84db7678456ef47c01ab6ef32aae6b9cee7aab58cd727157fc1e722,.qasm,435,16,20,8,arithmetic,True,,0,stratum_not_selected
veriq,combinational/adder/adder_n19.qasm,/home/audrey/code_and_papers/2026/FAST2027/final/hilbert_thin_provisioning/external/veriq-benchmark/combinational/adder/adder_n19.qasm,22d95e30a2d7554c99e4d0acab1137e24b0bcfdb3825acedd13237df507b9396,.qasm,513,19,24,9,arithmetic,True,,0,selected
veriq,combinational/adder/adder_n22.qasm,/home/audrey/code_and_papers/2026/FAST2027/final/hilbert_thin_provisioning/external/veriq-benchmark/combinational/adder/adder_n22.qasm,3f7dcb90b2601f3a0bd25a8ded6b0a5dd8f122bed0c0123b918177226b47bc9d,.qasm,591,22,28,10,arithmetic,True,,0,selected
veriq,combinational/adder/adder_n25.qasm,/home/audrey/code_and_papers/2026/FAST2027/final/hilbert_thin_provisioning/external/veriq-benchmark/combinational/adder/adder_n25.qasm,9329a0dfb1ba0fca907d601bc1cfd6df47fe35986af3e9e0787de91f8bd8e99c,.qasm,669,25,32,11,arithmetic,True,,0,stratum_not_selected
veriq,combinational/adder/adder_n28.qasm,/home/audrey/code_and_papers/2026/FAST2027/final/hilbert_thin_provisioning/external/veriq-benchmark/combinational/adder/adder_n28.qasm,287d2130ef74ad4869dfb2cf51c73bb67c954c79fca20ed3ce17fe46a9d0eae9,.qasm,747,28,36,12,arithmetic,True,,0,selected
veriq,combinational/adder/adder_n31.qasm,/home/audrey/code_and_papers/2026/FAST2027/final/hilbert_thin_provisioning/external/veriq-benchmark/combinational/adder/adder_n31.qasm,a6721ca07977ff3ce789c42c9298e7cbcda5498a8e747f12e4454d2ae88bcd38,.qasm,826,31,40,13,arithmetic,True,,0,stratum_not_selected
veriq,combinational/adder/adder_n34.qasm,/home/audrey/code_and_papers/2026/FAST2027/final/hilbert_thin_provisioning/external/veriq-benchmark/combinational/adder/adder_n34.qasm,c3e311dd1776b3058e5637e19b88e1056b4a84cd81c23dee7080d8c62e1fe59e,.qasm,904,34,44,14,arithmetic,True,,0,selected
veriq,combinational/adder/adder_n37.qasm,/home/audrey/code_and_papers/2026/FAST2027/final/hilbert_thin_provisioning/external/veriq-benchmark/combinational/adder/adder_n37.qasm,68164ce9a33ada566152a5f1ab81bee797625bf81b7f730b3fbc28a25b0cefa4,.qasm,982,37,48,15,arithmetic,True,,0,stratum_not_selected
veriq,combinational/adder/adder_n4.qasm,/home/audrey/code_and_papers/2026/FAST2027/final/hilbert_thin_provisioning/external/veriq-benchmark/combinational/adder/adder_n4.qasm,44fa76f0e4837dda1cd0000184cb88f08d748d4bf4e39d53053bffc4de3841b0,.qasm,144,4,4,4,arithmetic,True,,0,selected
veriq,combinational/adder/adder_n40.qasm,/home/audrey/code_and_papers/2026/FAST2027/final/hilbert_thin_provisioning/external/veriq-benchmark/combinational/adder/adder_n40.qasm,9484132c349abab71a9a980e5f1c37aec487df941059f444ebb873e7a06ee84e,.qasm,1060,40,52,16,arithmetic,True,,0,selected
veriq,combinational/adder/adder_n43.qasm,/home/audrey/code_and_papers/2026/FAST2027/final/hilbert_thin_provisioning/external/veriq-benchmark/combinational/adder/adder_n43.qasm,b8801f07a2b9b4dc00371596f6b997950ebeca60d292ddf99c28bc8640bcd8df,.qasm,1138,43,56,17,arithmetic,True,,0,selected
veriq,combinational/adder/adder_n46.qasm,/home/audrey/code_and_papers/2026/FAST2027/final/hilbert_thin_provisioning/external/veriq-benchmark/combinational/adder/adder_n46.qasm,4bf7a737c0a7ab05c949221a3706750fc4a21035504e246b23e0b8c7e8f2ad7e,.qasm,1216,46,60,18,arithmetic,True,,0,stratum_not_selected
veriq,combinational/adder/adder_n49.qasm,/home/audrey/code_and_papers/2026/FAST2027/final/hilbert_thin_provisioning/external/veriq-benchmark/combinational/adder/adder_n49.qasm,bbd6c58d57912b0567bf2b1113af9b260ebba3e4b86d4ca40cb4289a29d42fa8,.qasm,1294,49,64,19,arithmetic,True,,0,selected
veriq,combinational/adder/adder_n52.qasm,/home/audrey/code_and_papers/2026/FAST2027/final/hilbert_thin_provisioning/external/veriq-benchmark/combinational/adder/adder_n52.qasm,eaaeefeacef7715b6ce7c299a88d64f2f57a9ce88a0919ebcf7f55427d609913,.qasm,1372,52,68,20,arithmetic,True,,0,stratum_not_selected
veriq,combinational/adder/adder_n55.qasm,/home/audrey/code_and_papers/2026/FAST2027/final/hilbert_thin_provisioning/external/veriq-benchmark/combinational/adder/adder_n55.qasm,fe0a1dc62ae636e6f48c6b73875d650b2aaecdac27f68abbc5b767bc076aa807,.qasm,1450,55,72,21,arithmetic,True,,0,selected
veriq,combinational/adder/adder_n58.qasm,/home/audrey/code_and_papers/2026/FAST2027/final/hilbert_thin_provisioning/external/veriq-benchmark/combinational/adder/adder_n58.qasm,8f918b6c47cfb20df36299e5a18b744f3e32b5e5f2a288f8c2ed343191ba45ba,.qasm,1528,58,76,22,arithmetic,True,,0,stratum_not_selected
veriq,combinational/adder/adder_n61.qasm,/home/audrey/code_and_papers/2026/FAST2027/final/hilbert_thin_provisioning/external/veriq-benchmark/combinational/adder/adder_n61.qasm,a9dcb51842ebb1bfc962ee237e6568d4ff2e38fd3917e902e51c421dd1c475ed,.qasm,1606,61,80,23,arithmetic,True,,0,stratum_not_selected
veriq,combinational/adder/adder_n64.qasm,/home/audrey/code_and_papers/2026/FAST2027/final/hilbert_thin_provisioning/external/veriq-benchmark/combinational/adder/adder_n64.qasm,82d67bf24d16b4cd8082c612e9999d9353a4ab43fa473d13555155a338cf2f19,.qasm,1684,64,84,24,arithmetic,True,,0,selected
veriq,combinational/adder/adder_n67.qasm,/home/audrey/code_and_papers/2026/FAST2027/final/hilbert_thin_provisioning/external/veriq-benchmark/combinational/adder/adder_n67.qasm,d6e4fe652b7352aeb76a06db35a5acd395542bcc831f5d94c5c82d99f827c3fe,.qasm,1762,67,88,25,arithmetic,True,,0,selected
veriq,combinational/adder/adder_n7.qasm,/home/audrey/code_and_papers/2026/FAST2027/final/hilbert_thin_provisioning/external/veriq-benchmark/combinational/adder/adder_n7.qasm,83525fcab6a229ca6bd0a31a99db60c4878aa290f7e9f5dec3d9ee1e907891c5,.qasm,212,7,8,5,arithmetic,True,,0,stratum_not_selected
veriq,combinational/adder/adder_n70.qasm,/home/audrey/code_and_papers/2026/FAST2027/final/hilbert_thin_provisioning/external/veriq-benchmark/combinational/adder/adder_n70.qasm,ce010fb989207cb41f0fe13bd1c6a7d3927ac76c5ab22a37ba2f6eddaa584f1d,.qasm,1840,70,92,26,arithmetic,True,,0,stratum_not_selected
veriq,combinational/adder/adder_n73.qasm,/home/audrey/code_and_papers/2026/FAST2027/final/hilbert_thin_provisioning/external/veriq-benchmark/combinational/adder/adder_n73.qasm,c332e457aa11ca4d4d1434e4ec46762b77e7bd792dd25aca8a4286ae975e57ec,.qasm,1918,73,96,27,arithmetic,True,,0,stratum_not_selected
veriq,combinational/adder/adder_n76.qasm,/home/audrey/code_and_papers/2026/FAST2027/final/hilbert_thin_provisioning/external/veriq-benchmark/combinational/adder/adder_n76.qasm,a708a94ca75de6005295cf972ccf85210af7f80ebb6c0e399c59b0f56361bdd7,.qasm,1996,76,100,28,arithmetic,True,,0,selected
veriq,combinational/adder/adder_n79.qasm,/home/audrey/code_and_papers/2026/FAST2027/final/hilbert_thin_provisioning/external/veriq-benchmark/combinational/adder/adder_n79.qasm,94ec80d10d8609452b8665ae205cec1b83d7d859098c25ff1459f8ac00f48efe,.qasm,2074,79,104,29,arithmetic,True,,0,stratum_not_selected
veriq,combinational/adder/adder_n82.qasm,/home/audrey/code_and_papers/2026/FAST2027/final/hilbert_thin_provisioning/external/veriq-benchmark/combinational/adder/adder_n82.qasm,b6fb5ec854cb36308d3e25977dbcc025f4200c9593e69c31c308bc9e0d0f526a,.qasm,2152,82,108,30,arithmetic,True,,0,stratum_not_selected
veriq,combinational/adder/adder_n85.qasm,/home/audrey/code_and_papers/2026/FAST2027/final/hilbert_thin_provisioning/external/veriq-benchmark/combinational/adder/adder_n85.qasm,488da7f94303a9abd3a26d09e18d24b1f83e731d64e8b6046336fee0bebf93be,.qasm,2230,85,112,31,arithmetic,True,,0,stratum_not_selected
veriq,combinational/adder/adder_n88.qasm,/home/audrey/code_and_papers/2026/FAST2027/final/hilbert_thin_provisioning/external/veriq-benchmark/combinational/adder/adder_n88.qasm,f2dcb6a4b254a1ea73a801c7024d2e297eb475136a58cb29098c4659b402dd2a,.qasm,2308,88,116,32,arithmetic,True,,0,selected
veriq,combinational/adder/adder_n91.qasm,/home/audrey/code_and_papers/2026/FAST2027/final/hilbert_thin_provisioning/external/veriq-benchmark/combinational/adder/adder_n91.qasm,6784f5fd4217f0292a246b10d878ad1d2ad47af511020570f77ecd0bfa0ae7c5,.qasm,2386,91,120,33,arithmetic,True,,0,stratum_not_selected
veriq,combinational/adder/adder_n94.qasm,/home/audrey/code_and_papers/2026/FAST2027/final/hilbert_thin_provisioning/external/veriq-benchmark/combinational/adder/adder_n94.qasm,022ce2cf4f9f643432311a42bcb771e8ce2355f01b8bf13f9081b5fef1aa3030,.qasm,2464,94,124,34,arithmetic,True,,0,stratum_not_selected
veriq,combinational/adder/adder_n97.qasm,/home/audrey/code_and_papers/2026/FAST2027/final/hilbert_thin_provisioning/external/veriq-benchmark/combinational/adder/adder_n97.qasm,de6426487eb17f30d57ed684c82aad22244d5a79f8b4db475b69c0eaab0ec62b,.qasm,2542,97,128,35,arithmetic,True,,0,stratum_not_selected
veriq,combinational/bv/bv_10.qasm,/home/audrey/code_and_papers/2026/FAST2027/final/hilbert_thin_provisioning/external/veriq-benchmark/combinational/bv/bv_10.qasm,cbb668522cb075326af4812a09038505f2064e3d8ad601e8d12ecb403fd21f4f,.qasm,388,10,30,12,bernstein_vazirani,True,,0,stratum_not_selected
veriq,combinational/bv/bv_100.qasm,/home/audrey/code_and_papers/2026/FAST2027/final/hilbert_thin_provisioning/external/veriq-benchmark/combinational/bv/bv_100.qasm,a9413cbca7510660675a0663f50e8378c95f197e4cf38ffbbd49bf359273ac8a,.qasm,3729,100,300,102,bernstein_vazirani,True,,0,selected
veriq,combinational/bv/bv_11.qasm,/home/audrey/code_and_papers/2026/FAST2027/final/hilbert_thin_provisioning/external/veriq-benchmark/combinational/bv/bv_11.qasm,bc003d63f699926b1feb89bc03e3e3fab6d8a4e547f3dcebbe132587fa0eeee5,.qasm,434,11,33,13,bernstein_vazirani,True,,0,stratum_not_selected
veriq,combinational/bv/bv_12.qasm,/home/audrey/code_and_papers/2026/FAST2027/final/hilbert_thin_provisioning/external/veriq-benchmark/combinational/bv/bv_12.qasm,0a24d7592e81cbaa07585329371367235be6607115c92e9793fd578f059757d5,.qasm,471,12,36,14,bernstein_vazirani,True,,0,stratum_not_selected
veriq,combinational/bv/bv_13.qasm,/home/audrey/code_and_papers/2026/FAST2027/final/hilbert_thin_provisioning/external/veriq-benchmark/combinational/bv/bv_13.qasm,d9571c914fc607f3a31ffb7746c3df3ecd0b0e04c977ff74f7f90a908f1d220a,.qasm,508,13,39,15,bernstein_vazirani,True,,0,selected
veriq,combinational/bv/bv_14.qasm,/home/audrey/code_and_papers/2026/FAST2027/final/hilbert_thin_provisioning/external/veriq-benchmark/combinational/bv/bv_14.qasm,de9f44b474dc7e89282443b0966001538d1eb6bd5a4b2f6eeb8382b469c4a201,.qasm,545,14,42,16,bernstein_vazirani,True,,0,stratum_not_selected
veriq,combinational/bv/bv_15.qasm,/home/audrey/code_and_papers/2026/FAST2027/final/hilbert_thin_provisioning/external/veriq-benchmark/combinational/bv/bv_15.qasm,962d7f87bcba388d15616c523ba756b10993b9a31da223afa57ad01ee1855a7a,.qasm,582,15,45,17,bernstein_vazirani,True,,0,stratum_not_selected
veriq,combinational/bv/bv_16.qasm,/home/audrey/code_and_papers/2026/FAST2027/final/hilbert_thin_provisioning/external/veriq-benchmark/combinational/bv/bv_16.qasm,db9e2116637a6ec94e7fb83c6812ee57175fb9143f902d48cfd84b2a83bf4c4a,.qasm,619,16,48,18,bernstein_vazirani,True,,0,stratum_not_selected
veriq,combinational/bv/bv_17.qasm,/home/audrey/code_and_papers/2026/FAST2027/final/hilbert_thin_provisioning/external/veriq-benchmark/combinational/bv/bv_17.qasm,3f2e1088941db148a3037e1e1fdecb9ff1c9367ca18066278eeaa36e8c0d46da,.qasm,656,17,51,19,bernstein_vazirani,True,,0,stratum_not_selected
veriq,combinational/bv/bv_18.qasm,/home/audrey/code_and_papers/2026/FAST2027/final/hilbert_thin_provisioning/external/veriq-benchmark/combinational/bv/bv_18.qasm,34823064755761dc7788b456b724b1cf8602c3f8b38abb36b3cdc699f1cf10dd,.qasm,693,18,54,20,bernstein_vazirani,True,,0,stratum_not_selected
veriq,combinational/bv/bv_19.qasm,/home/audrey/code_and_papers/2026/FAST2027/final/hilbert_thin_provisioning/external/veriq-benchmark/combinational/bv/bv_19.qasm,595dd51f1efbe47783b7d5148ba1676a19ffe4a07d7d330570ae14bc881ee544,.qasm,730,19,57,21,bernstein_vazirani,True,,0,selected
veriq,combinational/bv/bv_2.qasm,/home/audrey/code_and_papers/2026/FAST2027/final/hilbert_thin_provisioning/external/veriq-benchmark/combinational/bv/bv_2.qasm,fba59b56e8cd8db6ff4a888deafb85918cceef8bcc797595a354d7cca27869ce,.qasm,122,2,6,4,bernstein_vazirani,True,,0,selected
veriq,combinational/bv/bv_20.qasm,/home/audrey/code_and_papers/2026/FAST2027/final/hilbert_thin_provisioning/external/veriq-benchmark/combinational/bv/bv_20.qasm,d182a39c63e02d2ff7ed61f4c28bfea882fe5c9635edb74da576e87bade5e1e3,.qasm,767,20,60,22,bernstein_vazirani,True,,0,selected
veriq,combinational/bv/bv_21.qasm,/home/audrey/code_and_papers/2026/FAST2027/final/hilbert_thin_provisioning/external/veriq-benchmark/combinational/bv/bv_21.qasm,fc22a841f589fd231f2f2ff761832ab855c20151323385bc265e98970685cbca,.qasm,804,21,63,23,bernstein_vazirani,True,,0,stratum_not_selected
veriq,combinational/bv/bv_22.qasm,/home/audrey/code_and_papers/2026/FAST2027/final/hilbert_thin_provisioning/external/veriq-benchmark/combinational/bv/bv_22.qasm,c37dd4aca40916339a92fff91da323d2f65bc89fd562db91a425b41238fab26f,.qasm,841,22,66,24,bernstein_vazirani,True,,0,stratum_not_selected
veriq,combinational/bv/bv_23.qasm,/home/audrey/code_and_papers/2026/FAST2027/final/hilbert_thin_provisioning/external/veriq-benchmark/combinational/bv/bv_23.qasm,0e57b87c22d38500f1cc608305e1f5b7786cbe811721f3ba2b54a40d53370ebd,.qasm,878,23,69,25,bernstein_vazirani,True,,0,stratum_not_selected
veriq,combinational/bv/bv_24.qasm,/home/audrey/code_and_papers/2026/FAST2027/final/hilbert_thin_provisioning/external/veriq-benchmark/combinational/bv/bv_24.qasm,359e01de9756593acdff7f1217e6b0958e4fef29dbe2d0c1f5397b5324d7bd82,.qasm,915,24,72,26,bernstein_vazirani,True,,0,stratum_not_selected
veriq,combinational/bv/bv_25.qasm,/home/audrey/code_and_papers/2026/FAST2027/final/hilbert_thin_provisioning/external/veriq-benchmark/combinational/bv/bv_25.qasm,f98bd2771bc6e9f5596112a104572ef8ef2b7a0caa8a0a03044c34fb272bb612,.qasm,952,25,75,27,bernstein_vazirani,True,,0,stratum_not_selected
veriq,combinational/bv/bv_26.qasm,/home/audrey/code_and_papers/2026/FAST2027/final/hilbert_thin_provisioning/external/veriq-benchmark/combinational/bv/bv_26.qasm,de5257553ae46ac231c93e339ced32915ef5a45e5dea074a354f280a35451f81,.qasm,989,26,78,28,bernstein_vazirani,True,,0,selected
veriq,combinational/bv/bv_27.qasm,/home/audrey/code_and_papers/2026/FAST2027/final/hilbert_thin_provisioning/external/veriq-benchmark/combinational/bv/bv_27.qasm,d3b1c89183ac8a69546febbccec3cc6e472c2789591c262eb885fed774678438,.qasm,1026,27,81,29,bernstein_vazirani,True,,0,stratum_not_selected
veriq,combinational/bv/bv_28.qasm,/home/audrey/code_and_papers/2026/FAST2027/final/hilbert_thin_provisioning/external/veriq-benchmark/combinational/bv/bv_28.qasm,f3cd9422b0c3ce538a80aebe42bac1cb24eafc230180447d5873f8187bb61118,.qasm,1063,28,84,30,bernstein_vazirani,True,,0,stratum_not_selected
veriq,combinational/bv/bv_29.qasm,/home/audrey/code_and_papers/2026/FAST2027/final/hilbert_thin_provisioning/external/veriq-benchmark/combinational/bv/bv_29.qasm,75be775afeb035ceda2db7ca568c0094a9cee3a5998f5b1be0b3dde03ec2cd3d,.qasm,1100,29,87,31,bernstein_vazirani,True,,0,stratum_not_selected
veriq,combinational/bv/bv_3.qasm,/home/audrey/code_and_papers/2026/FAST2027/final/hilbert_thin_provisioning/external/veriq-benchmark/combinational/bv/bv_3.qasm,cc5e239a0133efef8deb4c8084494cf167a336fe30befd2633fe845dc8a5cc9e,.qasm,155,3,9,5,bernstein_vazirani,True,,0,stratum_not_selected
veriq,combinational/bv/bv_30.qasm,/home/audrey/code_and_papers/2026/FAST2027/final/hilbert_thin_provisioning/external/veriq-benchmark/combinational/bv/bv_30.qasm,3b4ed9b9d3b19218ff15e56aac0dba1ec665b1b9f1e4ce60a9a52593978aa25d,.qasm,1137,30,90,32,bernstein_vazirani,True,,0,stratum_not_selected
veriq,combinational/bv/bv_31.qasm,/home/audrey/code_and_papers/2026/FAST2027/final/hilbert_thin_provisioning/external/veriq-benchmark/combinational/bv/bv_31.qasm,a93c938ed78f1968a5e2d4ab54818d384437a4906e4977b212ea614ab8406bfe,.qasm,1174,31,93,33,bernstein_vazirani,True,,0,stratum_not_selected
veriq,combinational/bv/bv_32.qasm,/home/audrey/code_and_papers/2026/FAST2027/final/hilbert_thin_provisioning/external/veriq-benchmark/combinational/bv/bv_32.qasm,0141718fbabebac455e42f9d0f8f638a04c4ff4c14ee7575f98ef85d60b29737,.qasm,1211,32,96,34,bernstein_vazirani,True,,0,stratum_not_selected
veriq,combinational/bv/bv_33.qasm,/home/audrey/code_and_papers/2026/FAST2027/final/hilbert_thin_provisioning/external/veriq-benchmark/combinational/bv/bv_33.qasm,3575a0cf156a5f5de7a54f2c45bac96add1fb8173f260cd058fa937a57a4dfe6,.qasm,1248,33,99,35,bernstein_vazirani,True,,0,selected
veriq,combinational/bv/bv_34.qasm,/home/audrey/code_and_papers/2026/FAST2027/final/hilbert_thin_provisioning/external/veriq-benchmark/combinational/bv/bv_34.qasm,886b8a05cca029526a881e8eae2e94e0a8fe659b5c0a1a300d889d01febd170f,.qasm,1285,34,102,36,bernstein_vazirani,True,,0,stratum_not_selected
veriq,combinational/bv/bv_35.qasm,/home/audrey/code_and_papers/2026/FAST2027/final/hilbert_thin_provisioning/external/veriq-benchmark/combinational/bv/bv_35.qasm,2929adcebce3f575512e2d911ef3d6f06760715488edd78be2c5faf6b94a4d7e,.qasm,1322,35,105,37,bernstein_vazirani,True,,0,stratum_not_selected
veriq,combinational/bv/bv_36.qasm,/home/audrey/code_and_papers/2026/FAST2027/final/hilbert_thin_provisioning/external/veriq-benchmark/combinational/bv/bv_36.qasm,e09e43c4eb81f25d54822fd29f3ee05c5b5dd33d8a772daba45dc1d55021d9b1,.qasm,1359,36,108,38,bernstein_vazirani,True,,0,stratum_not_selected
veriq,combinational/bv/bv_37.qasm,/home/audrey/code_and_papers/2026/FAST2027/final/hilbert_thin_provisioning/external/veriq-benchmark/combinational/bv/bv_37.qasm,ce9aeb6eaf3e2c2b53b30a06f12030a8b351bf0aba15da9d9470a3ac3f115e1a,.qasm,1396,37,111,39,bernstein_vazirani,True,,0,stratum_not_selected
veriq,combinational/bv/bv_38.qasm,/home/audrey/code_and_papers/2026/FAST2027/final/hilbert_thin_provisioning/external/veriq-benchmark/combinational/bv/bv_38.qasm,3d586549779998f43897f44c9a0bdbf29da539db4a6e31c4e861c545e1aff620,.qasm,1433,38,114,40,bernstein_vazirani,True,,0,stratum_not_selected
veriq,combinational/bv/bv_39.qasm,/home/audrey/code_and_papers/2026/FAST2027/final/hilbert_thin_provisioning/external/veriq-benchmark/combinational/bv/bv_39.qasm,5840325b20b53084d3146c5a368f271ab7e02e1f882a39d144c4b0db948a1f13,.qasm,1470,39,117,41,bernstein_vazirani,True,,0,stratum_not_selected
veriq,combinational/bv/bv_4.qasm,/home/audrey/code_and_papers/2026/FAST2027/final/hilbert_thin_provisioning/external/veriq-benchmark/combinational/bv/bv_4.qasm,62afcfc13b834b7dcf638e8aa56302d82273357689ed9d5577f6818eec7a0d66,.qasm,188,4,12,6,bernstein_vazirani,True,,0,stratum_not_selected
veriq,combinational/bv/bv_40.qasm,/home/audrey/code_and_papers/2026/FAST2027/final/hilbert_thin_provisioning/external/veriq-benchmark/combinational/bv/bv_40.qasm,6d406e6d174d184f6cea66e26ad595f9350749efce1ee08f540e19a981ddff0a,.qasm,1507,40,120,42,bernstein_vazirani,True,,0,selected
veriq,combinational/bv/bv_41.qasm,/home/audrey/code_and_papers/2026/FAST2027/final/hilbert_thin_provisioning/external/veriq-benchmark/combinational/bv/bv_41.qasm,d745416e1e1a62da810a0abbee4e2a2954de6de3bf7c1941554b1ae1ffe5e484,.qasm,1544,41,123,43,bernstein_vazirani,True,,0,selected
veriq,combinational/bv/bv_42.qasm,/home/audrey/code_and_papers/2026/FAST2027/final/hilbert_thin_provisioning/external/veriq-benchmark/combinational/bv/bv_42.qasm,da107fe1a26714bba870dae66dd0320134c837f588c9d1cb2df10183fb7bf81a,.qasm,1581,42,126,44,bernstein_vazirani,True,,0,stratum_not_selected
veriq,combinational/bv/bv_43.qasm,/home/audrey/code_and_papers/2026/FAST2027/final/hilbert_thin_provisioning/external/veriq-benchmark/combinational/bv/bv_43.qasm,c4ec79c9e72327c2ffd68b616373ded3217917999f7dd3a5e8db6568cccaa244,.qasm,1618,43,129,45,bernstein_vazirani,True,,0,stratum_not_selected
veriq,combinational/bv/bv_44.qasm,/home/audrey/code_and_papers/2026/FAST2027/final/hilbert_thin_provisioning/external/veriq-benchmark/combinational/bv/bv_44.qasm,3d85b5343d78b5bc671282864b423cb4d48102912b1afb923499351604d52a57,.qasm,1655,44,132,46,bernstein_vazirani,True,,0,stratum_not_selected
veriq,combinational/bv/bv_45.qasm,/home/audrey/code_and_papers/2026/FAST2027/final/hilbert_thin_provisioning/external/veriq-benchmark/combinational/bv/bv_45.qasm,bb437d47320510de3fa77f3828c80968fa445cca036afb752d0504b857529b7b,.qasm,1692,45,135,47,bernstein_vazirani,True,,0,stratum_not_selected
veriq,combinational/bv/bv_46.qasm,/home/audrey/code_and_papers/2026/FAST2027/final/hilbert_thin_provisioning/external/veriq-benchmark/combinational/bv/bv_46.qasm,fbaa1386db1a3671b16d62f414367743db0a594bac2b8e71fd155d1eaa915102,.qasm,1729,46,138,48,bernstein_vazirani,True,,0,stratum_not_selected
veriq,combinational/bv/bv_47.qasm,/home/audrey/code_and_papers/2026/FAST2027/final/hilbert_thin_provisioning/external/veriq-benchmark/combinational/bv/bv_47.qasm,90b3eb72b32b97f55fdd7df177e6671ec1834ecc4348d76ce2f6dd2c832c3e8c,.qasm,1766,47,141,49,bernstein_vazirani,True,,0,stratum_not_selected
veriq,combinational/bv/bv_48.qasm,/home/audrey/code_and_papers/2026/FAST2027/final/hilbert_thin_provisioning/external/veriq-benchmark/combinational/bv/bv_48.qasm,1c04365787069bbae4a0383cfa6ce2f706fc25e846d293d161eaac3dab11d2b5,.qasm,1803,48,144,50,bernstein_vazirani,True,,0,selected
veriq,combinational/bv/bv_49.qasm,/home/audrey/code_and_papers/2026/FAST2027/final/hilbert_thin_provisioning/external/veriq-benchmark/combinational/bv/bv_49.qasm,aecf82f19b01a876e1404e0b85ac9c72f87eb41005f07a660db307e45d8f0728,.qasm,1840,49,147,51,bernstein_vazirani,True,,0,stratum_not_selected
veriq,combinational/bv/bv_5.qasm,/home/audrey/code_and_papers/2026/FAST2027/final/hilbert_thin_provisioning/external/veriq-benchmark/combinational/bv/bv_5.qasm,dab61ea46af19b2a58013a3e0ec8aa7f526a8189594df64ff9982bf2ee57c924,.qasm,221,5,15,7,bernstein_vazirani,True,,0,stratum_not_selected
veriq,combinational/bv/bv_50.qasm,/home/audrey/code_and_papers/2026/FAST2027/final/hilbert_thin_provisioning/external/veriq-benchmark/combinational/bv/bv_50.qasm,6110e48399d2d7978b97ebe629376fa217a8a4d412df44d4bc5f6008a319f7d1,.qasm,1877,50,150,52,bernstein_vazirani,True,,0,stratum_not_selected
veriq,combinational/bv/bv_51.qasm,/home/audrey/code_and_papers/2026/FAST2027/final/hilbert_thin_provisioning/external/veriq-benchmark/combinational/bv/bv_51.qasm,ad3d4c4c18c9cb53e944a526a09b0306e415daa6a2d5684b95f0933c218bfdef,.qasm,1914,51,153,53,bernstein_vazirani,True,,0,stratum_not_selected
veriq,combinational/bv/bv_52.qasm,/home/audrey/code_and_papers/2026/FAST2027/final/hilbert_thin_provisioning/external/veriq-benchmark/combinational/bv/bv_52.qasm,70457468d41a56377ddd0dc8cc5915b80e088b1e4622c0a54c35116687853194,.qasm,1951,52,156,54,bernstein_vazirani,True,,0,stratum_not_selected
veriq,combinational/bv/bv_53.qasm,/home/audrey/code_and_papers/2026/FAST2027/final/hilbert_thin_provisioning/external/veriq-benchmark/combinational/bv/bv_53.qasm,d61eb2c449c521b6aa154b5cb9a2b543eb9bfc292b0676cfb35fe2f1f27f1fde,.qasm,1988,53,159,55,bernstein_vazirani,True,,0,stratum_not_selected
veriq,combinational/bv/bv_54.qasm,/home/audrey/code_and_papers/2026/FAST2027/final/hilbert_thin_provisioning/external/veriq-benchmark/combinational/bv/bv_54.qasm,d42eea16c15ba07cfc4b8213e1d8a88ad11cffe33600ed46c0f245ced2f9827a,.qasm,2025,54,162,56,bernstein_vazirani,True,,0,stratum_not_selected
veriq,combinational/bv/bv_55.qasm,/home/audrey/code_and_papers/2026/FAST2027/final/hilbert_thin_provisioning/external/veriq-benchmark/combinational/bv/bv_55.qasm,5a3d49a839210f45eb712c6a0d7e51674dc6134a66188ae2ded5ff589583022f,.qasm,2062,55,165,57,bernstein_vazirani,True,,0,stratum_not_selected
veriq,combinational/bv/bv_56.qasm,/home/audrey/code_and_papers/2026/FAST2027/final/hilbert_thin_provisioning/external/veriq-benchmark/combinational/bv/bv_56.qasm,43928378d83d41ad61299e63c15c373664558e6921a5eb979c2586965a2864ed,.qasm,2099,56,168,58,bernstein_vazirani,True,,0,selected
veriq,combinational/bv/bv_57.qasm,/home/audrey/code_and_papers/2026/FAST2027/final/hilbert_thin_provisioning/external/veriq-benchmark/combinational/bv/bv_57.qasm,7d41e03f853508a14e48b8ceb1c87f12260654312ba6605a595e77bb83e89106,.qasm,2136,57,171,59,bernstein_vazirani,True,,0,stratum_not_selected
veriq,combinational/bv/bv_58.qasm,/home/audrey/code_and_papers/2026/FAST2027/final/hilbert_thin_provisioning/external/veriq-benchmark/combinational/bv/bv_58.qasm,2b04fe57ef62c861447d2863a95eb019fb5a7909b8babb4e6d01deebad3b03e3,.qasm,2173,58,174,60,bernstein_vazirani,True,,0,stratum_not_selected
veriq,combinational/bv/bv_59.qasm,/home/audrey/code_and_papers/2026/FAST2027/final/hilbert_thin_provisioning/external/veriq-benchmark/combinational/bv/bv_59.qasm,642e16566bd364ed8a3fffb5614fc5776e87252b1329362f527c6795a35631ea,.qasm,2210,59,177,61,bernstein_vazirani,True,,0,stratum_not_selected
veriq,combinational/bv/bv_6.qasm,/home/audrey/code_and_papers/2026/FAST2027/final/hilbert_thin_provisioning/external/veriq-benchmark/combinational/bv/bv_6.qasm,ebb7d24cd5c8b3d01f4b51bba685e4dfa4f2d5e5ef9d24f242d8eec420a43663,.qasm,254,6,18,8,bernstein_vazirani,True,,0,stratum_not_selected
veriq,combinational/bv/bv_60.qasm,/home/audrey/code_and_papers/2026/FAST2027/final/hilbert_thin_provisioning/external/veriq-benchmark/combinational/bv/bv_60.qasm,e7f0e27c3cc14dc62947ca875a4a8dc3ef93b69c2241d8df307e2ab91b51e370,.qasm,2247,60,180,62,bernstein_vazirani,True,,0,stratum_not_selected
veriq,combinational/bv/bv_61.qasm,/home/audrey/code_and_papers/2026/FAST2027/final/hilbert_thin_provisioning/external/veriq-benchmark/combinational/bv/bv_61.qasm,e92975416852f1d500c4f10563c755e11838dc4d8f2f2d807d2c987e97561c47,.qasm,2284,61,183,63,bernstein_vazirani,True,,0,stratum_not_selected
veriq,combinational/bv/bv_62.qasm,/home/audrey/code_and_papers/2026/FAST2027/final/hilbert_thin_provisioning/external/veriq-benchmark/combinational/bv/bv_62.qasm,3336dbeb6c7c56e532103ec5e43359a664f053a8a96688e4d476fccb8dff6a4b,.qasm,2321,62,186,64,bernstein_vazirani,True,,0,stratum_not_selected
veriq,combinational/bv/bv_63.qasm,/home/audrey/code_and_papers/2026/FAST2027/final/hilbert_thin_provisioning/external/veriq-benchmark/combinational/bv/bv_63.qasm,6a8a9668f12a7ec87e48b9fdd4b889570d70ab1a686d197a0d9ed40db9a14362,.qasm,2358,63,189,65,bernstein_vazirani,True,,0,stratum_not_selected
veriq,combinational/bv/bv_64.qasm,/home/audrey/code_and_papers/2026/FAST2027/final/hilbert_thin_provisioning/external/veriq-benchmark/combinational/bv/bv_64.qasm,888eb67829875efb60a1d6563b780dbe8e3ac169e67858032814655a07f84c2e,.qasm,2395,64,192,66,bernstein_vazirani,True,,0,selected
veriq,combinational/bv/bv_65.qasm,/home/audrey/code_and_papers/2026/FAST2027/final/hilbert_thin_provisioning/external/veriq-benchmark/combinational/bv/bv_65.qasm,5f7d8b6473366da970de14c837d31d6f2b6e54bb80512e1b45f8280a099d8a5f,.qasm,2432,65,195,67,bernstein_vazirani,True,,0,selected
veriq,combinational/bv/bv_66.qasm,/home/audrey/code_and_papers/2026/FAST2027/final/hilbert_thin_provisioning/external/veriq-benchmark/combinational/bv/bv_66.qasm,0a964b3dec982fa9c06abd6dcfe12976fc51614be7cd22cd07fa49b634387455,.qasm,2469,66,198,68,bernstein_vazirani,True,,0,stratum_not_selected
veriq,combinational/bv/bv_67.qasm,/home/audrey/code_and_papers/2026/FAST2027/final/hilbert_thin_provisioning/external/veriq-benchmark/combinational/bv/bv_67.qasm,d7641bc09de6522e2f154d0db27ae57b0f34c7ef517487408162281d9460de76,.qasm,2506,67,201,69,bernstein_vazirani,True,,0,stratum_not_selected
veriq,combinational/bv/bv_68.qasm,/home/audrey/code_and_papers/2026/FAST2027/final/hilbert_thin_provisioning/external/veriq-benchmark/combinational/bv/bv_68.qasm,3e1345033598c9d6451a1d98819a576f5cb350e0c8c1aa88533d85f8fff238e5,.qasm,2543,68,204,70,bernstein_vazirani,True,,0,stratum_not_selected
veriq,combinational/bv/bv_69.qasm,/home/audrey/code_and_papers/2026/FAST2027/final/hilbert_thin_provisioning/external/veriq-benchmark/combinational/bv/bv_69.qasm,c3fdf0ec9e5b12a855ce10d4891e38637b13f0bf882d9b9cc8d513af8e5aecee,.qasm,2580,69,207,71,bernstein_vazirani,True,,0,stratum_not_selected
veriq,combinational/bv/bv_7.qasm,/home/audrey/code_and_papers/2026/FAST2027/final/hilbert_thin_provisioning/external/veriq-benchmark/combinational/bv/bv_7.qasm,9bebe62cd8cb1e6bf39f5035548860808ccff569ca05ce89ae9a8aad66529dda,.qasm,287,7,21,9,bernstein_vazirani,True,,0,selected
veriq,combinational/bv/bv_70.qasm,/home/audrey/code_and_papers/2026/FAST2027/final/hilbert_thin_provisioning/external/veriq-benchmark/combinational/bv/bv_70.qasm,159eec8f7438d886f433a59187785c752943f481120dd62c282a73a174549cab,.qasm,2617,70,210,72,bernstein_vazirani,True,,0,stratum_not_selected
veriq,combinational/bv/bv_71.qasm,/home/audrey/code_and_papers/2026/FAST2027/final/hilbert_thin_provisioning/external/veriq-benchmark/combinational/bv/bv_71.qasm,9c32d30dafe9c723db9cf2f1c1180160fd7daab33db8473e0f015a2d53cb4977,.qasm,2654,71,213,73,bernstein_vazirani,True,,0,stratum_not_selected
veriq,combinational/bv/bv_72.qasm,/home/audrey/code_and_papers/2026/FAST2027/final/hilbert_thin_provisioning/external/veriq-benchmark/combinational/bv/bv_72.qasm,95f3cf437714bfb3048de3e42ed2098d21e951bf523c0dd03f9d3e2771ef0cf9,.qasm,2691,72,216,74,bernstein_vazirani,True,,0,stratum_not_selected
veriq,combinational/bv/bv_73.qasm,/home/audrey/code_and_papers/2026/FAST2027/final/hilbert_thin_provisioning/external/veriq-benchmark/combinational/bv/bv_73.qasm,e0f5e836d79c93651d2febe59acdb5417ca18afb971c81d5602f49ac118f4db9,.qasm,2728,73,219,75,bernstein_vazirani,True,,0,stratum_not_selected
veriq,combinational/bv/bv_74.qasm,/home/audrey/code_and_papers/2026/FAST2027/final/hilbert_thin_provisioning/external/veriq-benchmark/combinational/bv/bv_74.qasm,816aa3be6aaf8af2b13b35b07e72684a3586171a383b8ae752b5e13968bb0262,.qasm,2765,74,222,76,bernstein_vazirani,True,,0,stratum_not_selected
veriq,combinational/bv/bv_75.qasm,/home/audrey/code_and_papers/2026/FAST2027/final/hilbert_thin_provisioning/external/veriq-benchmark/combinational/bv/bv_75.qasm,2562afc058ffaad192f3182c80c222cce00f50df6e1906dac025625f28a5ba6e,.qasm,2802,75,225,77,bernstein_vazirani,True,,0,stratum_not_selected
veriq,combinational/bv/bv_76.qasm,/home/audrey/code_and_papers/2026/FAST2027/final/hilbert_thin_provisioning/external/veriq-benchmark/combinational/bv/bv_76.qasm,b5d11a5eea7983fc1edbc976bf8a6ead9f495c620628fb8553e88aa25921c411,.qasm,2839,76,228,78,bernstein_vazirani,True,,0,selected
veriq,combinational/bv/bv_77.qasm,/home/audrey/code_and_papers/2026/FAST2027/final/hilbert_thin_provisioning/external/veriq-benchmark/combinational/bv/bv_77.qasm,fa2d4f65097271c7d892cff9241fa864528214f8275789bc576f6ec2959637a0,.qasm,2876,77,231,79,bernstein_vazirani,True,,0,stratum_not_selected
veriq,combinational/bv/bv_78.qasm,/home/audrey/code_and_papers/2026/FAST2027/final/hilbert_thin_provisioning/external/veriq-benchmark/combinational/bv/bv_78.qasm,343a0f8592a5f05c239fc7503370742d327421b01cf3123ef833dbd80e9e5d8d,.qasm,2913,78,234,80,bernstein_vazirani,True,,0,stratum_not_selected
veriq,combinational/bv/bv_79.qasm,/home/audrey/code_and_papers/2026/FAST2027/final/hilbert_thin_provisioning/external/veriq-benchmark/combinational/bv/bv_79.qasm,c14bb45ea664fb6134abaab6351efd106ac3cc13c1637f04ccdcb926a9f5c1d2,.qasm,2950,79,237,81,bernstein_vazirani,True,,0,stratum_not_selected
veriq,combinational/bv/bv_8.qasm,/home/audrey/code_and_papers/2026/FAST2027/final/hilbert_thin_provisioning/external/veriq-benchmark/combinational/bv/bv_8.qasm,a2e3082263434081a8c0c09e8dd00d578c2bfae986e7f157052d51e1c5be1a37,.qasm,320,8,24,10,bernstein_vazirani,True,,0,stratum_not_selected
veriq,combinational/bv/bv_80.qasm,/home/audrey/code_and_papers/2026/FAST2027/final/hilbert_thin_provisioning/external/veriq-benchmark/combinational/bv/bv_80.qasm,68c2dac935e2305e55fb9003730e46458905e58aa368976a36713d2504ea29a9,.qasm,2987,80,240,82,bernstein_vazirani,True,,0,stratum_not_selected
veriq,combinational/bv/bv_81.qasm,/home/audrey/code_and_papers/2026/FAST2027/final/hilbert_thin_provisioning/external/veriq-benchmark/combinational/bv/bv_81.qasm,3e9272d7a6475713d1b6c73910fe2561cc869ffe45899a96e642af40ec485693,.qasm,3024,81,243,83,bernstein_vazirani,True,,0,stratum_not_selected
veriq,combinational/bv/bv_82.qasm,/home/audrey/code_and_papers/2026/FAST2027/final/hilbert_thin_provisioning/external/veriq-benchmark/combinational/bv/bv_82.qasm,11e46cbfbda3feae0e7cf274735c4f5e2ded6525bb31288b3fbd3a04add9683f,.qasm,3061,82,246,84,bernstein_vazirani,True,,0,stratum_not_selected
veriq,combinational/bv/bv_83.qasm,/home/audrey/code_and_papers/2026/FAST2027/final/hilbert_thin_provisioning/external/veriq-benchmark/combinational/bv/bv_83.qasm,7e300ea83038608c79de9ffb7151baa9db8c82d313540bc834d0e8b5cc3a8ec0,.qasm,3098,83,249,85,bernstein_vazirani,True,,0,stratum_not_selected
veriq,combinational/bv/bv_84.qasm,/home/audrey/code_and_papers/2026/FAST2027/final/hilbert_thin_provisioning/external/veriq-benchmark/combinational/bv/bv_84.qasm,aece849688e6b3815b548a9fb57ed191a933ceddb543644b0bb78c9f306826e5,.qasm,3135,84,252,86,bernstein_vazirani,True,,0,stratum_not_selected
veriq,combinational/bv/bv_85.qasm,/home/audrey/code_and_papers/2026/FAST2027/final/hilbert_thin_provisioning/external/veriq-benchmark/combinational/bv/bv_85.qasm,ee1f71e602e0117112f3651d3ccc557f31c9eb6c265d4aafdc48225e116bebce,.qasm,3172,85,255,87,bernstein_vazirani,True,,0,stratum_not_selected
veriq,combinational/bv/bv_86.qasm,/home/audrey/code_and_papers/2026/FAST2027/final/hilbert_thin_provisioning/external/veriq-benchmark/combinational/bv/bv_86.qasm,e95d15350a1351cb0bd50591c23922311b1106ef81553231e17f3b30184be435,.qasm,3209,86,258,88,bernstein_vazirani,True,,0,stratum_not_selected
veriq,combinational/bv/bv_87.qasm,/home/audrey/code_and_papers/2026/FAST2027/final/hilbert_thin_provisioning/external/veriq-benchmark/combinational/bv/bv_87.qasm,d0b1e1c7eefde4ef33f54441e1964f3a3f66b651304366ea9ea19e883adc4cc1,.qasm,3246,87,261,89,bernstein_vazirani,True,,0,stratum_not_selected
veriq,combinational/bv/bv_88.qasm,/home/audrey/code_and_papers/2026/FAST2027/final/hilbert_thin_provisioning/external/veriq-benchmark/combinational/bv/bv_88.qasm,6fe228867f6148af0c1141f25485df4511f82a62800ce7b0b0e35f113c45d4eb,.qasm,3283,88,264,90,bernstein_vazirani,True,,0,selected
veriq,combinational/bv/bv_89.qasm,/home/audrey/code_and_papers/2026/FAST2027/final/hilbert_thin_provisioning/external/veriq-benchmark/combinational/bv/bv_89.qasm,eb4204f47262161b36a7f43610b51b4f728df6aa1a753734397f711c709538aa,.qasm,3320,89,267,91,bernstein_vazirani,True,,0,stratum_not_selected
veriq,combinational/bv/bv_9.qasm,/home/audrey/code_and_papers/2026/FAST2027/final/hilbert_thin_provisioning/external/veriq-benchmark/combinational/bv/bv_9.qasm,61c7b01b2a0f11d1e75276a129fc2b82f295da236a1e70329e14913619b5cffc,.qasm,353,9,27,11,bernstein_vazirani,True,,0,stratum_not_selected
veriq,combinational/bv/bv_90.qasm,/home/audrey/code_and_papers/2026/FAST2027/final/hilbert_thin_provisioning/external/veriq-benchmark/combinational/bv/bv_90.qasm,6fa8a36d4c9c9f52bb2433ec6b649a062c94c67be2c471dd2f44c03be6547385,.qasm,3357,90,270,92,bernstein_vazirani,True,,0,stratum_not_selected
veriq,combinational/bv/bv_91.qasm,/home/audrey/code_and_papers/2026/FAST2027/final/hilbert_thin_provisioning/external/veriq-benchmark/combinational/bv/bv_91.qasm,d64515128fac798e2a1d86c6da3a0e0fdda1a047b5911724471d3b9a962c006b,.qasm,3394,91,273,93,bernstein_vazirani,True,,0,stratum_not_selected
veriq,combinational/bv/bv_92.qasm,/home/audrey/code_and_papers/2026/FAST2027/final/hilbert_thin_provisioning/external/veriq-benchmark/combinational/bv/bv_92.qasm,474bf9f946a97aefb99adb8f793c9da0931103c72f4b8fe849097216b7ce6752,.qasm,3431,92,276,94,bernstein_vazirani,True,,0,stratum_not_selected
veriq,combinational/bv/bv_93.qasm,/home/audrey/code_and_papers/2026/FAST2027/final/hilbert_thin_provisioning/external/veriq-benchmark/combinational/bv/bv_93.qasm,ac50aa08764314041e2efdeb327331fec95332a320078551f633f3f02bd9abe0,.qasm,3468,93,279,95,bernstein_vazirani,True,,0,stratum_not_selected
veriq,combinational/bv/bv_94.qasm,/home/audrey/code_and_papers/2026/FAST2027/final/hilbert_thin_provisioning/external/veriq-benchmark/combinational/bv/bv_94.qasm,3385e218eb961040b322111427f6d983da5e685a500f847a795d1a3057d08c40,.qasm,3505,94,282,96,bernstein_vazirani,True,,0,stratum_not_selected
veriq,combinational/bv/bv_95.qasm,/home/audrey/code_and_papers/2026/FAST2027/final/hilbert_thin_provisioning/external/veriq-benchmark/combinational/bv/bv_95.qasm,6f2830dcce7b7a7687aed6200520eea6dc183f436252ae17e917e445388cd0af,.qasm,3542,95,285,97,bernstein_vazirani,True,,0,stratum_not_selected
veriq,combinational/bv/bv_96.qasm,/home/audrey/code_and_papers/2026/FAST2027/final/hilbert_thin_provisioning/external/veriq-benchmark/combinational/bv/bv_96.qasm,39de8df5141c53bab7e325a4ed348d7f959f78efad80309bc172649365c4e25d,.qasm,3579,96,288,98,bernstein_vazirani,True,,0,stratum_not_selected
veriq,combinational/bv/bv_97.qasm,/home/audrey/code_and_papers/2026/FAST2027/final/hilbert_thin_provisioning/external/veriq-benchmark/combinational/bv/bv_97.qasm,2487147bb4355fb953484ba7e53772f3ad6d2f2002b967b360c6c70aca795315,.qasm,3616,97,291,99,bernstein_vazirani,True,,0,stratum_not_selected
veriq,combinational/bv/bv_98.qasm,/home/audrey/code_and_papers/2026/FAST2027/final/hilbert_thin_provisioning/external/veriq-benchmark/combinational/bv/bv_98.qasm,09bd2f0cd3ffc6596d9c1daeaf297e5e7360b5a9301227d83a7ca6890a50eb3b,.qasm,3653,98,294,100,bernstein_vazirani,True,,0,stratum_not_selected
veriq,combinational/bv/bv_99.qasm,/home/audrey/code_and_papers/2026/FAST2027/final/hilbert_thin_provisioning/external/veriq-benchmark/combinational/bv/bv_99.qasm,9e48123cb1975005189b243b28d90af2029455a5c8ffcf53910a7f6ea79acb0a,.qasm,3690,99,297,101,bernstein_vazirani,True,,0,stratum_not_selected
veriq,combinational/grover/grover_11.qasm,/home/audrey/code_and_papers/2026/FAST2027/final/hilbert_thin_provisioning/external/veriq-benchmark/combinational/grover/grover_11.qasm,8eac78100f0037dc09d5ffd86700858499c402b50872e3fc70403fd60cc530e4,.qasm,696,11,50,21,grover_oracle,True,,0,stratum_not_selected
veriq,combinational/grover/grover_13.qasm,/home/audrey/code_and_papers/2026/FAST2027/final/hilbert_thin_provisioning/external/veriq-benchmark/combinational/grover/grover_13.qasm,cef742b4aeaf93475eec9137b16196c5b71ef8859940095684ffb9f218c43d16,.qasm,835,13,59,25,grover_oracle,True,,0,selected
veriq,combinational/grover/grover_15.qasm,/home/audrey/code_and_papers/2026/FAST2027/final/hilbert_thin_provisioning/external/veriq-benchmark/combinational/grover/grover_15.qasm,e313a45d10a16aabdd8b8a90cf22cb22f8a543f540ff0a20207252bb74021ce4,.qasm,980,15,68,29,grover_oracle,True,,0,stratum_not_selected
veriq,combinational/grover/grover_17.qasm,/home/audrey/code_and_papers/2026/FAST2027/final/hilbert_thin_provisioning/external/veriq-benchmark/combinational/grover/grover_17.qasm,6509610c00f9124c4eaa14b283da1a1b03375b176efee3cf5839b5a80b6eb6de,.qasm,1125,17,77,33,grover_oracle,True,,0,stratum_not_selected
veriq,combinational/grover/grover_19.qasm,/home/audrey/code_and_papers/2026/FAST2027/final/hilbert_thin_provisioning/external/veriq-benchmark/combinational/grover/grover_19.qasm,4ec89c1f3bf26994937f11f10e23762fd9feb35e5527c84655b25df443b4d57d,.qasm,1270,19,86,37,grover_oracle,True,,0,selected
veriq,combinational/grover/grover_21.qasm,/home/audrey/code_and_papers/2026/FAST2027/final/hilbert_thin_provisioning/external/veriq-benchmark/combinational/grover/grover_21.qasm,0caebc7c834b78811f173fd892c6a431b2d5118fb3467a79a2f65c889135f06f,.qasm,1416,21,95,41,grover_oracle,True,,0,selected
veriq,combinational/grover/grover_23.qasm,/home/audrey/code_and_papers/2026/FAST2027/final/hilbert_thin_provisioning/external/veriq-benchmark/combinational/grover/grover_23.qasm,b03e2e216ffdc5cbd83288e4a9f3a256adb11aeb7dab127cfb79cd77bc1265cf,.qasm,1561,23,104,45,grover_oracle,True,,0,stratum_not_selected
veriq,combinational/grover/grover_25.qasm,/home/audrey/code_and_papers/2026/FAST2027/final/hilbert_thin_provisioning/external/veriq-benchmark/combinational/grover/grover_25.qasm,60da1933ef6a0dea1425425929546039f69f3aa091c8d4602414bf2f0d855e2a,.qasm,1707,25,113,49,grover_oracle,True,,0,stratum_not_selected
veriq,combinational/grover/grover_27.qasm,/home/audrey/code_and_papers/2026/FAST2027/final/hilbert_thin_provisioning/external/veriq-benchmark/combinational/grover/grover_27.qasm,851f3d8de7f080576cec753d66726daead003b540eb2cb134a6883bd6439abc4,.qasm,1853,27,122,53,grover_oracle,True,,0,selected
veriq,combinational/grover/grover_29.qasm,/home/audrey/code_and_papers/2026/FAST2027/final/hilbert_thin_provisioning/external/veriq-benchmark/combinational/grover/grover_29.qasm,ba47287b40b82b4e7122842c91b0a2b881263ce60729b6eb094490af87c80a59,.qasm,1999,29,131,57,grover_oracle,True,,0,stratum_not_selected
veriq,combinational/grover/grover_3.qasm,/home/audrey/code_and_papers/2026/FAST2027/final/hilbert_thin_provisioning/external/veriq-benchmark/combinational/grover/grover_3.qasm,89f085f900aa9644029ef296387c73eca456d145cf39375e746536babef84386,.qasm,212,3,16,9,grover_oracle,True,,0,selected
veriq,combinational/grover/grover_31.qasm,/home/audrey/code_and_papers/2026/FAST2027/final/hilbert_thin_provisioning/external/veriq-benchmark/combinational/grover/grover_31.qasm,b6c03eebc26773b2503398b0cdc192d51ab6ac80a1d6a668fc0a21a5c8ab20c1,.qasm,2145,31,140,61,grover_oracle,True,,0,stratum_not_selected
veriq,combinational/grover/grover_33.qasm,/home/audrey/code_and_papers/2026/FAST2027/final/hilbert_thin_provisioning/external/veriq-benchmark/combinational/grover/grover_33.qasm,caf4f6fd0033a07b4f85c8c55e0253a35b7835d4c9aab1eb113181abc4e05364,.qasm,2291,33,149,65,grover_oracle,True,,0,selected
veriq,combinational/grover/grover_35.qasm,/home/audrey/code_and_papers/2026/FAST2027/final/hilbert_thin_provisioning/external/veriq-benchmark/combinational/grover/grover_35.qasm,9369131dd4a71200e59ed539118035409b0dd432b25f9cb5d314ebd6749d1177,.qasm,2437,35,158,69,grover_oracle,True,,0,stratum_not_selected
veriq,combinational/grover/grover_37.qasm,/home/audrey/code_and_papers/2026/FAST2027/final/hilbert_thin_provisioning/external/veriq-benchmark/combinational/grover/grover_37.qasm,442035059d3b765640552c7685c6b2f2ac54d9f6586c6789164108c4f3425b96,.qasm,2583,37,167,73,grover_oracle,True,,0,stratum_not_selected
veriq,combinational/grover/grover_39.qasm,/home/audrey/code_and_papers/2026/FAST2027/final/hilbert_thin_provisioning/external/veriq-benchmark/combinational/grover/grover_39.qasm,02bc74969fc7454896ac74a8ae070e93873a227b4bdd505a931296e079a3fd74,.qasm,2729,39,176,77,grover_oracle,True,,0,selected
veriq,combinational/grover/grover_41.qasm,/home/audrey/code_and_papers/2026/FAST2027/final/hilbert_thin_provisioning/external/veriq-benchmark/combinational/grover/grover_41.qasm,f66877b01090da093b01869dd46e33e6f1a80be22e73377130a9af9b8a9aa411,.qasm,2875,41,185,81,grover_oracle,True,,0,selected
veriq,combinational/grover/grover_43.qasm,/home/audrey/code_and_papers/2026/FAST2027/final/hilbert_thin_provisioning/external/veriq-benchmark/combinational/grover/grover_43.qasm,136c11c86b18f65c23aff1749e41c7f7b614172679d0f969925699aeefede947,.qasm,3021,43,194,85,grover_oracle,True,,0,stratum_not_selected
veriq,combinational/grover/grover_45.qasm,/home/audrey/code_and_papers/2026/FAST2027/final/hilbert_thin_provisioning/external/veriq-benchmark/combinational/grover/grover_45.qasm,2b62e20c20de5251be86aacb1e65290177d3006dda6143ecb7b96856d220f238,.qasm,3167,45,203,89,grover_oracle,True,,0,stratum_not_selected
veriq,combinational/grover/grover_47.qasm,/home/audrey/code_and_papers/2026/FAST2027/final/hilbert_thin_provisioning/external/veriq-benchmark/combinational/grover/grover_47.qasm,643727ab8e80e61116fd7aadc539633a7e30f9530a2d6c6cc8993c2901b0d696,.qasm,3313,47,212,93,grover_oracle,True,,0,selected
veriq,combinational/grover/grover_49.qasm,/home/audrey/code_and_papers/2026/FAST2027/final/hilbert_thin_provisioning/external/veriq-benchmark/combinational/grover/grover_49.qasm,459332329ef43e11dcdf5faa26f67d341dcf6c08ead4f42da18550e67b0bdebb,.qasm,3459,49,221,97,grover_oracle,True,,0,stratum_not_selected
veriq,combinational/grover/grover_5.qasm,/home/audrey/code_and_papers/2026/FAST2027/final/hilbert_thin_provisioning/external/veriq-benchmark/combinational/grover/grover_5.qasm,6791d463d23bc08e5019fec4d99db10c84f94c74d5a692965b3d2500c274783e,.qasm,305,5,23,10,grover_oracle,True,,0,stratum_not_selected
veriq,combinational/grover/grover_51.qasm,/home/audrey/code_and_papers/2026/FAST2027/final/hilbert_thin_provisioning/external/veriq-benchmark/combinational/grover/grover_51.qasm,4189332986c16db9db4cf56487f43c32b941027b7b404b6d384f66beeb2c8a16,.qasm,3605,51,230,101,grover_oracle,True,,0,stratum_not_selected
veriq,combinational/grover/grover_53.qasm,/home/audrey/code_and_papers/2026/FAST2027/final/hilbert_thin_provisioning/external/veriq-benchmark/combinational/grover/grover_53.qasm,36e118ffc80ee5195b171f29892135c8da55367652121096936d3748e2953109,.qasm,3751,53,239,105,grover_oracle,True,,0,stratum_not_selected
veriq,combinational/grover/grover_55.qasm,/home/audrey/code_and_papers/2026/FAST2027/final/hilbert_thin_provisioning/external/veriq-benchmark/combinational/grover/grover_55.qasm,239e79e1472bf67a5d06c7cc7a5c176a5b55198978eb3f3ec3b31c75994e6ceb,.qasm,3897,55,248,109,grover_oracle,True,,0,selected
veriq,combinational/grover/grover_57.qasm,/home/audrey/code_and_papers/2026/FAST2027/final/hilbert_thin_provisioning/external/veriq-benchmark/combinational/grover/grover_57.qasm,6a9d707a80395a1f488cd7621d208676c39c282f59f168c01f6ea93398c34a89,.qasm,4043,57,257,113,grover_oracle,True,,0,stratum_not_selected
veriq,combinational/grover/grover_59.qasm,/home/audrey/code_and_papers/2026/FAST2027/final/hilbert_thin_provisioning/external/veriq-benchmark/combinational/grover/grover_59.qasm,a17d8f4634ae121fc37559f9f293ee99f36edc8614b9a4f5ee920150f96305f4,.qasm,4189,59,266,117,grover_oracle,True,,0,stratum_not_selected
veriq,combinational/grover/grover_61.qasm,/home/audrey/code_and_papers/2026/FAST2027/final/hilbert_thin_provisioning/external/veriq-benchmark/combinational/grover/grover_61.qasm,52155319187e527bac8403cc676ee59a5496a28f93d6b057c8587224345f9fa4,.qasm,4335,61,275,121,grover_oracle,True,,0,stratum_not_selected
veriq,combinational/grover/grover_63.qasm,/home/audrey/code_and_papers/2026/FAST2027/final/hilbert_thin_provisioning/external/veriq-benchmark/combinational/grover/grover_63.qasm,58c13af32fc14a5aa88d2192ed1edbb55795a3d14337e649e7e243b0afa27b2b,.qasm,4481,63,284,125,grover_oracle,True,,0,selected
veriq,combinational/grover/grover_65.qasm,/home/audrey/code_and_papers/2026/FAST2027/final/hilbert_thin_provisioning/external/veriq-benchmark/combinational/grover/grover_65.qasm,a88c9169ac8af897633ea860d5ed1ed3e536192ba2f7dc4e2386df018976556b,.qasm,4627,65,293,129,grover_oracle,True,,0,selected
veriq,combinational/grover/grover_67.qasm,/home/audrey/code_and_papers/2026/FAST2027/final/hilbert_thin_provisioning/external/veriq-benchmark/combinational/grover/grover_67.qasm,f4cd1bf2ebb57633f533ad3e1fb33047b51c279190a3b87fed2c7ade884967a1,.qasm,4773,67,302,133,grover_oracle,True,,0,stratum_not_selected
veriq,combinational/grover/grover_69.qasm,/home/audrey/code_and_papers/2026/FAST2027/final/hilbert_thin_provisioning/external/veriq-benchmark/combinational/grover/grover_69.qasm,ffde8d5f698b4141d4ad75b1b4ff8aa96d0744641b0fe2c26124c6d4244c9ba3,.qasm,4919,69,311,137,grover_oracle,True,,0,stratum_not_selected
veriq,combinational/grover/grover_7.qasm,/home/audrey/code_and_papers/2026/FAST2027/final/hilbert_thin_provisioning/external/veriq-benchmark/combinational/grover/grover_7.qasm,ace41440241ebf83077bc1453c678a7f1e229e5ac7df6f2eefc5c8e1dd3db456,.qasm,434,7,32,13,grover_oracle,True,,0,selected
veriq,combinational/grover/grover_71.qasm,/home/audrey/code_and_papers/2026/FAST2027/final/hilbert_thin_provisioning/external/veriq-benchmark/combinational/grover/grover_71.qasm,ed0d553b7ef2ef7acf80846cd79688abd3436907ba7531a7f4b24e7af9ef3b7b,.qasm,5065,71,320,141,grover_oracle,True,,0,stratum_not_selected
veriq,combinational/grover/grover_73.qasm,/home/audrey/code_and_papers/2026/FAST2027/final/hilbert_thin_provisioning/external/veriq-benchmark/combinational/grover/grover_73.qasm,0ee7e1df2464f3f7754e8bba250203043631c0a837c0df0292da88542771c22d,.qasm,5211,73,329,145,grover_oracle,True,,0,stratum_not_selected
veriq,combinational/grover/grover_75.qasm,/home/audrey/code_and_papers/2026/FAST2027/final/hilbert_thin_provisioning/external/veriq-benchmark/combinational/grover/grover_75.qasm,590a3f2652ecf03c27dee6522db49ad55683ab970a02aba78cdc0c9809889685,.qasm,5357,75,338,149,grover_oracle,True,,0,selected
veriq,combinational/grover/grover_77.qasm,/home/audrey/code_and_papers/2026/FAST2027/final/hilbert_thin_provisioning/external/veriq-benchmark/combinational/grover/grover_77.qasm,7ad241f0902363c88927991538551aaf0b05debf63a189cc0ef7f4c8959e03f1,.qasm,5503,77,347,153,grover_oracle,True,,0,stratum_not_selected
veriq,combinational/grover/grover_79.qasm,/home/audrey/code_and_papers/2026/FAST2027/final/hilbert_thin_provisioning/external/veriq-benchmark/combinational/grover/grover_79.qasm,dee7b6bf93c7f7a20a25d0504ba6a14ef49e93768bbadc3f910e2e33fc19e2d2,.qasm,5649,79,356,157,grover_oracle,True,,0,stratum_not_selected
veriq,combinational/grover/grover_81.qasm,/home/audrey/code_and_papers/2026/FAST2027/final/hilbert_thin_provisioning/external/veriq-benchmark/combinational/grover/grover_81.qasm,411b782baf9da14104fdea307d122be4e7d4d5c9223b00230625ff30f7d53fcf,.qasm,5795,81,365,161,grover_oracle,True,,0,stratum_not_selected
veriq,combinational/grover/grover_83.qasm,/home/audrey/code_and_papers/2026/FAST2027/final/hilbert_thin_provisioning/external/veriq-benchmark/combinational/grover/grover_83.qasm,67be36b4deeb27df1a9340eb252214cfe772be13d0f7335fe63f77e6cde006f9,.qasm,5941,83,374,165,grover_oracle,True,,0,stratum_not_selected
veriq,combinational/grover/grover_85.qasm,/home/audrey/code_and_papers/2026/FAST2027/final/hilbert_thin_provisioning/external/veriq-benchmark/combinational/grover/grover_85.qasm,10b3ee1327ac27b5b72976c91c5a2fdb4a9e6cd0ac560765e45fe68f0cf901fb,.qasm,6087,85,383,169,grover_oracle,True,,0,stratum_not_selected
veriq,combinational/grover/grover_87.qasm,/home/audrey/code_and_papers/2026/FAST2027/final/hilbert_thin_provisioning/external/veriq-benchmark/combinational/grover/grover_87.qasm,85d0fb9485e46a9bc3bd30b010daa41f87405fcbd6e1ebd9091ea8a9c97cf2a6,.qasm,6233,87,392,173,grover_oracle,True,,0,selected
veriq,combinational/grover/grover_89.qasm,/home/audrey/code_and_papers/2026/FAST2027/final/hilbert_thin_provisioning/external/veriq-benchmark/combinational/grover/grover_89.qasm,ba8e98912ec8f4ea1a5d2e6fa5014af239fc7c43c57b18c7d1fa6ded8a53856b,.qasm,6379,89,401,177,grover_oracle,True,,0,stratum_not_selected
veriq,combinational/grover/grover_9.qasm,/home/audrey/code_and_papers/2026/FAST2027/final/hilbert_thin_provisioning/external/veriq-benchmark/combinational/grover/grover_9.qasm,cf2bbe8ebcb565e8397dcd111787b7a92d741f4a99ed614b1b897826e9695e2c,.qasm,563,9,41,17,grover_oracle,True,,0,stratum_not_selected
veriq,combinational/grover/grover_91.qasm,/home/audrey/code_and_papers/2026/FAST2027/final/hilbert_thin_provisioning/external/veriq-benchmark/combinational/grover/grover_91.qasm,4cec5ce5c82623be568fac3bdabb5277c0f7eeeb47aac6b856517f72fc7d6097,.qasm,6525,91,410,181,grover_oracle,True,,0,stratum_not_selected
veriq,combinational/grover/grover_93.qasm,/home/audrey/code_and_papers/2026/FAST2027/final/hilbert_thin_provisioning/external/veriq-benchmark/combinational/grover/grover_93.qasm,614cd7501dbe22717c079f1ce6a9023455ce0dfedcd21e28dc8af82c82259d60,.qasm,6671,93,419,185,grover_oracle,True,,0,stratum_not_selected
veriq,combinational/grover/grover_95.qasm,/home/audrey/code_and_papers/2026/FAST2027/final/hilbert_thin_provisioning/external/veriq-benchmark/combinational/grover/grover_95.qasm,f196425e7aac85a587a19fee61b0cbea4b61ffb13487b71058b188729d35a6d8,.qasm,6817,95,428,189,grover_oracle,True,,0,stratum_not_selected
veriq,combinational/grover/grover_97.qasm,/home/audrey/code_and_papers/2026/FAST2027/final/hilbert_thin_provisioning/external/veriq-benchmark/combinational/grover/grover_97.qasm,688a77522791f351b6f437bfba69b81df71450a118d1ba13dc68fd50083362c1,.qasm,6963,97,437,193,grover_oracle,True,,0,stratum_not_selected
veriq,combinational/grover/grover_99.qasm,/home/audrey/code_and_papers/2026/FAST2027/final/hilbert_thin_provisioning/external/veriq-benchmark/combinational/grover/grover_99.qasm,f37bf133b877b67e377fec0d3a91132c1423aadc381f56bbe1539a4c7d1e849a,.qasm,7109,99,446,197,grover_oracle,True,,0,selected
veriq,combinational/pe/pe_10.qasm,/home/audrey/code_and_papers/2026/FAST2027/final/hilbert_thin_provisioning/external/veriq-benchmark/combinational/pe/pe_10.qasm,bf93f8b2a0a733ff29174282c93f5340da6b3b98bdac86405766895712b8807c,.qasm,1543,11,75,30,phase_estimation,True,,0,stratum_not_selected
veriq,combinational/pe/pe_100.qasm,/home/audrey/code_and_papers/2026/FAST2027/final/hilbert_thin_provisioning/external/veriq-benchmark/combinational/pe/pe_100.qasm,3dbf0d571250dca99095890af9c5f49eb7cbceadb216235499ac2c1449e1766b,.qasm,145408,101,5250,300,phase_estimation,True,,0,stratum_not_selected
veriq,combinational/pe/pe_11.qasm,/home/audrey/code_and_papers/2026/FAST2027/final/hilbert_thin_provisioning/external/veriq-benchmark/combinational/pe/pe_11.qasm,e658de5b971101764e1b8b454ac5fc4e6ebd9b31ef5bd1ed7eecb74b25586790,.qasm,1839,12,88,33,phase_estimation,True,,0,stratum_not_selected
veriq,combinational/pe/pe_12.qasm,/home/audrey/code_and_papers/2026/FAST2027/final/hilbert_thin_provisioning/external/veriq-benchmark/combinational/pe/pe_12.qasm,faa02880ea0f51db310299f520a60eb27dfbe83d44be4d843461611aba9b7cae,.qasm,2163,13,102,36,phase_estimation,True,,0,stratum_not_selected
veriq,combinational/pe/pe_13.qasm,/home/audrey/code_and_papers/2026/FAST2027/final/hilbert_thin_provisioning/external/veriq-benchmark/combinational/pe/pe_13.qasm,7f7e1dfa7d5fc0b73d3aab05d01c15c88993a69f9b17b1a963bd4ca9904b86dd,.qasm,2515,14,117,39,phase_estimation,True,,0,selected
veriq,combinational/pe/pe_14.qasm,/home/audrey/code_and_papers/2026/FAST2027/final/hilbert_thin_provisioning/external/veriq-benchmark/combinational/pe/pe_14.qasm,dfdfb76e33643312c79695f9ac01e54e8a39f98c22d89169c5644a096fc845f0,.qasm,2896,15,133,42,phase_estimation,True,,0,stratum_not_selected
veriq,combinational/pe/pe_15.qasm,/home/audrey/code_and_papers/2026/FAST2027/final/hilbert_thin_provisioning/external/veriq-benchmark/combinational/pe/pe_15.qasm,d6f24373cd68cf72d287dde1aebc74ab7d014108e202037913a8e8ef5878ede7,.qasm,3306,16,150,45,phase_estimation,True,,0,stratum_not_selected
veriq,combinational/pe/pe_16.qasm,/home/audrey/code_and_papers/2026/FAST2027/final/hilbert_thin_provisioning/external/veriq-benchmark/combinational/pe/pe_16.qasm,914b2d2dd21967e348d9d13df0ca1a920be46970bdd7f5bbd809644d998a9004,.qasm,3745,17,168,48,phase_estimation,True,,0,stratum_not_selected
veriq,combinational/pe/pe_17.qasm,/home/audrey/code_and_papers/2026/FAST2027/final/hilbert_thin_provisioning/external/veriq-benchmark/combinational/pe/pe_17.qasm,22831d2f6e340498ab84061a3ec1645bc1dbeeafacec1d4065f7a38b2771fcac,.qasm,4214,18,187,51,phase_estimation,True,,0,stratum_not_selected
veriq,combinational/pe/pe_18.qasm,/home/audrey/code_and_papers/2026/FAST2027/final/hilbert_thin_provisioning/external/veriq-benchmark/combinational/pe/pe_18.qasm,f2009760816f798648709cb495a331f5b98d7070364e7b1c2c51d002ab0dce3b,.qasm,4713,19,207,54,phase_estimation,True,,0,stratum_not_selected
veriq,combinational/pe/pe_19.qasm,/home/audrey/code_and_papers/2026/FAST2027/final/hilbert_thin_provisioning/external/veriq-benchmark/combinational/pe/pe_19.qasm,fd197b825ed78319c8eef87d8dbfbe06ac1a3b27cadb00b1e50519889920ea0e,.qasm,5242,20,228,57,phase_estimation,True,,0,selected
veriq,combinational/pe/pe_2.qasm,/home/audrey/code_and_papers/2026/FAST2027/final/hilbert_thin_provisioning/external/veriq-benchmark/combinational/pe/pe_2.qasm,7a121e1055b05cae9157c20d26946834bf6303862e420748add6730042b72ce2,.qasm,169,3,7,6,phase_estimation,True,,0,selected
veriq,combinational/pe/pe_20.qasm,/home/audrey/code_and_papers/2026/FAST2027/final/hilbert_thin_provisioning/external/veriq-benchmark/combinational/pe/pe_20.qasm,5c7a2bff8f357c18e9866401d5717937a1fcb5d4cad69ebd769934e8a83573ad,.qasm,5802,21,250,60,phase_estimation,True,,0,stratum_not_selected
veriq,combinational/pe/pe_21.qasm,/home/audrey/code_and_papers/2026/FAST2027/final/hilbert_thin_provisioning/external/veriq-benchmark/combinational/pe/pe_21.qasm,dd50c1842ade0416356b23c35df8948ff82866ff08cf3a2c058037cb2271fb75,.qasm,6393,22,273,63,phase_estimation,True,,0,stratum_not_selected
veriq,combinational/pe/pe_22.qasm,/home/audrey/code_and_papers/2026/FAST2027/final/hilbert_thin_provisioning/external/veriq-benchmark/combinational/pe/pe_22.qasm,5eecb7b712dc4cea084e0b50768a49465980f6ec489ef8a58f296836e68cf957,.qasm,7015,23,297,66,phase_estimation,True,,0,stratum_not_selected
veriq,combinational/pe/pe_23.qasm,/home/audrey/code_and_papers/2026/FAST2027/final/hilbert_thin_provisioning/external/veriq-benchmark/combinational/pe/pe_23.qasm,d798ffa2beafc6c62689f26420610599d07f6263db5e0388f450424fb1b841bb,.qasm,7668,24,322,69,phase_estimation,True,,0,stratum_not_selected
veriq,combinational/pe/pe_24.qasm,/home/audrey/code_and_papers/2026/FAST2027/final/hilbert_thin_provisioning/external/veriq-benchmark/combinational/pe/pe_24.qasm,8609c3ba7dc2b5a08a89e73b822a351c278768cc0944a1418cefe266b35f6698,.qasm,8353,25,348,72,phase_estimation,True,,0,stratum_not_selected
veriq,combinational/pe/pe_25.qasm,/home/audrey/code_and_papers/2026/FAST2027/final/hilbert_thin_provisioning/external/veriq-benchmark/combinational/pe/pe_25.qasm,a51bea436640da7972f5b5cf7b155304087c6d84f8baf9de625f11b1a5b2df66,.qasm,9070,26,375,75,phase_estimation,True,,0,stratum_not_selected
veriq,combinational/pe/pe_26.qasm,/home/audrey/code_and_papers/2026/FAST2027/final/hilbert_thin_provisioning/external/veriq-benchmark/combinational/pe/pe_26.qasm,73ff768315b5b44a68e618087d95248827ee5503c6343073e659169bca50a702,.qasm,9819,27,403,78,phase_estimation,True,,0,stratum_not_selected
veriq,combinational/pe/pe_27.qasm,/home/audrey/code_and_papers/2026/FAST2027/final/hilbert_thin_provisioning/external/veriq-benchmark/combinational/pe/pe_27.qasm,05a222dbf0ba10a62516c1c757d896269936a2c5e02d973d4e83dfa742ad876e,.qasm,10601,28,432,81,phase_estimation,True,,0,stratum_not_selected
veriq,combinational/pe/pe_28.qasm,/home/audrey/code_and_papers/2026/FAST2027/final/hilbert_thin_provisioning/external/veriq-benchmark/combinational/pe/pe_28.qasm,9b776408de1d7ee6bb1741208be219f8cce69fa4dbc46cd9207515b1145c3a07,.qasm,11416,29,462,84,phase_estimation,True,,0,stratum_not_selected
veriq,combinational/pe/pe_29.qasm,/home/audrey/code_and_papers/2026/FAST2027/final/hilbert_thin_provisioning/external/veriq-benchmark/combinational/pe/pe_29.qasm,a34ff941cad2a3d9f65629aac421eabb5c44183e0503ce5c1af7de50cb06d3f5,.qasm,12264,30,493,87,phase_estimation,True,,0,stratum_not_selected
veriq,combinational/pe/pe_3.qasm,/home/audrey/code_and_papers/2026/FAST2027/final/hilbert_thin_provisioning/external/veriq-benchmark/combinational/pe/pe_3.qasm,360e9b8a473b7de0428cc77768378c3c9178807f6fe176a40d85a6b355cd80a3,.qasm,257,4,12,9,phase_estimation,True,,0,stratum_not_selected
veriq,combinational/pe/pe_30.qasm,/home/audrey/code_and_papers/2026/FAST2027/final/hilbert_thin_provisioning/external/veriq-benchmark/combinational/pe/pe_30.qasm,b37374f4677c033661695370c3e63e86c22ccfb420e020deedd98fcd601c9818,.qasm,13146,31,525,90,phase_estimation,True,,0,stratum_not_selected
veriq,combinational/pe/pe_31.qasm,/home/audrey/code_and_papers/2026/FAST2027/final/hilbert_thin_provisioning/external/veriq-benchmark/combinational/pe/pe_31.qasm,47a6478042bb61a91522adfde85cea2a4cb9662fe63f00c58dcdd384b24147b6,.qasm,14062,32,558,93,phase_estimation,True,,0,stratum_not_selected
veriq,combinational/pe/pe_32.qasm,/home/audrey/code_and_papers/2026/FAST2027/final/hilbert_thin_provisioning/external/veriq-benchmark/combinational/pe/pe_32.qasm,84c9be853e411829fec1053714fdd87b3e81216d4c7663be27b928e0d86c285f,.qasm,15012,33,592,96,phase_estimation,True,,0,stratum_not_selected
veriq,combinational/pe/pe_33.qasm,/home/audrey/code_and_papers/2026/FAST2027/final/hilbert_thin_provisioning/external/veriq-benchmark/combinational/pe/pe_33.qasm,6b5ebc7c7f5e59503a5afebad28b691e3c9a4c3e34ffe0cf33c384638d2963e4,.qasm,15996,34,627,99,phase_estimation,True,,0,stratum_not_selected
veriq,combinational/pe/pe_34.qasm,/home/audrey/code_and_papers/2026/FAST2027/final/hilbert_thin_provisioning/external/veriq-benchmark/combinational/pe/pe_34.qasm,053a84208805129ca25905a72cd61e4cc0cc69206b1878db3e06413b7b5b19f1,.qasm,17015,35,663,102,phase_estimation,True,,0,stratum_not_selected
veriq,combinational/pe/pe_35.qasm,/home/audrey/code_and_papers/2026/FAST2027/final/hilbert_thin_provisioning/external/veriq-benchmark/combinational/pe/pe_35.qasm,bbc3e69f22ab758e8fbb27fe034dc750849441878c16e0dfe93d3b6cb49e1c4c,.qasm,18069,36,700,105,phase_estimation,True,,0,stratum_not_selected
veriq,combinational/pe/pe_36.qasm,/home/audrey/code_and_papers/2026/FAST2027/final/hilbert_thin_provisioning/external/veriq-benchmark/combinational/pe/pe_36.qasm,69216a4c57b5d4db4e3ac6823742607a8d0af4359d536762ed4d3e66e27ba617,.qasm,19158,37,738,108,phase_estimation,True,,0,stratum_not_selected
veriq,combinational/pe/pe_37.qasm,/home/audrey/code_and_papers/2026/FAST2027/final/hilbert_thin_provisioning/external/veriq-benchmark/combinational/pe/pe_37.qasm,bdea5f99041821c41869ce9c166aa1f53fbed44701da60cbd9cea02f8c173a77,.qasm,20283,38,777,111,phase_estimation,True,,0,stratum_not_selected
veriq,combinational/pe/pe_38.qasm,/home/audrey/code_and_papers/2026/FAST2027/final/hilbert_thin_provisioning/external/veriq-benchmark/combinational/pe/pe_38.qasm,1fba1f5fafc59798b6f9db9b6ec7d01ff53bdd9777ce09b4a9f9f13a378f21bb,.qasm,21444,39,817,114,phase_estimation,True,,0,stratum_not_selected
veriq,combinational/pe/pe_39.qasm,/home/audrey/code_and_papers/2026/FAST2027/final/hilbert_thin_provisioning/external/veriq-benchmark/combinational/pe/pe_39.qasm,ffae8c8ea63be0bdc91ebedc9f424c1471369a2e14f8d5bf9ebcd9f519078ab5,.qasm,22641,40,858,117,phase_estimation,True,,0,stratum_not_selected
veriq,combinational/pe/pe_4.qasm,/home/audrey/code_and_papers/2026/FAST2027/final/hilbert_thin_provisioning/external/veriq-benchmark/combinational/pe/pe_4.qasm,ef231e390335176615acd024f9a2b924b89ac25cec4841986e72abecf9c3ee1e,.qasm,367,5,18,12,phase_estimation,True,,0,stratum_not_selected
veriq,combinational/pe/pe_40.qasm,/home/audrey/code_and_papers/2026/FAST2027/final/hilbert_thin_provisioning/external/veriq-benchmark/combinational/pe/pe_40.qasm,8d4bc9481cb5f5b7112f0c95f8817c9df350399a2aa700ae672b9200cf93e5db,.qasm,23875,41,900,120,phase_estimation,True,,0,selected
veriq,combinational/pe/pe_41.qasm,/home/audrey/code_and_papers/2026/FAST2027/final/hilbert_thin_provisioning/external/veriq-benchmark/combinational/pe/pe_41.qasm,5e086a7c02c33f076ed19bdbaf23d1a4e5e60fbaa4e6070e0d9e51c639992671,.qasm,25146,42,943,123,phase_estimation,True,,0,selected
veriq,combinational/pe/pe_42.qasm,/home/audrey/code_and_papers/2026/FAST2027/final/hilbert_thin_provisioning/external/veriq-benchmark/combinational/pe/pe_42.qasm,c7e3262928d1680a00b269cb4aa33f4433c37a9a47cb5ca589f48174c12af8ba,.qasm,26454,43,987,126,phase_estimation,True,,0,selected
veriq,combinational/pe/pe_43.qasm,/home/audrey/code_and_papers/2026/FAST2027/final/hilbert_thin_provisioning/external/veriq-benchmark/combinational/pe/pe_43.qasm,7f5f601387bbd49ab0fafc46c41bc8199f9bf47ef1ed636a81ed65f02e7b35bd,.qasm,27799,44,1032,129,phase_estimation,True,,0,stratum_not_selected
veriq,combinational/pe/pe_44.qasm,/home/audrey/code_and_papers/2026/FAST2027/final/hilbert_thin_provisioning/external/veriq-benchmark/combinational/pe/pe_44.qasm,6b09d3c47c09f0e4988d210665677a3736434de085bc127e9ddbb7f55d25b5da,.qasm,29182,45,1078,132,phase_estimation,True,,0,stratum_not_selected
veriq,combinational/pe/pe_45.qasm,/home/audrey/code_and_papers/2026/FAST2027/final/hilbert_thin_provisioning/external/veriq-benchmark/combinational/pe/pe_45.qasm,ae5f58ec7c911306be4fa442543ad84402dc8ff44298412facc4f700520ae9ef,.qasm,30603,46,1125,135,phase_estimation,True,,0,stratum_not_selected
veriq,combinational/pe/pe_46.qasm,/home/audrey/code_and_papers/2026/FAST2027/final/hilbert_thin_provisioning/external/veriq-benchmark/combinational/pe/pe_46.qasm,bb6ca5208a62d4b8c7f25049480bec31b03ca6a77d1028086aa4e87ec0e13976,.qasm,32062,47,1173,138,phase_estimation,True,,0,stratum_not_selected
veriq,combinational/pe/pe_47.qasm,/home/audrey/code_and_papers/2026/FAST2027/final/hilbert_thin_provisioning/external/veriq-benchmark/combinational/pe/pe_47.qasm,b9c6733f843678e24f0fd27ea72d40b2159d61e71fb8f55a8ee90ab5403e2ca7,.qasm,33560,48,1222,141,phase_estimation,True,,0,stratum_not_selected
veriq,combinational/pe/pe_48.qasm,/home/audrey/code_and_papers/2026/FAST2027/final/hilbert_thin_provisioning/external/veriq-benchmark/combinational/pe/pe_48.qasm,28eea66031e68616b61988a1ecab88e4908918676fa299035cbe9ec804b23756,.qasm,35097,49,1272,144,phase_estimation,True,,0,stratum_not_selected
veriq,combinational/pe/pe_49.qasm,/home/audrey/code_and_papers/2026/FAST2027/final/hilbert_thin_provisioning/external/veriq-benchmark/combinational/pe/pe_49.qasm,26afd9ee645209cd90f1a85246956c077e07285955424a8aab9c6f9bdfd54027,.qasm,36673,50,1323,147,phase_estimation,True,,0,stratum_not_selected
veriq,combinational/pe/pe_5.qasm,/home/audrey/code_and_papers/2026/FAST2027/final/hilbert_thin_provisioning/external/veriq-benchmark/combinational/pe/pe_5.qasm,8acf37a0260787f1c66e2e27be28a7a99b3646caea77afddf7b17cfcbd4074f7,.qasm,501,6,25,15,phase_estimation,True,,0,stratum_not_selected
veriq,combinational/pe/pe_50.qasm,/home/audrey/code_and_papers/2026/FAST2027/final/hilbert_thin_provisioning/external/veriq-benchmark/combinational/pe/pe_50.qasm,54602c65eab736b776dfce2091eb1ea45c06d5b0ae71f822c9ce8521042dbfed,.qasm,38271,51,1375,150,phase_estimation,True,,0,stratum_not_selected
veriq,combinational/pe/pe_51.qasm,/home/audrey/code_and_papers/2026/FAST2027/final/hilbert_thin_provisioning/external/veriq-benchmark/combinational/pe/pe_51.qasm,f625fe0f12513ad64680c247a832dfcce1c84e0663873210bd8507d5732b238b,.qasm,39890,52,1428,153,phase_estimation,True,,0,stratum_not_selected
veriq,combinational/pe/pe_52.qasm,/home/audrey/code_and_papers/2026/FAST2027/final/hilbert_thin_provisioning/external/veriq-benchmark/combinational/pe/pe_52.qasm,c6abf66045c36a20383694e2f4671f9eec419aad235ba45df4c944b8cbe38bed,.qasm,41530,53,1482,156,phase_estimation,True,,0,stratum_not_selected
veriq,combinational/pe/pe_53.qasm,/home/audrey/code_and_papers/2026/FAST2027/final/hilbert_thin_provisioning/external/veriq-benchmark/combinational/pe/pe_53.qasm,9b54f7c2c2b7295b71125a674c1ff9eaf8a2f822c225a5b90c69eeef1a90cd3f,.qasm,43191,54,1537,159,phase_estimation,True,,0,stratum_not_selected
veriq,combinational/pe/pe_54.qasm,/home/audrey/code_and_papers/2026/FAST2027/final/hilbert_thin_provisioning/external/veriq-benchmark/combinational/pe/pe_54.qasm,2f953f4c48519cea5b51152bb7fe948c4a9a2a45cf347d5050ba27ea287af7c8,.qasm,44874,55,1593,162,phase_estimation,True,,0,stratum_not_selected
veriq,combinational/pe/pe_55.qasm,/home/audrey/code_and_papers/2026/FAST2027/final/hilbert_thin_provisioning/external/veriq-benchmark/combinational/pe/pe_55.qasm,14d064c4782097d97662c52077d7e4fe1235145522f22ceebc4fd99adabe713e,.qasm,46578,56,1650,165,phase_estimation,True,,0,stratum_not_selected
veriq,combinational/pe/pe_56.qasm,/home/audrey/code_and_papers/2026/FAST2027/final/hilbert_thin_provisioning/external/veriq-benchmark/combinational/pe/pe_56.qasm,1f0300f093be18738e748cd2bdf86243c2683f209e5ec7525e523744d0b04e7b,.qasm,48303,57,1708,168,phase_estimation,True,,0,stratum_not_selected
veriq,combinational/pe/pe_57.qasm,/home/audrey/code_and_papers/2026/FAST2027/final/hilbert_thin_provisioning/external/veriq-benchmark/combinational/pe/pe_57.qasm,273c0e5f673cd9256d7a4e7331d5d234d698475d24d5113812e7d4084005e38d,.qasm,50050,58,1767,171,phase_estimation,True,,0,stratum_not_selected
veriq,combinational/pe/pe_58.qasm,/home/audrey/code_and_papers/2026/FAST2027/final/hilbert_thin_provisioning/external/veriq-benchmark/combinational/pe/pe_58.qasm,e7a1da52eadff0bc8d3f9f52d9fb3366f5a9d7d7c197c6f031d1e11d0f444179,.qasm,51818,59,1827,174,phase_estimation,True,,0,stratum_not_selected
veriq,combinational/pe/pe_59.qasm,/home/audrey/code_and_papers/2026/FAST2027/final/hilbert_thin_provisioning/external/veriq-benchmark/combinational/pe/pe_59.qasm,51730faf7c6f09c8ab4a6f5f4610941b6eb909fbb5464cfe3c726f2ed7088c3e,.qasm,53607,60,1888,177,phase_estimation,True,,0,stratum_not_selected
veriq,combinational/pe/pe_6.qasm,/home/audrey/code_and_papers/2026/FAST2027/final/hilbert_thin_provisioning/external/veriq-benchmark/combinational/pe/pe_6.qasm,f79192076eb3959fd46b1e536e52349d1747739acf1bc36c3482958b91e37cdb,.qasm,659,7,33,18,phase_estimation,True,,0,stratum_not_selected
veriq,combinational/pe/pe_60.qasm,/home/audrey/code_and_papers/2026/FAST2027/final/hilbert_thin_provisioning/external/veriq-benchmark/combinational/pe/pe_60.qasm,a3a0e5f50136dde6c2b3b2ecbf0cdfe74424da3389ea1a8d74d839925dfd6f47,.qasm,55418,61,1950,180,phase_estimation,True,,0,stratum_not_selected
veriq,combinational/pe/pe_61.qasm,/home/audrey/code_and_papers/2026/FAST2027/final/hilbert_thin_provisioning/external/veriq-benchmark/combinational/pe/pe_61.qasm,a47a6113197df111e39d1ef1cd67a2e871c2fdf2d06fa4ffe8d036b1c89cf61b,.qasm,57250,62,2013,183,phase_estimation,True,,0,stratum_not_selected
veriq,combinational/pe/pe_62.qasm,/home/audrey/code_and_papers/2026/FAST2027/final/hilbert_thin_provisioning/external/veriq-benchmark/combinational/pe/pe_62.qasm,55e19b3441eee24bae30d8337a04b117b2447cb6f66107b637a6309b84c1e4cf,.qasm,59103,63,2077,186,phase_estimation,True,,0,stratum_not_selected
veriq,combinational/pe/pe_63.qasm,/home/audrey/code_and_papers/2026/FAST2027/final/hilbert_thin_provisioning/external/veriq-benchmark/combinational/pe/pe_63.qasm,b64450732422f2c71a358fa63a29ad76759971a138e700823ca834eb9dc7c5e4,.qasm,60977,64,2142,189,phase_estimation,True,,0,stratum_not_selected
veriq,combinational/pe/pe_64.qasm,/home/audrey/code_and_papers/2026/FAST2027/final/hilbert_thin_provisioning/external/veriq-benchmark/combinational/pe/pe_64.qasm,b98fb22eef8c5bd90ab63daee8f53d39fbb173cde2d98557ec8f754a6f8c43ba,.qasm,62873,65,2208,192,phase_estimation,True,,0,selected
veriq,combinational/pe/pe_65.qasm,/home/audrey/code_and_papers/2026/FAST2027/final/hilbert_thin_provisioning/external/veriq-benchmark/combinational/pe/pe_65.qasm,a9085c5c3e5edccde1c73797f957c6dda5b9a6836cfa133e5811ee7ebd62f42b,.qasm,64790,66,2275,195,phase_estimation,True,,0,stratum_not_selected
veriq,combinational/pe/pe_66.qasm,/home/audrey/code_and_papers/2026/FAST2027/final/hilbert_thin_provisioning/external/veriq-benchmark/combinational/pe/pe_66.qasm,1376e1b8390279c8e6d14a92e0bcacb5ba42149022d3e2270adbd366684e23df,.qasm,66728,67,2343,198,phase_estimation,True,,0,stratum_not_selected
veriq,combinational/pe/pe_67.qasm,/home/audrey/code_and_papers/2026/FAST2027/final/hilbert_thin_provisioning/external/veriq-benchmark/combinational/pe/pe_67.qasm,d3a1e772caf254353898979172c77835ca4658851781c20099887abf7ea4d4fe,.qasm,68688,68,2412,201,phase_estimation,True,,0,stratum_not_selected
veriq,combinational/pe/pe_68.qasm,/home/audrey/code_and_papers/2026/FAST2027/final/hilbert_thin_provisioning/external/veriq-benchmark/combinational/pe/pe_68.qasm,127936000f4ae2aedc7a56eb7db8c59be35bd7d53c80ac62f5d8f1d4b9ad7d8a,.qasm,70669,69,2482,204,phase_estimation,True,,0,stratum_not_selected
veriq,combinational/pe/pe_69.qasm,/home/audrey/code_and_papers/2026/FAST2027/final/hilbert_thin_provisioning/external/veriq-benchmark/combinational/pe/pe_69.qasm,21f6d4ee33e4aa719c1a6eb33afb8c315ea158a22178dc1d8d6e32afc6018476,.qasm,72671,70,2553,207,phase_estimation,True,,0,stratum_not_selected
veriq,combinational/pe/pe_7.qasm,/home/audrey/code_and_papers/2026/FAST2027/final/hilbert_thin_provisioning/external/veriq-benchmark/combinational/pe/pe_7.qasm,8b239a8d56b9807379c327be9ced34e0e5fbfafcd1161694ef0305e95a573d07,.qasm,840,8,42,21,phase_estimation,True,,0,stratum_not_selected
veriq,combinational/pe/pe_70.qasm,/home/audrey/code_and_papers/2026/FAST2027/final/hilbert_thin_provisioning/external/veriq-benchmark/combinational/pe/pe_70.qasm,16ca017bf98c5f98e6313fe7a142e09dfe9330e899c21ff2b8aa730d383d893c,.qasm,74695,71,2625,210,phase_estimation,True,,0,stratum_not_selected
veriq,combinational/pe/pe_71.qasm,/home/audrey/code_and_papers/2026/FAST2027/final/hilbert_thin_provisioning/external/veriq-benchmark/combinational/pe/pe_71.qasm,35e905bfe11458599bc140e8303df7caa6a4546ade1f0141e71736a6db30bffd,.qasm,76740,72,2698,213,phase_estimation,True,,0,stratum_not_selected
veriq,combinational/pe/pe_72.qasm,/home/audrey/code_and_papers/2026/FAST2027/final/hilbert_thin_provisioning/external/veriq-benchmark/combinational/pe/pe_72.qasm,6b2bc659a62824b5fa11b11d0bd7fa00841f3ac19c5764cb7d09d621b293d3d4,.qasm,78806,73,2772,216,phase_estimation,True,,0,stratum_not_selected
veriq,combinational/pe/pe_73.qasm,/home/audrey/code_and_papers/2026/FAST2027/final/hilbert_thin_provisioning/external/veriq-benchmark/combinational/pe/pe_73.qasm,f1d890a14a921ff8827dce790bebc4f9bfe738da565dfb12aa1bc79e6b47fa63,.qasm,80893,74,2847,219,phase_estimation,True,,0,stratum_not_selected
veriq,combinational/pe/pe_74.qasm,/home/audrey/code_and_papers/2026/FAST2027/final/hilbert_thin_provisioning/external/veriq-benchmark/combinational/pe/pe_74.qasm,93b74b6a85d7a0ba769c82c068eb3612f4cea51827144f7f34a7822c70393bdf,.qasm,83002,75,2923,222,phase_estimation,True,,0,stratum_not_selected
veriq,combinational/pe/pe_75.qasm,/home/audrey/code_and_papers/2026/FAST2027/final/hilbert_thin_provisioning/external/veriq-benchmark/combinational/pe/pe_75.qasm,e516d9ac5630a9b824798349f679fd0de812c6d933e2f1d19469d637ea8f3c97,.qasm,85132,76,3000,225,phase_estimation,True,,0,stratum_not_selected
veriq,combinational/pe/pe_76.qasm,/home/audrey/code_and_papers/2026/FAST2027/final/hilbert_thin_provisioning/external/veriq-benchmark/combinational/pe/pe_76.qasm,186b12bedc970e1e1a13ad9966ffbb0a7d443288aa1657ba643aef0b9574c855,.qasm,87283,77,3078,228,phase_estimation,True,,0,selected
veriq,combinational/pe/pe_77.qasm,/home/audrey/code_and_papers/2026/FAST2027/final/hilbert_thin_provisioning/external/veriq-benchmark/combinational/pe/pe_77.qasm,e7357dbe66abc3fd0fce2d7220863bbb476f82248c2bfb8aee36a0d6cdd8e51a,.qasm,89456,78,3157,231,phase_estimation,True,,0,stratum_not_selected
veriq,combinational/pe/pe_78.qasm,/home/audrey/code_and_papers/2026/FAST2027/final/hilbert_thin_provisioning/external/veriq-benchmark/combinational/pe/pe_78.qasm,9339f7c9f80d96252153da233ba8b3856fb85f0517b0fc31ae5b17fa7a22fca7,.qasm,91650,79,3237,234,phase_estimation,True,,0,stratum_not_selected
veriq,combinational/pe/pe_79.qasm,/home/audrey/code_and_papers/2026/FAST2027/final/hilbert_thin_provisioning/external/veriq-benchmark/combinational/pe/pe_79.qasm,1d325e580443d6374bb7e1c243dba243755739f5816a2e9d5015c98fa42d3bfd,.qasm,93865,80,3318,237,phase_estimation,True,,0,stratum_not_selected
veriq,combinational/pe/pe_8.qasm,/home/audrey/code_and_papers/2026/FAST2027/final/hilbert_thin_provisioning/external/veriq-benchmark/combinational/pe/pe_8.qasm,fc48309eb4b5948b2b6de8be480d4bbd8d087f695b4dc7df7483a9fd815aa560,.qasm,1046,9,52,24,phase_estimation,True,,0,stratum_not_selected
veriq,combinational/pe/pe_80.qasm,/home/audrey/code_and_papers/2026/FAST2027/final/hilbert_thin_provisioning/external/veriq-benchmark/combinational/pe/pe_80.qasm,93983230505f3c00f394642e334875a334719c094ac8d4508de862f62339975e,.qasm,96102,81,3400,240,phase_estimation,True,,0,stratum_not_selected
veriq,combinational/pe/pe_81.qasm,/home/audrey/code_and_papers/2026/FAST2027/final/hilbert_thin_provisioning/external/veriq-benchmark/combinational/pe/pe_81.qasm,0f6f720045d33c78d62a06861ab7e75858bd56f1b8c4209d736162ee9f1c593c,.qasm,98360,82,3483,243,phase_estimation,True,,0,stratum_not_selected
veriq,combinational/pe/pe_82.qasm,/home/audrey/code_and_papers/2026/FAST2027/final/hilbert_thin_provisioning/external/veriq-benchmark/combinational/pe/pe_82.qasm,7b4dcfbdfede637e720b61397b390fd506088dc5016b65adbcf40a31c98de8ec,.qasm,100639,83,3567,246,phase_estimation,True,,0,stratum_not_selected
veriq,combinational/pe/pe_83.qasm,/home/audrey/code_and_papers/2026/FAST2027/final/hilbert_thin_provisioning/external/veriq-benchmark/combinational/pe/pe_83.qasm,b4bf9b03c41acac4274a69a5e80f1775c0920e300d67eae7cf95ffbaab77c26e,.qasm,102939,84,3652,249,phase_estimation,True,,0,stratum_not_selected
veriq,combinational/pe/pe_84.qasm,/home/audrey/code_and_papers/2026/FAST2027/final/hilbert_thin_provisioning/external/veriq-benchmark/combinational/pe/pe_84.qasm,e567968c912c2a793359f680215072b03dbae2c4aedd12e20e50cc96218186b9,.qasm,105261,85,3738,252,phase_estimation,True,,0,stratum_not_selected
veriq,combinational/pe/pe_85.qasm,/home/audrey/code_and_papers/2026/FAST2027/final/hilbert_thin_provisioning/external/veriq-benchmark/combinational/pe/pe_85.qasm,2760c01e82485718424e218ff76cbbf745ad7a6cc9e9b1d3a5cba5d885cac858,.qasm,107604,86,3825,255,phase_estimation,True,,0,stratum_not_selected
veriq,combinational/pe/pe_86.qasm,/home/audrey/code_and_papers/2026/FAST2027/final/hilbert_thin_provisioning/external/veriq-benchmark/combinational/pe/pe_86.qasm,c7f803ed59e26a347ac25173896aaecc337c3dcb4ce62e1bf678f7441f0c4bf8,.qasm,109968,87,3913,258,phase_estimation,True,,0,stratum_not_selected
veriq,combinational/pe/pe_87.qasm,/home/audrey/code_and_papers/2026/FAST2027/final/hilbert_thin_provisioning/external/veriq-benchmark/combinational/pe/pe_87.qasm,aee4a33fbd26db6f029447f04e0299eb359e0c821f6356444bf475612cbdbdc4,.qasm,112354,88,4002,261,phase_estimation,True,,0,stratum_not_selected
veriq,combinational/pe/pe_88.qasm,/home/audrey/code_and_papers/2026/FAST2027/final/hilbert_thin_provisioning/external/veriq-benchmark/combinational/pe/pe_88.qasm,2d45f422667bd8f0aed6de25023fa039ebdcc651431efbecb4b6819a37933e81,.qasm,114761,89,4092,264,phase_estimation,True,,0,selected
veriq,combinational/pe/pe_89.qasm,/home/audrey/code_and_papers/2026/FAST2027/final/hilbert_thin_provisioning/external/veriq-benchmark/combinational/pe/pe_89.qasm,cecad45e3da3c1407d77603550ad75d31b9b55af04466d86ad0c7a2d4f47180f,.qasm,117189,90,4183,267,phase_estimation,True,,0,stratum_not_selected
veriq,combinational/pe/pe_9.qasm,/home/audrey/code_and_papers/2026/FAST2027/final/hilbert_thin_provisioning/external/veriq-benchmark/combinational/pe/pe_9.qasm,60f6fcdbdb9e778c3a7715ba33f25575e50c138384221bec87f07b1f8766bf84,.qasm,1279,10,63,27,phase_estimation,True,,0,stratum_not_selected
veriq,combinational/pe/pe_90.qasm,/home/audrey/code_and_papers/2026/FAST2027/final/hilbert_thin_provisioning/external/veriq-benchmark/combinational/pe/pe_90.qasm,3e00b3646bef5f6dcbdb2fd0e79fe63d6da5a545af7ca02c1b608c5f709d910b,.qasm,119639,91,4275,270,phase_estimation,True,,0,stratum_not_selected
veriq,combinational/pe/pe_91.qasm,/home/audrey/code_and_papers/2026/FAST2027/final/hilbert_thin_provisioning/external/veriq-benchmark/combinational/pe/pe_91.qasm,b1a2a01ac42a1668a20ade5cf1396d478b16b7259cf11eb42a7e5d37ff85791c,.qasm,122110,92,4368,273,phase_estimation,True,,0,stratum_not_selected
veriq,combinational/pe/pe_92.qasm,/home/audrey/code_and_papers/2026/FAST2027/final/hilbert_thin_provisioning/external/veriq-benchmark/combinational/pe/pe_92.qasm,62765e7b44ad53cfaf9273ddd4dc4900bec621fc9bb260cafddc52666f60c847,.qasm,124602,93,4462,276,phase_estimation,True,,0,stratum_not_selected
veriq,combinational/pe/pe_93.qasm,/home/audrey/code_and_papers/2026/FAST2027/final/hilbert_thin_provisioning/external/veriq-benchmark/combinational/pe/pe_93.qasm,8ea11af121a4a8c4b72fb4ebbaeff81f72605c8f899007c8167ad39d1d80cff0,.qasm,127115,94,4557,279,phase_estimation,True,,0,stratum_not_selected
veriq,combinational/pe/pe_94.qasm,/home/audrey/code_and_papers/2026/FAST2027/final/hilbert_thin_provisioning/external/veriq-benchmark/combinational/pe/pe_94.qasm,0f5fc99cbf5e5595e97d5b202553e4797f01d57da7f4ea611679b32c7b7d6d4a,.qasm,129650,95,4653,282,phase_estimation,True,,0,stratum_not_selected
veriq,combinational/pe/pe_95.qasm,/home/audrey/code_and_papers/2026/FAST2027/final/hilbert_thin_provisioning/external/veriq-benchmark/combinational/pe/pe_95.qasm,8bb801550a22c7f4e15fe444445c4e2d04c56a15e497912f0c9eac901e735b4e,.qasm,132206,96,4750,285,phase_estimation,True,,0,stratum_not_selected
veriq,combinational/pe/pe_96.qasm,/home/audrey/code_and_papers/2026/FAST2027/final/hilbert_thin_provisioning/external/veriq-benchmark/combinational/pe/pe_96.qasm,c9a1acc9a34cb8251454e5b7166f4540e0b3be06df963866df4d5b8f3e6583cc,.qasm,134783,97,4848,288,phase_estimation,True,,0,stratum_not_selected
veriq,combinational/pe/pe_97.qasm,/home/audrey/code_and_papers/2026/FAST2027/final/hilbert_thin_provisioning/external/veriq-benchmark/combinational/pe/pe_97.qasm,049e2b0f094748f3a90dffd49ab58e620e8e91c637ed15e48db6ee8f0288c8b1,.qasm,137382,98,4947,291,phase_estimation,True,,0,stratum_not_selected
veriq,combinational/pe/pe_98.qasm,/home/audrey/code_and_papers/2026/FAST2027/final/hilbert_thin_provisioning/external/veriq-benchmark/combinational/pe/pe_98.qasm,049474dce33e9a94b34d86cd7cbce1edd7294ca2facb82f19fc68c299de69727,.qasm,140002,99,5047,294,phase_estimation,True,,0,stratum_not_selected
veriq,combinational/pe/pe_99.qasm,/home/audrey/code_and_papers/2026/FAST2027/final/hilbert_thin_provisioning/external/veriq-benchmark/combinational/pe/pe_99.qasm,2c40b16e5b2f63bc061eee5f109cfe7dada9921c0f5b8797c6f326a69bfb956b,.qasm,142645,100,5148,297,phase_estimation,True,,0,stratum_not_selected
veriq,combinational/qft/qft_10.qasm,/home/audrey/code_and_papers/2026/FAST2027/final/hilbert_thin_provisioning/external/veriq-benchmark/combinational/qft/qft_10.qasm,aaf65abe7bd032780a61a265976cfb2f2accffa7f55ddc0b9425294a88ee51ac,.qasm,1171,10,55,19,qft,True,,0,stratum_not_selected
veriq,combinational/qft/qft_100.qasm,/home/audrey/code_and_papers/2026/FAST2027/final/hilbert_thin_provisioning/external/veriq-benchmark/combinational/qft/qft_100.qasm,43989288c9daae288b91282c63870d257aada0b033c03a5b5b0f1c3e1ee02653,.qasm,137109,100,5050,199,qft,True,,0,stratum_not_selected
veriq,combinational/qft/qft_11.qasm,/home/audrey/code_and_papers/2026/FAST2027/final/hilbert_thin_provisioning/external/veriq-benchmark/combinational/qft/qft_11.qasm,393f70f5cf51571da45482b9af0b34a14b08d7de2a5b66d9f1c0591dbdbca8bb,.qasm,1423,11,66,21,qft,True,,0,stratum_not_selected
veriq,combinational/qft/qft_12.qasm,/home/audrey/code_and_papers/2026/FAST2027/final/hilbert_thin_provisioning/external/veriq-benchmark/combinational/qft/qft_12.qasm,06f5a95ba164c6a9223b39ae75b77258dc52c21c73ed608f910f0b765f8618fc,.qasm,1702,12,78,23,qft,True,,0,stratum_not_selected
veriq,combinational/qft/qft_13.qasm,/home/audrey/code_and_papers/2026/FAST2027/final/hilbert_thin_provisioning/external/veriq-benchmark/combinational/qft/qft_13.qasm,4c9a1fa2443d93043f6c31340cdc0e25319a0628d12bcccb8d3ad027b2951812,.qasm,2008,13,91,25,qft,True,,0,stratum_not_selected
veriq,combinational/qft/qft_14.qasm,/home/audrey/code_and_papers/2026/FAST2027/final/hilbert_thin_provisioning/external/veriq-benchmark/combinational/qft/qft_14.qasm,7bcbfb095461e546f69c92949b80b1ed9a62664a920c99144230e3e642850517,.qasm,2341,14,105,27,qft,True,,0,stratum_not_selected
veriq,combinational/qft/qft_15.qasm,/home/audrey/code_and_papers/2026/FAST2027/final/hilbert_thin_provisioning/external/veriq-benchmark/combinational/qft/qft_15.qasm,1289f19cc08ad38e3d2eb54db6a6d837eff9957ed8c71d061efbcc534cd942bb,.qasm,2702,15,120,29,qft,True,,0,stratum_not_selected
veriq,combinational/qft/qft_16.qasm,/home/audrey/code_and_papers/2026/FAST2027/final/hilbert_thin_provisioning/external/veriq-benchmark/combinational/qft/qft_16.qasm,d4f78bf82a74f47d76f255a1b08ca085ba5ff84fbfde4d89aeb41bcb95083056,.qasm,3091,16,136,31,qft,True,,0,stratum_not_selected
veriq,combinational/qft/qft_17.qasm,/home/audrey/code_and_papers/2026/FAST2027/final/hilbert_thin_provisioning/external/veriq-benchmark/combinational/qft/qft_17.qasm,33f9b20ec63ac2d71e930e066ba1aef25118cb69a09ff8394d80b673782e9275,.qasm,3508,17,153,33,qft,True,,0,stratum_not_selected
veriq,combinational/qft/qft_18.qasm,/home/audrey/code_and_papers/2026/FAST2027/final/hilbert_thin_provisioning/external/veriq-benchmark/combinational/qft/qft_18.qasm,20adf022a41462f02a930d20a51fcfcf5e2e494cdaf444138b5c8a1043f7a1e2,.qasm,3954,18,171,35,qft,True,,0,stratum_not_selected
veriq,combinational/qft/qft_19.qasm,/home/audrey/code_and_papers/2026/FAST2027/final/hilbert_thin_provisioning/external/veriq-benchmark/combinational/qft/qft_19.qasm,71bc35e0c0728dc8ecc71122eea373e1355a5ec7df7682f2aab00aaa46f7e98f,.qasm,4429,19,190,37,qft,True,,0,stratum_not_selected
veriq,combinational/qft/qft_2.qasm,/home/audrey/code_and_papers/2026/FAST2027/final/hilbert_thin_provisioning/external/veriq-benchmark/combinational/qft/qft_2.qasm,ed6b79f6949a84a07c99f2c9b0cb35d597dede52b8ab6997ee38ff9480edb0bb,.qasm,102,2,3,3,qft,True,,0,selected
veriq,combinational/qft/qft_20.qasm,/home/audrey/code_and_papers/2026/FAST2027/final/hilbert_thin_provisioning/external/veriq-benchmark/combinational/qft/qft_20.qasm,378630179d722f7483a8c9d04466c07fb79c9324e68510ec1f32db0601d5f6c8,.qasm,4933,20,210,39,qft,True,,0,selected
veriq,combinational/qft/qft_21.qasm,/home/audrey/code_and_papers/2026/FAST2027/final/hilbert_thin_provisioning/external/veriq-benchmark/combinational/qft/qft_21.qasm,6f18c7343be8b3d4da8e4947e5ab81a1a088c2f578936adcee413e40dda566e9,.qasm,5467,21,231,41,qft,True,,0,stratum_not_selected
veriq,combinational/qft/qft_22.qasm,/home/audrey/code_and_papers/2026/FAST2027/final/hilbert_thin_provisioning/external/veriq-benchmark/combinational/qft/qft_22.qasm,de8778eebb044f65d374107b0690ff0eed7f88b91cbeac5c552f2c96fd24a763,.qasm,6031,22,253,43,qft,True,,0,stratum_not_selected
veriq,combinational/qft/qft_23.qasm,/home/audrey/code_and_papers/2026/FAST2027/final/hilbert_thin_provisioning/external/veriq-benchmark/combinational/qft/qft_23.qasm,7f98f12a34965ead8db60740defb821ad65c3213bf2f600e0f46206652c01b64,.qasm,6625,23,276,45,qft,True,,0,stratum_not_selected
veriq,combinational/qft/qft_24.qasm,/home/audrey/code_and_papers/2026/FAST2027/final/hilbert_thin_provisioning/external/veriq-benchmark/combinational/qft/qft_24.qasm,0b1743019df344bb45b16e71c4c54f759aa58f6cdf4739840e7ca3f8a6839f50,.qasm,7249,24,300,47,qft,True,,0,stratum_not_selected
veriq,combinational/qft/qft_25.qasm,/home/audrey/code_and_papers/2026/FAST2027/final/hilbert_thin_provisioning/external/veriq-benchmark/combinational/qft/qft_25.qasm,4866688580bd5ace7871b77adfbb339834bccca29cb1e974ffa58de25570af72,.qasm,7904,25,325,49,qft,True,,0,stratum_not_selected
veriq,combinational/qft/qft_26.qasm,/home/audrey/code_and_papers/2026/FAST2027/final/hilbert_thin_provisioning/external/veriq-benchmark/combinational/qft/qft_26.qasm,a81bc05fa64b1a69092d32c6be3131f272b4736a43b331b89b175fa4dfe0f3b6,.qasm,8590,26,351,51,qft,True,,0,stratum_not_selected
veriq,combinational/qft/qft_27.qasm,/home/audrey/code_and_papers/2026/FAST2027/final/hilbert_thin_provisioning/external/veriq-benchmark/combinational/qft/qft_27.qasm,7314b7fe17e921c48551df3c10797d0e7fd480c386736933515502b34a79af12,.qasm,9307,27,378,53,qft,True,,0,stratum_not_selected
veriq,combinational/qft/qft_28.qasm,/home/audrey/code_and_papers/2026/FAST2027/final/hilbert_thin_provisioning/external/veriq-benchmark/combinational/qft/qft_28.qasm,44b77885eda57dca59fa6267c1c136309ecc6c90cbc6e88500c0d3c292c26d2c,.qasm,10056,28,406,55,qft,True,,0,stratum_not_selected
veriq,combinational/qft/qft_29.qasm,/home/audrey/code_and_papers/2026/FAST2027/final/hilbert_thin_provisioning/external/veriq-benchmark/combinational/qft/qft_29.qasm,c06cddbd58cb15283adb202df61478908ebef624d61cd3fb26c6aeff6c548a05,.qasm,10837,29,435,57,qft,True,,0,stratum_not_selected
veriq,combinational/qft/qft_3.qasm,/home/audrey/code_and_papers/2026/FAST2027/final/hilbert_thin_provisioning/external/veriq-benchmark/combinational/qft/qft_3.qasm,f3ac843f93c026cb92b23138c46a778aee08004113950e972161943186254b62,.qasm,155,3,6,5,qft,True,,0,stratum_not_selected
veriq,combinational/qft/qft_30.qasm,/home/audrey/code_and_papers/2026/FAST2027/final/hilbert_thin_provisioning/external/veriq-benchmark/combinational/qft/qft_30.qasm,f7c9eacca637bc5c0986c815ffb5d3545a41b1fe60389b741237a7cb8e1fc3a1,.qasm,11650,30,465,59,qft,True,,0,stratum_not_selected
veriq,combinational/qft/qft_31.qasm,/home/audrey/code_and_papers/2026/FAST2027/final/hilbert_thin_provisioning/external/veriq-benchmark/combinational/qft/qft_31.qasm,d7ae1f0d0a3478d8fe631a6b3d2f3d525f25f759291ac1f9d3525bae1997226b,.qasm,12496,31,496,61,qft,True,,0,stratum_not_selected
veriq,combinational/qft/qft_32.qasm,/home/audrey/code_and_papers/2026/FAST2027/final/hilbert_thin_provisioning/external/veriq-benchmark/combinational/qft/qft_32.qasm,a63dc9c75de77db1951f07c1c8593973c5e5a0cbe4472eb709af3a5ee0bc533f,.qasm,13375,32,528,63,qft,True,,0,stratum_not_selected
veriq,combinational/qft/qft_33.qasm,/home/audrey/code_and_papers/2026/FAST2027/final/hilbert_thin_provisioning/external/veriq-benchmark/combinational/qft/qft_33.qasm,d023e6c853c229024051d3490701f6cd524ec6d88a5b57d0832f65af1a7c16de,.qasm,14287,33,561,65,qft,True,,0,stratum_not_selected
veriq,combinational/qft/qft_34.qasm,/home/audrey/code_and_papers/2026/FAST2027/final/hilbert_thin_provisioning/external/veriq-benchmark/combinational/qft/qft_34.qasm,4e06edacded40ee6bb756665da74d5076c6a8338da8fd724c56c2c808090ef45,.qasm,15232,34,595,67,qft,True,,0,stratum_not_selected
veriq,combinational/qft/qft_35.qasm,/home/audrey/code_and_papers/2026/FAST2027/final/hilbert_thin_provisioning/external/veriq-benchmark/combinational/qft/qft_35.qasm,389c807b07284e1755bda80215e70de91851362953e72296222fc9b0455b42a8,.qasm,16211,35,630,69,qft,True,,0,stratum_not_selected
veriq,combinational/qft/qft_36.qasm,/home/audrey/code_and_papers/2026/FAST2027/final/hilbert_thin_provisioning/external/veriq-benchmark/combinational/qft/qft_36.qasm,92a64be63a65bc4eee3fcb178361d1b7255e7ca3b9246f5c784c656277ca382b,.qasm,17224,36,666,71,qft,True,,0,stratum_not_selected
veriq,combinational/qft/qft_37.qasm,/home/audrey/code_and_papers/2026/FAST2027/final/hilbert_thin_provisioning/external/veriq-benchmark/combinational/qft/qft_37.qasm,a02708de171fc2bd94b4c3ef3553e5c5362cb78e9e8bbabfc831470e0931b308,.qasm,18271,37,703,73,qft,True,,0,stratum_not_selected
veriq,combinational/qft/qft_38.qasm,/home/audrey/code_and_papers/2026/FAST2027/final/hilbert_thin_provisioning/external/veriq-benchmark/combinational/qft/qft_38.qasm,aff608cbb6ad904000059e36f80ee78b6d651ec199b8950ee2959bcbc0aafc5a,.qasm,19353,38,741,75,qft,True,,0,stratum_not_selected
veriq,combinational/qft/qft_39.qasm,/home/audrey/code_and_papers/2026/FAST2027/final/hilbert_thin_provisioning/external/veriq-benchmark/combinational/qft/qft_39.qasm,3c3ea4ef4f7fd761dd7f358b3c23d7440efab6f6dc14069d4a22e2fa3df51f26,.qasm,20470,39,780,77,qft,True,,0,stratum_not_selected
veriq,combinational/qft/qft_4.qasm,/home/audrey/code_and_papers/2026/FAST2027/final/hilbert_thin_provisioning/external/veriq-benchmark/combinational/qft/qft_4.qasm,2adcc286923b43f2589113aced20169dba4ffb6fedc5f3242ba57ec51e53cdf4,.qasm,230,4,10,7,qft,True,,0,stratum_not_selected
veriq,combinational/qft/qft_40.qasm,/home/audrey/code_and_papers/2026/FAST2027/final/hilbert_thin_provisioning/external/veriq-benchmark/combinational/qft/qft_40.qasm,2bd5c0995a79e19329c9fb2179594a074b6b51da1e19708724eaab2f5d3f03ea,.qasm,21622,40,820,79,qft,True,,0,stratum_not_selected
veriq,combinational/qft/qft_41.qasm,/home/audrey/code_and_papers/2026/FAST2027/final/hilbert_thin_provisioning/external/veriq-benchmark/combinational/qft/qft_41.qasm,5e16a094a742e96c149dd49c20f2b3561afc15ef129fd8a826fd18690710496f,.qasm,22810,41,861,81,qft,True,,0,selected
veriq,combinational/qft/qft_42.qasm,/home/audrey/code_and_papers/2026/FAST2027/final/hilbert_thin_provisioning/external/veriq-benchmark/combinational/qft/qft_42.qasm,14e976ebb36acde93a2a268b5c1d730f3733c7877e40bf03d37ed850cc1dc831,.qasm,24034,42,903,83,qft,True,,0,selected
veriq,combinational/qft/qft_43.qasm,/home/audrey/code_and_papers/2026/FAST2027/final/hilbert_thin_provisioning/external/veriq-benchmark/combinational/qft/qft_43.qasm,d89dfd6b11cd9d5c83e50c30b57715074ba5604c48865cea9c5f185fd68026d0,.qasm,25294,43,946,85,qft,True,,0,selected
veriq,combinational/qft/qft_44.qasm,/home/audrey/code_and_papers/2026/FAST2027/final/hilbert_thin_provisioning/external/veriq-benchmark/combinational/qft/qft_44.qasm,ed800c398368239b7c2e5fa690bd66faab3a9e4025766c87968888db02b0a23d,.qasm,26590,44,990,87,qft,True,,0,selected
veriq,combinational/qft/qft_45.qasm,/home/audrey/code_and_papers/2026/FAST2027/final/hilbert_thin_provisioning/external/veriq-benchmark/combinational/qft/qft_45.qasm,59a2a9d4ab7c7530bf12474d7dab265c5b50d7902251f6cd795af5a29d55833d,.qasm,27923,45,1035,89,qft,True,,0,stratum_not_selected
veriq,combinational/qft/qft_46.qasm,/home/audrey/code_and_papers/2026/FAST2027/final/hilbert_thin_provisioning/external/veriq-benchmark/combinational/qft/qft_46.qasm,0b7f11a60c8f83d3925806e2cec24918337bce3adeca16caf845daee7446db16,.qasm,29293,46,1081,91,qft,True,,0,stratum_not_selected
veriq,combinational/qft/qft_47.qasm,/home/audrey/code_and_papers/2026/FAST2027/final/hilbert_thin_provisioning/external/veriq-benchmark/combinational/qft/qft_47.qasm,59d3603523b64859f060f2da3b2f84da97c8489daa6cbb89f6bcc6f215a61235,.qasm,30700,47,1128,93,qft,True,,0,stratum_not_selected
veriq,combinational/qft/qft_48.qasm,/home/audrey/code_and_papers/2026/FAST2027/final/hilbert_thin_provisioning/external/veriq-benchmark/combinational/qft/qft_48.qasm,99bd82387e10fcbce63a4baf190e4a24e665b8ee19aefff42f80e817588fdc61,.qasm,32145,48,1176,95,qft,True,,0,stratum_not_selected
veriq,combinational/qft/qft_49.qasm,/home/audrey/code_and_papers/2026/FAST2027/final/hilbert_thin_provisioning/external/veriq-benchmark/combinational/qft/qft_49.qasm,91e137b3eca9f682a31b176ec686d2039609efe64d91d3412b19eb07f16ab434,.qasm,33628,49,1225,97,qft,True,,0,stratum_not_selected
veriq,combinational/qft/qft_5.qasm,/home/audrey/code_and_papers/2026/FAST2027/final/hilbert_thin_provisioning/external/veriq-benchmark/combinational/qft/qft_5.qasm,325a0561a943ff6e38e7400c5c4662be6837a24f72855e87c84d68d0536b6320,.qasm,328,5,15,9,qft,True,,0,stratum_not_selected
veriq,combinational/qft/qft_50.qasm,/home/audrey/code_and_papers/2026/FAST2027/final/hilbert_thin_provisioning/external/veriq-benchmark/combinational/qft/qft_50.qasm,3ca2c8fd5a48ff54139a3bfd4fb49055a8b5aba492e322ac326fde95770a5f6e,.qasm,35132,50,1275,99,qft,True,,0,stratum_not_selected
veriq,combinational/qft/qft_51.qasm,/home/audrey/code_and_papers/2026/FAST2027/final/hilbert_thin_provisioning/external/veriq-benchmark/combinational/qft/qft_51.qasm,ccaffaea9dbd472089f57b18745f2d51fbb48c0b7b43ed52d739e1eef784421b,.qasm,36657,51,1326,101,qft,True,,0,selected
veriq,combinational/qft/qft_52.qasm,/home/audrey/code_and_papers/2026/FAST2027/final/hilbert_thin_provisioning/external/veriq-benchmark/combinational/qft/qft_52.qasm,8a778d19416c27992b009ecbb7bee255f530191bd8afc63c9f90aa0c50b8edcb,.qasm,38203,52,1378,103,qft,True,,0,stratum_not_selected
veriq,combinational/qft/qft_53.qasm,/home/audrey/code_and_papers/2026/FAST2027/final/hilbert_thin_provisioning/external/veriq-benchmark/combinational/qft/qft_53.qasm,98525d0d3187bc22fb2a63625af598715d11a973cdae0e7b84cccb4b7649938f,.qasm,39770,53,1431,105,qft,True,,0,stratum_not_selected
veriq,combinational/qft/qft_54.qasm,/home/audrey/code_and_papers/2026/FAST2027/final/hilbert_thin_provisioning/external/veriq-benchmark/combinational/qft/qft_54.qasm,09dbd69746f6889a76abbdc6912b83b6b84c50feee60e0766eac746dbb7e44ee,.qasm,41358,54,1485,107,qft,True,,0,stratum_not_selected
veriq,combinational/qft/qft_55.qasm,/home/audrey/code_and_papers/2026/FAST2027/final/hilbert_thin_provisioning/external/veriq-benchmark/combinational/qft/qft_55.qasm,3e4afab36f881bd8228478e431568867278d95578e521e1bbab3abd8baaaa60b,.qasm,42967,55,1540,109,qft,True,,0,stratum_not_selected
veriq,combinational/qft/qft_56.qasm,/home/audrey/code_and_papers/2026/FAST2027/final/hilbert_thin_provisioning/external/veriq-benchmark/combinational/qft/qft_56.qasm,6b8a927317d62e2c3bcb3827a016359cc22969c05d69631e5f948c729005216a,.qasm,44597,56,1596,111,qft,True,,0,stratum_not_selected
veriq,combinational/qft/qft_57.qasm,/home/audrey/code_and_papers/2026/FAST2027/final/hilbert_thin_provisioning/external/veriq-benchmark/combinational/qft/qft_57.qasm,6bc049ee51e729b7fc616e21e74de3053c1e71fcba3c384c85ba6c5e37aa2b11,.qasm,46248,57,1653,113,qft,True,,0,stratum_not_selected
veriq,combinational/qft/qft_58.qasm,/home/audrey/code_and_papers/2026/FAST2027/final/hilbert_thin_provisioning/external/veriq-benchmark/combinational/qft/qft_58.qasm,b8859515f80688dd967419130fc7baa87512e3804360cce1fe170275e37cdfe8,.qasm,47920,58,1711,115,qft,True,,0,stratum_not_selected
veriq,combinational/qft/qft_59.qasm,/home/audrey/code_and_papers/2026/FAST2027/final/hilbert_thin_provisioning/external/veriq-benchmark/combinational/qft/qft_59.qasm,1dc3fefbd613469235123fa3c5e68f67e04b77485c5698e4d507528dc44ea384,.qasm,49613,59,1770,117,qft,True,,0,stratum_not_selected
veriq,combinational/qft/qft_6.qasm,/home/audrey/code_and_papers/2026/FAST2027/final/hilbert_thin_provisioning/external/veriq-benchmark/combinational/qft/qft_6.qasm,5e58164fb422a3c271c6f951425e422d16726fb3db51ba5d4dd8dd90868c6818,.qasm,449,6,21,11,qft,True,,0,stratum_not_selected
veriq,combinational/qft/qft_60.qasm,/home/audrey/code_and_papers/2026/FAST2027/final/hilbert_thin_provisioning/external/veriq-benchmark/combinational/qft/qft_60.qasm,b3096692f1122d2de91620bf0729e34bbcbfa8233646cd67bc1fcac5ed4a460b,.qasm,51327,60,1830,119,qft,True,,0,stratum_not_selected
veriq,combinational/qft/qft_61.qasm,/home/audrey/code_and_papers/2026/FAST2027/final/hilbert_thin_provisioning/external/veriq-benchmark/combinational/qft/qft_61.qasm,9f8950833c88e0f7c9a470ed37a9d7fbec662aeaaeb7f62f94efdea3442990fa,.qasm,53062,61,1891,121,qft,True,,0,stratum_not_selected
veriq,combinational/qft/qft_62.qasm,/home/audrey/code_and_papers/2026/FAST2027/final/hilbert_thin_provisioning/external/veriq-benchmark/combinational/qft/qft_62.qasm,e278323593a342f73620706c9e7063c4be280839a1a5c0b1897cf15a30a1a552,.qasm,54818,62,1953,123,qft,True,,0,stratum_not_selected
veriq,combinational/qft/qft_63.qasm,/home/audrey/code_and_papers/2026/FAST2027/final/hilbert_thin_provisioning/external/veriq-benchmark/combinational/qft/qft_63.qasm,eab2486c4f4fd6c05a983f348370e786c179ebe9fa32c3d38391ae3d96108b3d,.qasm,56595,63,2016,125,qft,True,,0,stratum_not_selected
veriq,combinational/qft/qft_64.qasm,/home/audrey/code_and_papers/2026/FAST2027/final/hilbert_thin_provisioning/external/veriq-benchmark/combinational/qft/qft_64.qasm,dc53b466bc659e67e0640cc92b076f67392091b3e725ba4bae19e06edaf957b0,.qasm,58393,64,2080,127,qft,True,,0,stratum_not_selected
veriq,combinational/qft/qft_65.qasm,/home/audrey/code_and_papers/2026/FAST2027/final/hilbert_thin_provisioning/external/veriq-benchmark/combinational/qft/qft_65.qasm,7d6a0510a0a2c7dc0ceb602b15b2071af96a12ac45e76dc04f70ff17bb121822,.qasm,60212,65,2145,129,qft,True,,0,selected
veriq,combinational/qft/qft_66.qasm,/home/audrey/code_and_papers/2026/FAST2027/final/hilbert_thin_provisioning/external/veriq-benchmark/combinational/qft/qft_66.qasm,500fc70e761dd8036308b2997b1e6d38bdeb75348c9d36389e600b10fd07b527,.qasm,62052,66,2211,131,qft,True,,0,stratum_not_selected
veriq,combinational/qft/qft_67.qasm,/home/audrey/code_and_papers/2026/FAST2027/final/hilbert_thin_provisioning/external/veriq-benchmark/combinational/qft/qft_67.qasm,317b3b74974fa74a47ce29d57a4c9be03c6dd7be39936f786060298565726d85,.qasm,63913,67,2278,133,qft,True,,0,stratum_not_selected
veriq,combinational/qft/qft_68.qasm,/home/audrey/code_and_papers/2026/FAST2027/final/hilbert_thin_provisioning/external/veriq-benchmark/combinational/qft/qft_68.qasm,35a1d2fa4643b889580d22ed3c04e3690af0716cb86e902b4a298ea5e2467e90,.qasm,65795,68,2346,135,qft,True,,0,stratum_not_selected
veriq,combinational/qft/qft_69.qasm,/home/audrey/code_and_papers/2026/FAST2027/final/hilbert_thin_provisioning/external/veriq-benchmark/combinational/qft/qft_69.qasm,b2979c4630b3b8e01c603e9d2c0859e3faa4a9068acc8cd890634c00fd240fe7,.qasm,67698,69,2415,137,qft,True,,0,stratum_not_selected
veriq,combinational/qft/qft_7.qasm,/home/audrey/code_and_papers/2026/FAST2027/final/hilbert_thin_provisioning/external/veriq-benchmark/combinational/qft/qft_7.qasm,51e36a91cbc332bb3f5087430c467bbfce2d0499d74d9dc54c10b8689b646899,.qasm,593,7,28,13,qft,True,,0,stratum_not_selected
veriq,combinational/qft/qft_70.qasm,/home/audrey/code_and_papers/2026/FAST2027/final/hilbert_thin_provisioning/external/veriq-benchmark/combinational/qft/qft_70.qasm,ef3936bd260be03ead00e143cd170980dfaffc458294b11b25d2cde0f5d41506,.qasm,69622,70,2485,139,qft,True,,0,stratum_not_selected
veriq,combinational/qft/qft_71.qasm,/home/audrey/code_and_papers/2026/FAST2027/final/hilbert_thin_provisioning/external/veriq-benchmark/combinational/qft/qft_71.qasm,9c33d17bd151d00773b8b7d1e9e87b623d07333aa875d9d7288fbabe0ff34dd6,.qasm,71567,71,2556,141,qft,True,,0,stratum_not_selected
veriq,combinational/qft/qft_72.qasm,/home/audrey/code_and_papers/2026/FAST2027/final/hilbert_thin_provisioning/external/veriq-benchmark/combinational/qft/qft_72.qasm,aa3a255d6873728e3c4783e3059a0712e264e87de7e60fc20b046a79058be79e,.qasm,73533,72,2628,143,qft,True,,0,stratum_not_selected
veriq,combinational/qft/qft_73.qasm,/home/audrey/code_and_papers/2026/FAST2027/final/hilbert_thin_provisioning/external/veriq-benchmark/combinational/qft/qft_73.qasm,5059398123d6db4e6f10ed259e618c20e683afa3bbcff2e03a548b1c568a4bea,.qasm,75520,73,2701,145,qft,True,,0,stratum_not_selected
veriq,combinational/qft/qft_74.qasm,/home/audrey/code_and_papers/2026/FAST2027/final/hilbert_thin_provisioning/external/veriq-benchmark/combinational/qft/qft_74.qasm,b29acc162d190cd0dac072db040965e2cdacb29e8f11707c4c9eb447883a6cc2,.qasm,77528,74,2775,147,qft,True,,0,stratum_not_selected
veriq,combinational/qft/qft_75.qasm,/home/audrey/code_and_papers/2026/FAST2027/final/hilbert_thin_provisioning/external/veriq-benchmark/combinational/qft/qft_75.qasm,26323f2adc9b766b6176b2fca0e2a5a75b4fa135d31fe29809757bccac2963ce,.qasm,79557,75,2850,149,qft,True,,0,stratum_not_selected
veriq,combinational/qft/qft_76.qasm,/home/audrey/code_and_papers/2026/FAST2027/final/hilbert_thin_provisioning/external/veriq-benchmark/combinational/qft/qft_76.qasm,6cc4c9cdcfe9f573c4a876f94762b6a6fd6e11a4945a341d63f37f9c29c57599,.qasm,81607,76,2926,151,qft,True,,0,stratum_not_selected
veriq,combinational/qft/qft_77.qasm,/home/audrey/code_and_papers/2026/FAST2027/final/hilbert_thin_provisioning/external/veriq-benchmark/combinational/qft/qft_77.qasm,ed9ad2f57014d9ab5a408292b51a03188838dbc5fdbaa0c53fd237f5bb9e4a68,.qasm,83678,77,3003,153,qft,True,,0,stratum_not_selected
veriq,combinational/qft/qft_78.qasm,/home/audrey/code_and_papers/2026/FAST2027/final/hilbert_thin_provisioning/external/veriq-benchmark/combinational/qft/qft_78.qasm,f4bba81a51d86f7a20a79c197c6e3393c045a798c26b1e88139275a5e25536c1,.qasm,85770,78,3081,155,qft,True,,0,stratum_not_selected
veriq,combinational/qft/qft_79.qasm,/home/audrey/code_and_papers/2026/FAST2027/final/hilbert_thin_provisioning/external/veriq-benchmark/combinational/qft/qft_79.qasm,a6a3cfd36e9a47ac2326d46346a15ecba999bd911eaf9c29b76be5a1d579e47f,.qasm,87883,79,3160,157,qft,True,,0,stratum_not_selected
veriq,combinational/qft/qft_8.qasm,/home/audrey/code_and_papers/2026/FAST2027/final/hilbert_thin_provisioning/external/veriq-benchmark/combinational/qft/qft_8.qasm,fdd69d0bacc99332340c27b0515abc00cefadeae09ec1068f9c5d52e48edbda1,.qasm,761,8,36,15,qft,True,,0,stratum_not_selected
veriq,combinational/qft/qft_80.qasm,/home/audrey/code_and_papers/2026/FAST2027/final/hilbert_thin_provisioning/external/veriq-benchmark/combinational/qft/qft_80.qasm,b587ef37ca14c0508438b02a19f9ad0e398c7f0d0a4c926c01a694a3e66e4c50,.qasm,90017,80,3240,159,qft,True,,0,stratum_not_selected
veriq,combinational/qft/qft_81.qasm,/home/audrey/code_and_papers/2026/FAST2027/final/hilbert_thin_provisioning/external/veriq-benchmark/combinational/qft/qft_81.qasm,d0e290b7578cedc1033ea6b3a9363a331f158a387fb4fb453718dec8dd344c85,.qasm,92172,81,3321,161,qft,True,,0,stratum_not_selected
veriq,combinational/qft/qft_82.qasm,/home/audrey/code_and_papers/2026/FAST2027/final/hilbert_thin_provisioning/external/veriq-benchmark/combinational/qft/qft_82.qasm,0960cb97b60d0270d1d49ccc9bf1185ecb113bee62f26a7b7782700e5634d7c5,.qasm,94348,82,3403,163,qft,True,,0,stratum_not_selected
veriq,combinational/qft/qft_83.qasm,/home/audrey/code_and_papers/2026/FAST2027/final/hilbert_thin_provisioning/external/veriq-benchmark/combinational/qft/qft_83.qasm,2d6947bccd02c2465b8c69ddfad9632c2bdad57d73dafbbfd7b15ec771ecbb69,.qasm,96545,83,3486,165,qft,True,,0,stratum_not_selected
veriq,combinational/qft/qft_84.qasm,/home/audrey/code_and_papers/2026/FAST2027/final/hilbert_thin_provisioning/external/veriq-benchmark/combinational/qft/qft_84.qasm,d4ad585f09d3c55d9b40305cfbd1a49a1f45bc3b055317253779d12e49cd5d9f,.qasm,98763,84,3570,167,qft,True,,0,stratum_not_selected
veriq,combinational/qft/qft_85.qasm,/home/audrey/code_and_papers/2026/FAST2027/final/hilbert_thin_provisioning/external/veriq-benchmark/combinational/qft/qft_85.qasm,7dc525675681e47bb714c234bcef9504929e3eac056611fc0d0cb2a7efdbb0f3,.qasm,101002,85,3655,169,qft,True,,0,stratum_not_selected
veriq,combinational/qft/qft_86.qasm,/home/audrey/code_and_papers/2026/FAST2027/final/hilbert_thin_provisioning/external/veriq-benchmark/combinational/qft/qft_86.qasm,d2e07ce5cf52e6c69ab59ac6fc03ed382a5f5b1e53a54f23d682854e63904da9,.qasm,103262,86,3741,171,qft,True,,0,stratum_not_selected
veriq,combinational/qft/qft_87.qasm,/home/audrey/code_and_papers/2026/FAST2027/final/hilbert_thin_provisioning/external/veriq-benchmark/combinational/qft/qft_87.qasm,06e4e75d4ba83fa438361879973d03452a471dd769a886bc86cead75609bad42,.qasm,105543,87,3828,173,qft,True,,0,stratum_not_selected
veriq,combinational/qft/qft_88.qasm,/home/audrey/code_and_papers/2026/FAST2027/final/hilbert_thin_provisioning/external/veriq-benchmark/combinational/qft/qft_88.qasm,9d7fd84f19dc26db3935db55f21ad5ac1f528c69eea48710c0819492c65cfaf3,.qasm,107845,88,3916,175,qft,True,,0,stratum_not_selected
veriq,combinational/qft/qft_89.qasm,/home/audrey/code_and_papers/2026/FAST2027/final/hilbert_thin_provisioning/external/veriq-benchmark/combinational/qft/qft_89.qasm,98d454a5456cd221d22b5b911ff6f53973ffa68b529ffb43fb83c7518f2b3a60,.qasm,110168,89,4005,177,qft,True,,0,stratum_not_selected
veriq,combinational/qft/qft_9.qasm,/home/audrey/code_and_papers/2026/FAST2027/final/hilbert_thin_provisioning/external/veriq-benchmark/combinational/qft/qft_9.qasm,d19f3fbc320f959b5d2b198c3f4a84e90b91ba5475eda4ca28fbe6f4408110c7,.qasm,953,9,45,17,qft,True,,0,stratum_not_selected
veriq,combinational/qft/qft_90.qasm,/home/audrey/code_and_papers/2026/FAST2027/final/hilbert_thin_provisioning/external/veriq-benchmark/combinational/qft/qft_90.qasm,8099d6e49d0d49f3d513f3a0398d6ca6b640e4d0f2f7efb4b6a1a061d89f6f55,.qasm,112512,90,4095,179,qft,True,,0,stratum_not_selected
veriq,combinational/qft/qft_91.qasm,/home/audrey/code_and_papers/2026/FAST2027/final/hilbert_thin_provisioning/external/veriq-benchmark/combinational/qft/qft_91.qasm,81ed19c2bda8dda548ccfb65dcf334de5f85ad426ff0b3445f17090c283dd35a,.qasm,114877,91,4186,181,qft,True,,0,stratum_not_selected
veriq,combinational/qft/qft_92.qasm,/home/audrey/code_and_papers/2026/FAST2027/final/hilbert_thin_provisioning/external/veriq-benchmark/combinational/qft/qft_92.qasm,c92c530e62832bb8c51f2e854094c76c558b6d222f36d1fc10f07b6a2ea705e6,.qasm,117263,92,4278,183,qft,True,,0,stratum_not_selected
veriq,combinational/qft/qft_93.qasm,/home/audrey/code_and_papers/2026/FAST2027/final/hilbert_thin_provisioning/external/veriq-benchmark/combinational/qft/qft_93.qasm,8e85d6c990a0674242b51d542c5dec2b8e7a734d055df9f1b89099e7203f9b36,.qasm,119670,93,4371,185,qft,True,,0,stratum_not_selected
veriq,combinational/qft/qft_94.qasm,/home/audrey/code_and_papers/2026/FAST2027/final/hilbert_thin_provisioning/external/veriq-benchmark/combinational/qft/qft_94.qasm,7e0bc003a3e6facc160950d544cac4d183009ba7d26c23c7fbf75898dbb8da4a,.qasm,122098,94,4465,187,qft,True,,0,stratum_not_selected
veriq,combinational/qft/qft_95.qasm,/home/audrey/code_and_papers/2026/FAST2027/final/hilbert_thin_provisioning/external/veriq-benchmark/combinational/qft/qft_95.qasm,34563dc128f8ca37d4ce84911bf229b6a0123b24cee84695037b36d26a175186,.qasm,124547,95,4560,189,qft,True,,0,stratum_not_selected
veriq,combinational/qft/qft_96.qasm,/home/audrey/code_and_papers/2026/FAST2027/final/hilbert_thin_provisioning/external/veriq-benchmark/combinational/qft/qft_96.qasm,eef713f70d0ea3d372d559c80d60b2353292777f028120a35994b0a8628e6dee,.qasm,127017,96,4656,191,qft,True,,0,stratum_not_selected
veriq,combinational/qft/qft_97.qasm,/home/audrey/code_and_papers/2026/FAST2027/final/hilbert_thin_provisioning/external/veriq-benchmark/combinational/qft/qft_97.qasm,122d71739f47e34f31d295c69a1cca28e741fd03394febbf63ce1f1a67bb5691,.qasm,129508,97,4753,193,qft,True,,0,stratum_not_selected
veriq,combinational/qft/qft_98.qasm,/home/audrey/code_and_papers/2026/FAST2027/final/hilbert_thin_provisioning/external/veriq-benchmark/combinational/qft/qft_98.qasm,b1cf154e82e528463f9cb6bdf006d0db5fb1e1b5f8e1a7ad9b56e3186b9824a1,.qasm,132020,98,4851,195,qft,True,,0,stratum_not_selected
veriq,combinational/qft/qft_99.qasm,/home/audrey/code_and_papers/2026/FAST2027/final/hilbert_thin_provisioning/external/veriq-benchmark/combinational/qft/qft_99.qasm,c452486173e93a727a335cfcb55880c528704a4cc0b76af52b6d3b0c2caeb242,.qasm,134553,99,4950,197,qft,True,,0,stratum_not_selected
veriq,combinational/qubit_mapping/Aspen-4/16QBT_16CYC_32GN_1.0P2_0.qasm,/home/audrey/code_and_papers/2026/FAST2027/final/hilbert_thin_provisioning/external/veriq-benchmark/combinational/qubit_mapping/Aspen-4/16QBT_16CYC_32GN_1.0P2_0.qasm,a10bc0b757a7eedafd489049ae06037993e84fa81f33d3462d6e4d64d89c27ae,.qasm,440,16,32,16,mapping,True,,0,stratum_not_selected
veriq,combinational/qubit_mapping/Aspen-4/16QBT_32CYC_64GN_1.0P2_0.qasm,/home/audrey/code_and_papers/2026/FAST2027/final/hilbert_thin_provisioning/external/veriq-benchmark/combinational/qubit_mapping/Aspen-4/16QBT_32CYC_64GN_1.0P2_0.qasm,68ff4f929870affd982313cab3b464430d543e62227ca6d01629e0b7edd76ae9,.qasm,796,16,64,32,mapping,True,,0,stratum_not_selected
veriq,combinational/qubit_mapping/Aspen-4/16QBT_4CYC_8GN_1.0P2_0.qasm,/home/audrey/code_and_papers/2026/FAST2027/final/hilbert_thin_provisioning/external/veriq-benchmark/combinational/qubit_mapping/Aspen-4/16QBT_4CYC_8GN_1.0P2_0.qasm,78d91ed7cf76627d0635f207c58c8c17065041abd54d8f04f7549e20714f1916,.qasm,145,16,8,4,mapping,True,,0,stratum_not_selected
veriq,combinational/qubit_mapping/Aspen-4/16QBT_64CYC_128GN_1.0P2_0.qasm,/home/audrey/code_and_papers/2026/FAST2027/final/hilbert_thin_provisioning/external/veriq-benchmark/combinational/qubit_mapping/Aspen-4/16QBT_64CYC_128GN_1.0P2_0.qasm,909a351ce58a299d8c368ecff4ea511f17f85c7f61b357340e3665e34d314940,.qasm,1610,16,128,64,mapping,True,,0,selected
veriq,combinational/qubit_mapping/Aspen-4/16QBT_8CYC_16GN_1.0P2_0.qasm,/home/audrey/code_and_papers/2026/FAST2027/final/hilbert_thin_provisioning/external/veriq-benchmark/combinational/qubit_mapping/Aspen-4/16QBT_8CYC_16GN_1.0P2_0.qasm,8ebbeed28a0616e75bb52662a138ae3c060ef2c67c44a885d642493c1eff0ff9,.qasm,236,16,16,8,mapping,True,,0,selected
veriq,combinational/qubit_mapping/Ourense/5QBT_16CYC_16GN_1.0P2_0.qasm,/home/audrey/code_and_papers/2026/FAST2027/final/hilbert_thin_provisioning/external/veriq-benchmark/combinational/qubit_mapping/Ourense/5QBT_16CYC_16GN_1.0P2_0.qasm,3f5430e42e7427aaf2ffd2deb81d687e21329848032028d7cf245dbdfbd67bc2,.qasm,290,5,16,16,mapping,True,,0,stratum_not_selected
veriq,combinational/qubit_mapping/Ourense/5QBT_32CYC_32GN_1.0P2_0.qasm,/home/audrey/code_and_papers/2026/FAST2027/final/hilbert_thin_provisioning/external/veriq-benchmark/combinational/qubit_mapping/Ourense/5QBT_32CYC_32GN_1.0P2_0.qasm,5bce743d80c5da5baa8b0af14777e4bd80fbbca0f4c039d9d2cb9ac9a2559a0a,.qasm,530,5,32,32,mapping,True,,0,selected
veriq,combinational/qubit_mapping/Ourense/5QBT_4CYC_4GN_1.0P2_0.qasm,/home/audrey/code_and_papers/2026/FAST2027/final/hilbert_thin_provisioning/external/veriq-benchmark/combinational/qubit_mapping/Ourense/5QBT_4CYC_4GN_1.0P2_0.qasm,d49832581b08fd026f6aafb37fa0bf65943e0458dae4269e7c8fb8c962205e0d,.qasm,110,5,4,4,mapping,True,,0,selected
veriq,combinational/qubit_mapping/Ourense/5QBT_64CYC_64GN_1.0P2_0.qasm,/home/audrey/code_and_papers/2026/FAST2027/final/hilbert_thin_provisioning/external/veriq-benchmark/combinational/qubit_mapping/Ourense/5QBT_64CYC_64GN_1.0P2_0.qasm,e173602f1bb580205a0116facc1b07605250895020e38ee1c722283090df1009,.qasm,1010,5,64,64,mapping,True,,0,stratum_not_selected
veriq,combinational/qubit_mapping/Ourense/5QBT_8CYC_8GN_1.0P2_0.qasm,/home/audrey/code_and_papers/2026/FAST2027/final/hilbert_thin_provisioning/external/veriq-benchmark/combinational/qubit_mapping/Ourense/5QBT_8CYC_8GN_1.0P2_0.qasm,5b01b494d2438cf481f81d3ef955f8bb625ff935031e9306e914fe126f32b83d,.qasm,170,5,8,8,mapping,True,,0,stratum_not_selected
veriq,combinational/qubit_mapping/Rochester/53QBT_16CYC_32GN_1.0P2_0.qasm,/home/audrey/code_and_papers/2026/FAST2027/final/hilbert_thin_provisioning/external/veriq-benchmark/combinational/qubit_mapping/Rochester/53QBT_16CYC_32GN_1.0P2_0.qasm,a1be055d747fa0669b4b852710dd8b6b331b8209a7abf5c5521252052a9563ff,.qasm,453,53,32,16,mapping,True,,0,stratum_not_selected
veriq,combinational/qubit_mapping/Rochester/53QBT_32CYC_64GN_1.0P2_0.qasm,/home/audrey/code_and_papers/2026/FAST2027/final/hilbert_thin_provisioning/external/veriq-benchmark/combinational/qubit_mapping/Rochester/53QBT_32CYC_64GN_1.0P2_0.qasm,ae0fc1682d42ed1319e6730deab4a62dda62e136a61a445211164cdc3fbdfa0f,.qasm,888,53,64,32,mapping,True,,0,selected
veriq,combinational/qubit_mapping/Rochester/53QBT_4CYC_8GN_1.0P2_0.qasm,/home/audrey/code_and_papers/2026/FAST2027/final/hilbert_thin_provisioning/external/veriq-benchmark/combinational/qubit_mapping/Rochester/53QBT_4CYC_8GN_1.0P2_0.qasm,7d2f63fd4b551b6167d73c1c5b289faa4f82176b7007ed1ac1fd79b8eb5089d2,.qasm,159,53,8,4,mapping,True,,0,selected
veriq,combinational/qubit_mapping/Rochester/53QBT_64CYC_128GN_1.0P2_0.qasm,/home/audrey/code_and_papers/2026/FAST2027/final/hilbert_thin_provisioning/external/veriq-benchmark/combinational/qubit_mapping/Rochester/53QBT_64CYC_128GN_1.0P2_0.qasm,c5ef2867aac13e11c5e5df2c70b8027e7ae9718c871fa1e86128f9add3b13efd,.qasm,1678,53,128,64,mapping,True,,0,stratum_not_selected
veriq,combinational/qubit_mapping/Rochester/53QBT_8CYC_16GN_1.0P2_0.qasm,/home/audrey/code_and_papers/2026/FAST2027/final/hilbert_thin_provisioning/external/veriq-benchmark/combinational/qubit_mapping/Rochester/53QBT_8CYC_16GN_1.0P2_0.qasm,a083d9fce70306b94ebffc7b2a985ce8c739514ca1e68cb3c877152b86c04149,.qasm,241,53,16,8,mapping,True,,0,stratum_not_selected
veriq,combinational/qubit_mapping/Sycamore/54QBT_16CYC_32GN_1.0P2_0.qasm,/home/audrey/code_and_papers/2026/FAST2027/final/hilbert_thin_provisioning/external/veriq-benchmark/combinational/qubit_mapping/Sycamore/54QBT_16CYC_32GN_1.0P2_0.qasm,7599138bc5fa38e711919892d2d5f72abfb4856740f67655e05cceb1dfa97bbc,.qasm,435,54,32,16,mapping,True,,0,stratum_not_selected
veriq,combinational/qubit_mapping/Sycamore/54QBT_32CYC_64GN_1.0P2_0.qasm,/home/audrey/code_and_papers/2026/FAST2027/final/hilbert_thin_provisioning/external/veriq-benchmark/combinational/qubit_mapping/Sycamore/54QBT_32CYC_64GN_1.0P2_0.qasm,59a7f1ca618bf7536aa1e1b2e5fc8451db16df3e5277ae3efeccf15e8da2fd94,.qasm,896,54,64,32,mapping,True,,0,stratum_not_selected
veriq,combinational/qubit_mapping/Sycamore/54QBT_4CYC_8GN_1.0P2_0.qasm,/home/audrey/code_and_papers/2026/FAST2027/final/hilbert_thin_provisioning/external/veriq-benchmark/combinational/qubit_mapping/Sycamore/54QBT_4CYC_8GN_1.0P2_0.qasm,a84ed818e8d24b577b28f07261ce118bdd0f365cb02ea6853051665e11e023e5,.qasm,145,54,8,4,mapping,True,,0,stratum_not_selected
veriq,combinational/qubit_mapping/Sycamore/54QBT_64CYC_128GN_1.0P2_0.qasm,/home/audrey/code_and_papers/2026/FAST2027/final/hilbert_thin_provisioning/external/veriq-benchmark/combinational/qubit_mapping/Sycamore/54QBT_64CYC_128GN_1.0P2_0.qasm,f310e075c8212c193ad772b450b648529e913dd5d92b241e98dc1d98d5f80bdc,.qasm,1690,54,128,64,mapping,True,,0,selected
veriq,combinational/qubit_mapping/Sycamore/54QBT_8CYC_16GN_1.0P2_0.qasm,/home/audrey/code_and_papers/2026/FAST2027/final/hilbert_thin_provisioning/external/veriq-benchmark/combinational/qubit_mapping/Sycamore/54QBT_8CYC_16GN_1.0P2_0.qasm,1053a56203dbdc0f123a01ac5abd845c2eec5d027ed88d653b9c5241b18256fe,.qasm,249,54,16,8,mapping,True,,0,selected
veriq,combinational/qubit_mapping/Tokyo/20QBT_16CYC_32GN_1.0P2_0.qasm,/home/audrey/code_and_papers/2026/FAST2027/final/hilbert_thin_provisioning/external/veriq-benchmark/combinational/qubit_mapping/Tokyo/20QBT_16CYC_32GN_1.0P2_0.qasm,a818867739b41d78496bd859cedf215452e774e83d02afb4261b36125fa6c908,.qasm,449,20,32,16,mapping,True,,0,selected
veriq,combinational/qubit_mapping/Tokyo/20QBT_32CYC_64GN_1.0P2_0.qasm,/home/audrey/code_and_papers/2026/FAST2027/final/hilbert_thin_provisioning/external/veriq-benchmark/combinational/qubit_mapping/Tokyo/20QBT_32CYC_64GN_1.0P2_0.qasm,c367d4766448edc08e0af3d2940ec95e0858d236a3f8e3aec02388cf582ae168,.qasm,892,20,64,32,mapping,True,,0,stratum_not_selected
veriq,combinational/qubit_mapping/Tokyo/20QBT_4CYC_8GN_1.0P2_0.qasm,/home/audrey/code_and_papers/2026/FAST2027/final/hilbert_thin_provisioning/external/veriq-benchmark/combinational/qubit_mapping/Tokyo/20QBT_4CYC_8GN_1.0P2_0.qasm,9cffa3addee84fc2fa5bef6be50991c54deed2c45e2a76bae45789d4c38b81f9,.qasm,142,20,8,4,mapping,True,,0,selected
veriq,combinational/qubit_mapping/Tokyo/20QBT_64CYC_128GN_1.0P2_0.qasm,/home/audrey/code_and_papers/2026/FAST2027/final/hilbert_thin_provisioning/external/veriq-benchmark/combinational/qubit_mapping/Tokyo/20QBT_64CYC_128GN_1.0P2_0.qasm,cdb7b06510c368a31681fa5df732f4329091e76d20d6168a995eb342f04fdf9d,.qasm,1618,20,128,64,mapping,True,,0,selected
veriq,combinational/qubit_mapping/Tokyo/20QBT_8CYC_16GN_1.0P2_0.qasm,/home/audrey/code_and_papers/2026/FAST2027/final/hilbert_thin_provisioning/external/veriq-benchmark/combinational/qubit_mapping/Tokyo/20QBT_8CYC_16GN_1.0P2_0.qasm,c89018c96958b8fed464ffc2969ef83fd364447da2227c571babd35bda3ddde0,.qasm,261,20,16,8,mapping,True,,0,selected
veriq,combinational/qv/quantum_volume_n10_d10_i0.qasm,/home/audrey/code_and_papers/2026/FAST2027/final/hilbert_thin_provisioning/external/veriq-benchmark/combinational/qv/quantum_volume_n10_d10_i0.qasm,432cb422b580b73f3f05aaab09559f646bb5664f37cba75ec91dee3633f3b35e,.qasm,21203,10,511,71,random,True,,0,selected
veriq,combinational/qv/quantum_volume_n10_d15_i0.qasm,/home/audrey/code_and_papers/2026/FAST2027/final/hilbert_thin_provisioning/external/veriq-benchmark/combinational/qv/quantum_volume_n10_d15_i0.qasm,5c717fd8577e93130954c4a6484d4d0525bba5a294d234e82b35f2527434cca5,.qasm,31612,10,761,106,random,True,,0,stratum_not_selected
veriq,combinational/qv/quantum_volume_n10_d20_i0.qasm,/home/audrey/code_and_papers/2026/FAST2027/final/hilbert_thin_provisioning/external/veriq-benchmark/combinational/qv/quantum_volume_n10_d20_i0.qasm,4a16f6e4beb787098c5a5c435103c2ae66452063936f4f98fde6a0d6ea26c9be,.qasm,43326,10,1011,141,random,True,,0,selected
veriq,combinational/qv/quantum_volume_n10_d5_i0.qasm,/home/audrey/code_and_papers/2026/FAST2027/final/hilbert_thin_provisioning/external/veriq-benchmark/combinational/qv/quantum_volume_n10_d5_i0.qasm,35c51184f5d31e5fc2ed6faa0924b3f845ffd77b978c27989698e4aabc85ffbd,.qasm,11144,10,261,36,random,True,,0,stratum_not_selected
veriq,combinational/qv/quantum_volume_n11_d5_i0.qasm,/home/audrey/code_and_papers/2026/FAST2027/final/hilbert_thin_provisioning/external/veriq-benchmark/combinational/qv/quantum_volume_n11_d5_i0.qasm,0b99f23ecf51f28210d9478516c1f63d9aa4e11dd4464859213411a2728996a8,.qasm,11241,11,262,36,random,True,,0,stratum_not_selected
veriq,combinational/qv/quantum_volume_n12_d5_i0.qasm,/home/audrey/code_and_papers/2026/FAST2027/final/hilbert_thin_provisioning/external/veriq-benchmark/combinational/qv/quantum_volume_n12_d5_i0.qasm,9c85e22710c54fd11212312d05430dbfcf772b6cc191ac987743cb5485a3f454,.qasm,13448,12,313,36,random,True,,0,stratum_not_selected
veriq,combinational/qv/quantum_volume_n13_d5_i0.qasm,/home/audrey/code_and_papers/2026/FAST2027/final/hilbert_thin_provisioning/external/veriq-benchmark/combinational/qv/quantum_volume_n13_d5_i0.qasm,2197890a6ac7a16088e24941894100f8f14f9787e92b1f5351fa9be9bd80a1a6,.qasm,13489,13,314,36,random,True,,0,stratum_not_selected
veriq,combinational/qv/quantum_volume_n14_d5_i0.qasm,/home/audrey/code_and_papers/2026/FAST2027/final/hilbert_thin_provisioning/external/veriq-benchmark/combinational/qv/quantum_volume_n14_d5_i0.qasm,efd5bcfd2d29cccf5f7f229e5a94ca573594abb09431d84d432388675ca56260,.qasm,15710,14,365,36,random,True,,0,stratum_not_selected
veriq,combinational/qv/quantum_volume_n15_d5_i0.qasm,/home/audrey/code_and_papers/2026/FAST2027/final/hilbert_thin_provisioning/external/veriq-benchmark/combinational/qv/quantum_volume_n15_d5_i0.qasm,30f11dfb15bbe96a19402d1d10eeb30cce2529fcf4d76f03534f6969e219615e,.qasm,15771,15,366,36,random,True,,0,stratum_not_selected
veriq,combinational/qv/quantum_volume_n16_d5_i0.qasm,/home/audrey/code_and_papers/2026/FAST2027/final/hilbert_thin_provisioning/external/veriq-benchmark/combinational/qv/quantum_volume_n16_d5_i0.qasm,0d48acb0a2cb40d79ccc8585c00f9eab7c09da9ae267f6ee0d1dedd33d10072a,.qasm,17997,16,417,36,random,True,,0,selected
veriq,combinational/qv/quantum_volume_n20_d20_i0.qasm,/home/audrey/code_and_papers/2026/FAST2027/final/hilbert_thin_provisioning/external/veriq-benchmark/combinational/qv/quantum_volume_n20_d20_i0.qasm,35446be94f506751d27170770b3688c2b26495e39d379afbcf30f6cff7d7a977,.qasm,87864,20,2021,141,random,True,,0,selected
veriq,combinational/qv/quantum_volume_n2_d5_i0.qasm,/home/audrey/code_and_papers/2026/FAST2027/final/hilbert_thin_provisioning/external/veriq-benchmark/combinational/qv/quantum_volume_n2_d5_i0.qasm,f15730ab684b063f8a9120ab4fc504b9422ef14171a0a716155a65f5564f1329,.qasm,2155,2,50,35,random,True,,0,selected
veriq,combinational/qv/quantum_volume_n30_d20_i0.qasm,/home/audrey/code_and_papers/2026/FAST2027/final/hilbert_thin_provisioning/external/veriq-benchmark/combinational/qv/quantum_volume_n30_d20_i0.qasm,582c218e88ed448c0cc8d19d0070b423ef4812b46ca8595284adfcfe717a0305,.qasm,132468,30,3031,141,random,True,,0,selected
veriq,combinational/qv/quantum_volume_n3_d5_i0.qasm,/home/audrey/code_and_papers/2026/FAST2027/final/hilbert_thin_provisioning/external/veriq-benchmark/combinational/qv/quantum_volume_n3_d5_i0.qasm,3c5b2081fcf7d27226949f9830153b4688c9149635f115fc22c08c684b85f9a3,.qasm,2155,3,50,35,random,True,,0,stratum_not_selected
veriq,combinational/qv/quantum_volume_n40_d20_i0.qasm,/home/audrey/code_and_papers/2026/FAST2027/final/hilbert_thin_provisioning/external/veriq-benchmark/combinational/qv/quantum_volume_n40_d20_i0.qasm,bcc9faaaa845cf455421580fa94d3f04d71ef0cae6786e974f44b1e8f4542006,.qasm,177146,40,4041,141,random,True,,0,selected
veriq,combinational/qv/quantum_volume_n4_d5_i0.qasm,/home/audrey/code_and_papers/2026/FAST2027/final/hilbert_thin_provisioning/external/veriq-benchmark/combinational/qv/quantum_volume_n4_d5_i0.qasm,1c6b71e6125af8357a825e1dd74f13e5a30448a4d3922f3566f20aaa7cf6c0e1,.qasm,4260,4,100,35,random,True,,0,stratum_not_selected
veriq,combinational/qv/quantum_volume_n5_d2_i0.qasm,/home/audrey/code_and_papers/2026/FAST2027/final/hilbert_thin_provisioning/external/veriq-benchmark/combinational/qv/quantum_volume_n5_d2_i0.qasm,a07ffb18d06ecbeeb6711b24a62e83e3ee612a1cc262fd56b2941e88686fd3ea,.qasm,1679,5,40,14,random,True,,0,stratum_not_selected
veriq,combinational/qv/quantum_volume_n5_d3_i0.qasm,/home/audrey/code_and_papers/2026/FAST2027/final/hilbert_thin_provisioning/external/veriq-benchmark/combinational/qv/quantum_volume_n5_d3_i0.qasm,7531cd2877886b5d8077fb84bf9033c8158d480fb00aa5399dcf6bca573174d4,.qasm,2499,5,60,21,random,True,,0,stratum_not_selected
veriq,combinational/qv/quantum_volume_n5_d4_i0.qasm,/home/audrey/code_and_papers/2026/FAST2027/final/hilbert_thin_provisioning/external/veriq-benchmark/combinational/qv/quantum_volume_n5_d4_i0.qasm,8b27da70b0010bf86c9a6ed8254bd5de12518e3b9a7371571d260106b074b57b,.qasm,3318,5,80,28,random,True,,0,stratum_not_selected
veriq,combinational/qv/quantum_volume_n5_d5_i0.qasm,/home/audrey/code_and_papers/2026/FAST2027/final/hilbert_thin_provisioning/external/veriq-benchmark/combinational/qv/quantum_volume_n5_d5_i0.qasm,b17d038b8a975453a1a7420e364bba708f51237ef84b1d5339b80e14e7a88d95,.qasm,4257,5,100,35,random,True,,0,selected
veriq,combinational/qv/quantum_volume_n6_d5_i0.qasm,/home/audrey/code_and_papers/2026/FAST2027/final/hilbert_thin_provisioning/external/veriq-benchmark/combinational/qv/quantum_volume_n6_d5_i0.qasm,8b42bd74ce56238c50826464e5b138d437a913d73e1053389a8b75da94caabae,.qasm,6361,6,150,35,random,True,,0,stratum_not_selected
veriq,combinational/qv/quantum_volume_n7_d5_i0.qasm,/home/audrey/code_and_papers/2026/FAST2027/final/hilbert_thin_provisioning/external/veriq-benchmark/combinational/qv/quantum_volume_n7_d5_i0.qasm,55d2fd7f52648f49ef80d7c8f62d33e99ea3b5f00a71d87b5f97b6d754fd9f42,.qasm,6359,7,150,35,random,True,,0,stratum_not_selected
veriq,combinational/qv/quantum_volume_n8_d5_i0.qasm,/home/audrey/code_and_papers/2026/FAST2027/final/hilbert_thin_provisioning/external/veriq-benchmark/combinational/qv/quantum_volume_n8_d5_i0.qasm,f6bb169a4863a5f2a817da125465d09f0cecd4c7f8c98415d92b742767cab196,.qasm,8450,8,200,35,random,True,,0,stratum_not_selected
veriq,combinational/qv/quantum_volume_n9_d5_i0.qasm,/home/audrey/code_and_papers/2026/FAST2027/final/hilbert_thin_provisioning/external/veriq-benchmark/combinational/qv/quantum_volume_n9_d5_i0.qasm,4bfe0bb170687533f77f26fffae1e75e7f6ed441733f72418041f12d14d43f7a,.qasm,8444,9,200,35,random,True,,0,stratum_not_selected
veriq,combinational/rand_cliff/rand_cliff_10_AG.qasm,/home/audrey/code_and_papers/2026/FAST2027/final/hilbert_thin_provisioning/external/veriq-benchmark/combinational/rand_cliff/rand_cliff_10_AG.qasm,adf05f592fa4f95d103941fefe43d3237a64def6b92031ee34ba4b672c82fde3,.qasm,1688,10,134,97,clifford,True,,0,stratum_not_selected
veriq,combinational/rand_cliff/rand_cliff_10_GD.qasm,/home/audrey/code_and_papers/2026/FAST2027/final/hilbert_thin_provisioning/external/veriq-benchmark/combinational/rand_cliff/rand_cliff_10_GD.qasm,b181bf4c7e57fe48c0966fc229ad8314b95259747ea620de1c940fb169c4fa04,.qasm,1412,10,128,60,clifford,True,,0,stratum_not_selected
veriq,combinational/rand_cliff/rand_cliff_11_AG.qasm,/home/audrey/code_and_papers/2026/FAST2027/final/hilbert_thin_provisioning/external/veriq-benchmark/combinational/rand_cliff/rand_cliff_11_AG.qasm,48daed6fd0340db6097d919bc7dd2c8f16a9d1e9e3c12e3bc0445099fa7e5d7a,.qasm,2052,11,160,118,clifford,True,,0,stratum_not_selected
veriq,combinational/rand_cliff/rand_cliff_11_GD.qasm,/home/audrey/code_and_papers/2026/FAST2027/final/hilbert_thin_provisioning/external/veriq-benchmark/combinational/rand_cliff/rand_cliff_11_GD.qasm,86a796780610b6a5e7783721e87aae783af0df34e1cf63ac7b66eeefa59021b7,.qasm,1601,11,141,59,clifford,True,,0,stratum_not_selected
veriq,combinational/rand_cliff/rand_cliff_12_AG.qasm,/home/audrey/code_and_papers/2026/FAST2027/final/hilbert_thin_provisioning/external/veriq-benchmark/combinational/rand_cliff/rand_cliff_12_AG.qasm,a9dcb18a094dd34e8b7e5db4f94b6f5b95704d4110c8864dee408ee712649d2c,.qasm,2349,12,180,134,clifford,True,,0,stratum_not_selected
veriq,combinational/rand_cliff/rand_cliff_12_GD.qasm,/home/audrey/code_and_papers/2026/FAST2027/final/hilbert_thin_provisioning/external/veriq-benchmark/combinational/rand_cliff/rand_cliff_12_GD.qasm,d7ac1f347dcc08942fd3712eb8c6b3c898c942e10bff17ba7e6557f8c1c15b67,.qasm,2020,12,179,82,clifford,True,,0,stratum_not_selected
veriq,combinational/rand_cliff/rand_cliff_13_AG.qasm,/home/audrey/code_and_papers/2026/FAST2027/final/hilbert_thin_provisioning/external/veriq-benchmark/combinational/rand_cliff/rand_cliff_13_AG.qasm,72467c6244ff39cd2c5b92960eb19b5bb8fd8147088adc26a3cf8cfa4e54a90a,.qasm,2601,13,197,148,clifford,True,,0,stratum_not_selected
veriq,combinational/rand_cliff/rand_cliff_13_GD.qasm,/home/audrey/code_and_papers/2026/FAST2027/final/hilbert_thin_provisioning/external/veriq-benchmark/combinational/rand_cliff/rand_cliff_13_GD.qasm,c0b2a899a96fea1a8442fc0c7c56e0dd9c92a7587b0b2825e6e2b0bedad1c79f,.qasm,2192,13,193,87,clifford,True,,0,selected
veriq,combinational/rand_cliff/rand_cliff_14_AG.qasm,/home/audrey/code_and_papers/2026/FAST2027/final/hilbert_thin_provisioning/external/veriq-benchmark/combinational/rand_cliff/rand_cliff_14_AG.qasm,50b954f31dee86447ccead0e5674551426ca080f36c8405e3d1258b1705df23b,.qasm,3399,14,259,186,clifford,True,,0,stratum_not_selected
veriq,combinational/rand_cliff/rand_cliff_14_GD.qasm,/home/audrey/code_and_papers/2026/FAST2027/final/hilbert_thin_provisioning/external/veriq-benchmark/combinational/rand_cliff/rand_cliff_14_GD.qasm,e58d99c531aa95c9ea97235dd9cc5cd6a09910ac2cdb9b2762682fdab757d823,.qasm,2654,14,227,98,clifford,True,,0,stratum_not_selected
veriq,combinational/rand_cliff/rand_cliff_15_AG.qasm,/home/audrey/code_and_papers/2026/FAST2027/final/hilbert_thin_provisioning/external/veriq-benchmark/combinational/rand_cliff/rand_cliff_15_AG.qasm,318d8d9db3567775a403e4d85a7a3241d3af6157a6864f64f60dc54940a2b8d8,.qasm,3534,15,263,194,clifford,True,,0,stratum_not_selected
veriq,combinational/rand_cliff/rand_cliff_15_GD.qasm,/home/audrey/code_and_papers/2026/FAST2027/final/hilbert_thin_provisioning/external/veriq-benchmark/combinational/rand_cliff/rand_cliff_15_GD.qasm,647bbf1a4b6c8b2f56594b0a485a8c6c5d2ea1fab3ce835a786c4f3d4d457bf4,.qasm,2936,15,256,110,clifford,True,,0,stratum_not_selected
veriq,combinational/rand_cliff/rand_cliff_16_AG.qasm,/home/audrey/code_and_papers/2026/FAST2027/final/hilbert_thin_provisioning/external/veriq-benchmark/combinational/rand_cliff/rand_cliff_16_AG.qasm,eb88812faf406df3dbe9f6aec7f50b7c43da0d100452a67930d78ee839edfbae,.qasm,4003,16,296,230,clifford,True,,0,stratum_not_selected
veriq,combinational/rand_cliff/rand_cliff_16_GD.qasm,/home/audrey/code_and_papers/2026/FAST2027/final/hilbert_thin_provisioning/external/veriq-benchmark/combinational/rand_cliff/rand_cliff_16_GD.qasm,f6fc1e27160e06898d4a9c96ce059047d805f23e9c06dc66f11688caba320f44,.qasm,3276,16,281,109,clifford,True,,0,stratum_not_selected
veriq,combinational/rand_cliff/rand_cliff_17_AG.qasm,/home/audrey/code_and_papers/2026/FAST2027/final/hilbert_thin_provisioning/external/veriq-benchmark/combinational/rand_cliff/rand_cliff_17_AG.qasm,de5829265525ca11b8c007c92d0bc5e4d2ea496688ca66cda6117dede3779d21,.qasm,4897,17,354,273,clifford,True,,0,stratum_not_selected
veriq,combinational/rand_cliff/rand_cliff_17_GD.qasm,/home/audrey/code_and_papers/2026/FAST2027/final/hilbert_thin_provisioning/external/veriq-benchmark/combinational/rand_cliff/rand_cliff_17_GD.qasm,8d8a4c6cabb18c9fc521bf46c792538d9c7438a37130054b4cb68355d89d57ae,.qasm,3693,17,311,133,clifford,True,,0,stratum_not_selected
veriq,combinational/rand_cliff/rand_cliff_18_AG.qasm,/home/audrey/code_and_papers/2026/FAST2027/final/hilbert_thin_provisioning/external/veriq-benchmark/combinational/rand_cliff/rand_cliff_18_AG.qasm,4afe16793ebbc0742df17b22a5007dc095d9055f73e24bc5fedf76658a736733,.qasm,5141,18,377,276,clifford,True,,0,stratum_not_selected
veriq,combinational/rand_cliff/rand_cliff_18_GD.qasm,/home/audrey/code_and_papers/2026/FAST2027/final/hilbert_thin_provisioning/external/veriq-benchmark/combinational/rand_cliff/rand_cliff_18_GD.qasm,2ae09ea32b67634c51d34a45544bc8d7436c127bf68de5fc8adc597990fb428a,.qasm,4236,18,366,137,clifford,True,,0,stratum_not_selected
veriq,combinational/rand_cliff/rand_cliff_19_AG.qasm,/home/audrey/code_and_papers/2026/FAST2027/final/hilbert_thin_provisioning/external/veriq-benchmark/combinational/rand_cliff/rand_cliff_19_AG.qasm,74993ad0c9a479a9ce9dcf96c5b53cdff7dee4aa59f173f71607bcbd948692d9,.qasm,6073,19,436,338,clifford,True,,0,selected
veriq,combinational/rand_cliff/rand_cliff_19_GD.qasm,/home/audrey/code_and_papers/2026/FAST2027/final/hilbert_thin_provisioning/external/veriq-benchmark/combinational/rand_cliff/rand_cliff_19_GD.qasm,155b8d5b992ca4ff9e15745d5c08a5970125c5cae8466d7bfe525951135060c7,.qasm,4750,19,404,136,clifford,True,,0,stratum_not_selected
veriq,combinational/rand_cliff/rand_cliff_1_AG.qasm,/home/audrey/code_and_papers/2026/FAST2027/final/hilbert_thin_provisioning/external/veriq-benchmark/combinational/rand_cliff/rand_cliff_1_AG.qasm,d03b8aa69d109a46775374c9ec55e1ffb36ca2ebf74f8dc822c640b170ebb0de,.qasm,73,1,3,3,clifford,True,,0,selected
veriq,combinational/rand_cliff/rand_cliff_1_GD.qasm,/home/audrey/code_and_papers/2026/FAST2027/final/hilbert_thin_provisioning/external/veriq-benchmark/combinational/rand_cliff/rand_cliff_1_GD.qasm,d07098a8130c5b75d3eb872db626a754e8ccc73d778b8fed05a3a565ee33283b,.qasm,71,1,3,3,clifford,True,,0,stratum_not_selected
veriq,combinational/rand_cliff/rand_cliff_2_AG.qasm,/home/audrey/code_and_papers/2026/FAST2027/final/hilbert_thin_provisioning/external/veriq-benchmark/combinational/rand_cliff/rand_cliff_2_AG.qasm,15fce4b32c2ddd12deec3826fa4eed8acbf4d769ce3d26488a336a6c52d24752,.qasm,155,2,11,8,clifford,True,,0,stratum_not_selected
veriq,combinational/rand_cliff/rand_cliff_2_GD.qasm,/home/audrey/code_and_papers/2026/FAST2027/final/hilbert_thin_provisioning/external/veriq-benchmark/combinational/rand_cliff/rand_cliff_2_GD.qasm,a2699363fac1eb577e83b6f953efd1d30820641e617f59779f24e79c039e7fca,.qasm,139,2,9,7,clifford,True,,0,stratum_not_selected
veriq,combinational/rand_cliff/rand_cliff_3_AG.qasm,/home/audrey/code_and_papers/2026/FAST2027/final/hilbert_thin_provisioning/external/veriq-benchmark/combinational/rand_cliff/rand_cliff_3_AG.qasm,04510c96771fd43e6c2ce41f82d4980aced3d895f8d324da42720069d41056b2,.qasm,225,3,17,11,clifford,True,,0,stratum_not_selected
veriq,combinational/rand_cliff/rand_cliff_3_GD.qasm,/home/audrey/code_and_papers/2026/FAST2027/final/hilbert_thin_provisioning/external/veriq-benchmark/combinational/rand_cliff/rand_cliff_3_GD.qasm,90c5cb09437f7b5ef8146124e0bd758217c1294601a30723d927cb72b4b14e26,.qasm,153,3,11,9,clifford,True,,0,stratum_not_selected
veriq,combinational/rand_cliff/rand_cliff_4_AG.qasm,/home/audrey/code_and_papers/2026/FAST2027/final/hilbert_thin_provisioning/external/veriq-benchmark/combinational/rand_cliff/rand_cliff_4_AG.qasm,8add78e5871c0f14be36769fd4e315dcd71f3fe877ba38e88eec0819a451cd1c,.qasm,315,4,25,18,clifford,True,,0,stratum_not_selected
veriq,combinational/rand_cliff/rand_cliff_4_GD.qasm,/home/audrey/code_and_papers/2026/FAST2027/final/hilbert_thin_provisioning/external/veriq-benchmark/combinational/rand_cliff/rand_cliff_4_GD.qasm,82614d9fee92bbf420085ca648b2b1274b61ecaf6aa949051dfea62112942db5,.qasm,283,4,23,13,clifford,True,,0,stratum_not_selected
veriq,combinational/rand_cliff/rand_cliff_5_AG.qasm,/home/audrey/code_and_papers/2026/FAST2027/final/hilbert_thin_provisioning/external/veriq-benchmark/combinational/rand_cliff/rand_cliff_5_AG.qasm,17ae1f5163512eef40e73a08ab63f613abd8174168a828428728bb664cd6d787,.qasm,529,5,42,31,clifford,True,,0,stratum_not_selected
veriq,combinational/rand_cliff/rand_cliff_5_GD.qasm,/home/audrey/code_and_papers/2026/FAST2027/final/hilbert_thin_provisioning/external/veriq-benchmark/combinational/rand_cliff/rand_cliff_5_GD.qasm,df7346e88a09a62beac4fd4d5393a06a7b403728048ac1a089a23660c57eda53,.qasm,425,5,36,23,clifford,True,,0,stratum_not_selected
veriq,combinational/rand_cliff/rand_cliff_6_AG.qasm,/home/audrey/code_and_papers/2026/FAST2027/final/hilbert_thin_provisioning/external/veriq-benchmark/combinational/rand_cliff/rand_cliff_6_AG.qasm,6bcd7660d517c99d8e1f13f74b11b40b4ed74ee76c3d2509b427034fd54a0a59,.qasm,659,6,53,36,clifford,True,,0,stratum_not_selected
veriq,combinational/rand_cliff/rand_cliff_6_GD.qasm,/home/audrey/code_and_papers/2026/FAST2027/final/hilbert_thin_provisioning/external/veriq-benchmark/combinational/rand_cliff/rand_cliff_6_GD.qasm,6bf2ba9921b0fef3423bf2483f8a89c35f04a98efe235ada810f16e02b469303,.qasm,595,6,51,27,clifford,True,,0,stratum_not_selected
veriq,combinational/rand_cliff/rand_cliff_7_AG.qasm,/home/audrey/code_and_papers/2026/FAST2027/final/hilbert_thin_provisioning/external/veriq-benchmark/combinational/rand_cliff/rand_cliff_7_AG.qasm,941f68147856050e54cf06d738ad7c2c54b6965e5b1f9b22f12615c9278f57c0,.qasm,1047,7,83,62,clifford,True,,0,stratum_not_selected
veriq,combinational/rand_cliff/rand_cliff_7_GD.qasm,/home/audrey/code_and_papers/2026/FAST2027/final/hilbert_thin_provisioning/external/veriq-benchmark/combinational/rand_cliff/rand_cliff_7_GD.qasm,c245fb5cc9505fe0482249d5a21c02596bb83c82363d1a428c9f0e308ef5c4f4,.qasm,717,7,63,30,clifford,True,,0,selected
veriq,combinational/rand_cliff/rand_cliff_8_AG.qasm,/home/audrey/code_and_papers/2026/FAST2027/final/hilbert_thin_provisioning/external/veriq-benchmark/combinational/rand_cliff/rand_cliff_8_AG.qasm,c95ba61090e1d47b925706978031d146c867f4ed8dcd01c4eebd15401d547449,.qasm,1345,8,108,79,clifford,True,,0,stratum_not_selected
veriq,combinational/rand_cliff/rand_cliff_8_GD.qasm,/home/audrey/code_and_papers/2026/FAST2027/final/hilbert_thin_provisioning/external/veriq-benchmark/combinational/rand_cliff/rand_cliff_8_GD.qasm,34d72000983742db60a41e8c3d0cd5dad2c1a5382dd924a551e40ca2a0fff219,.qasm,997,8,91,43,clifford,True,,0,stratum_not_selected
veriq,combinational/rand_cliff/rand_cliff_9_AG.qasm,/home/audrey/code_and_papers/2026/FAST2027/final/hilbert_thin_provisioning/external/veriq-benchmark/combinational/rand_cliff/rand_cliff_9_AG.qasm,cde94bb07371f129c3848d7fdb1af4c2181b5c321fde994df53b7130be3a16b4,.qasm,1335,9,107,83,clifford,True,,0,stratum_not_selected
veriq,combinational/rand_cliff/rand_cliff_9_GD.qasm,/home/audrey/code_and_papers/2026/FAST2027/final/hilbert_thin_provisioning/external/veriq-benchmark/combinational/rand_cliff/rand_cliff_9_GD.qasm,918031101550935d668b11724597abc8137702c3705b39b2300fbce191bb0af5,.qasm,1109,9,100,50,clifford,True,,0,stratum_not_selected
veriq,combinational/rev_circuit/2of5d1.qasm,/home/audrey/code_and_papers/2026/FAST2027/final/hilbert_thin_provisioning/external/veriq-benchmark/combinational/rev_circuit/2of5d1.qasm,c0543bce1e9d5be71b6d0456fea08818f6696e84300c9374a73b61edf01fc2ab,.qasm,1380,,,,reversible,False,,0,parse_failure
veriq,combinational/rev_circuit/2of5d2.qasm,/home/audrey/code_and_papers/2026/FAST2027/final/hilbert_thin_provisioning/external/veriq-benchmark/combinational/rev_circuit/2of5d2.qasm,23746738cacb35e66bf9c4fd3f3e93b1c520ecb9d1d414f419ef90fd6e0bdd74,.qasm,257,7,12,8,reversible,True,,0,stratum_not_selected
veriq,combinational/rev_circuit/2of5d3.qasm,/home/audrey/code_and_papers/2026/FAST2027/final/hilbert_thin_provisioning/external/veriq-benchmark/combinational/rev_circuit/2of5d3.qasm,8f158bf7bbdc00244cd0859fbccf3202e5ab5afa170c923745f31e8575aa258f,.qasm,717,6,17,15,reversible,True,,0,selected
veriq,combinational/rev_circuit/2of5d4-n7-gc12-qc31.qasm,/home/audrey/code_and_papers/2026/FAST2027/final/hilbert_thin_provisioning/external/veriq-benchmark/combinational/rev_circuit/2of5d4-n7-gc12-qc31.qasm,7faa1a591a0e89a1b77a39cc6640afde581429b04c6c56bc2c0ce9f849e391be,.qasm,245,7,12,11,reversible,True,,0,stratum_not_selected
veriq,combinational/rev_circuit/2of5d5-n7-gc11-qc32.qasm,/home/audrey/code_and_papers/2026/FAST2027/final/hilbert_thin_provisioning/external/veriq-benchmark/combinational/rev_circuit/2of5d5-n7-gc11-qc32.qasm,1eaba49a25908861db971f8d6e34d5f6f0f2a21460b70a698e6798553271c7dc,.qasm,237,7,11,10,reversible,True,,0,stratum_not_selected
veriq,combinational/rev_circuit/2of5d6-n6-gc10-qc118.qasm,/home/audrey/code_and_papers/2026/FAST2027/final/hilbert_thin_provisioning/external/veriq-benchmark/combinational/rev_circuit/2of5d6-n6-gc10-qc118.qasm,02f602d675b87472f22ddfe62310e1aabd3d9033bf16e9a666e7eb21ce5c6db5,.qasm,1324,,,,reversible,False,,0,parse_failure
veriq,combinational/rev_circuit/2of5d7-n6-gc9-qc268.qasm,/home/audrey/code_and_papers/2026/FAST2027/final/hilbert_thin_provisioning/external/veriq-benchmark/combinational/rev_circuit/2of5d7-n6-gc9-qc268.qasm,b22597c11b22260b5544582179bad9e4e67662385a11c353aec2b97c89d37ed1,.qasm,1647,6,9,9,reversible,True,,0,stratum_not_selected
veriq,combinational/rev_circuit/3_17tc.qasm,/home/audrey/code_and_papers/2026/FAST2027/final/hilbert_thin_provisioning/external/veriq-benchmark/combinational/rev_circuit/3_17tc.qasm,88f1841502912650cf5871cee70b079dc0caae9d2d46c5d253406a8f172485fe,.qasm,137,3,6,6,reversible,True,,0,stratum_not_selected
veriq,combinational/rev_circuit/4_49-12-32.qasm,/home/audrey/code_and_papers/2026/FAST2027/final/hilbert_thin_provisioning/external/veriq-benchmark/combinational/rev_circuit/4_49-12-32.qasm,5755c7b234e536c23f89c8bfd4e10b543095f3477a28426d7390ca4165854ca7,.qasm,47,4,0,0,reversible,True,,0,empty
veriq,combinational/rev_circuit/4_49_fc.qasm,/home/audrey/code_and_papers/2026/FAST2027/final/hilbert_thin_provisioning/external/veriq-benchmark/combinational/rev_circuit/4_49_fc.qasm,906f9b6b46de7b1bc64763fcc366d51999ffe709864b27de18e12fff7380dfce,.qasm,831,4,23,22,reversible,True,,0,stratum_not_selected
veriq,combinational/rev_circuit/4_49tc1.qasm,/home/audrey/code_and_papers/2026/FAST2027/final/hilbert_thin_provisioning/external/veriq-benchmark/combinational/rev_circuit/4_49tc1.qasm,ee7e9361dcd27877f299104d0f6d4a84fdd005aea568c194f24ec6f9e26f00bb,.qasm,681,4,16,15,reversible,True,,0,stratum_not_selected
veriq,combinational/rev_circuit/4b15g_1.qasm,/home/audrey/code_and_papers/2026/FAST2027/final/hilbert_thin_provisioning/external/veriq-benchmark/combinational/rev_circuit/4b15g_1.qasm,d2dfa4ebf8796b0419d95ba91aaaf6a37763dac8ac8ee3aa7199c9c6384d91e7,.qasm,644,4,15,13,reversible,True,,0,stratum_not_selected
veriq,combinational/rev_circuit/4b15g_2.qasm,/home/audrey/code_and_papers/2026/FAST2027/final/hilbert_thin_provisioning/external/veriq-benchmark/combinational/rev_circuit/4b15g_2.qasm,ec0da8571163e0411aaff2f49ab6a8d42544cb2c64517bd22f5534b20f3f3b5a,.qasm,655,4,15,13,reversible,True,,0,stratum_not_selected
veriq,combinational/rev_circuit/4b15g_3.qasm,/home/audrey/code_and_papers/2026/FAST2027/final/hilbert_thin_provisioning/external/veriq-benchmark/combinational/rev_circuit/4b15g_3.qasm,c26854df3b85aa197f1769b8ba1975f2d5284b835f0fff2125d887b1e6f5eb27,.qasm,649,4,15,13,reversible,True,,0,stratum_not_selected
veriq,combinational/rev_circuit/4b15g_4.qasm,/home/audrey/code_and_papers/2026/FAST2027/final/hilbert_thin_provisioning/external/veriq-benchmark/combinational/rev_circuit/4b15g_4.qasm,926772ab5727a10bd6f997aac4329012c8245584c3836cdd791a26b2aa49eb31,.qasm,644,4,15,12,reversible,True,,0,stratum_not_selected
veriq,combinational/rev_circuit/4b15g_5.qasm,/home/audrey/code_and_papers/2026/FAST2027/final/hilbert_thin_provisioning/external/veriq-benchmark/combinational/rev_circuit/4b15g_5.qasm,e1fa53534ff32d67a93b1bb200fa45c57291f8a732018458a8b411b3647925fc,.qasm,281,4,15,12,reversible,True,,0,stratum_not_selected
veriq,combinational/rev_circuit/5bitadder.qasm,/home/audrey/code_and_papers/2026/FAST2027/final/hilbert_thin_provisioning/external/veriq-benchmark/combinational/rev_circuit/5bitadder.qasm,f91eb4a2b18bdc4a3b2bba7c1831fbbea2293acf8f58cbf5db3d05618b60e65b,.qasm,510,11,29,22,arithmetic,True,,0,stratum_not_selected
veriq,combinational/rev_circuit/5mod5-10-71a.qasm,/home/audrey/code_and_papers/2026/FAST2027/final/hilbert_thin_provisioning/external/veriq-benchmark/combinational/rev_circuit/5mod5-10-71a.qasm,c957973be253bf33ecef04678cdb67340db939ac52f14b61223617987fd7d0de,.qasm,47,6,0,0,reversible,True,,0,empty
veriq,combinational/rev_circuit/5mod5-8.qasm,/home/audrey/code_and_papers/2026/FAST2027/final/hilbert_thin_provisioning/external/veriq-benchmark/combinational/rev_circuit/5mod5-8.qasm,c957973be253bf33ecef04678cdb67340db939ac52f14b61223617987fd7d0de,.qasm,47,6,0,0,reversible,True,,0,empty
veriq,combinational/rev_circuit/5mod5_fc.qasm,/home/audrey/code_and_papers/2026/FAST2027/final/hilbert_thin_provisioning/external/veriq-benchmark/combinational/rev_circuit/5mod5_fc.qasm,35ef4d699aa2cb3c6b693c8fcc9c0c0b276bd13ad8bca367f97840898d757e03,.qasm,1589,6,10,9,reversible,True,,0,stratum_not_selected
veriq,combinational/rev_circuit/5mod5tc.qasm,/home/audrey/code_and_papers/2026/FAST2027/final/hilbert_thin_provisioning/external/veriq-benchmark/combinational/rev_circuit/5mod5tc.qasm,e7d32248623e614016d9f1e569e93799f500488423f8d3197d1e8d992e06b54e,.qasm,2451,,,,reversible,False,,0,parse_failure
veriq,combinational/rev_circuit/6symd2.qasm,/home/audrey/code_and_papers/2026/FAST2027/final/hilbert_thin_provisioning/external/veriq-benchmark/combinational/rev_circuit/6symd2.qasm,973333a51008ec00649033edb477fcfb1bbc76b389610a5da71c633883b15f2b,.qasm,406,10,20,11,reversible,True,,0,stratum_not_selected
veriq,combinational/rev_circuit/9symd2.qasm,/home/audrey/code_and_papers/2026/FAST2027/final/hilbert_thin_provisioning/external/veriq-benchmark/combinational/rev_circuit/9symd2.qasm,4307702d988751179b8eca72d36359c61a32ffe6ed54f792b64524e2f82c23c8,.qasm,581,12,28,15,reversible,True,,0,stratum_not_selected
veriq,combinational/rev_circuit/cycle10_2.qasm,/home/audrey/code_and_papers/2026/FAST2027/final/hilbert_thin_provisioning/external/veriq-benchmark/combinational/rev_circuit/cycle10_2.qasm,45f29331a29321127115bf74bd7c0beaecd93fa3144889c02925399ad93513dc,.qasm,62895,,,,reversible,False,,0,parse_failure
veriq,combinational/rev_circuit/gf2^100_10297_50297.qasm,/home/audrey/code_and_papers/2026/FAST2027/final/hilbert_thin_provisioning/external/veriq-benchmark/combinational/rev_circuit/gf2^100_10297_50297.qasm,c0dbf239dbcc8cf32a263ba9b48106c9a6bd074431e279eba2f9e4d5b5cf78b7,.qasm,254395,300,10297,411,reversible,True,,0,analysis_size_guard
veriq,combinational/rev_circuit/gf2^10mult_109_509.qasm,/home/audrey/code_and_papers/2026/FAST2027/final/hilbert_thin_provisioning/external/veriq-benchmark/combinational/rev_circuit/gf2^10mult_109_509.qasm,cbda8d7badbf32c670a50ac422c2a2ffeaec9d71785658e389590f03a208cbb3,.qasm,2392,30,109,36,reversible,True,,0,selected
veriq,combinational/rev_circuit/gf2^11mult_131_615.qasm,/home/audrey/code_and_papers/2026/FAST2027/final/hilbert_thin_provisioning/external/veriq-benchmark/combinational/rev_circuit/gf2^11mult_131_615.qasm,78f42ffd5125d5eac661ba2d3b86a6a342f8fabb99e6cc1c0df63cdf75d7e2c9,.qasm,2881,33,131,40,reversible,True,,0,stratum_not_selected
veriq,combinational/rev_circuit/gf2^127mult_16255_80771.qasm,/home/audrey/code_and_papers/2026/FAST2027/final/hilbert_thin_provisioning/external/veriq-benchmark/combinational/rev_circuit/gf2^127mult_16255_80771.qasm,2b08c5d098e50937778df5fda81d5860d8ab74d4063be0d6d1be92812369b6ae,.qasm,407701,381,16255,505,reversible,True,,0,analysis_size_guard
veriq,combinational/rev_circuit/gf2^128mult_16765_82301.qasm,/home/audrey/code_and_papers/2026/FAST2027/final/hilbert_thin_provisioning/external/veriq-benchmark/combinational/rev_circuit/gf2^128mult_16765_82301.qasm,15a5eb8b3d4a62660ff367d1e30d8388d889c1cce151fd939fc48ccc63102260,.qasm,418811,384,16765,513,reversible,True,,0,analysis_size_guard
veriq,combinational/rev_circuit/gf2^12mult_177_753.qasm,/home/audrey/code_and_papers/2026/FAST2027/final/hilbert_thin_provisioning/external/veriq-benchmark/combinational/rev_circuit/gf2^12mult_177_753.qasm,75b59b84bfd806ac75ac5a5291edfee0932b38710047b1cdeb4d7ae29963b288,.qasm,3768,36,177,49,reversible,True,,0,stratum_not_selected
veriq,combinational/rev_circuit/gf2^131mult-17811-86455.qasm,/home/audrey/code_and_papers/2026/FAST2027/final/hilbert_thin_provisioning/external/veriq-benchmark/combinational/rev_circuit/gf2^131mult-17811-86455.qasm,7fea6281d0aa2282a8f2ccc87f2dd9e67a88f8149281d22c4a16eee603b26c25,.qasm,443525,393,17811,533,reversible,True,,0,analysis_size_guard
veriq,combinational/rev_circuit/gf2^13mult_205_881.qasm,/home/audrey/code_and_papers/2026/FAST2027/final/hilbert_thin_provisioning/external/veriq-benchmark/combinational/rev_circuit/gf2^13mult_205_881.qasm,173d272bf1c4ac9b42fa88da118c9b804b2bdf422eb8e23cf71cfad5bfbfa615,.qasm,4381,39,205,55,reversible,True,,0,selected
veriq,combinational/rev_circuit/gf2^14mult_235_1019.qasm,/home/audrey/code_and_papers/2026/FAST2027/final/hilbert_thin_provisioning/external/veriq-benchmark/combinational/rev_circuit/gf2^14mult_235_1019.qasm,1ad74a6b385762f2a16ac9fdc486e4f3ca207c033e41d8237d56f22902cb231d,.qasm,5040,42,235,57,reversible,True,,0,selected
veriq,combinational/rev_circuit/gf2^15mult_239_1139.qasm,/home/audrey/code_and_papers/2026/FAST2027/final/hilbert_thin_provisioning/external/veriq-benchmark/combinational/rev_circuit/gf2^15mult_239_1139.qasm,e6cbf2531ee4acfd49c57b1462dd5f231c8f2021b953224f8409c060128d4cdd,.qasm,5297,45,239,57,reversible,True,,0,stratum_not_selected
veriq,combinational/rev_circuit/gf2^163mutl-27055-133331.qasm,/home/audrey/code_and_papers/2026/FAST2027/final/hilbert_thin_provisioning/external/veriq-benchmark/combinational/rev_circuit/gf2^163mutl-27055-133331.qasm,7c8357a1486c360f72d94983c4627beb0f8efff2c8701d5d8dd6f8afce0ab36d,.qasm,681661,489,27055,661,reversible,True,,0,analysis_size_guard
veriq,combinational/rev_circuit/gf2^16mult_301_1325.qasm,/home/audrey/code_and_papers/2026/FAST2027/final/hilbert_thin_provisioning/external/veriq-benchmark/combinational/rev_circuit/gf2^16mult_301_1325.qasm,b8b63d8ef94cadb35e77c934570ed1436f7390a3246a8cd741d5abbf700ce16d,.qasm,6496,48,301,67,reversible,True,,0,selected
veriq,combinational/rev_circuit/gf2^17mult_305_1461.qasm,/home/audrey/code_and_papers/2026/FAST2027/final/hilbert_thin_provisioning/external/veriq-benchmark/combinational/rev_circuit/gf2^17mult_305_1461.qasm,654f32a5bdf8838d2754aa86508146692768391bf064eef0a9009cd5b9fd924f,.qasm,6781,51,305,64,reversible,True,,0,stratum_not_selected
veriq,combinational/rev_circuit/gf2^18mult_375_1671.qasm,/home/audrey/code_and_papers/2026/FAST2027/final/hilbert_thin_provisioning/external/veriq-benchmark/combinational/rev_circuit/gf2^18mult_375_1671.qasm,db8adbea09057360acd0c9d5ad21a279189ccaa26a9a23414e53f311386ac7f7,.qasm,8136,54,375,73,reversible,True,,0,selected
veriq,combinational/rev_circuit/gf2^19mult_415_1859.qasm,/home/audrey/code_and_papers/2026/FAST2027/final/hilbert_thin_provisioning/external/veriq-benchmark/combinational/rev_circuit/gf2^19mult_415_1859.qasm,4ff9de8f5f401deb06c9d5ca1160a9b8dcd9fc546685bc02aacfb1ba35facbab,.qasm,9025,57,415,77,reversible,True,,0,stratum_not_selected
veriq,combinational/rev_circuit/gf2^20mult_419_2019.qasm,/home/audrey/code_and_papers/2026/FAST2027/final/hilbert_thin_provisioning/external/veriq-benchmark/combinational/rev_circuit/gf2^20mult_419_2019.qasm,2fa05f4d077098e74be8f5cd25f2682d485842f16c2fec91adb0f54bd127cd5f,.qasm,9352,60,419,76,reversible,True,,0,selected
veriq,combinational/rev_circuit/gf2^32mult_1117_5213.qasm,/home/audrey/code_and_papers/2026/FAST2027/final/hilbert_thin_provisioning/external/veriq-benchmark/combinational/rev_circuit/gf2^32mult_1117_5213.qasm,0b068b284d2de6e5069992f5be9441606dbbe6248046715c48b4f34cef6097c1,.qasm,24768,96,1117,131,reversible,True,,0,selected
veriq,combinational/rev_circuit/gf2^32mult_1179_5275.qasm,/home/audrey/code_and_papers/2026/FAST2027/final/hilbert_thin_provisioning/external/veriq-benchmark/combinational/rev_circuit/gf2^32mult_1179_5275.qasm,c716a8ac2b185ea5a554b7a50b2c4cf553a36c9d809618c9a8d29dd5558dc890,.qasm,25760,96,1179,133,reversible,True,,0,selected
veriq,combinational/rev_circuit/gf2^3mult_11_47.qasm,/home/audrey/code_and_papers/2026/FAST2027/final/hilbert_thin_provisioning/external/veriq-benchmark/combinational/rev_circuit/gf2^3mult_11_47.qasm,b449f2cd2908017b53ee04f04b4e757480f8025213b446f89c0b6e2a7635270f,.qasm,255,9,11,9,reversible,True,,0,stratum_not_selected
veriq,combinational/rev_circuit/gf2^4mult_19_83.qasm,/home/audrey/code_and_papers/2026/FAST2027/final/hilbert_thin_provisioning/external/veriq-benchmark/combinational/rev_circuit/gf2^4mult_19_83.qasm,85285c8ac408ee80c64e99aa79c5c0f81b7f3b40c3d1d321c5cdf33c97f47a57,.qasm,421,12,19,13,reversible,True,,0,stratum_not_selected
veriq,combinational/rev_circuit/gf2^50_2647_12647.qasm,/home/audrey/code_and_papers/2026/FAST2027/final/hilbert_thin_provisioning/external/veriq-benchmark/combinational/rev_circuit/gf2^50_2647_12647.qasm,a96fb18fdafe81c5d6236a4e90daccbc49c217c9051bf1f99ff310878455c925,.qasm,62195,150,2647,203,reversible,True,,0,analysis_size_guard
veriq,combinational/rev_circuit/gf2^5mult_29_129.qasm,/home/audrey/code_and_papers/2026/FAST2027/final/hilbert_thin_provisioning/external/veriq-benchmark/combinational/rev_circuit/gf2^5mult_29_129.qasm,4d2973c309c5657bf2feec22883f5b056fcca2e2c5af87fcabfdb27196ff4c72,.qasm,637,15,29,16,reversible,True,,0,stratum_not_selected
veriq,combinational/rev_circuit/gf2^64mult_4285_20669.qasm,/home/audrey/code_and_papers/2026/FAST2027/final/hilbert_thin_provisioning/external/veriq-benchmark/combinational/rev_circuit/gf2^64mult_4285_20669.qasm,fab5f2f7114e8d11e3c3b34c05d86924ff94842d894dd9aaa685ce16cc3f0c3e,.qasm,102907,192,4285,259,reversible,True,,0,analysis_size_guard
veriq,combinational/rev_circuit/gf2^6mult_41_185.qasm,/home/audrey/code_and_papers/2026/FAST2027/final/hilbert_thin_provisioning/external/veriq-benchmark/combinational/rev_circuit/gf2^6mult_41_185.qasm,f89948a1859e3d94b71aa9c12c6141999f5b575a08bf630b3461c7358d937b63,.qasm,896,18,41,21,reversible,True,,0,selected
veriq,combinational/rev_circuit/gf2^7mult_55_251.qasm,/home/audrey/code_and_papers/2026/FAST2027/final/hilbert_thin_provisioning/external/veriq-benchmark/combinational/rev_circuit/gf2^7mult_55_251.qasm,b3c02278140f7e06f199135aaf334dc5c3960b0b39ff3a843140ce7c650d4bcb,.qasm,1201,21,55,25,reversible,True,,0,stratum_not_selected
veriq,combinational/rev_circuit/gf2^8mult_85_341.qasm,/home/audrey/code_and_papers/2026/FAST2027/final/hilbert_thin_provisioning/external/veriq-benchmark/combinational/rev_circuit/gf2^8mult_85_341.qasm,4863c09f5501995c0ef060be3f71cbf531fc8bbfaa89609d9f19e5a03f743040,.qasm,1776,24,85,35,reversible,True,,0,selected
veriq,combinational/rev_circuit/gf2^9mult_89_413.qasm,/home/audrey/code_and_papers/2026/FAST2027/final/hilbert_thin_provisioning/external/veriq-benchmark/combinational/rev_circuit/gf2^9mult_89_413.qasm,a6936b85240e52815c97a4cbdf5c0e7f01ab7a8bb05b1d04d9b2cb0e15816894,.qasm,1949,27,89,32,reversible,True,,0,stratum_not_selected
veriq,combinational/rev_circuit/ham15-109-214.qasm,/home/audrey/code_and_papers/2026/FAST2027/final/hilbert_thin_provisioning/external/veriq-benchmark/combinational/rev_circuit/ham15-109-214.qasm,1cbdc83ccbabf60210db0ee32632049828d4afc5460cda5d448a2d47a6924380,.qasm,48,15,0,0,reversible,True,,0,empty
veriq,combinational/rev_circuit/ham15-70.qasm,/home/audrey/code_and_papers/2026/FAST2027/final/hilbert_thin_provisioning/external/veriq-benchmark/combinational/rev_circuit/ham15-70.qasm,1cbdc83ccbabf60210db0ee32632049828d4afc5460cda5d448a2d47a6924380,.qasm,48,15,0,0,reversible,True,,0,empty
veriq,combinational/rev_circuit/ham15tc1.qasm,/home/audrey/code_and_papers/2026/FAST2027/final/hilbert_thin_provisioning/external/veriq-benchmark/combinational/rev_circuit/ham15tc1.qasm,22459373860764aef1330db918c578c8351f43791e923203ff9a1ce3b331c123,.qasm,11246,,,,reversible,False,,0,parse_failure
veriq,combinational/rev_circuit/ham3_fc.qasm,/home/audrey/code_and_papers/2026/FAST2027/final/hilbert_thin_provisioning/external/veriq-benchmark/combinational/rev_circuit/ham3_fc.qasm,25e7b1c44885432dad7e0ec1ad6ad033be7127ea33264278fa977902098f3aa5,.qasm,137,3,6,6,reversible,True,,0,stratum_not_selected
veriq,combinational/rev_circuit/ham3tc.qasm,/home/audrey/code_and_papers/2026/FAST2027/final/hilbert_thin_provisioning/external/veriq-benchmark/combinational/rev_circuit/ham3tc.qasm,d2492e7d88cc887546b4cfcac0a98c43c57f605eff922729282c2a3bcddadec7,.qasm,123,3,5,5,reversible,True,,0,stratum_not_selected
veriq,combinational/rev_circuit/ham7-21-69.qasm,/home/audrey/code_and_papers/2026/FAST2027/final/hilbert_thin_provisioning/external/veriq-benchmark/combinational/rev_circuit/ham7-21-69.qasm,cc44c5efbe9e5a97a0ecbb572b7518c05158e832af57080f86827ae40633b61a,.qasm,47,7,0,0,reversible,True,,0,empty
veriq,combinational/rev_circuit/ham7-25-49.qasm,/home/audrey/code_and_papers/2026/FAST2027/final/hilbert_thin_provisioning/external/veriq-benchmark/combinational/rev_circuit/ham7-25-49.qasm,cc44c5efbe9e5a97a0ecbb572b7518c05158e832af57080f86827ae40633b61a,.qasm,47,7,0,0,reversible,True,,0,empty
veriq,combinational/rev_circuit/ham7tc.qasm,/home/audrey/code_and_papers/2026/FAST2027/final/hilbert_thin_provisioning/external/veriq-benchmark/combinational/rev_circuit/ham7tc.qasm,855aab750e8c73e320c247755db55e2a35844528b38b6a77149f92d381c4927f,.qasm,795,7,23,22,reversible,True,,0,stratum_not_selected
veriq,combinational/rev_circuit/hwb07-n7-gc612-qc1737.qasm,/home/audrey/code_and_papers/2026/FAST2027/final/hilbert_thin_provisioning/external/veriq-benchmark/combinational/rev_circuit/hwb07-n7-gc612-qc1737.qasm,66aa41feaf899604d46daee5ccf559a86237ba0cf15775c5bc8734edaed67095,.qasm,10512,,,,reversible,False,,0,parse_failure
veriq,combinational/rev_circuit/hwb08-n8-gc1604-qc4862.qasm,/home/audrey/code_and_papers/2026/FAST2027/final/hilbert_thin_provisioning/external/veriq-benchmark/combinational/rev_circuit/hwb08-n8-gc1604-qc4862.qasm,24a439a2639e1cb7df73cf61a205c658d6dbf96d0f356fbf750f6612fac15b72,.qasm,26068,8,1604,1335,reversible,True,,0,selected
veriq,combinational/rev_circuit/hwb09-n9-gc4014-qc12293.qasm,/home/audrey/code_and_papers/2026/FAST2027/final/hilbert_thin_provisioning/external/veriq-benchmark/combinational/rev_circuit/hwb09-n9-gc4014-qc12293.qasm,4a3b51b6d9d8aea071d1fd66706ae96c770f1fcb3cd211a51bba4caf8e23baa9,.qasm,67360,,,,reversible,False,,0,parse_failure
veriq,combinational/rev_circuit/hwb10-3595-117460a.qasm,/home/audrey/code_and_papers/2026/FAST2027/final/hilbert_thin_provisioning/external/veriq-benchmark/combinational/rev_circuit/hwb10-3595-117460a.qasm,c254705763939d7764422ef5dd7203e07ed12ba332697bed4093e8e8f77534dc,.qasm,48,10,0,0,reversible,True,,0,empty
veriq,combinational/rev_circuit/hwb10-3631.qasm,/home/audrey/code_and_papers/2026/FAST2027/final/hilbert_thin_provisioning/external/veriq-benchmark/combinational/rev_circuit/hwb10-3631.qasm,c254705763939d7764422ef5dd7203e07ed12ba332697bed4093e8e8f77534dc,.qasm,48,10,0,0,reversible,True,,0,empty
veriq,combinational/rev_circuit/hwb10-4540-46597a.qasm,/home/audrey/code_and_papers/2026/FAST2027/final/hilbert_thin_provisioning/external/veriq-benchmark/combinational/rev_circuit/hwb10-4540-46597a.qasm,822c1d31d36736becbb6a069d9ac6fb694109997f247a3d29e3e358469b4e25f,.qasm,117252,,,,reversible,False,,0,parse_failure
veriq,combinational/rev_circuit/hwb10-n10-gc8262-qc26099.qasm,/home/audrey/code_and_papers/2026/FAST2027/final/hilbert_thin_provisioning/external/veriq-benchmark/combinational/rev_circuit/hwb10-n10-gc8262-qc26099.qasm,6ca85d2913252d50b0b17f6d2183b3414c977e5a189933dfc670e981fa958ce5,.qasm,131592,,,,reversible,False,,0,parse_failure
veriq,combinational/rev_circuit/hwb1000ps.qasm,/home/audrey/code_and_papers/2026/FAST2027/final/hilbert_thin_provisioning/external/veriq-benchmark/combinational/rev_circuit/hwb1000ps.qasm,2474b2c4cf532805101247cbf4bf182d1d7bb4ab5fd5d083edbfa08cd6e6b690,.qasm,1357029,,,,reversible,False,,0,parse_failure
veriq,combinational/rev_circuit/hwb100ps.qasm,/home/audrey/code_and_papers/2026/FAST2027/final/hilbert_thin_provisioning/external/veriq-benchmark/combinational/rev_circuit/hwb100ps.qasm,4e01cf55edef7487b2355468a8b63306e6e87ca08e2abca1b6b98dd937bbe440,.qasm,77678,,,,reversible,False,,0,parse_failure
veriq,combinational/rev_circuit/hwb10_12288_35618.qasm,/home/audrey/code_and_papers/2026/FAST2027/final/hilbert_thin_provisioning/external/veriq-benchmark/combinational/rev_circuit/hwb10_12288_35618.qasm,d8d79fe93eb40c740a609a41afa5b6393704924d380104d0e245e626f3828fe4,.qasm,194388,,,,reversible,False,,0,parse_failure
veriq,combinational/rev_circuit/hwb10ps.qasm,/home/audrey/code_and_papers/2026/FAST2027/final/hilbert_thin_provisioning/external/veriq-benchmark/combinational/rev_circuit/hwb10ps.qasm,6bcc92d4258060b76abb7b0a54efb4a8686fcded98ad970b46427600c071e5f3,.qasm,3828,,,,reversible,False,,0,parse_failure
veriq,combinational/rev_circuit/hwb11-11600-122144a.qasm,/home/audrey/code_and_papers/2026/FAST2027/final/hilbert_thin_provisioning/external/veriq-benchmark/combinational/rev_circuit/hwb11-11600-122144a.qasm,0e322490fdda4659d57accc552d68bb9534c027fff9e9526c47448292b834417,.qasm,283623,,,,reversible,False,,0,parse_failure
veriq,combinational/rev_circuit/hwb11-8214.qasm,/home/audrey/code_and_papers/2026/FAST2027/final/hilbert_thin_provisioning/external/veriq-benchmark/combinational/rev_circuit/hwb11-8214.qasm,5492a17351d6ec9e2d49a48e6a1cf6deda295976a4ed3e0e960db42c11507374,.qasm,48,11,0,0,reversible,True,,0,empty
veriq,combinational/rev_circuit/hwb11-9314.qasm,/home/audrey/code_and_papers/2026/FAST2027/final/hilbert_thin_provisioning/external/veriq-benchmark/combinational/rev_circuit/hwb11-9314.qasm,5492a17351d6ec9e2d49a48e6a1cf6deda295976a4ed3e0e960db42c11507374,.qasm,48,11,0,0,reversible,True,,0,empty
veriq,combinational/rev_circuit/hwb11-n11-gc21447-qc69153.qasm,/home/audrey/code_and_papers/2026/FAST2027/final/hilbert_thin_provisioning/external/veriq-benchmark/combinational/rev_circuit/hwb11-n11-gc21447-qc69153.qasm,a4312e7afcc503c6f4ed6ee577eeee048c4c0d604b432ea569b64079325516f3,.qasm,348208,,,,reversible,False,,0,parse_failure
veriq,combinational/rev_circuit/hwb11_32261_90745.qasm,/home/audrey/code_and_papers/2026/FAST2027/final/hilbert_thin_provisioning/external/veriq-benchmark/combinational/rev_circuit/hwb11_32261_90745.qasm,4d5dcba188e0758080d566b3d39c77bc9922316a1a2992e714ea24b398e619c3,.qasm,502338,,,,reversible,False,,0,parse_failure
veriq,combinational/rev_circuit/hwb11ps.qasm,/home/audrey/code_and_papers/2026/FAST2027/final/hilbert_thin_provisioning/external/veriq-benchmark/combinational/rev_circuit/hwb11ps.qasm,5ad07ec7938b8290bf6f4f04c3d7f61f63370cf60fb95fbaccd408f06ed09365,.qasm,4393,,,,reversible,False,,0,parse_failure
veriq,combinational/rev_circuit/hwb12-n12-gc42113-qc134334.qasm,/home/audrey/code_and_papers/2026/FAST2027/final/hilbert_thin_provisioning/external/veriq-benchmark/combinational/rev_circuit/hwb12-n12-gc42113-qc134334.qasm,0bd78fb330179b50ed5f3a94618546c3c0df1d84bbb861c9fe88bfec037fefe6,.qasm,670741,,,,reversible,False,,0,parse_failure
veriq,combinational/rev_circuit/hwb12_55998_198928.qasm,/home/audrey/code_and_papers/2026/FAST2027/final/hilbert_thin_provisioning/external/veriq-benchmark/combinational/rev_circuit/hwb12_55998_198928.qasm,db2564b69e36b6eef54f3d6c412a61d9acd3e54eed528b6f78448563f0c4f0dd,.qasm,916660,,,,reversible,False,,0,parse_failure
veriq,combinational/rev_circuit/hwb12ps.qasm,/home/audrey/code_and_papers/2026/FAST2027/final/hilbert_thin_provisioning/external/veriq-benchmark/combinational/rev_circuit/hwb12ps.qasm,563de1e6fa645443678574044ed9ccbccc8375ed4a92b3d0cb59f369af336152,.qasm,4313,,,,reversible,False,,0,parse_failure
veriq,combinational/rev_circuit/hwb13ps.qasm,/home/audrey/code_and_papers/2026/FAST2027/final/hilbert_thin_provisioning/external/veriq-benchmark/combinational/rev_circuit/hwb13ps.qasm,e4eccc778af0754665bd2d890a2a162fddd77b7f6fd8ed3588e634a99eae8164,.qasm,5136,,,,reversible,False,,0,parse_failure
veriq,combinational/rev_circuit/hwb14ps.qasm,/home/audrey/code_and_papers/2026/FAST2027/final/hilbert_thin_provisioning/external/veriq-benchmark/combinational/rev_circuit/hwb14ps.qasm,a3ff553165a6134452affa73d9ff11a3477432205a79fa2c6d2ce1be3d3edeab,.qasm,5317,,,,reversible,False,,0,parse_failure
veriq,combinational/rev_circuit/hwb15ps.qasm,/home/audrey/code_and_papers/2026/FAST2027/final/hilbert_thin_provisioning/external/veriq-benchmark/combinational/rev_circuit/hwb15ps.qasm,1fc73917d74c949700ec38615367b35b1d49814adc3fb9c3616f4d8569dab327,.qasm,5882,,,,reversible,False,,0,parse_failure
veriq,combinational/rev_circuit/hwb16ps.qasm,/home/audrey/code_and_papers/2026/FAST2027/final/hilbert_thin_provisioning/external/veriq-benchmark/combinational/rev_circuit/hwb16ps.qasm,a9b7589f95950f42ec6c8beeb030b2ddf36c157098a37e3d58fdd901ebf9278b,.qasm,6585,,,,reversible,False,,0,parse_failure
veriq,combinational/rev_circuit/hwb200ps.qasm,/home/audrey/code_and_papers/2026/FAST2027/final/hilbert_thin_provisioning/external/veriq-benchmark/combinational/rev_circuit/hwb200ps.qasm,ab7c39b2ed38912d69786209e32893e18b2d00d52ae84223e71cecbf59bff87d,.qasm,187585,,,,reversible,False,,0,parse_failure
veriq,combinational/rev_circuit/hwb20ps.qasm,/home/audrey/code_and_papers/2026/FAST2027/final/hilbert_thin_provisioning/external/veriq-benchmark/combinational/rev_circuit/hwb20ps.qasm,80935648a687ae7f9cc47391f1b7b452b8c5a71d6c91997832cadbcab193d664,.qasm,9581,,,,reversible,False,,0,parse_failure
veriq,combinational/rev_circuit/hwb4-11-21.qasm,/home/audrey/code_and_papers/2026/FAST2027/final/hilbert_thin_provisioning/external/veriq-benchmark/combinational/rev_circuit/hwb4-11-21.qasm,38b7e8a67a955ba7acb0ed173b94739957ecfce31414b1405fdd2f773ebda302,.qasm,219,4,11,10,reversible,True,,0,stratum_not_selected
veriq,combinational/rev_circuit/hwb4-11-23.qasm,/home/audrey/code_and_papers/2026/FAST2027/final/hilbert_thin_provisioning/external/veriq-benchmark/combinational/rev_circuit/hwb4-11-23.qasm,5755c7b234e536c23f89c8bfd4e10b543095f3477a28426d7390ca4165854ca7,.qasm,47,4,0,0,reversible,True,,0,empty
veriq,combinational/rev_circuit/hwb4_fc.qasm,/home/audrey/code_and_papers/2026/FAST2027/final/hilbert_thin_provisioning/external/veriq-benchmark/combinational/rev_circuit/hwb4_fc.qasm,5755c7b234e536c23f89c8bfd4e10b543095f3477a28426d7390ca4165854ca7,.qasm,47,4,0,0,reversible,True,,0,empty
veriq,combinational/rev_circuit/hwb4tc.qasm,/home/audrey/code_and_papers/2026/FAST2027/final/hilbert_thin_provisioning/external/veriq-benchmark/combinational/rev_circuit/hwb4tc.qasm,93d697b83a03deaa8230957d089b04911cb7cf99c432d448fa173d5d75516f90,.qasm,707,4,17,16,reversible,True,,0,stratum_not_selected
veriq,combinational/rev_circuit/hwb5-24-102.qasm,/home/audrey/code_and_papers/2026/FAST2027/final/hilbert_thin_provisioning/external/veriq-benchmark/combinational/rev_circuit/hwb5-24-102.qasm,cf10301a3fc6605729c27d8408a09fbed7ec506014fb6b45be6703151efe3611,.qasm,820,5,24,20,reversible,True,,0,stratum_not_selected
veriq,combinational/rev_circuit/hwb5-24-114.qasm,/home/audrey/code_and_papers/2026/FAST2027/final/hilbert_thin_provisioning/external/veriq-benchmark/combinational/rev_circuit/hwb5-24-114.qasm,d12b76f7c6a741655a49ec1f33fc184dc34e23b6ea4b3dfed938ff030fb3f1e5,.qasm,47,5,0,0,reversible,True,,0,empty
veriq,combinational/rev_circuit/hwb5-33-71.qasm,/home/audrey/code_and_papers/2026/FAST2027/final/hilbert_thin_provisioning/external/veriq-benchmark/combinational/rev_circuit/hwb5-33-71.qasm,fd298f72989386917b5e692c77dbde163e10f52b30ed73c506d4800eafa31a11,.qasm,557,5,33,26,reversible,True,,0,stratum_not_selected
veriq,combinational/rev_circuit/hwb500ps.qasm,/home/audrey/code_and_papers/2026/FAST2027/final/hilbert_thin_provisioning/external/veriq-benchmark/combinational/rev_circuit/hwb500ps.qasm,11ad9f7b3fdcb6fdc0b25ce60e62f11cc57029aec4cf3570f5d7ec45e70ad310,.qasm,558349,,,,reversible,False,,0,parse_failure
veriq,combinational/rev_circuit/hwb50ps.qasm,/home/audrey/code_and_papers/2026/FAST2027/final/hilbert_thin_provisioning/external/veriq-benchmark/combinational/rev_circuit/hwb50ps.qasm,67673cf295039a08d4e3ca88d61563c2620e8c4cb70fc81080656b0887aeacad,.qasm,30958,,,,reversible,False,,0,parse_failure
veriq,combinational/rev_circuit/hwb5_31_91.qasm,/home/audrey/code_and_papers/2026/FAST2027/final/hilbert_thin_provisioning/external/veriq-benchmark/combinational/rev_circuit/hwb5_31_91.qasm,f279f65063bf15f6be6e1a525d6777e5c706bbe5f6e74939110794715131f4ff,.qasm,909,5,31,27,reversible,True,,0,stratum_not_selected
veriq,combinational/rev_circuit/hwb5_fc.qasm,/home/audrey/code_and_papers/2026/FAST2027/final/hilbert_thin_provisioning/external/veriq-benchmark/combinational/rev_circuit/hwb5_fc.qasm,d12b76f7c6a741655a49ec1f33fc184dc34e23b6ea4b3dfed938ff030fb3f1e5,.qasm,47,5,0,0,reversible,True,,0,empty
veriq,combinational/rev_circuit/hwb5ps.qasm,/home/audrey/code_and_papers/2026/FAST2027/final/hilbert_thin_provisioning/external/veriq-benchmark/combinational/rev_circuit/hwb5ps.qasm,8880d309ce45c23ea348bc0ec83ecfdf436a37a8632b06163ab1e6bb41e69140,.qasm,1331,8,47,47,reversible,True,,0,stratum_not_selected
veriq,combinational/rev_circuit/hwb5tc.qasm,/home/audrey/code_and_papers/2026/FAST2027/final/hilbert_thin_provisioning/external/veriq-benchmark/combinational/rev_circuit/hwb5tc.qasm,7349c174ff13b209b1daaed0c4f80e16513508da3839097c5f27e8df55abf665,.qasm,2133,,,,reversible,False,,0,parse_failure
veriq,combinational/rev_circuit/hwb6-42-150.qasm,/home/audrey/code_and_papers/2026/FAST2027/final/hilbert_thin_provisioning/external/veriq-benchmark/combinational/rev_circuit/hwb6-42-150.qasm,c957973be253bf33ecef04678cdb67340db939ac52f14b61223617987fd7d0de,.qasm,47,6,0,0,reversible,True,,0,empty
veriq,combinational/rev_circuit/hwb6_47_107.qasm,/home/audrey/code_and_papers/2026/FAST2027/final/hilbert_thin_provisioning/external/veriq-benchmark/combinational/rev_circuit/hwb6_47_107.qasm,2b734592550d260ee9a49112267d27c31dc533be6ddb299df826e854b5f29dea,.qasm,1104,6,47,33,reversible,True,,0,stratum_not_selected
veriq,combinational/rev_circuit/hwb6_fc.qasm,/home/audrey/code_and_papers/2026/FAST2027/final/hilbert_thin_provisioning/external/veriq-benchmark/combinational/rev_circuit/hwb6_fc.qasm,c957973be253bf33ecef04678cdb67340db939ac52f14b61223617987fd7d0de,.qasm,47,6,0,0,reversible,True,,0,empty
veriq,combinational/rev_circuit/hwb6ps.qasm,/home/audrey/code_and_papers/2026/FAST2027/final/hilbert_thin_provisioning/external/veriq-benchmark/combinational/rev_circuit/hwb6ps.qasm,3f3a47529864c009b8d86ebfb50249cdda6091aece1afdc517ec08f634ce5d29,.qasm,1450,9,53,50,reversible,True,,0,stratum_not_selected
veriq,combinational/rev_circuit/hwb6tc.qasm,/home/audrey/code_and_papers/2026/FAST2027/final/hilbert_thin_provisioning/external/veriq-benchmark/combinational/rev_circuit/hwb6tc.qasm,24a98ca45ecf7cf9e5c9a6ffaab43b8ac93129561850ea4165938002b7193538,.qasm,4952,,,,reversible,False,,0,parse_failure
veriq,combinational/rev_circuit/hwb7-236.qasm,/home/audrey/code_and_papers/2026/FAST2027/final/hilbert_thin_provisioning/external/veriq-benchmark/combinational/rev_circuit/hwb7-236.qasm,cc44c5efbe9e5a97a0ecbb572b7518c05158e832af57080f86827ae40633b61a,.qasm,47,7,0,0,reversible,True,,0,empty
veriq,combinational/rev_circuit/hwb7-331-2609a.qasm,/home/audrey/code_and_papers/2026/FAST2027/final/hilbert_thin_provisioning/external/veriq-benchmark/combinational/rev_circuit/hwb7-331-2609a.qasm,cd34b9d8716d9a1da55320b049105a3606df5b1bf704befa7498f3f1994062ef,.qasm,10105,,,,reversible,False,,0,parse_failure
veriq,combinational/rev_circuit/hwb7_fc.qasm,/home/audrey/code_and_papers/2026/FAST2027/final/hilbert_thin_provisioning/external/veriq-benchmark/combinational/rev_circuit/hwb7_fc.qasm,0f179fe2a462669c3c80d0073b1f0037458fcfd1a59adec1c37ffc588da328a1,.qasm,17845,,,,reversible,False,,0,parse_failure
veriq,combinational/rev_circuit/hwb7ps.qasm,/home/audrey/code_and_papers/2026/FAST2027/final/hilbert_thin_provisioning/external/veriq-benchmark/combinational/rev_circuit/hwb7ps.qasm,9a22ca5e9f2655725365f32f7e4c4d781a9e894e6e7bd2f9a75002d53c72e9f1,.qasm,1810,10,71,71,reversible,True,,0,stratum_not_selected
veriq,combinational/rev_circuit/hwb7tc.qasm,/home/audrey/code_and_papers/2026/FAST2027/final/hilbert_thin_provisioning/external/veriq-benchmark/combinational/rev_circuit/hwb7tc.qasm,279f688bfab72d15c0aba3d6170037ba06f65dbcb20c3c6de198578cfbc644a8,.qasm,11366,,,,reversible,False,,0,parse_failure
veriq,combinational/rev_circuit/hwb8-614-12745a.qasm,/home/audrey/code_and_papers/2026/FAST2027/final/hilbert_thin_provisioning/external/veriq-benchmark/combinational/rev_circuit/hwb8-614-12745a.qasm,462ad9048cded220eb2cb56d89c57596e02da35c5a5a82afba226268c67b3051,.qasm,47,8,0,0,reversible,True,,0,empty
veriq,combinational/rev_circuit/hwb8-637.qasm,/home/audrey/code_and_papers/2026/FAST2027/final/hilbert_thin_provisioning/external/veriq-benchmark/combinational/rev_circuit/hwb8-637.qasm,462ad9048cded220eb2cb56d89c57596e02da35c5a5a82afba226268c67b3051,.qasm,47,8,0,0,reversible,True,,0,empty
veriq,combinational/rev_circuit/hwb8-749-6197a.qasm,/home/audrey/code_and_papers/2026/FAST2027/final/hilbert_thin_provisioning/external/veriq-benchmark/combinational/rev_circuit/hwb8-749-6197a.qasm,462ad9048cded220eb2cb56d89c57596e02da35c5a5a82afba226268c67b3051,.qasm,47,8,0,0,reversible,True,,0,empty
veriq,combinational/rev_circuit/hwb8_2710_6940.qasm,/home/audrey/code_and_papers/2026/FAST2027/final/hilbert_thin_provisioning/external/veriq-benchmark/combinational/rev_circuit/hwb8_2710_6940.qasm,dee08f2b17935ef59029e56de459723ad518020f9b0e726bcf65f759b7002c24,.qasm,44849,,,,reversible,False,,0,parse_failure
veriq,combinational/rev_circuit/hwb8ps.qasm,/home/audrey/code_and_papers/2026/FAST2027/final/hilbert_thin_provisioning/external/veriq-benchmark/combinational/rev_circuit/hwb8ps.qasm,6dd25ecf42d2bb7b19b700e74de6c01cd77ef37cea945fd58cbd7c3bc87759c4,.qasm,2549,12,72,69,reversible,True,,0,stratum_not_selected
veriq,combinational/rev_circuit/hwb9-1541.qasm,/home/audrey/code_and_papers/2026/FAST2027/final/hilbert_thin_provisioning/external/veriq-benchmark/combinational/rev_circuit/hwb9-1541.qasm,ea07189a38e0f701db563ebbc6ebf5f1b7887e5cb25b07a9e988e4afd1064faf,.qasm,62112,,,,reversible,False,,0,parse_failure
veriq,combinational/rev_circuit/hwb9-1544.qasm,/home/audrey/code_and_papers/2026/FAST2027/final/hilbert_thin_provisioning/external/veriq-benchmark/combinational/rev_circuit/hwb9-1544.qasm,3f6586a308cfb85f636cc5dc64a46e68176e981c081ba3e7e2f18f31b7e2e5e9,.qasm,47,9,0,0,reversible,True,,0,empty
veriq,combinational/rev_circuit/hwb9-1959-20378a.qasm,/home/audrey/code_and_papers/2026/FAST2027/final/hilbert_thin_provisioning/external/veriq-benchmark/combinational/rev_circuit/hwb9-1959-20378a.qasm,1ad3ea435cba5891f141b8ac59fe5ca40918116d1d31665f596d0fcdc30a83b1,.qasm,52736,,,,reversible,False,,0,parse_failure
veriq,combinational/rev_circuit/hwb9_6563_16173.qasm,/home/audrey/code_and_papers/2026/FAST2027/final/hilbert_thin_provisioning/external/veriq-benchmark/combinational/rev_circuit/hwb9_6563_16173.qasm,96dfe8b91d3110c010703d9086c36a31564e59db77942854b0dc3a84beb88b3d,.qasm,103787,,,,reversible,False,,0,parse_failure
veriq,combinational/rev_circuit/hwb9ps.qasm,/home/audrey/code_and_papers/2026/FAST2027/final/hilbert_thin_provisioning/external/veriq-benchmark/combinational/rev_circuit/hwb9ps.qasm,86246aeb17c3274bb7f4f09cd59359f430afbe4988d7594b640d9c7f2648fe20,.qasm,3617,,,,reversible,False,,0,parse_failure
veriq,combinational/rev_circuit/mod1024adder.qasm,/home/audrey/code_and_papers/2026/FAST2027/final/hilbert_thin_provisioning/external/veriq-benchmark/combinational/rev_circuit/mod1024adder.qasm,bce3ef0b95d2a591cfdc40867af5be647d545167df7840fe91a70f65c3fa94eb,.qasm,64098,,,,arithmetic,False,,0,parse_failure
veriq,combinational/rev_circuit/mod5adder-15.qasm,/home/audrey/code_and_papers/2026/FAST2027/final/hilbert_thin_provisioning/external/veriq-benchmark/combinational/rev_circuit/mod5adder-15.qasm,c957973be253bf33ecef04678cdb67340db939ac52f14b61223617987fd7d0de,.qasm,47,6,0,0,arithmetic,True,,0,empty
veriq,combinational/rev_circuit/mod5adder-17-69.qasm,/home/audrey/code_and_papers/2026/FAST2027/final/hilbert_thin_provisioning/external/veriq-benchmark/combinational/rev_circuit/mod5adder-17-69.qasm,c957973be253bf33ecef04678cdb67340db939ac52f14b61223617987fd7d0de,.qasm,47,6,0,0,arithmetic,True,,0,empty
veriq,combinational/rev_circuit/mod5adder-17-81.qasm,/home/audrey/code_and_papers/2026/FAST2027/final/hilbert_thin_provisioning/external/veriq-benchmark/combinational/rev_circuit/mod5adder-17-81.qasm,c957973be253bf33ecef04678cdb67340db939ac52f14b61223617987fd7d0de,.qasm,47,6,0,0,arithmetic,True,,0,empty
veriq,combinational/rev_circuit/mod5adders.qasm,/home/audrey/code_and_papers/2026/FAST2027/final/hilbert_thin_provisioning/external/veriq-benchmark/combinational/rev_circuit/mod5adders.qasm,37079fa6a6794b0e797ac3748c65971b30ff4bde9e35b7968c17862de28c99cd,.qasm,1426,,,,arithmetic,False,,0,parse_failure
veriq,combinational/rev_circuit/mod5d1.qasm,/home/audrey/code_and_papers/2026/FAST2027/final/hilbert_thin_provisioning/external/veriq-benchmark/combinational/rev_circuit/mod5d1.qasm,fc1dbbe5c0a7d1166661a6e5ff1a7a126c30de546c782613c3e1cadfd7f4be45,.qasm,183,5,8,8,reversible,True,,0,stratum_not_selected
veriq,combinational/rev_circuit/mod5d2.qasm,/home/audrey/code_and_papers/2026/FAST2027/final/hilbert_thin_provisioning/external/veriq-benchmark/combinational/rev_circuit/mod5d2.qasm,b5d36a5aba1aea3257ddce69eba1902a1a3824f2095dcd197b62b2de8a4133c9,.qasm,185,5,9,8,reversible,True,,0,stratum_not_selected
veriq,combinational/rev_circuit/mod5d4.qasm,/home/audrey/code_and_papers/2026/FAST2027/final/hilbert_thin_provisioning/external/veriq-benchmark/combinational/rev_circuit/mod5d4.qasm,707bdc277ff9144a5867978196e2cffb7633f9e06b6249c21b1e07375ae51260,.qasm,123,5,5,4,reversible,True,,0,stratum_not_selected
veriq,combinational/rev_circuit/mod5mils.qasm,/home/audrey/code_and_papers/2026/FAST2027/final/hilbert_thin_provisioning/external/veriq-benchmark/combinational/rev_circuit/mod5mils.qasm,d12b76f7c6a741655a49ec1f33fc184dc34e23b6ea4b3dfed938ff030fb3f1e5,.qasm,47,5,0,0,reversible,True,,0,empty
veriq,combinational/rev_circuit/mod_4mod5-n5-gc4-qc13.qasm,/home/audrey/code_and_papers/2026/FAST2027/final/hilbert_thin_provisioning/external/veriq-benchmark/combinational/rev_circuit/mod_4mod5-n5-gc4-qc13.qasm,3eccd32813c4f6494ea227cee04dc8e0e9bb95b9541069733d09f24126846207,.qasm,115,5,4,4,reversible,True,,0,stratum_not_selected
veriq,combinational/rev_circuit/mod_5mod5-n6-gc7-qc429.qasm,/home/audrey/code_and_papers/2026/FAST2027/final/hilbert_thin_provisioning/external/veriq-benchmark/combinational/rev_circuit/mod_5mod5-n6-gc7-qc429.qasm,10c7cd11230057795f1e64894685d6f9e4ce8e6ea76513dde748d9eb8e67ef7d,.qasm,1316,6,7,7,reversible,True,,0,stratum_not_selected
veriq,combinational/rev_circuit/mspk_4_49_12.qasm,/home/audrey/code_and_papers/2026/FAST2027/final/hilbert_thin_provisioning/external/veriq-benchmark/combinational/rev_circuit/mspk_4_49_12.qasm,170599cbb073dcf0be330c307f4fc377355c8f4293ba710960a4e25e9380c923,.qasm,233,4,12,11,reversible,True,,0,stratum_not_selected
veriq,combinational/rev_circuit/mspk_4_49_13.qasm,/home/audrey/code_and_papers/2026/FAST2027/final/hilbert_thin_provisioning/external/veriq-benchmark/combinational/rev_circuit/mspk_4_49_13.qasm,6253e05399a0d34e8027d82ce808ae1076b6293a6d6cccd49245750708467b00,.qasm,253,4,13,13,reversible,True,,0,stratum_not_selected
veriq,combinational/rev_circuit/mspk_4_49_14.qasm,/home/audrey/code_and_papers/2026/FAST2027/final/hilbert_thin_provisioning/external/veriq-benchmark/combinational/rev_circuit/mspk_4_49_14.qasm,58486ae92a6c6971ca72940ac976c5384a4cce1d1a240c9675dc4b15af293bb9,.qasm,267,4,14,12,reversible,True,,0,stratum_not_selected
veriq,combinational/rev_circuit/mspk_4b15g_1.qasm,/home/audrey/code_and_papers/2026/FAST2027/final/hilbert_thin_provisioning/external/veriq-benchmark/combinational/rev_circuit/mspk_4b15g_1.qasm,bba9435f26e33dab428f8adcee2b4e08393d63db59d7778a9070365806200c41,.qasm,650,4,15,14,reversible,True,,0,selected
veriq,combinational/rev_circuit/mspk_4b15g_2.qasm,/home/audrey/code_and_papers/2026/FAST2027/final/hilbert_thin_provisioning/external/veriq-benchmark/combinational/rev_circuit/mspk_4b15g_2.qasm,1502193901ec224fd52f92fff107c5f1ebbf99238fa685620c9f7ae267771183,.qasm,281,4,15,14,reversible,True,,0,stratum_not_selected
veriq,combinational/rev_circuit/mspk_4b15g_3.qasm,/home/audrey/code_and_papers/2026/FAST2027/final/hilbert_thin_provisioning/external/veriq-benchmark/combinational/rev_circuit/mspk_4b15g_3.qasm,b16109b61bebcc1b821fce972d638b8b2b36f8ec64c6e118e8ce34a24f1e93fd,.qasm,275,4,15,13,reversible,True,,0,stratum_not_selected
veriq,combinational/rev_circuit/mspk_4b15g_4.qasm,/home/audrey/code_and_papers/2026/FAST2027/final/hilbert_thin_provisioning/external/veriq-benchmark/combinational/rev_circuit/mspk_4b15g_4.qasm,22cb151ebfb63427e62db953d43f0a315fbde5a2563084c1f3f9967d70a99372,.qasm,644,4,15,15,reversible,True,,0,stratum_not_selected
veriq,combinational/rev_circuit/mspk_4b15g_5.qasm,/home/audrey/code_and_papers/2026/FAST2027/final/hilbert_thin_provisioning/external/veriq-benchmark/combinational/rev_circuit/mspk_4b15g_5.qasm,23a8b04c4ef805e3a19ad9e98c3b598232bbb97b3152d19782ca7eaeccea2e8c,.qasm,287,4,15,13,reversible,True,,0,stratum_not_selected
veriq,combinational/rev_circuit/mspk_hwb4_12.qasm,/home/audrey/code_and_papers/2026/FAST2027/final/hilbert_thin_provisioning/external/veriq-benchmark/combinational/rev_circuit/mspk_hwb4_12.qasm,57c97df6535c97b7d3adcd39d51d2dbd999cf0cc24a7288e3a30ef173d480b95,.qasm,233,4,12,11,reversible,True,,0,stratum_not_selected
veriq,combinational/rev_circuit/mspk_hwb4_13.qasm,/home/audrey/code_and_papers/2026/FAST2027/final/hilbert_thin_provisioning/external/veriq-benchmark/combinational/rev_circuit/mspk_hwb4_13.qasm,0ff65091025181e6d6ac05fe81e61be3bee311d60376880e4ade7255f812fbe5,.qasm,247,4,13,12,reversible,True,,0,stratum_not_selected
veriq,combinational/rev_circuit/mspk_hwb5_31_91_opt_38_80.qasm,/home/audrey/code_and_papers/2026/FAST2027/final/hilbert_thin_provisioning/external/veriq-benchmark/combinational/rev_circuit/mspk_hwb5_31_91_opt_38_80.qasm,c0ec178a1f27146a4421d8ed5403be0824f15a049dfc2c71947864ebec5f8ee0,.qasm,995,5,38,34,reversible,True,,0,stratum_not_selected
veriq,combinational/rev_circuit/mspk_nth_prime5_inc_29_91_opt_36_80.qasm,/home/audrey/code_and_papers/2026/FAST2027/final/hilbert_thin_provisioning/external/veriq-benchmark/combinational/rev_circuit/mspk_nth_prime5_inc_29_91_opt_36_80.qasm,785ee24b1432ef40756cd3350a0c55498a5ad6fd5f653dd5a109ef8b6d007c76,.qasm,992,5,36,33,reversible,True,,0,stratum_not_selected
veriq,combinational/rev_circuit/mspk_nth_primes4_11.qasm,/home/audrey/code_and_papers/2026/FAST2027/final/hilbert_thin_provisioning/external/veriq-benchmark/combinational/rev_circuit/mspk_nth_primes4_11.qasm,761a14ab921ef85de31ded1b25109e8b53d3107de254314e75ce6d1d722be304,.qasm,617,4,11,11,reversible,True,,0,stratum_not_selected
veriq,combinational/rev_circuit/mspk_nth_primes4_12.qasm,/home/audrey/code_and_papers/2026/FAST2027/final/hilbert_thin_provisioning/external/veriq-benchmark/combinational/rev_circuit/mspk_nth_primes4_12.qasm,ac8b5bde319b41118e026db83ad6ddde8b52c3994c43f621f5722bcd22060349,.qasm,251,4,12,12,reversible,True,,0,stratum_not_selected
veriq,combinational/rev_circuit/mspk_nth_primes4_13.qasm,/home/audrey/code_and_papers/2026/FAST2027/final/hilbert_thin_provisioning/external/veriq-benchmark/combinational/rev_circuit/mspk_nth_primes4_13.qasm,d09d92a96ac1a10fd71d6f010bde0b42eb1b4901d0e66baf0527ae207179133f,.qasm,265,4,13,12,reversible,True,,0,stratum_not_selected
veriq,combinational/rev_circuit/mspk_nth_primes4_14.qasm,/home/audrey/code_and_papers/2026/FAST2027/final/hilbert_thin_provisioning/external/veriq-benchmark/combinational/rev_circuit/mspk_nth_primes4_14.qasm,e799480fa5aed768a7a258bdf1b0b1a7daea964c7c4a4475b6e640233cad732c,.qasm,273,4,14,14,reversible,True,,0,stratum_not_selected
veriq,combinational/rev_circuit/nth_prime07_inc-n7-gc440-qc10989.qasm,/home/audrey/code_and_papers/2026/FAST2027/final/hilbert_thin_provisioning/external/veriq-benchmark/combinational/rev_circuit/nth_prime07_inc-n7-gc440-qc10989.qasm,1f16e2686fff4344717ce4b7df7f39965f47a992fdefc1f50c42daf23f07927e,.qasm,12948,,,,reversible,False,,0,parse_failure
veriq,combinational/rev_circuit/nth_prime07_inc-n7-gc489-qc10898.qasm,/home/audrey/code_and_papers/2026/FAST2027/final/hilbert_thin_provisioning/external/veriq-benchmark/combinational/rev_circuit/nth_prime07_inc-n7-gc489-qc10898.qasm,5969933e73479ed9a3a80757153c0c84733a1b9955fbf207eeec6f6b44586129,.qasm,13340,,,,reversible,False,,0,parse_failure
veriq,combinational/rev_circuit/nth_prime07_inc-n7-gc839-qc2284.qasm,/home/audrey/code_and_papers/2026/FAST2027/final/hilbert_thin_provisioning/external/veriq-benchmark/combinational/rev_circuit/nth_prime07_inc-n7-gc839-qc2284.qasm,e2dc50928f738ad94b7f8668c56eac556dbdcedeb165e580d7837876fd76291d,.qasm,15076,,,,reversible,False,,0,parse_failure
veriq,combinational/rev_circuit/nth_prime08_inc-n8-gc1692-qc6339.qasm,/home/audrey/code_and_papers/2026/FAST2027/final/hilbert_thin_provisioning/external/veriq-benchmark/combinational/rev_circuit/nth_prime08_inc-n8-gc1692-qc6339.qasm,9480ecf0e0d4c02dd0559b2ff6ba8b2df54e23e4cd37256e6c2bf7a90b66f8c0,.qasm,31038,,,,reversible,False,,0,parse_failure
veriq,combinational/rev_circuit/nth_prime08_inc-n8-gc986-qc10227.qasm,/home/audrey/code_and_papers/2026/FAST2027/final/hilbert_thin_provisioning/external/veriq-benchmark/combinational/rev_circuit/nth_prime08_inc-n8-gc986-qc10227.qasm,623a315465358eee2278cf6cbe30abcfea50a7fbca52c0ef3c19c60241287004,.qasm,25939,,,,reversible,False,,0,parse_failure
veriq,combinational/rev_circuit/nth_prime09_inc-n10-gc2234-qc22181.qasm,/home/audrey/code_and_papers/2026/FAST2027/final/hilbert_thin_provisioning/external/veriq-benchmark/combinational/rev_circuit/nth_prime09_inc-n10-gc2234-qc22181.qasm,42d619fb394dd03dd0d1b59864f0ddebf461ec9797dd66530b334dde05af6d4a,.qasm,57285,,,,reversible,False,,0,parse_failure
veriq,combinational/rev_circuit/nth_prime09_inc-n10-gc3956-qc19464.qasm,/home/audrey/code_and_papers/2026/FAST2027/final/hilbert_thin_provisioning/external/veriq-benchmark/combinational/rev_circuit/nth_prime09_inc-n10-gc3956-qc19464.qasm,789848cc5134c46749dd20694d2c36fab2b90726731eb802341180f59c207aa5,.qasm,81197,,,,reversible,False,,0,parse_failure
veriq,combinational/rev_circuit/nth_prime10_inc-n11-gc5207-qc50152.qasm,/home/audrey/code_and_papers/2026/FAST2027/final/hilbert_thin_provisioning/external/veriq-benchmark/combinational/rev_circuit/nth_prime10_inc-n11-gc5207-qc50152.qasm,2b4cae45ad41601d89f8227771dc29cab4fe6f67128eff73899f28039ab754a4,.qasm,128004,,,,reversible,False,,0,parse_failure
veriq,combinational/rev_circuit/nth_prime10_inc_16626_40299.qasm,/home/audrey/code_and_papers/2026/FAST2027/final/hilbert_thin_provisioning/external/veriq-benchmark/combinational/rev_circuit/nth_prime10_inc_16626_40299.qasm,bcc968baa96792d0c727975ca20c4a7ce9b50fea444ec1bb5ea7cfb1218a29f4,.qasm,277382,,,,reversible,False,,0,parse_failure
veriq,combinational/rev_circuit/nth_prime11_inc-n12-gc11765-qc124408.qasm,/home/audrey/code_and_papers/2026/FAST2027/final/hilbert_thin_provisioning/external/veriq-benchmark/combinational/rev_circuit/nth_prime11_inc-n12-gc11765-qc124408.qasm,aaca1bf451fdb10ceef1e1b3ed48dfc231a466b35d4f0b8d6973058211acbdb4,.qasm,286469,,,,reversible,False,,0,parse_failure
veriq,combinational/rev_circuit/nth_prime11_inc_35335_95431.qasm,/home/audrey/code_and_papers/2026/FAST2027/final/hilbert_thin_provisioning/external/veriq-benchmark/combinational/rev_circuit/nth_prime11_inc_35335_95431.qasm,e24eb63b3474af2fd58bc284c06b9ca524de6b1d9e1bcc74df22a818e03242e1,.qasm,594872,,,,reversible,False,,0,parse_failure
veriq,combinational/rev_circuit/nth_prime12_inc_75933_208227.qasm,/home/audrey/code_and_papers/2026/FAST2027/final/hilbert_thin_provisioning/external/veriq-benchmark/combinational/rev_circuit/nth_prime12_inc_75933_208227.qasm,7e56b1e2a5d3f567d19da07f65c552c87a1517cc90acf2c72c2e856eef3297c7,.qasm,1282033,,,,reversible,False,,0,parse_failure
veriq,combinational/rev_circuit/nth_prime3_inc.qasm,/home/audrey/code_and_papers/2026/FAST2027/final/hilbert_thin_provisioning/external/veriq-benchmark/combinational/rev_circuit/nth_prime3_inc.qasm,994399d8aa283b43f91818417bf791747861bbf0fd6ef9e257b304ac7745960e,.qasm,109,3,4,4,reversible,True,,0,selected
veriq,combinational/rev_circuit/nth_prime4_inc_15_51.qasm,/home/audrey/code_and_papers/2026/FAST2027/final/hilbert_thin_provisioning/external/veriq-benchmark/combinational/rev_circuit/nth_prime4_inc_15_51.qasm,a536641eeec32e492143d5102373c0f6b734a93ea58811ab9c7a1216821b41b5,.qasm,661,4,15,13,reversible,True,,0,stratum_not_selected
veriq,combinational/rev_circuit/nth_prime4_inc_d1.qasm,/home/audrey/code_and_papers/2026/FAST2027/final/hilbert_thin_provisioning/external/veriq-benchmark/combinational/rev_circuit/nth_prime4_inc_d1.qasm,dddebc31a1198d3c72112bec7d9a98af0d58964a741d1582289720772eadb5ae,.qasm,637,4,12,12,reversible,True,,0,stratum_not_selected
veriq,combinational/rev_circuit/nth_prime4_inc_d2.qasm,/home/audrey/code_and_papers/2026/FAST2027/final/hilbert_thin_provisioning/external/veriq-benchmark/combinational/rev_circuit/nth_prime4_inc_d2.qasm,557318a56df8998cb39fd1bf546d7581eaa9511ff57da87e81f569735ea045c6,.qasm,617,4,11,11,reversible,True,,0,stratum_not_selected
veriq,combinational/rev_circuit/nth_prime5_inc-28-96.qasm,/home/audrey/code_and_papers/2026/FAST2027/final/hilbert_thin_provisioning/external/veriq-benchmark/combinational/rev_circuit/nth_prime5_inc-28-96.qasm,c8a25517ffc4599083057fe596e1f043af1990e2b5c39149293f0932417bb723,.qasm,892,5,28,26,reversible,True,,0,stratum_not_selected
veriq,combinational/rev_circuit/nth_prime5_inc_25_103.qasm,/home/audrey/code_and_papers/2026/FAST2027/final/hilbert_thin_provisioning/external/veriq-benchmark/combinational/rev_circuit/nth_prime5_inc_25_103.qasm,49cb14f6ca9fdb166d32ad09d12865dcdd06882067ebfb00576c6d6c087dbf78,.qasm,847,5,25,22,reversible,True,,0,stratum_not_selected
veriq,combinational/rev_circuit/nth_prime5_inc_29_91.qasm,/home/audrey/code_and_papers/2026/FAST2027/final/hilbert_thin_provisioning/external/veriq-benchmark/combinational/rev_circuit/nth_prime5_inc_29_91.qasm,49ace4b50b4707ad192ace40677da59622b79b1bed7c6ed06e8606f73e8fa285,.qasm,900,5,29,27,reversible,True,,0,stratum_not_selected
veriq,combinational/rev_circuit/nth_prime6_inc-57-485.qasm,/home/audrey/code_and_papers/2026/FAST2027/final/hilbert_thin_provisioning/external/veriq-benchmark/combinational/rev_circuit/nth_prime6_inc-57-485.qasm,f7a9c6893715242fd6166420e1f2536100aed46cbe9dc6957ff07f2d2f6170eb,.qasm,3220,,,,reversible,False,,0,parse_failure
veriq,combinational/rev_circuit/nth_prime6_inc_55_667.qasm,/home/audrey/code_and_papers/2026/FAST2027/final/hilbert_thin_provisioning/external/veriq-benchmark/combinational/rev_circuit/nth_prime6_inc_55_667.qasm,a7f57d04c6d4e0f65719b0f2929dc8515a326f462029d215f6eaa318e65e4822,.qasm,3264,,,,reversible,False,,0,parse_failure
veriq,combinational/rev_circuit/nth_prime7_inc_1427_3172.qasm,/home/audrey/code_and_papers/2026/FAST2027/final/hilbert_thin_provisioning/external/veriq-benchmark/combinational/rev_circuit/nth_prime7_inc_1427_3172.qasm,669dd2eda7e5efa3d01b7d918635bd75a70f28b1230c60f10afafb210ebf3f57,.qasm,23412,7,1427,1086,reversible,True,,0,selected
veriq,combinational/rev_circuit/nth_prime8_inc_3346_7618.qasm,/home/audrey/code_and_papers/2026/FAST2027/final/hilbert_thin_provisioning/external/veriq-benchmark/combinational/rev_circuit/nth_prime8_inc_3346_7618.qasm,e7bac99e6acfa4fcfe88be5d824e9638484b132f962ddf54dc67c99026ea0948,.qasm,53282,8,3346,2425,reversible,True,,0,selected
veriq,combinational/rev_circuit/nth_prime9_inc_7522_17975.qasm,/home/audrey/code_and_papers/2026/FAST2027/final/hilbert_thin_provisioning/external/veriq-benchmark/combinational/rev_circuit/nth_prime9_inc_7522_17975.qasm,9990fc35e00e29fd2d8d4974a8b1aad4967a1c965d44c683b50e63af54ffc226,.qasm,127309,,,,reversible,False,,0,parse_failure
veriq,combinational/rev_circuit/permanent2x2-gc3-qc39.qasm,/home/audrey/code_and_papers/2026/FAST2027/final/hilbert_thin_provisioning/external/veriq-benchmark/combinational/rev_circuit/permanent2x2-gc3-qc39.qasm,c644e5b0d3ca84414e6d9eb5da7715b6002305b67a64c35330a5b63c2c48ec65,.qasm,776,6,3,3,reversible,True,,0,stratum_not_selected
veriq,combinational/rev_circuit/permanent3x3-gc30-qc1872.qasm,/home/audrey/code_and_papers/2026/FAST2027/final/hilbert_thin_provisioning/external/veriq-benchmark/combinational/rev_circuit/permanent3x3-gc30-qc1872.qasm,a715f3ab69f8263484b2a6d8d1380c3f32a636818449ef92ec2edad4c5fe181c,.qasm,12343,,,,reversible,False,,0,parse_failure
veriq,combinational/rev_circuit/permanent3x3p3.qasm,/home/audrey/code_and_papers/2026/FAST2027/final/hilbert_thin_provisioning/external/veriq-benchmark/combinational/rev_circuit/permanent3x3p3.qasm,a21938288fc131d0e4384c0d8e31561e24b15ea45151f1715461082da94ceb1e,.qasm,3035,20,144,110,reversible,True,,0,selected
veriq,combinational/rev_circuit/rd32.qasm,/home/audrey/code_and_papers/2026/FAST2027/final/hilbert_thin_provisioning/external/veriq-benchmark/combinational/rev_circuit/rd32.qasm,ff7887775041a54080cb345fe884d4a54a646b9af7c546cb98e25e17e392b49f,.qasm,115,4,4,4,reversible,True,,0,stratum_not_selected
veriq,combinational/rev_circuit/rd53-16-67.qasm,/home/audrey/code_and_papers/2026/FAST2027/final/hilbert_thin_provisioning/external/veriq-benchmark/combinational/rev_circuit/rd53-16-67.qasm,cc44c5efbe9e5a97a0ecbb572b7518c05158e832af57080f86827ae40633b61a,.qasm,47,7,0,0,reversible,True,,0,empty
veriq,combinational/rev_circuit/rd53d1-n7-gc11-qc96.qasm,/home/audrey/code_and_papers/2026/FAST2027/final/hilbert_thin_provisioning/external/veriq-benchmark/combinational/rev_circuit/rd53d1-n7-gc11-qc96.qasm,cba1196e04803965bf3374257e0cdf1fd8a16f9d50f38348a52917418a890fe3,.qasm,932,7,11,11,reversible,True,,0,stratum_not_selected
veriq,combinational/rev_circuit/rd53d1-n7-gc12-qc82.qasm,/home/audrey/code_and_papers/2026/FAST2027/final/hilbert_thin_provisioning/external/veriq-benchmark/combinational/rev_circuit/rd53d1-n7-gc12-qc82.qasm,e6173781fbae609ad3007716fc598f5bab4541fdf0d531f15416fde8d00c5a9d,.qasm,1337,,,,reversible,False,,0,parse_failure
veriq,combinational/rev_circuit/rd53d1-n7-gc12-qc95.qasm,/home/audrey/code_and_papers/2026/FAST2027/final/hilbert_thin_provisioning/external/veriq-benchmark/combinational/rev_circuit/rd53d1-n7-gc12-qc95.qasm,df74fd81666d5d4efb68ea9b41edcb54d1a5e05a9d077ea01b989b158b76d5b9,.qasm,946,7,12,11,reversible,True,,0,stratum_not_selected
veriq,combinational/rev_circuit/rd53d1.qasm,/home/audrey/code_and_papers/2026/FAST2027/final/hilbert_thin_provisioning/external/veriq-benchmark/combinational/rev_circuit/rd53d1.qasm,00ec405f75818ba58087141fa3659b8aae963cc65ac04cc800d023a1136c47ba,.qasm,962,7,12,12,reversible,True,,0,stratum_not_selected
veriq,combinational/rev_circuit/rd53d15.qasm,/home/audrey/code_and_papers/2026/FAST2027/final/hilbert_thin_provisioning/external/veriq-benchmark/combinational/rev_circuit/rd53d15.qasm,c39b7f0b5039543c9676176408d9265c30fdd21208b6fbd3d1072ceaac2de50b,.qasm,1068,7,28,19,reversible,True,,0,stratum_not_selected
veriq,combinational/rev_circuit/rd53d1mils.qasm,/home/audrey/code_and_papers/2026/FAST2027/final/hilbert_thin_provisioning/external/veriq-benchmark/combinational/rev_circuit/rd53d1mils.qasm,c12d38d33e7ed489d138cf7d585c8d6ad2a460c96031484bd5ae68c4e11a6a6c,.qasm,1389,7,16,16,reversible,True,,0,stratum_not_selected
veriq,combinational/rev_circuit/rd53d2.qasm,/home/audrey/code_and_papers/2026/FAST2027/final/hilbert_thin_provisioning/external/veriq-benchmark/combinational/rev_circuit/rd53d2.qasm,3bf0f525457e4c01dfc886e0311258d7d93a2f4ff989d85b0222fad65b5337a4,.qasm,263,8,12,8,reversible,True,,0,stratum_not_selected
veriq,combinational/rev_circuit/rd53rcmg.qasm,/home/audrey/code_and_papers/2026/FAST2027/final/hilbert_thin_provisioning/external/veriq-benchmark/combinational/rev_circuit/rd53rcmg.qasm,f393dd252b22f86bd2f18d14625f051bd46dfbd106ff25700435259f106f0da7,.qasm,1573,,,,reversible,False,,0,parse_failure
veriq,combinational/rev_circuit/rd73d2-n9-gc296-qc43421.qasm,/home/audrey/code_and_papers/2026/FAST2027/final/hilbert_thin_provisioning/external/veriq-benchmark/combinational/rev_circuit/rd73d2-n9-gc296-qc43421.qasm,6af3cc34e049f32f3bf81a96e87bf4306c994deb65838c1af404d38afee6c417,.qasm,23677,,,,reversible,False,,0,parse_failure
veriq,combinational/rev_circuit/rd73d2-n9-gc835-qc4069.qasm,/home/audrey/code_and_papers/2026/FAST2027/final/hilbert_thin_provisioning/external/veriq-benchmark/combinational/rev_circuit/rd73d2-n9-gc835-qc4069.qasm,997f14cb7f629e16688fdc0a92e19ecee84001f4e49527edca691063343e82f6,.qasm,21831,,,,reversible,False,,0,parse_failure
veriq,combinational/rev_circuit/rd73d2.qasm,/home/audrey/code_and_papers/2026/FAST2027/final/hilbert_thin_provisioning/external/veriq-benchmark/combinational/rev_circuit/rd73d2.qasm,51234b81fa49aca6ba86241501d7dc2eb2ea36ae17b48f55f1daaefaafbff506,.qasm,412,10,20,12,reversible,True,,0,stratum_not_selected
veriq,combinational/rev_circuit/rd84d1-n11-gc2560-qc12397.qasm,/home/audrey/code_and_papers/2026/FAST2027/final/hilbert_thin_provisioning/external/veriq-benchmark/combinational/rev_circuit/rd84d1-n11-gc2560-qc12397.qasm,2aebaffc97bbef60cc380271c30202776ce53bcc482c670b2bbaa325e785fa68,.qasm,92848,,,,reversible,False,,0,parse_failure
veriq,combinational/rev_circuit/rd84d1-n11-gc679-qc359384.qasm,/home/audrey/code_and_papers/2026/FAST2027/final/hilbert_thin_provisioning/external/veriq-benchmark/combinational/rev_circuit/rd84d1-n11-gc679-qc359384.qasm,fbd1e5b3822deab588c82c917938b759cc70b877f24741bf57dee3d1815e1508,.qasm,82638,,,,reversible,False,,0,parse_failure
veriq,combinational/rev_circuit/rd84d1.qasm,/home/audrey/code_and_papers/2026/FAST2027/final/hilbert_thin_provisioning/external/veriq-benchmark/combinational/rev_circuit/rd84d1.qasm,2c63a5f6cc7e3d07c6b0ebb1c2cc65dfbb4090f80018114b35f18c0ce93fda38,.qasm,579,15,28,14,reversible,True,,0,stratum_not_selected
veriq,combinational/rev_circuit/symmetric_6-n7-gc14-qc1308.qasm,/home/audrey/code_and_papers/2026/FAST2027/final/hilbert_thin_provisioning/external/veriq-benchmark/combinational/rev_circuit/symmetric_6-n7-gc14-qc1308.qasm,5890825242601b609607b4d10f2e585214c022f00e3fae5765417babb2a211a5,.qasm,3154,7,14,14,reversible,True,,0,stratum_not_selected
veriq,combinational/rev_circuit/symmetric_6-n7-gc15-qc825.qasm,/home/audrey/code_and_papers/2026/FAST2027/final/hilbert_thin_provisioning/external/veriq-benchmark/combinational/rev_circuit/symmetric_6-n7-gc15-qc825.qasm,de948473d5fcd75ac04482bd6928668b478d1c65fdf6374cea9e60031b3b5c2b,.qasm,4195,,,,reversible,False,,0,parse_failure
veriq,combinational/rev_circuit/symmetric_6-n7-gc41-qc206.qasm,/home/audrey/code_and_papers/2026/FAST2027/final/hilbert_thin_provisioning/external/veriq-benchmark/combinational/rev_circuit/symmetric_6-n7-gc41-qc206.qasm,c461f14583c889b3f41ca891d3a8d9f62e900cd120c70a5eb3562081a9b2ead7,.qasm,2774,,,,reversible,False,,0,parse_failure
veriq,combinational/rev_circuit/symmetric_9-n10-gc347-qc1975.qasm,/home/audrey/code_and_papers/2026/FAST2027/final/hilbert_thin_provisioning/external/veriq-benchmark/combinational/rev_circuit/symmetric_9-n10-gc347-qc1975.qasm,fae986e6815b77fe018fbd8c0cfe916ef49f7b8fdaa21e1b7c88f95d619b67d7,.qasm,13730,,,,reversible,False,,0,parse_failure
veriq,combinational/rev_circuit/symmetric_9-n10-gc73-qc61928.qasm,/home/audrey/code_and_papers/2026/FAST2027/final/hilbert_thin_provisioning/external/veriq-benchmark/combinational/rev_circuit/symmetric_9-n10-gc73-qc61928.qasm,1d312476c6c5322cf7dd4c89ed29f633918afd638ddcfe1d25bbca4b430c57a4,.qasm,22974,,,,reversible,False,,0,parse_failure
veriq,combinational/rev_circuit/symmetric_9-n10-gc74-qc31819.qasm,/home/audrey/code_and_papers/2026/FAST2027/final/hilbert_thin_provisioning/external/veriq-benchmark/combinational/rev_circuit/symmetric_9-n10-gc74-qc31819.qasm,297ca2ef697cd4c7a4744659bb6ef6c68328ec4ccfce05587dd18ced217b8797,.qasm,30581,,,,reversible,False,,0,parse_failure
veriq,combinational/supre_circuit/inst_10x10_10_0.qasm,/home/audrey/code_and_papers/2026/FAST2027/final/hilbert_thin_provisioning/external/veriq-benchmark/combinational/supre_circuit/inst_10x10_10_0.qasm,305a0da5ee0d7eb7c3d2b9db4a355f00fa5273c8cafed7b1a1efc42982ec39f7,.qasm,10259,100,746,11,unknown,True,,0,selected
veriq,combinational/supre_circuit/inst_12x12_10_0.qasm,/home/audrey/code_and_papers/2026/FAST2027/final/hilbert_thin_provisioning/external/veriq-benchmark/combinational/supre_circuit/inst_12x12_10_0.qasm,f41b588bfa1f5c2d2c40c5bb21139b60ea0343ec2457dc8d70bb523ff668b390,.qasm,15307,144,1081,11,unknown,True,,0,analysis_size_guard
veriq,combinational/supre_circuit/inst_7x7_10_0.qasm,/home/audrey/code_and_papers/2026/FAST2027/final/hilbert_thin_provisioning/external/veriq-benchmark/combinational/supre_circuit/inst_7x7_10_0.qasm,e5a4638d60970fa77be427057d1a25467fc86a0e32939adc969be185f2c4f819,.qasm,10262,49,839,40,unknown,True,,0,selected
veriq,combinational/supre_circuit/inst_8x8_10_0.qasm,/home/audrey/code_and_papers/2026/FAST2027/final/hilbert_thin_provisioning/external/veriq-benchmark/combinational/supre_circuit/inst_8x8_10_0.qasm,ae512ee3bfcece87569fb47a936a991191f64cea8c5142a5cd0f88a7ca25b168,.qasm,13712,64,1116,40,unknown,True,,0,selected
veriq,combinational/supre_circuit/inst_9x9_10_0.qasm,/home/audrey/code_and_papers/2026/FAST2027/final/hilbert_thin_provisioning/external/veriq-benchmark/combinational/supre_circuit/inst_9x9_10_0.qasm,91f3576bee228d39275a04942f8c5c66b3d276161a7159dcb9a268a7763156a0,.qasm,17438,81,1417,40,unknown,True,,0,selected
veriq,dynamic/dqc_bitflip_code.qasm,/home/audrey/code_and_papers/2026/FAST2027/final/hilbert_thin_provisioning/external/veriq-benchmark/dynamic/dqc_bitflip_code.qasm,1d21cbc61973408bd6d6b8dec3d1e56cff33ff72e70c2700257305f891815039,.qasm,258,6,12,9,unknown,True,,0,stratum_not_selected
veriq,dynamic/dqc_phaseflip_code.qasm,/home/audrey/code_and_papers/2026/FAST2027/final/hilbert_thin_provisioning/external/veriq-benchmark/dynamic/dqc_phaseflip_code.qasm,02b9057e321df559d2b7df90ce71260a41d1515af1478cc01f72d7a028e96d2d,.qasm,306,6,18,11,unknown,True,,0,selected
veriq,dynamic/dqc_state_injection_S.qasm,/home/audrey/code_and_papers/2026/FAST2027/final/hilbert_thin_provisioning/external/veriq-benchmark/dynamic/dqc_state_injection_S.qasm,effa565c6253c49252fbc63a5d0723c926796ad60f338bfaefaea2301737b912,.qasm,141,2,5,5,unknown,True,,0,selected
veriq,dynamic/dqc_state_injection_T.qasm,/home/audrey/code_and_papers/2026/FAST2027/final/hilbert_thin_provisioning/external/veriq-benchmark/dynamic/dqc_state_injection_T.qasm,b74333370f96a6a9857e19036f14baa0f4a5c005833d2127268c8b1624c8db5b,.qasm,148,2,5,5,unknown,True,,0,selected
veriq,dynamic/dqc_teleportation.qasm,/home/audrey/code_and_papers/2026/FAST2027/final/hilbert_thin_provisioning/external/veriq-benchmark/dynamic/dqc_teleportation.qasm,e1913a07f3d44710c16753db1f8eb16e19b2cd545c5fd4d79c09f75a2aee554a,.qasm,208,3,8,6,unknown,True,,0,selected
veriq,dynamic/pe/dqc_pe_10.qasm,/home/audrey/code_and_papers/2026/FAST2027/final/hilbert_thin_provisioning/external/veriq-benchmark/dynamic/pe/dqc_pe_10.qasm,2cdf787da6ab9c6fd4ebc8d1c526934ada46bfde2785aef944155edf3df8b0fd,.qasm,2080,11,85,40,phase_estimation,True,,0,stratum_not_selected
veriq,dynamic/pe/dqc_pe_100.qasm,/home/audrey/code_and_papers/2026/FAST2027/final/hilbert_thin_provisioning/external/veriq-benchmark/dynamic/pe/dqc_pe_100.qasm,e3e8811ec6039009680f659f4eac1e702568a6be6bbd0a84b75c3a80419deb79,.qasm,169164,101,5350,400,phase_estimation,True,,0,selected
veriq,dynamic/pe/dqc_pe_11.qasm,/home/audrey/code_and_papers/2026/FAST2027/final/hilbert_thin_provisioning/external/veriq-benchmark/dynamic/pe/dqc_pe_11.qasm,6bf223d7e8afb079142ad75c8f99324d0ae993a968d0fc31817cd3fdc94fd323,.qasm,2456,12,99,44,phase_estimation,True,,0,stratum_not_selected
veriq,dynamic/pe/dqc_pe_12.qasm,/home/audrey/code_and_papers/2026/FAST2027/final/hilbert_thin_provisioning/external/veriq-benchmark/dynamic/pe/dqc_pe_12.qasm,7ca4ef61e6406602069eba165310a4998c08e1abdc908231100255329a70ead9,.qasm,2864,13,114,48,phase_estimation,True,,0,stratum_not_selected
veriq,dynamic/pe/dqc_pe_13.qasm,/home/audrey/code_and_papers/2026/FAST2027/final/hilbert_thin_provisioning/external/veriq-benchmark/dynamic/pe/dqc_pe_13.qasm,6746cc05651bca7dd7cdbe90166132f0d41c0c6817c7516af2d2620ee8570154,.qasm,3304,14,130,52,phase_estimation,True,,0,stratum_not_selected
veriq,dynamic/pe/dqc_pe_14.qasm,/home/audrey/code_and_papers/2026/FAST2027/final/hilbert_thin_provisioning/external/veriq-benchmark/dynamic/pe/dqc_pe_14.qasm,46c47b94219948a7cbc3d86ca3c72aef8f93d5bba5b95b502032c8aaaedfc023,.qasm,3777,15,147,56,phase_estimation,True,,0,stratum_not_selected
veriq,dynamic/pe/dqc_pe_15.qasm,/home/audrey/code_and_papers/2026/FAST2027/final/hilbert_thin_provisioning/external/veriq-benchmark/dynamic/pe/dqc_pe_15.qasm,49bd27e3378ad397ddc342ac0ee2cb077529da3147b4f9cb6148637a07f4a2dd,.qasm,4283,16,165,60,phase_estimation,True,,0,stratum_not_selected
veriq,dynamic/pe/dqc_pe_16.qasm,/home/audrey/code_and_papers/2026/FAST2027/final/hilbert_thin_provisioning/external/veriq-benchmark/dynamic/pe/dqc_pe_16.qasm,3b3feb2a84d33429ba3fbdfc3e90dc9c086d8ae56cb900e9d0bc4619bd19dde1,.qasm,4822,17,184,64,phase_estimation,True,,0,stratum_not_selected
veriq,dynamic/pe/dqc_pe_17.qasm,/home/audrey/code_and_papers/2026/FAST2027/final/hilbert_thin_provisioning/external/veriq-benchmark/dynamic/pe/dqc_pe_17.qasm,72683d0e07649df2f30d5e92824633684daa71df6ed884cf5fb087757c22ff6c,.qasm,5395,18,204,68,phase_estimation,True,,0,stratum_not_selected
veriq,dynamic/pe/dqc_pe_18.qasm,/home/audrey/code_and_papers/2026/FAST2027/final/hilbert_thin_provisioning/external/veriq-benchmark/dynamic/pe/dqc_pe_18.qasm,03821b9ab83191bdeca0e677dff63584c1d4f882afbbb104d6f922341a098655,.qasm,6002,19,225,72,phase_estimation,True,,0,selected
veriq,dynamic/pe/dqc_pe_19.qasm,/home/audrey/code_and_papers/2026/FAST2027/final/hilbert_thin_provisioning/external/veriq-benchmark/dynamic/pe/dqc_pe_19.qasm,db0cc85651baf597e323d7403255a4cbf4ff9b63d0810b25fa630df9e23cad74,.qasm,6643,20,247,76,phase_estimation,True,,0,stratum_not_selected
veriq,dynamic/pe/dqc_pe_2.qasm,/home/audrey/code_and_papers/2026/FAST2027/final/hilbert_thin_provisioning/external/veriq-benchmark/dynamic/pe/dqc_pe_2.qasm,eb23fb106239a442d42eee07e4c23aacf0dd596a7b242122b27e46281b09a50c,.qasm,235,3,9,8,phase_estimation,True,,0,stratum_not_selected
veriq,dynamic/pe/dqc_pe_20.qasm,/home/audrey/code_and_papers/2026/FAST2027/final/hilbert_thin_provisioning/external/veriq-benchmark/dynamic/pe/dqc_pe_20.qasm,8b97b1eb39a5516961e44f436eb82e12f821b6c0e652e60d6127f77171f228a3,.qasm,7319,21,270,80,phase_estimation,True,,0,stratum_not_selected
veriq,dynamic/pe/dqc_pe_21.qasm,/home/audrey/code_and_papers/2026/FAST2027/final/hilbert_thin_provisioning/external/veriq-benchmark/dynamic/pe/dqc_pe_21.qasm,25329ded6a81e3986f580334c011e5ad3ba6e6f9fdd97da46bf47ea68d96942a,.qasm,8030,22,294,84,phase_estimation,True,,0,stratum_not_selected
veriq,dynamic/pe/dqc_pe_22.qasm,/home/audrey/code_and_papers/2026/FAST2027/final/hilbert_thin_provisioning/external/veriq-benchmark/dynamic/pe/dqc_pe_22.qasm,c8f740072be85d9ba1105098caba01445ed957739761dfc507e4f96dc85a73dc,.qasm,8776,23,319,88,phase_estimation,True,,0,stratum_not_selected
veriq,dynamic/pe/dqc_pe_23.qasm,/home/audrey/code_and_papers/2026/FAST2027/final/hilbert_thin_provisioning/external/veriq-benchmark/dynamic/pe/dqc_pe_23.qasm,c1bb1a1ebcd999c8af9ec4a5ff60477b475274b0a2f0ae0f846b361ea54f6308,.qasm,9557,24,345,92,phase_estimation,True,,0,stratum_not_selected
veriq,dynamic/pe/dqc_pe_24.qasm,/home/audrey/code_and_papers/2026/FAST2027/final/hilbert_thin_provisioning/external/veriq-benchmark/dynamic/pe/dqc_pe_24.qasm,560d9154105e997b7d85b6b381270dd0ad2c61328312d44f05dc952f26037461,.qasm,10374,25,372,96,phase_estimation,True,,0,stratum_not_selected
veriq,dynamic/pe/dqc_pe_25.qasm,/home/audrey/code_and_papers/2026/FAST2027/final/hilbert_thin_provisioning/external/veriq-benchmark/dynamic/pe/dqc_pe_25.qasm,e51375b1cc76a53547cb60701a9c57d2b8782d95766ed7720868d098cadb1fa7,.qasm,11227,26,400,100,phase_estimation,True,,0,selected
veriq,dynamic/pe/dqc_pe_26.qasm,/home/audrey/code_and_papers/2026/FAST2027/final/hilbert_thin_provisioning/external/veriq-benchmark/dynamic/pe/dqc_pe_26.qasm,d080eea7438ba873e6d4dd2a9c51fd863b0114d9a55f4ed27d6d20c5d38d389f,.qasm,12116,27,429,104,phase_estimation,True,,0,stratum_not_selected
veriq,dynamic/pe/dqc_pe_27.qasm,/home/audrey/code_and_papers/2026/FAST2027/final/hilbert_thin_provisioning/external/veriq-benchmark/dynamic/pe/dqc_pe_27.qasm,67992a2b53d1212d504e97b7e230dc277ef7bd604d4140dcc7ddbaa6fef885a7,.qasm,13042,28,459,108,phase_estimation,True,,0,stratum_not_selected
veriq,dynamic/pe/dqc_pe_28.qasm,/home/audrey/code_and_papers/2026/FAST2027/final/hilbert_thin_provisioning/external/veriq-benchmark/dynamic/pe/dqc_pe_28.qasm,f73e1c138051514c48ae669683ced8f9286e8e93eb308b7df76080f59959d106,.qasm,14005,29,490,112,phase_estimation,True,,0,stratum_not_selected
veriq,dynamic/pe/dqc_pe_29.qasm,/home/audrey/code_and_papers/2026/FAST2027/final/hilbert_thin_provisioning/external/veriq-benchmark/dynamic/pe/dqc_pe_29.qasm,315934aadc68b596be800caa912856e3d759981eebbe3a10030a25e229262657,.qasm,15005,30,522,116,phase_estimation,True,,0,stratum_not_selected
veriq,dynamic/pe/dqc_pe_3.qasm,/home/audrey/code_and_papers/2026/FAST2027/final/hilbert_thin_provisioning/external/veriq-benchmark/dynamic/pe/dqc_pe_3.qasm,03e3635028afb41f33bcf690bd318b011cec429bad7b2c8d7cbadc794fc6ef55,.qasm,368,4,15,12,phase_estimation,True,,0,stratum_not_selected
veriq,dynamic/pe/dqc_pe_30.qasm,/home/audrey/code_and_papers/2026/FAST2027/final/hilbert_thin_provisioning/external/veriq-benchmark/dynamic/pe/dqc_pe_30.qasm,8e34baa3d4901cab07939bd44fccd8c812f707719c6d6130f3afb314ac09c31e,.qasm,16043,31,555,120,phase_estimation,True,,0,stratum_not_selected
veriq,dynamic/pe/dqc_pe_31.qasm,/home/audrey/code_and_papers/2026/FAST2027/final/hilbert_thin_provisioning/external/veriq-benchmark/dynamic/pe/dqc_pe_31.qasm,5ee393e3b3dd3b5c4e53dd29a6f0295f28d02dbfaa84028a37170b6604175f0f,.qasm,17119,32,589,124,phase_estimation,True,,0,stratum_not_selected
veriq,dynamic/pe/dqc_pe_32.qasm,/home/audrey/code_and_papers/2026/FAST2027/final/hilbert_thin_provisioning/external/veriq-benchmark/dynamic/pe/dqc_pe_32.qasm,81dbb134d527375f537f15c0a5c5fe0fcabd030e6f1ab77d5e8b9383d555abf8,.qasm,18233,33,624,128,phase_estimation,True,,0,selected
veriq,dynamic/pe/dqc_pe_33.qasm,/home/audrey/code_and_papers/2026/FAST2027/final/hilbert_thin_provisioning/external/veriq-benchmark/dynamic/pe/dqc_pe_33.qasm,e1acd6dc7833561770935fe78f2162577784d24111bf1db16f32ad3d54579f3b,.qasm,19385,34,660,132,phase_estimation,True,,0,stratum_not_selected
veriq,dynamic/pe/dqc_pe_34.qasm,/home/audrey/code_and_papers/2026/FAST2027/final/hilbert_thin_provisioning/external/veriq-benchmark/dynamic/pe/dqc_pe_34.qasm,762d409fd7facdd5112e17ac6ae58fe5d9693de0c0eecd9abffbb4987a436368,.qasm,20576,35,697,136,phase_estimation,True,,0,stratum_not_selected
veriq,dynamic/pe/dqc_pe_35.qasm,/home/audrey/code_and_papers/2026/FAST2027/final/hilbert_thin_provisioning/external/veriq-benchmark/dynamic/pe/dqc_pe_35.qasm,857159720718f5249cbec01f301feacdd59e1cf588403ba653f5dcc46192defe,.qasm,21806,36,735,140,phase_estimation,True,,0,stratum_not_selected
veriq,dynamic/pe/dqc_pe_36.qasm,/home/audrey/code_and_papers/2026/FAST2027/final/hilbert_thin_provisioning/external/veriq-benchmark/dynamic/pe/dqc_pe_36.qasm,396006327433d014bd14b18ee01d1bc0c07e5f07213123ccb06e30c48e2f7da4,.qasm,23075,37,774,144,phase_estimation,True,,0,stratum_not_selected
veriq,dynamic/pe/dqc_pe_37.qasm,/home/audrey/code_and_papers/2026/FAST2027/final/hilbert_thin_provisioning/external/veriq-benchmark/dynamic/pe/dqc_pe_37.qasm,68e50952dee12c052b718011d456d18d0f16506f9ea9152d93ecfa4205d6db36,.qasm,24384,38,814,148,phase_estimation,True,,0,stratum_not_selected
veriq,dynamic/pe/dqc_pe_38.qasm,/home/audrey/code_and_papers/2026/FAST2027/final/hilbert_thin_provisioning/external/veriq-benchmark/dynamic/pe/dqc_pe_38.qasm,ee26bffb490e14b86a6075f5b3e0f952dfb34dca678cd11f9510510b564f3449,.qasm,25733,39,855,152,phase_estimation,True,,0,stratum_not_selected
veriq,dynamic/pe/dqc_pe_39.qasm,/home/audrey/code_and_papers/2026/FAST2027/final/hilbert_thin_provisioning/external/veriq-benchmark/dynamic/pe/dqc_pe_39.qasm,c519dd24e733ebb135c3c6bb6d155412d09a31b189d57216fa43707b00673097,.qasm,27122,40,897,156,phase_estimation,True,,0,selected
veriq,dynamic/pe/dqc_pe_4.qasm,/home/audrey/code_and_papers/2026/FAST2027/final/hilbert_thin_provisioning/external/veriq-benchmark/dynamic/pe/dqc_pe_4.qasm,962bd61b8c3b70cae7b67d7ed080973ccc855f6a0710b3fdbc2145f4d2928096,.qasm,527,5,22,16,phase_estimation,True,,0,stratum_not_selected
veriq,dynamic/pe/dqc_pe_40.qasm,/home/audrey/code_and_papers/2026/FAST2027/final/hilbert_thin_provisioning/external/veriq-benchmark/dynamic/pe/dqc_pe_40.qasm,af9acea8a2589cbac10851fb74c3f82cacfad4186e452bd533cec679d00b0438,.qasm,28552,41,940,160,phase_estimation,True,,0,selected
veriq,dynamic/pe/dqc_pe_41.qasm,/home/audrey/code_and_papers/2026/FAST2027/final/hilbert_thin_provisioning/external/veriq-benchmark/dynamic/pe/dqc_pe_41.qasm,6afd00939518800bf68c36473d357e188fe272536b2718c9897382bbe37e9484,.qasm,30023,42,984,164,phase_estimation,True,,0,stratum_not_selected
veriq,dynamic/pe/dqc_pe_42.qasm,/home/audrey/code_and_papers/2026/FAST2027/final/hilbert_thin_provisioning/external/veriq-benchmark/dynamic/pe/dqc_pe_42.qasm,325e56308e1c44352038f085802808f7adef09e28ea469e45396b45cd5bb2c66,.qasm,31535,43,1029,168,phase_estimation,True,,0,selected
veriq,dynamic/pe/dqc_pe_43.qasm,/home/audrey/code_and_papers/2026/FAST2027/final/hilbert_thin_provisioning/external/veriq-benchmark/dynamic/pe/dqc_pe_43.qasm,01b1a0e07057c8d65b4359efc0ba3e1ce6fce9d47e7e3d469d3c884e2124b869,.qasm,33088,44,1075,172,phase_estimation,True,,0,stratum_not_selected
veriq,dynamic/pe/dqc_pe_44.qasm,/home/audrey/code_and_papers/2026/FAST2027/final/hilbert_thin_provisioning/external/veriq-benchmark/dynamic/pe/dqc_pe_44.qasm,aa448ab14aed7ee42a230568da02b3621507becaebbc3fcecfc43ee935e800e5,.qasm,34683,45,1122,176,phase_estimation,True,,0,stratum_not_selected
veriq,dynamic/pe/dqc_pe_45.qasm,/home/audrey/code_and_papers/2026/FAST2027/final/hilbert_thin_provisioning/external/veriq-benchmark/dynamic/pe/dqc_pe_45.qasm,21854a45de57a639611e4a7031d12782e71f62d18932cbb1bf0606978df17298,.qasm,36320,46,1170,180,phase_estimation,True,,0,stratum_not_selected
veriq,dynamic/pe/dqc_pe_46.qasm,/home/audrey/code_and_papers/2026/FAST2027/final/hilbert_thin_provisioning/external/veriq-benchmark/dynamic/pe/dqc_pe_46.qasm,bcce922c36ad558dc8aea3b2b5148c9c2f007836eef1a327fc94b4013d18dcb4,.qasm,37999,47,1219,184,phase_estimation,True,,0,stratum_not_selected
veriq,dynamic/pe/dqc_pe_47.qasm,/home/audrey/code_and_papers/2026/FAST2027/final/hilbert_thin_provisioning/external/veriq-benchmark/dynamic/pe/dqc_pe_47.qasm,0e9414bad264d34e32239f2c65d318c0b2bcabddd195afa1ec7215b39dae894e,.qasm,39721,48,1269,188,phase_estimation,True,,0,stratum_not_selected
veriq,dynamic/pe/dqc_pe_48.qasm,/home/audrey/code_and_papers/2026/FAST2027/final/hilbert_thin_provisioning/external/veriq-benchmark/dynamic/pe/dqc_pe_48.qasm,d79fa4f4739cc889f61f844d921d46f2a79bbc59a5d5816e626260b3a30f98a3,.qasm,41486,49,1320,192,phase_estimation,True,,0,stratum_not_selected
veriq,dynamic/pe/dqc_pe_49.qasm,/home/audrey/code_and_papers/2026/FAST2027/final/hilbert_thin_provisioning/external/veriq-benchmark/dynamic/pe/dqc_pe_49.qasm,a5fdcc329e64888dcf592a24059b0878764654414bbbdb6667082b00545789b4,.qasm,43294,50,1372,196,phase_estimation,True,,0,selected
veriq,dynamic/pe/dqc_pe_5.qasm,/home/audrey/code_and_papers/2026/FAST2027/final/hilbert_thin_provisioning/external/veriq-benchmark/dynamic/pe/dqc_pe_5.qasm,b62f1f01f3b43dc38fb14339b7228d4bee190de01da79df9925ef5b3d4de6584,.qasm,714,6,30,20,phase_estimation,True,,0,stratum_not_selected
veriq,dynamic/pe/dqc_pe_50.qasm,/home/audrey/code_and_papers/2026/FAST2027/final/hilbert_thin_provisioning/external/veriq-benchmark/dynamic/pe/dqc_pe_50.qasm,08963585fcf5d6ed149fd907398eb6c467317503f5d8c2c798f556363ec35c95,.qasm,45128,51,1425,200,phase_estimation,True,,0,stratum_not_selected
veriq,dynamic/pe/dqc_pe_51.qasm,/home/audrey/code_and_papers/2026/FAST2027/final/hilbert_thin_provisioning/external/veriq-benchmark/dynamic/pe/dqc_pe_51.qasm,46fd1f4203f9ba10c460f463201c02bfa5e0487c50a7a290722b3dce63b9e1de,.qasm,46987,52,1479,204,phase_estimation,True,,0,stratum_not_selected
veriq,dynamic/pe/dqc_pe_52.qasm,/home/audrey/code_and_papers/2026/FAST2027/final/hilbert_thin_provisioning/external/veriq-benchmark/dynamic/pe/dqc_pe_52.qasm,d035f6db1432a21d1c514a0a446b9f77ab0b6cb93a669aecb458e556ef3a4943,.qasm,48871,53,1534,208,phase_estimation,True,,0,stratum_not_selected
veriq,dynamic/pe/dqc_pe_53.qasm,/home/audrey/code_and_papers/2026/FAST2027/final/hilbert_thin_provisioning/external/veriq-benchmark/dynamic/pe/dqc_pe_53.qasm,17df884efe1743cf1af46a4d1385c8bce532ca454a7853a8260697a8bdf850c2,.qasm,50780,54,1590,212,phase_estimation,True,,0,stratum_not_selected
veriq,dynamic/pe/dqc_pe_54.qasm,/home/audrey/code_and_papers/2026/FAST2027/final/hilbert_thin_provisioning/external/veriq-benchmark/dynamic/pe/dqc_pe_54.qasm,a7602043c98435d9e582426903f1cf8412596c29d1992fc120ebcc6ceae08dda,.qasm,52715,55,1647,216,phase_estimation,True,,0,stratum_not_selected
veriq,dynamic/pe/dqc_pe_55.qasm,/home/audrey/code_and_papers/2026/FAST2027/final/hilbert_thin_provisioning/external/veriq-benchmark/dynamic/pe/dqc_pe_55.qasm,9c3833d7c2c5fb08c51cd64fee7d7316c12c006803885aba5987bd6d82a0cc0a,.qasm,54675,56,1705,220,phase_estimation,True,,0,stratum_not_selected
veriq,dynamic/pe/dqc_pe_56.qasm,/home/audrey/code_and_papers/2026/FAST2027/final/hilbert_thin_provisioning/external/veriq-benchmark/dynamic/pe/dqc_pe_56.qasm,2e79d9ed55502d03b1f21878435ff039f5e0e58b71faaa81e9ab6c8cdd1bfae8,.qasm,56660,57,1764,224,phase_estimation,True,,0,selected
veriq,dynamic/pe/dqc_pe_57.qasm,/home/audrey/code_and_papers/2026/FAST2027/final/hilbert_thin_provisioning/external/veriq-benchmark/dynamic/pe/dqc_pe_57.qasm,7bdda9922deaed71a272d605a58a5fb75e60a476449fe0dbd00ae211d339e9b4,.qasm,58671,58,1824,228,phase_estimation,True,,0,stratum_not_selected
veriq,dynamic/pe/dqc_pe_58.qasm,/home/audrey/code_and_papers/2026/FAST2027/final/hilbert_thin_provisioning/external/veriq-benchmark/dynamic/pe/dqc_pe_58.qasm,c9150df7f0b3b6da84d34cdfc5b35587c5c56ee6378b6baa38ddfd59d1ac20cd,.qasm,60707,59,1885,232,phase_estimation,True,,0,stratum_not_selected
veriq,dynamic/pe/dqc_pe_59.qasm,/home/audrey/code_and_papers/2026/FAST2027/final/hilbert_thin_provisioning/external/veriq-benchmark/dynamic/pe/dqc_pe_59.qasm,591c28b7fda86a39311b76ba1dab96aa72fad2829a30a30313b540bd33c085bf,.qasm,62768,60,1947,236,phase_estimation,True,,0,stratum_not_selected
veriq,dynamic/pe/dqc_pe_6.qasm,/home/audrey/code_and_papers/2026/FAST2027/final/hilbert_thin_provisioning/external/veriq-benchmark/dynamic/pe/dqc_pe_6.qasm,8b4323672e06c78ce0394a1a173ef8f9139c59f48c9dd41fe27c9db2e01fa19d,.qasm,929,7,39,24,phase_estimation,True,,0,stratum_not_selected
veriq,dynamic/pe/dqc_pe_60.qasm,/home/audrey/code_and_papers/2026/FAST2027/final/hilbert_thin_provisioning/external/veriq-benchmark/dynamic/pe/dqc_pe_60.qasm,32bd4f3642644f1e33515fde2c858278575412066e6dc57f1e981ca4625ee074,.qasm,64855,61,2010,240,phase_estimation,True,,0,stratum_not_selected
veriq,dynamic/pe/dqc_pe_61.qasm,/home/audrey/code_and_papers/2026/FAST2027/final/hilbert_thin_provisioning/external/veriq-benchmark/dynamic/pe/dqc_pe_61.qasm,c997250682f70dc96677370d0534e4dd863a0e4e8b5a675156eaee95e6c6647a,.qasm,66967,62,2074,244,phase_estimation,True,,0,stratum_not_selected
veriq,dynamic/pe/dqc_pe_62.qasm,/home/audrey/code_and_papers/2026/FAST2027/final/hilbert_thin_provisioning/external/veriq-benchmark/dynamic/pe/dqc_pe_62.qasm,2ebd3271fcb57061acf9e5c0e79320bfb93609247d0f8c3b4287337908e82b8f,.qasm,69104,63,2139,248,phase_estimation,True,,0,stratum_not_selected
veriq,dynamic/pe/dqc_pe_63.qasm,/home/audrey/code_and_papers/2026/FAST2027/final/hilbert_thin_provisioning/external/veriq-benchmark/dynamic/pe/dqc_pe_63.qasm,6fb6cf96bf1ec47418db93127d477eb337acf1a1ff66b52cd202486616a4ca82,.qasm,71266,64,2205,252,phase_estimation,True,,0,selected
veriq,dynamic/pe/dqc_pe_64.qasm,/home/audrey/code_and_papers/2026/FAST2027/final/hilbert_thin_provisioning/external/veriq-benchmark/dynamic/pe/dqc_pe_64.qasm,a197b4896bafc04eb88cce3c120e3fb21a9d6072101289b9ed68abb72805515c,.qasm,73454,65,2272,256,phase_estimation,True,,0,stratum_not_selected
veriq,dynamic/pe/dqc_pe_65.qasm,/home/audrey/code_and_papers/2026/FAST2027/final/hilbert_thin_provisioning/external/veriq-benchmark/dynamic/pe/dqc_pe_65.qasm,0bdcbc3be2af963aa205b321e31f6bb5f6f2c55652276058cccc614cd6512174,.qasm,75667,66,2340,260,phase_estimation,True,,0,stratum_not_selected
veriq,dynamic/pe/dqc_pe_66.qasm,/home/audrey/code_and_papers/2026/FAST2027/final/hilbert_thin_provisioning/external/veriq-benchmark/dynamic/pe/dqc_pe_66.qasm,ad539071e4719edff54861a695854e17ef686bfc4d5d5a1b44c78ed121c32d36,.qasm,77905,67,2409,264,phase_estimation,True,,0,stratum_not_selected
veriq,dynamic/pe/dqc_pe_67.qasm,/home/audrey/code_and_papers/2026/FAST2027/final/hilbert_thin_provisioning/external/veriq-benchmark/dynamic/pe/dqc_pe_67.qasm,e424859a951c091d3466a2ec5e7b40da01dd659e4a774837497a4c2d5884687f,.qasm,80169,68,2479,268,phase_estimation,True,,0,stratum_not_selected
veriq,dynamic/pe/dqc_pe_68.qasm,/home/audrey/code_and_papers/2026/FAST2027/final/hilbert_thin_provisioning/external/veriq-benchmark/dynamic/pe/dqc_pe_68.qasm,ed51c6ecb9bd995294d191714e0c97ad6136d47fa0e7aafab8f3c057e7198d75,.qasm,82458,69,2550,272,phase_estimation,True,,0,stratum_not_selected
veriq,dynamic/pe/dqc_pe_69.qasm,/home/audrey/code_and_papers/2026/FAST2027/final/hilbert_thin_provisioning/external/veriq-benchmark/dynamic/pe/dqc_pe_69.qasm,b0531a1f1ed532b4a48f456b37c4a0184fd5e720d0986abbe04bc141cfd7561e,.qasm,84772,70,2622,276,phase_estimation,True,,0,stratum_not_selected
veriq,dynamic/pe/dqc_pe_7.qasm,/home/audrey/code_and_papers/2026/FAST2027/final/hilbert_thin_provisioning/external/veriq-benchmark/dynamic/pe/dqc_pe_7.qasm,9cf5e856627326c142039e137e2b4c6081d08733df535884e1b7c20541058ec1,.qasm,1171,8,49,28,phase_estimation,True,,0,selected
veriq,dynamic/pe/dqc_pe_70.qasm,/home/audrey/code_and_papers/2026/FAST2027/final/hilbert_thin_provisioning/external/veriq-benchmark/dynamic/pe/dqc_pe_70.qasm,b14efd4cf27f6d37d588d59c319b767e5fb7e76ad09ac3150ce88895e1ea04d3,.qasm,87112,71,2695,280,phase_estimation,True,,0,stratum_not_selected
veriq,dynamic/pe/dqc_pe_71.qasm,/home/audrey/code_and_papers/2026/FAST2027/final/hilbert_thin_provisioning/external/veriq-benchmark/dynamic/pe/dqc_pe_71.qasm,8b436f042e030e425326beeabf15a4126e8b9f4e8aa55741ae0c22b9c240af7f,.qasm,89477,72,2769,284,phase_estimation,True,,0,stratum_not_selected
veriq,dynamic/pe/dqc_pe_72.qasm,/home/audrey/code_and_papers/2026/FAST2027/final/hilbert_thin_provisioning/external/veriq-benchmark/dynamic/pe/dqc_pe_72.qasm,7930cc46c30348b0f5edf317fdaead8f76e8dafdb3b1e46a72e955de4462a3bb,.qasm,91867,73,2844,288,phase_estimation,True,,0,stratum_not_selected
veriq,dynamic/pe/dqc_pe_73.qasm,/home/audrey/code_and_papers/2026/FAST2027/final/hilbert_thin_provisioning/external/veriq-benchmark/dynamic/pe/dqc_pe_73.qasm,fdfbb1a5a1097ebb4fbb51ae09e4d11b8fb60ae5a111cfc58858ec426a154fa7,.qasm,94282,74,2920,292,phase_estimation,True,,0,stratum_not_selected
veriq,dynamic/pe/dqc_pe_74.qasm,/home/audrey/code_and_papers/2026/FAST2027/final/hilbert_thin_provisioning/external/veriq-benchmark/dynamic/pe/dqc_pe_74.qasm,a66a7efd29b70e6de8bd0500c7cb2496f10033c96d0418013b93e2d9175633ab,.qasm,96723,75,2997,296,phase_estimation,True,,0,stratum_not_selected
veriq,dynamic/pe/dqc_pe_75.qasm,/home/audrey/code_and_papers/2026/FAST2027/final/hilbert_thin_provisioning/external/veriq-benchmark/dynamic/pe/dqc_pe_75.qasm,5b3c9857c44c142aab17cd59d1e035a2e4be7b3846ee3af8993fa0b1074179cd,.qasm,99189,76,3075,300,phase_estimation,True,,0,stratum_not_selected
veriq,dynamic/pe/dqc_pe_76.qasm,/home/audrey/code_and_papers/2026/FAST2027/final/hilbert_thin_provisioning/external/veriq-benchmark/dynamic/pe/dqc_pe_76.qasm,c6ce3df6e708ca4dbcb8743c13366e195889fb71c59c9318247f3e00d5beeaae,.qasm,101680,77,3154,304,phase_estimation,True,,0,stratum_not_selected
veriq,dynamic/pe/dqc_pe_77.qasm,/home/audrey/code_and_papers/2026/FAST2027/final/hilbert_thin_provisioning/external/veriq-benchmark/dynamic/pe/dqc_pe_77.qasm,ab1dc597addd69113576c2e52d35ed8c30d48dfae0168b699b0a3641d7317833,.qasm,104197,78,3234,308,phase_estimation,True,,0,stratum_not_selected
veriq,dynamic/pe/dqc_pe_78.qasm,/home/audrey/code_and_papers/2026/FAST2027/final/hilbert_thin_provisioning/external/veriq-benchmark/dynamic/pe/dqc_pe_78.qasm,c600ef921289c415e415af5e867a6eb9eaf8e8132d8995a3d9e432b14705eb93,.qasm,106739,79,3315,312,phase_estimation,True,,0,stratum_not_selected
veriq,dynamic/pe/dqc_pe_79.qasm,/home/audrey/code_and_papers/2026/FAST2027/final/hilbert_thin_provisioning/external/veriq-benchmark/dynamic/pe/dqc_pe_79.qasm,30b67e342f19d02e7e966bbbdc1e955a8a3c80a3c1742ea0e876288cad9b87c6,.qasm,109306,80,3397,316,phase_estimation,True,,0,stratum_not_selected
veriq,dynamic/pe/dqc_pe_8.qasm,/home/audrey/code_and_papers/2026/FAST2027/final/hilbert_thin_provisioning/external/veriq-benchmark/dynamic/pe/dqc_pe_8.qasm,dda5601e940d1d6d8695cfece14c6a9b802cd8159a3c089e23a10cf64b4f861a,.qasm,1442,9,60,32,phase_estimation,True,,0,stratum_not_selected
veriq,dynamic/pe/dqc_pe_80.qasm,/home/audrey/code_and_papers/2026/FAST2027/final/hilbert_thin_provisioning/external/veriq-benchmark/dynamic/pe/dqc_pe_80.qasm,9905e83005771ac279f97a66950ec5b459061a6afdd2c004fc4c193d0ed291c8,.qasm,111899,81,3480,320,phase_estimation,True,,0,stratum_not_selected
veriq,dynamic/pe/dqc_pe_81.qasm,/home/audrey/code_and_papers/2026/FAST2027/final/hilbert_thin_provisioning/external/veriq-benchmark/dynamic/pe/dqc_pe_81.qasm,ff513bd3d1259dec213dbd67287c1cb631cf856d60d09bc7a2440499d505d4ab,.qasm,114517,82,3564,324,phase_estimation,True,,0,stratum_not_selected
veriq,dynamic/pe/dqc_pe_82.qasm,/home/audrey/code_and_papers/2026/FAST2027/final/hilbert_thin_provisioning/external/veriq-benchmark/dynamic/pe/dqc_pe_82.qasm,269f414a00b9663e0907f93fd65e6226e01adb145e05127ed9c4181b05685bcf,.qasm,117160,83,3649,328,phase_estimation,True,,0,stratum_not_selected
veriq,dynamic/pe/dqc_pe_83.qasm,/home/audrey/code_and_papers/2026/FAST2027/final/hilbert_thin_provisioning/external/veriq-benchmark/dynamic/pe/dqc_pe_83.qasm,94662554723c6088753f93f2a473d4735745c5c919c05d2fe030beb235dc62f7,.qasm,119828,84,3735,332,phase_estimation,True,,0,stratum_not_selected
veriq,dynamic/pe/dqc_pe_84.qasm,/home/audrey/code_and_papers/2026/FAST2027/final/hilbert_thin_provisioning/external/veriq-benchmark/dynamic/pe/dqc_pe_84.qasm,7615238725f1e7a5866387a3765c1cf7a94721fb0e7d563e01dd0719405afa75,.qasm,122522,85,3822,336,phase_estimation,True,,0,stratum_not_selected
veriq,dynamic/pe/dqc_pe_85.qasm,/home/audrey/code_and_papers/2026/FAST2027/final/hilbert_thin_provisioning/external/veriq-benchmark/dynamic/pe/dqc_pe_85.qasm,b91fc2d1d25c935dfaf3fb74eeb4652e08ca7fb1d6caff5ea9d4617cb9f12514,.qasm,125241,86,3910,340,phase_estimation,True,,0,stratum_not_selected
veriq,dynamic/pe/dqc_pe_86.qasm,/home/audrey/code_and_papers/2026/FAST2027/final/hilbert_thin_provisioning/external/veriq-benchmark/dynamic/pe/dqc_pe_86.qasm,69aeb63131f1b1d8ce2a329908c28078a5b863cb98366833a98d6ae22df6f3ef,.qasm,127985,87,3999,344,phase_estimation,True,,0,stratum_not_selected
veriq,dynamic/pe/dqc_pe_87.qasm,/home/audrey/code_and_papers/2026/FAST2027/final/hilbert_thin_provisioning/external/veriq-benchmark/dynamic/pe/dqc_pe_87.qasm,7e5c5497c355b855cfe40ce84409b3eab56a624aa6ee2d1cecff1f5533363299,.qasm,130755,88,4089,348,phase_estimation,True,,0,stratum_not_selected
veriq,dynamic/pe/dqc_pe_88.qasm,/home/audrey/code_and_papers/2026/FAST2027/final/hilbert_thin_provisioning/external/veriq-benchmark/dynamic/pe/dqc_pe_88.qasm,2edb2c83b7821d4ca2a4d1f8c90ca953d2f7d60905b81263dda5c6781d0859b5,.qasm,133550,89,4180,352,phase_estimation,True,,0,stratum_not_selected
veriq,dynamic/pe/dqc_pe_89.qasm,/home/audrey/code_and_papers/2026/FAST2027/final/hilbert_thin_provisioning/external/veriq-benchmark/dynamic/pe/dqc_pe_89.qasm,42032c0531098e06f78a5698a5298b6b7a2ad21f70fc49d664a9fccfa9cf1d69,.qasm,136370,90,4272,356,phase_estimation,True,,0,stratum_not_selected
veriq,dynamic/pe/dqc_pe_9.qasm,/home/audrey/code_and_papers/2026/FAST2027/final/hilbert_thin_provisioning/external/veriq-benchmark/dynamic/pe/dqc_pe_9.qasm,316511d839fbadd277997fafa43e68dc2166423805b6a91b274f6fad1d30f23c,.qasm,1743,10,72,36,phase_estimation,True,,0,stratum_not_selected
veriq,dynamic/pe/dqc_pe_90.qasm,/home/audrey/code_and_papers/2026/FAST2027/final/hilbert_thin_provisioning/external/veriq-benchmark/dynamic/pe/dqc_pe_90.qasm,1140bd46fda1be1422978c545155afbe794407f1ec55c8a919cbbeeaf6d01e67,.qasm,139216,91,4365,360,phase_estimation,True,,0,stratum_not_selected
veriq,dynamic/pe/dqc_pe_91.qasm,/home/audrey/code_and_papers/2026/FAST2027/final/hilbert_thin_provisioning/external/veriq-benchmark/dynamic/pe/dqc_pe_91.qasm,abfa1cc5a83ff93ad2f3504996bf95a7a7548b713b1302243db3be4cbbd63cb5,.qasm,142087,92,4459,364,phase_estimation,True,,0,stratum_not_selected
veriq,dynamic/pe/dqc_pe_92.qasm,/home/audrey/code_and_papers/2026/FAST2027/final/hilbert_thin_provisioning/external/veriq-benchmark/dynamic/pe/dqc_pe_92.qasm,5e43e26eb012b48eb52492471eed877c5ea4f28a683f13d80706c17765b272f0,.qasm,144983,93,4554,368,phase_estimation,True,,0,stratum_not_selected
veriq,dynamic/pe/dqc_pe_93.qasm,/home/audrey/code_and_papers/2026/FAST2027/final/hilbert_thin_provisioning/external/veriq-benchmark/dynamic/pe/dqc_pe_93.qasm,470e906e90eb71f2b602825ef361939c4d26ccf57b1afae50d8b60144d941e3d,.qasm,147904,94,4650,372,phase_estimation,True,,0,stratum_not_selected
veriq,dynamic/pe/dqc_pe_94.qasm,/home/audrey/code_and_papers/2026/FAST2027/final/hilbert_thin_provisioning/external/veriq-benchmark/dynamic/pe/dqc_pe_94.qasm,11f8723cf3724114ed4a5fdd2cfb115d3c5fd553d7a256bee119b26c43b90d8b,.qasm,150851,95,4747,376,phase_estimation,True,,0,stratum_not_selected
veriq,dynamic/pe/dqc_pe_95.qasm,/home/audrey/code_and_papers/2026/FAST2027/final/hilbert_thin_provisioning/external/veriq-benchmark/dynamic/pe/dqc_pe_95.qasm,6df909ba54f3e8dc6a3bc55a1a97dff55cd0e26a086884ea4ef2542c622e3ec4,.qasm,153823,96,4845,380,phase_estimation,True,,0,stratum_not_selected
veriq,dynamic/pe/dqc_pe_96.qasm,/home/audrey/code_and_papers/2026/FAST2027/final/hilbert_thin_provisioning/external/veriq-benchmark/dynamic/pe/dqc_pe_96.qasm,e1723eaa9c2b369f2ef424b17d8805a8838145ee1f42560f1d7cdb2e5c1a0cf8,.qasm,156820,97,4944,384,phase_estimation,True,,0,stratum_not_selected
veriq,dynamic/pe/dqc_pe_97.qasm,/home/audrey/code_and_papers/2026/FAST2027/final/hilbert_thin_provisioning/external/veriq-benchmark/dynamic/pe/dqc_pe_97.qasm,7f89281d94e00e35a30d237832f67bcb057f1e54815957f996ab4fd9b89ec0f0,.qasm,159843,98,5044,388,phase_estimation,True,,0,stratum_not_selected
veriq,dynamic/pe/dqc_pe_98.qasm,/home/audrey/code_and_papers/2026/FAST2027/final/hilbert_thin_provisioning/external/veriq-benchmark/dynamic/pe/dqc_pe_98.qasm,9ba808bcb372a1cfe50f8cfe5fbc759aa27ec5961c3c921c5b5c9996712a2642,.qasm,162891,99,5145,392,phase_estimation,True,,0,stratum_not_selected
veriq,dynamic/pe/dqc_pe_99.qasm,/home/audrey/code_and_papers/2026/FAST2027/final/hilbert_thin_provisioning/external/veriq-benchmark/dynamic/pe/dqc_pe_99.qasm,89d77ec1bb9aa494d9d70d9880f53e6f9dc5957da63718f4f547243b9ec83377,.qasm,165965,100,5247,396,phase_estimation,True,,0,stratum_not_selected
veriq,dynamic/qft/dqc_qft_10.qasm,/home/audrey/code_and_papers/2026/FAST2027/final/hilbert_thin_provisioning/external/veriq-benchmark/dynamic/qft/dqc_qft_10.qasm,630c470dbe49d48ac35e869fa3c888a7d6209c76da6444d7db79c14b81887e12,.qasm,1708,10,65,29,qft,True,,0,stratum_not_selected
veriq,dynamic/qft/dqc_qft_100.qasm,/home/audrey/code_and_papers/2026/FAST2027/final/hilbert_thin_provisioning/external/veriq-benchmark/dynamic/qft/dqc_qft_100.qasm,2c7e074552b08ee4fbdd222dfcc068b27ea52ca2de68a6dfa537ff6958c9c4d9,.qasm,160865,100,5150,299,qft,True,,0,selected
veriq,dynamic/qft/dqc_qft_11.qasm,/home/audrey/code_and_papers/2026/FAST2027/final/hilbert_thin_provisioning/external/veriq-benchmark/dynamic/qft/dqc_qft_11.qasm,5e97038a0aac4ef546f1cd11576eed5d04131b7a92b91dc3e96fa0c6a279821c,.qasm,2040,11,77,32,qft,True,,0,stratum_not_selected
veriq,dynamic/qft/dqc_qft_12.qasm,/home/audrey/code_and_papers/2026/FAST2027/final/hilbert_thin_provisioning/external/veriq-benchmark/dynamic/qft/dqc_qft_12.qasm,0b9bb96861748cc9fcf7a14db87184ae3b788b2fcafeb016aa48b7db5a243e2a,.qasm,2403,12,90,35,qft,True,,0,stratum_not_selected
veriq,dynamic/qft/dqc_qft_13.qasm,/home/audrey/code_and_papers/2026/FAST2027/final/hilbert_thin_provisioning/external/veriq-benchmark/dynamic/qft/dqc_qft_13.qasm,1cd9f205b70986a09883068ca9aacf5fdcecf7c059d0aee4c01eeab7223fce72,.qasm,2797,13,104,38,qft,True,,0,selected
veriq,dynamic/qft/dqc_qft_14.qasm,/home/audrey/code_and_papers/2026/FAST2027/final/hilbert_thin_provisioning/external/veriq-benchmark/dynamic/qft/dqc_qft_14.qasm,da9b1aeb068ff06b8e518e93101c1cee6baa4853e25f0d07ce1f88f0efff95e7,.qasm,3222,14,119,41,qft,True,,0,stratum_not_selected
veriq,dynamic/qft/dqc_qft_15.qasm,/home/audrey/code_and_papers/2026/FAST2027/final/hilbert_thin_provisioning/external/veriq-benchmark/dynamic/qft/dqc_qft_15.qasm,2b462cadfffbfec4ad10d2639056971f00f3a63b636476934fe803484e09a4f7,.qasm,3679,15,135,44,qft,True,,0,stratum_not_selected
veriq,dynamic/qft/dqc_qft_16.qasm,/home/audrey/code_and_papers/2026/FAST2027/final/hilbert_thin_provisioning/external/veriq-benchmark/dynamic/qft/dqc_qft_16.qasm,4553502f9b2ca9a25022bd1ec4ac814a83e3fda0e020faba375d9cd7d38d6dc0,.qasm,4168,16,152,47,qft,True,,0,stratum_not_selected
veriq,dynamic/qft/dqc_qft_17.qasm,/home/audrey/code_and_papers/2026/FAST2027/final/hilbert_thin_provisioning/external/veriq-benchmark/dynamic/qft/dqc_qft_17.qasm,3c2a9c065ccdba572b8de53773b1f3f4631460bd55b86a9ff6ab84e42ebc811a,.qasm,4689,17,170,50,qft,True,,0,stratum_not_selected
veriq,dynamic/qft/dqc_qft_18.qasm,/home/audrey/code_and_papers/2026/FAST2027/final/hilbert_thin_provisioning/external/veriq-benchmark/dynamic/qft/dqc_qft_18.qasm,b07bd56f2f7b417ca64826e863df1dcfe4bffb0ebd12d63e912ec187cbd8cfde,.qasm,5243,18,189,53,qft,True,,0,stratum_not_selected
veriq,dynamic/qft/dqc_qft_19.qasm,/home/audrey/code_and_papers/2026/FAST2027/final/hilbert_thin_provisioning/external/veriq-benchmark/dynamic/qft/dqc_qft_19.qasm,2062f8fc8aee0ca750443a7df51d5f33d91d1501919fbda180959d0ddd87a124,.qasm,5830,19,209,56,qft,True,,0,selected
veriq,dynamic/qft/dqc_qft_2.qasm,/home/audrey/code_and_papers/2026/FAST2027/final/hilbert_thin_provisioning/external/veriq-benchmark/dynamic/qft/dqc_qft_2.qasm,c8e9043f88dadde5313a6ae67dc92f4c0ea1e6c766e9233cd774149ced8c8e00,.qasm,168,2,5,5,qft,True,,0,stratum_not_selected
veriq,dynamic/qft/dqc_qft_20.qasm,/home/audrey/code_and_papers/2026/FAST2027/final/hilbert_thin_provisioning/external/veriq-benchmark/dynamic/qft/dqc_qft_20.qasm,9bc8f930854eeb36bff4521834100d68aa6e45afe1f37e205bc063d624d7170b,.qasm,6450,20,230,59,qft,True,,0,stratum_not_selected
veriq,dynamic/qft/dqc_qft_21.qasm,/home/audrey/code_and_papers/2026/FAST2027/final/hilbert_thin_provisioning/external/veriq-benchmark/dynamic/qft/dqc_qft_21.qasm,44e4e1c811938c5cc1c60fb8db47022882469fb6393b3c8a924be7a9b06d0be9,.qasm,7104,21,252,62,qft,True,,0,stratum_not_selected
veriq,dynamic/qft/dqc_qft_22.qasm,/home/audrey/code_and_papers/2026/FAST2027/final/hilbert_thin_provisioning/external/veriq-benchmark/dynamic/qft/dqc_qft_22.qasm,d083a8402147d62ea293ac6082bfd73b8d63431b091402c4ca90984a51283c86,.qasm,7792,22,275,65,qft,True,,0,stratum_not_selected
veriq,dynamic/qft/dqc_qft_23.qasm,/home/audrey/code_and_papers/2026/FAST2027/final/hilbert_thin_provisioning/external/veriq-benchmark/dynamic/qft/dqc_qft_23.qasm,b195ff51bdf577e05d54cd788d2a370da4db1fa3c525da282b18917c445ee6db,.qasm,8514,23,299,68,qft,True,,0,stratum_not_selected
veriq,dynamic/qft/dqc_qft_24.qasm,/home/audrey/code_and_papers/2026/FAST2027/final/hilbert_thin_provisioning/external/veriq-benchmark/dynamic/qft/dqc_qft_24.qasm,ee5aa2a123b5b552581632b4dc2ecfe555441a3f24def356c6554cd33def0576,.qasm,9270,24,324,71,qft,True,,0,stratum_not_selected
veriq,dynamic/qft/dqc_qft_25.qasm,/home/audrey/code_and_papers/2026/FAST2027/final/hilbert_thin_provisioning/external/veriq-benchmark/dynamic/qft/dqc_qft_25.qasm,a82a79d9b429ec7ff00b2b9ed8e0a3f1bd85f66d70bd8b689951d50e8601f221,.qasm,10061,25,350,74,qft,True,,0,stratum_not_selected
veriq,dynamic/qft/dqc_qft_26.qasm,/home/audrey/code_and_papers/2026/FAST2027/final/hilbert_thin_provisioning/external/veriq-benchmark/dynamic/qft/dqc_qft_26.qasm,f94c336ff4764835623717cfd1f49068da743cfa1b66618dd6756776118bebf3,.qasm,10887,26,377,77,qft,True,,0,selected
veriq,dynamic/qft/dqc_qft_27.qasm,/home/audrey/code_and_papers/2026/FAST2027/final/hilbert_thin_provisioning/external/veriq-benchmark/dynamic/qft/dqc_qft_27.qasm,73b717fb01ded031ec2df64c615747dd26b2f64b39f5e335e707361a4ec909c5,.qasm,11748,27,405,80,qft,True,,0,stratum_not_selected
veriq,dynamic/qft/dqc_qft_28.qasm,/home/audrey/code_and_papers/2026/FAST2027/final/hilbert_thin_provisioning/external/veriq-benchmark/dynamic/qft/dqc_qft_28.qasm,8b0ed33794e2aed172e86d9ce5c4eccb5950c94e02011b0951e2ba649a9df40b,.qasm,12645,28,434,83,qft,True,,0,stratum_not_selected
veriq,dynamic/qft/dqc_qft_29.qasm,/home/audrey/code_and_papers/2026/FAST2027/final/hilbert_thin_provisioning/external/veriq-benchmark/dynamic/qft/dqc_qft_29.qasm,fddc47359c2246f9415feb278e108146a548ebb2d0ff496ab5bb88003e6f91b6,.qasm,13578,29,464,86,qft,True,,0,stratum_not_selected
veriq,dynamic/qft/dqc_qft_3.qasm,/home/audrey/code_and_papers/2026/FAST2027/final/hilbert_thin_provisioning/external/veriq-benchmark/dynamic/qft/dqc_qft_3.qasm,267ff168314e470147d6d1dd8fd07b465967b65f6f3da69938b572d50d299407,.qasm,266,3,9,8,qft,True,,0,stratum_not_selected
veriq,dynamic/qft/dqc_qft_30.qasm,/home/audrey/code_and_papers/2026/FAST2027/final/hilbert_thin_provisioning/external/veriq-benchmark/dynamic/qft/dqc_qft_30.qasm,50e64a2a555af44af69b687d80812d60fd8ef6c2526ee6fd5e5fa4bb7b0bac8e,.qasm,14547,30,495,89,qft,True,,0,stratum_not_selected
veriq,dynamic/qft/dqc_qft_31.qasm,/home/audrey/code_and_papers/2026/FAST2027/final/hilbert_thin_provisioning/external/veriq-benchmark/dynamic/qft/dqc_qft_31.qasm,b8783f18afde73c3fcea91629b8a2f417ed044565709ef611b1de6ba176f1138,.qasm,15553,31,527,92,qft,True,,0,stratum_not_selected
veriq,dynamic/qft/dqc_qft_32.qasm,/home/audrey/code_and_papers/2026/FAST2027/final/hilbert_thin_provisioning/external/veriq-benchmark/dynamic/qft/dqc_qft_32.qasm,9e093729aa954da4c78f6f988b46e19b0a263e6080f5f3286d364815ffdfca4a,.qasm,16596,32,560,95,qft,True,,0,stratum_not_selected
veriq,dynamic/qft/dqc_qft_33.qasm,/home/audrey/code_and_papers/2026/FAST2027/final/hilbert_thin_provisioning/external/veriq-benchmark/dynamic/qft/dqc_qft_33.qasm,a2307425391932ad7b7523ea546d219c330439e64089303304bd0737ae3ddf9b,.qasm,17676,33,594,98,qft,True,,0,selected
veriq,dynamic/qft/dqc_qft_34.qasm,/home/audrey/code_and_papers/2026/FAST2027/final/hilbert_thin_provisioning/external/veriq-benchmark/dynamic/qft/dqc_qft_34.qasm,a9345acee10fad71f8c0316f854d340b7873c048a4a77b0d1b3b37c749eb23fd,.qasm,18793,34,629,101,qft,True,,0,stratum_not_selected
veriq,dynamic/qft/dqc_qft_35.qasm,/home/audrey/code_and_papers/2026/FAST2027/final/hilbert_thin_provisioning/external/veriq-benchmark/dynamic/qft/dqc_qft_35.qasm,94949863f6d802c22c87db659c90d6ffb446e7936bcf352d6d3a9183fd333c95,.qasm,19948,35,665,104,qft,True,,0,stratum_not_selected
veriq,dynamic/qft/dqc_qft_36.qasm,/home/audrey/code_and_papers/2026/FAST2027/final/hilbert_thin_provisioning/external/veriq-benchmark/dynamic/qft/dqc_qft_36.qasm,db593aba2676f4d754990709ec7cacb07bc24252fa56dafdf71ca736412ac260,.qasm,21141,36,702,107,qft,True,,0,stratum_not_selected
veriq,dynamic/qft/dqc_qft_37.qasm,/home/audrey/code_and_papers/2026/FAST2027/final/hilbert_thin_provisioning/external/veriq-benchmark/dynamic/qft/dqc_qft_37.qasm,c102a94ce3f04d519a3176c4d04cc251112f7615e5391dce31fa7b49fcc651dc,.qasm,22372,37,740,110,qft,True,,0,stratum_not_selected
veriq,dynamic/qft/dqc_qft_38.qasm,/home/audrey/code_and_papers/2026/FAST2027/final/hilbert_thin_provisioning/external/veriq-benchmark/dynamic/qft/dqc_qft_38.qasm,63662f9ff6d711a426c6440f36891541c0ba4f570c5169d8e31f684982835bff,.qasm,23642,38,779,113,qft,True,,0,stratum_not_selected
veriq,dynamic/qft/dqc_qft_39.qasm,/home/audrey/code_and_papers/2026/FAST2027/final/hilbert_thin_provisioning/external/veriq-benchmark/dynamic/qft/dqc_qft_39.qasm,200b56d7c97f47962214edfeded1af4e476b7ac92ad8fdcfafc12636edb2472d,.qasm,24951,39,819,116,qft,True,,0,stratum_not_selected
veriq,dynamic/qft/dqc_qft_4.qasm,/home/audrey/code_and_papers/2026/FAST2027/final/hilbert_thin_provisioning/external/veriq-benchmark/dynamic/qft/dqc_qft_4.qasm,80d07ff871b8982d0c38dbc9e327b2f0fa52088d2bcccbd2a7e024038c6411fe,.qasm,390,4,14,11,qft,True,,0,stratum_not_selected
veriq,dynamic/qft/dqc_qft_40.qasm,/home/audrey/code_and_papers/2026/FAST2027/final/hilbert_thin_provisioning/external/veriq-benchmark/dynamic/qft/dqc_qft_40.qasm,8b14ccd141f818a5c5456e4b360d48342c423f41ddb54264ed4ad2fef33e3e00,.qasm,26299,40,860,119,qft,True,,0,selected
veriq,dynamic/qft/dqc_qft_41.qasm,/home/audrey/code_and_papers/2026/FAST2027/final/hilbert_thin_provisioning/external/veriq-benchmark/dynamic/qft/dqc_qft_41.qasm,481b1c05bffc88e86292e5491514ce37320e3e5c6a7697e9a01484e686a90af3,.qasm,27687,41,902,122,qft,True,,0,stratum_not_selected
veriq,dynamic/qft/dqc_qft_42.qasm,/home/audrey/code_and_papers/2026/FAST2027/final/hilbert_thin_provisioning/external/veriq-benchmark/dynamic/qft/dqc_qft_42.qasm,702c5dd1533dd017e65f0aea74f5a1163f88fdbb9f050009bd3411d4107c5b71,.qasm,29115,42,945,125,qft,True,,0,stratum_not_selected
veriq,dynamic/qft/dqc_qft_43.qasm,/home/audrey/code_and_papers/2026/FAST2027/final/hilbert_thin_provisioning/external/veriq-benchmark/dynamic/qft/dqc_qft_43.qasm,3b307c0daad5bd26561e42acf144236b6b0e8655b78162bac636c481256ecbc4,.qasm,30583,43,989,128,qft,True,,0,stratum_not_selected
veriq,dynamic/qft/dqc_qft_44.qasm,/home/audrey/code_and_papers/2026/FAST2027/final/hilbert_thin_provisioning/external/veriq-benchmark/dynamic/qft/dqc_qft_44.qasm,b922346dd95083e2ab6bdd7aeca39fedaf5e188c2b73ea34fc8ef24f21372e4b,.qasm,32091,44,1034,131,qft,True,,0,selected
veriq,dynamic/qft/dqc_qft_45.qasm,/home/audrey/code_and_papers/2026/FAST2027/final/hilbert_thin_provisioning/external/veriq-benchmark/dynamic/qft/dqc_qft_45.qasm,bdbcac30dfdcb2b339f81fe4ec7daa5e58a06f401497f8ddaab81fbc4c6bfbfa,.qasm,33640,45,1080,134,qft,True,,0,stratum_not_selected
veriq,dynamic/qft/dqc_qft_46.qasm,/home/audrey/code_and_papers/2026/FAST2027/final/hilbert_thin_provisioning/external/veriq-benchmark/dynamic/qft/dqc_qft_46.qasm,4672332e5a618b6df0325b8eeb5dc8c90cf48e6074495609e334870005dfb398,.qasm,35230,46,1127,137,qft,True,,0,stratum_not_selected
veriq,dynamic/qft/dqc_qft_47.qasm,/home/audrey/code_and_papers/2026/FAST2027/final/hilbert_thin_provisioning/external/veriq-benchmark/dynamic/qft/dqc_qft_47.qasm,042dff8ac09911945d43dd77032f1b6839e8a7c55670cd05c9ad970ee53f5cf4,.qasm,36861,47,1175,140,qft,True,,0,stratum_not_selected
veriq,dynamic/qft/dqc_qft_48.qasm,/home/audrey/code_and_papers/2026/FAST2027/final/hilbert_thin_provisioning/external/veriq-benchmark/dynamic/qft/dqc_qft_48.qasm,dc9b42d958edf1237ee71bc5b3897da4034ea6f6f426e3fe4072bd0f4827656d,.qasm,38534,48,1224,143,qft,True,,0,stratum_not_selected
veriq,dynamic/qft/dqc_qft_49.qasm,/home/audrey/code_and_papers/2026/FAST2027/final/hilbert_thin_provisioning/external/veriq-benchmark/dynamic/qft/dqc_qft_49.qasm,606ea40fa74f21c8e659517cae12dba6bff762581bd7a21c1645416ab7c610da,.qasm,40249,49,1274,146,qft,True,,0,stratum_not_selected
veriq,dynamic/qft/dqc_qft_5.qasm,/home/audrey/code_and_papers/2026/FAST2027/final/hilbert_thin_provisioning/external/veriq-benchmark/dynamic/qft/dqc_qft_5.qasm,968f01fdb35de16b7aba7e6171ed0772b24be5afc24d45a2f66a4985a4fb32d9,.qasm,541,5,20,14,qft,True,,0,stratum_not_selected
veriq,dynamic/qft/dqc_qft_50.qasm,/home/audrey/code_and_papers/2026/FAST2027/final/hilbert_thin_provisioning/external/veriq-benchmark/dynamic/qft/dqc_qft_50.qasm,e29418a547e73010ebb4aa71871afff1aa27537afbd80cd15f86c2b97d8c83b6,.qasm,41989,50,1325,149,qft,True,,0,stratum_not_selected
veriq,dynamic/qft/dqc_qft_51.qasm,/home/audrey/code_and_papers/2026/FAST2027/final/hilbert_thin_provisioning/external/veriq-benchmark/dynamic/qft/dqc_qft_51.qasm,b69f170d7980bddfdff1c266176f5b0ece412f97115ecefb685f2ab37baab598,.qasm,43754,51,1377,152,qft,True,,0,stratum_not_selected
veriq,dynamic/qft/dqc_qft_52.qasm,/home/audrey/code_and_papers/2026/FAST2027/final/hilbert_thin_provisioning/external/veriq-benchmark/dynamic/qft/dqc_qft_52.qasm,3754fb0900da566d6a2778cf38fbc0073c0cb8a90d939bb4f67a14045ca4068d,.qasm,45544,52,1430,155,qft,True,,0,stratum_not_selected
veriq,dynamic/qft/dqc_qft_53.qasm,/home/audrey/code_and_papers/2026/FAST2027/final/hilbert_thin_provisioning/external/veriq-benchmark/dynamic/qft/dqc_qft_53.qasm,a0a44640dd3dff45827743f0d8a26d876a68c0def6b8d59963e416a5f8b35721,.qasm,47359,53,1484,158,qft,True,,0,stratum_not_selected
veriq,dynamic/qft/dqc_qft_54.qasm,/home/audrey/code_and_papers/2026/FAST2027/final/hilbert_thin_provisioning/external/veriq-benchmark/dynamic/qft/dqc_qft_54.qasm,c351d6300ed44b2ce2fad49564077191495f6bde5b4603a3be51b7c40ed228a1,.qasm,49199,54,1539,161,qft,True,,0,stratum_not_selected
veriq,dynamic/qft/dqc_qft_55.qasm,/home/audrey/code_and_papers/2026/FAST2027/final/hilbert_thin_provisioning/external/veriq-benchmark/dynamic/qft/dqc_qft_55.qasm,e4f910a69e075e638cb12ce63637c0e52e8a387f34af0d8f5fcc4951a1b67a45,.qasm,51064,55,1595,164,qft,True,,0,stratum_not_selected
veriq,dynamic/qft/dqc_qft_56.qasm,/home/audrey/code_and_papers/2026/FAST2027/final/hilbert_thin_provisioning/external/veriq-benchmark/dynamic/qft/dqc_qft_56.qasm,6630936ae280d4957f1bd08be4921cb48533cf9721d370dd5c3923a6ed9e6a38,.qasm,52954,56,1652,167,qft,True,,0,stratum_not_selected
veriq,dynamic/qft/dqc_qft_57.qasm,/home/audrey/code_and_papers/2026/FAST2027/final/hilbert_thin_provisioning/external/veriq-benchmark/dynamic/qft/dqc_qft_57.qasm,e530202ec776de6f13d14b5b5dd5ac21c035656ba5a25dfb1dccde007f6b6da9,.qasm,54869,57,1710,170,qft,True,,0,selected
veriq,dynamic/qft/dqc_qft_58.qasm,/home/audrey/code_and_papers/2026/FAST2027/final/hilbert_thin_provisioning/external/veriq-benchmark/dynamic/qft/dqc_qft_58.qasm,96c10d9b6cf38c5ee8c0d4ff35fcfc5d4b4d6b0e74b0a32a1414b742540a095a,.qasm,56809,58,1769,173,qft,True,,0,stratum_not_selected
veriq,dynamic/qft/dqc_qft_59.qasm,/home/audrey/code_and_papers/2026/FAST2027/final/hilbert_thin_provisioning/external/veriq-benchmark/dynamic/qft/dqc_qft_59.qasm,d77a360593834ff2fd0f33055f40716eaf00ad7baae47ed9d91249ab8bbc61cb,.qasm,58774,59,1829,176,qft,True,,0,stratum_not_selected
veriq,dynamic/qft/dqc_qft_6.qasm,/home/audrey/code_and_papers/2026/FAST2027/final/hilbert_thin_provisioning/external/veriq-benchmark/dynamic/qft/dqc_qft_6.qasm,ef363c7e96587aa09049365af3d8e1b29ff4550a778389841013c463b0cc94fe,.qasm,719,6,27,17,qft,True,,0,stratum_not_selected
veriq,dynamic/qft/dqc_qft_60.qasm,/home/audrey/code_and_papers/2026/FAST2027/final/hilbert_thin_provisioning/external/veriq-benchmark/dynamic/qft/dqc_qft_60.qasm,d1f4b0108cd6f0fef31a44e697f78f318418f2bf13a3f1c02c78c55e8c4125d2,.qasm,60764,60,1890,179,qft,True,,0,stratum_not_selected
veriq,dynamic/qft/dqc_qft_61.qasm,/home/audrey/code_and_papers/2026/FAST2027/final/hilbert_thin_provisioning/external/veriq-benchmark/dynamic/qft/dqc_qft_61.qasm,863260855ccc611300ce4b8ddafb3454c38fa2c9eb0d506d170bd31aa870768e,.qasm,62779,61,1952,182,qft,True,,0,stratum_not_selected
veriq,dynamic/qft/dqc_qft_62.qasm,/home/audrey/code_and_papers/2026/FAST2027/final/hilbert_thin_provisioning/external/veriq-benchmark/dynamic/qft/dqc_qft_62.qasm,8ed0174dc8a7a16d6da1de0ef7c2fbc4dbe6bdc8a0c61301e914a7b0088990f4,.qasm,64819,62,2015,185,qft,True,,0,stratum_not_selected
veriq,dynamic/qft/dqc_qft_63.qasm,/home/audrey/code_and_papers/2026/FAST2027/final/hilbert_thin_provisioning/external/veriq-benchmark/dynamic/qft/dqc_qft_63.qasm,6f8e8718cf1e5102c035690ec875a539e1a98b766acc889c7e39e4d4336098f8,.qasm,66884,63,2079,188,qft,True,,0,stratum_not_selected
veriq,dynamic/qft/dqc_qft_64.qasm,/home/audrey/code_and_papers/2026/FAST2027/final/hilbert_thin_provisioning/external/veriq-benchmark/dynamic/qft/dqc_qft_64.qasm,bd41b3f2c105fbf8aebffd6fcf8af0f3696a9dc337e9fc4c93049330bad127b5,.qasm,68974,64,2144,191,qft,True,,0,selected
veriq,dynamic/qft/dqc_qft_65.qasm,/home/audrey/code_and_papers/2026/FAST2027/final/hilbert_thin_provisioning/external/veriq-benchmark/dynamic/qft/dqc_qft_65.qasm,bf7674272d53d4e920b647091d455ec6628d5c79fb534c48906901226fcb7223,.qasm,71089,65,2210,194,qft,True,,0,stratum_not_selected
veriq,dynamic/qft/dqc_qft_66.qasm,/home/audrey/code_and_papers/2026/FAST2027/final/hilbert_thin_provisioning/external/veriq-benchmark/dynamic/qft/dqc_qft_66.qasm,17c935f3467dc4427dd4213214650a3c9d53fdfc787a988de7ff8447b6e22d94,.qasm,73229,66,2277,197,qft,True,,0,stratum_not_selected
veriq,dynamic/qft/dqc_qft_67.qasm,/home/audrey/code_and_papers/2026/FAST2027/final/hilbert_thin_provisioning/external/veriq-benchmark/dynamic/qft/dqc_qft_67.qasm,47ef78dedee66cb3fc741c58368988d52131393f89531f33f1db37aa3c394445,.qasm,75394,67,2345,200,qft,True,,0,stratum_not_selected
veriq,dynamic/qft/dqc_qft_68.qasm,/home/audrey/code_and_papers/2026/FAST2027/final/hilbert_thin_provisioning/external/veriq-benchmark/dynamic/qft/dqc_qft_68.qasm,1f18db1e8693d217c635b16a29b64342f23571248fb17c825daf1a3329ba28f3,.qasm,77584,68,2414,203,qft,True,,0,stratum_not_selected
veriq,dynamic/qft/dqc_qft_69.qasm,/home/audrey/code_and_papers/2026/FAST2027/final/hilbert_thin_provisioning/external/veriq-benchmark/dynamic/qft/dqc_qft_69.qasm,d5b5846e1e19b188b75328e4993a6a93e1da5aaadf04a360d7771adbc117b774,.qasm,79799,69,2484,206,qft,True,,0,stratum_not_selected
veriq,dynamic/qft/dqc_qft_7.qasm,/home/audrey/code_and_papers/2026/FAST2027/final/hilbert_thin_provisioning/external/veriq-benchmark/dynamic/qft/dqc_qft_7.qasm,4000d91c9c653c13a27f3294c8ed768c8e4890a6695ab572d7bed644dc354ca2,.qasm,924,7,35,20,qft,True,,0,selected
veriq,dynamic/qft/dqc_qft_70.qasm,/home/audrey/code_and_papers/2026/FAST2027/final/hilbert_thin_provisioning/external/veriq-benchmark/dynamic/qft/dqc_qft_70.qasm,d849038de7552aa32cb23df898377f63f6b52bec5a490ec87619c98b0aed1b57,.qasm,82039,70,2555,209,qft,True,,0,stratum_not_selected
veriq,dynamic/qft/dqc_qft_71.qasm,/home/audrey/code_and_papers/2026/FAST2027/final/hilbert_thin_provisioning/external/veriq-benchmark/dynamic/qft/dqc_qft_71.qasm,3bc1f80d469bddfabda4872ac7bc19e988cb66fff98943abae8e02f1a14b3af3,.qasm,84304,71,2627,212,qft,True,,0,stratum_not_selected
veriq,dynamic/qft/dqc_qft_72.qasm,/home/audrey/code_and_papers/2026/FAST2027/final/hilbert_thin_provisioning/external/veriq-benchmark/dynamic/qft/dqc_qft_72.qasm,39d42a506b04fadc5d00501941439ba3599da5b9781d6815da7edf6f22455e58,.qasm,86594,72,2700,215,qft,True,,0,stratum_not_selected
veriq,dynamic/qft/dqc_qft_73.qasm,/home/audrey/code_and_papers/2026/FAST2027/final/hilbert_thin_provisioning/external/veriq-benchmark/dynamic/qft/dqc_qft_73.qasm,fb654d1b0495e54ba65c30958122f10df0663eccba01556469144ab70f7d67f0,.qasm,88909,73,2774,218,qft,True,,0,stratum_not_selected
veriq,dynamic/qft/dqc_qft_74.qasm,/home/audrey/code_and_papers/2026/FAST2027/final/hilbert_thin_provisioning/external/veriq-benchmark/dynamic/qft/dqc_qft_74.qasm,8eaa67e4cabb0013573d3283cb32a3cc9a78c22365917b6843238d0866c1cda1,.qasm,91249,74,2849,221,qft,True,,0,stratum_not_selected
veriq,dynamic/qft/dqc_qft_75.qasm,/home/audrey/code_and_papers/2026/FAST2027/final/hilbert_thin_provisioning/external/veriq-benchmark/dynamic/qft/dqc_qft_75.qasm,e66b81a3f6309d6d41af8b88440c510cf07a38a082dcf539fd8224847d5b0e79,.qasm,93614,75,2925,224,qft,True,,0,stratum_not_selected
veriq,dynamic/qft/dqc_qft_76.qasm,/home/audrey/code_and_papers/2026/FAST2027/final/hilbert_thin_provisioning/external/veriq-benchmark/dynamic/qft/dqc_qft_76.qasm,d1a0b9c7246242e31e026c2c06bb13eea10e5c8a82527b399de833ac4fca2a94,.qasm,96004,76,3002,227,qft,True,,0,selected
veriq,dynamic/qft/dqc_qft_77.qasm,/home/audrey/code_and_papers/2026/FAST2027/final/hilbert_thin_provisioning/external/veriq-benchmark/dynamic/qft/dqc_qft_77.qasm,1b3a3dfbdf687647da51a12e23f86617fb20a09078f1941383ff415feab3de51,.qasm,98419,77,3080,230,qft,True,,0,stratum_not_selected
veriq,dynamic/qft/dqc_qft_78.qasm,/home/audrey/code_and_papers/2026/FAST2027/final/hilbert_thin_provisioning/external/veriq-benchmark/dynamic/qft/dqc_qft_78.qasm,0a0d481262f772a7662cd61937ce6d27ce00311aca90ce301e46d84afd06ae31,.qasm,100859,78,3159,233,qft,True,,0,stratum_not_selected
veriq,dynamic/qft/dqc_qft_79.qasm,/home/audrey/code_and_papers/2026/FAST2027/final/hilbert_thin_provisioning/external/veriq-benchmark/dynamic/qft/dqc_qft_79.qasm,6230da938cea671d335c2c3ea7434da92fcb53992cbbec3a8d1cfd1d2fde94fb,.qasm,103324,79,3239,236,qft,True,,0,stratum_not_selected
veriq,dynamic/qft/dqc_qft_8.qasm,/home/audrey/code_and_papers/2026/FAST2027/final/hilbert_thin_provisioning/external/veriq-benchmark/dynamic/qft/dqc_qft_8.qasm,50fb6e256952daedc5cff2dc11e80214e34f07050ed0002747e9f2ea938b5ec3,.qasm,1157,8,44,23,qft,True,,0,stratum_not_selected
veriq,dynamic/qft/dqc_qft_80.qasm,/home/audrey/code_and_papers/2026/FAST2027/final/hilbert_thin_provisioning/external/veriq-benchmark/dynamic/qft/dqc_qft_80.qasm,23d80886be18a0b0343249c67200e7d3dc58ff87bb292db927c4d4299853fe6a,.qasm,105814,80,3320,239,qft,True,,0,stratum_not_selected
veriq,dynamic/qft/dqc_qft_81.qasm,/home/audrey/code_and_papers/2026/FAST2027/final/hilbert_thin_provisioning/external/veriq-benchmark/dynamic/qft/dqc_qft_81.qasm,bb1b8d7d31c43e4fbebb015ed15de1e1bbcfbffde7c874f5fca5bcd71f67b433,.qasm,108329,81,3402,242,qft,True,,0,stratum_not_selected
veriq,dynamic/qft/dqc_qft_82.qasm,/home/audrey/code_and_papers/2026/FAST2027/final/hilbert_thin_provisioning/external/veriq-benchmark/dynamic/qft/dqc_qft_82.qasm,1840a57537dfd65b657cc6f150e034e027a164a3d61e37b8e891b8c479870aff,.qasm,110869,82,3485,245,qft,True,,0,stratum_not_selected
veriq,dynamic/qft/dqc_qft_83.qasm,/home/audrey/code_and_papers/2026/FAST2027/final/hilbert_thin_provisioning/external/veriq-benchmark/dynamic/qft/dqc_qft_83.qasm,fe0554861f701fa7fd94660256e1b8c3395fb87c1a943218b8efb23bb1728a44,.qasm,113434,83,3569,248,qft,True,,0,stratum_not_selected
veriq,dynamic/qft/dqc_qft_84.qasm,/home/audrey/code_and_papers/2026/FAST2027/final/hilbert_thin_provisioning/external/veriq-benchmark/dynamic/qft/dqc_qft_84.qasm,a4c55fb72e4d92ad90182236507521a121a37e1b86bea3c1e1f6a358454960f8,.qasm,116024,84,3654,251,qft,True,,0,stratum_not_selected
veriq,dynamic/qft/dqc_qft_85.qasm,/home/audrey/code_and_papers/2026/FAST2027/final/hilbert_thin_provisioning/external/veriq-benchmark/dynamic/qft/dqc_qft_85.qasm,a07a005c5bbc8229e66a9ec7e3647da452d29863be39025c1876f57ae3dd7739,.qasm,118639,85,3740,254,qft,True,,0,stratum_not_selected
veriq,dynamic/qft/dqc_qft_86.qasm,/home/audrey/code_and_papers/2026/FAST2027/final/hilbert_thin_provisioning/external/veriq-benchmark/dynamic/qft/dqc_qft_86.qasm,e3a08520a62e3964a31401d735fce7bf8290506d1e6ab78451ac78c3cc303fb8,.qasm,121279,86,3827,257,qft,True,,0,stratum_not_selected
veriq,dynamic/qft/dqc_qft_87.qasm,/home/audrey/code_and_papers/2026/FAST2027/final/hilbert_thin_provisioning/external/veriq-benchmark/dynamic/qft/dqc_qft_87.qasm,50c07435a5b385f613df6c1e25b8fe5b05fa80e11c61a24af259fa3046ed639d,.qasm,123944,87,3915,260,qft,True,,0,stratum_not_selected
veriq,dynamic/qft/dqc_qft_88.qasm,/home/audrey/code_and_papers/2026/FAST2027/final/hilbert_thin_provisioning/external/veriq-benchmark/dynamic/qft/dqc_qft_88.qasm,ff1122794dbcb907bf1cb027aa47a1165fdee795d41621ace991aeaea7995d17,.qasm,126634,88,4004,263,qft,True,,0,selected
veriq,dynamic/qft/dqc_qft_89.qasm,/home/audrey/code_and_papers/2026/FAST2027/final/hilbert_thin_provisioning/external/veriq-benchmark/dynamic/qft/dqc_qft_89.qasm,dd572a0120bd85e8f13d209a9b11ce91bb27c7c0850c88d8e4aa9544bc3755f8,.qasm,129349,89,4094,266,qft,True,,0,stratum_not_selected
veriq,dynamic/qft/dqc_qft_9.qasm,/home/audrey/code_and_papers/2026/FAST2027/final/hilbert_thin_provisioning/external/veriq-benchmark/dynamic/qft/dqc_qft_9.qasm,dc9ed0b249f6a32f3015e18930c421cae01805bfdc7c476689c8e3edb5bb2c22,.qasm,1418,9,54,26,qft,True,,0,stratum_not_selected
veriq,dynamic/qft/dqc_qft_90.qasm,/home/audrey/code_and_papers/2026/FAST2027/final/hilbert_thin_provisioning/external/veriq-benchmark/dynamic/qft/dqc_qft_90.qasm,57c8a1a0999d9b05d32a4a310137249e1eb9c09e0e25f75577db6cc3ac0835b4,.qasm,132089,90,4185,269,qft,True,,0,stratum_not_selected
veriq,dynamic/qft/dqc_qft_91.qasm,/home/audrey/code_and_papers/2026/FAST2027/final/hilbert_thin_provisioning/external/veriq-benchmark/dynamic/qft/dqc_qft_91.qasm,08ea974f81a783c64e732daa9de3615cde8cf2fe23d43c892d915e398bf164c0,.qasm,134854,91,4277,272,qft,True,,0,stratum_not_selected
veriq,dynamic/qft/dqc_qft_92.qasm,/home/audrey/code_and_papers/2026/FAST2027/final/hilbert_thin_provisioning/external/veriq-benchmark/dynamic/qft/dqc_qft_92.qasm,f2f731cd7702f0d35a698922ed616cca5698f8c871f4a2ffc42f2f7fc4878e7e,.qasm,137644,92,4370,275,qft,True,,0,stratum_not_selected
veriq,dynamic/qft/dqc_qft_93.qasm,/home/audrey/code_and_papers/2026/FAST2027/final/hilbert_thin_provisioning/external/veriq-benchmark/dynamic/qft/dqc_qft_93.qasm,4aaa1cffb533c35ae8100a415210a6d644449e6b0ba64e2493ff6a6b040da9c8,.qasm,140459,93,4464,278,qft,True,,0,stratum_not_selected
veriq,dynamic/qft/dqc_qft_94.qasm,/home/audrey/code_and_papers/2026/FAST2027/final/hilbert_thin_provisioning/external/veriq-benchmark/dynamic/qft/dqc_qft_94.qasm,e8784451542a89129ca69a57d54a785bdd52cce7bc2fab47823e5baefe0a4eb6,.qasm,143299,94,4559,281,qft,True,,0,stratum_not_selected
veriq,dynamic/qft/dqc_qft_95.qasm,/home/audrey/code_and_papers/2026/FAST2027/final/hilbert_thin_provisioning/external/veriq-benchmark/dynamic/qft/dqc_qft_95.qasm,9d03ab6acf2309b2ae3bcf42404a5830b35c2ee81632917af753a6088361091a,.qasm,146164,95,4655,284,qft,True,,0,stratum_not_selected
veriq,dynamic/qft/dqc_qft_96.qasm,/home/audrey/code_and_papers/2026/FAST2027/final/hilbert_thin_provisioning/external/veriq-benchmark/dynamic/qft/dqc_qft_96.qasm,a8f972e8459a96e447f6fed253712da5125e88252779ef1884b1aec6571c2a7b,.qasm,149054,96,4752,287,qft,True,,0,stratum_not_selected
veriq,dynamic/qft/dqc_qft_97.qasm,/home/audrey/code_and_papers/2026/FAST2027/final/hilbert_thin_provisioning/external/veriq-benchmark/dynamic/qft/dqc_qft_97.qasm,6aa5afd33acb37bb33f35b4fa8ecb61ea7137d74234b45d526ec194ba5e04e57,.qasm,151969,97,4850,290,qft,True,,0,stratum_not_selected
veriq,dynamic/qft/dqc_qft_98.qasm,/home/audrey/code_and_papers/2026/FAST2027/final/hilbert_thin_provisioning/external/veriq-benchmark/dynamic/qft/dqc_qft_98.qasm,1dde0b5e7ed8ef2e5860b3a1dd7fc19e6e29b27d35b16ee0c714cb29508d9ec3,.qasm,154909,98,4949,293,qft,True,,0,stratum_not_selected
veriq,dynamic/qft/dqc_qft_99.qasm,/home/audrey/code_and_papers/2026/FAST2027/final/hilbert_thin_provisioning/external/veriq-benchmark/dynamic/qft/dqc_qft_99.qasm,b05f915dd7992d9fbf079c0ee277780ae149284678fd1e0dba634e1f7af4a9cd,.qasm,157874,99,5049,296,qft,True,,0,stratum_not_selected
veriq,sequential/qctrl-1.a.qasm,/home/audrey/code_and_papers/2026/FAST2027/final/hilbert_thin_provisioning/external/veriq-benchmark/sequential/qctrl-1.a.qasm,6d0b042f2051d20ed3e4d4166a880b6234d67195433c2d2fd9dd7376698486b3,.qasm,1222,,,,unknown,False,,0,parse_failure
veriq,sequential/qctrl-1.b.qasm,/home/audrey/code_and_papers/2026/FAST2027/final/hilbert_thin_provisioning/external/veriq-benchmark/sequential/qctrl-1.b.qasm,68ba5df4f754d25deb0cf79440d067f5547b25485b1e27c3f544b4b9507a4278,.qasm,1229,,,,unknown,False,,0,parse_failure
veriq,sequential/qctrl-2.a.qasm,/home/audrey/code_and_papers/2026/FAST2027/final/hilbert_thin_provisioning/external/veriq-benchmark/sequential/qctrl-2.a.qasm,66eb8c80389ca2c06cdd6766d9e3ea1da0befaadef36765e10d2b2e0b223cebf,.qasm,1236,,,,unknown,False,,0,parse_failure
veriq,sequential/qctrl-2.b.qasm,/home/audrey/code_and_papers/2026/FAST2027/final/hilbert_thin_provisioning/external/veriq-benchmark/sequential/qctrl-2.b.qasm,42f0689d9a7e3e0625c80999e8433ab75178775e5276afce3b469c870a1daf1d,.qasm,1236,,,,unknown,False,,0,parse_failure
veriq,sequential/qft-large-1.a.qasm,/home/audrey/code_and_papers/2026/FAST2027/final/hilbert_thin_provisioning/external/veriq-benchmark/sequential/qft-large-1.a.qasm,04124ffe724eba8333c4f8000f6612485c87da3e9cba9449f706ae9a9346fcbe,.qasm,1569,,,,qft,False,,0,parse_failure
veriq,sequential/qft-large-1.b.qasm,/home/audrey/code_and_papers/2026/FAST2027/final/hilbert_thin_provisioning/external/veriq-benchmark/sequential/qft-large-1.b.qasm,84d8cb897091d6b45170a276af0385657efdc88533f1767ca1ab45bcfb07087d,.qasm,1576,,,,qft,False,,0,parse_failure
veriq,sequential/qft-large-2.a.qasm,/home/audrey/code_and_papers/2026/FAST2027/final/hilbert_thin_provisioning/external/veriq-benchmark/sequential/qft-large-2.a.qasm,6536b0e4862f8388ed86e8ffcabeddc40f079ca20aaae2f8c7a246d258958803,.qasm,1769,,,,qft,False,,0,parse_failure
veriq,sequential/qft-large-2.b.qasm,/home/audrey/code_and_papers/2026/FAST2027/final/hilbert_thin_provisioning/external/veriq-benchmark/sequential/qft-large-2.b.qasm,bbcef4458f7f521558089ac9e984a56ea96efc4d285a1a3c0c4bb19920002659,.qasm,1776,,,,qft,False,,0,parse_failure
veriq,sequential/qft-large-3.a.qasm,/home/audrey/code_and_papers/2026/FAST2027/final/hilbert_thin_provisioning/external/veriq-benchmark/sequential/qft-large-3.a.qasm,3753a3106f0258e4488dc70de0c7209f36eb60272a6f67cc889a257e2af68845,.qasm,1990,,,,qft,False,,0,parse_failure
veriq,sequential/qft-large-3.b.qasm,/home/audrey/code_and_papers/2026/FAST2027/final/hilbert_thin_provisioning/external/veriq-benchmark/sequential/qft-large-3.b.qasm,f522d0afa7df1e13d8daa8f75c9086caba7c898411b9ae97a3c6ac38a1ef6f85,.qasm,1997,,,,qft,False,,0,parse_failure
veriq,sequential/qft-small-1.a.qasm,/home/audrey/code_and_papers/2026/FAST2027/final/hilbert_thin_provisioning/external/veriq-benchmark/sequential/qft-small-1.a.qasm,5678171beddacb52736a75f7cd70eb24bda6636b649d401157e47e71ad13ab05,.qasm,1098,,,,qft,False,,0,parse_failure
veriq,sequential/qft-small-1.b.qasm,/home/audrey/code_and_papers/2026/FAST2027/final/hilbert_thin_provisioning/external/veriq-benchmark/sequential/qft-small-1.b.qasm,6fa735558d3b3e8599766b68957747d644d4c276895b15279d89a8cb4f8701f5,.qasm,1105,,,,qft,False,,0,parse_failure
veriq,sequential/qft-small-2.a.qasm,/home/audrey/code_and_papers/2026/FAST2027/final/hilbert_thin_provisioning/external/veriq-benchmark/sequential/qft-small-2.a.qasm,5678171beddacb52736a75f7cd70eb24bda6636b649d401157e47e71ad13ab05,.qasm,1098,,,,qft,False,,0,parse_failure
veriq,sequential/qft-small-2.b.qasm,/home/audrey/code_and_papers/2026/FAST2027/final/hilbert_thin_provisioning/external/veriq-benchmark/sequential/qft-small-2.b.qasm,792f9ed556a2f5f9f42e84da9f9ab7842b07d23727d75b8d8bcc440f2ba9bdef,.qasm,1105,,,,qft,False,,0,parse_failure
veriq,sequential/qhalf-adder.a.qasm,/home/audrey/code_and_papers/2026/FAST2027/final/hilbert_thin_provisioning/external/veriq-benchmark/sequential/qhalf-adder.a.qasm,5e935c079708aefb00a1d9b950dd3b6fb29ff06290dd8eae78f1adc33a7b3941,.qasm,765,,,,arithmetic,False,,0,parse_failure
veriq,sequential/qhalf-adder.b.qasm,/home/audrey/code_and_papers/2026/FAST2027/final/hilbert_thin_provisioning/external/veriq-benchmark/sequential/qhalf-adder.b.qasm,69ecc265e9e451750b813879902cf1dfaea3d0891ee10541751ee921ea625ef6,.qasm,641,,,,arithmetic,False,,0,parse_failure
veriq,sequential/qrus-1.a.qasm,/home/audrey/code_and_papers/2026/FAST2027/final/hilbert_thin_provisioning/external/veriq-benchmark/sequential/qrus-1.a.qasm,3ab66be2616d57cbf75e7283154d0356725fdcb1219d3a2fb3a0696329f5b127,.qasm,638,,,,unknown,False,,0,parse_failure
veriq,sequential/qrus-1.b.qasm,/home/audrey/code_and_papers/2026/FAST2027/final/hilbert_thin_provisioning/external/veriq-benchmark/sequential/qrus-1.b.qasm,4d3705249e2579ec08f7b350b99795112114c6e66cc8ca53ff4cda964bb1bacb,.qasm,644,,,,unknown,False,,0,parse_failure
veriq,sequential/qrus-2.a.qasm,/home/audrey/code_and_papers/2026/FAST2027/final/hilbert_thin_provisioning/external/veriq-benchmark/sequential/qrus-2.a.qasm,9e6caa9fc2de9af8149b698d33f0e4e6aba15f39729900025126370f589ca3db,.qasm,679,,,,unknown,False,,0,parse_failure
veriq,sequential/qrus-2.b.qasm,/home/audrey/code_and_papers/2026/FAST2027/final/hilbert_thin_provisioning/external/veriq-benchmark/sequential/qrus-2.b.qasm,57a09d92cff77a29f0adf2c83bb0f887fd42c5de9da56357e84b1f30056225fd,.qasm,688,,,,unknown,False,,0,parse_failure
veriq,sequential/qwalk-diff.a.qasm,/home/audrey/code_and_papers/2026/FAST2027/final/hilbert_thin_provisioning/external/veriq-benchmark/sequential/qwalk-diff.a.qasm,55735222767e0d24c3d0f1c1395ad6052fe0f0a1a4a3b70d07dfba2381b6dcfc,.qasm,901,,,,quantum_walk,False,,0,parse_failure
veriq,sequential/qwalk-diff.b.qasm,/home/audrey/code_and_papers/2026/FAST2027/final/hilbert_thin_provisioning/external/veriq-benchmark/sequential/qwalk-diff.b.qasm,dd8348a28b6c64c4d66ab5962c2d563c881e72b79fb12151bf34ad63f7b2d9d5,.qasm,919,,,,quantum_walk,False,,0,parse_failure
veriq,sequential/qwalk-irr.a.qasm,/home/audrey/code_and_papers/2026/FAST2027/final/hilbert_thin_provisioning/external/veriq-benchmark/sequential/qwalk-irr.a.qasm,3293846009ab794f72732c62a43e82791398473e7d69833054a2799f1d54dff1,.qasm,933,,,,quantum_walk,False,,0,parse_failure
veriq,sequential/qwalk-irr.b.qasm,/home/audrey/code_and_papers/2026/FAST2027/final/hilbert_thin_provisioning/external/veriq-benchmark/sequential/qwalk-irr.b.qasm,d44e42414ec2c2d6a442d025f1e4e8818bb4e146fbdb19a824f10d0b5ed2cdb9,.qasm,934,,,,quantum_walk,False,,0,parse_failure
veriq,sequential/qwalk-large-1.a.qasm,/home/audrey/code_and_papers/2026/FAST2027/final/hilbert_thin_provisioning/external/veriq-benchmark/sequential/qwalk-large-1.a.qasm,5251b609051395a7382b807e38676d89f97efe1381e527b87a195fc6b481c342,.qasm,1581,,,,quantum_walk,False,,0,parse_failure
veriq,sequential/qwalk-large-1.b.qasm,/home/audrey/code_and_papers/2026/FAST2027/final/hilbert_thin_provisioning/external/veriq-benchmark/sequential/qwalk-large-1.b.qasm,e957ce0d20aedb79f0857130133634f6dd9fcd8d094ee43ccee2c18fe6f86999,.qasm,1622,,,,quantum_walk,False,,0,parse_failure
veriq,sequential/qwalk-large-2.a.qasm,/home/audrey/code_and_papers/2026/FAST2027/final/hilbert_thin_provisioning/external/veriq-benchmark/sequential/qwalk-large-2.a.qasm,7e16b851a5d772ad92d564515656c5824e4fc1d0d617ba2ef10982e9a6a01ace,.qasm,1806,,,,quantum_walk,False,,0,parse_failure
veriq,sequential/qwalk-large-2.b.qasm,/home/audrey/code_and_papers/2026/FAST2027/final/hilbert_thin_provisioning/external/veriq-benchmark/sequential/qwalk-large-2.b.qasm,d227a2621bdccd4ca0d5c447f43a560aa3e9793d2ad9ff0443be691847564e78,.qasm,1854,,,,quantum_walk,False,,0,parse_failure
veriq,sequential/qwalk-large-3.a.qasm,/home/audrey/code_and_papers/2026/FAST2027/final/hilbert_thin_provisioning/external/veriq-benchmark/sequential/qwalk-large-3.a.qasm,2d4deffce7866a0111e1fdcaae23417c40b1c93cd2e6f220eb95f36dc59691d1,.qasm,2046,,,,quantum_walk,False,,0,parse_failure
veriq,sequential/qwalk-large-3.b.qasm,/home/audrey/code_and_papers/2026/FAST2027/final/hilbert_thin_provisioning/external/veriq-benchmark/sequential/qwalk-large-3.b.qasm,17e43bdf56116930a6735372010e928e355f56e422a891777bfaa90624a8fe32,.qasm,2101,,,,quantum_walk,False,,0,parse_failure
veriq,sequential/qwalk-small-1.a.qasm,/home/audrey/code_and_papers/2026/FAST2027/final/hilbert_thin_provisioning/external/veriq-benchmark/sequential/qwalk-small-1.a.qasm,028654e8d24af60bc0bae80b4ff35d47a598cdfaead43a8c08b498432251d158,.qasm,898,,,,quantum_walk,False,,0,parse_failure
veriq,sequential/qwalk-small-1.b.qasm,/home/audrey/code_and_papers/2026/FAST2027/final/hilbert_thin_provisioning/external/veriq-benchmark/sequential/qwalk-small-1.b.qasm,c0bca3dbef31e392f8d6c06d65fecbc904b4c1b65af6727b94b4f08d9d108aed,.qasm,784,,,,quantum_walk,False,,0,parse_failure
veriq,sequential/qwalk-small-2.a.qasm,/home/audrey/code_and_papers/2026/FAST2027/final/hilbert_thin_provisioning/external/veriq-benchmark/sequential/qwalk-small-2.a.qasm,0ea242fe5c4f326c91ed6c7aa7459111283b3bd544a2f2f922f79b4a4332a7c8,.qasm,956,,,,quantum_walk,False,,0,parse_failure
veriq,sequential/qwalk-small-2.b.qasm,/home/audrey/code_and_papers/2026/FAST2027/final/hilbert_thin_provisioning/external/veriq-benchmark/sequential/qwalk-small-2.b.qasm,66b9f315fe50d7a60da60ca254abfb428dcfefcdd267bb59d659e00f650c1955,.qasm,963,,,,quantum_walk,False,,0,parse_failure
veriq,sequential/qwalk-sym-1.a.qasm,/home/audrey/code_and_papers/2026/FAST2027/final/hilbert_thin_provisioning/external/veriq-benchmark/sequential/qwalk-sym-1.a.qasm,55735222767e0d24c3d0f1c1395ad6052fe0f0a1a4a3b70d07dfba2381b6dcfc,.qasm,901,,,,quantum_walk,False,,0,parse_failure
veriq,sequential/qwalk-sym-1.b.qasm,/home/audrey/code_and_papers/2026/FAST2027/final/hilbert_thin_provisioning/external/veriq-benchmark/sequential/qwalk-sym-1.b.qasm,76249a5fe03a7a5d46eb52e85f542ca5e81495e99c5160d16934fb657c5cd482,.qasm,914,,,,quantum_walk,False,,0,parse_failure
veriq,sequential/qwalk-sym-2.a.qasm,/home/audrey/code_and_papers/2026/FAST2027/final/hilbert_thin_provisioning/external/veriq-benchmark/sequential/qwalk-sym-2.a.qasm,0c34895f39a7c3ca16affcb1f8bc71f0e6b7a829fe7a5493413c41de15e262dc,.qasm,908,,,,quantum_walk,False,,0,parse_failure
veriq,sequential/qwalk-sym-2.b.qasm,/home/audrey/code_and_papers/2026/FAST2027/final/hilbert_thin_provisioning/external/veriq-benchmark/sequential/qwalk-sym-2.b.qasm,d1f34a117cf249213eb44317b241d9bdd1f0d3499813ec1bcd6edf79dbf0eff9,.qasm,914,,,,quantum_walk,False,,0,parse_failure
veriq,sequential/qwalk-sym-3.a.qasm,/home/audrey/code_and_papers/2026/FAST2027/final/hilbert_thin_provisioning/external/veriq-benchmark/sequential/qwalk-sym-3.a.qasm,bfa077f441c055b053a12050f05b8786fd195172b00df6471c62f9c38dcd3e32,.qasm,908,,,,quantum_walk,False,,0,parse_failure
veriq,sequential/qwalk-sym-3.b.qasm,/home/audrey/code_and_papers/2026/FAST2027/final/hilbert_thin_provisioning/external/veriq-benchmark/sequential/qwalk-sym-3.b.qasm,e9ff14a77910232408fe1fff82d5347b2af904138598705105a3f1a65bd37a16,.qasm,907,,,,quantum_walk,False,,0,parse_failure
veriq,variational/EfficientSU2/eff_10.qasm,/home/audrey/code_and_papers/2026/FAST2027/final/hilbert_thin_provisioning/external/veriq-benchmark/variational/EfficientSU2/eff_10.qasm,e223bfc88d36f3a29fb1fd8dbbbbcc396e83ca4dd9a42ca25cdd49aaa0228b83,.qasm,930,10,49,13,hea,True,,0,selected
veriq,variational/EfficientSU2/eff_11.qasm,/home/audrey/code_and_papers/2026/FAST2027/final/hilbert_thin_provisioning/external/veriq-benchmark/variational/EfficientSU2/eff_11.qasm,99afebffdc2735645eafa113775e7c79f855ba3e70eb20dd230ab4c31a458946,.qasm,1030,11,54,14,hea,True,,0,stratum_not_selected
veriq,variational/EfficientSU2/eff_12.qasm,/home/audrey/code_and_papers/2026/FAST2027/final/hilbert_thin_provisioning/external/veriq-benchmark/variational/EfficientSU2/eff_12.qasm,2fd771141c4736f531962ead8d0bd5f566012912f8b72dfa7ba7b44392dd4d63,.qasm,1126,12,59,15,hea,True,,0,stratum_not_selected
veriq,variational/EfficientSU2/eff_13.qasm,/home/audrey/code_and_papers/2026/FAST2027/final/hilbert_thin_provisioning/external/veriq-benchmark/variational/EfficientSU2/eff_13.qasm,12b301cee566e4339ed64a0a9a603ebd7cf83e6e0501888156d8a3e2a9e63a45,.qasm,1213,13,64,16,hea,True,,0,selected
veriq,variational/EfficientSU2/eff_1_4.qasm,/home/audrey/code_and_papers/2026/FAST2027/final/hilbert_thin_provisioning/external/veriq-benchmark/variational/EfficientSU2/eff_1_4.qasm,d9aba3a52316de2b812bbbef7760127843d9191c62463d32773b927301bbe239,.qasm,421,4,19,7,hea,True,,0,selected
veriq,variational/EfficientSU2/eff_2_4.qasm,/home/audrey/code_and_papers/2026/FAST2027/final/hilbert_thin_provisioning/external/veriq-benchmark/variational/EfficientSU2/eff_2_4.qasm,b81f3e01470477167378ba4acc3e7f5e078cb32c53fe114878820c244a7b5ddd,.qasm,511,4,23,8,hea,True,,0,stratum_not_selected
veriq,variational/EfficientSU2/eff_3_4.qasm,/home/audrey/code_and_papers/2026/FAST2027/final/hilbert_thin_provisioning/external/veriq-benchmark/variational/EfficientSU2/eff_3_4.qasm,4de07b351b04ec396b3f5a1848513e0672b8fe63405452b813a2a380e20d0bb7,.qasm,503,4,23,8,hea,True,,0,stratum_not_selected
veriq,variational/EfficientSU2/eff_4_4.qasm,/home/audrey/code_and_papers/2026/FAST2027/final/hilbert_thin_provisioning/external/veriq-benchmark/variational/EfficientSU2/eff_4_4.qasm,4e6b618cc37d3c8500241bbdf7eafbfa1d21d20eece87f3d4116b1ae875bbbf6,.qasm,519,4,23,8,hea,True,,0,selected
veriq,variational/EfficientSU2/eff_5_4.qasm,/home/audrey/code_and_papers/2026/FAST2027/final/hilbert_thin_provisioning/external/veriq-benchmark/variational/EfficientSU2/eff_5_4.qasm,617e6e0885de16cab5a378ea3a337e538acf71d4b376efbdc7df01382a0869cc,.qasm,511,4,23,8,hea,True,,0,stratum_not_selected
veriq,variational/HFVQE/hf_10_0_5.qasm,/home/audrey/code_and_papers/2026/FAST2027/final/hilbert_thin_provisioning/external/veriq-benchmark/variational/HFVQE/hf_10_0_5.qasm,9159af3d6b2d74e0c5b76dda152950de927743323d65293f298ac5a1a1ae8077,.qasm,7050,10,461,142,vqe,True,,0,selected
veriq,variational/HFVQE/hf_10_0_9.qasm,/home/audrey/code_and_papers/2026/FAST2027/final/hilbert_thin_provisioning/external/veriq-benchmark/variational/HFVQE/hf_10_0_9.qasm,c76b5626b64e35b4e6ec87fb61f885de6139104988d39b8c6f4832fa6b5fb39b,.qasm,7054,10,461,142,vqe,True,,0,stratum_not_selected
veriq,variational/HFVQE/hf_10_1_3.qasm,/home/audrey/code_and_papers/2026/FAST2027/final/hilbert_thin_provisioning/external/veriq-benchmark/variational/HFVQE/hf_10_1_3.qasm,0642b251b01d4e5b1973bbb15be77e438e7ae0d1ed031d59ff6bb95a2c1ad0c3,.qasm,7049,10,461,142,vqe,True,,0,stratum_not_selected
veriq,variational/HFVQE/hf_10_1_7.qasm,/home/audrey/code_and_papers/2026/FAST2027/final/hilbert_thin_provisioning/external/veriq-benchmark/variational/HFVQE/hf_10_1_7.qasm,733e7f7c13f471b3a6f7572036627ced86833ddeb084b93caaac542fa1ec8fb2,.qasm,7052,10,461,142,vqe,True,,0,stratum_not_selected
veriq,variational/HFVQE/hf_10_2_1.qasm,/home/audrey/code_and_papers/2026/FAST2027/final/hilbert_thin_provisioning/external/veriq-benchmark/variational/HFVQE/hf_10_2_1.qasm,f18dcf20ca27973010f82de84b6449f18a79b750ef62c203a19c44109fe33703,.qasm,7049,10,461,142,vqe,True,,0,stratum_not_selected
veriq,variational/HFVQE/hf_10_2_5.qasm,/home/audrey/code_and_papers/2026/FAST2027/final/hilbert_thin_provisioning/external/veriq-benchmark/variational/HFVQE/hf_10_2_5.qasm,0bc99bcb3c33af21ed7301b49f052a2eb0adf1edd483a11d99da6e45ba168d5c,.qasm,7206,10,461,142,vqe,True,,0,stratum_not_selected
veriq,variational/HFVQE/hf_12_0_5.qasm,/home/audrey/code_and_papers/2026/FAST2027/final/hilbert_thin_provisioning/external/veriq-benchmark/variational/HFVQE/hf_12_0_5.qasm,b9dfabd8fe5e77469a53c42b74f60e7d36fdf2183f01030c216628c416c64edb,.qasm,10536,12,690,194,vqe,True,,0,stratum_not_selected
veriq,variational/HFVQE/hf_12_0_9.qasm,/home/audrey/code_and_papers/2026/FAST2027/final/hilbert_thin_provisioning/external/veriq-benchmark/variational/HFVQE/hf_12_0_9.qasm,eaa24292f5a29a0470d0c9d7db87f26a8d868b41426b006ba6f5f837320c4eb5,.qasm,10537,12,690,194,vqe,True,,0,stratum_not_selected
veriq,variational/HFVQE/hf_12_1_3.qasm,/home/audrey/code_and_papers/2026/FAST2027/final/hilbert_thin_provisioning/external/veriq-benchmark/variational/HFVQE/hf_12_1_3.qasm,62092b8216d645e4b48d0879165ce19b2ae9bd58b115b6c2ff1812536d8eaeaa,.qasm,10537,12,690,194,vqe,True,,0,stratum_not_selected
veriq,variational/HFVQE/hf_12_1_7.qasm,/home/audrey/code_and_papers/2026/FAST2027/final/hilbert_thin_provisioning/external/veriq-benchmark/variational/HFVQE/hf_12_1_7.qasm,6e50eae51cb097963dd2fa9beb551aace23c5b775e6bdc8f3dbe52cd5996a155,.qasm,10535,12,690,194,vqe,True,,0,stratum_not_selected
veriq,variational/HFVQE/hf_12_2_1.qasm,/home/audrey/code_and_papers/2026/FAST2027/final/hilbert_thin_provisioning/external/veriq-benchmark/variational/HFVQE/hf_12_2_1.qasm,288ff5237cdd082976818923d401ca3515aba675c86d4839eb454fc74ebcb3d1,.qasm,10662,12,690,194,vqe,True,,0,stratum_not_selected
veriq,variational/HFVQE/hf_12_2_5.qasm,/home/audrey/code_and_papers/2026/FAST2027/final/hilbert_thin_provisioning/external/veriq-benchmark/variational/HFVQE/hf_12_2_5.qasm,35bbe3341fbc2e801b6f61e6c4072900624f9a2ca04e728d83ae8de265c330c8,.qasm,10644,12,690,194,vqe,True,,0,stratum_not_selected
veriq,variational/HFVQE/hf_6_0_5.qasm,/home/audrey/code_and_papers/2026/FAST2027/final/hilbert_thin_provisioning/external/veriq-benchmark/variational/HFVQE/hf_6_0_5.qasm,04ee5f6189a2797ed9f60836dad56f2f9af4d06e7a3b4e753e7f9796b78747b3,.qasm,2447,6,155,72,vqe,True,,0,stratum_not_selected
veriq,variational/HFVQE/hf_6_0_9.qasm,/home/audrey/code_and_papers/2026/FAST2027/final/hilbert_thin_provisioning/external/veriq-benchmark/variational/HFVQE/hf_6_0_9.qasm,815ec9732f7c152fc00d0818f70c8d8dfdcc7efb4dcfac1b4566e20d6113fc8c,.qasm,2446,6,155,72,vqe,True,,0,stratum_not_selected
veriq,variational/HFVQE/hf_6_1_3.qasm,/home/audrey/code_and_papers/2026/FAST2027/final/hilbert_thin_provisioning/external/veriq-benchmark/variational/HFVQE/hf_6_1_3.qasm,43a574de9c2662e48ed9aa780791e40fa2f1b513f73fdb8c401d536510462b48,.qasm,2445,6,155,72,vqe,True,,0,stratum_not_selected
veriq,variational/HFVQE/hf_6_1_7.qasm,/home/audrey/code_and_papers/2026/FAST2027/final/hilbert_thin_provisioning/external/veriq-benchmark/variational/HFVQE/hf_6_1_7.qasm,bef5555654b8a12dde6ab0540ed5dc5633f3004f8e840e8ea28ded951b4674d1,.qasm,2447,6,155,72,vqe,True,,0,stratum_not_selected
veriq,variational/HFVQE/hf_6_2_1.qasm,/home/audrey/code_and_papers/2026/FAST2027/final/hilbert_thin_provisioning/external/veriq-benchmark/variational/HFVQE/hf_6_2_1.qasm,7c2efb90763fd6926073bb8b09e140fc688251620092a7366bc7738da8898867,.qasm,2447,6,155,72,vqe,True,,0,stratum_not_selected
veriq,variational/HFVQE/hf_6_2_5.qasm,/home/audrey/code_and_papers/2026/FAST2027/final/hilbert_thin_provisioning/external/veriq-benchmark/variational/HFVQE/hf_6_2_5.qasm,f843f0e53ccafd3e183509a84f05e4e8227e49dd7e67f6944c921aa306b800bd,.qasm,2447,6,155,72,vqe,True,,0,stratum_not_selected
veriq,variational/HFVQE/hf_8_0_5.qasm,/home/audrey/code_and_papers/2026/FAST2027/final/hilbert_thin_provisioning/external/veriq-benchmark/variational/HFVQE/hf_8_0_5.qasm,114c18a3391abfbb459ff88da1753ba912179094d2323f1df05763c22d3cae8b,.qasm,4744,8,308,124,vqe,True,,0,stratum_not_selected
veriq,variational/HFVQE/hf_8_0_9.qasm,/home/audrey/code_and_papers/2026/FAST2027/final/hilbert_thin_provisioning/external/veriq-benchmark/variational/HFVQE/hf_8_0_9.qasm,04d344f02e13a87eff91baa6c52b5e486db627c2503755b02d241a5b79364298,.qasm,4751,8,308,124,vqe,True,,0,selected
veriq,variational/HFVQE/hf_8_1_3.qasm,/home/audrey/code_and_papers/2026/FAST2027/final/hilbert_thin_provisioning/external/veriq-benchmark/variational/HFVQE/hf_8_1_3.qasm,6f79e09e9c6fcfa6aef9f96a6dbe4e198f6e0e3644bdda062c64a424772e40dd,.qasm,4741,8,308,124,vqe,True,,0,stratum_not_selected
veriq,variational/HFVQE/hf_8_1_7.qasm,/home/audrey/code_and_papers/2026/FAST2027/final/hilbert_thin_provisioning/external/veriq-benchmark/variational/HFVQE/hf_8_1_7.qasm,78e29dfdcf90a8d95a29091815b6fb9344e4cfe4d397934bec4e11e4f7834ccb,.qasm,4743,8,308,124,vqe,True,,0,stratum_not_selected
veriq,variational/HFVQE/hf_8_2_1.qasm,/home/audrey/code_and_papers/2026/FAST2027/final/hilbert_thin_provisioning/external/veriq-benchmark/variational/HFVQE/hf_8_2_1.qasm,c7750daa0224c043cb376dabe8c4e7d3ee28084140de958479688ca0969aefd0,.qasm,4745,8,308,124,vqe,True,,0,stratum_not_selected
veriq,variational/HFVQE/hf_8_2_5.qasm,/home/audrey/code_and_papers/2026/FAST2027/final/hilbert_thin_provisioning/external/veriq-benchmark/variational/HFVQE/hf_8_2_5.qasm,b07845c0b24f4ff45c51ccf54119de35b093408a58160832497513b44c079317,.qasm,4744,8,308,124,vqe,True,,0,stratum_not_selected
veriq,variational/QAOA/qaoa_10.qasm,/home/audrey/code_and_papers/2026/FAST2027/final/hilbert_thin_provisioning/external/veriq-benchmark/variational/QAOA/qaoa_10.qasm,7ea21e4c999454e66711f190c4f5b8faefae3574771b9f4f223812950f7f949c,.qasm,5142,10,198,91,qaoa,True,,0,selected
veriq,variational/QAOA/qaoa_100.qasm,/home/audrey/code_and_papers/2026/FAST2027/final/hilbert_thin_provisioning/external/veriq-benchmark/variational/QAOA/qaoa_100.qasm,d000225aeea0aa1c9f69077faf55e26155f8b3bfc7c740712df796c05f3c9d5c,.qasm,59714,100,2720,42,qaoa,True,,0,selected
veriq,variational/QAOA/qaoa_121.qasm,/home/audrey/code_and_papers/2026/FAST2027/final/hilbert_thin_provisioning/external/veriq-benchmark/variational/QAOA/qaoa_121.qasm,5bd8d51d567a88c1387cb70de85a1e17a78d1d8f10ac54e9b923cbc09c265c0e,.qasm,53063,121,3322,42,qaoa,True,,0,selected
veriq,variational/QAOA/qaoa_144.qasm,/home/audrey/code_and_papers/2026/FAST2027/final/hilbert_thin_provisioning/external/veriq-benchmark/variational/QAOA/qaoa_144.qasm,4769ee6fbbbba85b55b2f1ecdbdbf38f11ad9ed61211c18bb19c03ee5e896ed4,.qasm,64287,144,3984,42,qaoa,True,,0,analysis_size_guard
veriq,variational/QAOA/qaoa_15.qasm,/home/audrey/code_and_papers/2026/FAST2027/final/hilbert_thin_provisioning/external/veriq-benchmark/variational/QAOA/qaoa_15.qasm,932cad109a4493e9bd3aefbac6f02bebf9d80c38b43f59c27e324ea66a4b29f3,.qasm,8159,15,311,100,qaoa,True,,0,selected
veriq,variational/QAOA/qaoa_169.qasm,/home/audrey/code_and_papers/2026/FAST2027/final/hilbert_thin_provisioning/external/veriq-benchmark/variational/QAOA/qaoa_169.qasm,baa4a2ba518311a793653af2d55be5e24eaef935f42396b08e1e79673f778a17,.qasm,76509,169,4706,42,qaoa,True,,0,analysis_size_guard
veriq,variational/QAOA/qaoa_196.qasm,/home/audrey/code_and_papers/2026/FAST2027/final/hilbert_thin_provisioning/external/veriq-benchmark/variational/QAOA/qaoa_196.qasm,854849472e675e172ba6d00a6a15609f5248ad8e0729742c6d071b7740f70cdb,.qasm,89720,196,5488,42,qaoa,True,,0,analysis_size_guard
veriq,variational/QAOA/qaoa_20.qasm,/home/audrey/code_and_papers/2026/FAST2027/final/hilbert_thin_provisioning/external/veriq-benchmark/variational/QAOA/qaoa_20.qasm,4892d365ac4839c527445ca035f485b50846e001110d8b034043100ebbf4e068,.qasm,11830,20,452,82,qaoa,True,,0,selected
veriq,variational/QAOA/qaoa_225.qasm,/home/audrey/code_and_papers/2026/FAST2027/final/hilbert_thin_provisioning/external/veriq-benchmark/variational/QAOA/qaoa_225.qasm,c2ae8ffcfe480d45d67c15fa0eacf17613d09318d997db2e5334b633f6ce4216,.qasm,103912,225,6330,42,qaoa,True,,0,analysis_size_guard
veriq,variational/QAOA/qaoa_25.qasm,/home/audrey/code_and_papers/2026/FAST2027/final/hilbert_thin_provisioning/external/veriq-benchmark/variational/QAOA/qaoa_25.qasm,5b3c3d4a683ce73b2a7fb2cca649991c61f9eb780b7f197e4848349dbe9ad774,.qasm,15147,25,579,82,qaoa,True,,0,selected
veriq,variational/QAOA/qaoa_30.qasm,/home/audrey/code_and_papers/2026/FAST2027/final/hilbert_thin_provisioning/external/veriq-benchmark/variational/QAOA/qaoa_30.qasm,1e3f14dad487dc4202e2d6dc759ca44e7ca37bf29a127539ea34446f405cf1ae,.qasm,18492,30,706,159,qaoa,True,,0,selected
veriq,variational/QAOA/qaoa_35.qasm,/home/audrey/code_and_papers/2026/FAST2027/final/hilbert_thin_provisioning/external/veriq-benchmark/variational/QAOA/qaoa_35.qasm,8b22a3d4354f54216d0fe3665171f151b4c70313c11a1849b9b6f31f692fde46,.qasm,22618,35,861,159,qaoa,True,,0,selected
veriq,variational/QAOA/qaoa_40.qasm,/home/audrey/code_and_papers/2026/FAST2027/final/hilbert_thin_provisioning/external/veriq-benchmark/variational/QAOA/qaoa_40.qasm,254bb23b86da5e752799bbd2b09021908bf2e70aeb07d1107135da9880bcb31b,.qasm,26337,40,1002,178,qaoa,True,,0,selected
veriq,variational/QAOA/qaoa_45.qasm,/home/audrey/code_and_papers/2026/FAST2027/final/hilbert_thin_provisioning/external/veriq-benchmark/variational/QAOA/qaoa_45.qasm,854377329d47a8306a397c98372421b95ec1c5b9d46006e03e7cd3d0d4537786,.qasm,30399,45,1157,197,qaoa,True,,0,selected
veriq,variational/QAOA/qaoa_48.qasm,/home/audrey/code_and_papers/2026/FAST2027/final/hilbert_thin_provisioning/external/veriq-benchmark/variational/QAOA/qaoa_48.qasm,f9ef83fd86adbf9f0bb12d10071a32ecd308abfcb618d374681dbf05aca65ba7,.qasm,32486,48,1236,197,qaoa,True,,0,selected
veriq,variational/QAOA/qaoa_6.qasm,/home/audrey/code_and_papers/2026/FAST2027/final/hilbert_thin_provisioning/external/veriq-benchmark/variational/QAOA/qaoa_6.qasm,0e7f38fafadda78f100bb7baad38f5f4b2de6e16aebaddf98e5de951a644d55c,.qasm,1674,6,110,32,qaoa,True,,0,selected
veriq,variational/QAOA/qaoa_64.qasm,/home/audrey/code_and_papers/2026/FAST2027/final/hilbert_thin_provisioning/external/veriq-benchmark/variational/QAOA/qaoa_64.qasm,a1228d330763b0514fe1edc026f639d7ed4109590b23956d02da80e06422d5bf,.qasm,37156,64,1696,42,qaoa,True,,0,selected
veriq,variational/QAOA/qaoa_72.qasm,/home/audrey/code_and_papers/2026/FAST2027/final/hilbert_thin_provisioning/external/veriq-benchmark/variational/QAOA/qaoa_72.qasm,88c0c56ddce3b3029935b5a6b9d4adc7e11e0e981b01705b752ba8dbb199ba00,.qasm,42142,72,1922,42,qaoa,True,,0,selected
veriq,variational/QAOA/qaoa_80.qasm,/home/audrey/code_and_papers/2026/FAST2027/final/hilbert_thin_provisioning/external/veriq-benchmark/variational/QAOA/qaoa_80.qasm,405f1f07c83cd9532448d37bbd896e110ea6d6270fd66d2a2f2cab080653e070,.qasm,33665,80,2148,42,qaoa,True,,0,selected
veriq,variational/QCNN/qcnn_16.qasm,/home/audrey/code_and_papers/2026/FAST2027/final/hilbert_thin_provisioning/external/veriq-benchmark/variational/QCNN/qcnn_16.qasm,8aba5a7b2b75521fec2bc03579d2da5b4814af587512a4da163f6d15d5ccced6,.qasm,10258,16,376,286,vqe,True,,0,selected
veriq,variational/QCNN/qcnn_4.qasm,/home/audrey/code_and_papers/2026/FAST2027/final/hilbert_thin_provisioning/external/veriq-benchmark/variational/QCNN/qcnn_4.qasm,b65fc58597a8fdba263a50df520964335fb9f52e61ed2a4021c12c2d199828cc,.qasm,1706,4,76,58,vqe,True,,0,selected
veriq,variational/QCNN/qcnn_8.qasm,/home/audrey/code_and_papers/2026/FAST2027/final/hilbert_thin_provisioning/external/veriq-benchmark/variational/QCNN/qcnn_8.qasm,51c1603d26e2a7dd97e19b89d9160b8cbc229d5805882a1976cb4438f43ef51b,.qasm,4028,8,176,134,vqe,True,,0,stratum_not_selected
veriq,variational/examples/HEA_5.qasm,/home/audrey/code_and_papers/2026/FAST2027/final/hilbert_thin_provisioning/external/veriq-benchmark/variational/examples/HEA_5.qasm,475f2e03d48f8a82ffc18063d503403350b0eeeee512d822c0f3cf8a4776a14a,.qasm,3181,,,,hea,False,,0,parse_failure
veriq,variational/examples/SPA_5.qasm,/home/audrey/code_and_papers/2026/FAST2027/final/hilbert_thin_provisioning/external/veriq-benchmark/variational/examples/SPA_5.qasm,ccc398f703ad76d527889bee7038312d4191aec70a7f1f78778050400b24ea35,.qasm,1543,,,,vqe,False,,0,parse_failure
veriq,variational/examples/UCC_5.qasm,/home/audrey/code_and_papers/2026/FAST2027/final/hilbert_thin_provisioning/external/veriq-benchmark/variational/examples/UCC_5.qasm,f48efd85ba19c1a9bc0e480ed75b9ca688bfc45c8ff876253a7076a71d348d0d,.qasm,12893,,,,vqe,False,,0,parse_failure
