workload_id,representation,source,family,n,m,fixed_t,subcircuits,traversals,log2_eager_bytes,log2_thin_bytes,eager_bytes_if_representable,thin_bytes_if_representable,log2_ideal_traffic_reduction,ideal_traffic_reduction,ideal_traffic_reduction_end_end,measured,excludes_materialization_overhead,oracle_ok,error
qasmbench_18ffaae6478e1b9a_0,semantic,qasmbench,arithmetic,28,16,2,4,8,35.0,7.0,34359738368.0,128.0,28.0,268435456.0,268435456.0,False,True,True,
qasmbench_18ffaae6478e1b9a_0,semantic,qasmbench,arithmetic,28,18,2,3,6,34.584962500721154,6.584962500721156,25769803775.999966,96.0,28.0,268435456.0,268435455.99999934,False,True,True,
qasmbench_18ffaae6478e1b9a_0,semantic,qasmbench,arithmetic,28,20,2,3,6,34.584962500721154,6.584962500721156,25769803775.999966,96.0,28.0,268435456.0,268435455.99999934,False,True,True,
qasmbench_18ffaae6478e1b9a_0,semantic,qasmbench,arithmetic,28,22,2,2,4,34.0,6.0,17179869184.0,64.0,28.0,268435456.0,268435456.0,False,True,True,
qasmbench_18ffaae6478e1b9a_0,semantic,qasmbench,arithmetic,28,24,2,2,4,34.0,6.0,17179869184.0,64.0,28.0,268435456.0,268435456.0,False,True,True,
qasmbench_18ffaae6478e1b9a_0,lowered,qasmbench,arithmetic,28,16,2,5,10,35.32192809488736,7.321928094887363,42949672959.999985,160.00000000000003,28.0,268435456.0,268435456.0,False,True,True,
qasmbench_18ffaae6478e1b9a_0,lowered,qasmbench,arithmetic,28,18,2,5,10,35.32192809488736,7.321928094887363,42949672959.999985,160.00000000000003,28.0,268435456.0,268435456.0,False,True,True,
qasmbench_18ffaae6478e1b9a_0,lowered,qasmbench,arithmetic,28,20,2,4,8,35.0,7.0,34359738368.0,128.0,28.0,268435456.0,268435456.0,False,True,True,
qasmbench_18ffaae6478e1b9a_0,lowered,qasmbench,arithmetic,28,22,2,3,6,34.584962500721154,6.584962500721156,25769803775.999966,96.0,28.0,268435456.0,268435455.99999934,False,True,True,
qasmbench_18ffaae6478e1b9a_0,lowered,qasmbench,arithmetic,28,24,2,3,6,34.584962500721154,6.584962500721156,25769803775.999966,96.0,28.0,268435456.0,268435455.99999934,False,True,True,
qasmbench_606b3ce2308cf7ca_0,semantic,qasmbench,arithmetic,45,16,2,44,88,55.459431618637296,10.459431618637298,4.953959590107542e+16,1408.000000000001,45.0,35184372088832.0,35184372088832.0,False,True,True,
qasmbench_606b3ce2308cf7ca_0,semantic,qasmbench,arithmetic,45,18,2,37,74,55.20945336562895,10.209453365628951,4.1658296553177176e+16,1184.000000000001,45.0,35184372088832.0,35184372088832.0,False,True,True,
qasmbench_606b3ce2308cf7ca_0,semantic,qasmbench,arithmetic,45,20,2,30,60,54.906890595608516,9.90689059560852,3.377699720527866e+16,960.0000000000007,45.0,35184372088832.0,35184372088832.0,False,True,True,
qasmbench_606b3ce2308cf7ca_0,semantic,qasmbench,arithmetic,45,22,2,28,56,54.807354922057606,9.807354922057606,3.1525197391593504e+16,896.0000000000009,45.0,35184372088832.0,35184372088832.0,False,True,True,
qasmbench_606b3ce2308cf7ca_0,semantic,qasmbench,arithmetic,45,24,2,21,42,54.39231742277876,9.39231742277876,2.3643898043695096e+16,671.9999999999998,45.0,35184372088832.0,35184372088832.0,False,True,True,
qasmbench_606b3ce2308cf7ca_0,lowered,qasmbench,arithmetic,45,16,2,42,84,55.39231742277876,10.39231742277876,4.728779608739019e+16,1343.9999999999995,45.0,35184372088832.0,35184372088832.0,False,True,True,
qasmbench_606b3ce2308cf7ca_0,lowered,qasmbench,arithmetic,45,18,2,32,64,55.0,10.0,3.602879701896397e+16,1024.0,45.0,35184372088832.0,35184372088832.0,False,True,True,
qasmbench_606b3ce2308cf7ca_0,lowered,qasmbench,arithmetic,45,20,2,27,54,54.75488750216347,9.75488750216347,3.039929748475088e+16,864.0000000000009,45.0,35184372088832.0,35184372088832.0,False,True,True,
qasmbench_606b3ce2308cf7ca_0,lowered,qasmbench,arithmetic,45,22,2,24,48,54.584962500721154,9.584962500721158,2.702159776422294e+16,768.0000000000009,45.0,35184372088832.0,35184372088832.0,False,True,True,
qasmbench_606b3ce2308cf7ca_0,lowered,qasmbench,arithmetic,45,24,2,23,46,54.523561956057016,9.523561956057012,2.5895697857380404e+16,735.9999999999997,45.0,35184372088832.0,35184372088832.0,False,True,True,
qasmbench_ec67a182baee4a03_0,semantic,qasmbench,arithmetic,64,16,2,9,18,72.16992500144231,8.169925001442312,5.312662293228337e+21,287.99999999999994,64.0,1.8446744073709552e+19,1.8446744073709462e+19,False,True,True,
qasmbench_ec67a182baee4a03_0,semantic,qasmbench,arithmetic,64,18,2,9,18,72.16992500144231,8.169925001442312,5.312662293228337e+21,287.99999999999994,64.0,1.8446744073709552e+19,1.8446744073709462e+19,False,True,True,
qasmbench_ec67a182baee4a03_0,semantic,qasmbench,arithmetic,64,20,2,8,16,72.0,8.0,4.722366482869645e+21,256.0,64.0,1.8446744073709552e+19,1.8446744073709552e+19,False,True,True,
qasmbench_ec67a182baee4a03_0,semantic,qasmbench,arithmetic,64,22,2,5,10,71.32192809488737,7.321928094887363,2.9514790517935414e+21,160.00000000000003,64.0,1.8446744073709552e+19,1.8446744073709552e+19,False,True,True,
qasmbench_ec67a182baee4a03_0,semantic,qasmbench,arithmetic,64,24,2,5,10,71.32192809488737,7.321928094887363,2.9514790517935414e+21,160.00000000000003,64.0,1.8446744073709552e+19,1.8446744073709552e+19,False,True,True,
qasmbench_ec67a182baee4a03_0,lowered,qasmbench,arithmetic,64,16,2,13,26,72.7004397181411,8.700439718141093,7.673845534663204e+21,416.0000000000001,64.0,1.8446744073709552e+19,1.8446744073709552e+19,False,True,True,
qasmbench_ec67a182baee4a03_0,lowered,qasmbench,arithmetic,64,18,2,12,24,72.58496250072116,8.584962500721158,7.083549724304493e+21,384.00000000000045,64.0,1.8446744073709552e+19,1.8446744073709552e+19,False,True,True,
qasmbench_ec67a182baee4a03_0,lowered,qasmbench,arithmetic,64,20,2,11,22,72.4594316186373,8.459431618637296,6.493253913945758e+21,351.9999999999998,64.0,1.8446744073709552e+19,1.8446744073709552e+19,False,True,True,
qasmbench_ec67a182baee4a03_0,lowered,qasmbench,arithmetic,64,22,2,8,16,72.0,8.0,4.722366482869645e+21,256.0,64.0,1.8446744073709552e+19,1.8446744073709552e+19,False,True,True,
qasmbench_ec67a182baee4a03_0,lowered,qasmbench,arithmetic,64,24,2,7,14,71.8073549220576,7.807354922057604,4.1320706725109233e+21,223.99999999999994,63.99999999999999,1.8446744073709462e+19,1.8446744073709462e+19,False,True,True,
qasmbench_b6efc8e67fd640f8_0,semantic,qasmbench,arithmetic,118,16,2,17,34,127.08746284125034,9.087462841250339,1.8077500742674897e+38,543.9999999999999,118.0,3.32306998946229e+35,3.32306998946229e+35,False,True,True,
qasmbench_b6efc8e67fd640f8_0,semantic,qasmbench,arithmetic,118,18,2,16,32,127.0,9.0,1.7014118346046923e+38,512.0,118.0,3.32306998946229e+35,3.32306998946229e+35,False,True,True,
qasmbench_b6efc8e67fd640f8_0,semantic,qasmbench,arithmetic,118,20,2,15,30,126.90689059560852,8.90689059560852,1.5950735949418962e+38,480.00000000000034,118.0,3.32306998946229e+35,3.32306998946229e+35,False,True,True,
qasmbench_b6efc8e67fd640f8_0,semantic,qasmbench,arithmetic,118,22,2,9,18,126.16992500144231,8.169925001442312,9.57044156965137e+37,287.99999999999994,118.0,3.32306998946229e+35,3.32306998946229e+35,False,True,True,
qasmbench_b6efc8e67fd640f8_0,semantic,qasmbench,arithmetic,118,24,2,9,18,126.16992500144231,8.169925001442312,9.57044156965137e+37,287.99999999999994,118.0,3.32306998946229e+35,3.32306998946229e+35,False,True,True,
qasmbench_b6efc8e67fd640f8_0,lowered,qasmbench,arithmetic,118,16,2,24,48,127.58496250072116,9.584962500721158,2.5521177519070475e+38,768.0000000000009,118.0,3.32306998946229e+35,3.32306998946229e+35,False,True,True,
qasmbench_b6efc8e67fd640f8_0,lowered,qasmbench,arithmetic,118,18,2,22,44,127.4594316186373,9.459431618637296,2.3394412725814504e+38,703.9999999999995,118.0,3.32306998946229e+35,3.32306998946229e+35,False,True,True,
qasmbench_b6efc8e67fd640f8_0,lowered,qasmbench,arithmetic,118,20,2,21,42,127.39231742277876,9.39231742277876,2.233103032918658e+38,671.9999999999998,118.0,3.32306998946229e+35,3.32306998946229e+35,False,True,True,
qasmbench_b6efc8e67fd640f8_0,lowered,qasmbench,arithmetic,118,22,2,15,30,126.90689059560852,8.90689059560852,1.5950735949418962e+38,480.00000000000034,118.0,3.32306998946229e+35,3.32306998946229e+35,False,True,True,
qasmbench_b6efc8e67fd640f8_0,lowered,qasmbench,arithmetic,118,24,2,14,28,126.8073549220576,8.807354922057604,1.4887353552791e+38,447.9999999999999,118.0,3.32306998946229e+35,3.32306998946229e+35,False,True,True,
qasmbench_a32cc4f8dccd803a_0,semantic,qasmbench,arithmetic,75,16,2,140,280,87.12928301694497,12.129283016944965,1.692496147460482e+26,4479.999999999997,75.0,3.777893186295716e+22,3.777893186295716e+22,False,True,True,
qasmbench_a32cc4f8dccd803a_0,semantic,qasmbench,arithmetic,75,18,2,113,226,86.82017896241518,11.820178962415188,1.3660861761645277e+26,3616.0000000000005,75.0,3.777893186295716e+22,3.777893186295716e+22,False,True,True,
qasmbench_a32cc4f8dccd803a_0,semantic,qasmbench,arithmetic,75,20,2,99,198,86.6293566200796,11.629356620079609,1.1968365614184791e+26,3167.9999999999977,75.0,3.777893186295716e+22,3.777893186295716e+22,False,True,True,
qasmbench_a32cc4f8dccd803a_0,semantic,qasmbench,arithmetic,75,22,2,88,176,86.4594316186373,11.459431618637296,1.063854721260873e+26,2815.999999999998,75.0,3.777893186295716e+22,3.777893186295716e+22,False,True,True,
qasmbench_a32cc4f8dccd803a_0,semantic,qasmbench,arithmetic,75,24,2,74,148,86.20945336562895,11.20945336562895,8.94605106514823e+25,2367.999999999999,75.0,3.777893186295716e+22,3.777893186295716e+22,False,True,True,
qasmbench_a32cc4f8dccd803a_0,lowered,qasmbench,arithmetic,75,16,2,121,242,86.91886323727459,11.918863237274596,1.4628002417336996e+26,3872.000000000005,75.0,3.777893186295716e+22,3.777893186295716e+22,False,True,True,
qasmbench_a32cc4f8dccd803a_0,lowered,qasmbench,arithmetic,75,18,2,110,220,86.78135971352467,11.781359713524662,1.3298184015760972e+26,3520.000000000005,75.0,3.777893186295716e+22,3.777893186295716e+22,False,True,True,
qasmbench_a32cc4f8dccd803a_0,lowered,qasmbench,arithmetic,75,20,2,87,174,86.44294349584872,11.442943495848729,1.051765463064724e+26,2784.000000000001,75.0,3.777893186295716e+22,3.777893186295716e+22,False,True,True,
qasmbench_a32cc4f8dccd803a_0,lowered,qasmbench,arithmetic,75,22,2,78,156,86.28540221886225,11.285402218862249,9.429621392994087e+25,2496.0000000000005,75.0,3.777893186295716e+22,3.777893186295716e+22,False,True,True,
qasmbench_a32cc4f8dccd803a_0,lowered,qasmbench,arithmetic,75,24,2,74,148,86.20945336562895,11.20945336562895,8.94605106514823e+25,2367.999999999999,75.0,3.777893186295716e+22,3.777893186295716e+22,False,True,True,
qasmbench_e80db1204270dc9f_0,semantic,qasmbench,bernstein_vazirani,19,16,2,4,8,26.0,25.39231794691627,67108864.0,44040208.000000015,0.6076820530837317,1.523808970202865,1.2800000000000011,False,True,True,
qasmbench_e80db1204270dc9f_0,semantic,qasmbench,bernstein_vazirani,19,18,2,4,8,26.0,25.584962959341485,67108864.0,50331663.99999999,0.41503704065851466,1.3333329094782165,1.1428571428571417,False,True,True,
qasmbench_e80db1204270dc9f_0,lowered,qasmbench,bernstein_vazirani,19,16,2,4,8,26.0,25.39231794691627,67108864.0,44040208.000000015,0.6076820530837317,1.523808970202865,1.2800000000000011,False,True,True,
qasmbench_e80db1204270dc9f_0,lowered,qasmbench,bernstein_vazirani,19,18,2,4,8,26.0,25.584962959341485,67108864.0,50331663.99999999,0.41503704065851466,1.3333329094782165,1.1428571428571417,False,True,True,
qasmbench_a9f50bd7aecba85c_0,semantic,qasmbench,bernstein_vazirani,30,16,2,6,12,37.584962500721154,37.16994456926273,206158430207.99973,154620919824.00015,0.41501793145842214,1.333315248949903,1.19998535174131,False,True,True,
qasmbench_a9f50bd7aecba85c_0,semantic,qasmbench,bernstein_vazirani,30,18,2,5,10,37.32192809488736,36.807455553159556,171798691839.99994,120267472912.00023,0.5144725417278053,1.4284717860971863,1.2499237107110155,False,True,True,
qasmbench_a9f50bd7aecba85c_0,semantic,qasmbench,bernstein_vazirani,30,20,2,5,10,37.32192809488736,36.80775740378116,171798691839.99994,120292638736.00014,0.5141706911062016,1.4281729426273322,1.2496948987063692,False,True,True,
qasmbench_a9f50bd7aecba85c_0,semantic,qasmbench,bernstein_vazirani,30,22,2,4,8,37.0,36.32418054688704,137438953472.0,86033563663.99986,0.6758194531129575,1.5975038998589146,1.3315994798439512,False,True,True,
qasmbench_a9f50bd7aecba85c_0,semantic,qasmbench,bernstein_vazirani,30,24,2,3,6,36.584962500721154,35.59991284263038,103079215103.99986,52076478479.99998,0.985049658090773,1.9793814426908214,1.488372093023254,False,True,True,
qasmbench_a9f50bd7aecba85c_0,lowered,qasmbench,bernstein_vazirani,30,16,2,6,12,37.584962500721154,37.16994456926273,206158430207.99973,154620919824.00015,0.41501793145842214,1.333315248949903,1.19998535174131,False,True,True,
qasmbench_a9f50bd7aecba85c_0,lowered,qasmbench,bernstein_vazirani,30,18,2,5,10,37.32192809488736,36.807455553159556,171798691839.99994,120267472912.00023,0.5144725417278053,1.4284717860971863,1.2499237107110155,False,True,True,
qasmbench_a9f50bd7aecba85c_0,lowered,qasmbench,bernstein_vazirani,30,20,2,5,10,37.32192809488736,36.80775740378116,171798691839.99994,120292638736.00014,0.5141706911062016,1.4281729426273322,1.2496948987063692,False,True,True,
qasmbench_a9f50bd7aecba85c_0,lowered,qasmbench,bernstein_vazirani,30,22,2,4,8,37.0,36.32418054688704,137438953472.0,86033563663.99986,0.6758194531129575,1.5975038998589146,1.3315994798439512,False,True,True,
qasmbench_a9f50bd7aecba85c_0,lowered,qasmbench,bernstein_vazirani,30,24,2,3,6,36.584962500721154,35.59991284263038,103079215103.99986,52076478479.99998,0.985049658090773,1.9793814426908214,1.488372093023254,False,True,True,
qasmbench_802e074040630573_0,semantic,qasmbench,bernstein_vazirani,70,16,2,13,26,78.7004397181411,78.08750428088672,4.9112611421844505e+23,3.211301447701558e+23,0.6129354372543787,1.5293678348694466,1.4444052600525006,False,True,True,
qasmbench_802e074040630573_0,semantic,qasmbench,bernstein_vazirani,70,18,2,11,22,78.4594316186373,77.71424572732434,4.155682504925285e+23,2.4792427638000177e+23,0.745185891312957,1.676190232599785,1.557521913572923,False,True,True,
qasmbench_802e074040630573_0,semantic,qasmbench,bernstein_vazirani,70,20,2,10,20,78.32192809488737,77.70045326507028,3.777893186295733e+23,2.4556536296102676e+23,0.6214748298170889,1.5384470923512596,1.4285589724781902,False,True,True,
qasmbench_802e074040630573_0,semantic,qasmbench,bernstein_vazirani,70,22,2,9,18,78.16992500144231,77.46045589728612,3.400103867666136e+23,2.0793169933959256e+23,0.7094691041561845,1.635202270007475,1.4990240719391206,False,True,True,
qasmbench_802e074040630573_0,semantic,qasmbench,bernstein_vazirani,70,24,2,8,16,78.0,77.24792753154702,3.022314549036573e+23,1.794499286008461e+23,0.7520724684529796,1.684210505181735,1.5238095065093067,False,True,True,
qasmbench_802e074040630573_0,lowered,qasmbench,bernstein_vazirani,70,16,2,13,26,78.7004397181411,78.08750428088672,4.9112611421844505e+23,3.211301447701558e+23,0.6129354372543787,1.5293678348694466,1.4444052600525006,False,True,True,
qasmbench_802e074040630573_0,lowered,qasmbench,bernstein_vazirani,70,18,2,11,22,78.4594316186373,77.71424572732434,4.155682504925285e+23,2.4792427638000177e+23,0.745185891312957,1.676190232599785,1.557521913572923,False,True,True,
qasmbench_802e074040630573_0,lowered,qasmbench,bernstein_vazirani,70,20,2,10,20,78.32192809488737,77.70045326507028,3.777893186295733e+23,2.4556536296102676e+23,0.6214748298170889,1.5384470923512596,1.4285589724781902,False,True,True,
qasmbench_802e074040630573_0,lowered,qasmbench,bernstein_vazirani,70,22,2,9,18,78.16992500144231,77.46045589728612,3.400103867666136e+23,2.0793169933959256e+23,0.7094691041561845,1.635202270007475,1.4990240719391206,False,True,True,
qasmbench_802e074040630573_0,lowered,qasmbench,bernstein_vazirani,70,24,2,8,16,78.0,77.24792753154702,3.022314549036573e+23,1.794499286008461e+23,0.7520724684529796,1.684210505181735,1.5238095065093067,False,True,True,
qasmbench_ac0dc5f6af55575a_0,semantic,qasmbench,ising,26,16,2,7,14,33.807354922057606,33.45968775819355,15032385536.000015,11813257232.000029,0.34766716386405605,1.2725013297162422,1.166476810414973,False,True,True,
qasmbench_ac0dc5f6af55575a_0,semantic,qasmbench,ising,26,18,2,6,12,33.584962500721154,33.171176800038346,12884901887.999983,9672065039.999985,0.4137857006828085,1.3321769275447308,1.1990632318501142,False,True,True,
qasmbench_ac0dc5f6af55575a_0,semantic,qasmbench,ising,26,20,2,6,12,33.584962500721154,33.17492568488106,12884901887.999983,9697230863.999992,0.410036815840094,1.328719720991062,1.1962616822429881,False,True,True,
qasmbench_ac0dc5f6af55575a_0,semantic,qasmbench,ising,26,22,2,5,10,33.32192809488736,32.83289001718198,10737418239.999996,7650410512.0,0.48903807770538066,1.4035087689945385,1.230769230769232,False,True,True,
qasmbench_ac0dc5f6af55575a_0,semantic,qasmbench,ising,26,24,2,5,10,33.32192809488736,32.906890598474895,10737418239.999996,8053063695.999995,0.41503749641246657,1.3333333306842383,1.1764705882352968,False,True,True,
qasmbench_ac0dc5f6af55575a_0,lowered,qasmbench,ising,26,16,2,2,4,32.0,30.002815037062977,4294967296.0,1075838991.999998,1.9971849629370233,3.9922026696723476,1.9980487804878089,False,True,True,
qasmbench_ac0dc5f6af55575a_0,lowered,qasmbench,ising,26,18,2,2,4,32.0,30.011227276754433,4294967296.0,1082130447.9999979,1.9887727232455674,3.9689921893779005,1.9922178988326886,False,True,True,
qasmbench_ac0dc5f6af55575a_0,lowered,qasmbench,ising,26,20,2,2,4,32.0,30.044394140204837,4294967296.0,1107296272.0000012,1.9556058597951633,3.8787878227409003,1.9692307692307718,False,True,True,
qasmbench_ac0dc5f6af55575a_0,lowered,qasmbench,ising,26,22,2,2,4,32.0,30.169925020551496,4294967296.0,1207959568.0,1.8300749794485043,3.555555508460528,1.8823529411764757,False,True,True,
qasmbench_ac0dc5f6af55575a_0,lowered,qasmbench,ising,26,24,2,2,4,32.0,30.584962515053043,4294967296.0,1610612751.999999,1.4150374849469571,2.6666666401757153,1.6000000000000008,False,True,True,
qasmbench_c4367870578a74cd_0,semantic,qasmbench,ising,34,16,2,10,20,42.32192809488736,41.91886396500821,5497558138879.998,4157530439696.0054,0.4030641298791551,1.3223133825766946,1.2403094906784207,False,True,True,
qasmbench_c4367870578a74cd_0,semantic,qasmbench,ising,34,18,2,8,16,42.0,41.70044310487886,4398046511104.0,3573421178896.006,0.2995568951211425,1.2307663415323349,1.1428546516317053,False,True,True,
qasmbench_c4367870578a74cd_0,semantic,qasmbench,ising,34,20,2,8,16,42.0,41.70045326502506,4398046511104.0,3573446344719.9946,0.299546734974939,1.2307576739195782,1.1428471780205574,False,True,True,
qasmbench_c4367870578a74cd_0,semantic,qasmbench,ising,34,22,2,7,14,41.807354922057606,41.45949565730889,3848290697216.004,3023791194127.9927,0.3478592647487133,1.2726707798769756,1.1666191968100286,False,True,True,
qasmbench_c4367870578a74cd_0,semantic,qasmbench,ising,34,24,2,6,12,41.584962500721154,41.17023805234598,3298534883327.9956,2474438033424.0034,0.41472444837517486,1.3330440442526048,1.1997656707674271,False,True,True,
qasmbench_c4367870578a74cd_0,lowered,qasmbench,ising,34,16,2,3,6,40.584962500721154,38.08747320071774,1649267441663.9978,292059873295.9998,2.4974893000034157,5.647018274203254,2.9090801481114292,False,True,True,
qasmbench_c4367870578a74cd_0,lowered,qasmbench,ising,34,18,2,3,6,40.584962500721154,39.00002201365334,1649267441663.9978,549764202511.9982,1.5849404870678114,2.999954224243991,1.9999796551548712,False,True,True,
qasmbench_c4367870578a74cd_0,lowered,qasmbench,ising,34,20,2,2,4,40.0,38.00017609957041,1099511627776.0,274911461392.0004,1.9998239004295897,3.99951177811459,1.9998779371376256,False,True,True,
qasmbench_c4367870578a74cd_0,lowered,qasmbench,ising,34,22,2,2,4,40.0,38.00070426909518,1099511627776.0,275012124687.9998,1.9992957309048194,3.9980478279762814,1.9995118379301915,False,True,True,
qasmbench_c4367870578a74cd_0,lowered,qasmbench,ising,34,24,2,2,4,40.0,38.002815015690864,1099511627776.0,275414777871.9995,1.9971849843091363,3.9922027288129174,1.998048780487804,False,True,True,
qasmbench_28cc7db51ac0ddc7_0,semantic,qasmbench,ising,42,16,2,12,24,50.584962500721154,50.247964591068914,1688849860263933.8,1337040501211151.5,0.33699790965223997,1.2631254316784701,1.199970702052183,False,True,True,
qasmbench_28cc7db51ac0ddc7_0,semantic,qasmbench,ising,42,18,2,10,20,50.32192809488736,49.907641815125096,1407374883553279.5,1056080926867476.2,0.4142862797622655,1.3326392398050437,1.2493899370111343,False,True,True,
qasmbench_28cc7db51ac0ddc7_0,semantic,qasmbench,ising,42,20,2,9,18,50.16992500144231,49.71424557007991,1266637395197948.8,923589800886290.2,0.4556794313623982,1.3714285216039253,1.2743362401663036,False,True,True,
qasmbench_28cc7db51ac0ddc7_0,semantic,qasmbench,ising,42,22,2,8,16,50.0,49.700439929812056,1125899906842624.0,914793808527375.5,0.29956007018794395,1.230769050191851,1.1428569871552325,False,True,True,
qasmbench_28cc7db51ac0ddc7_0,semantic,qasmbench,ising,42,24,2,8,16,50.0,49.70044056482469,1125899906842624.0,914794211180560.1,0.29955943517531125,1.2307685084600917,1.1428565200497613,False,True,True,
qasmbench_28cc7db51ac0ddc7_0,lowered,qasmbench,ising,42,16,2,4,8,49.0,47.00017612098181,562949953421312.0,140754670321679.9,1.9998238790181873,3.9995117187568234,2.6664496439503353,False,True,True,
qasmbench_28cc7db51ac0ddc7_0,lowered,qasmbench,ising,42,18,2,3,6,48.584962500721154,46.005624720507655,422212465065983.44,70643630473232.11,2.5793377802135,5.9766529867963945,2.994151868666143,False,True,True,
qasmbench_28cc7db51ac0ddc7_0,lowered,qasmbench,ising,42,20,2,3,6,48.584962500721154,46.087463488714604,422212465065983.44,74766824243216.22,2.49749901200655,5.647056289197569,2.909090236527354,False,True,True,
qasmbench_28cc7db51ac0ddc7_0,lowered,qasmbench,ising,42,22,2,3,6,48.584962500721154,47.00000137586071,422212465065983.44,140737622573071.78,1.5849611248604418,2.999997138979439,1.9999987284350436,False,True,True,
qasmbench_28cc7db51ac0ddc7_0,lowered,qasmbench,ising,42,24,2,2,4,48.0,46.000011006848,281474976710656.0,70369281048592.14,1.9999889931520016,3.9999694826537864,1.9999923706345728,False,True,True,
qasmbench_ab80ae764db39299_0,semantic,qasmbench,ising,66,16,2,19,38,75.24792751344359,74.85836962357153,4.486248158726162e+22,3.4246380935825857e+22,0.38955788987205153,1.3099918987448405,1.2663368713106626,False,True,True,
qasmbench_ab80ae764db39299_0,semantic,qasmbench,ising,66,18,2,16,32,75.0,74.64385795090287,3.777893186295716e+22,2.951482654728212e+22,0.3561420490971301,1.2799984374780629,1.2307677861298016,False,True,True,
qasmbench_ab80ae764db39299_0,semantic,qasmbench,ising,66,20,2,15,30,74.90689059560852,74.52368446279033,3.5417748621522276e+22,2.7155913128305637e+22,0.38320613281818794,1.3042370718370362,1.249898282629352,False,True,True,
qasmbench_ab80ae764db39299_0,semantic,qasmbench,ising,66,22,2,13,26,74.7004397181411,74.25738785168521,3.0695382138652816e+22,2.257881488695799e+22,0.4430518664558889,1.3594771157091659,1.2919254581858601,False,True,True,
qasmbench_ab80ae764db39299_0,semantic,qasmbench,ising,66,24,2,12,24,74.58496250072116,74.2479276582711,2.833419889721797e+22,2.2431243045430964e+22,0.3370348424500662,1.2631577679324992,1.199999885559069,False,True,True,
qasmbench_ab80ae764db39299_0,lowered,qasmbench,ising,66,16,2,6,12,73.58496250072116,71.00017614248735,1.4167099448608986e+22,2.361471542196891e+21,2.5847863582338135,5.999267488707169,3.999674426176166,False,True,True,
qasmbench_ab80ae764db39299_0,lowered,qasmbench,ising,66,18,2,5,10,73.32192809488737,70.08746802126997,1.1805916207174165e+22,1.2543831008867606e+21,3.2344600736173987,9.411730912851276,4.8484758804380625,False,True,True,
qasmbench_ab80ae764db39299_0,lowered,qasmbench,ising,66,20,2,4,8,73.0,70.00035218285349,9.44473296573929e+21,1.1808798554916447e+21,2.99964781714651,7.9980473219327575,3.999511770898574,False,True,True,
qasmbench_ab80ae764db39299_0,lowered,qasmbench,ising,66,22,2,4,8,73.0,70.022367897697,9.44473296573929e+21,1.1990384351599987e+21,2.977632102303005,7.876922614644118,3.9689921306935814,False,True,True,
qasmbench_ab80ae764db39299_0,lowered,qasmbench,ising,66,24,2,4,8,73.0,71.00000068793076,9.44473296573929e+21,2.361184367335262e+21,1.9999993120692352,3.9999980926513747,2.6666658189560195,False,True,True,
qasmbench_a5df0fa957b250a5_0,semantic,qasmbench,ising,98,16,2,28,56,107.8073549220576,107.42628113795642,2.8395373445112227e+32,2.1803837927045826e+32,0.38107378410117576,1.3023107922614925,1.2727131481841112,False,True,True,
qasmbench_a5df0fa957b250a5_0,semantic,qasmbench,ising,98,18,2,24,48,107.58496250072116,107.20945455558063,2.433889152438209e+32,1.8761244357864433e+32,0.37550794514052654,1.2972962272718118,1.263156880287442,False,True,True,
qasmbench_a5df0fa957b250a5_0,semantic,qasmbench,ising,98,20,2,22,44,107.4594316186373,107.04575966658938,2.2310650564016823e+32,1.67488336159621e+32,0.4136719520479204,1.3320718968008711,1.2929292884002268,False,True,True,
qasmbench_a5df0fa957b250a5_0,semantic,qasmbench,ising,98,22,2,20,40,107.32192809488737,106.95419773063136,2.028240960365176e+32,1.5718882917095369e+32,0.3677303642560048,1.290321310402614,1.2499988079071158,False,True,True,
qasmbench_a5df0fa957b250a5_0,semantic,qasmbench,ising,98,24,2,18,36,107.16992500144231,106.75530488836189,1.8254168643286457e+32,1.3694587891535012e+32,0.41462011308041724,1.332947642372637,1.2853556484500899,False,True,True,
qasmbench_a5df0fa957b250a5_0,lowered,qasmbench,ising,98,16,2,8,16,106.0,102.00562592003557,8.112963841460668e+31,5.090414278425653e+30,3.9943740799644303,15.93772804670393,7.984401657323855,False,True,True,
qasmbench_a5df0fa957b250a5_0,lowered,qasmbench,ising,98,18,2,7,14,105.8073549220576,102.00562489184166,7.098843361278057e+31,5.090410650541082e+30,3.8017300302159356,13.945521979692323,6.986353944562843,False,True,True,
qasmbench_a5df0fa957b250a5_0,lowered,qasmbench,ising,98,20,2,6,12,105.58496250072116,102.00035218285352,6.084722881095523e+31,5.07184035984192e+30,3.584610317867643,11.997070982898943,5.999267656347705,False,True,True,
qasmbench_a5df0fa957b250a5_0,lowered,qasmbench,ising,98,22,2,6,12,105.58496250072116,102.32192919558011,6.084722881095523e+31,6.338257836862891e+30,3.2630333051410503,9.599992675758903,5.333331072764343,False,True,True,
qasmbench_a5df0fa957b250a5_0,lowered,qasmbench,ising,98,24,2,5,10,105.32192809488737,102.00035217781611,5.07060240091294e+31,5.071840342132755e+30,3.3215759170712573,9.997559187323917,4.999389722352271,False,True,True,
qasmbench_5ed6ee804a706716_0,semantic,qasmbench,qft,18,16,2,4,8,25.0,23.5849643352016,33554432.0,12582928.000000017,1.415035664798399,2.666663275828961,2.0,False,True,True,
qasmbench_5ed6ee804a706716_0,lowered,qasmbench,qft,18,16,2,4,8,25.0,23.5849643352016,33554432.0,12582928.000000017,1.415035664798399,2.666663275828961,2.0,False,True,True,
qasmbench_e17668cbd88ae908_0,semantic,qasmbench,qft,29,16,2,22,44,38.459431618637296,35.30035256087376,377957122047.99976,42312138767.99995,3.159079057763531,8.932593176638054,7.425181278839804,False,True,True,
qasmbench_e17668cbd88ae908_0,semantic,qasmbench,qft,29,18,2,18,36,38.16992500144231,35.27146302846096,309237645311.9992,41473277968.00012,2.898461972981355,7.456310676735053,6.176943699731875,False,True,True,
qasmbench_e17668cbd88ae908_0,semantic,qasmbench,qft,29,20,2,14,28,37.807354922057606,35.189824559469,240518168576.00024,39191576592.0001,2.6175303625886066,6.136986298864438,5.033707865168536,False,True,True,
qasmbench_e17668cbd88ae908_0,semantic,qasmbench,qft,29,22,2,10,20,37.32192809488736,34.80735492282538,171798691839.99994,30064771087.999973,2.5145731720619793,5.7142857112446634,4.444444444444443,False,True,True,
qasmbench_e17668cbd88ae908_0,semantic,qasmbench,qft,29,24,2,7,14,36.807354922057606,34.5849625016169,120259084288.00012,25769803792.000015,2.2223924204407055,4.66666666376922,3.5000000000000036,False,True,True,
qasmbench_e17668cbd88ae908_0,lowered,qasmbench,qft,29,16,2,22,44,38.459431618637296,35.30035256087376,377957122047.99976,42312138767.99995,3.159079057763531,8.932593176638054,7.425181278839804,False,True,True,
qasmbench_e17668cbd88ae908_0,lowered,qasmbench,qft,29,18,2,18,36,38.16992500144231,35.27146302846096,309237645311.9992,41473277968.00012,2.898461972981355,7.456310676735053,6.176943699731875,False,True,True,
qasmbench_e17668cbd88ae908_0,lowered,qasmbench,qft,29,20,2,14,28,37.807354922057606,35.189824559469,240518168576.00024,39191576592.0001,2.6175303625886066,6.136986298864438,5.033707865168536,False,True,True,
qasmbench_e17668cbd88ae908_0,lowered,qasmbench,qft,29,22,2,10,20,37.32192809488736,34.80735492282538,171798691839.99994,30064771087.999973,2.5145731720619793,5.7142857112446634,4.444444444444443,False,True,True,
qasmbench_e17668cbd88ae908_0,lowered,qasmbench,qft,29,24,2,7,14,36.807354922057606,34.5849625016169,120259084288.00012,25769803792.000015,2.2223924204407055,4.66666666376922,3.5000000000000036,False,True,True,
qasmbench_6fad7f3a11b4f50b_0,semantic,qasmbench,qft,63,16,2,139,278,75.1189410727235,70.41147193331022,4.1025558819929875e+22,1.5702365813640947e+21,4.707469139413277,26.126992140439235,23.882470161307094,False,True,True,
qasmbench_6fad7f3a11b4f50b_0,semantic,qasmbench,qft,63,18,2,118,236,74.88264304936185,70.14800910182714,3.4827452811163747e+22,1.3081419582915543e+21,4.734633947534704,26.623603493804858,23.924621934014993,False,True,True,
qasmbench_6fad7f3a11b4f50b_0,semantic,qasmbench,qft,63,20,2,102,204,74.67242534197149,69.93218970721273,3.0105086328293867e+22,1.1263847561277192e+21,4.740235634758761,26.727178403753445,23.631131937237722,False,True,True,
qasmbench_6fad7f3a11b4f50b_0,semantic,qasmbench,qft,63,22,2,90,180,74.49185309632968,69.90526083608744,2.6563311466141805e+22,1.1055550338797546e+21,4.5865922602422415,24.02712723664461,21.19758760108271,False,True,True,
qasmbench_6fad7f3a11b4f50b_0,semantic,qasmbench,qft,63,24,2,79,158,74.3037807481771,69.57489085833677,2.331668450916889e+22,8.792838438412225e+20,4.728889889840332,26.517812959360278,22.706829115201547,False,True,True,
qasmbench_6fad7f3a11b4f50b_0,lowered,qasmbench,qft,63,16,2,139,278,75.1189410727235,70.41147193331022,4.1025558819929875e+22,1.5702365813640947e+21,4.707469139413277,26.126992140439235,23.882470161307094,False,True,True,
qasmbench_6fad7f3a11b4f50b_0,lowered,qasmbench,qft,63,18,2,118,236,74.88264304936185,70.14800910182714,3.4827452811163747e+22,1.3081419582915543e+21,4.734633947534704,26.623603493804858,23.924621934014993,False,True,True,
qasmbench_6fad7f3a11b4f50b_0,lowered,qasmbench,qft,63,20,2,102,204,74.67242534197149,69.93218970721273,3.0105086328293867e+22,1.1263847561277192e+21,4.740235634758761,26.727178403753445,23.631131937237722,False,True,True,
qasmbench_6fad7f3a11b4f50b_0,lowered,qasmbench,qft,63,22,2,90,180,74.49185309632968,69.90526083608744,2.6563311466141805e+22,1.1055550338797546e+21,4.5865922602422415,24.02712723664461,21.19758760108271,False,True,True,
qasmbench_6fad7f3a11b4f50b_0,lowered,qasmbench,qft,63,24,2,79,158,74.3037807481771,69.57489085833677,2.331668450916889e+22,8.792838438412225e+20,4.728889889840332,26.517812959360278,22.706829115201547,False,True,True,
qasmbench_2b22f2a0a013cb91_0,semantic,qasmbench,qram,20,16,2,3,6,26.584962500721154,6.584962500721156,100663295.99999987,96.0,20.0,1048576.0,1048575.9999999974,False,True,True,
qasmbench_2b22f2a0a013cb91_0,semantic,qasmbench,qram,20,18,2,2,4,26.0,6.0,67108864.0,64.0,20.0,1048576.0,1048576.0,False,True,True,
qasmbench_2b22f2a0a013cb91_0,lowered,qasmbench,qram,20,16,2,3,6,26.584962500721154,6.584962500721156,100663295.99999987,96.0,20.0,1048576.0,1048575.9999999974,False,True,True,
qasmbench_2b22f2a0a013cb91_0,lowered,qasmbench,qram,20,18,2,2,4,26.0,6.0,67108864.0,64.0,20.0,1048576.0,1048576.0,False,True,True,
qasmbench_50a5f79da7cbb387_0,semantic,qasmbench,quantum_ml,33,16,2,7,14,40.807354922057606,39.326451432189444,1924145348608.002,689352736784.001,1.4809034898681617,2.7912348003209653,2.3272432117084585,False,True,True,
qasmbench_50a5f79da7cbb387_0,semantic,qasmbench,quantum_ml,33,18,2,4,8,40.0,39.32194570583691,1099511627776.0,687203155983.9989,0.6780542941630898,1.599980468951166,1.333319770103249,False,True,True,
qasmbench_50a5f79da7cbb387_0,semantic,qasmbench,quantum_ml,33,20,2,4,8,40.0,39.321998537294974,1099511627776.0,687228321807.9999,0.6780014627050264,1.599921878777262,1.3332790820686027,False,True,True,
qasmbench_50a5f79da7cbb387_0,semantic,qasmbench,quantum_ml,33,22,2,4,8,40.0,39.322209843782474,1099511627776.0,687328985103.998,0.6777901562175259,1.5996875609860037,1.3331163547599678,False,True,True,
qasmbench_50a5f79da7cbb387_0,semantic,qasmbench,quantum_ml,33,24,2,3,6,39.584962500721154,38.586839788017734,824633720831.9989,412853731343.99896,0.9981227127034202,1.9973992196885237,1.498536585365851,False,True,True,
qasmbench_50a5f79da7cbb387_0,lowered,qasmbench,quantum_ml,33,16,2,4,8,40.0,37.324198130194894,1099511627776.0,172069224464.00037,2.675801869805106,6.389937719548654,3.552447741979197,False,True,True,
qasmbench_50a5f79da7cbb387_0,lowered,qasmbench,quantum_ml,33,18,2,3,6,39.584962500721154,37.022454511011865,824633720831.9989,139594825743.99994,2.562507989709289,5.907337298764051,2.9766540499621503,False,True,True,
qasmbench_50a5f79da7cbb387_0,lowered,qasmbench,quantum_ml,33,20,2,3,6,39.584962500721154,37.1702380524859,824633720831.9989,154652377103.9992,2.414724448235255,5.332176176493277,2.82320505456635,False,True,True,
qasmbench_50a5f79da7cbb387_0,lowered,qasmbench,quantum_ml,33,22,2,3,6,39.584962500721154,38.00070426909518,824633720831.9989,275012124687.9998,1.5842582316259737,2.998535870982207,1.9993491701919952,False,True,True,
qasmbench_50a5f79da7cbb387_0,lowered,qasmbench,quantum_ml,33,24,2,2,4,39.0,37.00562454936117,549755813888.0,137975824399.99963,1.9943754506388274,3.9844357972033357,1.9961013645224253,False,True,True,
qasmbench_df6c9e37a068afe0_0,semantic,qasmbench,quantum_ml,51,16,2,11,22,59.459431618637296,57.857984078962694,7.926335344172068e+17,2.6120933673533296e+17,1.6014475396746022,3.034476272264083,2.666661657458831,False,True,True,
qasmbench_df6c9e37a068afe0_0,semantic,qasmbench,quantum_ml,51,18,2,10,20,59.32192809488736,57.83289043662535,7.205759403792791e+17,2.567052539304338e+17,1.4890376582620135,2.80701672188818,2.461537829447253,False,True,True,
qasmbench_df6c9e37a068afe0_0,semantic,qasmbench,quantum_ml,51,20,2,9,18,59.16992500144231,57.8077574406243,6.485183463413498e+17,2.5227195435293027e+17,1.3621675608180084,2.570711231079091,2.249450767142791,False,True,True,
qasmbench_df6c9e37a068afe0_0,semantic,qasmbench,quantum_ml,51,22,2,8,16,59.0,57.8073557336005,5.764607523034235e+17,2.5220172100088502e+17,1.1926442663994976,2.285712999957683,1.9999990155925325,False,True,True,
qasmbench_df6c9e37a068afe0_0,semantic,qasmbench,quantum_ml,51,24,2,7,14,58.807354922057606,57.32220988243743,5.0440315826549606e+17,1.8017917429874605e+17,1.4851450396201784,2.7994531567181595,2.332953568692863,False,True,True,
qasmbench_df6c9e37a068afe0_0,lowered,qasmbench,quantum_ml,51,16,2,6,12,58.584962500721154,55.324198404867396,4.3234556422756704e+17,4.510692336572822e+16,3.2607640958537587,9.584904754467443,5.328671048678324,False,True,True,
qasmbench_df6c9e37a068afe0_0,lowered,qasmbench,quantum_ml,51,18,2,5,10,58.32192809488736,55.04456621714823,3.6028797018963955e+17,3.715912934044468e+16,3.277361877739132,9.695813023194154,4.922778771191731,False,True,True,
qasmbench_df6c9e37a068afe0_0,lowered,qasmbench,quantum_ml,51,20,2,5,10,58.32192809488736,55.58590511715739,3.6028797018963955e+17,5.407851737304245e+16,2.7360229777299736,6.662312276505553,3.998432009883556,False,True,True,
qasmbench_df6c9e37a068afe0_0,lowered,qasmbench,quantum_ml,51,22,2,4,8,58.0,55.011249103720466,2.8823037615171174e+17,3.631082188570613e+16,2.9887508962795337,7.937864283517487,3.984405509953616,False,True,True,
qasmbench_df6c9e37a068afe0_0,lowered,qasmbench,quantum_ml,51,24,2,4,8,58.0,55.0875457345066,2.8823037615171174e+17,3.82827963927756e+16,2.912454265493402,7.52897915801428,3.8786730699570495,False,True,True,
qasmbench_45093e91e2bd96bf_0,semantic,qasmbench,random,32,16,2,36,72,42.16992500144231,41.971903447510385,4947802324991.987,4313223004176.0103,0.19802155393192322,1.1471241621872055,1.1291344755352168,False,True,True,
qasmbench_45093e91e2bd96bf_0,semantic,qasmbench,random,32,18,2,30,60,41.906890595608516,41.70822509855699,4123168604159.9927,3592748531728.0034,0.19866549705152892,1.1476362923115226,1.1260971267936029,False,True,True,
qasmbench_45093e91e2bd96bf_0,semantic,qasmbench,random,32,20,2,24,48,41.584962500721154,41.37939529048609,3298534883327.9956,2860481773583.9976,0.20556721023506697,1.1531396262648255,1.126086807106774,False,True,True,
qasmbench_45093e91e2bd96bf_0,semantic,qasmbench,random,32,22,2,20,40,41.32192809488736,41.13963128675418,2748779069439.999,2422495772687.9976,0.18229680813318083,1.1346889024247742,1.1033888260330795,False,True,True,
qasmbench_45093e91e2bd96bf_0,semantic,qasmbench,random,32,24,2,18,36,41.16992500144231,40.977637690416536,2473901162495.9937,2165200388111.9983,0.19228731102577257,1.142573766418532,1.1074260994953107,False,True,True,
qasmbench_45093e91e2bd96bf_0,lowered,qasmbench,random,32,16,2,37,74,42.20945336562895,42.01715706618639,5085241278464.011,4450661957648.007,0.19229629944256033,1.1425808850131933,1.1252073657232995,False,True,True,
qasmbench_45093e91e2bd96bf_0,lowered,qasmbench,random,32,18,2,33,66,42.04439411935845,41.86496293687576,4535485464575.991,4005065392143.997,0.17943118248268775,1.1324373063851647,1.1133345551064275,False,True,True,
qasmbench_45093e91e2bd96bf_0,lowered,qasmbench,random,32,20,2,26,52,41.70043971814109,41.51176809349351,3573412790271.9966,3135359680528.011,0.1886716246475828,1.1397138301115792,1.1152698216548491,False,True,True,
qasmbench_45093e91e2bd96bf_0,lowered,qasmbench,random,32,22,2,23,46,41.523561956057016,41.33098688297733,3161095929856.0063,2766093156368.0024,0.1925750730796878,1.1428016885760488,1.1150987169168118,False,True,True,
qasmbench_45093e91e2bd96bf_0,lowered,qasmbench,random,32,24,2,18,36,41.16992500144231,40.977637690416536,2473901162495.9937,2165200388111.9983,0.19228731102577257,1.142573766418532,1.1074260994953107,False,True,True,
qasmbench_5fb6ea3de82da405_0,semantic,qasmbench,random,100,16,2,465,930,113.86108690599539,113.78029888820366,1.886264093139604e+34,1.7835401113872472e+34,0.08078801779173261,1.057595554535893,1.0563942235308925,False,True,True,
qasmbench_5fb6ea3de82da405_0,semantic,qasmbench,random,100,18,2,392,784,113.61470984411521,113.53676824876896,1.590140912926294e+34,1.5065128959006144e+34,0.07794159534624612,1.055510986499512,1.0540918467991636,False,True,True,
qasmbench_5fb6ea3de82da405_0,semantic,qasmbench,random,100,20,2,337,674,113.39660478118186,113.31649951242643,1.367034407286128e+34,1.2931989903915302e+34,0.08010526875543178,1.0570951705369358,1.055439828777592,False,True,True,
qasmbench_5fb6ea3de82da405_0,semantic,qasmbench,random,100,22,2,300,600,113.22881869049588,113.15090040586387,1.2169445762191037e+34,1.1529621719118503e+34,0.07791828463201966,1.0554939319484846,1.053640413510296,False,True,True,
qasmbench_5fb6ea3de82da405_0,semantic,qasmbench,random,100,24,2,265,530,113.04984854945056,112.97181896318702,1.0749677089935365e+34,1.0183713497588993e+34,0.07802958626353984,1.0555753647704604,1.0534772051758678,False,True,True,
qasmbench_5fb6ea3de82da405_0,lowered,qasmbench,random,100,16,2,464,928,113.85798099512758,113.77701388686502,1.8822076112188805e+34,1.779483629466413e+34,0.0809671082625556,1.057726848424714,1.0565226325255843,False,True,True,
qasmbench_5fb6ea3de82da405_0,lowered,qasmbench,random,100,18,2,391,782,113.61102479730735,113.5328783653616,1.5860844310055595e+34,1.5024564139798947e+34,0.0781464319457541,1.0556608606063589,1.0542376924865065,False,True,True,
qasmbench_5fb6ea3de82da405_0,lowered,qasmbench,random,100,20,2,337,674,113.39660478118186,113.31649951242643,1.367034407286128e+34,1.2931989903915302e+34,0.08010526875543178,1.0570951705369358,1.055439828777592,False,True,True,
qasmbench_5fb6ea3de82da405_0,lowered,qasmbench,random,100,22,2,297,594,113.21431912080077,113.13559191427332,1.2047751304569097e+34,1.1407927261496572e+34,0.07872720652744647,1.056085915382019,1.0542116089307907,False,True,True,
qasmbench_5fb6ea3de82da405_0,lowered,qasmbench,random,100,24,2,265,530,113.04984854945056,112.97181896318702,1.0749677089935365e+34,1.0183713497588993e+34,0.07802958626353984,1.0555753647704604,1.0534772051758678,False,True,True,
qasmbench_a7b6a6a5c8339728_0,semantic,qasmbench,state_preparation,22,16,2,2,4,28.0,26.044394452900526,268435456.0,69206032.00000004,1.9556055470994735,3.878786982036477,1.969230769230767,False,True,True,
qasmbench_a7b6a6a5c8339728_0,semantic,qasmbench,state_preparation,22,18,2,2,4,28.0,26.169925307189214,268435456.0,75497487.99999994,1.8300746928107863,3.5555548020352705,1.8823529411764663,False,True,True,
qasmbench_a7b6a6a5c8339728_0,semantic,qasmbench,state_preparation,22,20,2,2,4,28.0,26.58496273003134,268435456.0,100663312.00000001,1.4150372699686606,2.666666242811482,1.5999999999999968,False,True,True,
qasmbench_a7b6a6a5c8339728_0,lowered,qasmbench,state_preparation,22,16,2,2,4,28.0,26.044394452900526,268435456.0,69206032.00000004,1.9556055470994735,3.878786982036477,1.969230769230767,False,True,True,
qasmbench_a7b6a6a5c8339728_0,lowered,qasmbench,state_preparation,22,18,2,2,4,28.0,26.169925307189214,268435456.0,75497487.99999994,1.8300746928107863,3.5555548020352705,1.8823529411764663,False,True,True,
qasmbench_a7b6a6a5c8339728_0,lowered,qasmbench,state_preparation,22,20,2,2,4,28.0,26.58496273003134,268435456.0,100663312.00000001,1.4150372699686606,2.666666242811482,1.5999999999999968,False,True,True,
qasmbench_27e77c753e2993b3_0,semantic,qasmbench,state_preparation,23,16,2,2,4,29.0,27.02236798236521,536870912.0,136314896.00000018,1.9776320176347895,3.9384610761834806,1.984496124031008,False,True,True,
qasmbench_27e77c753e2993b3_0,semantic,qasmbench,state_preparation,23,18,2,2,4,29.0,27.087463003116355,536870912.0,142606352.0,1.9125369968836452,3.7647054599643637,1.9393939393939383,False,True,True,
qasmbench_27e77c753e2993b3_0,semantic,qasmbench,state_preparation,23,20,2,2,4,29.0,27.32192823247348,536870912.0,167772176.00000024,1.6780717675265215,3.1999996948242435,1.7777777777777737,False,True,True,
qasmbench_27e77c753e2993b3_0,semantic,qasmbench,state_preparation,23,22,2,2,4,29.0,28.000000085991324,536870912.0,268435472.00000024,0.9999999140086757,1.9999998807907156,1.3333333333333317,False,True,True,
qasmbench_27e77c753e2993b3_0,lowered,qasmbench,state_preparation,23,16,2,2,4,29.0,27.02236798236521,536870912.0,136314896.00000018,1.9776320176347895,3.9384610761834806,1.984496124031008,False,True,True,
qasmbench_27e77c753e2993b3_0,lowered,qasmbench,state_preparation,23,18,2,2,4,29.0,27.087463003116355,536870912.0,142606352.0,1.9125369968836452,3.7647054599643637,1.9393939393939383,False,True,True,
qasmbench_27e77c753e2993b3_0,lowered,qasmbench,state_preparation,23,20,2,2,4,29.0,27.32192823247348,536870912.0,167772176.00000024,1.6780717675265215,3.1999996948242435,1.7777777777777737,False,True,True,
qasmbench_27e77c753e2993b3_0,lowered,qasmbench,state_preparation,23,22,2,2,4,29.0,28.000000085991324,536870912.0,268435472.00000024,0.9999999140086757,1.9999998807907156,1.3333333333333317,False,True,True,
qasmbench_ecd71063a3bf7e3a_0,semantic,qasmbench,state_preparation,27,16,2,4,8,34.0,33.32196331865404,17179869184.0,10737680400.000015,0.678036681345958,1.5999609360695795,1.3333062071491033,False,True,True,
qasmbench_ecd71063a3bf7e3a_0,semantic,qasmbench,state_preparation,27,18,2,4,8,34.0,33.32206897834567,17179869184.0,10738466832.000036,0.6779310216543344,1.5998437628735773,1.3332248352184872,False,True,True,
qasmbench_ecd71063a3bf7e3a_0,semantic,qasmbench,state_preparation,27,20,2,3,6,33.584962500721154,32.58590145327142,12884901887.999983,6446645264.000029,0.9990610474497394,1.9986987588650353,1.4992679355783278,False,True,True,
qasmbench_ecd71063a3bf7e3a_0,semantic,qasmbench,state_preparation,27,22,2,3,6,33.584962500721154,32.58871463915593,12884901887.999983,6459228176.00001,0.996247861565223,1.994805189863905,1.497076023391806,False,True,True,
qasmbench_ecd71063a3bf7e3a_0,semantic,qasmbench,state_preparation,27,24,2,3,6,33.584962500721154,32.599912845733165,12884901887.999983,6509559824.000015,0.9850496549879892,1.9793814384337938,1.4883720930232502,False,True,True,
qasmbench_ecd71063a3bf7e3a_0,lowered,qasmbench,state_preparation,27,16,2,5,10,34.32192809488736,33.58519729705122,21474836479.999992,12886999055.999983,0.7367307978361453,1.6663954413810287,1.428372157902077,False,True,True,
qasmbench_ecd71063a3bf7e3a_0,lowered,qasmbench,state_preparation,27,18,2,5,10,34.32192809488736,33.58590145148109,21474836479.999992,12893290512.000006,0.7360266434062694,1.6655823011211137,1.4277746793084205,False,True,True,
qasmbench_ecd71063a3bf7e3a_0,lowered,qasmbench,state_preparation,27,20,2,4,8,34.0,33.00562455187065,17179869184.0,8623489040.000013,0.9943754481293503,1.9922178951363303,1.5950155763239862,False,True,True,
qasmbench_ecd71063a3bf7e3a_0,lowered,qasmbench,state_preparation,27,22,2,4,8,34.0,33.02236781567434,17179869184.0,8724152336.000011,0.9776321843256603,1.969230765619224,1.5802469135802473,False,True,True,
qasmbench_ecd71063a3bf7e3a_0,lowered,qasmbench,state_preparation,27,24,2,4,8,34.0,33.0874628437795,17179869184.0,9126805520.000013,0.9125371562205018,1.8823529378765567,1.5238095238095206,False,True,True,
qasmbench_f31c4f2beba87afc_0,semantic,qasmbench,state_preparation,40,16,2,3,6,46.584962500721154,44.00140836620897,105553116266495.86,17609368010767.98,2.583554134512184,5.994145627597255,2.9985356925172257,False,True,True,
qasmbench_f31c4f2beba87afc_0,semantic,qasmbench,state_preparation,40,18,2,3,6,46.584962500721154,44.02236849037664,105553116266495.86,17867072339983.992,2.5625940103445117,5.907689534019675,2.9767434818371825,False,True,True,
qasmbench_f31c4f2beba87afc_0,semantic,qasmbench,state_preparation,40,20,2,3,6,46.584962500721154,44.32193029626467,105553116266495.86,21990266109968.066,2.2630322044564863,4.799992675788912,2.6666644061072278,False,True,True,
qasmbench_f31c4f2beba87afc_0,semantic,qasmbench,state_preparation,40,22,2,2,4,46.0,44.00001100684898,70368744177664.0,17592320262159.992,1.999988993151021,3.9999694826510677,1.9999923706345728,False,True,True,
qasmbench_f31c4f2beba87afc_0,semantic,qasmbench,state_preparation,40,24,2,2,4,46.0,44.00004402688814,70368744177664.0,17592722915344.016,1.9999559731118595,3.9998779334090355,1.9999694828875338,False,True,True,
qasmbench_f31c4f2beba87afc_0,lowered,qasmbench,state_preparation,40,16,2,3,6,46.584962500721154,44.00140836620897,105553116266495.86,17609368010767.98,2.583554134512184,5.994145627597255,2.9985356925172257,False,True,True,
qasmbench_f31c4f2beba87afc_0,lowered,qasmbench,state_preparation,40,18,2,3,6,46.584962500721154,44.02236849037664,105553116266495.86,17867072339983.992,2.5625940103445117,5.907689534019675,2.9767434818371825,False,True,True,
qasmbench_f31c4f2beba87afc_0,lowered,qasmbench,state_preparation,40,20,2,3,6,46.584962500721154,44.32193029626467,105553116266495.86,21990266109968.066,2.2630322044564863,4.799992675788912,2.6666644061072278,False,True,True,
qasmbench_f31c4f2beba87afc_0,lowered,qasmbench,state_preparation,40,22,2,2,4,46.0,44.00001100684898,70368744177664.0,17592320262159.992,1.999988993151021,3.9999694826510677,1.9999923706345728,False,True,True,
qasmbench_f31c4f2beba87afc_0,lowered,qasmbench,state_preparation,40,24,2,2,4,46.0,44.00004402688814,70368744177664.0,17592722915344.016,1.9999559731118595,3.9998779334090355,1.9999694828875338,False,True,True,
qasmbench_b11a71ff3339a218_0,semantic,qasmbench,state_preparation,76,16,2,12,24,84.58496250072116,83.70054810282967,2.9014219670751203e+25,1.5717216390743698e+25,0.88441439789149,1.8460151562103884,1.7141661289478818,False,True,True,
qasmbench_b11a71ff3339a218_0,semantic,qasmbench,state_preparation,76,18,2,10,20,84.32192809488737,83.45943562125922,2.417851639229269e+25,1.3298220910374938e+25,0.8624924736281514,1.8181767738140988,1.6666624279955775,False,True,True,
qasmbench_b11a71ff3339a218_0,semantic,qasmbench,state_preparation,76,20,2,9,18,84.16992500144231,83.17117680719815,2.176066475306327e+25,1.0889777181555556e+25,0.9987481942441576,1.9982653814001046,1.7985948370630023,False,True,True,
qasmbench_b11a71ff3339a218_0,semantic,qasmbench,state_preparation,76,22,2,8,16,84.0,83.16992561293722,1.9342813113834067e+25,1.0880336988226488e+25,0.8300743870627798,1.7777770242562108,1.5999993896475084,False,True,True,
qasmbench_b11a71ff3339a218_0,semantic,qasmbench,state_preparation,76,24,2,7,14,83.8073549220576,82.807405238414,1.6924961474604742e+25,8.462775885348317e+24,0.9999496836435924,1.999930247935206,1.749946595842564,False,True,True,
qasmbench_b11a71ff3339a218_0,lowered,qasmbench,state_preparation,76,16,2,17,34,85.08746284125034,84.17990969732854,4.110347786689749e+25,2.1911789704450106e+25,0.9075531439218025,1.8758612793070804,1.7777770685390593,False,True,True,
qasmbench_b11a71ff3339a218_0,lowered,qasmbench,state_preparation,76,18,2,14,28,84.8073549220576,83.90707843716253,3.3849922949209484e+25,1.8136248513490118e+25,0.9002764848950733,1.8664236390470281,1.7497863997680847,False,True,True,
qasmbench_b11a71ff3339a218_0,lowered,qasmbench,state_preparation,76,20,2,13,26,84.7004397181411,83.75488770599553,3.1432071309980483e+25,1.632050087064938e+25,0.9455520121455692,1.9259256538203184,1.7931032124078685,False,True,True,
qasmbench_b11a71ff3339a218_0,lowered,qasmbench,state_preparation,76,22,2,11,22,84.4594316186373,83.58497717651339,2.6596368031521825e+25,1.4507257409468978e+25,0.8744544421239056,1.8333146838741698,1.6922918016318347,False,True,True,
qasmbench_b11a71ff3339a218_0,lowered,qasmbench,state_preparation,76,24,2,10,20,84.32192809488737,83.32305476061016,2.417851639229269e+25,1.2098702931363852e+25,0.9988733342772065,1.998438719378253,1.8168914120417399,False,True,True,
qasmbench_9e199ccf5888ff36_0,semantic,qasmbench,state_preparation,78,16,2,6,12,85.58496250072116,82.00281535894372,5.802843934150241e+25,4.845149164486491e+24,3.5821471417774404,11.976605336907623,5.994145627515597,False,True,True,
qasmbench_9e199ccf5888ff36_0,semantic,qasmbench,state_preparation,78,18,2,5,10,85.32192809488737,82.00008805511727,4.835703278458538e+25,4.835998435371187e+24,3.3218400397700947,9.999389667063394,4.999847412109425,False,True,True,
qasmbench_9e199ccf5888ff36_0,semantic,qasmbench,state_preparation,78,20,2,5,10,85.32192809488737,82.02236798236649,4.835703278458538e+25,4.911261718649544e+24,3.2995601125208793,9.846152690450017,4.961240016654688,False,True,True,
qasmbench_9e199ccf5888ff36_0,semantic,qasmbench,state_preparation,78,22,2,4,8,85.0,82.00001100686866,3.8685626227668134e+25,4.835740172017032e+24,2.999988993131339,7.999938965192996,3.999984741240048,False,True,True,
qasmbench_9e199ccf5888ff36_0,semantic,qasmbench,state_preparation,78,24,2,4,8,85.0,82.00070426934698,3.8685626227668134e+25,4.83806446282584e+24,2.9992957306530172,7.9960956545569575,3.999023675394956,False,True,True,
qasmbench_9e199ccf5888ff36_0,lowered,qasmbench,state_preparation,78,16,2,6,12,85.58496250072116,82.00281535894372,5.802843934150241e+25,4.845149164486491e+24,3.5821471417774404,11.976605336907623,5.994145627515597,False,True,True,
qasmbench_9e199ccf5888ff36_0,lowered,qasmbench,state_preparation,78,18,2,5,10,85.32192809488737,82.00008805511727,4.835703278458538e+25,4.835998435371187e+24,3.3218400397700947,9.999389667063394,4.999847412109425,False,True,True,
qasmbench_9e199ccf5888ff36_0,lowered,qasmbench,state_preparation,78,20,2,5,10,85.32192809488737,82.02236798236649,4.835703278458538e+25,4.911261718649544e+24,3.2995601125208793,9.846152690450017,4.961240016654688,False,True,True,
qasmbench_9e199ccf5888ff36_0,lowered,qasmbench,state_preparation,78,22,2,4,8,85.0,82.00001100686866,3.8685626227668134e+25,4.835740172017032e+24,2.999988993131339,7.999938965192996,3.999984741240048,False,True,True,
qasmbench_9e199ccf5888ff36_0,lowered,qasmbench,state_preparation,78,24,2,4,8,85.0,82.00070426934698,3.8685626227668134e+25,4.83806446282584e+24,2.9992957306530172,7.9960956545569575,3.999023675394956,False,True,True,
qasmbench_f7dbdb1c724d36e4_0,semantic,qasmbench,state_preparation,118,16,2,18,36,127.16992500144231,126.2479367835051,1.914088313930274e+38,1.0102197679599742e+38,0.9219882179372121,1.8947246674805829,1.799989012397691,False,True,True,
qasmbench_f7dbdb1c724d36e4_0,semantic,qasmbench,state_preparation,118,18,2,16,32,127.0,126.08748356058497,1.7014118346046923e+38,9.038880182720352e+37,0.9125164394150289,1.8823259078677526,1.7777536647146461,False,True,True,
qasmbench_f7dbdb1c724d36e4_0,semantic,qasmbench,state_preparation,118,20,2,14,28,126.8073549220576,125.9068935307985,1.4887353552791e+38,7.975384200760959e+37,0.9004613912590997,1.8666628689023588,1.7499966621207905,False,True,True,
qasmbench_f7dbdb1c724d36e4_0,semantic,qasmbench,state_preparation,118,22,2,13,26,126.7004397181411,125.71424554387305,1.382397115616318e+38,6.978447104636088e+37,0.98619417426805,1.9809523449678814,1.8407079335320706,False,True,True,
qasmbench_f7dbdb1c724d36e4_0,semantic,qasmbench,state_preparation,118,24,2,11,22,126.4594316186373,125.45946363833986,1.1697206362907252e+38,5.848732988936939e+37,0.9999679802974413,1.9999556117594843,1.833296034812233,False,True,True,
qasmbench_f7dbdb1c724d36e4_0,lowered,qasmbench,state_preparation,118,16,2,26,52,127.7004397181411,126.76155163825314,2.764794231232636e+38,1.442212781099583e+38,0.9388880798879597,1.9170501520064747,1.8488883873152129,False,True,True,
qasmbench_f7dbdb1c724d36e4_0,lowered,qasmbench,state_preparation,118,18,2,23,46,127.52356195605701,126.59245715133083,2.445779512244238e+38,1.2827051173460257e+38,0.931104804726175,1.9067356005444693,1.830845632154662,False,True,True,
qasmbench_f7dbdb1c724d36e4_0,lowered,qasmbench,state_preparation,118,20,2,20,40,127.32192809488737,126.39285404191952,2.126764793255875e+38,1.1169669017925723e+38,0.9290740529678487,1.9040535488050017,1.8175363837652367,False,True,True,
qasmbench_f7dbdb1c724d36e4_0,lowered,qasmbench,state_preparation,118,22,2,18,36,127.16992500144231,126.24792983068386,1.914088313930274e+38,1.0102148993908495e+38,0.92199517075845,1.8947337988030584,1.7999972534195279,False,True,True,
qasmbench_f7dbdb1c724d36e4_0,lowered,qasmbench,state_preparation,118,24,2,16,32,127.0,126.00281501627755,1.7014118346046923e+38,8.523674526932181e+37,0.9971849837224482,1.9961013635947218,1.8788990817468614,False,True,True,
qasmbench_8e7ae59d4f9d3d31_0,semantic,qasmbench,state_preparation,127,16,2,10,20,135.32192809488737,131.0223705227449,5.44451787073504e+40,2.764799424163356e+39,4.2995575721424615,19.692270705613765,9.922471229557912,False,True,True,
qasmbench_8e7ae59d4f9d3d31_0,semantic,qasmbench,state_preparation,127,18,2,9,18,135.16992500144232,131.16992989353426,4.90006608366155e+40,3.062551687199062e+39,3.999995107908063,15.999945745056259,8.470573028866909,False,True,True,
qasmbench_8e7ae59d4f9d3d31_0,semantic,qasmbench,state_preparation,127,20,2,8,16,135.0,131.0874634887192,4.3556142965880123e+40,2.89240141691205e+39,3.912536511280777,15.058816771145331,7.757573964059314,False,True,True,
qasmbench_8e7ae59d4f9d3d31_0,semantic,qasmbench,state_preparation,127,22,2,7,14,134.8073549220576,131.00281502097107,3.811162509514533e+40,2.727575857491918e+39,3.8045399010865566,13.97270949970587,6.993170718694229,False,True,True,
qasmbench_8e7ae59d4f9d3d31_0,semantic,qasmbench,state_preparation,127,24,2,6,12,134.58496250072116,131.00000550343697,3.266710722441021e+40,2.722269319966199e+39,3.584956997284209,11.999954223785672,5.9999885559246104,False,True,True,
qasmbench_8e7ae59d4f9d3d31_0,lowered,qasmbench,state_preparation,127,16,2,10,20,135.32192809488737,131.0223705227449,5.44451787073504e+40,2.764799424163356e+39,4.2995575721424615,19.692270705613765,9.922471229557912,False,True,True,
qasmbench_8e7ae59d4f9d3d31_0,lowered,qasmbench,state_preparation,127,18,2,9,18,135.16992500144232,131.16992989353426,4.90006608366155e+40,3.062551687199062e+39,3.999995107908063,15.999945745056259,8.470573028866909,False,True,True,
qasmbench_8e7ae59d4f9d3d31_0,lowered,qasmbench,state_preparation,127,20,2,8,16,135.0,131.0874634887192,4.3556142965880123e+40,2.89240141691205e+39,3.912536511280777,15.058816771145331,7.757573964059314,False,True,True,
qasmbench_8e7ae59d4f9d3d31_0,lowered,qasmbench,state_preparation,127,22,2,7,14,134.8073549220576,131.00281502097107,3.811162509514533e+40,2.727575857491918e+39,3.8045399010865566,13.97270949970587,6.993170718694229,False,True,True,
qasmbench_8e7ae59d4f9d3d31_0,lowered,qasmbench,state_preparation,127,24,2,6,12,134.58496250072116,131.00000550343697,3.266710722441021e+40,2.722269319966199e+39,3.584956997284209,11.999954223785672,5.9999885559246104,False,True,True,
qasmbench_45649f6f4af12870_0,semantic,qasmbench,swap_test,25,16,2,4,8,32.0,31.32249154619325,4294967296.0,2685403152.0000095,0.6775084538067517,1.5993752345159924,1.3328994467946587,False,True,True,
qasmbench_45649f6f4af12870_0,semantic,qasmbench,swap_test,25,18,2,3,6,31.584962500721154,30.58871464987693,3221225471.9999957,1614807056.0000055,0.9962478508442238,1.9948051750400482,1.4970760233918097,False,True,True,
qasmbench_45649f6f4af12870_0,semantic,qasmbench,swap_test,25,20,2,3,6,31.584962500721154,30.59991285637127,3221225471.9999957,1627389968.0000057,0.9850496443498855,1.9793814238382872,1.4883720930232502,False,True,True,
qasmbench_45649f6f4af12870_0,semantic,qasmbench,swap_test,25,22,2,3,6,31.584962500721154,30.64385620353334,3221225471.9999957,1677721616.0000026,0.9411062971878152,1.9199999816894477,1.4545454545454517,False,True,True,
qasmbench_45649f6f4af12870_0,semantic,qasmbench,swap_test,25,24,2,3,6,31.584962500721154,30.80735493434208,3221225471.9999957,1879048208.0000002,0.7776075663790749,1.714285699688656,1.3333333333333317,False,True,True,
qasmbench_45649f6f4af12870_0,lowered,qasmbench,swap_test,25,16,2,3,6,31.584962500721154,29.58871466417159,3221225471.9999957,807403536.0000017,1.9962478365495642,3.989610310549828,2.3962558502340054,False,True,True,
qasmbench_45649f6f4af12870_0,lowered,qasmbench,swap_test,25,18,2,2,4,31.0,29.022367855362646,2147483648.0,545259536.0000002,1.9776321446373544,3.938461422892013,1.984496124031008,False,True,True,
qasmbench_45649f6f4af12870_0,lowered,qasmbench,swap_test,25,20,2,2,4,31.0,29.08746288171685,2147483648.0,570425360.0000017,1.9125371182831508,3.764705776755777,1.9393939393939335,False,True,True,
qasmbench_45649f6f4af12870_0,lowered,qasmbench,swap_test,25,22,2,2,4,31.0,29.321928129283897,2147483648.0,671088656.0000024,1.6780718707161029,3.1999999237060455,1.7777777777777737,False,True,True,
qasmbench_45649f6f4af12870_0,lowered,qasmbench,swap_test,25,24,2,2,4,31.0,30.00000002149783,2147483648.0,1073741839.9999986,0.9999999785021707,1.9999999701976807,1.3333333333333317,False,True,True,
qasmbench_1637275b83d889f9_0,semantic,qasmbench,swap_test,41,16,2,6,12,48.584962500721154,47.80745555910952,422212465065983.44,246307785539599.22,0.7775069416116338,1.7141661362470566,1.4999084472659678,False,True,True,
qasmbench_1637275b83d889f9_0,semantic,qasmbench,swap_test,41,18,2,5,10,48.32192809488736,47.32418058096174,351843720888319.9,176196742545423.56,0.9977475139256242,1.996879827659779,1.6644993167773114,False,True,True,
qasmbench_1637275b83d889f9_0,semantic,qasmbench,swap_test,41,20,2,5,10,48.32192809488736,47.35755213884857,351843720888319.9,180319923732496.16,0.9643759560387934,1.9512193306507746,1.632652934120885,False,True,True,
qasmbench_1637275b83d889f9_0,semantic,qasmbench,swap_test,41,22,2,4,8,48.0,47.32192864523187,281474976710656.0,175921927553040.0,0.6780713547681287,1.599999389648525,1.3333329094782134,False,True,True,
qasmbench_1637275b83d889f9_0,semantic,qasmbench,swap_test,41,24,2,4,8,48.0,47.321930296263744,281474976710656.0,175922128879631.9,0.6780697037362557,1.5999975585973307,1.3333316379144837,False,True,True,
qasmbench_1637275b83d889f9_0,lowered,qasmbench,swap_test,41,16,2,5,10,48.32192809488736,46.00566844759985,351843720888319.9,70645771665423.9,2.3162596472875094,4.980393201091218,3.3246077951606705,False,True,True,
qasmbench_1637275b83d889f9_0,lowered,qasmbench,swap_test,41,18,2,4,8,48.0,45.08779462844616,281474976710656.0,37391993667600.02,2.9122053715538385,7.527680369569399,3.878328348037627,False,True,True,
qasmbench_1637275b83d889f9_0,lowered,qasmbench,swap_test,41,20,2,4,8,48.0,45.58590236633495,281474976710656.0,52810951426064.02,2.414097633665051,5.329859983771063,3.1987492683410506,False,True,True,
qasmbench_1637275b83d889f9_0,lowered,qasmbench,swap_test,41,22,2,3,6,47.584962500721154,45.00563003121476,211106232532991.72,35321945260047.89,2.5793324695063973,5.976630986169687,2.9941463470349996,False,True,True,
qasmbench_1637275b83d889f9_0,lowered,qasmbench,swap_test,41,24,2,3,6,47.584962500721154,45.04441546589625,211106232532991.72,36284420587535.94,2.540547034824904,5.818095731298762,2.9538239646637274,False,True,True,
qasmbench_f424a498f16be2a3_0,semantic,qasmbench,swap_test,83,16,2,12,24,91.58496250072116,90.70049390819537,3.713820117856154e+27,2.0117281263144473e+27,0.884468592525792,1.8460845028100275,1.7142259231808958,False,True,True,
qasmbench_f424a498f16be2a3_0,semantic,qasmbench,swap_test,83,18,2,11,22,91.4594316186373,90.52356291319214,3.4043351080347936e+27,1.7795399870823662e+27,0.9358687054451593,1.9130422090803085,1.7599989257655106,False,True,True,
qasmbench_f424a498f16be2a3_0,semantic,qasmbench,swap_test,83,20,2,9,18,91.16992500144231,90.17023805353072,2.7853650883920985e+27,1.3929847768038881e+27,0.9996869479115844,1.999566064736856,1.7996485048105575,False,True,True,
qasmbench_f424a498f16be2a3_0,semantic,qasmbench,swap_test,83,22,2,9,18,91.16992500144231,90.24792758585741,2.7853650883920985e+27,1.4700538704384467e+27,0.9219974155848973,1.894736747001902,1.714285636434665,False,True,True,
qasmbench_f424a498f16be2a3_0,semantic,qasmbench,swap_test,83,24,2,8,16,91.0,90.16992989338614,2.4758800785707605e+27,1.3926872665636588e+27,0.83007010661386,1.7777717496332042,1.5999951172012465,False,True,True,
qasmbench_f424a498f16be2a3_0,lowered,qasmbench,swap_test,83,16,2,9,18,91.16992500144231,87.08813091028111,2.7853650883920985e+27,1.6449006427540295e+26,4.0817940911612,16.933333333304606,8.725190839686993,False,True,True,
qasmbench_f424a498f16be2a3_0,lowered,qasmbench,swap_test,83,18,2,8,16,91.0,87.0877956045147,2.4758800785707605e+27,1.644518385543701e+26,3.912204395485304,15.055350553300139,7.756653992340909,False,True,True,
qasmbench_f424a498f16be2a3_0,lowered,qasmbench,swap_test,83,20,2,7,14,90.8073549220576,87.02241124758538,2.166395068749407e+27,1.571650881757945e+26,3.784943674472217,13.784200383778746,6.945631067560607,False,True,True,
qasmbench_f424a498f16be2a3_0,lowered,qasmbench,swap_test,83,22,2,7,14,90.8073549220576,88.00070495794957,2.166395068749407e+27,3.096362734111218e+26,2.8066499641080327,6.996580358248146,4.665146578356734,False,True,True,
qasmbench_f424a498f16be2a3_0,lowered,qasmbench,swap_test,83,24,2,6,12,90.58496250072116,87.04441547632884,1.856910058928077e+27,1.5958057052642037e+26,3.5405470243923247,11.636191378452581,5.907647907637352,False,True,True,
qasmbench_52f452fdbb48d20b_0,semantic,qasmbench,swap_test,115,16,2,17,34,124.08746284125034,123.12928553295684,2.259687592834362e+37,1.163076524676573e+37,0.9581773082935001,1.9428537545822562,1.8378348059626692,False,True,True,
qasmbench_52f452fdbb48d20b_0,semantic,qasmbench,swap_test,115,18,2,15,30,123.90689059560852,122.95419702051946,1.9938419936773703e+37,1.0301522038012937e+37,0.9526935750890573,1.9354829182717186,1.818180977464727,False,True,True,
qasmbench_52f452fdbb48d20b_0,semantic,qasmbench,swap_test,115,20,2,13,26,123.7004397181411,122.70390358664244,1.7279963945203975e+37,8.660751239264656e+36,0.996536131498658,1.9952038186783363,1.8530066657713031,False,True,True,
qasmbench_52f452fdbb48d20b_0,semantic,qasmbench,swap_test,115,22,2,12,24,123.58496250072116,122.70045326503153,1.5950735949419047e+37,8.640063102317764e+36,0.8845092356896345,1.8461365108711,1.714270767016582,False,True,True,
qasmbench_52f452fdbb48d20b_0,semantic,qasmbench,swap_test,115,24,2,11,22,123.4594316186373,122.47573343483118,1.4621507953634065e+37,7.393830746360675e+36,0.9836981838061121,1.9775280845901066,1.81443298523097,False,True,True,
qasmbench_52f452fdbb48d20b_0,lowered,qasmbench,swap_test,115,16,2,13,26,123.7004397181411,120.0056687500867,1.7279963945203975e+37,1.3344611768706892e+36,3.6947709680543994,12.949019607843132,8.643979057591704,False,True,True,
qasmbench_52f452fdbb48d20b_0,lowered,qasmbench,swap_test,115,18,2,11,22,123.4594316186373,119.08779560449503,1.4621507953634065e+37,7.063152683484624e+35,4.371636014142268,20.70110701106989,10.665399239543754,False,True,True,
qasmbench_52f452fdbb48d20b_0,lowered,qasmbench,swap_test,115,20,2,10,20,123.32192809488737,119.17023866489413,1.3292279957849218e+37,7.478533244386821e+35,4.15168942999324,17.77391304347819,9.410681399631716,False,True,True,
qasmbench_52f452fdbb48d20b_0,lowered,qasmbench,swap_test,115,22,2,9,18,123.16992500144231,119.08754579528198,1.1963051962064212e+37,7.061929772327497e+35,4.082379206160326,16.94020239190425,8.72701421800945,False,True,True,
qasmbench_52f452fdbb48d20b_0,lowered,qasmbench,swap_test,115,24,2,8,16,123.0,119.01123271886308,1.0633823966279327e+37,6.698088312907427e+35,3.9887672811369157,15.875908870576717,7.968856447688556,False,True,True,
qasmbench_44d66b3aaca34692_0,semantic,qasmbench,unknown,25,16,2,4,8,32.0,31.32249154619325,4294967296.0,2685403152.0000095,0.6775084538067517,1.5993752345159924,1.3328994467946587,False,True,True,
qasmbench_44d66b3aaca34692_0,semantic,qasmbench,unknown,25,18,2,3,6,31.584962500721154,30.58871464987693,3221225471.9999957,1614807056.0000055,0.9962478508442238,1.9948051750400482,1.4970760233918097,False,True,True,
qasmbench_44d66b3aaca34692_0,semantic,qasmbench,unknown,25,20,2,3,6,31.584962500721154,30.59991285637127,3221225471.9999957,1627389968.0000057,0.9850496443498855,1.9793814238382872,1.4883720930232502,False,True,True,
qasmbench_44d66b3aaca34692_0,semantic,qasmbench,unknown,25,22,2,3,6,31.584962500721154,30.64385620353334,3221225471.9999957,1677721616.0000026,0.9411062971878152,1.9199999816894477,1.4545454545454517,False,True,True,
qasmbench_44d66b3aaca34692_0,semantic,qasmbench,unknown,25,24,2,3,6,31.584962500721154,30.80735493434208,3221225471.9999957,1879048208.0000002,0.7776075663790749,1.714285699688656,1.3333333333333317,False,True,True,
qasmbench_44d66b3aaca34692_0,lowered,qasmbench,unknown,25,16,2,3,6,31.584962500721154,29.58871466417159,3221225471.9999957,807403536.0000017,1.9962478365495642,3.989610310549828,2.3962558502340054,False,True,True,
qasmbench_44d66b3aaca34692_0,lowered,qasmbench,unknown,25,18,2,2,4,31.0,29.022367855362646,2147483648.0,545259536.0000002,1.9776321446373544,3.938461422892013,1.984496124031008,False,True,True,
qasmbench_44d66b3aaca34692_0,lowered,qasmbench,unknown,25,20,2,2,4,31.0,29.08746288171685,2147483648.0,570425360.0000017,1.9125371182831508,3.764705776755777,1.9393939393939335,False,True,True,
qasmbench_44d66b3aaca34692_0,lowered,qasmbench,unknown,25,22,2,2,4,31.0,29.321928129283897,2147483648.0,671088656.0000024,1.6780718707161029,3.1999999237060455,1.7777777777777737,False,True,True,
qasmbench_44d66b3aaca34692_0,lowered,qasmbench,unknown,25,24,2,2,4,31.0,30.00000002149783,2147483648.0,1073741839.9999986,0.9999999785021707,1.9999999701976807,1.3333333333333317,False,True,True,
qasmbench_7f5af7d17ec13348_0,semantic,qasmbench,unknown,31,16,2,5,10,38.32192809488736,37.4594396237479,343597383679.9999,188979609616.00055,0.8624884711394643,1.8181717296282747,1.5384543154000285,False,True,True,
qasmbench_7f5af7d17ec13348_0,semantic,qasmbench,unknown,31,18,2,4,8,38.0,37.32196331663867,274877906944.0,171802886160.0006,0.6780366833613272,1.599960938304641,1.3333062071491,False,True,True,
qasmbench_7f5af7d17ec13348_0,semantic,qasmbench,unknown,31,20,2,4,8,38.0,37.32206897633044,274877906944.0,171815469072.00034,0.6779310236695579,1.5998437651083135,1.333224835218484,False,True,True,
qasmbench_7f5af7d17ec13348_0,semantic,qasmbench,unknown,31,22,2,3,6,37.584962500721154,36.585901449914566,206158430207.99973,103146323984.00032,0.9990610508065885,1.9986987635155884,1.499267935578324,False,True,True,
qasmbench_7f5af7d17ec13348_0,semantic,qasmbench,unknown,31,24,2,3,6,37.584962500721154,36.58871463580562,206158430207.99973,103347650576.00035,0.9962478649155315,1.994805194496355,1.4970760233918097,False,True,True,
qasmbench_7f5af7d17ec13348_0,lowered,qasmbench,unknown,31,16,2,4,8,38.0,36.011270941354844,274877906944.0,69258444816.00012,1.9887290586451556,3.9688720656993093,2.652796049302755,False,True,True,
qasmbench_7f5af7d17ec13348_0,lowered,qasmbench,unknown,31,18,2,3,6,37.584962500721154,35.08779430542005,206158430207.99973,36515610640.00007,2.497168195301107,5.645761541289108,2.90874659723043,False,True,True,
qasmbench_7f5af7d17ec13348_0,lowered,qasmbench,unknown,31,20,2,3,6,37.584962500721154,35.58590145013835,206158430207.99973,51573161999.99999,1.9990610505827995,3.9973975264111057,2.3990628660679336,False,True,True,
qasmbench_7f5af7d17ec13348_0,lowered,qasmbench,unknown,31,22,2,2,4,37.0,35.00562454986307,137438953472.0,34493956112.00001,1.9943754501369284,3.9844357958171908,1.9961013645224155,False,True,True,
qasmbench_7f5af7d17ec13348_0,lowered,qasmbench,unknown,31,24,2,2,4,37.0,35.022367813689925,137438953472.0,34896609295.99998,1.9776321863100712,3.938461536655758,1.984496124031008,False,True,True,
qasmbench_4b4358666bd1091c_0,semantic,qasmbench,unknown,39,16,2,9,18,47.16992500144231,46.322209860944064,158329674399743.6,87978111139856.02,0.847715140498245,1.7996484847015175,1.6360731226951903,False,True,True,
qasmbench_4b4358666bd1091c_0,semantic,qasmbench,unknown,39,18,2,8,16,47.0,46.17492575867321,140737488355328.0,79439719301135.84,0.8250742413267886,1.7716262040381567,1.595015500504656,False,True,True,
qasmbench_4b4358666bd1091c_0,semantic,qasmbench,unknown,39,20,2,7,14,46.807354922057606,45.906890962505145,123145302310912.12,65970714443792.05,0.9004639595524608,1.866666191948453,1.6470584539394486,False,True,True,
qasmbench_4b4358666bd1091c_0,semantic,qasmbench,unknown,39,22,2,6,12,46.584962500721154,45.80735649446993,105553116266495.86,61572718264335.94,0.7776060062512258,1.7142838458641543,1.4999985694898896,False,True,True,
qasmbench_4b4358666bd1091c_0,semantic,qasmbench,unknown,39,24,2,6,12,46.584962500721154,45.8073612116955,105553116266495.86,61572919590928.01,0.7776012890256538,1.7142782406252468,1.4999942779759277,False,True,True,
qasmbench_4b4358666bd1091c_0,lowered,qasmbench,unknown,39,16,2,5,10,46.32192809488736,44.011402160510144,87960930222079.97,17731774578704.043,2.3105259343772175,4.960638870726538,3.315793472186555,False,True,True,
qasmbench_4b4358666bd1091c_0,lowered,qasmbench,unknown,39,18,2,4,8,46.0,43.17117801958062,70368744177664.0,9904202973199.992,2.8288219804193773,7.1049376076072335,3.7629748852640597,False,True,True,
qasmbench_4b4358666bd1091c_0,lowered,qasmbench,unknown,39,20,2,4,8,46.0,44.586841620057605,70368744177664.0,26422672359440.01,1.413158379942395,2.6631955776616745,1.9980468768608253,False,True,True,
qasmbench_4b4358666bd1091c_0,lowered,qasmbench,unknown,39,22,2,3,6,45.584962500721154,43.022389487973996,52776558133247.93,8933666193423.982,2.5625730127471584,5.907603551618756,2.976721651513665,False,True,True,
qasmbench_4b4358666bd1091c_0,lowered,qasmbench,unknown,39,24,2,3,6,45.584962500721154,43.1700032705368,52776558133247.93,9896141520911.986,2.414959230184351,5.333043997170351,2.8234483154780694,False,True,True,
qasmbench_0b62f07ebd93d7a0_0,semantic,qasmbench,unknown,41,16,2,6,12,48.584962500721154,47.80745555910952,422212465065983.44,246307785539599.22,0.7775069416116338,1.7141661362470566,1.4999084472659678,False,True,True,
qasmbench_0b62f07ebd93d7a0_0,semantic,qasmbench,unknown,41,18,2,5,10,48.32192809488736,47.32418058096174,351843720888319.9,176196742545423.56,0.9977475139256242,1.996879827659779,1.6644993167773114,False,True,True,
qasmbench_0b62f07ebd93d7a0_0,semantic,qasmbench,unknown,41,20,2,5,10,48.32192809488736,47.35755213884857,351843720888319.9,180319923732496.16,0.9643759560387934,1.9512193306507746,1.632652934120885,False,True,True,
qasmbench_0b62f07ebd93d7a0_0,semantic,qasmbench,unknown,41,22,2,4,8,48.0,47.32192864523187,281474976710656.0,175921927553040.0,0.6780713547681287,1.599999389648525,1.3333329094782134,False,True,True,
qasmbench_0b62f07ebd93d7a0_0,semantic,qasmbench,unknown,41,24,2,4,8,48.0,47.321930296263744,281474976710656.0,175922128879631.9,0.6780697037362557,1.5999975585973307,1.3333316379144837,False,True,True,
qasmbench_0b62f07ebd93d7a0_0,lowered,qasmbench,unknown,41,16,2,5,10,48.32192809488736,46.00566844759985,351843720888319.9,70645771665423.9,2.3162596472875094,4.980393201091218,3.3246077951606705,False,True,True,
qasmbench_0b62f07ebd93d7a0_0,lowered,qasmbench,unknown,41,18,2,4,8,48.0,45.08779462844616,281474976710656.0,37391993667600.02,2.9122053715538385,7.527680369569399,3.878328348037627,False,True,True,
qasmbench_0b62f07ebd93d7a0_0,lowered,qasmbench,unknown,41,20,2,4,8,48.0,45.58590236633495,281474976710656.0,52810951426064.02,2.414097633665051,5.329859983771063,3.1987492683410506,False,True,True,
qasmbench_0b62f07ebd93d7a0_0,lowered,qasmbench,unknown,41,22,2,3,6,47.584962500721154,45.00563003121476,211106232532991.72,35321945260047.89,2.5793324695063973,5.976630986169687,2.9941463470349996,False,True,True,
qasmbench_0b62f07ebd93d7a0_0,lowered,qasmbench,unknown,41,24,2,3,6,47.584962500721154,45.04441546589625,211106232532991.72,36284420587535.94,2.540547034824904,5.818095731298762,2.9538239646637274,False,True,True,
qasmbench_02f08cc7717ce886_0,semantic,qasmbench,unknown,65,16,2,5,10,72.32192809488737,69.00281535894372,5.902958103587083e+21,5.914488726179798e+20,3.319112735943648,9.980504447423028,4.9951213562629535,False,True,True,
qasmbench_02f08cc7717ce886_0,semantic,qasmbench,unknown,65,18,2,5,10,72.32192809488737,69.58497717694728,5.902958103587083e+21,8.854527230122063e+20,2.736950917940092,6.666598848446602,3.9999755853414416,False,True,True,
qasmbench_02f08cc7717ce886_0,semantic,qasmbench,unknown,65,20,2,4,8,72.0,69.00140820513133,4.722366482869645e+21,5.908722755090922e+20,2.9985917948686733,7.992195062462325,3.998047813322142,False,True,True,
qasmbench_02f08cc7717ce886_0,semantic,qasmbench,unknown,65,22,2,4,8,72.0,69.08746300311667,4.722366482869645e+21,6.271893688750049e+20,2.9125369968833326,7.529410919927096,3.8787876545995847,False,True,True,
qasmbench_02f08cc7717ce886_0,semantic,qasmbench,unknown,65,24,2,3,6,71.58496250072116,69.0000027517211,3.5417748621522465e+21,5.902969362591479e+20,2.5849597490000633,5.9999885559246104,2.9999971389784346,False,True,True,
qasmbench_02f08cc7717ce886_0,lowered,qasmbench,unknown,65,16,2,5,10,72.32192809488737,69.00281535894372,5.902958103587083e+21,5.914488726179798e+20,3.319112735943648,9.980504447423028,4.9951213562629535,False,True,True,
qasmbench_02f08cc7717ce886_0,lowered,qasmbench,unknown,65,18,2,5,10,72.32192809488737,69.58497717694728,5.902958103587083e+21,8.854527230122063e+20,2.736950917940092,6.666598848446602,3.9999755853414416,False,True,True,
qasmbench_02f08cc7717ce886_0,lowered,qasmbench,unknown,65,20,2,4,8,72.0,69.00140820513133,4.722366482869645e+21,5.908722755090922e+20,2.9985917948686733,7.992195062462325,3.998047813322142,False,True,True,
qasmbench_02f08cc7717ce886_0,lowered,qasmbench,unknown,65,22,2,4,8,72.0,69.08746300311667,4.722366482869645e+21,6.271893688750049e+20,2.9125369968833326,7.529410919927096,3.8787876545995847,False,True,True,
qasmbench_02f08cc7717ce886_0,lowered,qasmbench,unknown,65,24,2,3,6,71.58496250072116,69.0000027517211,3.5417748621522465e+21,5.902969362591479e+20,2.5849597490000633,5.9999885559246104,2.9999971389784346,False,True,True,
qasmbench_3368a00839e39ee3_0,semantic,qasmbench,unknown,67,16,2,10,20,75.32192809488737,74.45968777187251,4.722366482869666e+22,2.597762762329357e+22,0.8622403230148592,1.8178590252156912,1.6663954268974974,False,True,True,
qasmbench_3368a00839e39ee3_0,semantic,qasmbench,unknown,67,18,2,9,18,75.16992500144231,74.24792867208076,4.25012983458267e+22,2.2431258808304164e+22,0.9219963293615479,1.8947353204311699,1.714284468652184,False,True,True,
qasmbench_3368a00839e39ee3_0,semantic,qasmbench,unknown,67,20,2,8,16,75.0,74.17000327083304,3.777893186295716e+22,2.1251802098816027e+22,0.8299967291669645,1.7776813320251033,1.59992187851652,False,True,True,
qasmbench_3368a00839e39ee3_0,semantic,qasmbench,unknown,67,22,2,7,14,74.8073549220576,73.81378119733198,3.3056565380087386e+22,1.6602069736707355e+22,0.9935737247256213,1.9911111026716724,1.7431906550099687,False,True,True,
qasmbench_3368a00839e39ee3_0,semantic,qasmbench,unknown,67,24,2,6,12,74.58496250072116,73.80735502033342,2.833419889721797e+22,1.6528283815943856e+22,0.7776074803877435,1.7142855975092617,1.49999991059302,False,True,True,
qasmbench_3368a00839e39ee3_0,lowered,qasmbench,unknown,67,16,2,7,14,74.8073549220576,71.02254257917069,3.3056565380087386e+22,2.398367246976926e+21,3.7848123428869087,13.782945635933885,6.945312474480803,False,True,True,
qasmbench_3368a00839e39ee3_0,lowered,qasmbench,unknown,67,18,2,7,14,74.8073549220576,72.00282608698963,3.3056565380087386e+22,4.731626165728254e+21,2.80452883506797,6.986301162065618,4.660574320057608,False,True,True,
qasmbench_3368a00839e39ee3_0,lowered,qasmbench,unknown,67,20,2,6,12,74.58496250072116,71.17023866608587,2.833419889721797e+22,2.656908737664471e+21,3.4147238346352964,10.664347817277633,5.64640883730946,False,True,True,
qasmbench_3368a00839e39ee3_0,lowered,qasmbench,unknown,67,22,2,5,10,74.32192809488737,71.00563004192124,2.361183241434833e+22,2.370415638263246e+21,3.3162980529661326,9.961051569693586,4.990243893171092,False,True,True,
qasmbench_3368a00839e39ee3_0,lowered,qasmbench,unknown,67,24,2,5,10,74.32192809488737,71.08750431882314,2.361183241434833e+22,2.5088293219878133e+21,3.234423776064233,9.41149412094723,4.848413039360594,False,True,True,
qasmbench_4ed00f78f9296522_0,semantic,qasmbench,unknown,71,16,2,16,32,80.0,79.08747320127102,1.2089258196146292e+24,6.422464536377809e+23,0.912526798728976,1.8823394240125277,1.777765720796476,False,True,True,
qasmbench_4ed00f78f9296522_0,semantic,qasmbench,unknown,71,18,2,14,28,79.8073549220576,78.90989312953742,1.0578100921627964e+24,5.678645875797444e+23,0.8974617925201755,1.8627858036917113,1.746588642005384,False,True,True,
qasmbench_4ed00f78f9296522_0,semantic,qasmbench,unknown,71,20,2,12,24,79.58496250072116,78.70044310488531,9.066943647109751e+23,4.911272671443439e+23,0.8845193958358522,1.846149512290253,1.714281977433304,False,True,True,
qasmbench_4ed00f78f9296522_0,semantic,qasmbench,unknown,71,22,2,11,22,79.4594316186373,78.4596877564838,8.31136500985057e+23,4.156420375391935e+23,0.999743862153494,1.999644949066741,1.8330349875104768,False,True,True,
qasmbench_4ed00f78f9296522_0,semantic,qasmbench,unknown,71,24,2,10,20,79.32192809488737,78.3398500071311,7.555786372591466e+23,3.825116862383398e+23,0.982078087756264,1.9753086361611236,1.797752804172851,False,True,True,
qasmbench_4ed00f78f9296522_0,lowered,qasmbench,unknown,71,16,2,9,18,79.16992500144231,76.6001489040788,6.800207735332272e+23,1.1453612672283957e+23,2.5697760973635155,5.937172776749963,4.464566930197373,False,True,True,
qasmbench_4ed00f78f9296522_0,lowered,qasmbench,unknown,71,18,2,7,14,78.8073549220576,75.04473830419066,5.289050460813982e+23,3.896881919505555e+22,3.7626166178669394,13.57251918345288,6.8914728938651235,False,True,True,
qasmbench_4ed00f78f9296522_0,lowered,qasmbench,unknown,71,20,2,7,14,78.8073549220576,76.58872930188666,5.289050460813982e+23,1.1363309867175376e+23,2.21862562017094,4.654498137107215,3.4931507371876362,False,True,True,
qasmbench_4ed00f78f9296522_0,lowered,qasmbench,unknown,71,22,2,6,12,78.58496250072116,75.17023866489178,4.5334718235548755e+23,4.251053976744667e+22,3.4147238358293777,10.664347826104237,5.646408839783864,False,True,True,
qasmbench_4ed00f78f9296522_0,lowered,qasmbench,unknown,71,24,2,5,10,78.32192809488737,75.00563003656765,3.777893186295733e+23,3.79266500714729e+22,3.316298058319717,9.961051606657275,4.990243902448061,False,True,True,
qasmbench_949bc69389fd910b_0,semantic,qasmbench,unknown,111,16,2,24,48,120.58496250072116,119.58499185391989,1.993841993677381e+36,9.96941280486308e+35,0.9999706468012732,1.9999593082400846,1.9199624984435621,False,True,True,
qasmbench_949bc69389fd910b_0,semantic,qasmbench,unknown,111,18,2,21,42,120.39231742277876,119.392325809084,1.7446117444677015e+36,8.723109429136282e+35,0.9999916136947604,1.999988374146126,1.9090803161097074,False,True,True,
qasmbench_949bc69389fd910b_0,semantic,qasmbench,unknown,111,20,2,19,38,120.24792751344359,119.28540235997674,1.5784582449945873e+36,8.099983891598942e+35,0.9625251534668422,1.9487177581077866,1.8536583641177342,False,True,True,
qasmbench_949bc69389fd910b_0,semantic,qasmbench,unknown,111,22,2,17,34,120.08746284125034,119.08762858269651,1.4123047455214764e+36,7.062335024765189e+35,0.9998342585538325,1.999770246765422,1.888683953368661,False,True,True,
qasmbench_949bc69389fd910b_0,semantic,qasmbench,unknown,111,24,2,16,32,120.0,119.08746288171685,1.329227995784916e+36,7.061523925677776e+35,0.9125371182831543,1.882352888377893,1.777777730682746,False,True,True,
qasmbench_949bc69389fd910b_0,lowered,qasmbench,unknown,111,16,2,13,26,119.7004397181411,115.08880926695785,1.0799977465752484e+36,4.41757320027724e+34,4.611630451183245,24.447761194030004,12.600000000000232,False,True,True,
qasmbench_949bc69389fd910b_0,lowered,qasmbench,unknown,111,18,2,12,24,119.58496250072116,116.0056687500867,9.969209968386904e+35,8.340382355441807e+34,3.579293750634463,11.952941176470578,7.979057591623186,False,True,True,
qasmbench_949bc69389fd910b_0,lowered,qasmbench,unknown,111,20,2,10,20,119.32192809488737,115.04456555243344,8.307674973655761e+35,4.2841539570028405e+34,4.277362542453929,19.39163498098874,9.845559845559865,False,True,True,
qasmbench_949bc69389fd910b_0,lowered,qasmbench,unknown,111,22,2,9,18,119.16992500144231,115.04447967069959,7.476907476290133e+35,4.28389893455631e+34,4.125445330742721,17.453510436432662,8.861271676300605,False,True,True,
qasmbench_949bc69389fd910b_0,lowered,qasmbench,unknown,111,24,2,8,16,119.0,115.01123818762277,6.64613997892458e+35,4.186321064437424e+34,3.988761812377234,15.87584869059181,7.968841285297055,False,True,True,
qdao_2c2d2f6c4ae451ed_0,semantic,qdao,arithmetic,28,16,2,23,46,37.523561956057016,34.426281137956366,197568495616.0004,23085711375.999992,3.0972808181006464,8.558042349147318,8.36354355087503,False,True,True,
qdao_2c2d2f6c4ae451ed_0,semantic,qdao,arithmetic,28,18,2,17,34,37.08746284125034,33.95428720451537,146028888064.00034,16644046864.000027,3.1331756367349755,8.773640765206638,8.499481232834928,False,True,True,
qdao_2c2d2f6c4ae451ed_0,semantic,qdao,arithmetic,28,20,2,11,22,36.459431618637296,33.248520607200426,94489280511.99994,10204741647.99998,3.2109110114368704,9.25935058145434,8.796563842249096,False,True,True,
qdao_2c2d2f6c4ae451ed_0,semantic,qdao,arithmetic,28,22,2,8,16,36.0,32.703903576744096,68719476736.0,6996099088.000027,3.296096423255907,9.822541943962802,9.122494432071262,False,True,True,
qdao_2c2d2f6c4ae451ed_0,semantic,qdao,arithmetic,28,24,2,7,14,35.807354922057606,32.47573343483118,60129542144.00006,5972688912.000004,3.3316214872264283,10.067415703367882,9.237113402061869,False,True,True,
qdao_2c2d2f6c4ae451ed_0,lowered,qdao,arithmetic,28,16,2,25,50,37.64385618977472,34.554603840619635,214748364799.99982,25233195023.99996,3.0892523491550854,8.510549876690067,8.3332485631453,False,True,True,
qdao_2c2d2f6c4ae451ed_0,lowered,qdao,arithmetic,28,18,2,21,42,37.39231742277876,34.28547446850816,180388626431.99994,20939014160.000015,3.106842954270597,8.614953170842108,8.399589863776173,False,True,True,
qdao_2c2d2f6c4ae451ed_0,lowered,qdao,arithmetic,28,20,2,17,34,37.08746284125034,33.95455984838644,146028888064.00034,16647192591.999975,3.132902992863901,8.77198285879002,8.497925311203334,False,True,True,
qdao_2c2d2f6c4ae451ed_0,lowered,qdao,arithmetic,28,22,2,14,28,36.807354922057606,33.64565843412639,120259084288.00012,13438550031.999996,3.161696487931213,8.948813971867338,8.605042016806737,False,True,True,
qdao_2c2d2f6c4ae451ed_0,lowered,qdao,arithmetic,28,24,2,12,24,36.584962500721154,33.40087943831749,103079215103.99986,11341398032.000053,3.184083062403669,9.088757383627609,8.677966101694887,False,True,True,
qdao_697fba7b6720fb11_0,semantic,qdao,arithmetic,30,16,2,26,52,39.70043971814109,36.614713438416516,893353197567.9991,105226960912.00008,3.0857262797245752,8.489774767087484,8.319979687549566,False,True,True,
qdao_697fba7b6720fb11_0,semantic,qdao,arithmetic,30,18,2,22,44,39.459431618637296,36.357569186264236,755914244095.9995,88047878160.00027,3.1018624323730606,8.585263607628965,8.380854947277827,False,True,True,
qdao_697fba7b6720fb11_0,semantic,qdao,arithmetic,30,20,2,17,34,39.08746284125034,35.95428720347521,584115552256.0013,66576187407.99991,3.133175637775132,8.77364077153227,8.499481232834928,False,True,True,
qdao_697fba7b6720fb11_0,semantic,qdao,arithmetic,30,22,2,11,22,38.459431618637296,35.24852060550393,377957122047.99976,40818966543.99995,3.210911013133366,9.259350592342605,8.796563842249096,False,True,True,
qdao_697fba7b6720fb11_0,semantic,qdao,arithmetic,30,24,2,8,16,38.0,34.70390357426952,274877906944.0,27984396303.999947,3.296096425730479,9.822541960810842,9.122494432071262,False,True,True,
qdao_697fba7b6720fb11_0,lowered,qdao,arithmetic,30,16,2,30,60,39.906890595608516,36.83289310400325,1030792151039.9982,122406830096.00003,3.073997491605269,8.421034596121627,8.275844651121643,False,True,True,
qdao_697fba7b6720fb11_0,lowered,qdao,arithmetic,30,18,2,25,50,39.64385618977472,36.55460383993354,858993459199.9993,100932780047.99991,3.089252349841182,8.510549880737393,8.3332485631453,False,True,True,
qdao_697fba7b6720fb11_0,lowered,qdao,arithmetic,30,20,2,21,42,39.39231742277876,36.28547446768137,721554505727.9998,83756056592.00027,3.1068429550973917,8.614953175779254,8.399589863776173,False,True,True,
qdao_697fba7b6720fb11_0,lowered,qdao,arithmetic,30,22,2,17,34,39.08746284125034,35.95455984734649,584115552256.0013,66588770320.00014,3.1329029939038584,8.771982865113246,8.497925311203334,False,True,True,
qdao_697fba7b6720fb11_0,lowered,qdao,arithmetic,30,24,2,14,28,38.807354922057606,35.64565843283813,481036337152.0005,53754200080.00009,3.161696489219473,8.948813979858215,8.605042016806737,False,True,True,
qdao_343e13ffc3b8289f_0,semantic,qdao,arithmetic,32,16,2,33,66,42.04439411935845,38.94251522127802,4535485464575.991,528281239568.00104,3.101878898080429,8.585361593163633,8.447995875001972,False,True,True,
qdao_343e13ffc3b8289f_0,semantic,qdao,arithmetic,32,18,2,26,52,41.70043971814109,38.61471343825199,3573412790271.9966,420907843599.99963,3.0857262798891014,8.489774768055664,8.319979687549566,False,True,True,
qdao_343e13ffc3b8289f_0,semantic,qdao,arithmetic,32,20,2,21,42,41.39231742277876,38.28542028140623,2886218022911.999,335011643408.0,3.106897141372528,8.615276751432086,8.399897462189136,False,True,True,
qdao_343e13ffc3b8289f_0,semantic,qdao,arithmetic,32,22,2,17,34,41.08746284125034,37.95428720321517,2336462209024.0054,266304749583.99976,3.133175638035169,8.773640773113668,8.499481232834928,False,True,True,
qdao_343e13ffc3b8289f_0,semantic,qdao,arithmetic,32,24,2,11,22,40.459431618637296,37.248520605079804,1511828488191.999,163275866128.0,3.2109110135574923,9.259350595064689,8.796563842249096,False,True,True,
qdao_343e13ffc3b8289f_0,lowered,qdao,arithmetic,32,16,2,40,80,42.32192809488736,39.23840532250703,5497558138879.998,648540323856.001,3.0835227723803342,8.47681776546041,8.366009734505143,False,True,True,
qdao_343e13ffc3b8289f_0,lowered,qdao,arithmetic,32,18,2,28,56,41.807354922057606,38.72792377744469,3848290697216.004,455267581967.99976,3.0794311446129186,8.452810719754906,8.29627754205199,False,True,True,
qdao_343e13ffc3b8289f_0,lowered,qdao,arithmetic,32,20,2,24,48,41.584962500721154,38.491868750547525,3298534883327.9956,386551250959.9996,3.0930937501736295,8.533240741392216,8.34773747731104,False,True,True,
qdao_343e13ffc3b8289f_0,lowered,qdao,arithmetic,32,22,2,20,40,41.32192809488736,38.209529519468695,2748779069439.999,317844357136.0002,3.1123985754186663,8.648192134692652,8.420619828339412,False,True,True,
qdao_343e13ffc3b8289f_0,lowered,qdao,arithmetic,32,24,2,17,34,41.08746284125034,37.95455984708649,2336462209024.0054,266355081231.99948,3.1329029941638495,8.771982866694065,8.497925311203334,False,True,True,
qdao_cad297122798fb1a_0,semantic,qdao,arithmetic,34,16,2,39,78,44.285402218862245,41.19229296500152,21440476741631.953,2512556130320.011,3.0931092538607246,8.533332442965637,8.41821161246733,False,True,True,
qdao_cad297122798fb1a_0,semantic,qdao,arithmetic,34,18,2,32,64,44.0,40.930738059336974,17592186044416.0,2095945089039.999,3.0692619406630257,8.393438423748835,8.258060451354746,False,True,True,
qdao_cad297122798fb1a_0,semantic,qdao,arithmetic,34,20,2,26,52,43.70043971814109,40.61471343821086,14293651161087.986,1683631374352.0042,3.0857262799302276,8.489774768297679,8.319979687549566,False,True,True,
qdao_cad297122798fb1a_0,semantic,qdao,arithmetic,34,22,2,23,46,43.523561956057016,40.42628113697211,12644383719424.025,1477485527056.006,3.097280819084908,8.55804235498594,8.363543550875011,False,True,True,
qdao_cad297122798fb1a_0,semantic,qdao,arithmetic,34,24,2,15,30,42.906890595608516,39.754991860034316,8246337208319.985,927780044816.0029,3.1518987355742,8.88824593113058,8.570830717723343,False,True,True,
qdao_cad297122798fb1a_0,lowered,qdao,arithmetic,34,16,2,44,88,44.459431618637296,41.37721066281034,24189255811071.984,2856153514000.0073,3.082220955826955,8.469172154964191,8.36849849810902,False,True,True,
qdao_cad297122798fb1a_0,lowered,qdao,arithmetic,34,18,2,33,66,44.04439411935845,40.977280622360546,18141941858303.965,2164664565775.997,3.067113496997905,8.380948321108761,8.249996066095314,False,True,True,
qdao_cad297122798fb1a_0,lowered,qdao,arithmetic,34,20,2,27,54,43.75488750216347,40.67242879512239,14843406974976.016,1752350851088.0056,3.082458707041077,8.470567960611307,8.307672805380461,False,True,True,
qdao_cad297122798fb1a_0,lowered,qdao,arithmetic,34,22,2,23,46,43.523561956057016,40.42628113697211,12644383719424.025,1477485527056.006,3.097280819084908,8.55804235498594,8.363543550875011,False,True,True,
qdao_cad297122798fb1a_0,lowered,qdao,arithmetic,34,24,2,20,40,43.32192809488736,40.209529519414225,10995116277759.996,1271377428495.9988,3.1123985754731365,8.648192135019173,8.420619828339412,False,True,True,
qdao_9ee275ee40744e64_0,semantic,qdao,grover_oracle,28,16,,,,,,,,,,,,,False,Single instruction exceeds QDAO partition capacity
qdao_9ee275ee40744e64_0,semantic,qdao,grover_oracle,28,18,,,,,,,,,,,,,False,Single instruction exceeds QDAO partition capacity
qdao_9ee275ee40744e64_0,semantic,qdao,grover_oracle,28,20,,,,,,,,,,,,,False,Single instruction exceeds QDAO partition capacity
qdao_9ee275ee40744e64_0,semantic,qdao,grover_oracle,28,22,,,,,,,,,,,,,False,Single instruction exceeds QDAO partition capacity
qdao_9ee275ee40744e64_0,semantic,qdao,grover_oracle,28,24,,,,,,,,,,,,,False,Single instruction exceeds QDAO partition capacity
qdao_9ee275ee40744e64_0,lowered,qdao,grover_oracle,28,16,,,,,,,,,,,,,False,Single instruction exceeds QDAO partition capacity
qdao_9ee275ee40744e64_0,lowered,qdao,grover_oracle,28,18,,,,,,,,,,,,,False,Single instruction exceeds QDAO partition capacity
qdao_9ee275ee40744e64_0,lowered,qdao,grover_oracle,28,20,,,,,,,,,,,,,False,Single instruction exceeds QDAO partition capacity
qdao_9ee275ee40744e64_0,lowered,qdao,grover_oracle,28,22,,,,,,,,,,,,,False,Single instruction exceeds QDAO partition capacity
qdao_9ee275ee40744e64_0,lowered,qdao,grover_oracle,28,24,,,,,,,,,,,,,False,Single instruction exceeds QDAO partition capacity
qdao_2fb62c892669b427_0,semantic,qdao,grover_oracle,29,16,,,,,,,,,,,,,False,Single instruction exceeds QDAO partition capacity
qdao_2fb62c892669b427_0,semantic,qdao,grover_oracle,29,18,,,,,,,,,,,,,False,Single instruction exceeds QDAO partition capacity
qdao_2fb62c892669b427_0,semantic,qdao,grover_oracle,29,20,,,,,,,,,,,,,False,Single instruction exceeds QDAO partition capacity
qdao_2fb62c892669b427_0,semantic,qdao,grover_oracle,29,22,,,,,,,,,,,,,False,Single instruction exceeds QDAO partition capacity
qdao_2fb62c892669b427_0,semantic,qdao,grover_oracle,29,24,,,,,,,,,,,,,False,Single instruction exceeds QDAO partition capacity
qdao_2fb62c892669b427_0,lowered,qdao,grover_oracle,29,16,,,,,,,,,,,,,False,Single instruction exceeds QDAO partition capacity
qdao_2fb62c892669b427_0,lowered,qdao,grover_oracle,29,18,,,,,,,,,,,,,False,Single instruction exceeds QDAO partition capacity
qdao_2fb62c892669b427_0,lowered,qdao,grover_oracle,29,20,,,,,,,,,,,,,False,Single instruction exceeds QDAO partition capacity
qdao_2fb62c892669b427_0,lowered,qdao,grover_oracle,29,22,,,,,,,,,,,,,False,Single instruction exceeds QDAO partition capacity
qdao_2fb62c892669b427_0,lowered,qdao,grover_oracle,29,24,,,,,,,,,,,,,False,Single instruction exceeds QDAO partition capacity
qdao_514da6b784fc4935_0,semantic,qdao,grover_oracle,30,16,,,,,,,,,,,,,False,Single instruction exceeds QDAO partition capacity
qdao_514da6b784fc4935_0,semantic,qdao,grover_oracle,30,18,,,,,,,,,,,,,False,Single instruction exceeds QDAO partition capacity
qdao_514da6b784fc4935_0,semantic,qdao,grover_oracle,30,20,,,,,,,,,,,,,False,Single instruction exceeds QDAO partition capacity
qdao_514da6b784fc4935_0,semantic,qdao,grover_oracle,30,22,,,,,,,,,,,,,False,Single instruction exceeds QDAO partition capacity
qdao_514da6b784fc4935_0,semantic,qdao,grover_oracle,30,24,,,,,,,,,,,,,False,Single instruction exceeds QDAO partition capacity
qdao_514da6b784fc4935_0,lowered,qdao,grover_oracle,30,16,,,,,,,,,,,,,False,Single instruction exceeds QDAO partition capacity
qdao_514da6b784fc4935_0,lowered,qdao,grover_oracle,30,18,,,,,,,,,,,,,False,Single instruction exceeds QDAO partition capacity
qdao_514da6b784fc4935_0,lowered,qdao,grover_oracle,30,20,,,,,,,,,,,,,False,Single instruction exceeds QDAO partition capacity
qdao_514da6b784fc4935_0,lowered,qdao,grover_oracle,30,22,,,,,,,,,,,,,False,Single instruction exceeds QDAO partition capacity
qdao_514da6b784fc4935_0,lowered,qdao,grover_oracle,30,24,,,,,,,,,,,,,False,Single instruction exceeds QDAO partition capacity
qdao_c505cafec9439f15_0,semantic,qdao,grover_oracle,32,16,,,,,,,,,,,,,False,Single instruction exceeds QDAO partition capacity
qdao_c505cafec9439f15_0,semantic,qdao,grover_oracle,32,18,,,,,,,,,,,,,False,Single instruction exceeds QDAO partition capacity
qdao_c505cafec9439f15_0,semantic,qdao,grover_oracle,32,20,,,,,,,,,,,,,False,Single instruction exceeds QDAO partition capacity
qdao_c505cafec9439f15_0,semantic,qdao,grover_oracle,32,22,,,,,,,,,,,,,False,Single instruction exceeds QDAO partition capacity
qdao_c505cafec9439f15_0,semantic,qdao,grover_oracle,32,24,,,,,,,,,,,,,False,Single instruction exceeds QDAO partition capacity
qdao_c505cafec9439f15_0,lowered,qdao,grover_oracle,32,16,,,,,,,,,,,,,False,Single instruction exceeds QDAO partition capacity
qdao_c505cafec9439f15_0,lowered,qdao,grover_oracle,32,18,,,,,,,,,,,,,False,Single instruction exceeds QDAO partition capacity
qdao_c505cafec9439f15_0,lowered,qdao,grover_oracle,32,20,,,,,,,,,,,,,False,Single instruction exceeds QDAO partition capacity
qdao_c505cafec9439f15_0,lowered,qdao,grover_oracle,32,22,,,,,,,,,,,,,False,Single instruction exceeds QDAO partition capacity
qdao_c505cafec9439f15_0,lowered,qdao,grover_oracle,32,24,,,,,,,,,,,,,False,Single instruction exceeds QDAO partition capacity
qdao_c185321108d37ad4_0,semantic,qdao,hidden_linear_function,28,16,2,7,14,35.807354922057606,35.45949565778983,60129542144.00006,47246737424.0001,0.3478592642677789,1.2726707794527201,1.1666191968100286,False,True,True,
qdao_c185321108d37ad4_0,semantic,qdao,hidden_linear_function,28,18,2,6,12,35.584962500721154,35.17023805293368,51539607551.99993,38663094288.00006,0.4147244477874743,1.333044043709572,1.1997656707674271,False,True,True,
qdao_c185321108d37ad4_0,semantic,qdao,hidden_linear_function,28,20,2,5,10,35.32192809488736,34.808964175686185,42949672959.999985,30098325520.000004,0.5129639192011766,1.426978817524596,1.24878048780488,False,True,True,
qdao_c185321108d37ad4_0,semantic,qdao,hidden_linear_function,28,22,2,4,8,35.0,34.33091687918284,34359738368.0,21609054224.000072,0.6690831208171666,1.5900621106239106,1.3264248704663186,False,True,True,
qdao_c185321108d37ad4_0,semantic,qdao,hidden_linear_function,28,24,2,4,8,35.0,34.357552005666754,34359738368.0,22011707407.99994,0.6424479943332457,1.5609756086214508,1.3061224489795926,False,True,True,
qdao_c185321108d37ad4_0,lowered,qdao,hidden_linear_function,28,16,2,3,6,34.584962500721154,32.17055104009192,25769803775.999966,4833935375.999996,2.414411460629232,5.331019505131255,2.8228807718814615,False,True,True,
qdao_c185321108d37ad4_0,lowered,qdao,hidden_linear_function,28,18,2,3,6,34.584962500721154,33.00140819707742,25769803775.999966,8598323216.00001,1.5835543036437372,2.9970731651546627,1.998698763825629,False,True,True,
qdao_c185321108d37ad4_0,lowered,qdao,hidden_linear_function,28,20,2,2,4,34.0,32.011227260756044,17179869184.0,4328521743.999984,1.9887727392439523,3.9689922333909893,1.9922178988326886,False,True,True,
qdao_c185321108d37ad4_0,lowered,qdao,hidden_linear_function,28,22,2,2,4,34.0,32.04439412457005,17179869184.0,4429185039.999995,1.9556058754299492,3.87878786477613,1.9692307692307718,False,True,True,
qdao_c185321108d37ad4_0,lowered,qdao,hidden_linear_function,28,24,2,2,4,34.0,32.1699250062196,17179869184.0,4831838223.999972,1.8300749937803964,3.55555554378181,1.8823529411764757,False,True,True,
qdao_a2fc8598a1183e86_0,semantic,qdao,hidden_linear_function,30,16,2,6,12,37.584962500721154,37.16994456926273,206158430207.99973,154620919824.00015,0.41501793145842214,1.333315248949903,1.19998535174131,False,True,True,
qdao_a2fc8598a1183e86_0,semantic,qdao,hidden_linear_function,30,18,2,6,12,37.584962500721154,37.17000327068376,206158430207.99973,154627211280.00027,0.41495923003739676,1.3332609991567803,1.1999414091108809,False,True,True,
qdao_a2fc8598a1183e86_0,semantic,qdao,hidden_linear_function,30,20,2,5,10,37.32192809488736,36.80775740378116,171798691839.99994,120292638736.00014,0.5141706911062016,1.4281729426273322,1.2496948987063692,False,True,True,
qdao_a2fc8598a1183e86_0,semantic,qdao,hidden_linear_function,30,22,2,4,8,37.0,36.32418054688704,137438953472.0,86033563663.99986,0.6758194531129575,1.5975038998589146,1.3315994798439512,False,True,True,
qdao_a2fc8598a1183e86_0,semantic,qdao,hidden_linear_function,30,24,2,4,8,37.0,36.33091687838167,137438953472.0,86436216848.00005,0.6690831216183284,1.5900621115069087,1.3264248704663186,False,True,True,
qdao_a2fc8598a1183e86_0,lowered,qdao,hidden_linear_function,30,16,2,3,6,36.584962500721154,34.087628583802896,103079215103.99986,18255708175.999996,2.497333916918258,5.646410104183946,2.9089187429721233,False,True,True,
qdao_a2fc8598a1183e86_0,lowered,qdao,hidden_linear_function,30,18,2,3,6,36.584962500721154,34.585432052488414,103079215103.99986,25778192400.00001,1.9995304482327398,3.9986983379020717,2.3995313415348543,False,True,True,
qdao_a2fc8598a1183e86_0,lowered,qdao,hidden_linear_function,30,20,2,2,4,36.0,34.00281501694805,68719476736.0,17213423631.99999,1.9971849830519517,3.992202725334056,1.9980487804878089,False,True,True,
qdao_a2fc8598a1183e86_0,lowered,qdao,hidden_linear_function,30,22,2,2,4,36.0,34.011227256756456,68719476736.0,17314086928.000034,1.9887727432435476,3.968992244394259,1.9922178988326886,False,True,True,
qdao_a2fc8598a1183e86_0,lowered,qdao,hidden_linear_function,30,24,2,2,4,36.0,34.04439412066135,68719476736.0,17716740111.999992,1.9556058793386484,3.8787878752849445,1.9692307692307718,False,True,True,
qdao_ca61498a8a0b6464_0,semantic,qdao,hidden_linear_function,32,16,2,7,14,39.807354922057606,39.24793214795136,962072674304.001,652837126160.0024,0.5594227741062454,1.4736794764766619,1.3333294580965849,False,True,True,
qdao_ca61498a8a0b6464_0,semantic,qdao,hidden_linear_function,32,18,2,6,12,39.584962500721154,39.169944569150765,824633720831.9989,618483679248.0001,0.41501793157038946,1.3333152490533813,1.19998535174131,False,True,True,
qdao_ca61498a8a0b6464_0,semantic,qdao,hidden_linear_function,32,20,2,5,10,39.32192809488736,38.80745555301561,687194767359.9998,481069891600.00085,0.5144725418717542,1.4284717862397158,1.2499237107110155,False,True,True,
qdao_ca61498a8a0b6464_0,semantic,qdao,hidden_linear_function,32,22,2,5,10,39.32192809488736,38.80775740363724,687194767359.9998,481170554895.99994,0.514170691250122,1.428172942769804,1.2496948987063692,False,True,True,
qdao_ca61498a8a0b6464_0,semantic,qdao,hidden_linear_function,32,24,2,5,10,39.32192809488736,38.808964174967194,687194767359.9998,481573208080.00006,0.5129639199201677,1.4269788182357548,1.248780487804877,False,True,True,
qdao_ca61498a8a0b6464_0,lowered,qdao,hidden_linear_function,32,16,2,4,8,39.0,36.59994189122714,549755813888.0,104155054095.99992,2.4000581087728605,5.278244235572946,3.1800856453119475,False,True,True,
qdao_ca61498a8a0b6464_0,lowered,qdao,hidden_linear_function,32,18,2,3,6,38.584962500721154,36.04456488313831,412316860415.99945,70875349007.99976,2.5403976175828475,5.817493193147605,2.953668649720566,False,True,True,
qdao_ca61498a8a0b6464_0,lowered,qdao,hidden_linear_function,32,20,2,3,6,38.584962500721154,36.32249153786609,412316860415.99945,85932900368.00037,2.262470962855062,4.798125731242487,2.6660880885224505,False,True,True,
qdao_ca61498a8a0b6464_0,lowered,qdao,hidden_linear_function,32,22,2,3,6,38.584962500721154,37.0014081945606,412316860415.99945,137573171216.00003,1.5835543061605577,2.997073170383138,1.998698763825629,False,True,True,
qdao_ca61498a8a0b6464_0,lowered,qdao,hidden_linear_function,32,24,2,2,4,38.0,36.01122725575655,274877906944.0,69256347663.99991,1.9887727442434482,3.968992247145082,1.9922178988326886,False,True,True,
qdao_080d8fefef4e8ec6_0,semantic,qdao,hidden_linear_function,34,16,2,8,16,42.0,41.47573442035695,4398046511104.0,3058018811920.0073,0.5242655796430498,1.4382012608819246,1.3195867985444698,False,True,True,
qdao_080d8fefef4e8ec6_0,semantic,qdao,hidden_linear_function,34,18,2,7,14,41.807354922057606,41.459435621144706,3848290697216.004,3023665365007.9956,0.34791930091289913,1.2727237417708845,1.1666636996874504,False,True,True,
qdao_080d8fefef4e8ec6_0,semantic,qdao,hidden_linear_function,34,20,2,6,12,41.584962500721154,41.16994456912278,3298534883327.9956,2473934716944.0063,0.41501793159837774,1.3333152490792477,1.19998535174131,False,True,True,
qdao_080d8fefef4e8ec6_0,semantic,qdao,hidden_linear_function,34,22,2,5,10,41.32192809488736,40.80745555297962,2748779069439.999,1924279566352.001,0.5144725419077432,1.4284717862753502,1.2499237107110155,False,True,True,
qdao_080d8fefef4e8ec6_0,semantic,qdao,hidden_linear_function,34,24,2,5,10,41.32192809488736,40.80775740360126,2748779069439.999,1924682219535.9966,0.5141706912861039,1.4281729428054237,1.2496948987063692,False,True,True,
qdao_080d8fefef4e8ec6_0,lowered,qdao,hidden_linear_function,34,16,2,4,8,41.0,38.174935432589706,2199023255552.0,310313484304.0007,2.825064567410294,7.086457298122799,3.7577846983059797,False,True,True,
qdao_080d8fefef4e8ec6_0,lowered,qdao,hidden_linear_function,34,18,2,4,8,41.0,39.59247163703424,2199023255552.0,828937076751.9987,1.4075283629657633,2.6528228947948285,1.9922027586731037,False,True,True,
qdao_080d8fefef4e8ec6_0,lowered,qdao,hidden_linear_function,34,20,2,3,6,40.584962500721154,38.08762858261749,1649267441663.9978,292091330576.00006,2.4973339181036636,5.646410108823378,2.9089187429721233,False,True,True,
qdao_080d8fefef4e8ec6_0,lowered,qdao,hidden_linear_function,34,22,2,3,6,40.584962500721154,39.000352177522274,1649267441663.9978,549890031631.998,1.5846103231988806,2.999267756808027,1.9996745321399492,False,True,True,
qdao_080d8fefef4e8ec6_0,lowered,qdao,hidden_linear_function,34,24,2,2,4,40.0,38.002815015690864,1099511627776.0,275414777871.9995,1.9971849843091363,3.9922027288129174,1.998048780487804,False,True,True,
qdao_71554d5712174071_0,semantic,qdao,iqp,28,16,2,14,28,36.807354922057606,34.58836328808575,120259084288.00012,25830621200.00007,2.2189916339718536,4.655679139764544,3.9919248172641875,False,True,True,
qdao_71554d5712174071_0,semantic,qdao,iqp,28,18,2,10,20,36.32192809488736,34.315715659101734,85899345919.99997,21382561808.00003,2.0062124357856277,4.017261668237608,3.345311989545902,False,True,True,
qdao_71554d5712174071_0,semantic,qdao,iqp,28,20,2,8,16,36.0,34.29691620797298,68719476736.0,21105737743.999977,1.703083792027023,3.255961841728837,2.7054161162483505,False,True,True,
qdao_71554d5712174071_0,semantic,qdao,iqp,28,22,2,6,12,35.584962500721154,34.21916852161641,51539607551.99993,19998441488.00004,1.3657939791047475,2.5771812059917836,2.121546961325961,False,True,True,
qdao_71554d5712174071_0,semantic,qdao,iqp,28,24,2,4,8,35.0,34.04439412066135,34359738368.0,17716740111.999992,0.9556058793386484,1.9393939376424723,1.5609756097560956,False,True,True,
qdao_71554d5712174071_0,lowered,qdao,iqp,28,16,2,14,28,36.807354922057606,34.58836328808575,120259084288.00012,25830621200.00007,2.2189916339718536,4.655679139764544,3.9919248172641875,False,True,True,
qdao_71554d5712174071_0,lowered,qdao,iqp,28,18,2,10,20,36.32192809488736,34.315715659101734,85899345919.99997,21382561808.00003,2.0062124357856277,4.017261668237608,3.345311989545902,False,True,True,
qdao_71554d5712174071_0,lowered,qdao,iqp,28,20,2,8,16,36.0,34.29691620797298,68719476736.0,21105737743.999977,1.703083792027023,3.255961841728837,2.7054161162483505,False,True,True,
qdao_71554d5712174071_0,lowered,qdao,iqp,28,22,2,6,12,35.584962500721154,34.21916852161641,51539607551.99993,19998441488.00004,1.3657939791047475,2.5771812059917836,2.121546961325961,False,True,True,
qdao_71554d5712174071_0,lowered,qdao,iqp,28,24,2,4,8,35.0,34.04439412066135,34359738368.0,17716740111.999992,0.9556058793386484,1.9393939376424723,1.5609756097560956,False,True,True,
qdao_8997d0434cc5b186_0,semantic,qdao,iqp,29,16,2,16,32,38.0,35.91797804858274,274877906944.0,64921534480.000336,2.082021951417264,4.234002001734559,3.7392519898439365,False,True,True,
qdao_8997d0434cc5b186_0,semantic,qdao,iqp,29,18,2,13,26,37.70043971814109,35.85428402054781,223338299391.9998,62117642255.999794,1.8461556975932787,3.5954085068389334,3.1586190532684673,False,True,True,
qdao_8997d0434cc5b186_0,semantic,qdao,iqp,29,20,2,9,18,37.16992500144231,35.30947635438321,154618822655.9996,42580574223.99991,1.8604486470590977,3.6312056723943993,3.0216393442622853,False,True,True,
qdao_8997d0434cc5b186_0,semantic,qdao,iqp,29,22,2,7,14,36.807354922057606,35.27146302846096,120259084288.00012,41473277968.00012,1.5358918935966521,2.8996763742858644,2.40214477211796,False,True,True,
qdao_8997d0434cc5b186_0,semantic,qdao,iqp,29,24,2,5,10,36.32192809488736,34.93073733826773,85899345919.99997,32749125647.99999,1.391190756619629,2.622950818390655,2.0779220779220764,False,True,True,
qdao_8997d0434cc5b186_0,lowered,qdao,iqp,29,16,2,16,32,38.0,35.91797804858274,274877906944.0,64921534480.000336,2.082021951417264,4.234002001734559,3.7392519898439365,False,True,True,
qdao_8997d0434cc5b186_0,lowered,qdao,iqp,29,18,2,13,26,37.70043971814109,35.85428402054781,223338299391.9998,62117642255.999794,1.8461556975932787,3.5954085068389334,3.1586190532684673,False,True,True,
qdao_8997d0434cc5b186_0,lowered,qdao,iqp,29,20,2,9,18,37.16992500144231,35.30947635438321,154618822655.9996,42580574223.99991,1.8604486470590977,3.6312056723943993,3.0216393442622853,False,True,True,
qdao_8997d0434cc5b186_0,lowered,qdao,iqp,29,22,2,7,14,36.807354922057606,35.27146302846096,120259084288.00012,41473277968.00012,1.5358918935966521,2.8996763742858644,2.40214477211796,False,True,True,
qdao_8997d0434cc5b186_0,lowered,qdao,iqp,29,24,2,5,10,36.32192809488736,34.93073733826773,85899345919.99997,32749125647.99999,1.391190756619629,2.622950818390655,2.0779220779220764,False,True,True,
qdao_693fb492fc348426_0,semantic,qdao,iqp,31,16,2,21,42,40.39231742277876,37.93697143176192,1443109011455.9995,263127564303.99988,2.4553459910168414,5.484446356934041,4.850993634255156,False,True,True,
qdao_693fb492fc348426_0,semantic,qdao,iqp,31,18,2,17,34,40.08746284125034,37.864041016567285,1168231104512.0027,250156679184.00018,2.223421824683058,4.669997652362191,4.106023528024304,False,True,True,
qdao_693fb492fc348426_0,semantic,qdao,iqp,31,20,2,12,24,39.584962500721154,37.4545563440845,824633720831.9989,188341026832.00012,2.130406156636653,4.378407268468228,3.7028778062377543,False,True,True,
qdao_693fb492fc348426_0,semantic,qdao,iqp,31,22,2,10,20,39.32192809488736,37.37177664446772,687194767359.9998,177838489616.00003,1.9501514504196393,3.864150943048569,3.2384566729917696,False,True,True,
qdao_693fb492fc348426_0,semantic,qdao,iqp,31,24,2,7,14,38.807354922057606,37.11374216620441,481036337152.0005,148713242640.00034,1.693612755853195,3.2346570393631717,2.6275659824046933,False,True,True,
qdao_693fb492fc348426_0,lowered,qdao,iqp,31,16,2,21,42,40.39231742277876,37.93697143176192,1443109011455.9995,263127564303.99988,2.4553459910168414,5.484446356934041,4.850993634255156,False,True,True,
qdao_693fb492fc348426_0,lowered,qdao,iqp,31,18,2,17,34,40.08746284125034,37.864041016567285,1168231104512.0027,250156679184.00018,2.223421824683058,4.669997652362191,4.106023528024304,False,True,True,
qdao_693fb492fc348426_0,lowered,qdao,iqp,31,20,2,12,24,39.584962500721154,37.4545563440845,824633720831.9989,188341026832.00012,2.130406156636653,4.378407268468228,3.7028778062377543,False,True,True,
qdao_693fb492fc348426_0,lowered,qdao,iqp,31,22,2,10,20,39.32192809488736,37.37177664446772,687194767359.9998,177838489616.00003,1.9501514504196393,3.864150943048569,3.2384566729917696,False,True,True,
qdao_693fb492fc348426_0,lowered,qdao,iqp,31,24,2,7,14,38.807354922057606,37.11374216620441,481036337152.0005,148713242640.00034,1.693612755853195,3.2346570393631717,2.6275659824046933,False,True,True,
qdao_6869fe31a1fb9b02_0,semantic,qdao,iqp,34,16,2,25,50,43.64385618977472,41.14560009397433,13743895347199.988,2432539033616.003,2.498256095800393,5.6500204754246015,5.0763866995818,False,True,True,
qdao_6869fe31a1fb9b02_0,semantic,qdao,iqp,34,18,2,20,40,43.32192809488736,40.93362726829209,10995116277759.996,2100146733072.005,2.3883008265952697,5.23540384327185,4.62947461368653,False,True,True,
qdao_6869fe31a1fb9b02_0,semantic,qdao,iqp,34,20,2,16,32,43.0,40.86932875934902,8796093022208.0,2008601853967.999,2.130671240650983,4.379211840729556,3.8520564853863823,False,True,True,
qdao_6869fe31a1fb9b02_0,semantic,qdao,iqp,34,22,2,13,26,42.70043971814109,40.39137786233115,7146825580543.993,1442169487375.9956,2.3090618558099436,4.955607259135352,4.162276244821391,False,True,True,
qdao_6869fe31a1fb9b02_0,semantic,qdao,iqp,34,24,2,10,20,42.32192809488736,40.31797782242396,5497558138879.998,1370631438352.0024,2.003950272463399,4.010967489181528,3.3409461663947675,False,True,True,
qdao_6869fe31a1fb9b02_0,lowered,qdao,iqp,34,16,2,24,48,43.584962500721154,40.776004038851525,13194139533311.982,1882783219727.9978,2.8089584618696293,7.007784749227856,6.115019346787127,False,True,True,
qdao_6869fe31a1fb9b02_0,lowered,qdao,iqp,34,18,2,20,40,43.32192809488736,40.93362726829209,10995116277759.996,2100146733072.005,2.3883008265952697,5.23540384327185,4.62947461368653,False,True,True,
qdao_6869fe31a1fb9b02_0,lowered,qdao,iqp,34,20,2,16,32,43.0,40.86932875934902,8796093022208.0,2008601853967.999,2.130671240650983,4.379211840729556,3.8520564853863823,False,True,True,
qdao_6869fe31a1fb9b02_0,lowered,qdao,iqp,34,22,2,13,26,42.70043971814109,40.39137786233115,7146825580543.993,1442169487375.9956,2.3090618558099436,4.955607259135352,4.162276244821391,False,True,True,
qdao_6869fe31a1fb9b02_0,lowered,qdao,iqp,34,24,2,10,20,42.32192809488736,40.31797782242396,5497558138879.998,1370631438352.0024,2.003950272463399,4.010967489181528,3.3409461663947675,False,True,True,
qdao_e614aae2504083a2_0,semantic,qdao,qft,28,16,2,26,52,37.70043971814109,34.32207969500311,223338299391.9998,21477093199.999928,3.378360023137976,10.398907213011489,8.665907778903366,False,True,True,
qdao_e614aae2504083a2_0,semantic,qdao,qft,28,18,2,21,42,37.39231742277876,34.3219659015531,180388626431.99994,21475399247.99995,3.070351521225657,8.399779875980627,6.99984713977601,False,True,True,
qdao_e614aae2504083a2_0,semantic,qdao,qft,28,20,2,17,34,37.08746284125034,34.32193753347934,146028888064.00034,21474976975.99997,2.7655253077709965,6.799955512278272,5.66663577590007,False,True,True,
qdao_e614aae2504083a2_0,semantic,qdao,qft,28,22,2,13,26,36.70043971814109,34.32192977709168,111669149695.9999,21474861519.999958,2.378509941049405,5.199993936724573,4.3333291254150605,False,True,True,
qdao_e614aae2504083a2_0,semantic,qdao,qft,28,24,2,10,20,36.32192809488736,34.321928504420995,85899345919.99997,21474842576.000057,1.9999995904663699,3.999998864531837,3.3333325468833483,False,True,True,
qdao_e614aae2504083a2_0,lowered,qdao,qft,28,16,2,21,42,37.39231742277876,34.54882190937722,180388626431.99994,25132269584.000015,2.8434955134015425,7.177570088888468,6.12998859749145,False,True,True,
qdao_e614aae2504083a2_0,lowered,qdao,qft,28,18,2,16,32,37.0,34.21916852161641,137438953472.0,19998441488.00004,2.7808314783835897,6.8724832159780815,5.657458563535903,False,True,True,
qdao_e614aae2504083a2_0,lowered,qdao,qft,28,20,2,12,24,36.584962500721154,34.04439412066135,103079215103.99986,17716740111.999992,2.5405683800598027,5.818181812927409,4.682926829268281,False,True,True,
qdao_e614aae2504083a2_0,lowered,qdao,qft,28,22,2,9,18,36.16992500144231,34.000000001343615,77309411327.9998,17179869200.000008,2.1699250000986936,4.499999995809035,3.600000000000001,False,True,True,
qdao_e614aae2504083a2_0,lowered,qdao,qft,28,24,2,7,14,35.807354922057606,34.000000001343615,60129542144.00006,17179869200.000008,1.8073549207139905,3.499999996740373,2.800000000000004,False,True,True,
qdao_cc0b56cb48e9a0fa_0,semantic,qdao,qft,30,16,2,30,60,39.906890595608516,36.322039190596044,1030792151039.9982,85905960912.00017,3.584851405012472,11.999075967451372,9.999358304046725,False,True,True,
qdao_cc0b56cb48e9a0fa_0,semantic,qdao,qft,30,18,2,25,50,39.64385618977472,36.32196591042072,858993459199.9993,85901597519.9998,3.321890279354001,9.999737886131937,8.333151310312093,False,True,True,
qdao_cc0b56cb48e9a0fa_0,semantic,qdao,qft,30,20,2,20,40,39.32192809488736,36.321937082296486,687194767359.9998,85899881039.99976,2.9999910125908755,7.9999501633768695,6.666632058899449,False,True,True,
qdao_cc0b56cb48e9a0fa_0,semantic,qdao,qft,30,22,2,17,34,39.08746284125034,36.32193059212704,584115552256.0013,85899494608.00017,2.7655322491233036,6.799988229518643,5.666658493598504,False,True,True,
qdao_cc0b56cb48e9a0fa_0,semantic,qdao,qft,30,24,2,13,26,38.70043971814109,36.3219286530247,446676598783.9996,85899379151.99988,2.378511065116392,5.199997988269514,4.333331936970801,False,True,True,
qdao_cc0b56cb48e9a0fa_0,lowered,qdao,qft,30,16,2,25,50,39.64385618977472,36.57601187443211,858993459199.9993,102441680912.00018,3.0678443153426116,8.385194888962188,7.180925666199151,False,True,True,
qdao_cc0b56cb48e9a0fa_0,lowered,qdao,qft,30,18,2,20,40,39.32192809488736,36.29691620715271,687194767359.9998,84422950928.00005,3.0250118877346495,8.139904608950149,6.763540290620857,False,True,True,
qdao_cc0b56cb48e9a0fa_0,lowered,qdao,qft,30,20,2,16,32,39.0,36.25738784297367,549755813888.0,82141249552.00009,2.742612157026329,6.692810456212663,5.53513513513514,False,True,True,
qdao_cc0b56cb48e9a0fa_0,lowered,qdao,qft,30,22,2,12,24,38.584962500721154,36.087462841566484,412316860415.99945,73014444048.00002,2.49749965915467,5.647058822291936,4.571428571428556,False,True,True,
qdao_cc0b56cb48e9a0fa_0,lowered,qdao,qft,30,24,2,9,18,38.16992500144231,36.0000000003359,309237645311.9992,68719476751.99992,2.1699250011064066,4.499999998952256,3.599999999999992,False,True,True,
qdao_6bb5483bb97a9036_0,semantic,qdao,qft,32,16,2,35,70,42.12928301694497,38.3220750203131,4810363371520.003,343632377744.0011,3.807207996631867,13.998574299374148,11.665676580435901,False,True,True,
qdao_6bb5483bb97a9036_0,semantic,qdao,qft,32,18,2,29,58,41.85798099512757,38.32196479477927,3985729650687.9917,343606124367.9997,3.5360162003482998,11.599704918004617,9.66646174812059,False,True,True,
qdao_6bb5483bb97a9036_0,semantic,qdao,qft,32,20,2,24,48,41.584962500721154,38.32193725864478,3298534883327.9956,343599566160.00037,3.263025242076374,9.599939022600518,7.999957654849297,False,True,True,
qdao_6bb5483bb97a9036_0,semantic,qdao,qft,32,22,2,20,40,41.32192809488736,38.32193045353344,2748779069439.999,343597945424.00055,2.9999976413539216,7.999986920899658,6.666657584214332,False,True,True,
qdao_6bb5483bb97a9036_0,semantic,qdao,qft,32,24,2,16,32,41.0,38.32192865470422,2199023255552.0,343597517008.0011,2.678071345295777,6.399997516573419,5.333331608938392,False,True,True,
qdao_6bb5483bb97a9036_0,lowered,qdao,qft,32,16,2,30,60,41.906890595608516,38.698379112258856,4123168604159.9927,446039064592.00085,3.2085114833496604,9.24396298770719,8.009908089433514,False,True,True,
qdao_6bb5483bb97a9036_0,lowered,qdao,qft,32,18,2,24,48,41.584962500721154,38.51816135581559,3298534883327.9956,393660596240.00006,3.066801144905561,8.379133992158572,7.133817126269933,False,True,True,
qdao_6bb5483bb97a9036_0,lowered,qdao,qft,32,20,2,19,38,41.247927513443585,38.231221180782725,2611340115967.9995,322659418127.99994,3.01670633266086,8.093178036204334,6.672153635116616,False,True,True,
qdao_6bb5483bb97a9036_0,lowered,qdao,qft,32,22,2,15,30,40.906890595608516,38.10852445685606,2061584302079.9963,296352743440.0,2.7983661387524563,6.956521738754843,5.647058823529392,False,True,True,
qdao_6bb5483bb97a9036_0,lowered,qdao,qft,32,24,2,12,24,40.584962500721154,38.087462841329376,1649267441663.9978,292057776144.0002,2.497499659391778,5.647058823220035,4.571428571428567,False,True,True,
qdao_37b0da10d1dac290_0,semantic,qdao,qft,34,16,2,41,82,44.357552004618086,40.80745986769003,22539988369408.027,1924285321359.9934,3.5500921369280576,11.713433615695742,10.249347606159708,False,True,True,
qdao_37b0da10d1dac290_0,semantic,qdao,qft,34,18,2,34,68,44.08746284125034,40.32197287412475,18691697672192.043,1374432194512.001,3.765489967125596,13.599577881561938,11.333040194122674,False,True,True,
qdao_37b0da10d1dac290_0,semantic,qdao,qft,34,20,2,28,56,43.807354922057606,40.321937542968556,15393162788864.016,1374398535503.996,3.48541737908905,11.199926652438768,9.333282397561826,False,True,True,
qdao_37b0da10d1dac290_0,semantic,qdao,qft,34,22,2,23,46,43.523561956057016,40.32193033665596,12644383719424.025,1374391670351.9988,3.2016316194010557,9.199985704355761,7.666656739207721,False,True,True,
qdao_37b0da10d1dac290_0,semantic,qdao,qft,34,24,2,19,38,43.247927513443585,40.32192851323846,10445360463871.998,1374389933264.0022,2.925999000205124,7.599997796160794,6.333331802950822,False,True,True,
qdao_37b0da10d1dac290_0,lowered,qdao,qft,34,16,2,35,70,44.12928301694497,40.832420310431246,19241453486080.01,1957867552783.9946,3.2968627065137213,9.827760544230674,8.617844637141024,False,True,True,
qdao_37b0da10d1dac290_0,lowered,qdao,qft,34,18,2,29,58,43.85798099512757,40.793298482363404,15942918602751.967,1905489084431.9915,3.064682512764165,8.366838064309565,7.31203447214525,False,True,True,
qdao_37b0da10d1dac290_0,lowered,qdao,qft,34,20,2,23,46,43.523561956057016,40.43931146183433,12644383719424.025,1490890522640.0002,3.0842504942226867,8.481094706426822,7.1608391608391715,False,True,True,
qdao_37b0da10d1dac290_0,lowered,qdao,qft,34,22,2,19,38,43.247927513443585,40.41362792903993,10445360463871.998,1464583847951.9995,2.8342995844036523,7.13196480930625,6.004938271604941,False,True,True,
qdao_37b0da10d1dac290_0,lowered,qdao,qft,34,24,2,15,30,42.906890595608516,40.10852445679764,8246337208319.985,1185410973711.9976,2.798366138810877,6.956521739036542,5.647058823529392,False,True,True,
qdao_5e90cda6bec14320_0,semantic,qdao,quantum_ml,27,16,2,3,6,33.584962500721154,31.171176807198076,12884901887.999983,2418016271.999999,2.413785693523078,5.328707683733895,2.8222324299494606,False,True,True,
qdao_5e90cda6bec14320_0,semantic,qdao,quantum_ml,27,18,2,3,6,33.584962500721154,32.002815020971035,12884901887.999983,4303355919.999998,1.5821474797501196,2.9941520356512803,1.9973992197659294,False,True,True,
qdao_5e90cda6bec14320_0,semantic,qdao,quantum_ml,27,20,2,2,4,33.0,31.022367823612004,8589934592.0,2181038096.0000033,1.9776321763879956,3.938461509569151,1.984496124031008,False,True,True,
qdao_5e90cda6bec14320_0,semantic,qdao,quantum_ml,27,22,2,2,4,33.0,31.087462851366965,8589934592.0,2281701391.9999986,1.9125371486330351,3.7647058559536553,1.9393939393939335,False,True,True,
qdao_5e90cda6bec14320_0,semantic,qdao,quantum_ml,27,24,2,2,4,33.0,31.3219281034865,8589934592.0,2684354576.000008,1.6780718965135009,3.1999999809265045,1.7777777777777737,False,True,True,
qdao_5e90cda6bec14320_0,lowered,qdao,quantum_ml,27,16,2,3,6,33.584962500721154,31.171176807198076,12884901887.999983,2418016271.999999,2.413785693523078,5.328707683733895,2.8222324299494606,False,True,True,
qdao_5e90cda6bec14320_0,lowered,qdao,quantum_ml,27,18,2,3,6,33.584962500721154,32.002815020971035,12884901887.999983,4303355919.999998,1.5821474797501196,2.9941520356512803,1.9973992197659294,False,True,True,
qdao_5e90cda6bec14320_0,lowered,qdao,quantum_ml,27,20,2,2,4,33.0,31.022367823612004,8589934592.0,2181038096.0000033,1.9776321763879956,3.938461509569151,1.984496124031008,False,True,True,
qdao_5e90cda6bec14320_0,lowered,qdao,quantum_ml,27,22,2,2,4,33.0,31.087462851366965,8589934592.0,2281701391.9999986,1.9125371486330351,3.7647058559536553,1.9393939393939335,False,True,True,
qdao_5e90cda6bec14320_0,lowered,qdao,quantum_ml,27,24,2,2,4,33.0,31.3219281034865,8589934592.0,2684354576.000008,1.6780718965135009,3.1999999809265045,1.7777777777777737,False,True,True,
qdao_e409d072248e0f48_0,semantic,qdao,quantum_ml,27,16,2,3,6,33.584962500721154,31.171176807198076,12884901887.999983,2418016271.999999,2.413785693523078,5.328707683733895,2.8222324299494606,False,True,True,
qdao_e409d072248e0f48_0,semantic,qdao,quantum_ml,27,18,2,3,6,33.584962500721154,32.002815020971035,12884901887.999983,4303355919.999998,1.5821474797501196,2.9941520356512803,1.9973992197659294,False,True,True,
qdao_e409d072248e0f48_0,semantic,qdao,quantum_ml,27,20,2,2,4,33.0,31.022367823612004,8589934592.0,2181038096.0000033,1.9776321763879956,3.938461509569151,1.984496124031008,False,True,True,
qdao_e409d072248e0f48_0,semantic,qdao,quantum_ml,27,22,2,2,4,33.0,31.087462851366965,8589934592.0,2281701391.9999986,1.9125371486330351,3.7647058559536553,1.9393939393939335,False,True,True,
qdao_e409d072248e0f48_0,semantic,qdao,quantum_ml,27,24,2,2,4,33.0,31.3219281034865,8589934592.0,2684354576.000008,1.6780718965135009,3.1999999809265045,1.7777777777777737,False,True,True,
qdao_e409d072248e0f48_0,lowered,qdao,quantum_ml,27,16,2,3,6,33.584962500721154,31.171176807198076,12884901887.999983,2418016271.999999,2.413785693523078,5.328707683733895,2.8222324299494606,False,True,True,
qdao_e409d072248e0f48_0,lowered,qdao,quantum_ml,27,18,2,3,6,33.584962500721154,32.002815020971035,12884901887.999983,4303355919.999998,1.5821474797501196,2.9941520356512803,1.9973992197659294,False,True,True,
qdao_e409d072248e0f48_0,lowered,qdao,quantum_ml,27,20,2,2,4,33.0,31.022367823612004,8589934592.0,2181038096.0000033,1.9776321763879956,3.938461509569151,1.984496124031008,False,True,True,
qdao_e409d072248e0f48_0,lowered,qdao,quantum_ml,27,22,2,2,4,33.0,31.087462851366965,8589934592.0,2281701391.9999986,1.9125371486330351,3.7647058559536553,1.9393939393939335,False,True,True,
qdao_e409d072248e0f48_0,lowered,qdao,quantum_ml,27,24,2,2,4,33.0,31.3219281034865,8589934592.0,2684354576.000008,1.6780718965135009,3.1999999809265045,1.7777777777777737,False,True,True,
qdao_73296ffb1575473c_0,semantic,qdao,quantum_ml,29,16,2,3,6,35.584962500721154,33.044735628662096,51539607551.99993,8860467216.000036,2.540226872059062,5.816804723223959,2.9534911669270434,False,True,True,
qdao_73296ffb1575473c_0,semantic,qdao,quantum_ml,29,18,2,3,6,35.584962500721154,33.32305476248975,51539607551.99993,10745806863.999966,2.261907738231404,4.796252920259072,2.6655097613882797,False,True,True,
qdao_73296ffb1575473c_0,semantic,qdao,quantum_ml,29,20,2,2,4,35.0,33.00562455187065,34359738368.0,8623489040.000013,1.9943754481293503,3.9844357902726606,1.9961013645224155,False,True,True,
qdao_73296ffb1575473c_0,semantic,qdao,quantum_ml,29,22,2,2,4,35.0,33.02236781567434,34359738368.0,8724152336.000011,1.9776321843256532,3.9384615312384286,1.984496124031008,False,True,True,
qdao_73296ffb1575473c_0,semantic,qdao,quantum_ml,29,24,2,2,4,35.0,33.0874628437795,34359738368.0,9126805520.000013,1.9125371562205018,3.7647058757531133,1.9393939393939335,False,True,True,
qdao_73296ffb1575473c_0,lowered,qdao,quantum_ml,29,16,2,3,6,35.584962500721154,33.044735628662096,51539607551.99993,8860467216.000036,2.540226872059062,5.816804723223959,2.9534911669270434,False,True,True,
qdao_73296ffb1575473c_0,lowered,qdao,quantum_ml,29,18,2,3,6,35.584962500721154,33.32305476248975,51539607551.99993,10745806863.999966,2.261907738231404,4.796252920259072,2.6655097613882797,False,True,True,
qdao_73296ffb1575473c_0,lowered,qdao,quantum_ml,29,20,2,2,4,35.0,33.00562455187065,34359738368.0,8623489040.000013,1.9943754481293503,3.9844357902726606,1.9961013645224155,False,True,True,
qdao_73296ffb1575473c_0,lowered,qdao,quantum_ml,29,22,2,2,4,35.0,33.02236781567434,34359738368.0,8724152336.000011,1.9776321843256532,3.9384615312384286,1.984496124031008,False,True,True,
qdao_73296ffb1575473c_0,lowered,qdao,quantum_ml,29,24,2,2,4,35.0,33.0874628437795,34359738368.0,9126805520.000013,1.9125371562205018,3.7647058757531133,1.9393939393939335,False,True,True,
qdao_aad48beea6622d6a_0,semantic,qdao,quantum_ml,31,16,2,4,8,38.0,36.011270941354844,274877906944.0,69258444816.00012,1.9887290586451556,3.9688720656993093,2.652796049302755,False,True,True,
qdao_aad48beea6622d6a_0,semantic,qdao,quantum_ml,31,18,2,3,6,37.584962500721154,35.08779430542005,206158430207.99973,36515610640.00007,2.497168195301107,5.645761541289108,2.90874659723043,False,True,True,
qdao_aad48beea6622d6a_0,semantic,qdao,quantum_ml,31,20,2,3,6,37.584962500721154,35.58590145013835,206158430207.99973,51573161999.99999,1.9990610505827995,3.9973975264111057,2.3990628660679336,False,True,True,
qdao_aad48beea6622d6a_0,semantic,qdao,quantum_ml,31,22,2,2,4,37.0,35.00562454986307,137438953472.0,34493956112.00001,1.9943754501369284,3.9844357958171908,1.9961013645224155,False,True,True,
qdao_aad48beea6622d6a_0,semantic,qdao,quantum_ml,31,24,2,2,4,37.0,35.022367813689925,137438953472.0,34896609295.99998,1.9776321863100712,3.938461536655758,1.984496124031008,False,True,True,
qdao_aad48beea6622d6a_0,lowered,qdao,quantum_ml,31,16,2,4,8,38.0,36.011270941354844,274877906944.0,69258444816.00012,1.9887290586451556,3.9688720656993093,2.652796049302755,False,True,True,
qdao_aad48beea6622d6a_0,lowered,qdao,quantum_ml,31,18,2,3,6,37.584962500721154,35.08779430542005,206158430207.99973,36515610640.00007,2.497168195301107,5.645761541289108,2.90874659723043,False,True,True,
qdao_aad48beea6622d6a_0,lowered,qdao,quantum_ml,31,20,2,3,6,37.584962500721154,35.58590145013835,206158430207.99973,51573161999.99999,1.9990610505827995,3.9973975264111057,2.3990628660679336,False,True,True,
qdao_aad48beea6622d6a_0,lowered,qdao,quantum_ml,31,22,2,2,4,37.0,35.00562454986307,137438953472.0,34493956112.00001,1.9943754501369284,3.9844357958171908,1.9961013645224155,False,True,True,
qdao_aad48beea6622d6a_0,lowered,qdao,quantum_ml,31,24,2,2,4,37.0,35.022367813689925,137438953472.0,34896609295.99998,1.9776321863100712,3.938461536655758,1.984496124031008,False,True,True,
qdao_4447087f773cc0bd_0,semantic,qdao,random,19,16,2,5,10,26.32192809488736,24.858758858622284,83886079.99999997,30425104.0,1.4631692362650774,2.7571337143169656,2.1612494723512055,False,True,True,
qdao_4447087f773cc0bd_0,semantic,qdao,random,19,18,2,3,6,25.584962500721154,23.643857950875994,50331647.99999993,13107215.99999999,1.9411045498451607,3.8399953125057196,2.3414634146341404,False,True,True,
qdao_4447087f773cc0bd_0,lowered,qdao,random,19,16,2,5,10,26.32192809488736,25.17055164654515,83886079.99999997,37765135.99999998,1.1513764483422122,2.221257193407168,1.8175363862264817,False,True,True,
qdao_4447087f773cc0bd_0,lowered,qdao,random,19,18,2,4,8,26.0,25.022368490375353,67108864.0,34078736.00000004,0.9776315096246471,1.9692298446749879,1.5802469135802473,False,True,True,
qdao_df0ba413d7169328_0,semantic,qdao,random,20,16,2,6,12,27.584962500721154,26.858369789577576,201326591.99999973,121667599.99999997,0.7265927111435779,1.6547264185370616,1.454201183431951,False,True,True,
qdao_df0ba413d7169328_0,semantic,qdao,random,20,18,2,5,10,27.32192809488736,26.461479697087885,167772159.99999994,92405775.99999997,0.8604483977994768,1.8156025225089822,1.53661464585834,False,True,True,
qdao_df0ba413d7169328_0,lowered,qdao,random,20,16,2,6,12,27.584962500721154,26.644307181614586,201326591.99999973,104890384.00000001,0.9406553191065683,1.9193998946557362,1.6547266361432746,False,True,True,
qdao_df0ba413d7169328_0,lowered,qdao,random,20,18,2,5,10,27.32192809488736,26.172427813862495,167772159.99999994,75628560.00000001,1.1495002810248671,2.218370414562963,1.815602836879428,False,True,True,
qdao_f582b0405134801e_0,semantic,qdao,random,24,16,2,10,20,32.32192809488736,31.492612135052156,5368709119.999998,3021488144.0000014,0.8293159598352062,1.7768426894744074,1.6318643831455035,False,True,True,
qdao_f582b0405134801e_0,semantic,qdao,random,24,18,2,9,18,32.16992500144231,31.214641666288493,4831838207.999988,2491973648.0000014,0.955283335153819,1.9389603946566278,1.7504065716218988,False,True,True,
qdao_f582b0405134801e_0,semantic,qdao,random,24,20,2,6,12,31.584962500721154,30.588743925047158,3221225471.9999957,1614839824.0,0.9962185756739963,1.9947646968607309,1.7104379447740676,False,True,True,
qdao_f582b0405134801e_0,semantic,qdao,random,24,22,2,5,10,31.32192809488736,30.39285405624608,2684354559.999999,1409810447.9999979,0.9290740386412821,1.9040535298969516,1.5995001562011903,False,True,True,
qdao_f582b0405134801e_0,lowered,qdao,random,24,16,2,11,22,32.459431618637296,31.556753016150815,5905580031.999996,3158851599.9999943,0.9026786024864819,1.8695338622428503,1.7231063412768617,False,True,True,
qdao_f582b0405134801e_0,lowered,qdao,random,24,18,2,9,18,32.16992500144231,31.28773042193015,4831838207.999988,2621472783.9999943,0.8821945795121628,1.8431769490382817,1.6719694306804431,False,True,True,
qdao_f582b0405134801e_0,lowered,qdao,random,24,20,2,7,14,31.807354922057606,30.909916527568026,3758096384.000004,2017493008.0000005,0.8974383944895798,1.8627555927569304,1.6440131305457226,False,True,True,
qdao_f582b0405134801e_0,lowered,qdao,random,24,22,2,6,12,31.584962500721154,30.85836961171242,3221225471.9999957,1946681360.0000012,0.7265928890087352,1.654726622542887,1.454201183431951,False,True,True,
qdao_28eeaba589be4b5a_0,semantic,qdao,random,28,16,2,17,34,37.08746284125034,35.37945036506261,146028888064.00034,44696733968.00014,1.7080124761877364,3.267104217694017,2.980686204889888,False,True,True,
qdao_28eeaba589be4b5a_0,semantic,qdao,random,28,18,2,13,26,36.70043971814109,35.11375267682063,111669149695.9999,37178581519.999916,1.5866870413204595,3.0035882255467,2.692539050239169,False,True,True,
qdao_28eeaba589be4b5a_0,semantic,qdao,random,28,20,2,11,22,36.459431618637296,35.06643089812454,94489280511.99994,35978871823.9999,1.393000720512756,2.626243562450175,2.3461701842726868,False,True,True,
qdao_28eeaba589be4b5a_0,semantic,qdao,random,28,22,2,10,20,36.32192809488736,34.82019147980613,85899345919.99997,30333469712.00006,1.5017366150812386,2.831833836866278,2.4806013029073393,False,True,True,
qdao_28eeaba589be4b5a_0,semantic,qdao,random,28,24,2,8,16,36.0,34.555068860470385,68719476736.0,25241329680.000053,1.4449311395296185,2.722498283854277,2.3266111127290063,False,True,True,
qdao_28eeaba589be4b5a_0,lowered,qdao,random,28,16,2,16,32,37.0,35.75843879297231,137438953472.0,58124961039.99977,1.241561207027683,2.3645427199068316,2.201844141303878,False,True,True,
qdao_28eeaba589be4b5a_0,lowered,qdao,random,28,18,2,13,26,36.70043971814109,35.50010299106296,111669149695.9999,48595477008.0002,1.2003367270781347,2.297932988241195,2.1113293941706583,False,True,True,
qdao_28eeaba589be4b5a_0,lowered,qdao,random,28,20,2,11,22,36.459431618637296,35.366394825057206,94489280511.99994,44294079503.999954,1.0930367935800902,2.133225965412988,1.9446621567211888,False,True,True,
qdao_28eeaba589be4b5a_0,lowered,qdao,random,28,22,2,9,18,36.16992500144231,35.04577036689689,77309411327.9998,35467297808.00009,1.1241546345454232,2.179737846015489,1.944290929022842,False,True,True,
qdao_28eeaba589be4b5a_0,lowered,qdao,random,28,24,2,7,14,35.807354922057606,34.64475803337615,60129542144.00006,26860331023.999958,1.1625968886814526,2.238600190380141,1.9299941074959999,False,True,True,
qdao_4843a3acf8f5e7f7_0,semantic,qdao,random,32,16,2,23,46,41.523561956057016,40.68167862733017,3161095929856.0063,1763622134287.998,0.8418833287268441,1.7923884421717073,1.72516735463811,False,True,True,
qdao_4843a3acf8f5e7f7_0,semantic,qdao,random,32,18,2,18,36,41.16992500144231,40.36084817337546,2473901162495.9937,1411971564559.9968,0.8090768280668499,1.7520899319717667,1.6707747217524898,False,True,True,
qdao_4843a3acf8f5e7f7_0,semantic,qdao,random,32,20,2,16,32,41.0,40.135714453237455,2199023255552.0,1207963878416.0002,0.8642855467625452,1.8204379243819553,1.7224500082228653,False,True,True,
qdao_4843a3acf8f5e7f7_0,semantic,qdao,random,32,22,2,14,28,40.807354922057606,39.96722766908015,1924145348608.002,1074816616463.9977,0.840127252977453,1.7902080402684708,1.682627562065414,False,True,True,
qdao_4843a3acf8f5e7f7_0,semantic,qdao,random,32,24,2,12,24,40.584962500721154,39.756557954494376,1649267441663.9978,928787728400.0017,0.8284045462267784,1.775720534664199,1.6533890013010868,False,True,True,
qdao_4843a3acf8f5e7f7_0,lowered,qdao,random,32,16,2,23,46,41.523561956057016,40.67992772230291,3161095929856.0063,1761483039247.9966,0.8436342337541092,1.7945650678564156,1.7271836872020094,False,True,True,
qdao_4843a3acf8f5e7f7_0,lowered,qdao,random,32,18,2,19,38,41.247927513443585,40.479797052729054,2611340115967.9995,1533321167888.002,0.7681304607145307,1.7030614137838205,1.630008654747315,False,True,True,
qdao_4843a3acf8f5e7f7_0,lowered,qdao,random,32,20,2,16,32,41.0,40.139633941977486,2199023255552.0,1211250115599.9985,0.8603660580225139,1.81549890252246,1.718027731866799,False,True,True,
qdao_4843a3acf8f5e7f7_0,lowered,qdao,random,32,22,2,14,28,40.807354922057606,40.09811563902181,1924145348608.002,1176889198607.999,0.7092392830357923,1.6349418032588303,1.5447430535126347,False,True,True,
qdao_4843a3acf8f5e7f7_0,lowered,qdao,random,32,24,2,12,24,40.584962500721154,39.728028445916536,1649267441663.9978,910601226255.9991,0.8569340548046185,1.8111851753649364,1.684093307383512,False,True,True,
qdao_b55d2dd9bf5b66fa_0,semantic,qdao,state_preparation,28,16,2,4,8,35.0,34.322068977270874,34359738368.0,21476933647.999943,0.6779310227291262,1.5998437640654433,1.3332248352184872,False,True,True,
qdao_b55d2dd9bf5b66fa_0,semantic,qdao,state_preparation,28,18,2,4,8,35.0,34.32249153867194,34359738368.0,21483225104.0,0.6775084613280633,1.5993752428541366,1.332899446794662,False,True,True,
qdao_b55d2dd9bf5b66fa_0,semantic,qdao,state_preparation,28,20,2,3,6,34.584962500721154,33.588714637369094,25769803775.999966,12918456335.999977,0.9962478633520604,1.9948051923345536,1.4970760233918097,False,True,True,
qdao_b55d2dd9bf5b66fa_0,semantic,qdao,state_preparation,28,22,2,3,6,34.584962500721154,33.59991284396015,25769803775.999966,13019119632.000029,0.9850496567610065,1.9793814408663781,1.488372093023254,False,True,True,
qdao_b55d2dd9bf5b66fa_0,semantic,qdao,state_preparation,28,24,2,2,4,34.0,32.1699250062196,17179869184.0,4831838223.999972,1.8300749937803964,3.55555554378181,1.8823529411764757,False,True,True,
qdao_b55d2dd9bf5b66fa_0,lowered,qdao,state_preparation,28,16,2,3,6,34.584962500721154,32.32249154189535,25769803775.999966,5370806287.9999895,2.2624709588258014,4.798125717841943,2.6660880885224505,False,True,True,
qdao_b55d2dd9bf5b66fa_0,lowered,qdao,state_preparation,28,18,2,3,6,34.584962500721154,33.58590145148109,25769803775.999966,12893290512.000006,0.999061049240062,1.9986987613453346,1.4992679355783314,False,True,True,
qdao_b55d2dd9bf5b66fa_0,lowered,qdao,state_preparation,28,20,2,2,4,34.0,32.011227260756044,17179869184.0,4328521743.999984,1.9887727392439523,3.9689922333909893,1.9922178988326886,False,True,True,
qdao_b55d2dd9bf5b66fa_0,lowered,qdao,state_preparation,28,22,2,2,4,34.0,32.04439412457005,17179869184.0,4429185039.999995,1.9556058754299492,3.87878786477613,1.9692307692307718,False,True,True,
qdao_b55d2dd9bf5b66fa_0,lowered,qdao,state_preparation,28,24,2,2,4,34.0,32.1699250062196,17179869184.0,4831838223.999972,1.8300749937803964,3.55555554378181,1.8823529411764757,False,True,True,
qdao_8001255ee7284350_0,semantic,qdao,state_preparation,29,16,2,4,8,36.0,35.321998537798805,68719476736.0,42951770128.000015,0.6780014622011947,1.5999218782185223,1.333279082068596,False,True,True,
qdao_8001255ee7284350_0,semantic,qdao,state_preparation,29,18,2,4,8,36.0,35.322209844286235,68719476736.0,42958061583.999985,0.6777901557137618,1.5996875604274206,1.3331163547599647,False,True,True,
qdao_8001255ee7284350_0,semantic,qdao,state_preparation,29,20,2,3,6,35.584962500721154,34.58683978885641,51539607551.99993,25803358224.000076,0.9981227118647489,1.99739921852739,1.4985365853658474,False,True,True,
qdao_8001255ee7284350_0,semantic,qdao,state_preparation,29,22,2,3,6,35.584962500721154,34.59245703815918,51539607551.99993,25904021519.999996,0.9925054625619687,1.989637304470546,1.4941634241245072,False,True,True,
qdao_8001255ee7284350_0,semantic,qdao,state_preparation,29,24,2,3,6,35.584962500721154,34.614709844992674,51539607551.99993,26306674704.00007,0.9702526557284834,1.9591836722777887,1.4769230769230732,False,True,True,
qdao_8001255ee7284350_0,lowered,qdao,state_preparation,29,16,2,3,6,35.584962500721154,33.585197297051224,51539607551.99993,12886999056.000046,1.9997652036699307,3.9993490593144454,2.3997656478859426,False,True,True,
qdao_8001255ee7284350_0,lowered,qdao,state_preparation,29,18,2,3,6,35.584962500721154,34.000704270354206,51539607551.99993,17188257808.0,1.5842582303669488,2.9985358683654164,1.9993491701919903,False,True,True,
qdao_8001255ee7284350_0,lowered,qdao,state_preparation,29,20,2,2,4,35.0,33.00562455187065,34359738368.0,8623489040.000013,1.9943754481293503,3.9844357902726606,1.9961013645224155,False,True,True,
qdao_8001255ee7284350_0,lowered,qdao,state_preparation,29,22,2,2,4,35.0,33.02236781567434,34359738368.0,8724152336.000011,1.9776321843256532,3.9384615312384286,1.984496124031008,False,True,True,
qdao_8001255ee7284350_0,lowered,qdao,state_preparation,29,24,2,2,4,35.0,33.0874628437795,34359738368.0,9126805520.000013,1.9125371562205018,3.7647058757531133,1.9393939393939335,False,True,True,
qdao_02308f38e354ada8_0,semantic,qdao,state_preparation,30,16,2,5,10,37.32192809488736,36.807380080635106,171798691839.99994,120261181455.99976,0.5145480142522558,1.4285465165071267,1.2499809268047082,False,True,True,
qdao_02308f38e354ada8_0,semantic,qdao,state_preparation,30,18,2,5,10,37.32192809488736,36.807455553159556,171798691839.99994,120267472912.00023,0.5144725417278053,1.4284717860971863,1.2499237107110155,False,True,True,
qdao_02308f38e354ada8_0,semantic,qdao,state_preparation,30,20,2,4,8,37.0,36.322491537866085,137438953472.0,85932900367.99994,0.6775084621339147,1.5993752437475055,1.332899446794662,False,True,True,
qdao_02308f38e354ada8_0,semantic,qdao,state_preparation,30,22,2,3,6,36.584962500721154,35.58871463602897,103079215103.99986,51673825295.99985,0.9962478646921831,1.9948051941875327,1.4970760233918097,False,True,True,
qdao_02308f38e354ada8_0,semantic,qdao,state_preparation,30,24,2,3,6,36.584962500721154,35.59991284263038,103079215103.99986,52076478479.99998,0.985049658090773,1.9793814426908214,1.488372093023254,False,True,True,
qdao_02308f38e354ada8_0,lowered,qdao,state_preparation,30,16,2,4,8,37.0,34.339989146063324,137438953472.0,21745369103.99997,2.660010853936676,6.320378045306146,3.530844243305856,False,True,True,
qdao_02308f38e354ada8_0,lowered,qdao,state_preparation,30,18,2,3,6,36.584962500721154,34.17055103651051,103079215103.99986,19335741456.00005,2.4144114642106445,5.331019518365223,2.8228807718814615,False,True,True,
qdao_02308f38e354ada8_0,lowered,qdao,state_preparation,30,20,2,3,6,36.584962500721154,34.32418054769195,103079215103.99986,21508390927.99995,2.2607819530291984,4.792511696902883,2.664353859496962,False,True,True,
qdao_02308f38e354ada8_0,lowered,qdao,state_preparation,30,22,2,3,6,36.584962500721154,35.58871463602897,103079215103.99986,51673825295.99985,0.9962478646921831,1.9948051941875327,1.4970760233918097,False,True,True,
qdao_02308f38e354ada8_0,lowered,qdao,state_preparation,30,24,2,2,4,36.0,34.04439412066135,68719476736.0,17716740111.999992,1.9556058793386484,3.8787878752849445,1.9692307692307718,False,True,True,
qdao_7bc65596232c0019_0,semantic,qdao,state_preparation,32,16,2,6,12,39.584962500721154,38.90689646598251,824633720831.9989,515398172688.00037,0.6780660347386416,1.5999934895601509,1.4117596372370531,False,True,True,
qdao_7bc65596232c0019_0,semantic,qdao,state_preparation,32,18,2,5,10,39.32192809488736,38.80738008049116,687194767359.9998,481044725776.00146,0.5145480143962047,1.428546516649664,1.2499809268047082,False,True,True,
qdao_7bc65596232c0019_0,semantic,qdao,state_preparation,32,20,2,4,8,39.0,38.32206897626327,549755813888.0,343630938128.00055,0.6779310237367326,1.5998437651828055,1.3332248352184906,False,True,True,
qdao_7bc65596232c0019_0,semantic,qdao,state_preparation,32,22,2,4,8,39.0,38.322491537664625,549755813888.0,343731601424.00055,0.6775084623353749,1.5993752439708446,1.3328994467946587,False,True,True,
qdao_7bc65596232c0019_0,semantic,qdao,state_preparation,32,24,2,3,6,38.584962500721154,37.58871463569394,412316860415.99945,206695301135.99985,0.9962478650272146,1.9948051946507785,1.4970760233918097,False,True,True,
qdao_7bc65596232c0019_0,lowered,qdao,state_preparation,32,16,2,4,8,39.0,37.01124909855441,549755813888.0,138514792464.0005,1.9887509014455915,3.9689321559708484,2.652822894846032,False,True,True,
qdao_7bc65596232c0019_0,lowered,qdao,state_preparation,32,18,2,3,6,38.584962500721154,36.32206897646479,412316860415.99945,85907734544.00023,2.262893524256363,4.799531294877983,2.666521998589483,False,True,True,
qdao_7bc65596232c0019_0,lowered,qdao,state_preparation,32,20,2,3,6,38.584962500721154,36.32249153786609,412316860415.99945,85932900368.00037,2.262470962855062,4.798125731242487,2.6660880885224505,False,True,True,
qdao_7bc65596232c0019_0,lowered,qdao,state_preparation,32,22,2,3,6,38.584962500721154,37.0014081945606,412316860415.99945,137573171216.00003,1.5835543061605577,2.997073170383138,1.998698763825629,False,True,True,
qdao_7bc65596232c0019_0,lowered,qdao,state_preparation,32,24,2,2,4,38.0,36.01122725575655,274877906944.0,69256347663.99991,1.9887727442434482,3.968992247145082,1.9922178988326886,False,True,True,
qdao_14c008c4fa7c220d_0,semantic,qdao,unknown,28,16,2,4,8,35.0,34.322068977270874,34359738368.0,21476933647.999943,0.6779310227291262,1.5998437640654433,1.3332248352184872,False,True,True,
qdao_14c008c4fa7c220d_0,semantic,qdao,unknown,28,18,2,4,8,35.0,34.32249153867194,34359738368.0,21483225104.0,0.6775084613280633,1.5993752428541366,1.332899446794662,False,True,True,
qdao_14c008c4fa7c220d_0,semantic,qdao,unknown,28,20,2,3,6,34.584962500721154,33.588714637369094,25769803775.999966,12918456335.999977,0.9962478633520604,1.9948051923345536,1.4970760233918097,False,True,True,
qdao_14c008c4fa7c220d_0,semantic,qdao,unknown,28,22,2,3,6,34.584962500721154,33.59991284396015,25769803775.999966,13019119632.000029,0.9850496567610065,1.9793814408663781,1.488372093023254,False,True,True,
qdao_14c008c4fa7c220d_0,semantic,qdao,unknown,28,24,2,2,4,34.0,32.1699250062196,17179869184.0,4831838223.999972,1.8300749937803964,3.55555554378181,1.8823529411764757,False,True,True,
qdao_14c008c4fa7c220d_0,lowered,qdao,unknown,28,16,2,3,6,34.584962500721154,32.088125697244195,25769803775.999966,4565499919.999994,2.4968368034769597,5.644464840117662,2.908402366863902,False,True,True,
qdao_14c008c4fa7c220d_0,lowered,qdao,unknown,28,18,2,3,6,34.584962500721154,33.00140819707742,25769803775.999966,8598323216.00001,1.5835543036437372,2.9970731651546627,1.998698763825629,False,True,True,
qdao_14c008c4fa7c220d_0,lowered,qdao,unknown,28,20,2,2,4,34.0,32.011227260756044,17179869184.0,4328521743.999984,1.9887727392439523,3.9689922333909893,1.9922178988326886,False,True,True,
qdao_14c008c4fa7c220d_0,lowered,qdao,unknown,28,22,2,2,4,34.0,32.04439412457005,17179869184.0,4429185039.999995,1.9556058754299492,3.87878786477613,1.9692307692307718,False,True,True,
qdao_14c008c4fa7c220d_0,lowered,qdao,unknown,28,24,2,2,4,34.0,32.1699250062196,17179869184.0,4831838223.999972,1.8300749937803964,3.55555554378181,1.8823529411764757,False,True,True,
qdao_822e275e5ae2169f_0,semantic,qdao,unknown,28,16,2,13,26,36.70043971814109,36.52359258383244,111669149695.9999,98786344975.99979,0.17684713430865173,1.1304107842347038,1.0833112933086508,False,True,True,
qdao_822e275e5ae2169f_0,semantic,qdao,unknown,28,18,2,12,24,36.584962500721154,36.39245159602159,103079215103.99986,90202701839.99983,0.19251090469956722,1.1427508600223548,1.090812250332887,False,True,True,
qdao_822e275e5ae2169f_0,semantic,qdao,unknown,28,20,2,10,20,36.32192809488736,36.08812569250421,85899345919.99997,73047998480.00003,0.23380240238315508,1.1759301788880434,1.1106290672451202,False,True,True,
qdao_822e275e5ae2169f_0,semantic,qdao,unknown,28,22,2,7,14,35.807354922057606,35.46352437375839,60129542144.00006,47378858000.00019,0.3438305482992199,1.2691218126025738,1.1636363636363676,False,True,True,
qdao_822e275e5ae2169f_0,semantic,qdao,unknown,28,24,2,6,12,35.584962500721154,35.189824559469,51539607551.99993,39191576592.0001,0.3951379412521554,1.3150684926138052,1.185185185185184,False,True,True,
qdao_822e275e5ae2169f_0,lowered,qdao,unknown,28,16,2,2,4,34.0,32.00070427438308,17179869184.0,4297064464.000002,1.9992957256169177,3.9980478133222603,1.9995118379301966,False,True,True,
qdao_822e275e5ae2169f_0,lowered,qdao,unknown,28,18,2,2,4,34.0,32.002815020971035,17179869184.0,4303355919.999998,1.9971849790289653,3.9922027142017127,1.9980487804878089,False,True,True,
qdao_822e275e5ae2169f_0,lowered,qdao,unknown,28,20,2,2,4,34.0,32.011227260756044,17179869184.0,4328521743.999984,1.9887727392439523,3.9689922333909893,1.9922178988326886,False,True,True,
qdao_822e275e5ae2169f_0,lowered,qdao,unknown,28,22,2,2,4,34.0,32.04439412457005,17179869184.0,4429185039.999995,1.9556058754299492,3.87878786477613,1.9692307692307718,False,True,True,
qdao_822e275e5ae2169f_0,lowered,qdao,unknown,28,24,2,2,4,34.0,32.1699250062196,17179869184.0,4831838223.999972,1.8300749937803964,3.55555554378181,1.8823529411764757,False,True,True,
qdao_1d096d227f7a0f3b_0,semantic,qdao,unknown,28,16,2,16,32,37.0,36.85800528617523,137438953472.0,124556148752.00026,0.14199471382477213,1.1034296969606077,1.0666493058381212,False,True,True,
qdao_1d096d227f7a0f3b_0,semantic,qdao,unknown,28,18,2,14,28,36.807354922057606,36.64396889613723,120259084288.00012,107382571024.00015,0.16338602592037432,1.119912506668536,1.0768421843311056,False,True,True,
qdao_1d096d227f7a0f3b_0,semantic,qdao,unknown,28,20,2,11,22,36.459431618637296,36.24852060522118,94489280511.99994,81637933072.00009,0.21091101341611562,1.157418824269665,1.099570480281137,False,True,True,
qdao_1d096d227f7a0f3b_0,semantic,qdao,unknown,28,22,2,9,18,36.16992500144231,35.90989308412759,77309411327.9998,64558727183.999756,0.2600319173147163,1.1975051972084108,1.1228070175438585,False,True,True,
qdao_1d096d227f7a0f3b_0,semantic,qdao,unknown,28,24,2,7,14,35.807354922057606,35.4757334314495,60129542144.00006,47781511184.00011,0.33162149060811075,1.2584269658707425,1.1546391752577336,False,True,True,
qdao_1d096d227f7a0f3b_0,lowered,qdao,unknown,28,16,2,2,4,34.0,32.00070427438308,17179869184.0,4297064464.000002,1.9992957256169177,3.9980478133222603,1.9995118379301966,False,True,True,
qdao_1d096d227f7a0f3b_0,lowered,qdao,unknown,28,18,2,2,4,34.0,32.002815020971035,17179869184.0,4303355919.999998,1.9971849790289653,3.9922027142017127,1.9980487804878089,False,True,True,
qdao_1d096d227f7a0f3b_0,lowered,qdao,unknown,28,20,2,2,4,34.0,32.011227260756044,17179869184.0,4328521743.999984,1.9887727392439523,3.9689922333909893,1.9922178988326886,False,True,True,
qdao_1d096d227f7a0f3b_0,lowered,qdao,unknown,28,22,2,2,4,34.0,32.04439412457005,17179869184.0,4429185039.999995,1.9556058754299492,3.87878786477613,1.9692307692307718,False,True,True,
qdao_1d096d227f7a0f3b_0,lowered,qdao,unknown,28,24,2,2,4,34.0,32.1699250062196,17179869184.0,4831838223.999972,1.8300749937803964,3.55555554378181,1.8823529411764757,False,True,True,
qdao_b43bda71670e1602_0,semantic,qdao,unknown,30,16,2,14,28,38.807354922057606,38.643863234220646,481036337152.0005,429498826767.9988,0.16349168783695944,1.1199945312349842,1.0769180207800266,False,True,True,
qdao_b43bda71670e1602_0,semantic,qdao,unknown,30,18,2,12,24,38.584962500721154,38.39235096725933,412316860415.99945,360785641488.0003,0.1926115334618217,1.1428305702950574,1.0908848791530714,False,True,True,
qdao_b43bda71670e1602_0,semantic,qdao,unknown,30,20,2,11,22,38.459431618637296,38.248075809247666,377957122047.99976,326451068943.9987,0.21135580938963017,1.157775722011303,1.099892588614391,False,True,True,
qdao_b43bda71670e1602_0,semantic,qdao,unknown,30,22,2,10,20,38.32192809488736,38.088125692267205,343597383679.9999,292191993871.9997,0.2338024026201566,1.1759301790812215,1.1106290672451202,False,True,True,
qdao_b43bda71670e1602_0,semantic,qdao,unknown,30,24,2,9,18,38.16992500144231,37.90989308385943,309237645311.9992,258234908687.99997,0.2600319175828787,1.197505197430998,1.1228070175438558,False,True,True,
qdao_b43bda71670e1602_0,lowered,qdao,unknown,30,16,2,3,6,36.584962500721154,35.00008805310189,103079215103.99986,34361835536.00005,1.5848744476192635,2.9998169043096166,1.9999186231029014,False,True,True,
qdao_b43bda71670e1602_0,lowered,qdao,unknown,30,18,2,2,4,36.0,34.000704270354206,68719476736.0,17188257808.0,1.9992957296457945,3.998047824487227,1.9995118379301915,False,True,True,
qdao_b43bda71670e1602_0,lowered,qdao,unknown,30,20,2,2,4,36.0,34.00281501694805,68719476736.0,17213423631.99999,1.9971849830519517,3.992202725334056,1.9980487804878089,False,True,True,
qdao_b43bda71670e1602_0,lowered,qdao,unknown,30,22,2,2,4,36.0,34.011227256756456,68719476736.0,17314086928.000034,1.9887727432435476,3.968992244394259,1.9922178988326886,False,True,True,
qdao_b43bda71670e1602_0,lowered,qdao,unknown,30,24,2,2,4,36.0,34.04439412066135,68719476736.0,17716740111.999992,1.9556058793386484,3.8787878752849445,1.9692307692307718,False,True,True,
qdao_8bb3ef63c6970a72_0,semantic,qdao,unknown,28,16,2,109,218,39.768184324776925,39.74819612608022,936302870527.9991,923420065808.0004,0.019988198696708537,1.0139511855947447,1.009256977771948,False,True,True,
qdao_8bb3ef63c6970a72_0,semantic,qdao,unknown,28,18,2,89,178,39.4757334309664,39.45122721328034,764504178688.0013,751627665423.9996,0.024506217686059983,1.0171315052070866,1.011352413081358,False,True,True,
qdao_8bb3ef63c6970a72_0,semantic,qdao,unknown,28,20,2,69,138,39.10852445677817,39.0768990839713,592705486848.0004,579854139407.9985,0.03162537280687161,1.0221630692386234,1.0146475960709975,False,True,True,
qdao_8bb3ef63c6970a72_0,semantic,qdao,unknown,28,22,2,56,112,38.807354922057606,38.76859788224367,481036337152.0005,468285653008.00024,0.03875703981393741,1.0272284321804375,1.0178926441351892,False,True,True,
qdao_8bb3ef63c6970a72_0,semantic,qdao,unknown,28,24,2,43,86,38.426264754702096,38.377210530453205,369367187455.9995,357019156495.99945,0.04905422424889139,1.0345864661190485,1.0222882615155995,False,True,True,
qdao_8bb3ef63c6970a72_0,lowered,qdao,unknown,28,16,2,82,164,39.357552004618086,39.04924765587209,704374636544.0009,568846188560.0004,0.3083043487459989,1.2382514829308824,1.2289723558791825,False,True,True,
qdao_8bb3ef63c6970a72_0,lowered,qdao,unknown,28,18,2,65,130,39.02236781302845,38.73214092093195,558345748479.9993,456600322063.99945,0.29022689209650565,1.222832576981272,1.2114373077553102,False,True,True,
qdao_8bb3ef63c6970a72_0,lowered,qdao,unknown,28,20,2,49,98,38.61470984411521,38.32628903106875,420906795008.0008,344637571087.9991,0.2884208130464643,1.2213026968569463,1.2062698336378503,False,True,True,
qdao_8bb3ef63c6970a72_0,lowered,qdao,unknown,28,22,2,37,74,38.20945336562895,37.953468962315576,317827579904.0007,266153754639.99988,0.25598440331337713,1.194150277285755,1.1751861042183651,False,True,True,
qdao_8bb3ef63c6970a72_0,lowered,qdao,unknown,28,24,2,25,50,37.64385618977472,37.42206476629816,214748364799.99982,184146722831.9999,0.2217914234765601,1.166180757916166,1.1396011396011385,False,True,True,
qdao_6f0a33e9cac0d6f1_0,semantic,qdao,unknown,28,16,2,85,170,39.409390936137704,39.383708510709276,730144440320.0013,717261635599.9995,0.025682425428428246,1.0179610954783955,1.0119018208768733,False,True,True,
qdao_6f0a33e9cac0d6f1_0,semantic,qdao,unknown,28,18,2,74,148,39.20945336562895,39.17992852277458,635655159808.0013,622778646543.9996,0.029524842854371514,1.0206759068177074,1.0136850694955424,False,True,True,
qdao_6f0a33e9cac0d6f1_0,semantic,qdao,unknown,28,20,2,60,120,38.906890595608516,38.87046105021668,515396075519.9991,502544728079.99915,0.036429545391833074,1.025572544535686,1.01688182720953,False,True,True,
qdao_6f0a33e9cac0d6f1_0,semantic,qdao,unknown,28,22,2,43,86,38.426264754702096,38.37558251255523,369367187455.9995,356616503311.9997,0.05068224214686268,1.0357546104164574,1.023428783934547,False,True,True,
qdao_6f0a33e9cac0d6f1_0,semantic,qdao,unknown,28,24,2,28,56,37.807354922057606,37.731319031126226,240518168576.00024,228170137615.99933,0.07603589093137941,1.0541176469849096,1.0346420323325636,False,True,True,
qdao_6f0a33e9cac0d6f1_0,lowered,qdao,unknown,28,16,2,10,20,36.32192809488736,35.705686379840884,85899345919.99997,56037998607.99989,0.6162417150464776,1.5328767631565114,1.4237547360005558,False,True,True,
qdao_6f0a33e9cac0d6f1_0,lowered,qdao,unknown,28,18,2,8,16,36.0,35.32671035888262,68719476736.0,43092279311.99986,0.6732896411173748,1.5947050801943445,1.4501681713577637,False,True,True,
qdao_6f0a33e9cac0d6f1_0,lowered,qdao,unknown,28,20,2,6,12,35.584962500721154,34.81538329657705,51539607551.99993,30232543247.999912,0.769579204144101,1.7047724741255312,1.49271137026239,False,True,True,
qdao_6f0a33e9cac0d6f1_0,lowered,qdao,unknown,28,22,2,5,10,35.32192809488736,34.813781191981406,42949672959.999985,30198988816.000023,0.5081469029059598,1.4222222214687035,1.2451361867704298,False,True,True,
qdao_6f0a33e9cac0d6f1_0,lowered,qdao,unknown,28,24,2,4,8,35.0,34.357552005666754,34359738368.0,22011707407.99994,0.6424479943332457,1.5609756086214508,1.3061224489795926,False,True,True,
qdao_f4051593af7e5334_0,semantic,qdao,unknown,28,16,2,85,170,39.409390936137704,39.383708510709276,730144440320.0013,717261635599.9995,0.025682425428428246,1.0179610954783955,1.0119018208768733,False,True,True,
qdao_f4051593af7e5334_0,semantic,qdao,unknown,28,18,2,74,148,39.20945336562895,39.17992852277458,635655159808.0013,622778646543.9996,0.029524842854371514,1.0206759068177074,1.0136850694955424,False,True,True,
qdao_f4051593af7e5334_0,semantic,qdao,unknown,28,20,2,60,120,38.906890595608516,38.87046105021668,515396075519.9991,502544728079.99915,0.036429545391833074,1.025572544535686,1.01688182720953,False,True,True,
qdao_f4051593af7e5334_0,semantic,qdao,unknown,28,22,2,43,86,38.426264754702096,38.37558251255523,369367187455.9995,356616503311.9997,0.05068224214686268,1.0357546104164574,1.023428783934547,False,True,True,
qdao_f4051593af7e5334_0,semantic,qdao,unknown,28,24,2,28,56,37.807354922057606,37.731319031126226,240518168576.00024,228170137615.99933,0.07603589093137941,1.0541176469849096,1.0346420323325636,False,True,True,
qdao_f4051593af7e5334_0,lowered,qdao,unknown,28,16,2,10,20,36.32192809488736,35.705686379840884,85899345919.99997,56037998607.99989,0.6162417150464776,1.5328767631565114,1.4237547360005558,False,True,True,
qdao_f4051593af7e5334_0,lowered,qdao,unknown,28,18,2,8,16,36.0,35.32671035888262,68719476736.0,43092279311.99986,0.6732896411173748,1.5947050801943445,1.4501681713577637,False,True,True,
qdao_f4051593af7e5334_0,lowered,qdao,unknown,28,20,2,6,12,35.584962500721154,34.81538329657705,51539607551.99993,30232543247.999912,0.769579204144101,1.7047724741255312,1.49271137026239,False,True,True,
qdao_f4051593af7e5334_0,lowered,qdao,unknown,28,22,2,5,10,35.32192809488736,34.813781191981406,42949672959.999985,30198988816.000023,0.5081469029059598,1.4222222214687035,1.2451361867704298,False,True,True,
qdao_f4051593af7e5334_0,lowered,qdao,unknown,28,24,2,4,8,35.0,34.357552005666754,34359738368.0,22011707407.99994,0.6424479943332457,1.5609756086214508,1.3061224489795926,False,True,True,
qdao_a4e58f31f6a7ebf7_0,semantic,qdao,unknown,30,16,2,93,186,41.53915881110803,41.51570080064207,3195455668223.999,3143918157840.0015,0.023458010465958523,1.0163927646320812,1.0108688945810762,False,True,True,
qdao_a4e58f31f6a7ebf7_0,semantic,qdao,unknown,30,18,2,81,162,41.339850002884624,41.312887385732154,2783138807807.999,2731607588880.0005,0.026962617152470614,1.0188647956382078,1.0124969101046415,False,True,True,
qdao_a4e58f31f6a7ebf7_0,semantic,qdao,unknown,30,20,2,66,132,41.04439411935845,41.011249098398174,2267742732287.9956,2216236679184.004,0.03314502096027638,1.0232403215720425,1.0153693604362883,False,True,True,
qdao_a4e58f31f6a7ebf7_0,semantic,qdao,unknown,30,22,2,57,114,40.83289001416474,40.7945174038251,1958505086975.997,1907099697167.995,0.03837261033964268,1.0269547469827287,1.0177861477296473,False,True,True,
qdao_a4e58f31f6a7ebf7_0,semantic,qdao,unknown,30,24,2,47,94,40.554588851677636,40.508289986155106,1614907703295.9983,1563904966671.997,0.046298865522530264,1.0326124270405865,1.0213921901527998,False,True,True,
qdao_a4e58f31f6a7ebf7_0,lowered,qdao,unknown,30,16,2,10,20,38.32192809488736,37.70305191158771,343597383679.9999,223743049744.0,0.6188761832996548,1.5356784672110866,1.426171429566244,False,True,True,
qdao_a4e58f31f6a7ebf7_0,lowered,qdao,unknown,30,18,2,8,16,38.0,37.25037244606616,274877906944.0,163485581327.9995,0.7496275539338413,1.6813587150081153,1.5214746714955671,False,True,True,
qdao_a4e58f31f6a7ebf7_0,lowered,qdao,unknown,30,20,2,7,14,37.807354922057606,37.172740017198365,240518168576.00024,154920812559.99988,0.6346149048592409,1.552523283357096,1.39754338077598,False,True,True,
qdao_a4e58f31f6a7ebf7_0,lowered,qdao,unknown,30,22,2,6,12,37.584962500721154,37.0014081945606,206158430207.99973,137573171216.00003,0.5835543061605577,1.498536585191569,1.3321769297484778,False,True,True,
qdao_a4e58f31f6a7ebf7_0,lowered,qdao,unknown,30,24,2,5,10,37.32192809488736,36.813781191408125,171798691839.99994,120795955215.99971,0.5081469034792363,1.422222222033845,1.2451361867704298,False,True,True,
qdao_c9d98aa765b45c19_0,semantic,qdao,vqe,27,16,2,2,4,33.0,31.001408205131238,8589934592.0,2149580816.000001,1.9985917948687622,3.9960975312314084,1.9990239141044348,False,True,True,
qdao_c9d98aa765b45c19_0,semantic,qdao,vqe,27,18,2,2,4,33.0,31.00562455990097,8589934592.0,2155872272.0,1.9943754400990308,3.984435768094521,1.9961013645224155,False,True,True,
qdao_c9d98aa765b45c19_0,semantic,qdao,vqe,27,20,2,2,4,33.0,31.022367823612004,8589934592.0,2181038096.0000033,1.9776321763879956,3.938461509569151,1.984496124031008,False,True,True,
qdao_c9d98aa765b45c19_0,semantic,qdao,vqe,27,22,2,2,4,33.0,31.087462851366965,8589934592.0,2281701391.9999986,1.9125371486330351,3.7647058559536553,1.9393939393939335,False,True,True,
qdao_c9d98aa765b45c19_0,semantic,qdao,vqe,27,24,2,2,4,33.0,31.3219281034865,8589934592.0,2684354576.000008,1.6780718965135009,3.1999999809265045,1.7777777777777737,False,True,True,
qdao_c9d98aa765b45c19_0,lowered,qdao,vqe,27,16,2,2,4,33.0,31.001408205131238,8589934592.0,2149580816.000001,1.9985917948687622,3.9960975312314084,1.9990239141044348,False,True,True,
qdao_c9d98aa765b45c19_0,lowered,qdao,vqe,27,18,2,2,4,33.0,31.00562455990097,8589934592.0,2155872272.0,1.9943754400990308,3.984435768094521,1.9961013645224155,False,True,True,
qdao_c9d98aa765b45c19_0,lowered,qdao,vqe,27,20,2,2,4,33.0,31.022367823612004,8589934592.0,2181038096.0000033,1.9776321763879956,3.938461509569151,1.984496124031008,False,True,True,
qdao_c9d98aa765b45c19_0,lowered,qdao,vqe,27,22,2,2,4,33.0,31.087462851366965,8589934592.0,2281701391.9999986,1.9125371486330351,3.7647058559536553,1.9393939393939335,False,True,True,
qdao_c9d98aa765b45c19_0,lowered,qdao,vqe,27,24,2,2,4,33.0,31.3219281034865,8589934592.0,2684354576.000008,1.6780718965135009,3.1999999809265045,1.7777777777777737,False,True,True,
qdao_0deb77367bb9d202_0,semantic,qdao,vqe,28,16,2,3,6,34.584962500721154,33.00035218016687,25769803775.999966,8592031759.999983,1.5846103205542796,2.999267751310076,1.9996745321399492,False,True,True,
qdao_0deb77367bb9d202_0,semantic,qdao,vqe,28,18,2,2,4,34.0,32.002815020971035,17179869184.0,4303355919.999998,1.9971849790289653,3.9922027142017127,1.9980487804878089,False,True,True,
qdao_0deb77367bb9d202_0,semantic,qdao,vqe,28,20,2,2,4,34.0,32.011227260756044,17179869184.0,4328521743.999984,1.9887727392439523,3.9689922333909893,1.9922178988326886,False,True,True,
qdao_0deb77367bb9d202_0,semantic,qdao,vqe,28,22,2,2,4,34.0,32.04439412457005,17179869184.0,4429185039.999995,1.9556058754299492,3.87878786477613,1.9692307692307718,False,True,True,
qdao_0deb77367bb9d202_0,semantic,qdao,vqe,28,24,2,2,4,34.0,32.1699250062196,17179869184.0,4831838223.999972,1.8300749937803964,3.55555554378181,1.8823529411764757,False,True,True,
qdao_0deb77367bb9d202_0,lowered,qdao,vqe,28,16,2,3,6,34.584962500721154,33.00035218016687,25769803775.999966,8592031759.999983,1.5846103205542796,2.999267751310076,1.9996745321399492,False,True,True,
qdao_0deb77367bb9d202_0,lowered,qdao,vqe,28,18,2,2,4,34.0,32.002815020971035,17179869184.0,4303355919.999998,1.9971849790289653,3.9922027142017127,1.9980487804878089,False,True,True,
qdao_0deb77367bb9d202_0,lowered,qdao,vqe,28,20,2,2,4,34.0,32.011227260756044,17179869184.0,4328521743.999984,1.9887727392439523,3.9689922333909893,1.9922178988326886,False,True,True,
qdao_0deb77367bb9d202_0,lowered,qdao,vqe,28,22,2,2,4,34.0,32.04439412457005,17179869184.0,4429185039.999995,1.9556058754299492,3.87878786477613,1.9692307692307718,False,True,True,
qdao_0deb77367bb9d202_0,lowered,qdao,vqe,28,24,2,2,4,34.0,32.1699250062196,17179869184.0,4831838223.999972,1.8300749937803964,3.55555554378181,1.8823529411764757,False,True,True,
qdao_fa0375829ee1a66b_0,semantic,qdao,vqe,30,16,2,3,6,36.584962500721154,34.32206897727088,103079215103.99986,21476933648.00005,2.2628935234502734,4.7995312921963,2.666521998589483,False,True,True,
qdao_fa0375829ee1a66b_0,semantic,qdao,vqe,30,18,2,2,4,36.0,34.000704270354206,68719476736.0,17188257808.0,1.9992957296457945,3.998047824487227,1.9995118379301915,False,True,True,
qdao_fa0375829ee1a66b_0,semantic,qdao,vqe,30,20,2,2,4,36.0,34.00281501694805,68719476736.0,17213423631.99999,1.9971849830519517,3.992202725334056,1.9980487804878089,False,True,True,
qdao_fa0375829ee1a66b_0,semantic,qdao,vqe,30,22,2,2,4,36.0,34.011227256756456,68719476736.0,17314086928.000034,1.9887727432435476,3.968992244394259,1.9922178988326886,False,True,True,
qdao_fa0375829ee1a66b_0,semantic,qdao,vqe,30,24,2,2,4,36.0,34.04439412066135,68719476736.0,17716740111.999992,1.9556058793386484,3.8787878752849445,1.9692307692307718,False,True,True,
qdao_fa0375829ee1a66b_0,lowered,qdao,vqe,30,16,2,3,6,36.584962500721154,34.32206897727088,103079215103.99986,21476933648.00005,2.2628935234502734,4.7995312921963,2.666521998589483,False,True,True,
qdao_fa0375829ee1a66b_0,lowered,qdao,vqe,30,18,2,2,4,36.0,34.000704270354206,68719476736.0,17188257808.0,1.9992957296457945,3.998047824487227,1.9995118379301915,False,True,True,
qdao_fa0375829ee1a66b_0,lowered,qdao,vqe,30,20,2,2,4,36.0,34.00281501694805,68719476736.0,17213423631.99999,1.9971849830519517,3.992202725334056,1.9980487804878089,False,True,True,
qdao_fa0375829ee1a66b_0,lowered,qdao,vqe,30,22,2,2,4,36.0,34.011227256756456,68719476736.0,17314086928.000034,1.9887727432435476,3.968992244394259,1.9922178988326886,False,True,True,
qdao_fa0375829ee1a66b_0,lowered,qdao,vqe,30,24,2,2,4,36.0,34.04439412066135,68719476736.0,17716740111.999992,1.9556058793386484,3.8787878752849445,1.9692307692307718,False,True,True,
qdao_be520119198510ea_0,semantic,qdao,vqe,32,16,2,3,6,38.584962500721154,36.08750427867362,412316860415.99945,73016541199.99991,2.497458222047534,5.646896629718746,2.9090478656506558,False,True,True,
qdao_be520119198510ea_0,semantic,qdao,vqe,32,18,2,3,6,38.584962500721154,37.000088052598066,412316860415.99945,137447342096.00024,1.584874448123088,2.9998169053572266,1.9999186231029014,False,True,True,
qdao_be520119198510ea_0,semantic,qdao,vqe,32,20,2,2,4,38.0,36.00070426934699,274877906944.0,68753031184.00017,1.9992957306530101,3.9980478272784588,1.9995118379301915,False,True,True,
qdao_be520119198510ea_0,semantic,qdao,vqe,32,22,2,2,4,38.0,36.0028150159423,274877906944.0,68853694480.00003,1.9971849840576965,3.9922027281171375,1.998048780487804,False,True,True,
qdao_be520119198510ea_0,semantic,qdao,vqe,32,24,2,2,4,38.0,36.01122725575655,274877906944.0,69256347663.99991,1.9887727442434482,3.968992247145082,1.9922178988326886,False,True,True,
qdao_be520119198510ea_0,lowered,qdao,vqe,32,16,2,3,6,38.584962500721154,36.08750427867362,412316860415.99945,73016541199.99991,2.497458222047534,5.646896629718746,2.9090478656506558,False,True,True,
qdao_be520119198510ea_0,lowered,qdao,vqe,32,18,2,3,6,38.584962500721154,37.000088052598066,412316860415.99945,137447342096.00024,1.584874448123088,2.9998169053572266,1.9999186231029014,False,True,True,
qdao_be520119198510ea_0,lowered,qdao,vqe,32,20,2,2,4,38.0,36.00070426934699,274877906944.0,68753031184.00017,1.9992957306530101,3.9980478272784588,1.9995118379301915,False,True,True,
qdao_be520119198510ea_0,lowered,qdao,vqe,32,22,2,2,4,38.0,36.0028150159423,274877906944.0,68853694480.00003,1.9971849840576965,3.9922027281171375,1.998048780487804,False,True,True,
qdao_be520119198510ea_0,lowered,qdao,vqe,32,24,2,2,4,38.0,36.01122725575655,274877906944.0,69256347663.99991,1.9887727442434482,3.968992247145082,1.9922178988326886,False,True,True,
veriq_22d95e30a2d7554c_0,semantic,veriq,arithmetic,19,16,2,2,4,25.0,6.0,33554432.0,64.0,19.0,524288.0,524288.0,False,True,True,
veriq_22d95e30a2d7554c_0,semantic,veriq,arithmetic,19,18,2,2,4,25.0,6.0,33554432.0,64.0,19.0,524288.0,524288.0,False,True,True,
veriq_22d95e30a2d7554c_0,lowered,veriq,arithmetic,19,16,2,2,4,25.0,6.0,33554432.0,64.0,19.0,524288.0,524288.0,False,True,True,
veriq_22d95e30a2d7554c_0,lowered,veriq,arithmetic,19,18,2,2,4,25.0,6.0,33554432.0,64.0,19.0,524288.0,524288.0,False,True,True,
veriq_3f7dcb90b2601f3a_0,semantic,veriq,arithmetic,22,16,2,3,6,28.584962500721154,6.584962500721156,402653183.99999946,96.0,22.0,4194304.0,4194303.9999999898,False,True,True,
veriq_3f7dcb90b2601f3a_0,semantic,veriq,arithmetic,22,18,2,2,4,28.0,6.0,268435456.0,64.0,22.0,4194304.0,4194304.0,False,True,True,
veriq_3f7dcb90b2601f3a_0,semantic,veriq,arithmetic,22,20,2,2,4,28.0,6.0,268435456.0,64.0,22.0,4194304.0,4194304.0,False,True,True,
veriq_3f7dcb90b2601f3a_0,lowered,veriq,arithmetic,22,16,2,2,4,28.0,6.0,268435456.0,64.0,22.0,4194304.0,4194304.0,False,True,True,
veriq_3f7dcb90b2601f3a_0,lowered,veriq,arithmetic,22,18,2,2,4,28.0,6.0,268435456.0,64.0,22.0,4194304.0,4194304.0,False,True,True,
veriq_3f7dcb90b2601f3a_0,lowered,veriq,arithmetic,22,20,2,2,4,28.0,6.0,268435456.0,64.0,22.0,4194304.0,4194304.0,False,True,True,
veriq_287d2130ef74ad48_0,semantic,veriq,arithmetic,28,16,2,5,10,35.32192809488736,7.321928094887363,42949672959.999985,160.00000000000003,28.0,268435456.0,268435456.0,False,True,True,
veriq_287d2130ef74ad48_0,semantic,veriq,arithmetic,28,18,2,4,8,35.0,7.0,34359738368.0,128.0,28.0,268435456.0,268435456.0,False,True,True,
veriq_287d2130ef74ad48_0,semantic,veriq,arithmetic,28,20,2,3,6,34.584962500721154,6.584962500721156,25769803775.999966,96.0,28.0,268435456.0,268435455.99999934,False,True,True,
veriq_287d2130ef74ad48_0,semantic,veriq,arithmetic,28,22,2,2,4,34.0,6.0,17179869184.0,64.0,28.0,268435456.0,268435456.0,False,True,True,
veriq_287d2130ef74ad48_0,semantic,veriq,arithmetic,28,24,2,2,4,34.0,6.0,17179869184.0,64.0,28.0,268435456.0,268435456.0,False,True,True,
veriq_287d2130ef74ad48_0,lowered,veriq,arithmetic,28,16,2,2,4,34.0,6.0,17179869184.0,64.0,28.0,268435456.0,268435456.0,False,True,True,
veriq_287d2130ef74ad48_0,lowered,veriq,arithmetic,28,18,2,2,4,34.0,6.0,17179869184.0,64.0,28.0,268435456.0,268435456.0,False,True,True,
veriq_287d2130ef74ad48_0,lowered,veriq,arithmetic,28,20,2,2,4,34.0,6.0,17179869184.0,64.0,28.0,268435456.0,268435456.0,False,True,True,
veriq_287d2130ef74ad48_0,lowered,veriq,arithmetic,28,22,2,2,4,34.0,6.0,17179869184.0,64.0,28.0,268435456.0,268435456.0,False,True,True,
veriq_287d2130ef74ad48_0,lowered,veriq,arithmetic,28,24,2,2,4,34.0,6.0,17179869184.0,64.0,28.0,268435456.0,268435456.0,False,True,True,
veriq_c3e311dd1776b305_0,semantic,veriq,arithmetic,34,16,2,6,12,41.584962500721154,7.584962500721156,3298534883327.9956,192.0,34.0,17179869184.0,17179869184.0,False,True,True,
veriq_c3e311dd1776b305_0,semantic,veriq,arithmetic,34,18,2,5,10,41.32192809488736,7.321928094887363,2748779069439.999,160.00000000000003,34.0,17179869184.0,17179869184.0,False,True,True,
veriq_c3e311dd1776b305_0,semantic,veriq,arithmetic,34,20,2,5,10,41.32192809488736,7.321928094887363,2748779069439.999,160.00000000000003,34.0,17179869184.0,17179869184.0,False,True,True,
veriq_c3e311dd1776b305_0,semantic,veriq,arithmetic,34,22,2,4,8,41.0,7.0,2199023255552.0,128.0,34.0,17179869184.0,17179869184.0,False,True,True,
veriq_c3e311dd1776b305_0,semantic,veriq,arithmetic,34,24,2,3,6,40.584962500721154,6.584962500721156,1649267441663.9978,96.0,34.0,17179869184.0,17179869184.0,False,True,True,
veriq_c3e311dd1776b305_0,lowered,veriq,arithmetic,34,16,2,3,6,40.584962500721154,6.584962500721156,1649267441663.9978,96.0,34.0,17179869184.0,17179869184.0,False,True,True,
veriq_c3e311dd1776b305_0,lowered,veriq,arithmetic,34,18,2,3,6,40.584962500721154,6.584962500721156,1649267441663.9978,96.0,34.0,17179869184.0,17179869184.0,False,True,True,
veriq_c3e311dd1776b305_0,lowered,veriq,arithmetic,34,20,2,2,4,40.0,6.0,1099511627776.0,64.0,34.0,17179869184.0,17179869184.0,False,True,True,
veriq_c3e311dd1776b305_0,lowered,veriq,arithmetic,34,22,2,2,4,40.0,6.0,1099511627776.0,64.0,34.0,17179869184.0,17179869184.0,False,True,True,
veriq_c3e311dd1776b305_0,lowered,veriq,arithmetic,34,24,2,2,4,40.0,6.0,1099511627776.0,64.0,34.0,17179869184.0,17179869184.0,False,True,True,
veriq_9484132c349abab7_0,semantic,veriq,arithmetic,40,16,2,7,14,47.807354922057606,7.807354922057604,246290604621824.25,223.99999999999994,40.0,1099511627776.0,1099511627776.0,False,True,True,
veriq_9484132c349abab7_0,semantic,veriq,arithmetic,40,18,2,6,12,47.584962500721154,7.584962500721156,211106232532991.72,192.0,40.0,1099511627776.0,1099511627776.0,False,True,True,
veriq_9484132c349abab7_0,semantic,veriq,arithmetic,40,20,2,6,12,47.584962500721154,7.584962500721156,211106232532991.72,192.0,40.0,1099511627776.0,1099511627776.0,False,True,True,
veriq_9484132c349abab7_0,semantic,veriq,arithmetic,40,22,2,5,10,47.32192809488736,7.321928094887363,175921860444159.94,160.00000000000003,40.0,1099511627776.0,1099511627776.0,False,True,True,
veriq_9484132c349abab7_0,semantic,veriq,arithmetic,40,24,2,5,10,47.32192809488736,7.321928094887363,175921860444159.94,160.00000000000003,40.0,1099511627776.0,1099511627776.0,False,True,True,
veriq_9484132c349abab7_0,lowered,veriq,arithmetic,40,16,2,3,6,46.584962500721154,6.584962500721156,105553116266495.86,96.0,40.0,1099511627776.0,1099511627776.0,False,True,True,
veriq_9484132c349abab7_0,lowered,veriq,arithmetic,40,18,2,3,6,46.584962500721154,6.584962500721156,105553116266495.86,96.0,40.0,1099511627776.0,1099511627776.0,False,True,True,
veriq_9484132c349abab7_0,lowered,veriq,arithmetic,40,20,2,3,6,46.584962500721154,6.584962500721156,105553116266495.86,96.0,40.0,1099511627776.0,1099511627776.0,False,True,True,
veriq_9484132c349abab7_0,lowered,veriq,arithmetic,40,22,2,2,4,46.0,6.0,70368744177664.0,64.0,40.0,1099511627776.0,1099511627776.0,False,True,True,
veriq_9484132c349abab7_0,lowered,veriq,arithmetic,40,24,2,2,4,46.0,6.0,70368744177664.0,64.0,40.0,1099511627776.0,1099511627776.0,False,True,True,
veriq_b8801f07a2b9b4dc_0,semantic,veriq,arithmetic,43,16,2,8,16,51.0,8.0,2251799813685248.0,256.0,43.0,8796093022208.0,8796093022208.0,False,True,True,
veriq_b8801f07a2b9b4dc_0,semantic,veriq,arithmetic,43,18,2,7,14,50.807354922057606,7.807354922057604,1970324836974594.0,223.99999999999994,43.0,8796093022208.0,8796093022208.0,False,True,True,
veriq_b8801f07a2b9b4dc_0,semantic,veriq,arithmetic,43,20,2,6,12,50.584962500721154,7.584962500721156,1688849860263933.8,192.0,43.0,8796093022208.0,8796093022208.0,False,True,True,
veriq_b8801f07a2b9b4dc_0,semantic,veriq,arithmetic,43,22,2,5,10,50.32192809488736,7.321928094887363,1407374883553279.5,160.00000000000003,43.0,8796093022208.0,8796093022208.0,False,True,True,
veriq_b8801f07a2b9b4dc_0,semantic,veriq,arithmetic,43,24,2,5,10,50.32192809488736,7.321928094887363,1407374883553279.5,160.00000000000003,43.0,8796093022208.0,8796093022208.0,False,True,True,
veriq_b8801f07a2b9b4dc_0,lowered,veriq,arithmetic,43,16,2,4,8,50.0,7.0,1125899906842624.0,128.0,43.0,8796093022208.0,8796093022208.0,False,True,True,
veriq_b8801f07a2b9b4dc_0,lowered,veriq,arithmetic,43,18,2,3,6,49.584962500721154,6.584962500721156,844424930131966.9,96.0,43.0,8796093022208.0,8796093022208.0,False,True,True,
veriq_b8801f07a2b9b4dc_0,lowered,veriq,arithmetic,43,20,2,3,6,49.584962500721154,6.584962500721156,844424930131966.9,96.0,43.0,8796093022208.0,8796093022208.0,False,True,True,
veriq_b8801f07a2b9b4dc_0,lowered,veriq,arithmetic,43,22,2,3,6,49.584962500721154,6.584962500721156,844424930131966.9,96.0,43.0,8796093022208.0,8796093022208.0,False,True,True,
veriq_b8801f07a2b9b4dc_0,lowered,veriq,arithmetic,43,24,2,2,4,49.0,6.0,562949953421312.0,64.0,43.0,8796093022208.0,8796093022208.0,False,True,True,
veriq_bbd6c58d57912b05_0,semantic,veriq,arithmetic,49,16,2,9,18,57.16992500144231,8.169925001442312,1.6212958658533744e+17,287.99999999999994,49.0,562949953421312.0,562949953421309.25,False,True,True,
veriq_bbd6c58d57912b05_0,semantic,veriq,arithmetic,49,18,2,8,16,57.0,8.0,1.4411518807585587e+17,256.0,49.0,562949953421312.0,562949953421312.0,False,True,True,
veriq_bbd6c58d57912b05_0,semantic,veriq,arithmetic,49,20,2,7,14,56.807354922057606,7.807354922057604,1.2610078956637402e+17,223.99999999999994,49.0,562949953421312.0,562949953421312.0,False,True,True,
veriq_bbd6c58d57912b05_0,semantic,veriq,arithmetic,49,22,2,6,12,56.584962500721154,7.584962500721156,1.0808639105689176e+17,192.0,49.0,562949953421312.0,562949953421312.0,False,True,True,
veriq_bbd6c58d57912b05_0,semantic,veriq,arithmetic,49,24,2,6,12,56.584962500721154,7.584962500721156,1.0808639105689176e+17,192.0,49.0,562949953421312.0,562949953421312.0,False,True,True,
veriq_bbd6c58d57912b05_0,lowered,veriq,arithmetic,49,16,2,4,8,56.0,7.0,7.205759403792794e+16,128.0,49.0,562949953421312.0,562949953421312.0,False,True,True,
veriq_bbd6c58d57912b05_0,lowered,veriq,arithmetic,49,18,2,4,8,56.0,7.0,7.205759403792794e+16,128.0,49.0,562949953421312.0,562949953421312.0,False,True,True,
veriq_bbd6c58d57912b05_0,lowered,veriq,arithmetic,49,20,2,3,6,55.584962500721154,6.584962500721156,5.404319552844588e+16,96.0,49.0,562949953421312.0,562949953421312.0,False,True,True,
veriq_bbd6c58d57912b05_0,lowered,veriq,arithmetic,49,22,2,3,6,55.584962500721154,6.584962500721156,5.404319552844588e+16,96.0,49.0,562949953421312.0,562949953421312.0,False,True,True,
veriq_bbd6c58d57912b05_0,lowered,veriq,arithmetic,49,24,2,3,6,55.584962500721154,6.584962500721156,5.404319552844588e+16,96.0,49.0,562949953421312.0,562949953421312.0,False,True,True,
veriq_fe0a1dc62ae636e6_0,semantic,veriq,arithmetic,55,16,2,10,20,63.32192809488736,8.321928094887362,1.1529215046068466e+19,319.9999999999999,55.0,3.602879701896397e+16,3.602879701896397e+16,False,True,True,
veriq_fe0a1dc62ae636e6_0,semantic,veriq,arithmetic,55,18,2,9,18,63.16992500144231,8.169925001442312,1.0376293541461596e+19,287.99999999999994,55.0,3.602879701896397e+16,3.602879701896379e+16,False,True,True,
veriq_fe0a1dc62ae636e6_0,semantic,veriq,arithmetic,55,20,2,8,16,63.0,8.0,9.223372036854776e+18,256.0,55.0,3.602879701896397e+16,3.602879701896397e+16,False,True,True,
veriq_fe0a1dc62ae636e6_0,semantic,veriq,arithmetic,55,22,2,7,14,62.807354922057606,7.807354922057604,8.070450532247937e+18,223.99999999999994,55.0,3.602879701896397e+16,3.602879701896397e+16,False,True,True,
veriq_fe0a1dc62ae636e6_0,semantic,veriq,arithmetic,55,24,2,6,12,62.584962500721154,7.584962500721156,6.917529027641073e+18,192.0,55.0,3.602879701896397e+16,3.602879701896397e+16,False,True,True,
veriq_fe0a1dc62ae636e6_0,lowered,veriq,arithmetic,55,16,2,5,10,62.32192809488736,7.321928094887363,5.764607523034233e+18,160.00000000000003,55.0,3.602879701896397e+16,3.602879701896397e+16,False,True,True,
veriq_fe0a1dc62ae636e6_0,lowered,veriq,arithmetic,55,18,2,4,8,62.0,7.0,4.611686018427388e+18,128.0,55.0,3.602879701896397e+16,3.602879701896397e+16,False,True,True,
veriq_fe0a1dc62ae636e6_0,lowered,veriq,arithmetic,55,20,2,4,8,62.0,7.0,4.611686018427388e+18,128.0,55.0,3.602879701896397e+16,3.602879701896397e+16,False,True,True,
veriq_fe0a1dc62ae636e6_0,lowered,veriq,arithmetic,55,22,2,3,6,61.584962500721154,6.584962500721156,3.4587645138205363e+18,96.0,55.0,3.602879701896397e+16,3.602879701896397e+16,False,True,True,
veriq_fe0a1dc62ae636e6_0,lowered,veriq,arithmetic,55,24,2,3,6,61.584962500721154,6.584962500721156,3.4587645138205363e+18,96.0,55.0,3.602879701896397e+16,3.602879701896397e+16,False,True,True,
veriq_82d67bf24d16b4cd_0,semantic,veriq,arithmetic,64,16,2,12,24,72.58496250072116,8.584962500721158,7.083549724304493e+21,384.00000000000045,64.0,1.8446744073709552e+19,1.8446744073709552e+19,False,True,True,
veriq_82d67bf24d16b4cd_0,semantic,veriq,arithmetic,64,18,2,10,20,72.32192809488737,8.321928094887362,5.902958103587083e+21,319.9999999999999,64.0,1.8446744073709552e+19,1.8446744073709552e+19,False,True,True,
veriq_82d67bf24d16b4cd_0,semantic,veriq,arithmetic,64,20,2,9,18,72.16992500144231,8.169925001442312,5.312662293228337e+21,287.99999999999994,64.0,1.8446744073709552e+19,1.8446744073709462e+19,False,True,True,
veriq_82d67bf24d16b4cd_0,semantic,veriq,arithmetic,64,22,2,8,16,72.0,8.0,4.722366482869645e+21,256.0,64.0,1.8446744073709552e+19,1.8446744073709552e+19,False,True,True,
veriq_82d67bf24d16b4cd_0,semantic,veriq,arithmetic,64,24,2,7,14,71.8073549220576,7.807354922057604,4.1320706725109233e+21,223.99999999999994,63.99999999999999,1.8446744073709462e+19,1.8446744073709462e+19,False,True,True,
veriq_82d67bf24d16b4cd_0,lowered,veriq,arithmetic,64,16,2,5,10,71.32192809488737,7.321928094887363,2.9514790517935414e+21,160.00000000000003,64.0,1.8446744073709552e+19,1.8446744073709552e+19,False,True,True,
veriq_82d67bf24d16b4cd_0,lowered,veriq,arithmetic,64,18,2,5,10,71.32192809488737,7.321928094887363,2.9514790517935414e+21,160.00000000000003,64.0,1.8446744073709552e+19,1.8446744073709552e+19,False,True,True,
veriq_82d67bf24d16b4cd_0,lowered,veriq,arithmetic,64,20,2,4,8,71.0,7.0,2.3611832414348226e+21,128.0,64.0,1.8446744073709552e+19,1.8446744073709552e+19,False,True,True,
veriq_82d67bf24d16b4cd_0,lowered,veriq,arithmetic,64,22,2,4,8,71.0,7.0,2.3611832414348226e+21,128.0,64.0,1.8446744073709552e+19,1.8446744073709552e+19,False,True,True,
veriq_82d67bf24d16b4cd_0,lowered,veriq,arithmetic,64,24,2,3,6,70.58496250072116,6.584962500721156,1.7708874310761232e+21,96.0,64.0,1.8446744073709552e+19,1.8446744073709552e+19,False,True,True,
veriq_d6e4fe652b7352ae_0,semantic,veriq,arithmetic,67,16,2,12,24,75.58496250072116,8.584962500721158,5.666839779443594e+22,384.00000000000045,67.0,1.4757395258967641e+20,1.4757395258967641e+20,False,True,True,
veriq_d6e4fe652b7352ae_0,semantic,veriq,arithmetic,67,18,2,11,22,75.4594316186373,8.459431618637296,5.194603131156606e+22,351.9999999999998,67.0,1.4757395258967641e+20,1.4757395258967641e+20,False,True,True,
veriq_d6e4fe652b7352ae_0,semantic,veriq,arithmetic,67,20,2,9,18,75.16992500144231,8.169925001442312,4.25012983458267e+22,287.99999999999994,67.0,1.4757395258967641e+20,1.4757395258967641e+20,False,True,True,
veriq_d6e4fe652b7352ae_0,semantic,veriq,arithmetic,67,22,2,8,16,75.0,8.0,3.777893186295716e+22,256.0,67.0,1.4757395258967641e+20,1.4757395258967641e+20,False,True,True,
veriq_d6e4fe652b7352ae_0,semantic,veriq,arithmetic,67,24,2,8,16,75.0,8.0,3.777893186295716e+22,256.0,67.0,1.4757395258967641e+20,1.4757395258967641e+20,False,True,True,
veriq_d6e4fe652b7352ae_0,lowered,veriq,arithmetic,67,16,2,6,12,74.58496250072116,7.584962500721156,2.833419889721797e+22,192.0,67.0,1.4757395258967641e+20,1.4757395258967641e+20,False,True,True,
veriq_d6e4fe652b7352ae_0,lowered,veriq,arithmetic,67,18,2,5,10,74.32192809488737,7.321928094887363,2.361183241434833e+22,160.00000000000003,67.0,1.4757395258967641e+20,1.4757395258967641e+20,False,True,True,
veriq_d6e4fe652b7352ae_0,lowered,veriq,arithmetic,67,20,2,5,10,74.32192809488737,7.321928094887363,2.361183241434833e+22,160.00000000000003,67.0,1.4757395258967641e+20,1.4757395258967641e+20,False,True,True,
veriq_d6e4fe652b7352ae_0,lowered,veriq,arithmetic,67,22,2,4,8,74.0,7.0,1.888946593147858e+22,128.0,67.0,1.4757395258967641e+20,1.4757395258967641e+20,False,True,True,
veriq_d6e4fe652b7352ae_0,lowered,veriq,arithmetic,67,24,2,4,8,74.0,7.0,1.888946593147858e+22,128.0,67.0,1.4757395258967641e+20,1.4757395258967641e+20,False,True,True,
veriq_a708a94ca75de600_0,semantic,veriq,arithmetic,76,16,2,14,28,84.8073549220576,8.807354922057604,3.3849922949209484e+25,447.9999999999999,76.0,7.555786372591432e+22,7.555786372591432e+22,False,True,True,
veriq_a708a94ca75de600_0,semantic,veriq,arithmetic,76,18,2,12,24,84.58496250072116,8.584962500721158,2.9014219670751203e+25,384.00000000000045,76.0,7.555786372591432e+22,7.555786372591432e+22,False,True,True,
veriq_a708a94ca75de600_0,semantic,veriq,arithmetic,76,20,2,10,20,84.32192809488737,8.321928094887362,2.417851639229269e+25,319.9999999999999,76.0,7.555786372591432e+22,7.555786372591432e+22,False,True,True,
veriq_a708a94ca75de600_0,semantic,veriq,arithmetic,76,22,2,10,20,84.32192809488737,8.321928094887362,2.417851639229269e+25,319.9999999999999,76.0,7.555786372591432e+22,7.555786372591432e+22,False,True,True,
veriq_a708a94ca75de600_0,semantic,veriq,arithmetic,76,24,2,9,18,84.16992500144231,8.169925001442312,2.176066475306327e+25,287.99999999999994,76.0,7.555786372591432e+22,7.555786372591432e+22,False,True,True,
veriq_a708a94ca75de600_0,lowered,veriq,arithmetic,76,16,2,6,12,83.58496250072116,7.584962500721156,1.4507109835375602e+25,192.0,76.0,7.555786372591432e+22,7.555786372591432e+22,False,True,True,
veriq_a708a94ca75de600_0,lowered,veriq,arithmetic,76,18,2,5,10,83.32192809488737,7.321928094887363,1.2089258196146345e+25,160.00000000000003,76.0,7.555786372591432e+22,7.555786372591432e+22,False,True,True,
veriq_a708a94ca75de600_0,lowered,veriq,arithmetic,76,20,2,5,10,83.32192809488737,7.321928094887363,1.2089258196146345e+25,160.00000000000003,76.0,7.555786372591432e+22,7.555786372591432e+22,False,True,True,
veriq_a708a94ca75de600_0,lowered,veriq,arithmetic,76,22,2,4,8,83.0,7.0,9.671406556917033e+24,128.0,76.0,7.555786372591432e+22,7.555786372591432e+22,False,True,True,
veriq_a708a94ca75de600_0,lowered,veriq,arithmetic,76,24,2,4,8,83.0,7.0,9.671406556917033e+24,128.0,76.0,7.555786372591432e+22,7.555786372591432e+22,False,True,True,
veriq_f2dcb6a4b254a1ea_0,semantic,veriq,arithmetic,88,16,2,16,32,97.0,9.0,1.5845632502852868e+29,512.0,88.0,3.094850098213451e+26,3.094850098213451e+26,False,True,True,
veriq_f2dcb6a4b254a1ea_0,semantic,veriq,arithmetic,88,18,2,14,28,96.8073549220576,8.807354922057604,1.3864928439996205e+29,447.9999999999999,88.0,3.094850098213451e+26,3.094850098213451e+26,False,True,True,
veriq_f2dcb6a4b254a1ea_0,semantic,veriq,arithmetic,88,20,2,12,24,96.58496250072116,8.584962500721158,1.1884224377139693e+29,384.00000000000045,88.0,3.094850098213451e+26,3.094850098213451e+26,False,True,True,
veriq_f2dcb6a4b254a1ea_0,semantic,veriq,arithmetic,88,22,2,11,22,96.4594316186373,8.459431618637296,1.089387234571134e+29,351.9999999999998,88.0,3.094850098213451e+26,3.094850098213451e+26,False,True,True,
veriq_f2dcb6a4b254a1ea_0,semantic,veriq,arithmetic,88,24,2,10,20,96.32192809488737,8.321928094887362,9.903520314283086e+28,319.9999999999999,88.0,3.094850098213451e+26,3.094850098213451e+26,False,True,True,
veriq_f2dcb6a4b254a1ea_0,lowered,veriq,arithmetic,88,16,2,7,14,95.8073549220576,7.807354922057604,6.932464219998102e+28,223.99999999999994,88.0,3.094850098213451e+26,3.094850098213451e+26,False,True,True,
veriq_f2dcb6a4b254a1ea_0,lowered,veriq,arithmetic,88,18,2,6,12,95.58496250072116,7.584962500721156,5.942112188569846e+28,192.0,88.0,3.094850098213451e+26,3.094850098213451e+26,False,True,True,
veriq_f2dcb6a4b254a1ea_0,lowered,veriq,arithmetic,88,20,2,6,12,95.58496250072116,7.584962500721156,5.942112188569846e+28,192.0,88.0,3.094850098213451e+26,3.094850098213451e+26,False,True,True,
veriq_f2dcb6a4b254a1ea_0,lowered,veriq,arithmetic,88,22,2,5,10,95.32192809488737,7.321928094887363,4.951760157141543e+28,160.00000000000003,88.0,3.094850098213451e+26,3.094850098213451e+26,False,True,True,
veriq_f2dcb6a4b254a1ea_0,lowered,veriq,arithmetic,88,24,2,5,10,95.32192809488737,7.321928094887363,4.951760157141543e+28,160.00000000000003,88.0,3.094850098213451e+26,3.094850098213451e+26,False,True,True,
veriq_47135c08d56868b2_0,semantic,veriq,arithmetic,100,16,2,18,36,109.16992500144231,9.169925001442312,7.301667457314583e+32,575.9999999999999,100.0,1.2676506002282294e+30,1.2676506002282294e+30,False,True,True,
veriq_47135c08d56868b2_0,semantic,veriq,arithmetic,100,18,2,16,32,109.0,9.0,6.490371073168535e+32,512.0,100.0,1.2676506002282294e+30,1.2676506002282294e+30,False,True,True,
veriq_47135c08d56868b2_0,semantic,veriq,arithmetic,100,20,2,14,28,108.8073549220576,8.807354922057604,5.6790746890224454e+32,447.9999999999999,100.0,1.2676506002282294e+30,1.2676506002282294e+30,False,True,True,
veriq_47135c08d56868b2_0,semantic,veriq,arithmetic,100,22,2,13,26,108.7004397181411,8.700439718141093,5.273426496949455e+32,416.0000000000001,100.0,1.2676506002282294e+30,1.2676506002282294e+30,False,True,True,
veriq_47135c08d56868b2_0,semantic,veriq,arithmetic,100,24,2,11,22,108.4594316186373,8.459431618637296,4.4621301128033646e+32,351.9999999999998,100.0,1.2676506002282294e+30,1.2676506002282294e+30,False,True,True,
veriq_47135c08d56868b2_0,lowered,veriq,arithmetic,100,16,2,8,16,108.0,8.0,3.2451855365842673e+32,256.0,100.0,1.2676506002282294e+30,1.2676506002282294e+30,False,True,True,
veriq_47135c08d56868b2_0,lowered,veriq,arithmetic,100,18,2,7,14,107.8073549220576,7.807354922057604,2.8395373445112227e+32,223.99999999999994,100.0,1.2676506002282294e+30,1.2676506002282294e+30,False,True,True,
veriq_47135c08d56868b2_0,lowered,veriq,arithmetic,100,20,2,7,14,107.8073549220576,7.807354922057604,2.8395373445112227e+32,223.99999999999994,100.0,1.2676506002282294e+30,1.2676506002282294e+30,False,True,True,
veriq_47135c08d56868b2_0,lowered,veriq,arithmetic,100,22,2,6,12,107.58496250072116,7.584962500721156,2.433889152438209e+32,192.0,100.0,1.2676506002282294e+30,1.2676506002282294e+30,False,True,True,
veriq_47135c08d56868b2_0,lowered,veriq,arithmetic,100,24,2,5,10,107.32192809488737,7.321928094887363,2.028240960365176e+32,160.00000000000003,100.0,1.2676506002282294e+30,1.2676506002282294e+30,False,True,True,
veriq_595dd51f1efbe477_0,semantic,veriq,bernstein_vazirani,19,16,2,4,8,26.0,25.39231794691627,67108864.0,44040208.000000015,0.6076820530837317,1.523808970202865,1.2800000000000011,False,True,True,
veriq_595dd51f1efbe477_0,semantic,veriq,bernstein_vazirani,19,18,2,4,8,26.0,25.584962959341485,67108864.0,50331663.99999999,0.41503704065851466,1.3333329094782165,1.1428571428571417,False,True,True,
veriq_595dd51f1efbe477_0,lowered,veriq,bernstein_vazirani,19,16,2,3,6,25.584962500721154,24.700440564824664,50331647.99999993,27262992.00000001,0.8845219358964904,1.8461527626901668,1.411764705882348,False,True,True,
veriq_595dd51f1efbe477_0,lowered,veriq,bernstein_vazirani,19,18,2,3,6,25.584962500721154,25.00000068793044,50331647.99999993,33554448.000000045,0.5849618127907128,1.4999992847445998,1.1999999999999988,False,True,True,
veriq_d182a39c63e02d2f_0,semantic,veriq,bernstein_vazirani,20,16,2,4,8,27.0,26.357552273078785,134217728.0,85983248.00000015,0.6424477269212154,1.560975319285447,1.3061224489795926,False,True,True,
veriq_d182a39c63e02d2f_0,semantic,veriq,bernstein_vazirani,20,18,2,4,8,27.0,26.45943186879386,134217728.0,92274704.0000001,0.5405681312061397,1.454545202334107,1.230769230769232,False,True,True,
veriq_d182a39c63e02d2f_0,lowered,veriq,bernstein_vazirani,20,16,2,3,6,26.584962500721154,25.643856630050244,100663295.99999987,52428816.00000002,0.9411058706709099,1.9199994140626755,1.4545454545454517,False,True,True,
veriq_d182a39c63e02d2f_0,lowered,veriq,bernstein_vazirani,20,18,2,3,6,26.584962500721154,25.807355315160752,100663295.99999987,58720271.99999998,0.7776071855604023,1.7142852471800523,1.3333333333333317,False,True,True,
veriq_de5257553ae46ac2_0,semantic,veriq,bernstein_vazirani,26,16,2,6,12,33.584962500721154,33.17023805472478,12884901887.999983,9665773583.99999,0.4147244459963737,1.3330440420546028,1.1997656707674271,False,True,True,
veriq_de5257553ae46ac2_0,semantic,veriq,bernstein_vazirani,26,18,2,5,10,33.32192809488736,32.80896417798696,10737418239.999996,7524581392.00001,0.5129639169004037,1.4269788152488871,1.24878048780488,False,True,True,
veriq_de5257553ae46ac2_0,semantic,veriq,bernstein_vazirani,26,20,2,4,8,33.0,32.330916882387484,8589934592.0,5402263568.000024,0.6690831176125194,1.590062107091918,1.326424870466322,False,True,True,
veriq_de5257553ae46ac2_0,semantic,veriq,bernstein_vazirani,26,22,2,4,8,33.0,32.35755200881278,8589934592.0,5502926863.999997,0.6424479911872183,1.5609756052174937,1.3061224489795926,False,True,True,
veriq_de5257553ae46ac2_0,semantic,veriq,bernstein_vazirani,26,24,2,4,8,33.0,32.45943162254599,8589934592.0,5905580047.999992,0.5405683774540044,1.4545454506046498,1.230769230769232,False,True,True,
veriq_de5257553ae46ac2_0,lowered,veriq,bernstein_vazirani,26,16,2,4,8,33.0,32.32249154189535,8589934592.0,5370806287.9999895,0.6775084581046471,1.5993752392806495,1.332899446794662,False,True,True,
veriq_de5257553ae46ac2_0,lowered,veriq,bernstein_vazirani,26,18,2,3,6,32.584962500721154,31.588714642729595,6442450943.999991,3229614096.0000014,0.996247857991559,1.9948051849226227,1.4970760233918097,False,True,True,
veriq_de5257553ae46ac2_0,lowered,veriq,bernstein_vazirani,26,20,2,3,6,32.584962500721154,31.599912849279196,6442450943.999991,3254779920.000001,0.9850496514419582,1.9793814335686297,1.488372093023254,False,True,True,
veriq_de5257553ae46ac2_0,lowered,veriq,bernstein_vazirani,26,22,2,3,6,32.584962500721154,31.643856196654028,6442450943.999991,3355443215.999993,0.9411063040671266,1.919999990844728,1.4545454545454555,False,True,True,
veriq_de5257553ae46ac2_0,lowered,veriq,bernstein_vazirani,26,24,2,3,6,32.584962500721154,31.807354928199842,6442450943.999991,3758096400.000002,0.7776075725213119,1.714285706987183,1.333333333333335,False,True,True,
veriq_3575a0cf156a5f5d_0,semantic,veriq,bernstein_vazirani,33,16,2,7,14,40.807354922057606,40.209455745513175,1924145348608.002,1271312416783.9978,0.5978991765444306,1.5135110168084855,1.3658516252447006,False,True,True,
veriq_3575a0cf156a5f5d_0,semantic,veriq,bernstein_vazirani,33,18,2,6,12,40.584962500721154,40.16993478532971,1649267441663.9978,1236958969871.9954,0.4150277153914459,1.3333242911320409,1.1999926758259511,False,True,True,
veriq_3575a0cf156a5f5d_0,semantic,veriq,bernstein_vazirani,33,20,2,6,12,40.584962500721154,40.169964136537835,1649267441663.9978,1236984135696.0002,0.4149983641833188,1.3332971653157237,1.199970703840237,False,True,True,
veriq_3575a0cf156a5f5d_0,semantic,veriq,bernstein_vazirani,33,22,2,5,10,40.32192809488736,39.807556176882905,1374389534719.9995,962206892047.9971,0.514371918004457,1.4283721578783306,1.2498474307335499,False,True,True,
veriq_3575a0cf156a5f5d_0,semantic,veriq,bernstein_vazirani,33,24,2,5,10,40.32192809488736,39.80815977289235,1374389534719.9995,962609545231.9988,0.5137683219950091,1.4277746792846913,1.2493899463152773,False,True,True,
veriq_3575a0cf156a5f5d_0,lowered,veriq,bernstein_vazirani,33,16,2,5,10,40.32192809488736,39.39232161590548,1374389534719.9995,721556602896.0009,0.9296064789818814,1.9047563686671611,1.5999960937595326,False,True,True,
veriq_3575a0cf156a5f5d_0,lowered,veriq,bernstein_vazirani,33,18,2,4,8,40.0,39.32194570583691,1099511627776.0,687203155983.9989,0.6780542941630898,1.599980468951166,1.333319770103249,False,True,True,
veriq_3575a0cf156a5f5d_0,lowered,veriq,bernstein_vazirani,33,20,2,4,8,40.0,39.321998537294974,1099511627776.0,687228321807.9999,0.6780014627050264,1.599921878777262,1.3332790820686027,False,True,True,
veriq_3575a0cf156a5f5d_0,lowered,veriq,bernstein_vazirani,33,22,2,4,8,40.0,39.322209843782474,1099511627776.0,687328985103.998,0.6777901562175259,1.5996875609860037,1.3331163547599678,False,True,True,
veriq_3575a0cf156a5f5d_0,lowered,veriq,bernstein_vazirani,33,24,2,3,6,39.584962500721154,38.586839788017734,824633720831.9989,412853731343.99896,0.9981227127034202,1.9973992196885237,1.498536585365851,False,True,True,
veriq_6d406e6d174d184f_0,semantic,veriq,bernstein_vazirani,40,16,2,9,18,48.16992500144231,47.700656466145716,316659348799487.2,228732780412944.06,0.4692685352965924,1.3844073780234052,1.2855349311671316,False,True,True,
veriq_6d406e6d174d184f_0,semantic,veriq,bernstein_vazirani,40,18,2,8,16,48.0,47.46352443563328,281474976710656.0,194063810691088.4,0.5364755643667181,1.450424866482237,1.3298700771630994,False,True,True,
veriq_6d406e6d174d184f_0,semantic,veriq,bernstein_vazirani,40,20,2,7,14,47.807354922057606,47.24792780309869,246290604621824.25,167125800976400.56,0.5594271189589151,1.4736839146494343,1.333333091130375,False,True,True,
veriq_6d406e6d174d184f_0,semantic,veriq,bernstein_vazirani,40,22,2,6,12,47.584962500721154,47.16992622442968,211106232532991.72,158329808617488.12,0.4150362762914739,1.3333322030534827,1.19999908447335,False,True,True,
veriq_6d406e6d174d184f_0,semantic,veriq,bernstein_vazirani,40,24,2,6,12,47.584962500721154,47.169929893385124,211106232532991.72,158330211270672.2,0.4150326073360304,1.3333288122258404,1.1999963379017962,False,True,True,
veriq_6d406e6d174d184f_0,lowered,veriq,bernstein_vazirani,40,16,2,6,12,47.584962500721154,46.807757428151554,211106232532991.72,123179664146448.23,0.7772050725696005,1.7138075022026984,1.4996338561068123,False,True,True,
veriq_6d406e6d174d184f_0,lowered,veriq,bernstein_vazirani,40,18,2,5,10,47.32192809488736,46.33091701484642,175921860444159.94,88510694424592.03,0.9910110800409413,1.9875774513783653,1.6580309569971792,False,True,True,
veriq_6d406e6d174d184f_0,lowered,veriq,bernstein_vazirani,40,20,2,5,10,47.32192809488736,46.459432118950616,175921860444159.94,96757056798736.06,0.8624959759367457,1.8181811876532608,1.5384610870182034,False,True,True,
veriq_6d406e6d174d184f_0,lowered,veriq,bernstein_vazirani,40,22,2,4,8,47.0,46.32193029626388,140737488355328.0,87961064439824.19,0.6780697037361207,1.599997558597181,1.3333316379144837,False,True,True,
veriq_6d406e6d174d184f_0,lowered,veriq,bernstein_vazirani,40,24,2,4,8,47.0,46.32193690037248,140737488355328.0,87961467093008.06,0.6780630996275221,1.599990234434312,1.3333265516838013,False,True,True,
veriq_d745416e1e1a62da_0,semantic,veriq,bernstein_vazirani,41,16,2,9,18,49.16992500144231,48.70054809621388,633318697598974.4,457431198990350.25,0.46937690522842956,1.3845113735067611,1.285624602185373,False,True,True,
veriq_d745416e1e1a62da_0,semantic,veriq,bernstein_vazirani,41,18,2,8,16,49.0,48.461479478511436,562949953421312.0,387577857179664.44,0.5385205214885644,1.4524822380664348,1.3315994534218563,False,True,True,
veriq_d745416e1e1a62da_0,semantic,veriq,bernstein_vazirani,41,20,2,7,14,48.807354922057606,48.209453514370765,492581209243648.5,325455475376143.9,0.597901407686841,1.513513357470326,1.3658535314556652,False,True,True,
veriq_d745416e1e1a62da_0,semantic,veriq,bernstein_vazirani,41,22,2,6,12,48.584962500721154,48.169925612936126,422212465065983.44,316659483017232.1,0.41503688778502834,1.3333327681931677,1.1999995422365044,False,True,True,
veriq_d745416e1e1a62da_0,semantic,veriq,bernstein_vazirani,41,24,2,6,12,48.584962500721154,48.169927447415795,422212465065983.44,316659885670416.9,0.4150350533053597,1.3333310727757506,1.1999981689481087,False,True,True,
veriq_d745416e1e1a62da_0,lowered,veriq,bernstein_vazirani,41,16,2,6,12,48.584962500721154,47.80755618914177,422212465065983.44,246324966457359.34,0.7774063115793837,1.7140465748894014,1.4998169057071213,False,True,True,
veriq_d745416e1e1a62da_0,lowered,veriq,bernstein_vazirani,41,18,2,5,10,48.32192809488736,47.32642955570118,351843720888319.9,176471624646671.75,0.9954985391861797,1.9937693756306425,1.6623375964538734,False,True,True,
veriq_d745416e1e1a62da_0,lowered,veriq,bernstein_vazirani,41,20,2,5,10,48.32192809488736,47.39231768484766,351843720888319.9,184717987020815.84,0.9296104100397002,1.9047615587575164,1.5999997558594108,False,True,True,
veriq_d745416e1e1a62da_0,lowered,veriq,bernstein_vazirani,41,22,2,4,8,48.0,47.32192919557604,281474976710656.0,175921994661904.06,0.6780708044239603,1.5999987792976602,1.3333324856233706,False,True,True,
veriq_d745416e1e1a62da_0,lowered,veriq,bernstein_vazirani,41,24,2,4,8,48.0,47.32193249763664,281474976710656.0,175922397315088.06,0.678067502363362,1.599995117202255,1.333329942499942,False,True,True,
veriq_1c04365787069bba_0,semantic,veriq,bernstein_vazirani,48,16,2,10,20,56.32192809488736,55.71424635633723,9.007199254740989e+16,5.910977947107324e+16,0.6076817385501343,1.5238086379850009,1.4159284387018736,False,True,True,
veriq_1c04365787069bba_0,semantic,veriq,bernstein_vazirani,48,18,2,9,18,56.16992500144231,55.700453265225306,8.106479329266872e+16,5.854734492001872e+16,0.46947173621700244,1.3846023829673402,1.2857030751020775,False,True,True,
veriq_1c04365787069bba_0,semantic,veriq,bernstein_vazirani,48,20,2,8,16,56.0,55.45968775721655,7.205759403792794e+16,4.954839202765212e+16,0.5403122427834504,1.4542872349462685,1.3331163539323958,False,True,True,
veriq_1c04365787069bba_0,semantic,veriq,bernstein_vazirani,48,22,2,7,14,55.807354922057606,55.17492568726144,6.305039478318701e+16,4.067313426890747e+16,0.6324292347961631,1.5501730052651932,1.3956386251371269,False,True,True,
veriq_1c04365787069bba_0,semantic,veriq,bernstein_vazirani,48,24,2,7,14,55.807354922057606,55.24792753154702,6.305039478318701e+16,4.278419699689057e+16,0.5594273905105851,1.4736841920340196,1.3333333181956446,False,True,True,
veriq_1c04365787069bba_0,lowered,veriq,bernstein_vazirani,48,16,2,7,14,55.807354922057606,54.83289155908482,6.305039478318701e+16,3.2088181706850296e+16,0.9744633629727844,1.964910176562818,1.7230753050063286,False,True,True,
veriq_1c04365787069bba_0,lowered,veriq,bernstein_vazirani,48,18,2,6,12,55.584962500721154,54.807380080827045,5.404319552844588e+16,3.152574715579585e+16,0.7775824198941095,1.7142558195804827,1.499977111816417,False,True,True,
veriq_1c04365787069bba_0,lowered,veriq,bernstein_vazirani,48,20,2,6,12,55.584962500721154,54.80775740512439,5.404319552844588e+16,3.1533993518169964e+16,0.7772050955967629,1.7138075295571447,1.4996338770513453,False,True,True,
veriq_1c04365787069bba_0,lowered,veriq,bernstein_vazirani,48,22,2,5,10,55.32192809488736,54.33091688666034,4.503599627370494e+16,2.2658735759425556e+16,0.9910112082270217,1.9875776279782476,1.658031079890051,False,True,True,
veriq_1c04365787069bba_0,lowered,veriq,bernstein_vazirani,48,24,2,5,10,55.32192809488736,54.45943164990687,4.503599627370494e+16,2.4769798487408612e+16,0.8624964449804935,1.8181817787737906,1.5384615102463217,False,True,True,
veriq_43928378d83d41ad_0,semantic,veriq,bernstein_vazirani,56,16,2,12,24,64.58496250072116,64.08750428088672,2.7670116110564426e+19,1.9600228562631578e+19,0.49745821983442795,1.41172415526409,1.333297163125378,False,True,True,
veriq_43928378d83d41ad_0,semantic,veriq,bernstein_vazirani,56,18,2,11,22,64.4594316186373,63.90989312953743,2.5364273101350617e+19,1.732985191588584e+19,0.5495384890998665,1.4636174171863423,1.372319647289949,False,True,True,
veriq_43928378d83d41ad_0,semantic,veriq,bernstein_vazirani,56,20,2,10,20,64.32192809488737,63.90689132940377,2.305843009213704e+19,1.7293831365229224e+19,0.4150367654835918,1.3333326551626925,1.2499994039515656,False,True,True,
veriq_43928378d83d41ad_0,semantic,veriq,bernstein_vazirani,56,22,2,9,18,64.16992500144231,63.70045326503153,2.0752587082923192e+19,1.4988120297511627e+19,0.46947173641078166,1.3846023831533165,1.2857030752624412,False,True,True,
veriq_43928378d83d41ad_0,semantic,veriq,bernstein_vazirani,56,24,2,8,16,64.0,63.45968775630062,1.8446744073709552e+19,1.2684388351025932e+19,0.5403122436993826,1.4542872358695602,1.333116354708243,False,True,True,
veriq_43928378d83d41ad_0,lowered,veriq,bernstein_vazirani,56,16,2,8,16,64.0,63.1700032753118,1.8446744073709552e+19,1.037685652577687e+19,0.8299967246882005,1.7776813265063933,1.5999218740463172,False,True,True,
veriq_43928378d83d41ad_0,lowered,veriq,bernstein_vazirani,56,18,2,7,14,63.807354922057606,62.813781289057545,1.6140901064495874e+19,8.106479879031089e+18,0.9935736330000609,1.991110976078199,1.7431905579790639,False,True,True,
veriq_43928378d83d41ad_0,lowered,veriq,bernstein_vazirani,56,20,2,7,14,63.807354922057606,63.16992622443419,1.6140901064495874e+19,1.0376302337588152e+19,0.6374286976234131,1.5555542368908684,1.3999989318815032,False,True,True,
veriq_43928378d83d41ad_0,lowered,veriq,bernstein_vazirani,56,22,2,6,12,63.584962500721154,62.807380080467155,1.3835058055282145e+19,8.070591269870474e+18,0.7775824202539994,1.7142558200081153,1.4999771121438183,False,True,True,
veriq_43928378d83d41ad_0,lowered,veriq,bernstein_vazirani,56,24,2,5,10,63.32192809488736,62.32249153773178,1.1529215046068466e+19,5.766859323384795e+18,0.9994365571555832,1.9992190548704971,1.6661243083640724,False,True,True,
veriq_888eb67829875efb_0,semantic,veriq,bernstein_vazirani,64,16,2,14,28,72.8073549220576,72.25029856250482,8.264141345021847e+21,5.617034133428834e+21,0.5570563595527744,1.4712642203541544,1.3978157795302328,False,True,True,
veriq_888eb67829875efb_0,semantic,veriq,bernstein_vazirani,64,18,2,12,24,72.58496250072116,72.08747320079678,7.083549724304493e+21,5.017550417395787e+21,0.49748929992438207,1.411754568473475,1.3333242910113174,False,True,True,
veriq_888eb67829875efb_0,semantic,veriq,bernstein_vazirani,64,20,2,11,22,72.4594316186373,71.90764180653042,6.493253913945758e+21,4.4295244294956253e+21,0.5517898121068754,1.4659031725184826,1.3743289383881554,False,True,True,
veriq_888eb67829875efb_0,semantic,veriq,bernstein_vazirani,64,22,2,10,20,72.32192809488737,71.75488755312134,5.902958103587083e+21,3.984496860658877e+21,0.5670405417660334,1.4814814291536345,1.3793102994684956,False,True,True,
veriq_888eb67829875efb_0,semantic,veriq,bernstein_vazirani,64,24,2,9,18,72.16992500144231,71.70044056482486,5.312662293228337e+21,3.8369250191319216e+21,0.4694844366174493,1.3846145720174357,1.2857135850558135,False,True,True,
veriq_888eb67829875efb_0,lowered,veriq,bernstein_vazirani,64,16,2,10,20,72.32192809488737,71.46352462273431,5.902958103587083e+21,3.2558508919940574e+21,0.8584034721530571,1.813030847973445,1.6623373987864694,False,True,True,
veriq_888eb67829875efb_0,lowered,veriq,bernstein_vazirani,64,18,2,8,16,72.0,71.16994456941202,4.722366482869645e+21,2.656367175960959e+21,0.8300554305879757,1.7777536650825752,1.5999804686903987,False,True,True,
veriq_888eb67829875efb_0,lowered,veriq,bernstein_vazirani,64,20,2,7,14,71.8073549220576,70.80896418105468,4.1320706725109233e+21,2.068341188060813e+21,0.9983907410029218,1.997770337100415,1.7482926764202413,False,True,True,
veriq_888eb67829875efb_0,lowered,veriq,bernstein_vazirani,64,22,2,7,14,71.8073549220576,70.90689068733268,4.1320706725109233e+21,2.2136094295827583e+21,0.9004642347249217,1.8666665479870919,1.6470587311318021,False,True,True,
veriq_888eb67829875efb_0,lowered,veriq,bernstein_vazirani,64,24,2,6,12,71.58496250072116,70.80735649446993,3.5417748621522465e+21,2.0660375880558182e+21,0.7776060062512329,1.7142838458641627,1.499998569489557,False,True,True,
veriq_5f7d8b6473366da9_0,semantic,veriq,bernstein_vazirani,65,16,2,14,28,73.8073549220576,73.24911352507239,1.6528282690043693e+22,1.1224844331836575e+22,0.5582413969852098,1.472473221135476,1.3989070371680539,False,True,True,
veriq_5f7d8b6473366da9_0,semantic,veriq,bernstein_vazirani,65,18,2,13,26,73.7004397181411,73.24793214798672,1.5347691069326408e+22,1.1215656426162212e+22,0.45250757015438126,1.3684166566947968,1.2999960326664224,False,True,True,
veriq_5f7d8b6473366da9_0,semantic,veriq,bernstein_vazirani,65,20,2,11,22,73.4594316186373,72.90726624996388,1.2986507827891516e+22,8.856743007185902e+21,0.552165368673414,1.4662848202047793,1.374664387297061,False,True,True,
veriq_5f7d8b6473366da9_0,semantic,veriq,bernstein_vazirani,65,22,2,10,20,73.32192809488737,72.72792048052288,1.1805916207174165e+22,7.821419627990547e+21,0.5940076143644859,1.509433935103582,1.4035087484475246,False,True,True,
veriq_5f7d8b6473366da9_0,semantic,veriq,bernstein_vazirani,65,24,2,9,18,73.16992500144231,72.70044014148304,1.0625324586456674e+22,7.673847786463533e+21,0.46948485995926603,1.3846149783162847,1.285713935384952,False,True,True,
veriq_5f7d8b6473366da9_0,lowered,veriq,bernstein_vazirani,65,16,2,10,20,73.32192809488737,72.46147957219466,1.1805916207174165e+22,6.502477848966988e+21,0.8604485226927068,1.8156026796845923,1.6644992176863844,False,True,True,
veriq_5f7d8b6473366da9_0,lowered,veriq,bernstein_vazirani,65,18,2,9,18,73.16992500144231,72.4594396237479,1.0625324586456674e+22,6.493289943292556e+21,0.7104853776944111,1.6363545566654436,1.499992370527851,False,True,True,
veriq_5f7d8b6473366da9_0,lowered,veriq,bernstein_vazirani,65,20,2,8,16,73.0,72.17055103770433,9.44473296573929e+21,5.314968145033717e+21,0.8294489622956718,1.777006504651285,1.5993752416629585,False,True,True,
veriq_5f7d8b6473366da9_0,lowered,veriq,bernstein_vazirani,65,22,2,7,14,72.8073549220576,71.85798104257111,8.264141345021847e+21,4.279644765838254e+21,0.9493738794864868,1.9310344192558584,1.6969696479285394,False,True,True,
veriq_5f7d8b6473366da9_0,lowered,veriq,bernstein_vazirani,65,24,2,6,12,72.58496250072116,71.80735570826398,7.083549724304493e+21,4.132072924311297e+21,0.7776067924571777,1.7142847800744287,1.499999284744448,False,True,True,
veriq_b5d11a5eea7983fc_0,semantic,veriq,bernstein_vazirani,76,16,2,17,34,85.08746284125034,84.5313819365189,4.110347786689749e+25,2.7956418802523407e+25,0.556080904731445,1.470269785169601,1.4093259791519028,False,True,True,
veriq_b5d11a5eea7983fc_0,semantic,veriq,bernstein_vazirani,76,18,2,15,30,84.90689059560852,84.39245159781294,3.626777458843881e+25,2.5389803431177926e+25,0.5144389977955797,1.4284385732542955,1.363515311069149,False,True,True,
veriq_b5d11a5eea7983fc_0,semantic,veriq,bernstein_vazirani,76,20,2,13,26,84.7004397181411,84.12928317418684,3.1432071309980483e+25,2.115620414910781e+25,0.5711565439542596,1.4857141237836855,1.4054052605076794,False,True,True,
veriq_b5d11a5eea7983fc_0,semantic,veriq,bernstein_vazirani,76,22,2,12,24,84.58496250072116,84.08747320064859,2.9014219670751203e+25,2.0551886507542096e+25,0.49748930007257286,1.4117545686184876,1.3333242911406697,False,True,True,
veriq_b5d11a5eea7983fc_0,semantic,veriq,bernstein_vazirani,76,24,2,11,22,84.4594316186373,83.90764180384458,2.6596368031521825e+25,1.8143332029436992e+25,0.5517898147927127,1.465903175247526,1.374328940786894,False,True,True,
veriq_b5d11a5eea7983fc_0,lowered,veriq,bernstein_vazirani,76,16,2,11,22,84.4594316186373,83.4757344204098,2.6596368031521825e+25,1.344930896714781e+25,0.9836971982275031,1.9775267336402123,1.814431847928951,False,True,True,
veriq_b5d11a5eea7983fc_0,lowered,veriq,bernstein_vazirani,76,18,2,10,20,84.32192809488737,83.45968776014762,2.417851639229269e+25,1.3300545235031758e+25,0.8622403347397523,1.8178590399895709,1.6663954393120488,False,True,True,
veriq_b5d11a5eea7983fc_0,lowered,veriq,bernstein_vazirani,76,20,2,9,18,84.16992500144231,83.24792780309966,2.176066475306327e+25,1.148479759219082e+25,0.9219971983426518,1.8947364616908537,1.7142854028807224,False,True,True,
veriq_b5d11a5eea7983fc_0,lowered,veriq,bernstein_vazirani,76,22,2,8,16,84.0,83.16994456913211,1.9342813113834067e+25,1.0880479950625063e+25,0.8300554308678869,1.7777536654274944,1.5999804689697787,False,True,True,
veriq_b5d11a5eea7983fc_0,lowered,veriq,bernstein_vazirani,76,24,2,7,14,83.8073549220576,82.80896417530273,1.6924961474604742e+25,8.471925472520006e+24,0.9983907467548647,1.9977703450654116,1.7482926825201635,False,True,True,
veriq_6fe228867f6148af_0,semantic,veriq,bernstein_vazirani,88,16,2,19,38,97.24792751344359,96.67242706864678,1.8816688597137777e+29,1.2627003513206076e+29,0.575500444796802,1.490194294906005,1.4339606126914646,False,True,True,
veriq_6fe228867f6148af_0,semantic,veriq,bernstein_vazirani,88,18,2,17,34,97.08746284125034,96.52552083896497,1.683598453428121e+29,1.1404522848038472e+29,0.5619420022853774,1.4762550576306597,1.4148244192602795,False,True,True,
veriq_6fe228867f6148af_0,semantic,veriq,bernstein_vazirani,88,20,2,15,30,96.90689059560852,96.39232580898802,1.4855280471424537e+29,1.0398756776518761e+29,0.5145647866204968,1.428563124485128,1.3636287973077872,False,True,True,
veriq_6fe228867f6148af_0,semantic,veriq,bernstein_vazirani,88,22,2,14,28,96.8073549220576,96.25029842016555,1.3864928439996205e+29,9.423818563817374e+28,0.557056501892049,1.4712643655121305,1.3978159105568277,False,True,True,
veriq_6fe228867f6148af_0,semantic,veriq,bernstein_vazirani,88,24,2,12,24,96.58496250072116,96.0874630031164,1.1884224377139693e+29,8.417993211614132e+28,0.497499497604764,1.4117645474865999,1.3333331920482379,False,True,True,
veriq_6fe228867f6148af_0,lowered,veriq,bernstein_vazirani,88,16,2,13,26,96.7004397181411,95.75489076365949,1.2874576408568006e+29,6.684891324636204e+28,0.9455489544816089,1.9259215719963332,1.7930996741793375,False,True,True,
veriq_6fe228867f6148af_0,lowered,veriq,bernstein_vazirani,88,18,2,11,22,96.4594316186373,95.46352443563411,1.089387234571134e+29,5.462410659468674e+28,0.9959071830031831,1.9943341914119255,1.828571356098153,False,True,True,
veriq_6fe228867f6148af_0,lowered,veriq,bernstein_vazirani,88,20,2,10,20,96.32192809488737,95.45944762863085,9.903520314283086e+28,5.446996619377244e+28,0.862480466256514,1.818161641417607,1.6666497125643946,False,True,True,
veriq_6fe228867f6148af_0,lowered,veriq,bernstein_vazirani,88,22,2,9,18,96.16992500144231,95.17492568726145,8.913168282854715e+28,4.472058406675848e+28,0.9949993141808591,1.9930795781980886,1.7943925180334335,False,True,True,
veriq_6fe228867f6148af_0,lowered,veriq,bernstein_vazirani,88,24,2,8,16,96.0,95.16992530718929,7.922816251426434e+28,4.4565850859008925e+28,0.8300746928107117,1.7777774010175433,1.5999996948241944,False,True,True,
veriq_a9413cbca7510660_0,semantic,veriq,bernstein_vazirani,100,16,2,22,44,109.4594316186373,108.95420199169776,8.924260225606729e+32,6.287571737444066e+32,0.5052296269395384,1.4193492493231565,1.3749947544911083,False,True,True,
veriq_a9413cbca7510660_0,semantic,veriq,bernstein_vazirani,100,18,2,19,38,109.24792751344359,108.67242577362074,7.707315649387633e+32,5.1720159963798225e+32,0.5755017398228404,1.4901956325700474,1.4339618513046282,False,True,True,
veriq_a9413cbca7510660_0,semantic,veriq,bernstein_vazirani,100,20,2,17,34,109.08746284125034,108.52405192058659,6.896019265241584e+32,4.6665387781348685e+32,0.5634109206637561,1.4777589114983842,1.4162056604613091,False,True,True,
veriq_a9413cbca7510660_0,semantic,veriq,bernstein_vazirani,100,22,2,15,30,108.90689059560852,108.39231794691678,6.08472288109549e+32,4.2593075641934016e+32,0.5145726486917397,1.4285709095646804,1.363635890739702,False,True,True,
veriq_a9413cbca7510660_0,semantic,veriq,bernstein_vazirani,100,24,2,14,28,108.8073549220576,108.24807580921232,5.6790746890224454e+32,3.854053965600854e+32,0.5592791128452745,1.4735327371413875,1.3998632945675324,False,True,True,
veriq_a9413cbca7510660_0,lowered,veriq,bernstein_vazirani,100,16,2,15,30,108.90689059560852,108.08747320127104,6.08472288109549e+32,3.448034392932846e+32,0.8194173943374778,1.7646932100117243,1.6666553632466934,False,True,True,
veriq_a9413cbca7510660_0,lowered,veriq,bernstein_vazirani,100,18,2,13,26,108.7004397181411,107.75488831750084,5.273426496949455e+32,2.738126843941644e+32,0.9455514006402552,1.9259248374915112,1.7931025047934173,False,True,True,
veriq_a9413cbca7510660_0,lowered,veriq,bernstein_vazirani,100,20,2,12,24,108.58496250072116,107.70130646526401,4.867778304876418e+32,2.638297817769658e+32,0.8836560354571503,1.8450450408178332,1.713329611524883,False,True,True,
veriq_a9413cbca7510660_0,lowered,veriq,bernstein_vazirani,100,22,2,10,20,108.32192809488737,107.45943261926425,4.056481920730352e+32,2.2310666038282266e+32,0.8624954756231205,1.8181805571245364,1.6666656070282113,False,True,True,
veriq_a9413cbca7510660_0,lowered,veriq,bernstein_vazirani,100,24,2,10,20,108.32192809488737,107.45968775630061,4.056481920730352e+32,2.2314611973087017e+32,0.8622403385867585,1.8178590448369676,1.6663954433853194,False,True,True,
veriq_74993ad0c9a479a9_0,semantic,veriq,clifford,19,16,2,10,20,27.32192809488736,25.714299607652723,167772159.99999994,55052304.00000006,1.6076284872346385,3.0475047874472203,2.644542725247765,False,True,True,
veriq_74993ad0c9a479a9_0,semantic,veriq,clifford,19,18,2,4,8,26.0,24.171178019578292,67108864.0,18890767.999999985,1.8288219804217078,3.5524688038093557,2.4600600600600564,False,True,True,
veriq_74993ad0c9a479a9_0,lowered,veriq,clifford,19,16,2,9,18,27.169925001442312,26.93073751800369,150994943.99999997,127926287.99999996,0.23918748343862362,1.1803277212264616,1.1076923076923062,False,True,True,
veriq_74993ad0c9a479a9_0,lowered,veriq,clifford,19,18,2,4,8,26.0,25.459432118950378,67108864.0,46137360.000000045,0.540567881049622,1.4545449501228491,1.230769230769232,False,True,True,
veriq_4ec89c1f3bf26994_0,semantic,veriq,grover_oracle,19,16,2,5,10,26.32192809488736,25.857981374675443,83886079.99999997,60817424.00000008,0.4639467202119185,1.3793099819551689,1.2121212121212108,False,True,True,
veriq_4ec89c1f3bf26994_0,semantic,veriq,grover_oracle,19,18,2,3,6,25.584962500721154,25.00000068793044,50331647.99999993,33554448.000000045,0.5849618127907128,1.4999992847445998,1.1999999999999988,False,True,True,
veriq_4ec89c1f3bf26994_0,lowered,veriq,grover_oracle,19,16,2,5,10,26.32192809488736,25.857981374675443,83886079.99999997,60817424.00000008,0.4639467202119185,1.3793099819551689,1.2121212121212108,False,True,True,
veriq_4ec89c1f3bf26994_0,lowered,veriq,grover_oracle,19,18,2,3,6,25.584962500721154,25.00000068793044,50331647.99999993,33554448.000000045,0.5849618127907128,1.4999992847445998,1.1999999999999988,False,True,True,
veriq_0caebc7c834b7881_0,semantic,veriq,grover_oracle,21,16,2,5,10,28.32192809488736,27.820179059821285,335544319.9999999,236978191.9999996,0.5017490350660765,1.4159291079408707,1.2403100775193794,False,True,True,
veriq_0caebc7c834b7881_0,semantic,veriq,grover_oracle,21,18,2,5,10,28.32192809488736,27.857981090014547,335544319.9999999,243269647.9999998,0.46394700487281426,1.3793102541094653,1.2121212121212108,False,True,True,
veriq_0caebc7c834b7881_0,semantic,veriq,grover_oracle,21,20,2,3,6,27.584962500721154,27.00000017198264,201326591.99999973,134217744.0000001,0.5849623287385128,1.499999821186084,1.1999999999999988,False,True,True,
veriq_0caebc7c834b7881_0,lowered,veriq,grover_oracle,21,16,2,5,10,28.32192809488736,27.820179059821285,335544319.9999999,236978191.9999996,0.5017490350660765,1.4159291079408707,1.2403100775193794,False,True,True,
veriq_0caebc7c834b7881_0,lowered,veriq,grover_oracle,21,18,2,5,10,28.32192809488736,27.857981090014547,335544319.9999999,243269647.9999998,0.46394700487281426,1.3793102541094653,1.2121212121212108,False,True,True,
veriq_0caebc7c834b7881_0,lowered,veriq,grover_oracle,21,20,2,3,6,27.584962500721154,27.00000017198264,201326591.99999973,134217744.0000001,0.5849623287385128,1.499999821186084,1.1999999999999988,False,True,True,
veriq_851f3d8de7f08057_0,semantic,veriq,grover_oracle,27,16,2,9,18,35.16992500144231,34.707466985857884,38654705663.9999,28053602320.000034,0.4624580155844278,1.3778874179178835,1.2799111172835187,False,True,True,
veriq_851f3d8de7f08057_0,semantic,veriq,grover_oracle,27,18,2,9,18,35.16992500144231,34.75530488905839,38654705663.9999,28999417872.00005,0.4146201123839255,1.3329476417291282,1.2410449771074605,False,True,True,
veriq_851f3d8de7f08057_0,semantic,veriq,grover_oracle,27,20,2,5,10,34.32192809488736,33.81057163627329,21474836479.999992,15065939984.000015,0.511356458614074,1.4253897534973727,1.247563352826509,False,True,True,
veriq_851f3d8de7f08057_0,semantic,veriq,grover_oracle,27,22,2,5,10,34.32192809488736,33.82017896393716,21474836479.999992,15166603280.000017,0.501749130950202,1.415929202046087,1.2403100775193794,False,True,True,
veriq_851f3d8de7f08057_0,semantic,veriq,grover_oracle,27,24,2,5,10,34.32192809488736,33.85798099661018,21474836479.999992,15569256463.999994,0.46394709827718117,1.3793103434101155,1.212121212121208,False,True,True,
veriq_851f3d8de7f08057_0,lowered,veriq,grover_oracle,27,16,2,7,14,34.807354922057606,34.180064545652954,30064771072.00003,19463667728.00008,0.6272903764046553,1.5446611343837044,1.3911693352741394,False,True,True,
veriq_851f3d8de7f08057_0,lowered,veriq,grover_oracle,27,18,2,7,14,34.807354922057606,34.248520606069434,30064771072.00003,20409483280.00007,0.5588343159881752,1.4730785027498257,1.3328374860542969,False,True,True,
veriq_851f3d8de7f08057_0,lowered,veriq,grover_oracle,27,20,2,5,10,34.32192809488736,33.81057163627329,21474836479.999992,15065939984.000015,0.511356458614074,1.4253897534973727,1.247563352826509,False,True,True,
veriq_851f3d8de7f08057_0,lowered,veriq,grover_oracle,27,22,2,5,10,34.32192809488736,33.82017896393716,21474836479.999992,15166603280.000017,0.501749130950202,1.415929202046087,1.2403100775193794,False,True,True,
veriq_851f3d8de7f08057_0,lowered,veriq,grover_oracle,27,24,2,5,10,34.32192809488736,33.85798099661018,21474836479.999992,15569256463.999994,0.46394709827718117,1.3793103434101155,1.212121212121208,False,True,True,
veriq_caf4f6fd0033a07b_0,semantic,veriq,grover_oracle,33,16,2,14,28,41.807354922057606,41.40965714881954,3848290697216.004,2921116729359.9995,0.39769777323806466,1.3174039429979036,1.2582052106610373,False,True,True,
veriq_caf4f6fd0033a07b_0,semantic,veriq,grover_oracle,33,18,2,11,22,41.459431618637296,41.088793413673876,3023656976383.998,2338618081295.992,0.37063820496342004,1.2929246551914018,1.2211580484400455,False,True,True,
veriq_caf4f6fd0033a07b_0,semantic,veriq,grover_oracle,33,20,2,9,18,41.16992500144231,40.707386096088186,2473901162495.9937,1795329884175.9976,0.4625389053541227,1.3779646761862039,1.2799777781635744,False,True,True,
veriq_caf4f6fd0033a07b_0,semantic,veriq,grover_oracle,33,22,2,9,18,41.16992500144231,40.75499186002187,2473901162495.9937,1855560089615.9946,0.41493314142044113,1.3332368896810902,1.2412957101488336,False,True,True,
veriq_caf4f6fd0033a07b_0,semantic,veriq,grover_oracle,33,24,2,5,10,40.32192809488736,39.80815977289235,1374389534719.9995,962609545231.9988,0.5137683219950091,1.4277746792846913,1.2493899463152773,False,True,True,
veriq_caf4f6fd0033a07b_0,lowered,veriq,grover_oracle,33,16,2,11,22,41.459431618637296,40.93110827619648,3023656976383.998,2096483008528.002,0.5283233424408138,1.4422520784020045,1.3535195176194168,False,True,True,
veriq_caf4f6fd0033a07b_0,lowered,veriq,grover_oracle,33,18,2,9,18,41.16992500144231,40.70131323135806,2473901162495.9937,1787788525583.995,0.4686117700842516,1.3837772908224,1.284991612383169,False,True,True,
veriq_caf4f6fd0033a07b_0,lowered,veriq,grover_oracle,33,20,2,7,14,40.807354922057606,40.17994795521688,1924145348608.002,1245574070287.9998,0.6274069668407236,1.5447859701857023,1.391270592231363,False,True,True,
veriq_caf4f6fd0033a07b_0,lowered,veriq,grover_oracle,33,22,2,7,14,40.807354922057606,40.24807580919464,1924145348608.002,1305804275727.9988,0.559279112862967,1.4735327371594582,1.333209336929232,False,True,True,
veriq_caf4f6fd0033a07b_0,lowered,veriq,grover_oracle,33,24,2,5,10,40.32192809488736,39.80815977289235,1374389534719.9995,962609545231.9988,0.5137683219950091,1.4277746792846913,1.2493899463152773,False,True,True,
veriq_02bc74969fc74548_0,semantic,veriq,grover_oracle,39,16,2,17,34,48.08746284125034,47.701320013921375,299067162755072.7,228838007111695.7,0.38614282732896754,1.306894630528303,1.2585195583738669,False,True,True,
veriq_02bc74969fc74548_0,semantic,veriq,grover_oracle,39,18,2,14,28,47.807354922057606,47.40094619250051,246290604621824.25,185826063417359.25,0.40640872955709284,1.3253824576193256,1.2654808122954928,False,True,True,
veriq_02bc74969fc74548_0,semantic,veriq,grover_oracle,39,20,2,14,28,47.807354922057606,47.45968800635182,246290604621824.25,193548439781391.84,0.347666915705787,1.272501110833047,1.2171843795794528,False,True,True,
veriq_02bc74969fc74548_0,semantic,veriq,grover_oracle,39,22,2,9,18,47.16992500144231,46.701308154308435,158329674399743.6,114418062983184.02,0.4686168471338732,1.3837821605406242,1.2849958116244014,False,True,True,
veriq_02bc74969fc74548_0,semantic,veriq,grover_oracle,39,24,2,9,18,47.16992500144231,46.70736587312694,158329674399743.6,114899501973519.78,0.4625591283153696,1.3779839919256822,1.2799944444685518,False,True,True,
veriq_02bc74969fc74548_0,lowered,veriq,grover_oracle,39,16,2,12,24,47.584962500721154,46.954934670392454,211106232532991.72,136409237159951.75,0.6300278303287001,1.5475948471543113,1.4538463034943847,False,True,True,
veriq_02bc74969fc74548_0,lowered,veriq,grover_oracle,39,18,2,11,22,47.459431618637296,46.91293619467573,193514046488575.88,132495454502927.7,0.5464954239615665,1.4605334742581668,1.369608089642953,False,True,True,
veriq_02bc74969fc74548_0,lowered,veriq,grover_oracle,39,20,2,11,22,47.459431618637296,46.954378445160394,193514046488575.88,136356655267855.94,0.5050531734769024,1.4191756618585376,1.3331752155452898,False,True,True,
veriq_02bc74969fc74548_0,lowered,veriq,grover_oracle,39,22,2,7,14,46.807354922057606,46.17117924150407,123145302310912.12,79233690894351.97,0.636175680553535,1.554203785295206,1.398904970931871,False,True,True,
veriq_02bc74969fc74548_0,lowered,veriq,grover_oracle,39,24,2,7,14,46.807354922057606,46.17991880640923,123145302310912.12,79715129884687.94,0.6274361156483721,1.5448171819960426,1.3912959087738477,False,True,True,
veriq_f66877b01090da09_0,semantic,veriq,grover_oracle,41,16,2,18,36,50.16992500144231,49.768394352373136,1266637395197948.8,958913727954956.2,0.4015306490691728,1.3209086055105965,1.2741573443729282,False,True,True,
veriq_f66877b01090da09_0,semantic,veriq,grover_oracle,41,18,2,15,30,49.906890595608516,49.52553611710329,1055531162664958.1,810348667994126.6,0.38135447850522297,1.3025641978010984,1.2483618174890163,False,True,True,
veriq_f66877b01090da09_0,semantic,veriq,grover_oracle,41,20,2,14,28,49.807354922057606,49.409457299681335,985162418487297.0,747702300180494.9,0.39789762237627,1.3175864488439841,1.2583716818574282,False,True,True,
veriq_f66877b01090da09_0,semantic,veriq,grover_oracle,41,22,2,11,22,49.459431618637296,49.087794628445586,774056185954303.5,598271898681361.8,0.3716369901917105,1.293820063520256,1.2219567816625783,False,True,True,
veriq_f66877b01090da09_0,semantic,veriq,grover_oracle,41,24,2,9,18,49.16992500144231,48.70217437669939,633318697598974.4,457947129839631.3,0.4677506247429193,1.382951559977582,1.284279538261721,False,True,True,
veriq_f66877b01090da09_0,lowered,veriq,grover_oracle,41,16,2,13,26,49.70043971814109,49.108856225503814,914793674309631.1,607070007066638.0,0.5915834926372767,1.5068998034179186,1.4243478970319505,False,True,True,
veriq_f66877b01090da09_0,lowered,veriq,grover_oracle,41,18,2,11,22,49.459431618637296,48.90991653900956,774056185954303.5,528873691283472.6,0.5495150796277386,1.463593668416028,1.3722987689007018,False,True,True,
veriq_f66877b01090da09_0,lowered,veriq,grover_oracle,41,20,2,11,22,49.459431618637296,48.930829810516414,774056185954303.5,536596067647503.75,0.5286018081208823,1.442530485450352,1.353764718344098,False,True,True,
veriq_f66877b01090da09_0,lowered,veriq,grover_oracle,41,22,2,9,18,49.16992500144231,48.70065687619647,633318697598974.4,457465690849294.9,0.46926812524583994,1.3844069845395501,1.2855345918803494,False,True,True,
veriq_f66877b01090da09_0,lowered,veriq,grover_oracle,41,24,2,7,14,48.807354922057606,48.17242995037984,492581209243648.5,317209641484304.25,0.6349249716777621,1.5528569905338825,1.397813783069391,False,True,True,
veriq_643727ab8e80e611_0,semantic,veriq,grover_oracle,47,16,2,21,42,56.39231742277876,56.00071544242649,9.457559217478038e+16,7.209333675786277e+16,0.3916019803522701,1.311849283553457,1.272115386912545,False,True,True,
veriq_643727ab8e80e611_0,semantic,veriq,grover_oracle,47,18,2,18,36,56.16992500144231,55.76828853322998,8.106479329266872e+16,6.136597733756142e+16,0.401636468212331,1.3210054953862824,1.274247496889798,False,True,True,
veriq_643727ab8e80e611_0,semantic,veriq,grover_oracle,47,20,2,15,30,55.906890595608516,55.524545541849086,6.755399441055732e+16,5.182671755935767e+16,0.38234505375942973,1.3034588643046328,1.2491835518447834,False,True,True,
veriq_643727ab8e80e611_0,semantic,veriq,grover_oracle,47,22,2,14,28,55.807354922057606,55.40089611341468,6.305039478318701e+16,4.756982095413246e+16,0.40645880864292394,1.3254284653284936,1.2655227552114166,False,True,True,
veriq_643727ab8e80e611_0,semantic,veriq,grover_oracle,47,24,2,14,28,55.807354922057606,55.45949567293537,6.305039478318701e+16,4.954179546120241e+16,0.3478592491222372,1.2726707660921084,1.2173396044154834,False,True,True,
veriq_643727ab8e80e611_0,lowered,veriq,grover_oracle,47,16,2,16,32,56.0,55.426797210773,7.205759403792794e+16,4.8431567355248856e+16,0.5732027892269969,1.487822880258666,1.4217207352808825,False,True,True,
veriq_643727ab8e80e611_0,lowered,veriq,grover_oracle,47,18,2,13,26,55.70043971814109,55.09811499410447,5.854679515581639e+16,3.8564288020873304e+16,0.6023247240366203,1.5181609245353462,1.4344048697936536,False,True,True,
veriq_643727ab8e80e611_0,lowered,veriq,grover_oracle,47,20,2,11,22,55.459431618637296,54.90764473873762,4.953959590107542e+16,3.3794658144354384e+16,0.551786879899673,1.4659001931449138,1.374326319627377,False,True,True,
veriq_643727ab8e80e611_0,lowered,veriq,grover_oracle,47,22,2,11,22,55.459431618637296,54.91290103385729,4.953959590107542e+16,3.3918009705758896e+16,0.5465305847800082,1.4605690702619312,1.3696393915053444,False,True,True,
veriq_643727ab8e80e611_0,lowered,veriq,grover_oracle,47,24,2,11,22,55.459431618637296,54.9542417796641,4.953959590107542e+16,3.490399716062009e+16,0.5051898389731946,1.4193101057482245,1.3332938581652267,False,True,True,
veriq_239e79e1472bf67a_0,semantic,veriq,grover_oracle,55,16,2,26,52,64.7004397181411,64.32250047932465,2.997595911977814e+19,2.3067580262265143e+19,0.3779392388164453,1.2994843316450424,1.2678018576142682,False,True,True,
veriq_239e79e1472bf67a_0,semantic,veriq,grover_oracle,55,18,2,22,44,64.4594316186373,64.06625872972094,2.5364273101350617e+19,1.931370473161169e+19,0.3931728889163537,1.3132784959602115,1.2752167960524163,False,True,True,
veriq_239e79e1472bf67a_0,semantic,veriq,grover_oracle,55,20,2,20,40,64.32192809488737,63.957113424902936,2.305843009213704e+19,1.7906453405702724e+19,0.36481466998442613,1.2877161976024487,1.2475538161902189,False,True,True,
veriq_239e79e1472bf67a_0,semantic,veriq,grover_oracle,55,22,2,17,34,64.08746284125034,63.70054830126757,1.9599665578316444e+19,1.4989107658953275e+19,0.3869145399827758,1.307593889127162,1.2591679956989132,False,True,True,
veriq_239e79e1472bf67a_0,semantic,veriq,grover_oracle,55,24,2,15,30,63.906890595608516,63.524542671564966,1.7293822569102674e+19,1.3267613298863303e+19,0.38234792404355034,1.3034614575768737,1.2491859336482785,False,True,True,
veriq_239e79e1472bf67a_0,lowered,veriq,grover_oracle,55,16,2,21,42,64.39231742277876,63.88303113139661,2.421135159674378e+19,1.7010167278016123e+19,0.5092862913821463,1.4233458849069898,1.3766909469514708,False,True,True,
veriq_239e79e1472bf67a_0,lowered,veriq,grover_oracle,55,18,2,16,32,64.0,63.409524574631945,1.8446744073709552e+19,1.2250925751175414e+19,0.5904754253680551,1.505742867794271,1.438075017752581,False,True,True,
veriq_239e79e1472bf67a_0,lowered,veriq,grover_oracle,55,20,2,15,30,63.906890595608516,63.39447110104046,1.7293822569102674e+19,1.2123760840536994e+19,0.5124194945680571,1.4264404252580658,1.3616945533337679,False,True,True,
veriq_239e79e1472bf67a_0,lowered,veriq,grover_oracle,55,22,2,12,24,63.584962500721154,62.95428738066945,1.3835058055282145e+19,8.935705710302334e+18,0.6306751200517056,1.5482893577539323,1.4544592033445405,False,True,True,
veriq_239e79e1472bf67a_0,lowered,veriq,grover_oracle,55,24,2,11,22,63.459431618637296,62.90764253716552,1.2682136550675309e+19,8.651419282762072e+18,0.5517890814717745,1.4659024301300978,1.3743282858558818,False,True,True,
veriq_58c13af32fc14a5a_0,semantic,veriq,grover_oracle,63,16,2,29,58,72.85798099512758,72.49287051172128,8.559289250201257e+21,6.645512753674348e+21,0.3651104834062977,1.2879802608863806,1.2600000000454306,False,True,True,
veriq_58c13af32fc14a5a_0,semantic,veriq,grover_oracle,63,18,2,26,52,72.7004397181411,72.32221206202449,7.673845534663204e+21,5.904120103209424e+21,0.37822765611660714,1.299744144854332,1.2680491551468402,False,True,True,
veriq_58c13af32fc14a5a_0,semantic,veriq,grover_oracle,63,20,2,22,44,72.4594316186373,72.055324973425,6.493253913945758e+21,4.906978603943797e+21,0.4041066452122948,1.323269253452023,1.2846347607074768,False,True,True,
veriq_58c13af32fc14a5a_0,semantic,veriq,grover_oracle,63,22,2,20,40,72.32192809488737,71.95492471433052,5.902958103587083e+21,4.577102885685039e+21,0.3670033805568522,1.2896712726403152,1.249388753060757,False,True,True,
veriq_58c13af32fc14a5a_0,semantic,veriq,grover_oracle,63,24,2,18,36,72.16992500144231,71.76819726286348,5.312662293228337e+21,4.0214262720506097e+21,0.4017277385788276,1.3210890698536415,1.2743252595259114,False,True,True,
veriq_58c13af32fc14a5a_0,lowered,veriq,grover_oracle,63,16,2,22,44,72.4594316186373,71.95493482843528,6.493253913945758e+21,4.577134973866587e+21,0.5044967902020119,1.4186284544850352,1.3743182945273984,False,True,True,
veriq_58c13af32fc14a5a_0,lowered,veriq,grover_oracle,63,18,2,21,42,72.39231742277876,71.88283557555623,6.198106008766407e+21,4.3540126012066287e+21,0.5094818472225313,1.423538831065561,1.3768714506976203,False,True,True,
veriq_58c13af32fc14a5a_0,lowered,veriq,grover_oracle,63,20,2,17,34,72.08746284125034,71.53141204196125,5.01751438804901e+21,3.4127199938048206e+21,0.5560507992890962,1.4702391046313217,1.4092977893384897,False,True,True,
veriq_58c13af32fc14a5a_0,lowered,veriq,grover_oracle,63,22,2,15,30,71.90689059560852,71.39285508980457,4.4272185776902845e+21,3.100208182085803e+21,0.5140355058039461,1.4280391243634731,1.3631513427031858,False,True,True,
veriq_58c13af32fc14a5a_0,lowered,veriq,grover_oracle,63,24,2,12,24,71.58496250072116,70.91887489225049,3.5417748621522465e+21,2.232074064910091e+21,0.6660876084706757,1.5867640405986756,1.4883608147533969,False,True,True,
veriq_a88c9169ac8af897_0,semantic,veriq,grover_oracle,65,16,2,31,62,74.95419631038688,74.5700966399856,3.659834024223979e+22,2.804373587917756e+22,0.3840996704012838,1.3050451052569645,1.2781413612674772,False,True,True,
veriq_a88c9169ac8af897_0,semantic,veriq,grover_oracle,65,18,2,27,54,74.75488750216347,74.37517628992448,3.187597375937014e+22,2.4499600128581235e+22,0.3797112122389876,1.3010813887604487,1.2704705446744364,False,True,True,
veriq_a88c9169ac8af897_0,semantic,veriq,grover_oracle,65,20,2,22,44,74.4594316186373,74.04713460702197,2.597301565578303e+22,1.951679991032178e+22,0.4122970116153226,1.3308029889698658,1.2917338245457997,False,True,True,
veriq_a88c9169ac8af897_0,semantic,veriq,grover_oracle,65,22,2,21,42,74.39231742277876,74.0445652169666,2.479242403506563e+22,1.9482072097242363e+22,0.3477522058121565,1.2725763415368396,1.2351519337027033,False,True,True,
veriq_a88c9169ac8af897_0,semantic,veriq,grover_oracle,65,24,2,18,36,74.16992500144231,73.75822647166937,2.125064917291335e+22,1.5974916431814425e+22,0.4116985297729343,1.3302510384712984,1.282847986626553,False,True,True,
veriq_a88c9169ac8af897_0,lowered,veriq,grover_oracle,65,16,2,23,46,74.52356195605701,73.97764336851141,2.715360727650038e+22,1.8599002913438146e+22,0.5459185875456001,1.4599496221854649,1.4150390625180507,False,True,True,
veriq_a88c9169ac8af897_0,lowered,veriq,grover_oracle,65,18,2,21,42,74.39231742277876,73.87046180865345,2.479242403506563e+22,1.7267314452614672e+22,0.5218556141253146,1.4358008075373574,1.38833940655942,False,True,True,
veriq_a88c9169ac8af897_0,lowered,veriq,grover_oracle,65,20,2,17,34,74.08746284125034,73.52749233830217,2.007005755219604e+22,1.3613841806734769e+22,0.5599705029481754,1.4742390749881769,1.4129726206005957,False,True,True,
veriq_a88c9169ac8af897_0,lowered,veriq,grover_oracle,65,22,2,15,30,73.90689059560852,73.39258628133904,1.7708874310761138e+22,1.2398522372937944e+22,0.5143043142694808,1.4283052268723582,1.3633938100338012,False,True,True,
veriq_a88c9169ac8af897_0,lowered,veriq,grover_oracle,65,24,2,13,26,73.7004397181411,73.09276230668995,1.5347691069326408e+22,1.0071958328227419e+22,0.6076774114511494,1.523804067607523,1.4394414980021966,False,True,True,
veriq_590a3f2652ecf03c_0,semantic,veriq,grover_oracle,75,16,2,35,70,85.12928301694497,84.73481712758753,4.231240368651205e+25,3.2190048609577855e+25,0.3944658893574342,1.3144560357675996,1.2902282036279362,False,True,True,
veriq_590a3f2652ecf03c_0,semantic,veriq,grover_oracle,75,18,2,31,62,84.95419631038688,84.56997518025393,3.7476700408053543e+25,2.871436799107478e+25,0.3842211301329428,1.305154980938544,1.2782467532471147,False,True,True,
veriq_590a3f2652ecf03c_0,semantic,veriq,grover_oracle,75,20,2,27,54,84.75488750216347,84.36635650248901,3.264099712959502e+25,2.493468764022118e+25,0.38853099967445814,1.3090597965599975,1.2780768516812986,False,True,True,
veriq_590a3f2652ecf03c_0,semantic,veriq,grover_oracle,75,22,2,23,46,84.52356195605701,84.12992819333937,2.780529385113639e+25,2.1165665059065105e+25,0.3936337627176414,1.31369809422679,1.277222342968918,False,True,True,
veriq_590a3f2652ecf03c_0,semantic,veriq,grover_oracle,75,24,2,22,44,84.4594316186373,84.06611023894722,2.6596368031521825e+25,2.0249802914962018e+25,0.39332137969007874,1.3134136733681743,1.2753442511475213,False,True,True,
veriq_590a3f2652ecf03c_0,lowered,veriq,grover_oracle,75,16,2,27,54,84.75488750216347,84.21439622285244,3.264099712959502e+25,2.2441884857765746e+25,0.540491279311027,1.454467721248467,1.4163197335554405,False,True,True,
veriq_590a3f2652ecf03c_0,lowered,veriq,grover_oracle,75,18,2,23,46,84.52356195605701,83.96587516022737,2.780529385113639e+25,1.8890655819092416e+25,0.557686795829639,1.47190728143139,1.426269531250285,False,True,True,
veriq_590a3f2652ecf03c_0,lowered,veriq,grover_oracle,75,20,2,21,42,84.39231742277876,83.86421042611279,2.5387442211907204e+25,1.7605278553477199e+25,0.5281069966659686,1.4420358152693336,1.394168185369073,False,True,True,
veriq_590a3f2652ecf03c_0,lowered,veriq,grover_oracle,75,22,2,17,34,84.08746284125034,83.52405287738574,2.0551738933448743e+25,1.390737853347277e+25,0.5634099638646006,1.4777579314451024,1.4162047603521442,False,True,True,
veriq_590a3f2652ecf03c_0,lowered,veriq,grover_oracle,75,24,2,16,32,84.0,83.40940752732561,1.9342813113834067e+25,1.2844984551614032e+25,0.5905924726743876,1.5058650351902176,1.4381864511027354,False,True,True,
veriq_85d0fb9485e46a9b_0,semantic,veriq,grover_oracle,87,16,2,41,82,97.35755200461809,96.97873315458817,2.030221664428026e+29,1.5613764368510391e+29,0.37881885002991567,1.3002768688648505,1.27998017839446,False,True,True,
veriq_85d0fb9485e46a9b_0,semantic,veriq,grover_oracle,87,18,2,35,70,97.12928301694497,96.73134575972679,1.7331160549995334e+29,1.3153356606391145e+29,0.3979372572181745,1.3176226471024297,1.2932790224032615,False,True,True,
veriq_85d0fb9485e46a9b_0,semantic,veriq,grover_oracle,87,20,2,31,62,96.95419631038688,96.55843572016039,1.5350456487138731e+29,1.1667706236935104e+29,0.39576059022648735,1.3156361820754086,1.288298565840944,False,True,True,
veriq_85d0fb9485e46a9b_0,semantic,veriq,grover_oracle,87,22,2,28,56,96.8073549220576,96.42731489444428,1.3864928439996205e+29,1.065403660424492e+29,0.3800400276133189,1.3013779617081433,1.271822222222232,False,True,True,
veriq_85d0fb9485e46a9b_0,semantic,veriq,grover_oracle,87,24,2,26,52,96.7004397181411,96.32196335093361,1.2874576408568006e+29,9.903762335796051e+28,0.3784763672074831,1.2999682314704057,1.2682624451649869,False,True,True,
veriq_85d0fb9485e46a9b_0,lowered,veriq,grover_oracle,87,16,2,31,62,96.95419631038688,96.42732947433778,1.5350456487138731e+29,1.0654144274611538e+29,0.5268668360490949,1.4407967539653415,1.4080749819755047,False,True,True,
veriq_85d0fb9485e46a9b_0,lowered,veriq,grover_oracle,87,18,2,27,54,96.75488750216347,96.21190745091708,1.3369752424282121e+29,9.176352385694896e+28,0.5429800512463885,1.4569789674952278,1.4187008688456766,False,True,True,
veriq_85d0fb9485e46a9b_0,lowered,veriq,grover_oracle,87,20,2,25,50,96.64385618977472,96.13186704547125,1.2379400392853792e+29,8.681115208824022e+28,0.5119891443034703,1.4260149871378973,1.3864723792953473,False,True,True,
veriq_85d0fb9485e46a9b_0,lowered,veriq,grover_oracle,87,22,2,21,42,96.39231742277876,95.85875962027816,1.039869632999719e+29,7.183928361050606e+28,0.5335578025005958,1.447494435826535,1.3992697874559956,False,True,True,
veriq_85d0fb9485e46a9b_0,lowered,veriq,grover_oracle,87,24,2,21,42,96.39231742277876,95.88266695186013,1.039869632999719e+29,7.303967242540237e+28,0.5096504709186291,1.4237052254879285,1.3770271136465628,False,True,True,
veriq_f37bf133b877b67e_0,semantic,veriq,grover_oracle,99,16,2,48,96,109.58496250072116,109.19982811820378,9.735556609752836e+32,7.454590386865975e+32,0.3851343825173785,1.3059814294968681,1.2884533446953608,False,True,True,
veriq_f37bf133b877b67e_0,semantic,veriq,grover_oracle,99,18,2,41,82,109.35755200461809,108.97872171753961,8.315787937497195e+32,6.3953471856554015e+32,0.3788302870784719,1.3002871769259523,1.2799901671582992,False,True,True,
veriq_f37bf133b877b67e_0,semantic,veriq,grover_oracle,99,20,2,35,70,109.12928301694497,108.72962740740999,7.098843361278089e+32,5.381201653862996e+32,0.3996556095349746,1.3191929643041813,1.2947918177861497,False,True,True,
veriq_f37bf133b877b67e_0,semantic,veriq,grover_oracle,99,22,2,33,66,109.04439411935846,108.67331080445103,6.693195169205071e+32,5.175189777244896e+32,0.3710833149074233,1.2933236185143944,1.2684669775838837,False,True,True,
veriq_f37bf133b877b67e_0,semantic,veriq,grover_oracle,99,24,2,28,56,108.8073549220576,108.42639593562929,5.6790746890224454e+32,4.361114592832133e+32,0.38095898642831116,1.3022071693223778,1.2726141816243057,False,True,True,
veriq_f37bf133b877b67e_0,lowered,veriq,grover_oracle,99,16,2,36,72,109.16992500144231,108.6221680580288,7.301667457314583e+32,4.9949457936612096e+32,0.5477569434135034,1.4618111504995102,1.4327226784586262,False,True,True,
veriq_f37bf133b877b67e_0,lowered,veriq,grover_oracle,99,18,2,31,62,108.95419631038688,108.4273210937871,6.287546977132024e+32,4.363912145037649e+32,0.5268752165997768,1.4408051235132688,1.40808297567953,False,True,True,
veriq_f37bf133b877b67e_0,lowered,veriq,grover_oracle,99,20,2,27,54,108.75488750216347,108.21067611814702,5.476250592985957e+32,3.755427331123208e+32,0.5442113840164495,1.4582230223445884,1.419880387708817,False,True,True,
veriq_f37bf133b877b67e_0,lowered,veriq,grover_oracle,99,22,2,25,50,108.64385618977472,108.12992819333937,5.070602400912913e+32,3.55100934479588e+32,0.5139279964353562,1.4279327111160791,1.3882851554010007,False,True,True,
veriq_f37bf133b877b67e_0,lowered,veriq,grover_oracle,99,24,2,21,42,108.39231742277876,107.85807825109639,4.259306016766849e+32,2.9411476565529838e+32,0.5342391716823727,1.4481782331726736,1.3999087710152405,False,True,True,
veriq_9cffa3addee84fc2_0,semantic,veriq,mapping,20,16,2,1,2,25.0,6.321928094887362,33554432.0,79.99999999999997,18.67807190511264,419430.4000000002,262144.0,False,True,True,
veriq_9cffa3addee84fc2_0,semantic,veriq,mapping,20,18,2,1,2,25.0,6.321928094887362,33554432.0,79.99999999999997,18.67807190511264,419430.4000000002,262144.0,False,True,True,
veriq_9cffa3addee84fc2_0,lowered,veriq,mapping,20,16,2,1,2,25.0,6.321928094887362,33554432.0,79.99999999999997,18.67807190511264,419430.4000000002,262144.0,False,True,True,
veriq_9cffa3addee84fc2_0,lowered,veriq,mapping,20,18,2,1,2,25.0,6.321928094887362,33554432.0,79.99999999999997,18.67807190511264,419430.4000000002,262144.0,False,True,True,
veriq_c89018c96958b8fe_0,semantic,veriq,mapping,20,16,2,1,2,25.0,7.169925001442312,33554432.0,143.99999999999997,17.830074998557688,233016.88888888893,131072.0,False,True,True,
veriq_c89018c96958b8fe_0,semantic,veriq,mapping,20,18,2,1,2,25.0,7.169925001442312,33554432.0,143.99999999999997,17.830074998557688,233016.88888888893,131072.0,False,True,True,
veriq_c89018c96958b8fe_0,lowered,veriq,mapping,20,16,2,1,2,25.0,7.169925001442312,33554432.0,143.99999999999997,17.830074998557688,233016.88888888893,131072.0,False,True,True,
veriq_c89018c96958b8fe_0,lowered,veriq,mapping,20,18,2,1,2,25.0,7.169925001442312,33554432.0,143.99999999999997,17.830074998557688,233016.88888888893,131072.0,False,True,True,
veriq_a818867739b41d78_0,semantic,veriq,mapping,20,16,2,2,4,26.0,10.599912842187127,67108864.0,1551.999999999999,15.400087157812873,43240.24742268043,32768.0,False,True,True,
veriq_a818867739b41d78_0,semantic,veriq,mapping,20,18,2,1,2,25.0,9.044394119358454,33554432.0,528.0000000000003,15.955605880641546,63550.06060606057,32768.0,False,True,True,
veriq_a818867739b41d78_0,lowered,veriq,mapping,20,16,2,2,4,26.0,10.599912842187127,67108864.0,1551.999999999999,15.400087157812873,43240.24742268043,32768.0,False,True,True,
veriq_a818867739b41d78_0,lowered,veriq,mapping,20,18,2,1,2,25.0,9.044394119358454,33554432.0,528.0000000000003,15.955605880641546,63550.06060606057,32768.0,False,True,True,
veriq_cdb7b06510c368a3_0,semantic,veriq,mapping,20,16,2,5,10,27.32192809488736,20.714688241176027,167772159.99999994,1720847.999999999,6.607239853711334,97.4938867349121,74.7274800456099,False,True,True,
veriq_cdb7b06510c368a3_0,semantic,veriq,mapping,20,18,2,3,6,26.584962500721154,19.586869101201103,100663295.99999987,787471.9999999988,6.99809339952005,127.83095271958862,76.7400468384074,False,True,True,
veriq_cdb7b06510c368a3_0,lowered,veriq,mapping,20,16,2,3,6,26.584962500721154,19.17994795519835,100663295.99999987,593936.0000000003,7.405014545522803,169.4850893025508,90.0219780219779,False,True,True,
veriq_cdb7b06510c368a3_0,lowered,veriq,mapping,20,18,2,2,4,26.0,19.169964136519177,67108864.0,589840.0000000009,6.830035863480825,113.77469144174687,60.235294117647,False,True,True,
veriq_7d2f63fd4b551b61_0,semantic,veriq,mapping,53,16,2,1,2,58.0,5.584962500721156,2.8823037615171174e+17,48.0,52.415037499278846,6004799503160669.0,4503599627370496.0,False,True,True,
veriq_7d2f63fd4b551b61_0,semantic,veriq,mapping,53,18,2,1,2,58.0,5.584962500721156,2.8823037615171174e+17,48.0,52.415037499278846,6004799503160669.0,4503599627370496.0,False,True,True,
veriq_7d2f63fd4b551b61_0,semantic,veriq,mapping,53,20,2,1,2,58.0,5.584962500721156,2.8823037615171174e+17,48.0,52.415037499278846,6004799503160669.0,4503599627370496.0,False,True,True,
veriq_7d2f63fd4b551b61_0,semantic,veriq,mapping,53,22,2,1,2,58.0,5.584962500721156,2.8823037615171174e+17,48.0,52.415037499278846,6004799503160669.0,4503599627370496.0,False,True,True,
veriq_7d2f63fd4b551b61_0,semantic,veriq,mapping,53,24,2,1,2,58.0,5.584962500721156,2.8823037615171174e+17,48.0,52.415037499278846,6004799503160669.0,4503599627370496.0,False,True,True,
veriq_7d2f63fd4b551b61_0,lowered,veriq,mapping,53,16,2,1,2,58.0,5.584962500721156,2.8823037615171174e+17,48.0,52.415037499278846,6004799503160669.0,4503599627370496.0,False,True,True,
veriq_7d2f63fd4b551b61_0,lowered,veriq,mapping,53,18,2,1,2,58.0,5.584962500721156,2.8823037615171174e+17,48.0,52.415037499278846,6004799503160669.0,4503599627370496.0,False,True,True,
veriq_7d2f63fd4b551b61_0,lowered,veriq,mapping,53,20,2,1,2,58.0,5.584962500721156,2.8823037615171174e+17,48.0,52.415037499278846,6004799503160669.0,4503599627370496.0,False,True,True,
veriq_7d2f63fd4b551b61_0,lowered,veriq,mapping,53,22,2,1,2,58.0,5.584962500721156,2.8823037615171174e+17,48.0,52.415037499278846,6004799503160669.0,4503599627370496.0,False,True,True,
veriq_7d2f63fd4b551b61_0,lowered,veriq,mapping,53,24,2,1,2,58.0,5.584962500721156,2.8823037615171174e+17,48.0,52.415037499278846,6004799503160669.0,4503599627370496.0,False,True,True,
veriq_ae0fc1682d42ed13_0,semantic,veriq,mapping,53,16,2,4,8,60.0,9.426264754702098,1.152921504606847e+18,688.0,50.573735245297904,1675758000882047.2,973751270782807.9,False,True,True,
veriq_ae0fc1682d42ed13_0,semantic,veriq,mapping,53,18,2,3,6,59.584962500721154,9.285402218862249,8.646911284551341e+17,624.0000000000001,50.2995602818589,1385722962267839.2,772045650406369.4,False,True,True,
veriq_ae0fc1682d42ed13_0,semantic,veriq,mapping,53,20,2,3,6,59.584962500721154,9.357552004618084,8.646911284551341e+17,656.0,50.22741049610307,1318126720205995.5,750599937895080.0,False,True,True,
veriq_ae0fc1682d42ed13_0,semantic,veriq,mapping,53,22,2,3,6,59.584962500721154,10.10852445677817,8.646911284551341e+17,1104.0000000000007,49.476438043942984,783234717803563.0,540431955284459.25,False,True,True,
veriq_ae0fc1682d42ed13_0,semantic,veriq,mapping,53,24,2,2,4,59.0,9.20945336562895,5.764607523034235e+17,591.9999999999998,49.79054663437105,973751270782807.9,529835250278880.7,False,True,True,
veriq_ae0fc1682d42ed13_0,lowered,veriq,mapping,53,16,2,3,6,59.584962500721154,9.491853096329674,8.646911284551341e+17,719.9999999999995,50.09310940439148,1200959900632128.5,711094678005867.0,False,True,True,
veriq_ae0fc1682d42ed13_0,lowered,veriq,mapping,53,18,2,3,6,59.584962500721154,10.658211482751796,8.646911284551341e+17,1616.000000000001,48.92675101796936,535081143845998.56,409418147942772.6,False,True,True,
veriq_ae0fc1682d42ed13_0,lowered,veriq,mapping,53,20,2,3,6,59.584962500721154,10.658211482751796,8.646911284551341e+17,1616.000000000001,48.92675101796936,535081143845998.56,409418147942772.6,False,True,True,
veriq_ae0fc1682d42ed13_0,lowered,veriq,mapping,53,22,2,2,4,59.0,9.20945336562895,5.764607523034235e+17,591.9999999999998,49.79054663437105,973751270782807.9,529835250278880.7,False,True,True,
veriq_ae0fc1682d42ed13_0,lowered,veriq,mapping,53,24,2,2,4,59.0,9.357552004618084,5.764607523034235e+17,656.0,49.642447995381914,878751146803998.1,500399958596723.06,False,True,True,
veriq_1053a56203dbdc0f_0,semantic,veriq,mapping,54,16,2,2,4,60.0,12.588714635582264,1.152921504606847e+18,6160.0,47.411285364417736,187162581916695.94,140737488355328.0,False,True,True,
veriq_1053a56203dbdc0f_0,semantic,veriq,mapping,54,18,2,1,2,59.0,11.011227255423254,5.764607523034235e+17,2064.0,47.98877274457675,279293000147008.22,140737488355328.0,False,True,True,
veriq_1053a56203dbdc0f_0,semantic,veriq,mapping,54,20,2,1,2,59.0,11.011227255423254,5.764607523034235e+17,2064.0,47.98877274457675,279293000147008.22,140737488355328.0,False,True,True,
veriq_1053a56203dbdc0f_0,semantic,veriq,mapping,54,22,2,1,2,59.0,11.011227255423254,5.764607523034235e+17,2064.0,47.98877274457675,279293000147008.22,140737488355328.0,False,True,True,
veriq_1053a56203dbdc0f_0,semantic,veriq,mapping,54,24,2,1,2,59.0,11.011227255423254,5.764607523034235e+17,2064.0,47.98877274457675,279293000147008.22,140737488355328.0,False,True,True,
veriq_1053a56203dbdc0f_0,lowered,veriq,mapping,54,16,2,2,4,60.0,12.005624549193877,1.152921504606847e+18,4111.999999999997,47.994375450806125,280379743338241.53,187649984473770.9,False,True,True,
veriq_1053a56203dbdc0f_0,lowered,veriq,mapping,54,18,2,1,2,59.0,11.011227255423254,5.764607523034235e+17,2064.0,47.98877274457675,279293000147008.22,140737488355328.0,False,True,True,
veriq_1053a56203dbdc0f_0,lowered,veriq,mapping,54,20,2,1,2,59.0,11.011227255423254,5.764607523034235e+17,2064.0,47.98877274457675,279293000147008.22,140737488355328.0,False,True,True,
veriq_1053a56203dbdc0f_0,lowered,veriq,mapping,54,22,2,1,2,59.0,11.011227255423254,5.764607523034235e+17,2064.0,47.98877274457675,279293000147008.22,140737488355328.0,False,True,True,
veriq_1053a56203dbdc0f_0,lowered,veriq,mapping,54,24,2,1,2,59.0,11.011227255423254,5.764607523034235e+17,2064.0,47.98877274457675,279293000147008.22,140737488355328.0,False,True,True,
veriq_f310e075c8212c19_0,semantic,veriq,mapping,54,16,2,9,18,62.16992500144231,28.182501425059993,5.188146770730798e+18,304633936.0000004,33.98742357638231,17030757764.068602,11822097044.354279,False,True,True,
veriq_f310e075c8212c19_0,semantic,veriq,mapping,54,18,2,7,14,61.807354922057606,27.341119856347323,4.0352252661239685e+18,170018896.0000003,34.46623506571028,23733981110.68755,13263444174.752163,False,True,True,
veriq_f310e075c8212c19_0,semantic,veriq,mapping,54,20,2,6,12,61.584962500721154,27.340024607789946,3.4587645138205363e+18,169889872.0000002,34.244937892931205,20358862321.236687,11373489829.903553,False,True,True,
veriq_f310e075c8212c19_0,semantic,veriq,mapping,54,22,2,6,12,61.584962500721154,28.044757384364406,3.4587645138205363e+18,276893775.99999994,33.540205116356745,12491304657.640728,8413203266.70255,False,True,True,
veriq_f310e075c8212c19_0,semantic,veriq,mapping,54,24,2,5,10,61.32192809488736,27.33105920863551,2.8823037615171164e+18,168837392.00000015,33.99086888625185,17071477635.22143,9510824016.73428,False,True,True,
veriq_f310e075c8212c19_0,lowered,veriq,mapping,54,16,2,5,10,61.32192809488736,27.023191401260192,2.8823037615171164e+18,136392720.0000001,34.29873669362717,21132387135.597225,10651118436.990282,False,True,True,
veriq_f310e075c8212c19_0,lowered,veriq,mapping,54,18,2,5,10,61.32192809488736,28.585241372298764,2.8823037615171164e+18,402731024.0000002,32.7366867225886,7156895271.910122,5367930992.796157,False,True,True,
veriq_f310e075c8212c19_0,lowered,veriq,mapping,54,20,2,4,8,61.0,27.044778475437386,2.305843009213694e+18,138448912.00000003,33.95522152456262,16654829394.496786,8456638276.394603,False,True,True,
veriq_f310e075c8212c19_0,lowered,veriq,mapping,54,22,2,3,6,60.584962500721154,27.000748446304854,1.7293822569102682e+18,134287376.00000015,33.5842140544163,12878219147.794401,6440780209.387566,False,True,True,
veriq_f310e075c8212c19_0,lowered,veriq,mapping,54,24,2,3,6,60.584962500721154,27.001496332725118,1.7293822569102682e+18,134357008.00000015,33.583466167996036,12871544868.804062,6439110341.10088,False,True,True,
veriq_fd197b825ed78319_0,semantic,veriq,phase_estimation,20,16,2,10,20,28.32192809488736,27.108524616298304,335544319.9999999,144703504.0000004,1.2134034785890577,2.3188403233137946,2.1917808219178094,False,True,True,
veriq_fd197b825ed78319_0,semantic,veriq,phase_estimation,20,18,2,7,14,27.807354922057606,26.58496273003134,234881024.00000024,100663312.00000001,1.2223921920262661,2.333332962460049,2.1538461538461577,False,True,True,
veriq_fd197b825ed78319_0,lowered,veriq,phase_estimation,20,16,2,10,20,28.32192809488736,27.108524616298304,335544319.9999999,144703504.0000004,1.2134034785890577,2.3188403233137946,2.1917808219178094,False,True,True,
veriq_fd197b825ed78319_0,lowered,veriq,phase_estimation,20,18,2,7,14,27.807354922057606,26.58496273003134,234881024.00000024,100663312.00000001,1.2223921920262661,2.333332962460049,2.1538461538461577,False,True,True,
veriq_8d4bc9481cb5f5b7_0,semantic,veriq,phase_estimation,41,16,2,60,120,51.906890595608516,50.84551455452529,4222124650659832.5,2023135756943374.8,1.0613760410832285,2.0869210759434003,2.0689306799407707,False,True,True,
veriq_8d4bc9481cb5f5b7_0,semantic,veriq,phase_estimation,41,18,2,51,102,51.6724253419715,50.60037756019764,3588805953060867.5,1706991810510866.0,1.072047781773854,2.102415448605354,2.08096906861553,False,True,True,
veriq_8d4bc9481cb5f5b7_0,semantic,veriq,phase_estimation,41,20,2,43,86,51.426264754702096,50.34872818799456,3025855999639548.0,1433763196174353.5,1.0775365667075363,2.110429398462246,2.0848484366480773,False,True,True,
veriq_8d4bc9481cb5f5b7_0,semantic,veriq,phase_estimation,41,22,2,35,70,51.12928301694497,50.06608935473972,2462906046218241.5,1178676599193615.0,1.0631936622052507,2.0895520008653983,2.0588232984180124,False,True,True,
veriq_8d4bc9481cb5f5b7_0,semantic,veriq,phase_estimation,41,24,2,30,60,50.906890595608516,49.83289078657787,2111062325329916.2,1002755141402642.2,1.0739998090306457,2.1052620307455983,2.0689644286244175,False,True,True,
veriq_8d4bc9481cb5f5b7_0,lowered,veriq,phase_estimation,41,16,2,60,120,51.906890595608516,50.84551455452529,4222124650659832.5,2023135756943374.8,1.0613760410832285,2.0869210759434003,2.0689306799407707,False,True,True,
veriq_8d4bc9481cb5f5b7_0,lowered,veriq,phase_estimation,41,18,2,51,102,51.6724253419715,50.60037756019764,3588805953060867.5,1706991810510866.0,1.072047781773854,2.102415448605354,2.08096906861553,False,True,True,
veriq_8d4bc9481cb5f5b7_0,lowered,veriq,phase_estimation,41,20,2,43,86,51.426264754702096,50.34872818799456,3025855999639548.0,1433763196174353.5,1.0775365667075363,2.110429398462246,2.0848484366480773,False,True,True,
veriq_8d4bc9481cb5f5b7_0,lowered,veriq,phase_estimation,41,22,2,35,70,51.12928301694497,50.06608935473972,2462906046218241.5,1178676599193615.0,1.0631936622052507,2.0895520008653983,2.0588232984180124,False,True,True,
veriq_8d4bc9481cb5f5b7_0,lowered,veriq,phase_estimation,41,24,2,30,60,50.906890595608516,49.83289078657787,2111062325329916.2,1002755141402642.2,1.0739998090306457,2.1052620307455983,2.0689644286244175,False,True,True,
veriq_5e086a7c02c33f07_0,semantic,veriq,phase_estimation,42,16,2,63,126,52.977279923499914,51.91887488159015,8866461766385649.0,4257343384584215.0,1.058405041909765,2.082627818674667,2.0655572355011995,False,True,True,
veriq_5e086a7c02c33f07_0,semantic,veriq,phase_estimation,42,18,2,53,106,52.7279204545632,51.65843465810269,7459086882832373.0,3554171345174540.5,1.069485796460505,2.0986852231982267,2.078113029298591,False,True,True,
veriq_5e086a7c02c33f07_0,semantic,veriq,phase_estimation,42,20,2,46,92,52.523561956057016,51.44708324197884,6473924464345101.0,3069836498305030.5,1.0764787140781777,2.1088824984391166,2.0849858131626453,False,True,True,
veriq_5e086a7c02c33f07_0,semantic,veriq,phase_estimation,42,22,2,38,76,52.247927513443585,51.18982463426968,5348024557502463.0,2568459296702475.0,1.0581028791739087,2.0821916720146363,2.0540539481676445,False,True,True,
veriq_5e086a7c02c33f07_0,semantic,veriq,phase_estimation,42,24,2,32,64,52.0,50.930737698444474,4503599627370496.0,2146247234289671.8,1.0692623015555256,2.0983601308453266,2.0645156209353477,False,True,True,
veriq_5e086a7c02c33f07_0,lowered,veriq,phase_estimation,42,16,2,63,126,52.977279923499914,51.91887488159015,8866461766385649.0,4257343384584215.0,1.058405041909765,2.082627818674667,2.0655572355011995,False,True,True,
veriq_5e086a7c02c33f07_0,lowered,veriq,phase_estimation,42,18,2,53,106,52.7279204545632,51.65843465810269,7459086882832373.0,3554171345174540.5,1.069485796460505,2.0986852231982267,2.078113029298591,False,True,True,
veriq_5e086a7c02c33f07_0,lowered,veriq,phase_estimation,42,20,2,46,92,52.523561956057016,51.44708324197884,6473924464345101.0,3069836498305030.5,1.0764787140781777,2.1088824984391166,2.0849858131626453,False,True,True,
veriq_5e086a7c02c33f07_0,lowered,veriq,phase_estimation,42,22,2,38,76,52.247927513443585,51.18982463426968,5348024557502463.0,2568459296702475.0,1.0581028791739087,2.0821916720146363,2.0540539481676445,False,True,True,
veriq_5e086a7c02c33f07_0,lowered,veriq,phase_estimation,42,24,2,32,64,52.0,50.930737698444474,4503599627370496.0,2146247234289671.8,1.0692623015555256,2.0983601308453266,2.0645156209353477,False,True,True,
veriq_c7e3262928d1680a_0,semantic,veriq,phase_estimation,43,16,2,67,134,54.066089190457774,53.01123271652868,1.8858823439613972e+16,9077602360754170.0,1.0548564739290924,2.077511515722217,2.061530717936659,False,True,True,
veriq_c7e3262928d1680a_0,semantic,veriq,phase_estimation,43,18,2,56,112,53.807354922057606,52.74157232112568,1.5762598695796752e+16,7530005391212569.0,1.0657826009319251,2.093305100975296,2.0739240483438977,False,True,True,
veriq_c7e3262928d1680a_0,semantic,veriq,phase_estimation,43,20,2,48,96,53.584962500721154,52.50977501187624,1.351079888211147e+16,6412351846744061.0,1.0751874888449109,2.1069958737482133,2.084124819606091,False,True,True,
veriq_c7e3262928d1680a_0,semantic,veriq,phase_estimation,43,22,2,41,82,53.357552004618086,52.30378078300904,1.154047404513691e+16,5559130924253210.0,1.053771221609047,2.0759493169675993,2.049999951124188,False,True,True,
veriq_c7e3262928d1680a_0,semantic,veriq,phase_estimation,43,24,2,34,68,53.08746284125034,52.02236798236521,9570149208162326.0,4573968908419078.0,1.0650948588851321,2.092307446722479,2.060605822406442,False,True,True,
veriq_c7e3262928d1680a_0,lowered,veriq,phase_estimation,43,16,2,67,134,54.066089190457774,53.01123271652868,1.8858823439613972e+16,9077602360754170.0,1.0548564739290924,2.077511515722217,2.061530717936659,False,True,True,
veriq_c7e3262928d1680a_0,lowered,veriq,phase_estimation,43,18,2,56,112,53.807354922057606,52.74157232112568,1.5762598695796752e+16,7530005391212569.0,1.0657826009319251,2.093305100975296,2.0739240483438977,False,True,True,
veriq_c7e3262928d1680a_0,lowered,veriq,phase_estimation,43,20,2,48,96,53.584962500721154,52.50977501187624,1.351079888211147e+16,6412351846744061.0,1.0751874888449109,2.1069958737482133,2.084124819606091,False,True,True,
veriq_c7e3262928d1680a_0,lowered,veriq,phase_estimation,43,22,2,41,82,53.357552004618086,52.30378078300904,1.154047404513691e+16,5559130924253210.0,1.053771221609047,2.0759493169675993,2.049999951124188,False,True,True,
veriq_c7e3262928d1680a_0,lowered,veriq,phase_estimation,43,24,2,34,68,53.08746284125034,52.02236798236521,9570149208162326.0,4573968908419078.0,1.0650948588851321,2.092307446722479,2.060605822406442,False,True,True,
veriq_b98fb22eef8c5bd9_0,semantic,veriq,phase_estimation,65,16,2,160,320,77.32192809488737,76.28091573703321,1.8889465931478665e+23,9.18002224458002e+22,1.0410123578541572,2.0576710413344808,2.051076602384048,False,True,True,
veriq_b98fb22eef8c5bd9_0,semantic,veriq,phase_estimation,65,18,2,137,274,77.09803208296053,76.06069659128636,1.6174105203828562e+23,7.880452671223386e+22,1.0373354916741704,2.052433518557969,2.0447751880218097,False,True,True,
veriq_b98fb22eef8c5bd9_0,semantic,veriq,phase_estimation,65,20,2,119,238,76.89481776330794,75.85179783322303,1.4049040286537171e+23,6.818147194823601e+22,1.0430199300849097,2.0605363722864958,2.051655049068039,False,True,True,
veriq_b98fb22eef8c5bd9_0,semantic,veriq,phase_estimation,65,22,2,105,210,76.71424551766613,75.66888498764673,1.239621201753287e+23,6.0062598844735495e+22,1.0453605300193942,2.063882059046035,2.053789726262479,False,True,True,
veriq_b98fb22eef8c5bd9_0,semantic,veriq,phase_estimation,65,24,2,92,184,76.52356195605701,75.48381583875528,1.0861442910600152e+23,5.283147727890462e+22,1.039746117301732,2.055865834161915,2.044444357789556,False,True,True,
veriq_b98fb22eef8c5bd9_0,lowered,veriq,phase_estimation,65,16,2,160,320,77.32192809488737,76.28091573703321,1.8889465931478665e+23,9.18002224458002e+22,1.0410123578541572,2.0576710413344808,2.051076602384048,False,True,True,
veriq_b98fb22eef8c5bd9_0,lowered,veriq,phase_estimation,65,18,2,137,274,77.09803208296053,76.06069659128636,1.6174105203828562e+23,7.880452671223386e+22,1.0373354916741704,2.052433518557969,2.0447751880218097,False,True,True,
veriq_b98fb22eef8c5bd9_0,lowered,veriq,phase_estimation,65,20,2,119,238,76.89481776330794,75.85179783322303,1.4049040286537171e+23,6.818147194823601e+22,1.0430199300849097,2.0605363722864958,2.051655049068039,False,True,True,
veriq_b98fb22eef8c5bd9_0,lowered,veriq,phase_estimation,65,22,2,105,210,76.71424551766613,75.66888498764673,1.239621201753287e+23,6.0062598844735495e+22,1.0453605300193942,2.063882059046035,2.053789726262479,False,True,True,
veriq_b98fb22eef8c5bd9_0,lowered,veriq,phase_estimation,65,24,2,92,184,76.52356195605701,75.48381583875528,1.0861442910600152e+23,5.283147727890462e+22,1.039746117301732,2.055865834161915,2.044444357789556,False,True,True,
veriq_186b12bedc970e1e_0,semantic,veriq,phase_estimation,77,16,2,227,454,89.82654848729092,88.79156993696765,1.0977046442100881e+27,5.357052630406712e+26,1.0349785503232738,2.0490831805151584,2.044469427303097,False,True,True,
veriq_186b12bedc970e1e_0,semantic,veriq,phase_estimation,77,18,2,195,390,89.60733031374961,88.57365458329261,9.42962139299413e+26,4.606030984924467e+26,1.0336757304570057,2.0472335995691884,2.041874376710086,False,True,True,
veriq_186b12bedc970e1e_0,semantic,veriq,phase_estimation,77,20,2,171,342,89.4178525148859,88.38154295943566,8.26905260616404e+26,4.03176763147332e+26,1.0363095554502308,2.0509745010136657,2.0448430376674307,False,True,True,
veriq_186b12bedc970e1e_0,semantic,veriq,phase_estimation,77,22,2,150,300,89.22881869049588,88.19475745548152,7.253554917687796e+26,3.54215412721181e+26,1.034061235014363,2.0477807168140925,2.040815479172727,False,True,True,
veriq_186b12bedc970e1e_0,semantic,veriq,phase_estimation,77,24,2,134,268,89.06608919045777,88.02794918005269,6.479842393134419e+26,3.155390836546374e+26,1.0381400104050869,2.0535783770693556,2.045740525375324,False,True,True,
veriq_186b12bedc970e1e_0,lowered,veriq,phase_estimation,77,16,2,227,454,89.82654848729092,88.79156993696765,1.0977046442100881e+27,5.357052630406712e+26,1.0349785503232738,2.0490831805151584,2.044469427303097,False,True,True,
veriq_186b12bedc970e1e_0,lowered,veriq,phase_estimation,77,18,2,195,390,89.60733031374961,88.57365458329261,9.42962139299413e+26,4.606030984924467e+26,1.0336757304570057,2.0472335995691884,2.041874376710086,False,True,True,
veriq_186b12bedc970e1e_0,lowered,veriq,phase_estimation,77,20,2,171,342,89.4178525148859,88.38154295943566,8.26905260616404e+26,4.03176763147332e+26,1.0363095554502308,2.0509745010136657,2.0448430376674307,False,True,True,
veriq_186b12bedc970e1e_0,lowered,veriq,phase_estimation,77,22,2,150,300,89.22881869049588,88.19475745548152,7.253554917687796e+26,3.54215412721181e+26,1.034061235014363,2.0477807168140925,2.040815479172727,False,True,True,
veriq_186b12bedc970e1e_0,lowered,veriq,phase_estimation,77,24,2,134,268,89.06608919045777,88.02794918005269,6.479842393134419e+26,3.155390836546374e+26,1.0381400104050869,2.0535783770693556,2.045740525375324,False,True,True,
veriq_2d45f422667bd8f0_0,semantic,veriq,phase_estimation,89,16,2,305,610,102.25266543245024,101.2227949765589,6.041147391712632e+30,2.958676845017019e+30,1.0298704558913414,2.041840899889789,2.038429302904394,False,True,True,
veriq_2d45f422667bd8f0_0,semantic,veriq,phase_estimation,89,18,2,263,526,102.0389189892923,101.00851616292522,5.209251685312867e+30,2.550311225794022e+30,1.0304028263670801,2.042594500869596,2.0386362241199385,False,True,True,
veriq_2d45f422667bd8f0_0,semantic,veriq,phase_estimation,89,20,2,230,460,101.84549005094438,100.81698401374516,4.555619344570207e+30,2.2332444353360622e+30,1.0285060371992216,2.0399107560676266,2.035397680392523,False,True,True,
veriq_2d45f422667bd8f0_0,semantic,veriq,phase_estimation,89,22,2,204,408,101.67242534197149,100.64035792493813,4.040636288227465e+30,1.975907045351957e+30,1.0320674170333604,2.0449526194729115,2.0398406372982043,False,True,True,
veriq_2d45f422667bd8f0_0,semantic,veriq,phase_estimation,89,24,2,182,364,101.5077946401987,100.47978027173701,3.6048813943990274e+30,1.7677783855442653e+30,1.0280143684616831,2.0392156753795545,2.033519542238456,False,True,True,
veriq_2d45f422667bd8f0_0,lowered,veriq,phase_estimation,89,16,2,305,610,102.25266543245024,101.2227949765589,6.041147391712632e+30,2.958676845017019e+30,1.0298704558913414,2.041840899889789,2.038429302904394,False,True,True,
veriq_2d45f422667bd8f0_0,lowered,veriq,phase_estimation,89,18,2,263,526,102.0389189892923,101.00851616292522,5.209251685312867e+30,2.550311225794022e+30,1.0304028263670801,2.042594500869596,2.0386362241199385,False,True,True,
veriq_2d45f422667bd8f0_0,lowered,veriq,phase_estimation,89,20,2,230,460,101.84549005094438,100.81698401374516,4.555619344570207e+30,2.2332444353360622e+30,1.0285060371992216,2.0399107560676266,2.035397680392523,False,True,True,
veriq_2d45f422667bd8f0_0,lowered,veriq,phase_estimation,89,22,2,204,408,101.67242534197149,100.64035792493813,4.040636288227465e+30,1.975907045351957e+30,1.0320674170333604,2.0449526194729115,2.0398406372982043,False,True,True,
veriq_2d45f422667bd8f0_0,lowered,veriq,phase_estimation,89,24,2,182,364,101.5077946401987,100.47978027173701,3.6048813943990274e+30,1.7677783855442653e+30,1.0280143684616831,2.0392156753795545,2.033519542238456,False,True,True,
veriq_4892d365ac4839c5_0,semantic,veriq,qaoa,20,16,2,5,10,27.32192809488736,26.820179157227383,167772159.99999994,118489104.00000015,0.5017489376599791,1.4159290123419257,1.2403100775193794,False,True,True,
veriq_4892d365ac4839c5_0,semantic,veriq,qaoa,20,18,2,4,8,27.0,26.392317684847537,134217728.0,88080399.99999996,0.6076823151524628,1.523809247006145,1.279999999999998,False,True,True,
veriq_4892d365ac4839c5_0,lowered,veriq,qaoa,20,16,2,2,4,26.0,24.169926224429535,67108864.0,18874384.00000002,1.8300737755704652,3.555552541476317,1.8823529411764663,False,True,True,
veriq_4892d365ac4839c5_0,lowered,veriq,qaoa,20,18,2,2,4,26.0,24.58496341796167,67108864.0,25165840.000000026,1.4150365820383293,2.666664971246735,1.5999999999999968,False,True,True,
veriq_5b3c3d4a683ce73b_0,semantic,veriq,qaoa,25,16,2,7,14,32.807354922057606,32.45968776014755,7516192768.000008,5906628624.000007,0.34766716191005287,1.2725013279927515,1.166476810414973,False,True,True,
veriq_5b3c3d4a683ce73b_0,semantic,veriq,qaoa,25,18,2,6,12,32.584962500721154,32.171176802424924,6442450943.999991,4836032527.999998,0.4137856982962269,1.332176925340974,1.199063231850117,False,True,True,
veriq_5b3c3d4a683ce73b_0,semantic,veriq,qaoa,25,20,2,5,10,32.32192809488736,31.813781197331977,5368709119.999998,3774873616.0000033,0.5081468975553847,1.4222222161940568,1.2451361867704267,False,True,True,
veriq_5b3c3d4a683ce73b_0,semantic,veriq,qaoa,25,22,2,4,8,32.0,31.357552013007485,4294967296.0,2751463440.000007,0.642447986992515,1.5609756006788842,1.3061224489795893,False,True,True,
veriq_5b3c3d4a683ce73b_0,semantic,veriq,qaoa,25,24,2,4,8,32.0,31.45943162645469,4294967296.0,2952790032.0000014,0.5405683735453088,1.4545454466638479,1.2307692307692288,False,True,True,
veriq_5b3c3d4a683ce73b_0,lowered,veriq,qaoa,25,16,2,3,6,31.584962500721154,30.002815037062977,3221225471.9999957,1075838991.999998,1.5821474636581776,2.9941520022542565,1.9973992197659294,False,True,True,
veriq_5b3c3d4a683ce73b_0,lowered,veriq,qaoa,25,18,2,3,6,31.584962500721154,30.59245705152571,3221225471.9999957,1619001360.0,0.9925054491954448,1.9896372860366194,1.4941634241245108,False,True,True,
veriq_5b3c3d4a683ce73b_0,lowered,veriq,qaoa,25,20,2,2,4,31.0,29.08746288171685,2147483648.0,570425360.0000017,1.9125371182831508,3.764705776755777,1.9393939393939335,False,True,True,
veriq_5b3c3d4a683ce73b_0,lowered,veriq,qaoa,25,22,2,2,4,31.0,29.321928129283897,2147483648.0,671088656.0000024,1.6780718707161029,3.1999999237060455,1.7777777777777737,False,True,True,
veriq_5b3c3d4a683ce73b_0,lowered,veriq,qaoa,25,24,2,2,4,31.0,30.00000002149783,2147483648.0,1073741839.9999986,0.9999999785021707,1.9999999701976807,1.3333333333333317,False,True,True,
veriq_1e3f14dad487dc42_0,semantic,veriq,qaoa,30,16,2,7,14,37.807354922057606,37.459447628691926,240518168576.00024,188980658192.0,0.3479072933656795,1.272713148938445,1.1666547988403442,False,True,True,
veriq_1e3f14dad487dc42_0,semantic,veriq,qaoa,30,18,2,7,14,37.807354922057606,37.4594956574234,240518168576.00024,188986949648.0,0.34785926463420225,1.2726707797759598,1.1666191968100286,False,True,True,
veriq_1e3f14dad487dc42_0,semantic,veriq,qaoa,30,20,2,6,12,37.584962500721154,37.17023805248591,206158430207.99973,154652377103.99997,0.4147244482352477,1.3330440441233127,1.1997656707674271,False,True,True,
veriq_1e3f14dad487dc42_0,semantic,veriq,qaoa,30,22,2,5,10,37.32192809488736,36.808964175110994,171798691839.99994,120393302032.00014,0.512963919776368,1.4269788180935217,1.248780487804877,False,True,True,
veriq_1e3f14dad487dc42_0,semantic,veriq,qaoa,30,24,2,5,10,37.32192809488736,36.813781191408125,171798691839.99994,120795955215.99971,0.5081469034792363,1.422222222033845,1.2451361867704298,False,True,True,
veriq_1e3f14dad487dc42_0,lowered,veriq,qaoa,30,16,2,3,6,36.584962500721154,34.044564884115374,103079215103.99986,17718837264.000046,2.540397616605784,5.817493189207714,2.953668649720566,False,True,True,
veriq_1e3f14dad487dc42_0,lowered,veriq,qaoa,30,18,2,3,6,36.584962500721154,34.32249153867194,103079215103.99986,21483225104.0,2.2624709620492105,4.79812572856238,2.6660880885224505,False,True,True,
veriq_1e3f14dad487dc42_0,lowered,veriq,qaoa,30,20,2,2,4,36.0,34.00281501694805,68719476736.0,17213423631.99999,1.9971849830519517,3.992202725334056,1.9980487804878089,False,True,True,
veriq_1e3f14dad487dc42_0,lowered,veriq,qaoa,30,22,2,2,4,36.0,34.011227256756456,68719476736.0,17314086928.000034,1.9887727432435476,3.968992244394259,1.9922178988326886,False,True,True,
veriq_1e3f14dad487dc42_0,lowered,veriq,qaoa,30,24,2,2,4,36.0,34.04439412066135,68719476736.0,17716740111.999992,1.9556058793386484,3.8787878752849445,1.9692307692307718,False,True,True,
veriq_8b22a3d4354f5421_0,semantic,veriq,qaoa,35,16,2,10,20,43.32192809488736,42.91288970160663,10995116277759.996,8280699043855.982,0.4090383932807313,1.3278004935969776,1.2451358910620096,False,True,True,
veriq_8b22a3d4354f5421_0,semantic,veriq,qaoa,35,18,2,8,16,43.0,42.58496433520509,8796093022208.0,6597078155279.979,0.4150356647949067,1.333331637911253,1.230767786151842,False,True,True,
veriq_8b22a3d4354f5421_0,semantic,veriq,qaoa,35,20,2,7,14,42.807354922057606,42.459439623629564,7696581394432.008,6047347507215.998,0.3479152984280418,1.272720210844186,1.1666607327233274,False,True,True,
veriq_8b22a3d4354f5421_0,semantic,veriq,qaoa,35,22,2,6,12,42.584962500721154,42.16996413652384,6597069766655.991,4947936542735.994,0.4149983641973165,1.33329716532866,1.199970703840237,False,True,True,
veriq_8b22a3d4354f5421_0,semantic,veriq,qaoa,35,24,2,6,12,42.584962500721154,42.17008153538527,6597069766655.991,4948339195919.996,0.4148809653358825,1.3331886730997355,1.1998828239429713,False,True,True,
veriq_8b22a3d4354f5421_0,lowered,veriq,qaoa,35,16,2,4,8,42.0,39.088793413703485,4398046511104.0,584654520335.9968,2.9112065862965153,7.522470720959231,3.876945033451704,False,True,True,
veriq_8b22a3d4354f5421_0,lowered,veriq,qaoa,35,18,2,3,6,41.584962500721154,39.01124909842942,3298534883327.9956,554059169807.9995,2.5737134022917374,5.953398234472052,2.9883041380096516,False,True,True,
veriq_8b22a3d4354f5421_0,lowered,veriq,qaoa,35,20,2,3,6,41.584962500721154,39.087545714314025,3298534883327.9956,584149106703.9995,2.497416786407129,5.646734447544798,2.9090048234841506,False,True,True,
veriq_8b22a3d4354f5421_0,lowered,veriq,qaoa,35,22,2,3,6,41.584962500721154,39.58519729528801,3298534883327.9956,824767938576.0002,1.9997652054331425,3.999349064202311,2.3997656478859426,False,True,True,
veriq_8b22a3d4354f5421_0,lowered,veriq,qaoa,35,24,2,2,4,41.0,39.00140819443475,2199023255552.0,550292684815.9989,1.9985918055652476,3.99609756085943,1.9990239141044446,False,True,True,
veriq_254bb23b86da5e75_0,semantic,veriq,qaoa,40,16,2,11,22,48.459431618637296,48.087628592654006,387028092977151.75,299101524590608.3,0.37180302598329007,1.2939689742701643,1.2220896089193407,False,True,True,
veriq_254bb23b86da5e75_0,semantic,veriq,qaoa,40,18,2,9,18,48.16992500144231,47.7039036262356,316659348799487.2,229248182779919.94,0.46602137520670794,1.381294913484582,1.2828507359136951,False,True,True,
veriq_254bb23b86da5e75_0,semantic,veriq,qaoa,40,20,2,8,16,48.0,47.52356219533732,281474976710656.0,202310173065232.38,0.47643780466268026,1.3913041170692781,1.2799998046875292,False,True,True,
veriq_254bb23b86da5e75_0,semantic,veriq,qaoa,40,22,2,7,14,47.807354922057606,47.4594326192634,246290604621824.25,193514180706320.12,0.34792230279420266,1.2727263899879169,1.1666659249204447,False,True,True,
veriq_254bb23b86da5e75_0,semantic,veriq,qaoa,40,24,2,6,12,47.584962500721154,47.169929893385124,211106232532991.72,158330211270672.2,0.4150326073360304,1.3333288122258404,1.1999963379017962,False,True,True,
veriq_254bb23b86da5e75_0,lowered,veriq,qaoa,40,16,2,5,10,47.32192809488736,44.32421585065761,175921860444159.94,22025131261968.01,2.997712244229753,7.987324041420527,4.44052935446697,False,True,True,
veriq_254bb23b86da5e75_0,lowered,veriq,qaoa,40,18,2,4,8,47.0,44.08779495210435,140737488355328.0,18696001028112.074,2.9122050478956467,7.527678680788974,3.878327899768118,False,True,True,
veriq_254bb23b86da5e75_0,lowered,veriq,qaoa,40,20,2,4,8,47.0,45.00140956891171,140737488355328.0,35218765381647.98,1.9985904310882887,3.9960937537198395,2.6649299918863454,False,True,True,
veriq_254bb23b86da5e75_0,lowered,veriq,qaoa,40,22,2,3,6,46.584962500721154,44.02237865054193,105553116266495.86,17867198169103.992,2.562583850179223,5.907647929322159,2.9767329187374276,False,True,True,
veriq_254bb23b86da5e75_0,lowered,veriq,qaoa,40,24,2,3,6,46.584962500721154,44.32196331650536,105553116266495.86,21990769426448.027,2.2629991842157935,4.799882815357448,2.6666304981757394,False,True,True,
veriq_854377329d47a830_0,semantic,veriq,qaoa,45,16,2,12,24,53.584962500721154,53.16992989368356,1.351079888211147e+16,1.0133133523419154e+16,0.41503260703759537,1.3333288119500288,1.263153836763291,False,True,True,
veriq_854377329d47a830_0,semantic,veriq,qaoa,45,18,2,11,22,53.459431618637296,53.08754571553902,1.2384898975268856e+16,9570698972364840.0,0.3718859030982742,1.2940433097969075,1.2221559150084833,False,True,True,
veriq_854377329d47a830_0,semantic,veriq,qaoa,45,20,2,9,18,53.16992500144231,52.70217269197233,1.013309916158359e+16,7327145521053722.0,0.46775230946997937,1.38295317493931,1.2842809309931447,False,True,True,
veriq_854377329d47a830_0,semantic,veriq,qaoa,45,22,2,8,16,53.0,52.49185312690437,9007199254740992.0,6333187110207484.0,0.5081468730956331,1.422222192081406,1.306122423558865,False,True,True,
veriq_854377329d47a830_0,semantic,veriq,qaoa,45,24,2,7,14,52.807354922057606,52.459431743715584,7881299347898376.0,6192450024505345.0,0.3479231783420218,1.2727271623848004,1.1666665739483417,False,True,True,
veriq_854377329d47a830_0,lowered,veriq,qaoa,45,16,2,6,12,52.584962500721154,49.5925163513502,6755399441055735.0,848857875349519.8,2.9924461493709558,7.958222026595653,4.7849284466267,False,True,True,
veriq_854377329d47a830_0,lowered,veriq,qaoa,45,18,2,5,10,52.32192809488736,49.58684713064069,5629499534213118.0,845528745115665.9,2.73508096424667,6.657963513047707,3.996865227752964,False,True,True,
veriq_854377329d47a830_0,lowered,veriq,qaoa,45,20,2,4,8,52.0,49.0444795869927,4503599627370496.0,580576532758542.4,2.9555204130072994,7.757116199602768,3.9383430832595803,False,True,True,
veriq_854377329d47a830_0,lowered,veriq,qaoa,45,22,2,3,6,51.584962500721154,49.00070461280868,3377699720527867.5,563224965546001.6,2.5842578879124716,5.9970703131979555,2.999267399442017,False,True,True,
veriq_854377329d47a830_0,lowered,veriq,qaoa,45,24,2,3,6,51.584962500721154,49.01122862061826,3377699720527867.5,567348536803342.6,2.5737338801028926,5.953482738422331,2.9883254288489423,False,True,True,
veriq_f9ef83fd86adbf9f_0,semantic,veriq,qaoa,48,16,2,14,28,56.807354922057606,56.400879957350085,1.2610078956637402e+17,9.513857649003704e+16,0.4064749647075203,1.3254433082628618,1.2655362867405737,False,True,True,
veriq_f9ef83fd86adbf9f_0,semantic,veriq,qaoa,48,18,2,11,22,56.459431618637296,56.08747320079677,9.907919180215085e+16,7.656174342950077e+16,0.3719584178405242,1.2941083544340195,1.2222139334270359,False,True,True,
veriq_f9ef83fd86adbf9f_0,semantic,veriq,qaoa,48,20,2,10,20,56.32192809488736,55.907078435012984,9.007199254740989e+16,6.756279053713398e+16,0.4148496598743776,1.3331597441627925,1.249847430151615,False,True,True,
veriq_f9ef83fd86adbf9f_0,semantic,veriq,qaoa,48,22,2,8,16,56.0,55.4635243771688,7.205759403792794e+16,4.9680333523648456e+16,0.5364756228311975,1.4504249252599648,1.329870126575945,False,True,True,
veriq_f9ef83fd86adbf9f_0,semantic,veriq,qaoa,48,24,2,8,16,56.0,55.52356197101203,7.205759403792794e+16,5.179139625163173e+16,0.47643802898797105,1.3913043334037882,1.279999987792973,False,True,True,
veriq_f9ef83fd86adbf9f_0,lowered,veriq,qaoa,48,16,2,6,12,55.584962500721154,52.08879875094048,5.404319552844588e+16,4789507549298697.0,3.4961637497806777,11.283664337549515,5.815406462127554,False,True,True,
veriq_f9ef83fd86adbf9f_0,lowered,veriq,qaoa,48,18,2,5,10,55.32192809488736,52.08779560194661,4.503599627370494e+16,4786178419064837.0,3.234132492940752,9.40959411256224,4.847908749659103,False,True,True,
veriq_f9ef83fd86adbf9f_0,lowered,veriq,qaoa,48,20,2,4,8,55.0,52.005635523920525,3.602879701896397e+16,4521226206707736.0,2.9943644760794754,7.9688109755515635,3.9921875149011137,False,True,True,
veriq_f9ef83fd86adbf9f_0,lowered,veriq,qaoa,48,22,2,4,8,55.0,52.32199857165624,3.602879701896397e+16,5629774546337800.0,2.6780014283437623,6.3996873626850475,3.555459060462122,False,True,True,
veriq_f9ef83fd86adbf9f_0,lowered,veriq,qaoa,48,24,2,3,6,54.584962500721154,52.00140836620766,2.702159776422294e+16,4507998210752518.0,2.5835541345134914,5.994145627602687,2.9985356925172404,False,True,True,
veriq_a1228d330763b051_0,semantic,veriq,qaoa,64,16,2,25,50,73.64385618977472,73.35865126796104,1.4757395258967629e+22,1.2110288047374575e+22,0.28520492181368695,1.2185833401515935,1.1895910240808187,False,True,True,
veriq_a1228d330763b051_0,semantic,veriq,qaoa,64,18,2,22,44,73.4594316186373,73.20945812542979,1.2986507827891516e+22,1.0920508520982813e+22,0.24997349320750573,1.189185265772108,1.1578910172032844,False,True,True,
veriq_a1228d330763b051_0,semantic,veriq,qaoa,64,20,2,20,40,73.32192809488737,73.04473562735951,1.1805916207174165e+22,9.742186722724053e+21,0.2771924675278541,1.2118343184324705,1.1762003205865206,False,True,True,
veriq_a1228d330763b051_0,semantic,veriq,qaoa,64,22,2,18,36,73.16992500144231,72.88264307268155,1.0625324586456674e+22,8.706863343528538e+21,0.28728192876076264,1.2203389633253003,1.1803278503991812,False,True,True,
veriq_a1228d330763b051_0,semantic,veriq,qaoa,64,24,2,16,32,73.0,72.7548879098261,9.44473296573929e+21,7.968995691642918e+21,0.24511209017390456,1.185184850287217,1.1428568314532936,False,True,True,
veriq_a1228d330763b051_0,lowered,veriq,qaoa,64,16,2,9,18,72.16992500144231,69.64391612127248,5.312662293228337e+21,9.223755196127149e+20,2.526008880169826,5.759760726801386,4.363499038333203,False,True,True,
veriq_a1228d330763b051_0,lowered,veriq,qaoa,64,18,2,7,14,71.8073549220576,68.32200294093761,4.1320706725109233e+21,3.689540220646736e+20,3.4853519811199902,11.199418966590413,6.222042886788048,False,True,True,
veriq_a1228d330763b051_0,lowered,veriq,qaoa,64,20,2,7,14,71.8073549220576,68.58684714506578,4.1320706725109233e+21,4.433005791516343e+20,3.2205077769918233,9.321148825067331,5.595611285267197,False,True,True,
veriq_a1228d330763b051_0,lowered,veriq,qaoa,64,22,2,6,12,71.58496250072116,68.5849923109637,3.5417748621522465e+21,4.427310057746276e+20,2.9999701897574624,7.999834698623274,4.799940491012527,False,True,True,
veriq_a1228d330763b051_0,lowered,veriq,qaoa,64,24,2,5,10,71.32192809488737,68.16993478591054,2.9514790517935414e+21,3.3204364526456105e+20,3.1519933089768273,8.888828603968323,4.705865456421606,False,True,True,
veriq_88c0c56ddce3b302_0,semantic,veriq,qaoa,72,16,2,28,56,81.8073549220576,81.55459259892775,4.2312403686511855e+24,3.5512288190530046e+24,0.2527623231298435,1.1914862669366142,1.16666369950635,False,True,True,
veriq_88c0c56ddce3b302_0,semantic,veriq,qaoa,72,18,2,25,50,81.64385618977472,81.35865121765916,3.777893186295713e+24,3.100233632033268e+24,0.28520497211556517,1.2185833826394583,1.1895910645709997,False,True,True,
veriq_88c0c56ddce3b302_0,semantic,veriq,qaoa,72,20,2,22,44,81.4594316186373,81.20945455556702,3.324546003940228e+24,2.7956432637106465e+24,0.24997706307027556,1.1891882083437109,1.1578938069408031,False,True,True,
veriq_88c0c56ddce3b302_0,semantic,veriq,qaoa,72,22,2,20,40,81.32192809488737,81.04447950369351,3.0223145490365864e+24,2.493557077048514e+24,0.2774485911938598,1.2120494761699756,1.176403009872953,False,True,True,
veriq_88c0c56ddce3b302_0,semantic,veriq,qaoa,72,24,2,18,36,81.16992500144231,80.86418614613052,2.7200830941329087e+24,2.2006227832690467e+24,0.30573885531178746,1.236051500881127,1.1950207457057418,False,True,True,
veriq_88c0c56ddce3b302_0,lowered,veriq,qaoa,72,16,2,11,22,80.4594316186373,77.70131027306114,1.662273001970114e+24,2.4571128014537657e+23,2.758121345576157,6.765147293956632,5.174082334642315,False,True,True,
veriq_88c0c56ddce3b302_0,lowered,veriq,qaoa,72,18,2,9,18,80.16992500144231,77.61476920149175,1.3600415470664543e+24,2.314054782724939e+23,2.5551557999505548,5.877309202960716,4.430631808385472,False,True,True,
veriq_88c0c56ddce3b302_0,lowered,veriq,qaoa,72,20,2,7,14,79.8073549220576,76.32193800109182,1.0578100921627964e+24,9.444797817821263e+22,3.4854169209657755,11.199923095937836,6.222198486328106,False,True,True,
veriq_88c0c56ddce3b302_0,lowered,veriq,qaoa,72,22,2,7,14,79.8073549220576,77.00141094879983,1.0578100921627964e+24,1.5126359019802015e+23,2.8059439732577687,6.9931573802923115,4.663624511099117,False,True,True,
veriq_88c0c56ddce3b302_0,lowered,veriq,qaoa,72,24,2,6,12,79.58496250072116,76.08746806143995,9.066943647109751e+23,8.028052069206002e+22,3.497494439281212,11.294076780952542,5.818170973071203,False,True,True,
veriq_405f1f07c83cd953_0,semantic,veriq,qaoa,80,16,2,32,64,90.0,89.72813311328493,1.2379400392853803e+27,1.0253202199845979e+27,0.271866886715074,1.207369185895872,1.1850137317616216,False,True,True,
veriq_405f1f07c83cd953_0,semantic,veriq,qaoa,80,18,2,28,56,89.8073549220576,89.55459259875622,1.0831975343747035e+27,9.091145775694737e+26,0.2527623233013827,1.1914862670782842,1.1666636996421724,False,True,True,
veriq_405f1f07c83cd953_0,semantic,veriq,qaoa,80,20,2,25,50,89.64385618977472,89.35865120508441,9.671406556917025e+26,7.936598028828594e+26,0.28520498469030997,1.2185833932608126,1.1895910746929712,False,True,True,
veriq_405f1f07c83cd953_0,semantic,veriq,qaoa,80,22,2,22,44,89.4594316186373,89.20945366311271,8.510837770086984e+26,7.156842327859559e+26,0.24997795552458513,1.1891889439783667,1.1578945043672968,False,True,True,
veriq_405f1f07c83cd953_0,semantic,veriq,qaoa,80,24,2,20,40,89.32192809488737,89.04441546590071,7.737125245533661e+26,6.383222774917446e+26,0.2775126289866563,1.2121032773501668,1.1764536929289287,False,True,True,
veriq_405f1f07c83cd953_0,lowered,veriq,qaoa,80,16,2,12,24,88.58496250072116,85.04473704588129,4.6422751473201925e+26,3.990403605167721e+25,3.54022545483987,11.633598018276329,7.835480219971823,False,True,True,
veriq_405f1f07c83cd953_0,lowered,veriq,qaoa,80,18,2,10,20,88.32192809488737,85.61482508894906,3.8685626227668305e+26,5.924209732750517e+25,2.7071030059383077,6.530090589771741,4.922780468973848,False,True,True,
veriq_405f1f07c83cd953_0,lowered,veriq,qaoa,80,20,2,9,18,88.16992500144231,85.61471726041012,3.481706360490123e+26,5.923766967654553e+25,2.5552077410321914,5.8775208064416224,4.430752060632996,False,True,True,
veriq_405f1f07c83cd953_0,lowered,veriq,qaoa,80,22,2,7,14,87.8073549220576,84.16993493819295,2.7079938359367587e+26,2.176081463300187e+25,3.637419983864646,12.4443587320021,6.588211270829272,False,True,True,
veriq_405f1f07c83cd953_0,lowered,veriq,qaoa,80,24,2,7,14,87.8073549220576,84.32221011913632,2.7079938359367587e+26,2.418324337496959e+25,3.4851448029212833,11.19781078967934,6.22154648132057,False,True,True,
veriq_d000225aeea0aa1c_0,semantic,veriq,qaoa,100,16,2,40,80,110.32192809488737,110.0660918191268,1.6225927682921408e+33,1.3589239194758799e+33,0.2558362757605721,1.1940276751607661,1.1764684761670567,False,True,True,
veriq_d000225aeea0aa1c_0,semantic,veriq,qaoa,100,18,2,35,70,110.12928301694497,109.84549024237147,1.4197686722556178e+33,1.166238706954851e+33,0.2837927745734987,1.2173911428156547,1.1965810405243076,False,True,True,
veriq_d000225aeea0aa1c_0,semantic,veriq,qaoa,100,20,2,31,62,109.95419631038688,109.67264632696757,1.2575093954264049e+33,1.0345613467157392e+33,0.2815499834193105,1.2155000758712127,1.1921285857672215,False,True,True,
veriq_d000225aeea0aa1c_0,semantic,veriq,qaoa,100,22,2,28,56,109.8073549220576,109.554589085867,1.1358149378044891e+33,9.532734061142878e+32,0.2527658361906049,1.1914891682904205,1.1666664812298377,False,True,True,
veriq_d000225aeea0aa1c_0,semantic,veriq,qaoa,100,24,2,26,52,109.7004397181411,109.42633028261912,1.054685299389891e+33,8.721832270477238e+32,0.27410943552197864,1.209247399723477,1.1817657241652182,False,True,True,
veriq_d000225aeea0aa1c_0,lowered,veriq,qaoa,100,16,2,16,32,109.0,105.714272798976,6.490371073168535e+32,6.65529150132448e+31,3.2857272010240024,9.752196536961419,7.4743442277702625,False,True,True,
veriq_d000225aeea0aa1c_0,lowered,veriq,qaoa,100,18,2,13,26,108.7004397181411,105.61482577693269,5.273426496949455e+32,6.211987107062497e+31,3.0856139412084076,8.489113718465418,6.3996123090262955,False,True,True,
veriq_d000225aeea0aa1c_0,lowered,veriq,qaoa,100,20,2,11,22,108.4594316186373,104.59245891928828,4.4621301128033646e+32,3.0582110625362993e+31,3.86697269934902,14.590654541360328,8.77257878913028,False,True,True,
veriq_d000225aeea0aa1c_0,lowered,veriq,qaoa,100,22,2,9,18,108.16992500144231,104.16993493819297,3.650833728657291e+32,2.2817867964614793e+31,3.999990063249342,15.999889798288276,8.470557348209159,False,True,True,
veriq_d000225aeea0aa1c_0,lowered,veriq,qaoa,100,24,2,9,18,108.16992500144231,104.32221011913632,3.650833728657291e+32,2.5357968605152112e+31,3.8477148823059935,14.397185301016314,7.999131190269236,False,True,True,
veriq_5bd8d51d567a88c1_0,semantic,veriq,qaoa,121,16,2,49,98,131.61470984411523,131.3401282906843,4.168458994781545e+39,3.446023619639727e+39,0.27458155343090596,1.2096431873027342,1.1948942516793701,False,True,True,
veriq_5bd8d51d567a88c1_0,semantic,veriq,qaoa,121,18,2,43,86,131.42626475470212,131.15006458392506,3.658035444400138e+39,3.0206706305625784e+39,0.2762001707770452,1.2110010960442974,1.1941852856970963,False,True,True,
veriq_5bd8d51d567a88c1_0,semantic,veriq,qaoa,121,20,2,38,76,131.24792751344359,130.9773022866163,3.232682485748915e+39,2.679765178035742e+39,0.27062522682729195,1.2063305069582475,1.1874818803953557,False,True,True,
veriq_5bd8d51d567a88c1_0,semantic,veriq,qaoa,121,22,2,34,68,131.08746284125033,130.8328901107165,2.892400118827955e+39,2.4245120265711366e+39,0.25457273053383744,1.1929823763005032,1.1724137159929677,False,True,True,
veriq_5bd8d51d567a88c1_0,semantic,veriq,qaoa,121,24,2,31,62,130.95419631038686,130.67253583830555,2.6371883436372498e+39,2.169466242660073e+39,0.2816604720813274,1.2155931683932124,1.1922181326309396,False,True,True,
veriq_5bd8d51d567a88c1_0,lowered,veriq,qaoa,121,16,2,19,38,130.24792751344359,126.6004075005163,1.6163412428744574e+39,1.2897933128624059e+38,3.647520012927288,12.531784951554386,9.423926517054893,False,True,True,
veriq_5bd8d51d567a88c1_0,lowered,veriq,qaoa,121,18,2,16,32,130.0,126.00571774340374,1.361129467683754e+39,8.540841570436501e+37,3.9942822565962643,15.936713688674473,10.638502283440236,False,True,True,
veriq_5bd8d51d567a88c1_0,lowered,veriq,qaoa,121,20,2,14,28,129.80735492205758,126.0007929661952,1.1909882842232682e+39,8.511736297699563e+37,3.806561955862392,13.992307122404206,9.329913650262231,False,True,True,
veriq_5bd8d51d567a88c1_0,lowered,veriq,qaoa,121,22,2,12,24,129.58496250072116,125.32308995554597,1.020847100762819e+39,5.321195632040417e+37,4.261872545175194,19.184543688189386,10.661894492646235,False,True,True,
veriq_5bd8d51d567a88c1_0,lowered,veriq,qaoa,121,24,2,10,20,129.32192809488737,125.0112709463646,8.5070591730235e+38,4.286890109704406e+37,4.310657148522765,19.844360259587077,9.960938075200952,False,True,True,
veriq_378630179d722f74_0,semantic,veriq,qft,20,16,2,9,18,28.169925001442312,24.00074414896215,301989887.99999994,16785872.00000003,4.169180852480164,17.990717908488726,8.99768316797698,False,True,True,
veriq_378630179d722f74_0,semantic,veriq,qft,20,18,2,6,12,27.584962500721154,24.000171972400715,201326591.99999973,16779216.000000022,3.5847905283204398,11.998569659035288,5.999645254129626,False,True,True,
veriq_378630179d722f74_0,lowered,veriq,qft,20,16,2,6,12,27.584962500721154,25.584962959341485,201326591.99999973,50331663.99999999,1.999999541379669,3.9999987284346443,2.999999999999996,False,True,True,
veriq_378630179d722f74_0,lowered,veriq,qft,20,18,2,4,8,27.0,25.584962959341485,134217728.0,50331663.99999999,1.4150370406585147,2.666665818956433,2.0,False,True,True,
veriq_5e16a094a742e96c_0,semantic,veriq,qft,41,16,2,59,118,51.88264304936184,45.00076340816596,4151755906482169.0,35202994974479.945,6.88187964119588,117.93757631962687,58.984389950950714,False,True,True,
veriq_5e16a094a742e96c_0,semantic,veriq,qft,41,18,2,49,98,51.61470984411521,45.000183494013676,3448068464705542.5,35188847415952.02,6.614526350101535,97.98753633352717,48.996883885238844,False,True,True,
veriq_5e16a094a742e96c_0,semantic,veriq,qft,41,20,2,41,82,51.357552004618086,45.000033857380885,2885118511284227.5,35185197810576.08,6.357518147237201,81.99807563443653,40.99951890297333,False,True,True,
veriq_5e16a094a742e96c_0,semantic,veriq,qft,41,22,2,35,70,51.12928301694497,45.00001120972467,2462906046218241.5,35184645472079.914,6.129271807220299,69.99945610287966,34.99986402519956,False,True,True,
veriq_5e16a094a742e96c_0,semantic,veriq,qft,41,24,2,30,60,50.906890595608516,45.00000285076196,2111062325329916.2,35184441613136.0,5.906887744846557,59.999881440260175,29.999970360042546,False,True,True,
veriq_5e16a094a742e96c_0,lowered,veriq,qft,41,16,2,53,106,51.7279204545632,47.77663483222531,3729543441416186.5,241101646594064.97,3.9512856223378847,15.468759728943278,13.49884970363606,False,True,True,
veriq_5e16a094a742e96c_0,lowered,veriq,qft,41,18,2,44,88,51.459431618637296,47.4937196352335,3096224743817214.0,198168314642448.34,3.9657119834038,15.62421696628787,13.268434090852878,False,True,True,
veriq_5e16a094a742e96c_0,lowered,veriq,qft,41,20,2,37,74,51.20945336562895,47.391079927447436,2603643534573573.5,184559576547343.44,3.818373438181517,14.107333703735952,11.848533489695974,False,True,True,
veriq_5e16a094a742e96c_0,lowered,veriq,qft,41,22,2,31,62,50.95419631038688,47.30224621284504,2181431069507586.2,173538153594896.2,3.6519500975418353,12.570325454769291,10.451344733214004,False,True,True,
veriq_5e16a094a742e96c_0,lowered,veriq,qft,41,24,2,27,54,50.75488750216347,47.29763278914265,1899956092796930.0,172984102813711.97,3.4572547130208235,10.983414440360503,9.127011636543703,False,True,True,
veriq_14e976ebb36acde9_0,semantic,veriq,qft,42,16,2,62,124,52.95419631038688,46.00075790678765,8725724278030345.0,70405721472783.97,6.953438403599229,123.93487482978723,61.98371443083907,False,True,True,
veriq_14e976ebb36acde9_0,semantic,veriq,qft,42,18,2,52,104,52.70043971814109,46.00018908292198,7318349394477049.0,70377967471119.97,6.700250635219113,103.98637041457867,51.99659238035975,False,True,True,
veriq_14e976ebb36acde9_0,semantic,veriq,qft,42,20,2,44,88,52.459431618637296,46.00004582190805,6192449487634428.0,70370979217808.14,6.459385796729244,87.9972050476649,43.99930125082468,False,True,True,
veriq_14e976ebb36acde9_0,semantic,veriq,qft,42,22,2,37,74,52.20945336562895,46.000008456599666,5207287069147147.0,70369156657104.02,6.209444909029287,73.99956623782349,36.9998915591422,False,True,True,
veriq_14e976ebb36acde9_0,semantic,veriq,qft,42,24,2,32,64,52.0,46.00000285076557,4503599627370496.0,70368883226448.06,5.9999971492344315,63.999873536117505,31.999968384001782,False,True,True,
veriq_14e976ebb36acde9_0,lowered,veriq,qft,42,16,2,56,112,52.807354922057606,48.792076643043465,7881299347898376.0,487392251215888.44,4.01527827901414,16.170341912980856,14.1302446979779,False,True,True,
veriq_14e976ebb36acde9_0,lowered,veriq,qft,42,18,2,47,94,52.554588851677636,48.659043407292266,6614661952700409.0,444458919264270.8,3.8955454443853696,14.882504695034362,12.848303271967866,False,True,True,
veriq_14e976ebb36acde9_0,lowered,veriq,qft,42,20,2,39,78,52.285402218862245,48.35691829815317,5488762045857780.0,360481436991503.1,3.928483920709077,15.226198862459471,12.739375044391293,False,True,True,
veriq_14e976ebb36acde9_0,lowered,veriq,qft,42,22,2,33,66,52.04439411935845,48.31212071722035,4644337115725815.0,349460014039055.94,3.732273402138098,13.290038714434322,11.062455881901565,False,True,True,
veriq_14e976ebb36acde9_0,lowered,veriq,qft,42,24,2,28,56,51.807354922057606,47.9848634466339,3940649673949188.0,278537219080208.53,3.8224914754237034,14.147659285757516,11.294303018366234,False,True,True,
veriq_d89dfd6b11cd9d5c_0,semantic,veriq,qft,43,16,2,65,130,54.02236781302845,47.00073452655076,1.8295873486192616e+16,140809160981519.4,7.0216332864776945,129.93382929533877,64.9834531126107,False,True,True,
veriq_d89dfd6b11cd9d5c_0,semantic,veriq,qft,43,18,2,55,110,53.78135971352466,47.000189082927065,1.5481123719086064e+16,140755934942736.3,6.781170630597593,109.98558409195496,54.996395786819015,False,True,True,
veriq_d89dfd6b11cd9d5c_0,semantic,veriq,qft,43,20,2,46,92,53.523561956057016,47.000033857389575,1.2947848928690202e+16,140740791243152.03,6.523528098667441,91.9978409551552,45.999460232457906,False,True,True,
veriq_d89dfd6b11cd9d5c_0,semantic,veriq,qft,43,22,2,40,80,53.32192809488736,47.00001179923688,1.1258999068426236e+16,140738639396751.6,6.321916295650482,79.99934571405345,39.99983642784666,False,True,True,
veriq_d89dfd6b11cd9d5c_0,semantic,veriq,qft,43,24,2,34,68,53.08746284125034,47.00000285072538,9570149208162326.0,140737766448975.66,6.0874599905249624,67.99986563401923,33.99996640847352,False,True,True,
veriq_d89dfd6b11cd9d5c_0,lowered,veriq,qft,43,16,2,59,118,53.88264304936184,49.79973600726125,1.6607023625928676e+16,979973460459535.4,4.082907042100587,16.94640140370863,14.818293373050894,False,True,True,
veriq_d89dfd6b11cd9d5c_0,lowered,veriq,qft,43,18,2,50,100,53.64385618977472,49.73510416068291,1.4073748835532788e+16,937040128507919.4,3.908752029091815,15.019366201469827,13.058119425872897,False,True,True,
veriq_d89dfd6b11cd9d5c_0,lowered,veriq,qft,43,20,2,42,84,53.39231742277876,49.599645020838985,1.1821949021847548e+16,853062646235150.8,3.7926724019397753,13.858242503081975,11.895700765546046,False,True,True,
veriq_d89dfd6b11cd9d5c_0,lowered,veriq,qft,43,22,2,36,72,53.16992500144231,49.58088419255765,1.013309916158359e+16,842041223282706.8,3.5890408088846613,12.033970405961355,10.310662045878596,False,True,True,
veriq_d89dfd6b11cd9d5c_0,lowered,veriq,qft,43,24,2,30,60,52.906890595608516,49.1632172429309,8444249301319665.0,630380939968528.8,3.743673352677618,13.395470525712973,10.95065166536704,False,True,True,
veriq_ed800c398368239b_0,semantic,veriq,qft,44,16,2,69,138,55.10852445677817,48.000808104772474,3.884354678607055e+16,281632685014927.7,7.107716352005696,137.9227229396747,68.98067532421713,False,True,True,
veriq_ed800c398368239b_0,semantic,veriq,qft,44,18,2,58,116,54.85798099512757,48.000201851298435,3.2651097298436028e+16,281514361378063.9,6.857779143829134,115.98377126695414,57.995942532914576,False,True,True,
veriq_ed800c398368239b_0,semantic,veriq,qft,44,20,2,49,98,54.61470984411521,48.00004564993389,2.758454771764434e+16,281483883317392.5,6.614664194181323,97.99689912100885,48.99922476798884,False,True,True,
veriq_ed800c398368239b_0,semantic,veriq,qft,44,22,2,42,84,54.39231742277876,48.0000114092565,2.3643898043695096e+16,281477202706320.7,6.3923060135222585,83.9993357059327,41.99983392582758,False,True,True,
veriq_ed800c398368239b_0,semantic,veriq,qft,44,24,2,36,72,54.16992500144231,48.00000280202036,2.026619832316718e+16,281475523395408.9,6.169922199421947,71.99986016083464,35.99996504017568,False,True,True,
veriq_ed800c398368239b_0,lowered,veriq,qft,44,16,2,63,126,54.977279923499914,50.996671674560375,3.5465847065542596e+16,2246610855657482.5,3.9806082489395394,15.78637750112862,14.028735342549918,False,True,True,
veriq_ed800c398368239b_0,lowered,veriq,qft,44,18,2,53,106,54.7279204545632,50.77168178759556,2.9836347531329492e+16,1922202546995219.2,3.9562386669676357,15.521958171353779,13.539343760767059,False,True,True,
veriq_ed800c398368239b_0,lowered,veriq,qft,44,20,2,44,88,54.459431618637296,50.467458784089246,2.476979795053771e+16,1556750088011792.8,3.9919728345480507,15.911223093086523,13.474845069789023,False,True,True,
veriq_ed800c398368239b_0,lowered,veriq,qft,44,22,2,38,76,54.247927513443585,50.45720851622851,2.1392098230009852e+16,1545728665059348.2,3.790718997215073,13.839491182101163,11.707561073645689,False,True,True,
veriq_ed800c398368239b_0,lowered,veriq,qft,44,24,2,32,64,54.0,50.24475404146426,1.8014398509481984e+16,1334068381745168.2,3.7552459585357383,13.503354667559364,11.15067473441303,False,True,True,
veriq_ccaffaea9dbd4720_0,semantic,veriq,qft,51,16,2,94,188,62.554588851677636,55.0007345265536,6.773413839565219e+18,3.6047145211339976e+16,7.5538543251240355,187.9043069805813,93.97607065506246,False,True,True,
veriq_ccaffaea9dbd4720_0,semantic,veriq,qft,51,18,2,80,160,62.32192809488736,55.00018349404449,5.764607523034233e+18,3.603337975470455e+16,7.3217446008428695,159.9796511533615,79.99491246482322,False,True,True,
veriq_ccaffaea9dbd4720_0,semantic,veriq,qft,51,20,2,69,138,62.10852445677817,55.00004724610978,4.971973988617031e+18,3.60299769276237e+16,7.10847721066839,137.99548077992483,68.99887017648146,False,True,True,
veriq_ccaffaea9dbd4720_0,semantic,veriq,qft,51,22,2,60,120,61.906890595608516,55.00001249808112,4.3234556422756685e+18,3.602910913813362e+16,6.906878097527397,119.99896044333981,59.9997401097094,False,True,True,
veriq_ccaffaea9dbd4720_0,semantic,veriq,qft,51,24,2,52,104,61.70043971814109,55.00000280202127,3.746994889972249e+18,3.602886699463505e+16,6.70043691611982,103.9997980100291,51.9999495024584,False,True,True,
veriq_ccaffaea9dbd4720_0,lowered,veriq,qft,51,16,2,87,174,62.44294349584873,57.9671996892476,6.269010681299741e+18,2.8175126272933888e+17,4.47574380660113,22.250160019059056,19.72751432630824,False,True,True,
veriq_ccaffaea9dbd4720_0,lowered,veriq,qft,51,18,2,74,148,62.20945336562895,57.85460199803068,5.332261958806679e+18,2.6059770614408826e+17,4.354851367598272,20.461661147003316,17.976350400070608,False,True,True,
veriq_ccaffaea9dbd4720_0,lowered,veriq,qft,51,20,2,63,126,61.977279923499914,57.690924574495014,4.5396284243894523e+18,2.3264770596745987e+17,4.2863553490049,19.512887116215126,16.896261392157665,False,True,True,
veriq_ccaffaea9dbd4720_0,lowered,veriq,qft,51,22,2,55,110,61.78135971352466,57.65908885189481,3.9631676720860324e+18,2.2757013496371632e+17,4.1222708616298505,17.41514840125185,15.034839641711544,False,True,True,
veriq_ccaffaea9dbd4720_0,lowered,veriq,qft,51,24,2,48,96,61.584962500721154,57.59197025672835,3.4587645138205363e+18,2.1722537551881824e+17,3.992992243992802,15.922469948824665,13.657285402887213,False,True,True,
veriq_7d6a0510a0a2c7dc_0,semantic,veriq,qft,65,16,2,157,314,77.29462074889163,69.00073452656154,1.8535288445263415e+23,5.905964271458462e+20,8.293886222330087,313.8401722956271,156.96003290217286,False,True,True,
veriq_7d6a0510a0a2c7dc_0,semantic,veriq,qft,65,18,2,135,270,77.07681559705082,69.000201851301,1.5937986879684982e+23,5.903784059937792e+20,8.076613745749825,269.9622262243264,134.99055589545307,False,True,True,
veriq_7d6a0510a0a2c7dc_0,semantic,veriq,qft,65,20,2,117,234,76.8703647195834,69.0000472461098,1.3812921962393732e+23,5.903151419821954e+20,7.870317473473605,233.99233697465186,116.99808421229358,False,True,True,
veriq_7d6a0510a0a2c7dc_0,semantic,veriq,qft,65,22,2,103,206,76.68650052718321,69.00001249808113,1.2160093693389293e+23,5.903009241191869e+20,7.68648802910208,205.9982154277309,102.99955385500044,False,True,True,
veriq_7d6a0510a0a2c7dc_0,semantic,veriq,qft,65,24,2,91,182,76.5077946401987,69.00000285076922,1.0743383748528443e+23,5.902969767859422e+20,7.507791789429476,181.99964036787344,90.99991009187913,False,True,True,
veriq_7d6a0510a0a2c7dc_0,lowered,veriq,qft,65,16,2,148,296,77.20945336562895,72.37990983791522,1.7472755986617637e+23,6.145029111644064e+21,4.829543527713724,28.43396779603362,25.94196447678138,False,True,True,
veriq_7d6a0510a0a2c7dc_0,lowered,veriq,qft,65,18,2,127,254,76.98868468677216,72.24276691299518,1.4993513583111065e+23,5.587786583392166e+21,4.745917773776981,26.832652534859307,24.268879285710188,False,True,True,
veriq_7d6a0510a0a2c7dc_0,lowered,veriq,qft,65,20,2,110,220,76.78135971352467,72.11406212752604,1.2986507827891575e+23,5.110881476048997e+21,4.667297585998625,25.409526495086887,22.778642332089948,False,True,True,
veriq_7d6a0510a0a2c7dc_0,lowered,veriq,qft,65,22,2,96,192,76.58496250072116,71.83246130854641,1.1333679558887189e+23,4.2046080382629813e+21,4.752501192174748,26.955377185573255,23.636927698029172,False,True,True,
veriq_7d6a0510a0a2c7dc_0,lowered,veriq,qft,65,24,2,85,170,76.4093909361377,71.7526554278532,1.0035028776097964e+23,3.9783368482244437e+21,4.656735508284498,25.224180754268357,21.965059408409637,False,True,True,
veriq_35446be94f506751_0,semantic,veriq,random,20,16,2,21,42,29.39231742277876,29.287712414771498,704643071.9999998,655360016.000001,0.1046050080072618,1.0751999737499986,1.048361934477381,False,True,True,
veriq_35446be94f506751_0,semantic,veriq,random,20,18,2,21,42,29.39231742277876,29.30378078300903,704643071.9999998,662700047.9999999,0.08853663976972825,1.063291113568774,1.037037037037037,False,True,True,
veriq_35446be94f506751_0,lowered,veriq,random,20,16,2,9,18,28.169925001442312,27.918863328240622,301989887.99999994,253755408.00000006,0.2510616732016899,1.1900825695900041,1.1162790697674418,False,True,True,
veriq_35446be94f506751_0,lowered,veriq,random,20,18,2,6,12,27.584962500721154,27.247927658271074,201326591.99999973,159383568.00000003,0.3370348424500804,1.2631577679325119,1.1428571428571417,False,True,True,
veriq_582c218e88ed448c_0,semantic,veriq,random,30,16,2,40,80,40.32192809488736,40.24792867208076,1374389534719.9995,1305671106575.9978,0.07399942280660099,1.0526307335728744,1.0389602154142974,False,True,True,
veriq_582c218e88ed448c_0,semantic,veriq,random,30,18,2,34,68,40.08746284125034,40.02237323181539,1168231104512.0027,1116695691279.9993,0.06508960943494912,1.0461499167897135,1.0302992191228015,False,True,True,
veriq_582c218e88ed448c_0,semantic,veriq,random,30,20,2,29,58,39.85798099512757,39.781410944707666,996432412671.9979,944926359568.0022,0.07657005041990317,1.0545080075102817,1.0356781641265305,False,True,True,
veriq_582c218e88ed448c_0,semantic,veriq,random,30,22,2,24,48,39.584962500721154,39.492103542509085,824633720831.9989,773228331024.0012,0.09285895821206935,1.0664815136040353,1.0433010697911334,False,True,True,
veriq_582c218e88ed448c_0,semantic,veriq,random,30,24,2,21,42,39.39231742277876,39.286557761642385,721554505727.9998,670551769104.0016,0.10575966113637492,1.0760608486532643,1.049180327868856,False,True,True,
veriq_582c218e88ed448c_0,lowered,veriq,random,30,16,2,22,44,39.459431618637296,39.17555442358127,755914244095.9995,620893306896.0001,0.2838771950560286,1.2174623815402401,1.1846826860187252,False,True,True,
veriq_582c218e88ed448c_0,lowered,veriq,random,30,18,2,19,38,39.247927513443585,38.9801618964299,652835028991.9999,542248009744.00165,0.26776561701368706,1.2039417706672764,1.166969065363107,False,True,True,
veriq_582c218e88ed448c_0,lowered,veriq,random,30,20,2,14,28,38.807354922057606,38.53150330467236,481036337152.0005,397318029328.0016,0.2758516173852428,1.2107085549719319,1.1605278070104401,False,True,True,
veriq_582c218e88ed448c_0,lowered,veriq,random,30,22,2,14,28,38.807354922057606,38.53964350629581,481036337152.0005,399566176272.0011,0.267711415761795,1.2038965400928714,1.1542673107890538,False,True,True,
veriq_582c218e88ed448c_0,lowered,veriq,random,30,24,2,11,22,38.459431618637296,38.17242750872,377957122047.99976,309774516240.0,0.28700410991729797,1.2201039860721623,1.155993431855503,False,True,True,
veriq_bcc9faaaa845cf45_0,semantic,veriq,random,40,16,2,54,108,50.75488750216347,50.68650736723429,1899956092796930.0,1812003753558033.2,0.06838013492917838,1.0485387180165573,1.0384566622998657,False,True,True,
veriq_bcc9faaaa845cf45_0,semantic,veriq,random,40,18,2,47,94,50.554588851677636,50.47586007034033,1653665488175102.2,1565842001100809.8,0.0787287813373041,1.0560870681796448,1.0443537859672627,False,True,True,
veriq_bcc9faaaa845cf45_0,semantic,veriq,random,40,20,2,41,82,50.357552004618086,50.271463045714896,1442559255642113.8,1358996388708371.0,0.0860889589031899,1.0614886600347506,1.0479233099121088,False,True,True,
veriq_bcc9faaaa845cf45_0,semantic,veriq,random,40,22,2,37,74,50.20945336562895,50.14974719701801,1301821767286786.8,1249045276262418.5,0.05970616861094413,1.0422534651284172,1.0277777233241525,False,True,True,
veriq_bcc9faaaa845cf45_0,semantic,veriq,random,40,24,2,32,64,50.0,49.930737698444496,1125899906842624.0,1073123617144851.8,0.06926230155550428,1.0491800654226477,1.0322578104676738,False,True,True,
veriq_bcc9faaaa845cf45_0,lowered,veriq,random,40,16,2,31,62,49.95419631038688,49.52466796742799,1090715534753793.1,809861182914576.6,0.4295283429588892,1.3467932008155536,1.3181595189176973,False,True,True,
veriq_bcc9faaaa845cf45_0,lowered,veriq,random,40,18,2,25,50,49.64385618977472,49.221926930483974,879609302220799.2,656563068993553.8,0.4219292592907493,1.3397179094601732,1.3047577626184623,False,True,True,
veriq_bcc9faaaa845cf45_0,lowered,veriq,random,40,20,2,23,46,49.523561956057016,49.12027846282247,809240558043137.6,611895434280977.5,0.4032834932345466,1.322514457055976,1.2855543650323904,False,True,True,
veriq_bcc9faaaa845cf45_0,lowered,veriq,random,40,22,2,20,40,49.32192809488736,48.93378320889599,703687441776639.8,537695679938577.3,0.3881448859913732,1.3087094950382048,1.2672480075374335,False,True,True,
veriq_bcc9faaaa845cf45_0,lowered,veriq,random,40,24,2,16,32,49.0,48.60037936809146,562949953421312.0,426748487401488.1,0.39962063190854025,1.3191609813292309,1.2669332047764197,False,True,True,
veriq_f89948a1859e3d94_0,semantic,veriq,reversible,18,16,2,4,8,25.0,7.0,33554432.0,128.0,18.0,262144.0,262144.0,False,True,True,
veriq_f89948a1859e3d94_0,lowered,veriq,reversible,18,16,2,3,6,24.584962500721154,6.584962500721156,25165823.999999966,96.0,18.0,262144.0,262143.99999999936,False,True,True,
veriq_a21938288fc131d0_0,semantic,veriq,reversible,20,16,2,6,12,27.584962500721154,7.584962500721156,201326591.99999973,192.0,19.999999999999996,1048575.9999999974,1048576.0,False,True,True,
veriq_a21938288fc131d0_0,semantic,veriq,reversible,20,18,2,2,4,26.0,6.0,67108864.0,64.0,20.0,1048576.0,1048576.0,False,True,True,
veriq_a21938288fc131d0_0,lowered,veriq,reversible,20,16,2,6,12,27.584962500721154,7.584962500721156,201326591.99999973,192.0,19.999999999999996,1048575.9999999974,1048576.0,False,True,True,
veriq_a21938288fc131d0_0,lowered,veriq,reversible,20,18,2,2,4,26.0,6.0,67108864.0,64.0,20.0,1048576.0,1048576.0,False,True,True,
veriq_4863c09f5501995c_0,semantic,veriq,reversible,24,16,2,7,14,31.807354922057606,7.807354922057604,3758096384.000004,223.99999999999994,24.0,16777216.0,16777216.0,False,True,True,
veriq_4863c09f5501995c_0,semantic,veriq,reversible,24,18,2,4,8,31.0,7.0,2147483648.0,128.0,24.0,16777216.0,16777216.0,False,True,True,
veriq_4863c09f5501995c_0,semantic,veriq,reversible,24,20,2,4,8,31.0,7.0,2147483648.0,128.0,24.0,16777216.0,16777216.0,False,True,True,
veriq_4863c09f5501995c_0,semantic,veriq,reversible,24,22,2,4,8,31.0,7.0,2147483648.0,128.0,24.0,16777216.0,16777216.0,False,True,True,
veriq_4863c09f5501995c_0,lowered,veriq,reversible,24,16,2,8,16,32.0,8.0,4294967296.0,256.0,24.0,16777216.0,16777216.0,False,True,True,
veriq_4863c09f5501995c_0,lowered,veriq,reversible,24,18,2,5,10,31.32192809488736,7.321928094887363,2684354559.999999,160.00000000000003,24.0,16777216.0,16777216.0,False,True,True,
veriq_4863c09f5501995c_0,lowered,veriq,reversible,24,20,2,4,8,31.0,7.0,2147483648.0,128.0,24.0,16777216.0,16777216.0,False,True,True,
veriq_4863c09f5501995c_0,lowered,veriq,reversible,24,22,2,3,6,30.584962500721154,6.584962500721156,1610612735.9999979,96.0,24.0,16777216.0,16777215.999999959,False,True,True,
veriq_cbda8d7badbf32c6_0,semantic,veriq,reversible,30,16,2,13,26,38.70043971814109,8.700439718141093,446676598783.9996,416.0000000000001,30.0,1073741824.0,1073741824.0,False,True,True,
veriq_cbda8d7badbf32c6_0,semantic,veriq,reversible,30,18,2,10,20,38.32192809488736,8.321928094887362,343597383679.9999,319.9999999999999,30.0,1073741824.0,1073741824.0,False,True,True,
veriq_cbda8d7badbf32c6_0,semantic,veriq,reversible,30,20,2,7,14,37.807354922057606,7.807354922057604,240518168576.00024,223.99999999999994,30.0,1073741824.0,1073741824.0,False,True,True,
veriq_cbda8d7badbf32c6_0,semantic,veriq,reversible,30,22,2,5,10,37.32192809488736,7.321928094887363,171798691839.99994,160.00000000000003,30.0,1073741824.0,1073741824.0,False,True,True,
veriq_cbda8d7badbf32c6_0,semantic,veriq,reversible,30,24,2,4,8,37.0,7.0,137438953472.0,128.0,30.0,1073741824.0,1073741824.0,False,True,True,
veriq_cbda8d7badbf32c6_0,lowered,veriq,reversible,30,16,2,13,26,38.70043971814109,8.700439718141093,446676598783.9996,416.0000000000001,30.0,1073741824.0,1073741824.0,False,True,True,
veriq_cbda8d7badbf32c6_0,lowered,veriq,reversible,30,18,2,10,20,38.32192809488736,8.321928094887362,343597383679.9999,319.9999999999999,30.0,1073741824.0,1073741824.0,False,True,True,
veriq_cbda8d7badbf32c6_0,lowered,veriq,reversible,30,20,2,8,16,38.0,8.0,274877906944.0,256.0,30.0,1073741824.0,1073741824.0,False,True,True,
veriq_cbda8d7badbf32c6_0,lowered,veriq,reversible,30,22,2,5,10,37.32192809488736,7.321928094887363,171798691839.99994,160.00000000000003,30.0,1073741824.0,1073741824.0,False,True,True,
veriq_cbda8d7badbf32c6_0,lowered,veriq,reversible,30,24,2,4,8,37.0,7.0,137438953472.0,128.0,30.0,1073741824.0,1073741824.0,False,True,True,
veriq_173d272bf1c4ac9b_0,semantic,veriq,reversible,39,16,2,25,50,48.64385618977472,9.643856189774723,439804651110399.6,799.9999999999993,39.0,549755813888.0,549755813888.0,False,True,True,
veriq_173d272bf1c4ac9b_0,semantic,veriq,reversible,39,18,2,20,40,48.32192809488736,9.321928094887362,351843720888319.9,639.9999999999998,39.0,549755813888.0,549755813888.0,False,True,True,
veriq_173d272bf1c4ac9b_0,semantic,veriq,reversible,39,20,2,17,34,48.08746284125034,9.087462841250339,299067162755072.7,543.9999999999999,39.0,549755813888.0,549755813888.0,False,True,True,
veriq_173d272bf1c4ac9b_0,semantic,veriq,reversible,39,22,2,13,26,47.70043971814109,8.700439718141093,228698418577407.78,416.0000000000001,39.0,549755813888.0,549755813888.0,False,True,True,
veriq_173d272bf1c4ac9b_0,semantic,veriq,reversible,39,24,2,10,20,47.32192809488736,8.321928094887362,175921860444159.94,319.9999999999999,39.0,549755813888.0,549755813888.0,False,True,True,
veriq_173d272bf1c4ac9b_0,lowered,veriq,reversible,39,16,2,26,52,48.70043971814109,9.700439718141093,457396837154815.56,832.0000000000002,39.0,549755813888.0,549755813888.0,False,True,True,
veriq_173d272bf1c4ac9b_0,lowered,veriq,reversible,39,18,2,22,44,48.459431618637296,9.459431618637296,387028092977151.75,703.9999999999995,39.0,549755813888.0,549755813888.0,False,True,True,
veriq_173d272bf1c4ac9b_0,lowered,veriq,reversible,39,20,2,18,36,48.16992500144231,9.169925001442312,316659348799487.2,575.9999999999999,39.0,549755813888.0,549755813888.0,False,True,True,
veriq_173d272bf1c4ac9b_0,lowered,veriq,reversible,39,22,2,14,28,47.807354922057606,8.807354922057604,246290604621824.25,447.9999999999999,39.0,549755813888.0,549755813888.0,False,True,True,
veriq_173d272bf1c4ac9b_0,lowered,veriq,reversible,39,24,2,12,24,47.584962500721154,8.584962500721158,211106232532991.72,384.00000000000045,39.0,549755813888.0,549755813888.0,False,True,True,
veriq_1ad74a6b385762f2_0,semantic,veriq,reversible,42,16,2,29,58,51.85798099512757,9.857980995127573,4081387162304503.5,928.0000000000005,42.0,4398046511104.0,4398046511104.0,False,True,True,
veriq_1ad74a6b385762f2_0,semantic,veriq,reversible,42,18,2,23,46,51.523561956057016,9.523561956057012,3236962232172550.5,735.9999999999997,42.0,4398046511104.0,4398046511104.0,False,True,True,
veriq_1ad74a6b385762f2_0,semantic,veriq,reversible,42,20,2,19,38,51.247927513443585,9.247927513443585,2674012278751231.5,607.9999999999999,42.0,4398046511104.0,4398046511104.0,False,True,True,
veriq_1ad74a6b385762f2_0,semantic,veriq,reversible,42,22,2,16,32,51.0,9.0,2251799813685248.0,512.0,42.0,4398046511104.0,4398046511104.0,False,True,True,
veriq_1ad74a6b385762f2_0,semantic,veriq,reversible,42,24,2,13,26,50.70043971814109,8.700439718141093,1829587348619262.2,416.0000000000001,42.0,4398046511104.0,4398046511104.0,False,True,True,
veriq_1ad74a6b385762f2_0,lowered,veriq,reversible,42,16,2,31,62,51.95419631038688,9.954196310386877,4362862139015172.5,992.000000000001,42.0,4398046511104.0,4398046511104.0,False,True,True,
veriq_1ad74a6b385762f2_0,lowered,veriq,reversible,42,18,2,25,50,51.64385618977472,9.643856189774723,3518437208883197.0,799.9999999999993,42.0,4398046511104.0,4398046511104.0,False,True,True,
veriq_1ad74a6b385762f2_0,lowered,veriq,reversible,42,20,2,21,42,51.39231742277876,9.39231742277876,2955487255461887.0,671.9999999999998,42.0,4398046511104.0,4398046511104.0,False,True,True,
veriq_1ad74a6b385762f2_0,lowered,veriq,reversible,42,22,2,18,36,51.16992500144231,9.169925001442312,2533274790395897.5,575.9999999999999,42.0,4398046511104.0,4398046511104.0,False,True,True,
veriq_1ad74a6b385762f2_0,lowered,veriq,reversible,42,24,2,14,28,50.807354922057606,8.807354922057604,1970324836974594.0,447.9999999999999,42.0,4398046511104.0,4398046511104.0,False,True,True,
veriq_b8b63d8ef94cadb3_0,semantic,veriq,reversible,48,16,2,40,80,58.32192809488736,10.321928094887362,3.6028797018963955e+17,1279.9999999999995,48.0,281474976710656.0,281474976710656.0,False,True,True,
veriq_b8b63d8ef94cadb3_0,semantic,veriq,reversible,48,18,2,32,64,58.0,10.0,2.8823037615171174e+17,1024.0,48.0,281474976710656.0,281474976710656.0,False,True,True,
veriq_b8b63d8ef94cadb3_0,semantic,veriq,reversible,48,20,2,27,54,57.75488750216347,9.75488750216347,2.4319437987800704e+17,864.0000000000009,48.0,281474976710656.0,281474976710656.0,False,True,True,
veriq_b8b63d8ef94cadb3_0,semantic,veriq,reversible,48,22,2,23,46,57.523561956057016,9.523561956057012,2.0716558285904323e+17,735.9999999999997,48.0,281474976710656.0,281474976710656.0,False,True,True,
veriq_b8b63d8ef94cadb3_0,semantic,veriq,reversible,48,24,2,19,38,57.247927513443585,9.247927513443585,1.7113678584007882e+17,607.9999999999999,48.0,281474976710656.0,281474976710656.0,False,True,True,
veriq_b8b63d8ef94cadb3_0,lowered,veriq,reversible,48,16,2,41,82,58.357552004618086,10.357552004618086,3.692951694443811e+17,1312.0000000000016,48.0,281474976710656.0,281474976710656.0,False,True,True,
veriq_b8b63d8ef94cadb3_0,lowered,veriq,reversible,48,18,2,34,68,58.08746284125034,10.087462841250339,3.0624477466119443e+17,1087.9999999999998,48.0,281474976710656.0,281474976710656.0,False,True,True,
veriq_b8b63d8ef94cadb3_0,lowered,veriq,reversible,48,20,2,29,58,57.85798099512757,9.857980995127573,2.6120877838748822e+17,928.0000000000005,48.0,281474976710656.0,281474976710656.0,False,True,True,
veriq_b8b63d8ef94cadb3_0,lowered,veriq,reversible,48,22,2,25,50,57.64385618977472,9.643856189774723,2.251799813685246e+17,799.9999999999993,48.0,281474976710656.0,281474976710656.0,False,True,True,
veriq_b8b63d8ef94cadb3_0,lowered,veriq,reversible,48,24,2,20,40,57.32192809488736,9.321928094887362,1.8014398509481978e+17,639.9999999999998,48.0,281474976710656.0,281474976710656.0,False,True,True,
veriq_db8adbea09057360_0,semantic,veriq,reversible,54,16,2,50,100,64.64385618977472,10.643856189774725,2.882303761517115e+19,1600.0000000000007,54.0,1.8014398509481984e+16,1.8014398509481984e+16,False,True,True,
veriq_db8adbea09057360_0,semantic,veriq,reversible,54,18,2,42,84,64.39231742277876,10.39231742277876,2.421135159674378e+19,1343.9999999999995,54.0,1.8014398509481984e+16,1.8014398509481984e+16,False,True,True,
veriq_db8adbea09057360_0,semantic,veriq,reversible,54,20,2,35,70,64.12928301694497,10.129283016944967,2.0176126330619834e+19,1120.0000000000007,54.0,1.8014398509481984e+16,1.8014398509481984e+16,False,True,True,
veriq_db8adbea09057360_0,semantic,veriq,reversible,54,22,2,30,60,63.906890595608516,9.90689059560852,1.7293822569102674e+19,960.0000000000007,54.0,1.8014398509481984e+16,1.8014398509481984e+16,False,True,True,
veriq_db8adbea09057360_0,semantic,veriq,reversible,54,24,2,25,50,63.64385618977472,9.643856189774723,1.4411518807585575e+19,799.9999999999993,54.0,1.8014398509481984e+16,1.8014398509481984e+16,False,True,True,
veriq_db8adbea09057360_0,lowered,veriq,reversible,54,16,2,53,106,64.72792045456319,10.727920454563199,3.055241987208125e+19,1695.9999999999995,54.0,1.8014398509481984e+16,1.8014398509481984e+16,False,True,True,
veriq_db8adbea09057360_0,lowered,veriq,reversible,54,18,2,44,88,64.4594316186373,10.459431618637298,2.5364273101350617e+19,1408.000000000001,54.0,1.8014398509481984e+16,1.8014398509481984e+16,False,True,True,
veriq_db8adbea09057360_0,lowered,veriq,reversible,54,20,2,38,76,64.24792751344359,10.247927513443585,2.190550858753009e+19,1215.9999999999998,54.0,1.8014398509481984e+16,1.8014398509481984e+16,False,True,True,
veriq_db8adbea09057360_0,lowered,veriq,reversible,54,22,2,32,64,64.0,10.0,1.8446744073709552e+19,1024.0,54.0,1.8014398509481984e+16,1.8014398509481984e+16,False,True,True,
veriq_db8adbea09057360_0,lowered,veriq,reversible,54,24,2,27,54,63.75488750216347,9.75488750216347,1.556444031219245e+19,864.0000000000009,54.0,1.8014398509481984e+16,1.8014398509481984e+16,False,True,True,
veriq_2fa05f4d077098e7_0,semantic,veriq,reversible,60,16,2,62,124,70.95419631038688,10.954196310386877,2.2873962651399868e+21,1984.000000000002,60.0,1.152921504606847e+18,1.152921504606847e+18,False,True,True,
veriq_2fa05f4d077098e7_0,semantic,veriq,reversible,60,18,2,53,106,70.7279204545632,10.727920454563199,1.955354871813219e+21,1695.9999999999995,60.00000000000001,1.1529215046068526e+18,1.1529215046068526e+18,False,True,True,
veriq_2fa05f4d077098e7_0,semantic,veriq,reversible,60,20,2,45,90,70.49185309632968,10.491853096329674,1.6602069666338628e+21,1439.999999999999,60.0,1.152921504606847e+18,1.152921504606847e+18,False,True,True,
veriq_2fa05f4d077098e7_0,semantic,veriq,reversible,60,22,2,38,76,70.24792751344359,10.247927513443585,1.4019525496019257e+21,1215.9999999999998,60.0,1.152921504606847e+18,1.152921504606847e+18,False,True,True,
veriq_2fa05f4d077098e7_0,semantic,veriq,reversible,60,24,2,33,66,70.04439411935846,10.044394119358454,1.217485108864834e+21,1056.0000000000007,60.00000000000001,1.1529215046068526e+18,1.1529215046068526e+18,False,True,True,
veriq_2fa05f4d077098e7_0,lowered,veriq,reversible,60,16,2,62,124,70.95419631038688,10.954196310386877,2.2873962651399868e+21,1984.000000000002,60.0,1.152921504606847e+18,1.152921504606847e+18,False,True,True,
veriq_2fa05f4d077098e7_0,lowered,veriq,reversible,60,18,2,53,106,70.7279204545632,10.727920454563199,1.955354871813219e+21,1695.9999999999995,60.00000000000001,1.1529215046068526e+18,1.1529215046068526e+18,False,True,True,
veriq_2fa05f4d077098e7_0,lowered,veriq,reversible,60,20,2,46,92,70.52356195605701,10.523561956057012,1.6971004547812738e+21,1471.9999999999993,59.99999999999999,1.1529215046068413e+18,1.1529215046068413e+18,False,True,True,
veriq_2fa05f4d077098e7_0,lowered,veriq,reversible,60,22,2,39,78,70.28540221886225,10.285402218862249,1.438846037749342e+21,1248.0000000000002,60.0,1.152921504606847e+18,1.152921504606847e+18,False,True,True,
veriq_2fa05f4d077098e7_0,lowered,veriq,reversible,60,24,2,33,66,70.04439411935846,10.044394119358454,1.217485108864834e+21,1056.0000000000007,60.00000000000001,1.1529215046068526e+18,1.1529215046068526e+18,False,True,True,
veriq_0b068b284d2de6e5_0,semantic,veriq,reversible,96,16,2,169,338,108.40087943628218,12.400879436282185,4.2846590287714075e+32,5408.000000000004,96.0,7.922816251426434e+28,7.922816251426434e+28,False,True,True,
veriq_0b068b284d2de6e5_0,semantic,veriq,reversible,96,18,2,143,286,108.1598713367784,12.159871336778389,3.625480716652748e+32,4575.999999999999,96.0,7.922816251426434e+28,7.922816251426434e+28,False,True,True,
veriq_0b068b284d2de6e5_0,semantic,veriq,reversible,96,20,2,124,248,107.95419631038688,11.954196310386877,3.143773488566012e+32,3968.000000000004,96.0,7.922816251426434e+28,7.922816251426434e+28,False,True,True,
veriq_0b068b284d2de6e5_0,semantic,veriq,reversible,96,22,2,109,218,107.76818432477693,11.768184324776925,2.7634783084975376e+32,3487.999999999997,96.0,7.922816251426434e+28,7.922816251426434e+28,False,True,True,
veriq_0b068b284d2de6e5_0,semantic,veriq,reversible,96,24,2,96,192,107.58496250072116,11.584962500721156,2.433889152438209e+32,3072.0,96.0,7.922816251426434e+28,7.922816251426434e+28,False,True,True,
veriq_0b068b284d2de6e5_0,lowered,veriq,reversible,96,16,2,171,342,108.4178525148859,12.417852514885897,4.335365052780532e+32,5471.999999999998,96.0,7.922816251426434e+28,7.922816251426434e+28,False,True,True,
veriq_0b068b284d2de6e5_0,lowered,veriq,reversible,96,18,2,145,290,108.17990909001493,12.179909090014934,3.6761867406618566e+32,4640.0,96.0,7.922816251426434e+28,7.922816251426434e+28,False,True,True,
veriq_0b068b284d2de6e5_0,lowered,veriq,reversible,96,20,2,126,252,107.97727992349992,11.977279923499918,3.1944795125751485e+32,4032.000000000003,96.0,7.922816251426434e+28,7.922816251426434e+28,False,True,True,
veriq_0b068b284d2de6e5_0,lowered,veriq,reversible,96,22,2,112,224,107.8073549220576,11.807354922057604,2.8395373445112227e+32,3583.999999999999,96.0,7.922816251426434e+28,7.922816251426434e+28,False,True,True,
veriq_0b068b284d2de6e5_0,lowered,veriq,reversible,96,24,2,98,196,107.61470984411521,11.614709844115207,2.4845951764473343e+32,3135.999999999998,96.0,7.922816251426434e+28,7.922816251426434e+28,False,True,True,
veriq_c716a8ac2b185ea5_0,semantic,veriq,reversible,96,16,2,167,334,108.38370429247405,12.383704292474054,4.23395300476228e+32,5344.0000000000055,96.0,7.922816251426434e+28,7.922816251426434e+28,False,True,True,
veriq_c716a8ac2b185ea5_0,semantic,veriq,reversible,96,18,2,142,284,108.14974711950468,12.149747119504683,3.600127704648169e+32,4544.000000000004,96.0,7.922816251426434e+28,7.922816251426434e+28,False,True,True,
veriq_c716a8ac2b185ea5_0,semantic,veriq,reversible,96,20,2,123,246,107.94251450533923,11.94251450533924,3.118420476561429e+32,3936.0,96.0,7.922816251426434e+28,7.922816251426434e+28,False,True,True,
veriq_c716a8ac2b185ea5_0,semantic,veriq,reversible,96,22,2,108,216,107.75488750216347,11.75488750216347,2.7381252964929784e+32,3456.0000000000036,96.0,7.922816251426434e+28,7.922816251426434e+28,False,True,True,
veriq_c716a8ac2b185ea5_0,semantic,veriq,reversible,96,24,2,95,190,107.56985560833095,11.569855608330947,2.4085361404336463e+32,3039.999999999998,96.0,7.922816251426434e+28,7.922816251426434e+28,False,True,True,
veriq_c716a8ac2b185ea5_0,lowered,veriq,reversible,96,16,2,175,350,108.45121111183232,12.451211111832329,4.436777100798781e+32,5600.000000000001,96.0,7.922816251426434e+28,7.9228162514263555e+28,False,True,True,
veriq_c716a8ac2b185ea5_0,lowered,veriq,reversible,96,18,2,148,296,108.20945336562895,12.20945336562895,3.752245776675548e+32,4735.999999999998,96.0,7.922816251426434e+28,7.922816251426434e+28,False,True,True,
veriq_c716a8ac2b185ea5_0,lowered,veriq,reversible,96,20,2,130,260,108.02236781302845,12.022367813028454,3.295891560593392e+32,4160.0,96.0,7.922816251426434e+28,7.922816251426434e+28,False,True,True,
veriq_c716a8ac2b185ea5_0,lowered,veriq,reversible,96,22,2,114,228,107.83289001416475,11.832890014164743,2.8902433685203728e+32,3648.0000000000036,96.0,7.922816251426434e+28,7.922816251426434e+28,False,True,True,
veriq_c716a8ac2b185ea5_0,lowered,veriq,reversible,96,24,2,100,200,107.64385618977472,11.643856189774723,2.5353012004564566e+32,3199.9999999999973,96.0,7.922816251426434e+28,7.922816251426434e+28,False,True,True,
veriq_e5a4638d60970fa7_0,semantic,veriq,unknown,49,16,2,32,64,59.0,58.83447114643601,5.764607523034235e+17,5.139733418354905e+17,0.16552885356399116,1.121577142979399,1.102260422733318,False,True,True,
veriq_e5a4638d60970fa7_0,semantic,veriq,unknown,49,18,2,28,56,58.807354922057606,58.672427068567735,5.0440315826549606e+17,4.593677117559935e+17,0.13492785348987013,1.0980379015698527,1.0769218128635776,False,True,True,
veriq_e5a4638d60970fa7_0,semantic,veriq,unknown,49,20,2,25,50,58.64385618977472,58.49188440459552,4.503599627370492e+17,4.053327625899201e+17,0.15197178517920662,1.1110869988880807,1.0869334464675466,False,True,True,
veriq_e5a4638d60970fa7_0,semantic,veriq,unknown,49,22,2,22,44,58.459431618637296,58.285980106479215,3.963167672086034e+17,3.5142150855747104e+17,0.1734515121580813,1.1277533035340386,1.0995704798716817,False,True,True,
veriq_e5a4638d60970fa7_0,semantic,veriq,unknown,49,24,2,20,40,58.32192809488736,58.13955135483827,3.6028797018963955e+17,3.1750377426649184e+17,0.18237674004909366,1.1347517711308763,1.103448274047708,False,True,True,
veriq_e5a4638d60970fa7_0,lowered,veriq,unknown,49,16,2,9,18,57.16992500144231,54.75494783824797,1.6212958658533744e+17,3.040056886427643e+16,2.4149771631943366,5.333110288467502,4.114152978562031,False,True,True,
veriq_e5a4638d60970fa7_0,lowered,veriq,unknown,49,18,2,8,16,57.0,55.04457038592127,1.4411518807585587e+17,3.7159236714627e+16,1.9554296140787315,3.878314002588965,3.1216442216045754,False,True,True,
veriq_e5a4638d60970fa7_0,lowered,veriq,unknown,49,20,2,7,14,56.807354922057606,55.04444214992578,1.2610078956637402e+17,3.715593390994248e+16,1.762912772131827,3.3938264039335846,2.731634118432121,False,True,True,
veriq_e5a4638d60970fa7_0,lowered,veriq,unknown,49,22,2,5,10,56.32192809488736,54.044415476318655,9.007199254740989e+16,1.8577623475027984e+16,2.277512618568707,4.848413074389441,3.265273568359976,False,True,True,
veriq_e5a4638d60970fa7_0,lowered,veriq,unknown,49,24,2,5,10,56.32192809488736,54.04443685380846,9.007199254740989e+16,1.8577898755588076e+16,2.2774912410788986,4.84834123236445,3.2652409831454183,False,True,True,
veriq_ae512ee3bfcece87_0,semantic,veriq,unknown,64,16,2,43,86,74.4262647547021,74.26737196698961,2.5382719845424435e+22,2.273561263383139e+22,0.15889278771248883,1.1164299926386878,1.1021225201152127,False,True,True,
veriq_ae512ee3bfcece87_0,semantic,veriq,unknown,64,18,2,37,74,74.20945336562895,74.06609181900645,2.1840944983272046e+22,1.9774945676363372e+22,0.14336154662250067,1.1044755996158375,1.0882333405439508,False,True,True,
veriq_ae512ee3bfcece87_0,semantic,veriq,unknown,64,20,2,33,66,74.04439411935846,73.88283407227428,1.9479761741837345e+22,1.7416032257387285e+22,0.16156004708417981,1.1184959613045444,1.0998567889343023,False,True,True,
veriq_ae512ee3bfcece87_0,semantic,veriq,unknown,64,22,2,30,60,73.90689059560852,73.74146699925967,1.7708874310761138e+22,1.5790413067832959e+22,0.16542359634884463,1.1214953171070823,1.1009174215603867,False,True,True,
veriq_ae512ee3bfcece87_0,semantic,veriq,unknown,64,24,2,27,54,73.75488750216347,73.61471006874564,1.593798687968507e+22,1.4462249605588557e+22,0.14017743341783273,1.1020406447366426,1.0799998352050613,False,True,True,
veriq_ae512ee3bfcece87_0,lowered,veriq,unknown,64,16,2,14,28,72.8073549220576,68.83784976814358,8.264141345021847e+21,5.2754269934773037e+20,3.969505153914014,15.665350606197146,10.045260392602144,False,True,True,
veriq_ae512ee3bfcece87_0,lowered,veriq,unknown,64,18,2,11,22,72.4594316186373,68.62044921071191,6.493253913945758e+21,4.5374675102097054e+20,3.8389824079253856,14.310303929086786,8.670450323268017,False,True,True,
veriq_ae512ee3bfcece87_0,lowered,veriq,unknown,64,20,2,9,18,72.16992500144231,68.6167790097364,5.312662293228337e+21,4.525938911231312e+20,3.553145991705904,11.738254531108977,7.104942266834625,False,True,True,
veriq_ae512ee3bfcece87_0,lowered,veriq,unknown,64,22,2,8,16,72.0,68.60188694749864,4.722366482869645e+21,4.479460696207975e+20,3.3981130525013583,10.542265694768345,6.355005750301928,False,True,True,
veriq_ae512ee3bfcece87_0,lowered,veriq,unknown,64,24,2,7,14,71.8073549220576,68.61656322978386,4.1320706725109233e+21,4.525262029544454e+20,3.1907916922737343,9.131119138590273,5.526566491415104,False,True,True,
veriq_305a0da5ee0d7eb7_0,semantic,veriq,unknown,100,16,2,67,134,111.06608919045777,110.91886469281918,2.717842886889327e+33,2.454174038073058e+33,0.14722449763858947,1.1074368992279346,1.09835955667805,False,True,True,
veriq_305a0da5ee0d7eb7_0,semantic,veriq,unknown,100,18,2,59,118,110.88264304936185,110.72109929303949,2.393324333230905e+33,2.1397943679301257e+33,0.1615437563223594,1.1184833314362002,1.107981141283061,False,True,True,
veriq_305a0da5ee0d7eb7_0,semantic,veriq,unknown,100,20,2,53,106,110.7279204545632,110.56997424658967,2.1499354179870843e+33,1.9269873692764246e+33,0.15794620797353787,1.115697721876805,1.1040768163225891,False,True,True,
veriq_305a0da5ee0d7eb7_0,semantic,veriq,unknown,100,22,2,47,94,110.55458885167764,110.40939106563064,1.906546502743255e+33,1.72400497105305e+33,0.1451977860469924,1.1058822536797592,1.0930231588475188,False,True,True,
veriq_305a0da5ee0d7eb7_0,semantic,veriq,unknown,100,24,2,43,86,110.4262647547021,110.26682313457397,1.74428722591405e+33,1.5617851535718903e+33,0.1594416201281348,1.1168547875645811,1.1025364949730212,False,True,True,
veriq_305a0da5ee0d7eb7_0,lowered,veriq,unknown,100,16,2,23,46,109.52356195605701,105.36333487343533,9.329908417679741e+32,5.218242289810515e+31,4.160227082621674,17.879408236558767,12.875084500407125,False,True,True,
veriq_305a0da5ee0d7eb7_0,lowered,veriq,unknown,100,18,2,19,38,109.24792751344359,104.646249414974,7.707315649387633e+32,3.174387992023709e+31,4.601678098469591,24.27969003396504,14.81427124617187,False,True,True,
veriq_305a0da5ee0d7eb7_0,lowered,veriq,unknown,100,20,2,16,32,109.0,104.64771181153787,6.490371073168535e+32,3.177607361023888e+31,4.352288188462126,20.42533999882606,12.467460964050405,False,True,True,
veriq_305a0da5ee0d7eb7_0,lowered,veriq,unknown,100,22,2,14,28,108.8073549220576,104.6166654990641,5.6790746890224454e+32,3.1099568373951833e+31,4.190689422993501,18.260943755666673,11.052658758091859,False,True,True,
veriq_305a0da5ee0d7eb7_0,lowered,veriq,unknown,100,24,2,13,26,108.7004397181411,105.02384638248205,5.273426496949455e+32,4.124088925154587e+31,3.6765933356590494,12.786888431974795,8.571430003064425,False,True,True,
veriq_91f3576bee228d39_0,semantic,veriq,unknown,81,16,2,54,108,91.75488750216347,91.59997094278512,4.178047632588163e+27,3.7526568690351793e+27,0.15491655937834992,1.1133572235348959,1.1019968883867624,False,True,True,
veriq_91f3576bee228d39_0,semantic,veriq,unknown,81,18,2,48,96,91.58496250072116,91.4429445079916,3.713820117856154e+27,3.3656518430263896e+27,0.1420179927295635,1.1034475017227843,1.0909083342639108,False,True,True,
veriq_91f3576bee228d39_0,semantic,veriq,unknown,81,20,2,42,84,91.39231742277876,91.22911922180491,3.249592603124122e+27,2.9020264322907625e+27,0.16319820097385218,1.119766714377926,1.1050359703565484,False,True,True,
veriq_91f3576bee228d39_0,semantic,veriq,unknown,81,22,2,38,76,91.24792751344359,91.1085245365383,2.9401075933027776e+27,2.669308357283166e+27,0.1394029769052878,1.1014492144681374,1.085714226547497,False,True,True,
veriq_91f3576bee228d39_0,semantic,veriq,unknown,81,24,2,35,70,91.12928301694497,90.97728551429151,2.707993835936771e+27,2.4372038970783064e+27,0.15199750265345813,1.111106805295644,1.093745827689786,False,True,True,
veriq_91f3576bee228d39_0,lowered,veriq,unknown,81,16,2,17,34,90.08746284125034,86.21067795778525,1.3153112917407196e+27,8.953647899203457e+25,3.876784883465092,14.690228011509516,10.258069694667702,False,True,True,
veriq_91f3576bee228d39_0,lowered,veriq,unknown,81,18,2,14,28,89.8073549220576,85.40942732367186,1.0831975343747035e+27,5.138064323558339e+25,4.397927598385735,21.081821210532077,12.026672591526248,False,True,True,
veriq_91f3576bee228d39_0,lowered,veriq,unknown,81,20,2,12,24,89.58496250072116,85.6582194382347,9.284550294640385e+26,6.10510905448933e+25,3.926743062486466,15.207836930960447,9.309059486901683,False,True,True,
veriq_91f3576bee228d39_0,lowered,veriq,unknown,81,22,2,10,20,89.32192809488737,85.3924538232066,7.737125245533661e+26,5.077968519124658e+25,3.9294742716807747,15.236654611768625,8.648184556475877,False,True,True,
veriq_91f3576bee228d39_0,lowered,veriq,unknown,81,24,2,9,18,89.16992500144231,85.33985897196871,6.963412720980246e+26,4.8961800083833355e+25,3.830066029473599,14.222133804429891,7.944799994733484,False,True,True,
qft_20,semantic,generated,qft,20,16,2,8,16,28.0,26.321953685678842,268435456.0,83887568.0,1.6780463143211577,3.199943238311546,2.666627672553717,False,True,True,
qft_20,semantic,generated,qft,20,18,2,6,12,27.584962500721154,26.321936074860293,201326591.99999973,83886544.00000003,1.2630264258608612,2.39998672492694,1.999991099079323,False,True,True,
qft_20,lowered,generated,qft,20,16,2,10,20,28.32192809488736,26.45943186879386,335544319.9999999,92274704.0000001,1.8624962260935014,3.6363630058352663,3.0769230769230784,False,True,True,
qft_20,lowered,generated,qft,20,18,2,7,14,27.807354922057606,26.32192837005958,234881024.00000024,83886096.00000021,1.4854265519980245,2.7999994659424807,2.333333333333339,False,True,True,
qaoa_20,semantic,generated,qaoa,20,16,2,10,20,28.32192809488736,28.098032163302786,335544319.9999999,287309840.0000003,0.22389593158457544,1.1678831466405728,1.1034482758620658,False,True,True,
qaoa_20,semantic,generated,qaoa,20,18,2,9,18,28.169925001442312,27.95419639915211,301989887.99999994,260046863.99999973,0.21572860229020208,1.1612902511295051,1.0909090909090902,False,True,True,
qaoa_20,lowered,generated,qaoa,20,16,2,5,10,27.32192809488736,26.832890207268058,167772159.99999994,119537680.00000013,0.489037887619304,1.4035085840715642,1.2307692307692288,False,True,True,
qaoa_20,lowered,generated,qaoa,20,18,2,4,8,27.0,26.45943186879386,134217728.0,92274704.0000001,0.5405681312061397,1.454545202334107,1.230769230769232,False,True,True,
hea_20,semantic,generated,hea,20,16,2,11,22,28.459431618637296,28.257387914633107,369098751.99999976,320864272.0000003,0.2020437040041898,1.1503267400242039,1.0931677018633528,False,True,True,
hea_20,semantic,generated,hea,20,18,2,10,20,28.32192809488736,28.129283095565604,335544319.9999999,293601295.99999994,0.19264499932175738,1.1428570805763745,1.0810810810810811,False,True,True,
hea_20,lowered,generated,hea,20,16,2,2,4,26.0,24.169926224429535,67108864.0,18874384.00000002,1.8300737755704652,3.555552541476317,1.8823529411764663,False,True,True,
hea_20,lowered,generated,hea,20,18,2,2,4,26.0,24.58496341796167,67108864.0,25165840.000000026,1.4150365820383293,2.666664971246735,1.5999999999999968,False,True,True,
random_20,semantic,generated,random,20,16,2,13,26,28.70043971814109,27.930875999664615,436207615.9999996,255877135.99999994,0.7695637184764763,1.7047541754570823,1.5998557822311676,False,True,True,
random_20,semantic,generated,random,20,18,2,13,26,28.70043971814109,28.000396279588877,436207615.9999996,268509200.0000003,0.7000434385522141,1.6245537061672344,1.5290165111270615,False,True,True,
random_20,lowered,generated,random,20,16,2,2,4,26.0,24.087464136177953,67108864.0,17825808.0,1.9125358638220469,3.764702503246977,1.9393939393939383,False,True,True,
random_20,lowered,generated,random,20,18,2,2,4,26.0,24.58496341796167,67108864.0,25165840.000000026,1.4150365820383293,2.666664971246735,1.5999999999999968,False,True,True,
grover_20,semantic,generated,grover_oracle,20,16,,,,,,,,,,,,,False,Single instruction exceeds QDAO partition capacity
grover_20,semantic,generated,grover_oracle,20,18,,,,,,,,,,,,,False,Single instruction exceeds QDAO partition capacity
grover_20,lowered,generated,grover_oracle,20,16,,,,,,,,,,,,,False,Single instruction exceeds QDAO partition capacity
grover_20,lowered,generated,grover_oracle,20,18,,,,,,,,,,,,,False,Single instruction exceeds QDAO partition capacity
qft_24,semantic,generated,qft,24,16,2,15,30,32.906890595608516,30.321968355464158,8053063679.999986,1342214735.9999995,2.584922240144362,5.999832563304541,4.999883773644471,False,True,True,
qft_24,semantic,generated,qft,24,18,2,11,22,32.459431618637296,30.321937123948278,5905580031.999996,1342185679.999999,2.137494494689019,4.399972462826455,3.6666475800342084,False,True,True,
qft_24,semantic,generated,qft,24,20,2,8,16,32.0,30.321930244668895,4294967296.0,1342179279.9999986,1.678069755331105,3.1999952316355267,2.6666633817925107,False,True,True,
qft_24,semantic,generated,qft,24,22,2,6,12,31.584962500721154,30.32192859363696,3221225471.9999957,1342177743.999998,1.2630339070841927,2.399999170303632,1.9999994436901392,False,True,True,
qft_24,lowered,generated,qft,24,16,2,17,34,33.08746284125034,30.67948011292848,9126805504.000021,1719664655.9999983,2.4079827283218584,5.307317023790717,4.590717299578049,False,True,True,
qft_24,lowered,generated,qft,24,18,2,13,26,32.70043971814109,30.491853111617022,6979321855.999993,1509949456.0000007,2.2085866065240687,4.622222173243387,3.9245283018867854,False,True,True,
qft_24,lowered,generated,qft,24,20,2,10,20,32.32192809488736,30.584962515053043,5368709119.999998,1610612751.999999,1.7369655798343189,3.3333333002196426,2.8571428571428603,False,True,True,
qft_24,lowered,generated,qft,24,22,2,7,14,31.807354922057606,30.32192811208563,3758096384.000004,1342177296.000002,1.485426809971976,2.799999966621398,2.333333333333333,False,True,True,
qaoa_24,semantic,generated,qaoa,24,16,2,12,24,32.584962500721154,32.39285404396617,6442450943.999991,5639241743.9999695,0.19210845675498334,1.1424321276623055,1.090521831735891,False,True,True,
qaoa_24,semantic,generated,qaoa,24,18,2,10,20,32.32192809488736,32.090112424713325,5368709119.999998,4571791376.000015,0.23181567017403992,1.1743119224957375,1.109185441941073,False,True,True,
qaoa_24,semantic,generated,qaoa,24,20,2,9,18,32.16992500144231,31.918863242959972,4831838207.999988,4060086288.000002,0.25106175848234,1.1900826399382172,1.1162790697674418,False,True,True,
qaoa_24,semantic,generated,qaoa,24,22,2,8,16,32.0,31.754887508533194,4294967296.0,3623878671.9999948,0.2451124914668057,1.185185179952406,1.1034482758620685,False,True,True,
qaoa_24,lowered,generated,qaoa,24,16,2,5,10,31.32192809488736,30.808964187190043,2684354559.999999,1881145360.000002,0.5129639076973191,1.4269788061460578,1.24878048780488,False,True,True,
qaoa_24,lowered,generated,qaoa,24,18,2,5,10,31.32192809488736,30.81378120344691,2684354559.999999,1887436815.9999962,0.5081468914404503,1.4222222101658974,1.2451361867704298,False,True,True,
qaoa_24,lowered,generated,qaoa,24,20,2,4,8,31.0,30.357552021396877,2147483648.0,1375731727.9999986,0.6424479786031227,1.5609755916016805,1.3061224489795926,False,True,True,
qaoa_24,lowered,generated,qaoa,24,22,2,4,8,31.0,30.459431634272082,2147483648.0,1476395023.9999988,0.5405683657279177,1.454545438782244,1.230769230769232,False,True,True,
hea_24,semantic,generated,hea,24,16,2,13,26,32.70043971814109,32.5240519224553,6979321855.999993,6176112655.9999695,0.17638779568578755,1.13005093085854,1.0829808005206618,False,True,True,
hea_24,semantic,generated,hea,24,18,2,12,24,32.584962500721154,32.39446269869906,6442450943.999991,5645533200.000003,0.19049980202209937,1.1411589863646545,1.0893617021276585,False,True,True,
hea_24,semantic,generated,hea,24,20,2,10,20,32.32192809488736,32.09803208798192,5368709119.999998,4596957200.000008,0.22389600690544498,1.1678832076139414,1.1034482758620712,False,True,True,
hea_24,semantic,generated,hea,24,22,2,9,18,32.16992500144231,31.954196315934702,4831838207.999988,4160749583.999998,0.21572868550761015,1.161290318114949,1.0909090909090928,False,True,True,
hea_24,lowered,generated,hea,24,16,2,2,4,30.0,28.011227340747975,1073741824.0,270532623.9999996,1.9887726592520245,3.968992013325541,1.9922178988326886,False,True,True,
hea_24,lowered,generated,hea,24,18,2,2,4,30.0,28.044394202743977,1073741824.0,276824079.99999964,1.9556057972560232,3.878787654599995,1.9692307692307767,False,True,True,
hea_24,lowered,generated,hea,24,20,2,2,4,30.0,28.16992507787904,1073741824.0,301989903.999999,1.8300749221209607,3.555555367175465,1.8823529411764757,False,True,True,
hea_24,lowered,generated,hea,24,22,2,2,4,30.0,28.584962558048705,1073741824.0,402653199.9999999,1.415037441951295,2.6666665607028586,1.6000000000000045,False,True,True,
random_24,semantic,generated,random,24,16,2,17,34,33.08746284125034,32.16270848152694,9126805504.000021,4807729167.999999,0.9247543597233978,1.8983609902045961,1.797972723267527,False,True,True,
random_24,semantic,generated,random,24,18,2,14,28,32.807354922057606,31.89785136902374,7516192768.000008,4001382416.000007,0.9095035530338649,1.8783990097886196,1.7603075872283802,False,True,True,
random_24,semantic,generated,random,24,20,2,13,26,32.70043971814109,31.873450126395113,6979321855.999993,3934273552.0000057,0.8269895917459777,1.773979811966055,1.6606721686620138,False,True,True,
random_24,semantic,generated,random,24,22,2,13,26,32.70043971814109,31.873450126395113,6979321855.999993,3934273552.0000057,0.8269895917459777,1.773979811966055,1.6606721686620138,False,True,True,
random_24,lowered,generated,random,24,16,2,2,4,30.0,28.011227340747975,1073741824.0,270532623.9999996,1.9887726592520245,3.968992013325541,1.9922178988326886,False,True,True,
random_24,lowered,generated,random,24,18,2,2,4,30.0,28.044394202743977,1073741824.0,276824079.99999964,1.9556057972560232,3.878787654599995,1.9692307692307767,False,True,True,
random_24,lowered,generated,random,24,20,2,2,4,30.0,28.16992507787904,1073741824.0,301989903.999999,1.8300749221209607,3.555555367175465,1.8823529411764757,False,True,True,
random_24,lowered,generated,random,24,22,2,2,4,30.0,28.321928163680422,1073741824.0,335544336.0000002,1.6780718363195781,3.1999998474121147,1.7777777777777781,False,True,True,
grover_24,semantic,generated,grover_oracle,24,16,,,,,,,,,,,,,False,Single instruction exceeds QDAO partition capacity
grover_24,semantic,generated,grover_oracle,24,18,,,,,,,,,,,,,False,Single instruction exceeds QDAO partition capacity
grover_24,semantic,generated,grover_oracle,24,20,,,,,,,,,,,,,False,Single instruction exceeds QDAO partition capacity
grover_24,semantic,generated,grover_oracle,24,22,,,,,,,,,,,,,False,Single instruction exceeds QDAO partition capacity
grover_24,lowered,generated,grover_oracle,24,16,,,,,,,,,,,,,False,Single instruction exceeds QDAO partition capacity
grover_24,lowered,generated,grover_oracle,24,18,,,,,,,,,,,,,False,Single instruction exceeds QDAO partition capacity
grover_24,lowered,generated,grover_oracle,24,20,,,,,,,,,,,,,False,Single instruction exceeds QDAO partition capacity
grover_24,lowered,generated,grover_oracle,24,22,,,,,,,,,,,,,False,Single instruction exceeds QDAO partition capacity
qft_28,semantic,generated,qft,28,16,2,22,44,37.459431618637296,34.32196481809039,188978561023.99988,21475383120.00007,3.137466800546907,8.79977600250606,7.333177783411131,False,True,True,
qft_28,semantic,generated,qft,28,18,2,18,36,37.16992500144231,34.32193817840992,154618822655.9996,21474986576.00001,2.8479868230323895,7.199949676746186,5.999965056980475,False,True,True,
qft_28,semantic,generated,qft,28,20,2,14,28,36.807354922057606,34.321930379030135,120259084288.00012,21474870479.999992,2.4854245430274737,5.599991133823148,4.666660512495217,False,True,True,
qft_28,semantic,generated,qft,28,22,2,11,22,36.459431618637296,34.32192867640358,94489280511.99994,21474845135.99995,2.1375029422337164,4.399998226464517,3.6666654373212806,False,True,True,
qft_28,semantic,generated,qft,28,24,2,8,16,36.0,34.3219282292488,68719476736.0,21474838479.99993,1.678071770751199,3.199999701976806,2.6666664613617894,False,True,True,
qft_28,lowered,generated,qft,28,16,2,25,50,37.64385618977472,34.79968636210312,214748364799.99982,29905387535.99989,2.844169827671603,7.180925662357218,6.279126808928131,False,True,True,
qft_28,lowered,generated,qft,28,18,2,20,40,37.32192809488736,34.68123841261573,171798691839.99994,27548188688.00008,2.6406896822716384,6.236297194916318,5.395152792413061,False,True,True,
qft_28,lowered,generated,qft,28,20,2,16,32,37.0,34.651051692034564,137438953472.0,26977763344.0,2.3489483079654363,5.094527360162612,4.394849785407727,False,True,True,
qft_28,lowered,generated,qft,28,22,2,13,26,36.70043971814109,34.85798099586887,111669149695.9999,31138512911.999886,1.842458722272216,3.5862068947090133,3.151515151515147,False,True,True,
qft_28,lowered,generated,qft,28,24,2,10,20,36.32192809488736,34.80735492282538,85899345919.99997,30064771087.999973,1.5145731720619793,2.8571428556223317,2.499999999999999,False,True,True,
qaoa_28,semantic,generated,qaoa,28,16,2,14,28,36.807354922057606,36.643884367352044,120259084288.00012,107376279567.99973,0.1634705547055617,1.1199781252603553,1.0769028526357307,False,True,True,
qaoa_28,semantic,generated,qaoa,28,18,2,12,24,36.584962500721154,36.39245159602159,103079215103.99986,90202701839.99983,0.19251090469956722,1.1427508600223548,1.090812250332887,False,True,True,
qaoa_28,semantic,generated,qaoa,28,20,2,11,22,36.459431618637296,36.24852060522118,94489280511.99994,81637933072.00009,0.21091101341611562,1.157418824269665,1.099570480281137,False,True,True,
qaoa_28,semantic,generated,qaoa,28,22,2,10,20,36.32192809488736,36.09011241997985,85899345919.99997,73148661776.0,0.23181567490750865,1.174311926348644,1.109185441941073,False,True,True,
qaoa_28,semantic,generated,qaoa,28,24,2,9,18,36.16992500144231,35.918863237629935,77309411327.9998,64961380368.00021,0.2510617638123769,1.1900826443349775,1.1162790697674418,False,True,True,
qaoa_28,lowered,generated,qaoa,28,16,2,6,12,35.584962500721154,35.170003271131606,51539607551.99993,38656802832.00009,0.4149592295895488,1.3332609987429034,1.1999414091108809,False,True,True,
qaoa_28,lowered,generated,qaoa,28,18,2,6,12,35.584962500721154,35.17023805293368,51539607551.99993,38663094288.00006,0.4147244477874743,1.333044043709572,1.1997656707674271,False,True,True,
qaoa_28,lowered,generated,qaoa,28,20,2,5,10,35.32192809488736,34.808964175686185,42949672959.999985,30098325520.000004,0.5129639192011766,1.426978817524596,1.24878048780488,False,True,True,
qaoa_28,lowered,generated,qaoa,28,22,2,5,10,35.32192809488736,34.813781191981406,42949672959.999985,30198988816.000023,0.5081469029059598,1.4222222214687035,1.2451361867704298,False,True,True,
qaoa_28,lowered,generated,qaoa,28,24,2,4,8,35.0,34.357552005666754,34359738368.0,22011707407.99994,0.6424479943332457,1.5609756086214508,1.3061224489795926,False,True,True,
hea_28,semantic,generated,hea,28,16,2,16,32,37.0,36.85800528617523,137438953472.0,124556148752.00026,0.14199471382477213,1.1034296969606077,1.0666493058381212,False,True,True,
hea_28,semantic,generated,hea,28,18,2,14,28,36.807354922057606,36.64396889613723,120259084288.00012,107382571024.00015,0.16338602592037432,1.119912506668536,1.0768421843311056,False,True,True,
hea_28,semantic,generated,hea,28,20,2,12,24,36.584962500721154,36.392854040128704,103079215103.99986,90227867663.99995,0.19210846059245057,1.1424321307010945,1.090521831735891,False,True,True,
hea_28,semantic,generated,hea,28,22,2,11,22,36.459431618637296,36.250298418188734,94489280511.99994,81738596368.0,0.2091332004485622,1.155993431629219,1.0982839313572506,False,True,True,
hea_28,semantic,generated,hea,28,24,2,10,20,36.32192809488736,36.09803208327436,85899345919.99997,73551314959.9999,0.2238960116130002,1.1678832114247777,1.1034482758620685,False,True,True,
hea_28,lowered,generated,hea,28,16,2,3,6,34.584962500721154,32.58543205517476,25769803775.999966,6444548111.999978,1.9995304455463874,3.998698330456345,2.3995313415348543,False,True,True,
hea_28,lowered,generated,hea,28,18,2,2,4,34.0,32.002815020971035,17179869184.0,4303355919.999998,1.9971849790289653,3.9922027142017127,1.9980487804878089,False,True,True,
hea_28,lowered,generated,hea,28,20,2,2,4,34.0,32.011227260756044,17179869184.0,4328521743.999984,1.9887727392439523,3.9689922333909893,1.9922178988326886,False,True,True,
hea_28,lowered,generated,hea,28,22,2,2,4,34.0,32.04439412457005,17179869184.0,4429185039.999995,1.9556058754299492,3.87878786477613,1.9692307692307718,False,True,True,
hea_28,lowered,generated,hea,28,24,2,2,4,34.0,32.1699250062196,17179869184.0,4831838223.999972,1.8300749937803964,3.55555554378181,1.8823529411764757,False,True,True,
random_28,semantic,generated,random,28,16,2,20,40,37.32192809488736,36.3810697921321,171798691839.99994,89493868559.99991,0.9408583027552595,1.9196699685053833,1.8317605747136252,False,True,True,
random_28,semantic,generated,random,28,18,2,18,36,37.16992500144231,36.32874531519442,154618822655.9996,86306209807.99976,0.8411796862478909,1.7915144576499282,1.7065873493654442,False,True,True,
random_28,semantic,generated,random,28,20,2,15,30,36.906890595608516,36.07297062286235,128849018879.99977,72284667919.99988,0.8339199727461661,1.7825221113639447,1.68254939506424,False,True,True,
random_28,semantic,generated,random,28,22,2,13,26,36.70043971814109,35.88455287959392,111669149695.9999,63434686479.99988,0.815886838547172,1.7603799418352561,1.6487482734180146,False,True,True,
random_28,semantic,generated,random,28,24,2,13,26,36.70043971814109,35.88950470646337,111669149695.9999,63652790288.00001,0.8109350116777208,1.754348068493897,1.6434559975617271,False,True,True,
random_28,lowered,generated,random,28,16,2,2,4,34.0,32.00070427438308,17179869184.0,4297064464.000002,1.9992957256169177,3.9980478133222603,1.9995118379301966,False,True,True,
random_28,lowered,generated,random,28,18,2,2,4,34.0,32.002815020971035,17179869184.0,4303355919.999998,1.9971849790289653,3.9922027142017127,1.9980487804878089,False,True,True,
random_28,lowered,generated,random,28,20,2,2,4,34.0,32.011227260756044,17179869184.0,4328521743.999984,1.9887727392439523,3.9689922333909893,1.9922178988326886,False,True,True,
random_28,lowered,generated,random,28,22,2,2,4,34.0,32.04439412457005,17179869184.0,4429185039.999995,1.9556058754299492,3.87878786477613,1.9692307692307718,False,True,True,
random_28,lowered,generated,random,28,24,2,2,4,34.0,32.1699250062196,17179869184.0,4831838223.999972,1.8300749937803964,3.55555554378181,1.8823529411764757,False,True,True,
grover_28,semantic,generated,grover_oracle,28,16,,,,,,,,,,,,,False,Single instruction exceeds QDAO partition capacity
grover_28,semantic,generated,grover_oracle,28,18,,,,,,,,,,,,,False,Single instruction exceeds QDAO partition capacity
grover_28,semantic,generated,grover_oracle,28,20,,,,,,,,,,,,,False,Single instruction exceeds QDAO partition capacity
grover_28,semantic,generated,grover_oracle,28,22,,,,,,,,,,,,,False,Single instruction exceeds QDAO partition capacity
grover_28,semantic,generated,grover_oracle,28,24,,,,,,,,,,,,,False,Single instruction exceeds QDAO partition capacity
grover_28,lowered,generated,grover_oracle,28,16,,,,,,,,,,,,,False,Single instruction exceeds QDAO partition capacity
grover_28,lowered,generated,grover_oracle,28,18,,,,,,,,,,,,,False,Single instruction exceeds QDAO partition capacity
grover_28,lowered,generated,grover_oracle,28,20,,,,,,,,,,,,,False,Single instruction exceeds QDAO partition capacity
grover_28,lowered,generated,grover_oracle,28,22,,,,,,,,,,,,,False,Single instruction exceeds QDAO partition capacity
grover_28,lowered,generated,grover_oracle,28,24,,,,,,,,,,,,,False,Single instruction exceeds QDAO partition capacity
qft_32,semantic,generated,qft,32,16,2,32,64,42.0,38.80738199645069,4398046511104.0,481045364623.99945,3.1926180035493132,9.14268556467986,7.999868635382703,False,True,True,
qft_32,semantic,generated,qft,32,18,2,25,50,41.64385618977472,38.321937234997314,3435973836799.997,343599560527.99994,3.3219189547774093,9.99993664578625,8.33328933762847,False,True,True,
qft_32,semantic,generated,qft,32,20,2,21,42,41.39231742277876,38.321930594343996,2886218022911.999,343597978960.0,3.0703868284347635,8.399985447085527,6.999989894078098,False,True,True,
qft_32,semantic,generated,qft,32,22,2,17,34,41.08746284125034,38.321928684263725,2336462209024.0054,343597524047.99994,2.765534156986618,6.799997222033549,5.666664737743074,False,True,True,
qft_32,semantic,generated,qft,32,24,2,14,28,40.807354922057606,38.32192826774335,1924145348608.002,343597424848.00006,2.485426654314253,5.599999329038049,4.6666662009019575,False,True,True,
qft_32,lowered,generated,qft,32,16,2,35,70,42.12928301694497,39.189457817024014,4810363371520.003,626905841680.0005,2.9398251999209535,7.673183198658751,6.915164305094953,False,True,True,
qft_32,lowered,generated,qft,32,18,2,29,58,41.85798099512757,39.15900407196217,3985729650687.9917,613811224592.0,2.6989769231653966,6.4934127806758575,5.839634236271546,False,True,True,
qft_32,lowered,generated,qft,32,20,2,23,46,41.523561956057016,38.6834332928877,3161095929856.0063,441442107408.00195,2.840128663169317,7.1608391605796,6.196264141015543,False,True,True,
qft_32,lowered,generated,qft,32,22,2,19,38,41.247927513443585,38.661778097825064,2611340115967.9995,434865438735.9986,2.5861494156185216,6.004938271384017,5.18550106609807,False,True,True,
qft_32,lowered,generated,qft,32,24,2,16,32,41.0,38.87036471962934,2199023255552.0,502511173648.0011,2.129635280370657,4.376068375929032,3.849624060150373,False,True,True,
qaoa_32,semantic,generated,qaoa,32,16,2,16,32,41.0,40.78136131453812,2199023255552.0,1889787707407.999,0.21863868546188314,1.1636350723056312,1.1228058152521343,False,True,True,
qaoa_32,semantic,generated,qaoa,32,18,2,14,28,40.807354922057606,40.643863234180344,1924145348608.002,1717995307024.0027,0.16349168787726143,1.1199945312662714,1.0769180207800266,False,True,True,
qaoa_32,semantic,generated,qaoa,32,20,2,12,24,40.584962500721154,40.39235096721135,1649267441663.9978,1443142565904.0034,0.19261153350980464,1.142830570333067,1.0908848791530714,False,True,True,
qaoa_32,semantic,generated,qaoa,32,22,2,11,22,40.459431618637296,40.24807580919464,1511828488191.999,1305804275727.9988,0.21135580944265797,1.1577757220538583,1.099892588614391,False,True,True,
qaoa_32,semantic,generated,qaoa,32,24,2,10,20,40.32192809488736,40.08812569220796,1374389534719.9995,1168767975440.0027,0.23380240267940167,1.1759301791295118,1.1106290672451202,False,True,True,
qaoa_32,lowered,generated,qaoa,32,16,2,7,14,39.807354922057606,39.209458125393475,962072674304.001,635657256975.9982,0.5978967966641306,1.5135085201116927,1.3658495919588636,False,True,True,
qaoa_32,lowered,generated,qaoa,32,18,2,6,12,39.584962500721154,39.169944569150765,824633720831.9989,618483679248.0001,0.41501793157038946,1.3333152490533813,1.19998535174131,False,True,True,
qaoa_32,lowered,generated,qaoa,32,20,2,6,12,39.584962500721154,39.1700032705718,824633720831.9989,618508845072.0018,0.414959230149357,1.3332609992602478,1.1999414091108809,False,True,True,
qaoa_32,lowered,generated,qaoa,32,22,2,5,10,39.32192809488736,38.80775740363724,687194767359.9998,481170554895.99994,0.514170691250122,1.428172942769804,1.2496948987063692,False,True,True,
qaoa_32,lowered,generated,qaoa,32,24,2,5,10,39.32192809488736,38.808964174967194,687194767359.9998,481573208080.00006,0.5129639199201677,1.4269788182357548,1.248780487804877,False,True,True,
hea_32,semantic,generated,hea,32,16,2,18,36,41.16992500144231,40.97728132121018,2473901162495.9937,2164665614352.0022,0.19264368023213052,1.1428560356360453,1.1076912675675445,False,True,True,
hea_32,semantic,generated,hea,32,18,2,16,32,41.0,40.857987067893085,2199023255552.0,1992873213968.006,0.14201293210691546,1.1034436311046245,1.0666623264065476,False,True,True,
hea_32,semantic,generated,hea,32,20,2,14,28,40.807354922057606,40.643884367150505,1924145348608.002,1718020472847.9954,0.16347055490710005,1.1199781254168113,1.0769028526357307,False,True,True,
hea_32,semantic,generated,hea,32,22,2,13,26,40.70043971814109,40.523684462337634,1786706395135.9983,1580682182672.0005,0.17675525580345663,1.1303387959467808,1.0832451786150226,False,True,True,
hea_32,semantic,generated,hea,32,24,2,12,24,40.584962500721154,40.39285403988886,1649267441663.9978,1443645882383.9976,0.19210846083229427,1.1424321308910206,1.090521831735891,False,True,True,
hea_32,lowered,generated,hea,32,16,2,3,6,38.584962500721154,36.044436812442655,412316860415.99945,70869057552.00021,2.5405256882784997,5.818009645654759,2.953801775814659,False,True,True,
hea_32,lowered,generated,hea,32,18,2,3,6,38.584962500721154,36.585079902991026,412316860415.99945,103087603728.00002,1.999882597730128,3.9996745050346774,2.3998828182217617,False,True,True,
hea_32,lowered,generated,hea,32,20,2,2,4,38.0,36.00070426934699,274877906944.0,68753031184.00017,1.9992957306530101,3.9980478272784588,1.9995118379301915,False,True,True,
hea_32,lowered,generated,hea,32,22,2,2,4,38.0,36.0028150159423,274877906944.0,68853694480.00003,1.9971849840576965,3.9922027281171375,1.998048780487804,False,True,True,
hea_32,lowered,generated,hea,32,24,2,2,4,38.0,36.01122725575655,274877906944.0,69256347663.99991,1.9887727442434482,3.968992247145082,1.9922178988326886,False,True,True,
random_32,semantic,generated,random,32,16,2,25,50,41.64385618977472,40.89974063236915,3435973836799.997,2051392414224.0024,0.7441155574055713,1.6749471300447174,1.620656839611468,False,True,True,
random_32,semantic,generated,random,32,18,2,21,42,41.39231742277876,40.62033629699858,2886218022911.999,1690206078991.9966,0.7719811257801794,1.7076130885964385,1.640898339067949,False,True,True,
random_32,semantic,generated,random,32,20,2,19,38,41.247927513443585,40.557471418100356,2611340115967.9995,1618137583631.997,0.6904560953432295,1.6137936244622078,1.5480506187187435,False,True,True,
random_32,semantic,generated,random,32,22,2,16,32,41.0,40.28785692800823,2199023255552.0,1342311763984.0034,0.7121430719917683,1.638235851427885,1.5584511470170217,False,True,True,
random_32,semantic,generated,random,32,24,2,13,26,40.70043971814109,39.95565275071661,1786706395135.9983,1066227732496.0042,0.7447869674244814,1.6757268083370682,1.5742638782029503,False,True,True,
random_32,lowered,generated,random,32,16,2,8,16,40.0,38.861111168336315,1099511627776.0,499298344976.00085,1.1388888316636852,2.202113503558376,1.935699173122868,False,True,True,
random_32,lowered,generated,random,32,18,2,6,12,39.584962500721154,38.35768958424411,824633720831.9989,352220905488.0009,1.227272916477041,2.341240136469105,1.9590273484964031,False,True,True,
random_32,lowered,generated,random,32,20,2,6,12,39.584962500721154,38.80816016580024,824633720831.9989,481304903695.99963,0.7768023349209159,1.7133291485283757,1.499267578299533,False,True,True,
random_32,lowered,generated,random,32,22,2,5,10,39.32192809488736,38.357586367246974,687194767359.9998,352195706895.99994,0.9643417276403881,1.9511730379011174,1.6326205233473459,False,True,True,
random_32,lowered,generated,random,32,24,2,4,8,39.0,38.32206897626327,549755813888.0,343630938128.00055,0.6779310237367326,1.5998437651828055,1.3332248352184906,False,True,True,
grover_32,semantic,generated,grover_oracle,32,16,,,,,,,,,,,,,False,Single instruction exceeds QDAO partition capacity
grover_32,semantic,generated,grover_oracle,32,18,,,,,,,,,,,,,False,Single instruction exceeds QDAO partition capacity
grover_32,semantic,generated,grover_oracle,32,20,,,,,,,,,,,,,False,Single instruction exceeds QDAO partition capacity
grover_32,semantic,generated,grover_oracle,32,22,,,,,,,,,,,,,False,Single instruction exceeds QDAO partition capacity
grover_32,semantic,generated,grover_oracle,32,24,,,,,,,,,,,,,False,Single instruction exceeds QDAO partition capacity
grover_32,lowered,generated,grover_oracle,32,16,,,,,,,,,,,,,False,Single instruction exceeds QDAO partition capacity
grover_32,lowered,generated,grover_oracle,32,18,,,,,,,,,,,,,False,Single instruction exceeds QDAO partition capacity
grover_32,lowered,generated,grover_oracle,32,20,,,,,,,,,,,,,False,Single instruction exceeds QDAO partition capacity
grover_32,lowered,generated,grover_oracle,32,22,,,,,,,,,,,,,False,Single instruction exceeds QDAO partition capacity
grover_32,lowered,generated,grover_oracle,32,24,,,,,,,,,,,,,False,Single instruction exceeds QDAO partition capacity
qft_40,semantic,generated,qft,40,16,2,53,106,50.7279204545632,46.80738116158686,1864771720708093.2,123147542080271.69,3.9205392929763363,15.142581729260764,13.249789135987374,False,True,True,
qft_40,semantic,generated,qft,40,18,2,45,90,50.49185309632968,46.80736213151658,1583296743997443.0,123145917696144.36,3.684490964813101,12.857078607381357,11.249950808746954,False,True,True,
qft_40,semantic,generated,qft,40,20,2,38,76,50.247927513443585,46.807356609443126,1337006139375615.8,123145446342544.33,3.4405709040004595,10.85713015856524,9.499990277651184,False,True,True,
qft_40,semantic,generated,qft,40,22,2,31,62,49.95419631038688,46.321928655373135,1090715534753793.1,87960964394831.78,3.6322676550137416,12.399995182611697,10.333329987926101,False,True,True,
qft_40,semantic,generated,qft,40,24,2,27,54,49.75488750216347,46.32192825093689,949978046398465.0,87960939736400.2,3.4329592512265776,10.799998831814923,8.999999188761718,False,True,True,
qft_40,lowered,generated,qft,40,16,2,58,116,50.85798099512757,47.449727815882184,2040693581152251.8,192216806981647.9,3.408253179245385,10.616624077763861,9.726435229108093,False,True,True,
qft_40,lowered,generated,qft,40,18,2,49,98,50.61470984411521,47.36683150985197,1724034232352771.2,181483473993744.34,3.247878334263241,9.49967616562265,8.660195987909502,False,True,True,
qft_40,lowered,generated,qft,40,20,2,41,82,50.357552004618086,47.189468675816855,1442559255642113.8,160489103425551.97,3.168083328801231,8.988518378204358,8.100566095044607,False,True,True,
qft_40,lowered,generated,qft,40,22,2,35,70,50.12928301694497,47.16448469123061,1231453023109120.8,157733747687440.3,2.964798325714355,7.807162646951907,7.0237927549989205,False,True,True,
qft_40,lowered,generated,qft,40,24,2,30,60,49.906890595608516,47.080359535787785,1055531162664958.1,148799141969935.97,2.8265310598207307,7.093664309423385,6.343666916186954,False,True,True,
qaoa_40,semantic,generated,qaoa,40,16,2,20,40,49.32192809488736,49.129363527148065,703687441776639.8,615760873390096.9,0.19256456773929642,1.1427933670134958,1.1110508290667143,False,True,True,
qaoa_40,semantic,generated,qaoa,40,18,2,17,34,49.08746284125034,48.85953481007891,598134325510145.4,510723159490577.5,0.22792803117143023,1.171151756867177,1.132153988267124,False,True,True,
qaoa_40,semantic,generated,qaoa,40,20,2,16,32,49.0,48.78135981358734,562949953421312.0,483785149775890.1,0.2186401864126566,1.163636282928681,1.122806942400554,False,True,True,
qaoa_40,semantic,generated,qaoa,40,22,2,14,28,48.807354922057606,48.643856630050294,492581209243648.5,439804785328143.4,0.16349829200731136,1.1199996582031913,1.0769227609127439,False,True,True,
qaoa_40,semantic,generated,qaoa,40,24,2,13,26,48.70043971814109,48.52356387029748,457396837154815.56,404620815892496.1,0.1768758478436112,1.1304332826918662,1.083331955805517,False,True,True,
qaoa_40,lowered,generated,qaoa,40,16,2,9,18,48.16992500144231,47.70054810282816,316659348799487.2,228715600543760.38,0.46937689861415066,1.384511367159235,1.2856245967122393,False,True,True,
qaoa_40,lowered,generated,qaoa,40,18,2,8,16,48.0,47.46147950973671,281474976710656.0,193788932784144.1,0.5385204902632879,1.4524822066293273,1.3315994269997553,False,True,True,
qaoa_40,lowered,generated,qaoa,40,20,2,7,14,47.807354922057606,47.20945366311257,246290604621824.25,162727754465296.47,0.5979012589450363,1.5135132014271635,1.3658534043747708,False,True,True,
qaoa_40,lowered,generated,qaoa,40,22,2,6,12,47.584962500721154,47.16992622442968,211106232532991.72,158329808617488.12,0.4150362762914739,1.3333322030534827,1.19999908447335,False,True,True,
qaoa_40,lowered,generated,qaoa,40,24,2,6,12,47.584962500721154,47.169929893385124,211106232532991.72,158330211270672.2,0.4150326073360304,1.3333288122258404,1.1999963379017962,False,True,True,
hea_40,semantic,generated,hea,40,16,2,23,46,49.523561956057016,49.357620733120875,809240558043137.6,721313989656591.8,0.16594122293614078,1.1218977721871255,1.0951871626670597,False,True,True,
hea_40,semantic,generated,hea,40,18,2,20,40,49.32192809488736,49.13057058244309,703687441776639.8,616276275757072.5,0.19135751244427013,1.1418376294174004,1.110147426765387,False,True,True,
hea_40,semantic,generated,hea,40,20,2,18,36,49.16992500144231,48.97728001085623,633318697598974.4,554153893953553.5,0.1926449905860821,1.1428570736562504,1.1076922426844462,False,True,True,
hea_40,semantic,generated,hea,40,22,2,16,32,49.0,48.85798137467549,562949953421312.0,510173529505809.0,0.1420186253245106,1.1034479855641002,1.0666663953993725,False,True,True,
hea_40,semantic,generated,hea,40,24,2,15,30,48.906890595608516,48.75488913281291,527765581332479.06,474989560070159.4,0.152001462795603,1.1111098552450802,1.0714274036653704,False,True,True,
hea_40,lowered,generated,hea,40,16,2,4,8,47.0,44.170081688238646,140737488355328.0,19793358880783.98,2.8299183117613538,7.11033883652564,3.764489420629607,False,True,True,
hea_40,lowered,generated,hea,40,18,2,3,6,46.584962500721154,44.00281570219781,105553116266495.86,17626554171407.99,2.582146798523347,5.988301243683432,2.997072456871072,False,True,True,
hea_40,lowered,generated,hea,40,20,2,3,6,46.584962500721154,44.04439678769415,105553116266495.86,18141975412752.035,2.540565713027007,5.818171057177287,2.953843380180108,False,True,True,
hea_40,lowered,generated,hea,40,22,2,3,6,46.584962500721154,44.5849698386298,105553116266495.86,26388413284367.938,1.9999926620913513,3.9999796550489757,2.3999926758035923,False,True,True,
hea_40,lowered,generated,hea,40,24,2,2,4,46.0,44.00004402688814,70368744177664.0,17592722915344.016,1.9999559731118595,3.9998779334090355,1.9999694828875338,False,True,True,
random_40,semantic,generated,random,40,16,2,32,64,50.0,49.38886289283573,1125899906842624.0,737104703528977.0,0.611137107164268,1.5274626541551606,1.491857091764467,False,True,True,
random_40,semantic,generated,random,40,18,2,28,56,49.807354922057606,49.16587000044733,985162418487297.0,631541120114705.2,0.641484921610278,1.559933925297476,1.5176580975585148,False,True,True,
random_40,semantic,generated,random,40,20,2,25,50,49.64385618977472,49.03965279061331,879609302220799.2,578637355032592.6,0.6042033991614133,1.5201391589577793,1.475286347992633,False,True,True,
random_40,semantic,generated,random,40,22,2,22,44,49.459431618637296,48.85255465422995,774056185954303.5,508258108325904.4,0.6068769644073484,1.5229588535318843,1.4720086576755118,False,True,True,
random_40,semantic,generated,random,40,24,2,19,38,49.247927513443585,48.630296458024446,668503069687807.9,435690340909071.7,0.6176310554191389,1.5343536611185147,1.4748044099137059,False,True,True,
random_40,lowered,generated,random,40,16,2,10,20,48.32192809488736,46.930743113067244,351843720888319.9,134140955590672.34,1.3911849818201176,2.6229403193008545,2.318832373052205,False,True,True,
random_40,lowered,generated,random,40,18,2,8,16,48.0,46.39235097129033,281474976710656.0,92361124478991.73,1.6076490287096732,3.0475481789384204,2.5599499948732696,False,True,True,
random_40,lowered,generated,random,40,20,2,7,14,47.807354922057606,46.32249157198083,246290604621824.25,87995292057615.81,1.484863350076779,2.7989066103736886,2.3325739855616656,False,True,True,
random_40,lowered,generated,random,40,22,2,6,12,47.584962500721154,46.17990924183439,211106232532991.72,79714601402384.2,1.4050532588867668,2.648275583382365,2.1694913383965395,False,True,True,
random_40,lowered,generated,random,40,24,2,5,10,47.32192809488736,45.906891329401326,175921860444159.94,65970731221008.01,1.415036765486036,2.6666653103299027,2.1052623125327954,False,True,True,
multiplier_5_basis,semantic,generated,arithmetic,21,16,2,4,8,28.0,19.807380080443167,268435456.0,917519.9999999999,8.192619919556833,292.56632661958326,256.0,False,True,True,
multiplier_5_basis,semantic,generated,arithmetic,21,18,2,2,4,27.0,18.58502120293836,134217728.0,393232.0000000004,8.41497879706164,341.31944500956143,256.0,False,True,True,
multiplier_5_basis,semantic,generated,arithmetic,21,20,2,2,4,27.0,18.58502120293836,134217728.0,393232.0000000004,8.41497879706164,341.31944500956143,256.0,False,True,True,
multiplier_5_basis,lowered,generated,arithmetic,21,16,2,4,8,28.0,19.807380080443167,268435456.0,917519.9999999999,8.192619919556833,292.56632661958326,256.0,False,True,True,
multiplier_5_basis,lowered,generated,arithmetic,21,18,2,2,4,27.0,18.58502120293836,134217728.0,393232.0000000004,8.41497879706164,341.31944500956143,256.0,False,True,True,
multiplier_5_basis,lowered,generated,arithmetic,21,20,2,2,4,27.0,18.58502120293836,134217728.0,393232.0000000004,8.41497879706164,341.31944500956143,256.0,False,True,True,
multiplier_5_superposed_input,semantic,generated,arithmetic,21,16,2,5,10,28.32192809488736,26.46352462271908,335544319.9999999,92536847.9999999,1.8584034721682805,3.626061695985152,2.661122661122657,False,True,True,
multiplier_5_superposed_input,semantic,generated,arithmetic,21,18,2,3,6,27.584962500721154,26.169925307189214,201326591.99999973,75497487.99999994,1.4150371935319406,2.6666661015264492,1.8461538461538454,False,True,True,
multiplier_5_superposed_input,semantic,generated,arithmetic,21,20,2,2,4,27.0,26.00000034396526,134217728.0,67108880.00000004,0.9999996560347384,1.9999995231629542,1.333333333333335,False,True,True,
multiplier_5_superposed_input,lowered,generated,arithmetic,21,16,2,5,10,28.32192809488736,26.46352462271908,335544319.9999999,92536847.9999999,1.8584034721682805,3.626061695985152,2.661122661122657,False,True,True,
multiplier_5_superposed_input,lowered,generated,arithmetic,21,18,2,3,6,27.584962500721154,26.169925307189214,201326591.99999973,75497487.99999994,1.4150371935319406,2.6666661015264492,1.8461538461538454,False,True,True,
multiplier_5_superposed_input,lowered,generated,arithmetic,21,20,2,2,4,27.0,26.00000034396526,134217728.0,67108880.00000004,0.9999996560347384,1.9999995231629542,1.333333333333335,False,True,True,
vbe_7_basis,semantic,generated,arithmetic,22,16,2,3,6,28.584962500721154,6.584962500721156,402653183.99999946,96.0,22.0,4194304.0,4194303.9999999898,False,True,True,
vbe_7_basis,semantic,generated,arithmetic,22,18,2,3,6,28.584962500721154,6.584962500721156,402653183.99999946,96.0,22.0,4194304.0,4194303.9999999898,False,True,True,
vbe_7_basis,semantic,generated,arithmetic,22,20,2,3,6,28.584962500721154,6.584962500721156,402653183.99999946,96.0,22.0,4194304.0,4194303.9999999898,False,True,True,
vbe_7_basis,lowered,generated,arithmetic,22,16,2,3,6,28.584962500721154,6.584962500721156,402653183.99999946,96.0,22.0,4194304.0,4194303.9999999898,False,True,True,
vbe_7_basis,lowered,generated,arithmetic,22,18,2,3,6,28.584962500721154,6.584962500721156,402653183.99999946,96.0,22.0,4194304.0,4194303.9999999898,False,True,True,
vbe_7_basis,lowered,generated,arithmetic,22,20,2,3,6,28.584962500721154,6.584962500721156,402653183.99999946,96.0,22.0,4194304.0,4194303.9999999898,False,True,True,
vbe_7_superposed_input,semantic,generated,arithmetic,22,16,2,3,6,28.584962500721154,24.326430584381914,402653183.99999946,21037072.0,4.2585319163392406,19.14017235858676,10.648180242634291,False,True,True,
vbe_7_superposed_input,semantic,generated,arithmetic,22,18,2,3,6,28.584962500721154,24.592457949756056,402653183.99999946,25296912.000000052,3.992504550965098,15.917088378217809,9.570093457943905,False,True,True,
vbe_7_superposed_input,semantic,generated,arithmetic,22,20,2,3,6,28.584962500721154,24.599913749971556,402653183.99999946,25427984.0,3.9850487507495984,15.835041582533616,9.540372670807436,False,True,True,
vbe_7_superposed_input,lowered,generated,arithmetic,22,16,2,3,6,28.584962500721154,24.326430584381914,402653183.99999946,21037072.0,4.2585319163392406,19.14017235858676,10.648180242634291,False,True,True,
vbe_7_superposed_input,lowered,generated,arithmetic,22,18,2,3,6,28.584962500721154,24.592457949756056,402653183.99999946,25296912.000000052,3.992504550965098,15.917088378217809,9.570093457943905,False,True,True,
vbe_7_superposed_input,lowered,generated,arithmetic,22,20,2,3,6,28.584962500721154,24.599913749971556,402653183.99999946,25427984.0,3.9850487507495984,15.835041582533616,9.540372670807436,False,True,True,
multiplier_7_basis,semantic,generated,arithmetic,29,16,2,22,44,38.459431618637296,26.233620554385187,377957122047.99976,78905391.99999991,12.22581106425211,4790.003730644925,4665.991684210151,False,True,True,
multiplier_7_basis,semantic,generated,arithmetic,29,18,2,17,34,38.08746284125034,26.044394452900526,292057776128.0007,69206032.00000004,12.043068388349816,4220.120236455697,4096.00000000001,False,True,True,
multiplier_7_basis,semantic,generated,arithmetic,29,20,2,6,12,36.584962500721154,24.459432619263282,103079215103.99986,23068687.999999993,12.125529881457872,4468.360537192228,4096.0,False,True,True,
multiplier_7_basis,semantic,generated,arithmetic,29,22,2,3,6,35.584962500721154,23.321930296263613,51539607551.99993,10485775.999999993,12.263032204457541,4915.192500011442,4096.0,False,True,True,
multiplier_7_basis,semantic,generated,arithmetic,29,24,2,2,4,35.0,22.58496616967971,34359738368.0,6291472.000000003,12.41503383032029,5461.319444479763,4096.0,False,True,True,
multiplier_7_basis,lowered,generated,arithmetic,29,16,2,22,44,38.459431618637296,26.233620554385187,377957122047.99976,78905391.99999991,12.22581106425211,4790.003730644925,4665.991684210151,False,True,True,
multiplier_7_basis,lowered,generated,arithmetic,29,18,2,17,34,38.08746284125034,26.044394452900526,292057776128.0007,69206032.00000004,12.043068388349816,4220.120236455697,4096.00000000001,False,True,True,
multiplier_7_basis,lowered,generated,arithmetic,29,20,2,6,12,36.584962500721154,24.459432619263282,103079215103.99986,23068687.999999993,12.125529881457872,4468.360537192228,4096.0,False,True,True,
multiplier_7_basis,lowered,generated,arithmetic,29,22,2,3,6,35.584962500721154,23.321930296263613,51539607551.99993,10485775.999999993,12.263032204457541,4915.192500011442,4096.0,False,True,True,
multiplier_7_basis,lowered,generated,arithmetic,29,24,2,2,4,35.0,22.58496616967971,34359738368.0,6291472.000000003,12.41503383032029,5461.319444479763,4096.0,False,True,True,
multiplier_7_superposed_input,semantic,generated,arithmetic,29,16,2,22,44,38.459431618637296,36.15102157311969,377957122047.99976,76303044624.00023,2.308410045517604,4.953368819166592,4.452159950207039,False,True,True,
multiplier_7_superposed_input,semantic,generated,arithmetic,29,18,2,18,36,38.16992500144231,36.134426398867795,309237645311.9992,75430367248.00003,2.0354986025745134,4.0996439046264666,3.680511002683243,False,True,True,
multiplier_7_superposed_input,semantic,generated,arithmetic,29,20,2,7,14,36.807354922057606,34.55458908678156,120259084288.00012,25232936976.000008,2.252765835276044,4.765956670140422,3.5555551249725,False,True,True,
multiplier_7_superposed_input,semantic,generated,arithmetic,29,22,2,4,8,36.0,33.70217268701724,68719476736.0,13975420943.99997,2.2978273129827578,4.917166861117194,3.0453531598512966,False,True,True,
multiplier_7_superposed_input,semantic,generated,arithmetic,29,24,2,3,6,35.584962500721154,33.64385619149455,51539607551.99993,13421772815.999985,1.9411063092266012,3.839999995422353,2.3414634146341404,False,True,True,
multiplier_7_superposed_input,lowered,generated,arithmetic,29,16,2,22,44,38.459431618637296,36.15102157311969,377957122047.99976,76303044624.00023,2.308410045517604,4.953368819166592,4.452159950207039,False,True,True,
multiplier_7_superposed_input,lowered,generated,arithmetic,29,18,2,18,36,38.16992500144231,36.134426398867795,309237645311.9992,75430367248.00003,2.0354986025745134,4.0996439046264666,3.680511002683243,False,True,True,
multiplier_7_superposed_input,lowered,generated,arithmetic,29,20,2,7,14,36.807354922057606,34.55458908678156,120259084288.00012,25232936976.000008,2.252765835276044,4.765956670140422,3.5555551249725,False,True,True,
multiplier_7_superposed_input,lowered,generated,arithmetic,29,22,2,4,8,36.0,33.70217268701724,68719476736.0,13975420943.99997,2.2978273129827578,4.917166861117194,3.0453531598512966,False,True,True,
multiplier_7_superposed_input,lowered,generated,arithmetic,29,24,2,3,6,35.584962500721154,33.64385619149455,51539607551.99993,13421772815.999985,1.9411063092266012,3.839999995422353,2.3414634146341404,False,True,True,
cdkm_9_basis,semantic,generated,arithmetic,20,16,2,3,6,26.584962500721154,6.584962500721156,100663295.99999987,96.0,20.0,1048576.0,1048575.9999999974,False,True,True,
cdkm_9_basis,semantic,generated,arithmetic,20,18,2,3,6,26.584962500721154,6.584962500721156,100663295.99999987,96.0,20.0,1048576.0,1048575.9999999974,False,True,True,
cdkm_9_basis,lowered,generated,arithmetic,20,16,2,3,6,26.584962500721154,6.584962500721156,100663295.99999987,96.0,20.0,1048576.0,1048575.9999999974,False,True,True,
cdkm_9_basis,lowered,generated,arithmetic,20,18,2,3,6,26.584962500721154,6.584962500721156,100663295.99999987,96.0,20.0,1048576.0,1048575.9999999974,False,True,True,
cdkm_9_superposed_input,semantic,generated,arithmetic,20,16,2,3,6,26.584962500721154,25.643856630050244,100663295.99999987,52428816.00000002,0.9411058706709099,1.9199994140626755,1.4545454545454517,False,True,True,
cdkm_9_superposed_input,semantic,generated,arithmetic,20,18,2,3,6,26.584962500721154,25.807355315160752,100663295.99999987,58720271.99999998,0.7776071855604023,1.7142852471800523,1.3333333333333317,False,True,True,
cdkm_9_superposed_input,lowered,generated,arithmetic,20,16,2,3,6,26.584962500721154,25.643856630050244,100663295.99999987,52428816.00000002,0.9411058706709099,1.9199994140626755,1.4545454545454517,False,True,True,
cdkm_9_superposed_input,lowered,generated,arithmetic,20,18,2,3,6,26.584962500721154,25.807355315160752,100663295.99999987,58720271.99999998,0.7776071855604023,1.7142852471800523,1.3333333333333317,False,True,True,
vbe_9_basis,semantic,generated,arithmetic,28,16,2,3,6,34.584962500721154,6.584962500721156,25769803775.999966,96.0,28.0,268435456.0,268435455.99999934,False,True,True,
vbe_9_basis,semantic,generated,arithmetic,28,18,2,3,6,34.584962500721154,6.584962500721156,25769803775.999966,96.0,28.0,268435456.0,268435455.99999934,False,True,True,
vbe_9_basis,semantic,generated,arithmetic,28,20,2,3,6,34.584962500721154,6.584962500721156,25769803775.999966,96.0,28.0,268435456.0,268435455.99999934,False,True,True,
vbe_9_basis,semantic,generated,arithmetic,28,22,2,3,6,34.584962500721154,6.584962500721156,25769803775.999966,96.0,28.0,268435456.0,268435455.99999934,False,True,True,
vbe_9_basis,semantic,generated,arithmetic,28,24,2,3,6,34.584962500721154,6.584962500721156,25769803775.999966,96.0,28.0,268435456.0,268435455.99999934,False,True,True,
vbe_9_basis,lowered,generated,arithmetic,28,16,2,4,8,35.0,7.0,34359738368.0,128.0,28.0,268435456.0,268435456.0,False,True,True,
vbe_9_basis,lowered,generated,arithmetic,28,18,2,3,6,34.584962500721154,6.584962500721156,25769803775.999966,96.0,28.0,268435456.0,268435455.99999934,False,True,True,
vbe_9_basis,lowered,generated,arithmetic,28,20,2,3,6,34.584962500721154,6.584962500721156,25769803775.999966,96.0,28.0,268435456.0,268435455.99999934,False,True,True,
vbe_9_basis,lowered,generated,arithmetic,28,22,2,3,6,34.584962500721154,6.584962500721156,25769803775.999966,96.0,28.0,268435456.0,268435455.99999934,False,True,True,
vbe_9_basis,lowered,generated,arithmetic,28,24,2,3,6,34.584962500721154,6.584962500721156,25769803775.999966,96.0,28.0,268435456.0,268435455.99999934,False,True,True,
vbe_9_superposed_input,semantic,generated,arithmetic,28,16,2,4,8,35.0,30.090277877051207,34359738368.0,1143078928.0000014,4.909722122948793,30.058937774417583,15.499556554130006,False,True,True,
vbe_9_superposed_input,semantic,generated,arithmetic,28,18,2,3,6,34.584962500721154,30.170238071441684,25769803775.999966,1208221711.9999983,4.41472442927947,21.32870442573209,11.292820218265373,False,True,True,
vbe_9_superposed_input,semantic,generated,arithmetic,28,20,2,3,6,34.584962500721154,30.17055105441759,25769803775.999966,1208483855.9999974,4.414411446303564,21.324077808781272,11.291523087525846,False,True,True,
vbe_9_superposed_input,semantic,generated,arithmetic,28,22,2,3,6,34.584962500721154,30.323054777526483,25769803775.999966,1343225871.9999974,4.261907723194671,19.18501148107726,10.662039045553119,False,True,True,
vbe_9_superposed_input,semantic,generated,arithmetic,28,24,2,3,6,34.584962500721154,30.586839802275076,25769803775.999966,1612709903.999999,3.9981226984460783,15.979193599594824,9.592505854800914,False,True,True,
vbe_9_superposed_input,lowered,generated,arithmetic,28,16,2,4,8,35.0,30.090277877051207,34359738368.0,1143078928.0000014,4.909722122948793,30.058937774417583,15.499556554130006,False,True,True,
vbe_9_superposed_input,lowered,generated,arithmetic,28,18,2,4,8,35.0,30.180220001143496,34359738368.0,1216610319.999998,4.819779998856504,28.242188811944366,15.001945747968433,False,True,True,
vbe_9_superposed_input,lowered,generated,arithmetic,28,20,2,3,6,34.584962500721154,30.17055105441759,25769803775.999966,1208483855.9999974,4.414411446303564,21.324077808781272,11.291523087525846,False,True,True,
vbe_9_superposed_input,lowered,generated,arithmetic,28,22,2,3,6,34.584962500721154,30.323054777526483,25769803775.999966,1343225871.9999974,4.261907723194671,19.18501148107726,10.662039045553119,False,True,True,
vbe_9_superposed_input,lowered,generated,arithmetic,28,24,2,3,6,34.584962500721154,30.586839802275076,25769803775.999966,1612709903.999999,3.9981226984460783,15.979193599594824,9.592505854800914,False,True,True,
comparator_9_basis,semantic,generated,arithmetic,18,16,2,3,6,24.584962500721154,6.584962500721156,25165823.999999966,96.0,18.0,262144.0,262143.99999999936,False,True,True,
comparator_9_basis,lowered,generated,arithmetic,18,16,2,3,6,24.584962500721154,6.584962500721156,25165823.999999966,96.0,18.0,262144.0,262143.99999999936,False,True,True,
comparator_9_superposed_input,semantic,generated,arithmetic,18,16,2,3,6,24.584962500721154,23.807356494469555,25165823.999999966,14680080.000000004,0.7776060062515988,1.7142838458645975,1.3333333333333317,False,True,True,
comparator_9_superposed_input,lowered,generated,arithmetic,18,16,2,3,6,24.584962500721154,23.807356494469555,25165823.999999966,14680080.000000004,0.7776060062515988,1.7142838458645975,1.3333333333333317,False,True,True,
draper_9_basis,semantic,generated,arithmetic,18,16,2,2,4,24.0,14.585901449690772,16777216.0,24592.000000000004,9.414098550309228,682.2225113858165,512.0,False,True,True,
draper_9_basis,lowered,generated,arithmetic,18,16,2,2,4,24.0,14.585901449690772,16777216.0,24592.000000000004,9.414098550309228,682.2225113858165,512.0,False,True,True,
draper_9_superposed_input,semantic,generated,arithmetic,18,16,2,3,6,24.584962500721154,23.588716465297825,25165823.999999966,12615695.999999996,0.9962460354233293,1.9948026648708064,1.4970760233918134,False,True,True,
draper_9_superposed_input,lowered,generated,arithmetic,18,16,2,3,6,24.584962500721154,23.807356494469555,25165823.999999966,14680080.000000004,0.7776060062515988,1.7142838458645975,1.3333333333333317,False,True,True,
modular_adder_9_basis,semantic,generated,arithmetic,18,16,2,5,10,25.32192809488736,7.321928094887363,41943039.999999985,160.00000000000003,18.0,262144.0,262144.0,False,True,True,
modular_adder_9_basis,lowered,generated,arithmetic,18,16,2,5,10,25.32192809488736,24.022371877105066,41943039.999999985,17039408.000000015,1.2995562177822961,2.4615315273863945,1.9753056651088912,False,True,True,
modular_adder_9_superposed_input,semantic,generated,arithmetic,18,16,2,5,10,25.32192809488736,24.906891329400977,41943039.999999985,31457296.00000004,0.41503676548638424,1.333332655165273,1.176470588235291,False,True,True,
modular_adder_9_superposed_input,lowered,generated,arithmetic,18,16,2,5,10,25.32192809488736,24.906891329400977,41943039.999999985,31457296.00000004,0.41503676548638424,1.333332655165273,1.176470588235291,False,True,True,
multiplier_9_basis,semantic,generated,arithmetic,37,16,2,35,70,47.12928301694497,30.988695812788002,153931627888640.1,2130722864.0000029,16.140587204156965,72243.85230450124,71123.80160856279,False,True,True,
multiplier_9_basis,semantic,generated,arithmetic,37,18,2,28,56,46.807354922057606,30.629584341880033,123145302310912.12,1661206575.999999,16.177770580177572,74130.03541524157,72662.3417061229,False,True,True,
multiplier_9_basis,semantic,generated,arithmetic,37,20,2,28,56,46.807354922057606,30.632995238730704,123145302310912.12,1665138736.0000026,16.1743596833269,73954.98023590025,72494.14184423097,False,True,True,
multiplier_9_basis,semantic,generated,arithmetic,37,22,2,23,46,46.523561956057016,30.491853111617022,101155069755392.2,1509949456.0000007,16.031708844439994,66992.35484567912,65536.00000000016,False,True,True,
multiplier_9_basis,semantic,generated,arithmetic,37,24,2,8,16,45.0,28.906890641470557,35184372088832.0,503316495.99999976,16.093109358529443,69905.06444444455,65536.0,False,True,True,
multiplier_9_basis,lowered,generated,arithmetic,37,16,2,35,70,47.12928301694497,30.988695812788002,153931627888640.1,2130722864.0000029,16.140587204156965,72243.85230450124,71123.80160856279,False,True,True,
multiplier_9_basis,lowered,generated,arithmetic,37,18,2,28,56,46.807354922057606,30.629584341880033,123145302310912.12,1661206575.999999,16.177770580177572,74130.03541524157,72662.3417061229,False,True,True,
multiplier_9_basis,lowered,generated,arithmetic,37,20,2,28,56,46.807354922057606,30.632995238730704,123145302310912.12,1665138736.0000026,16.1743596833269,73954.98023590025,72494.14184423097,False,True,True,
multiplier_9_basis,lowered,generated,arithmetic,37,22,2,23,46,46.523561956057016,30.491853111617022,101155069755392.2,1509949456.0000007,16.031708844439994,66992.35484567912,65536.00000000016,False,True,True,
multiplier_9_basis,lowered,generated,arithmetic,37,24,2,8,16,45.0,28.906890641470557,35184372088832.0,503316495.99999976,16.093109358529443,69905.06444444455,65536.0,False,True,True,
multiplier_9_superposed_input,semantic,generated,arithmetic,37,16,2,36,72,47.16992500144231,44.45353188953849,158329674399743.6,24090538721295.92,2.7163931119038196,6.572276204839741,6.022529950832703,False,True,True,
multiplier_9_superposed_input,semantic,generated,arithmetic,37,18,2,28,56,46.807354922057606,44.16522108859193,123145302310912.12,19726785069071.973,2.642133833465678,6.242542912072462,5.616454385068334,False,True,True,
multiplier_9_superposed_input,semantic,generated,arithmetic,37,20,2,28,56,46.807354922057606,44.16522137616576,123145302310912.12,19726789001231.996,2.642133545891845,6.242541667740317,5.616453377817272,False,True,True,
multiplier_9_superposed_input,semantic,generated,arithmetic,37,22,2,24,48,46.584962500721154,44.16113188418711,105553116266495.86,19670950232080.02,2.4238306165340475,5.365938860155135,4.82639434045341,False,True,True,
multiplier_9_superposed_input,semantic,generated,arithmetic,37,24,2,9,18,45.16992500144231,42.577428831641,39582418599935.9,6562710044688.018,2.592496169801308,6.031413597493105,4.517647050375742,False,True,True,
multiplier_9_superposed_input,lowered,generated,arithmetic,37,16,2,36,72,47.16992500144231,44.45353188953849,158329674399743.6,24090538721295.92,2.7163931119038196,6.572276204839741,6.022529950832703,False,True,True,
multiplier_9_superposed_input,lowered,generated,arithmetic,37,18,2,28,56,46.807354922057606,44.16522108859193,123145302310912.12,19726785069071.973,2.642133833465678,6.242542912072462,5.616454385068334,False,True,True,
multiplier_9_superposed_input,lowered,generated,arithmetic,37,20,2,28,56,46.807354922057606,44.16522137616576,123145302310912.12,19726789001231.996,2.642133545891845,6.242541667740317,5.616453377817272,False,True,True,
multiplier_9_superposed_input,lowered,generated,arithmetic,37,22,2,24,48,46.584962500721154,44.16113188418711,105553116266495.86,19670950232080.02,2.4238306165340475,5.365938860155135,4.82639434045341,False,True,True,
multiplier_9_superposed_input,lowered,generated,arithmetic,37,24,2,9,18,45.16992500144231,42.577428831641,39582418599935.9,6562710044688.018,2.592496169801308,6.031413597493105,4.517647050375742,False,True,True,
cdkm_11_basis,semantic,generated,arithmetic,24,16,2,3,6,30.584962500721154,6.584962500721156,1610612735.9999979,96.0,24.0,16777216.0,16777215.999999959,False,True,True,
cdkm_11_basis,semantic,generated,arithmetic,24,18,2,3,6,30.584962500721154,6.584962500721156,1610612735.9999979,96.0,24.0,16777216.0,16777215.999999959,False,True,True,
cdkm_11_basis,semantic,generated,arithmetic,24,20,2,3,6,30.584962500721154,6.584962500721156,1610612735.9999979,96.0,24.0,16777216.0,16777215.999999959,False,True,True,
cdkm_11_basis,semantic,generated,arithmetic,24,22,2,3,6,30.584962500721154,6.584962500721156,1610612735.9999979,96.0,24.0,16777216.0,16777215.999999959,False,True,True,
cdkm_11_basis,lowered,generated,arithmetic,24,16,2,3,6,30.584962500721154,6.584962500721156,1610612735.9999979,96.0,24.0,16777216.0,16777215.999999959,False,True,True,
cdkm_11_basis,lowered,generated,arithmetic,24,18,2,3,6,30.584962500721154,6.584962500721156,1610612735.9999979,96.0,24.0,16777216.0,16777215.999999959,False,True,True,
cdkm_11_basis,lowered,generated,arithmetic,24,20,2,3,6,30.584962500721154,6.584962500721156,1610612735.9999979,96.0,24.0,16777216.0,16777215.999999959,False,True,True,
cdkm_11_basis,lowered,generated,arithmetic,24,22,2,3,6,30.584962500721154,6.584962500721156,1610612735.9999979,96.0,24.0,16777216.0,16777215.999999959,False,True,True,
cdkm_11_superposed_input,semantic,generated,arithmetic,24,16,2,4,8,31.0,29.810571659255377,2147483648.0,941621263.9999995,1.1894283407446231,2.280623569265531,1.774696707105722,False,True,True,
cdkm_11_superposed_input,semantic,generated,arithmetic,24,18,2,3,6,30.584962500721154,29.599912870555396,1610612735.9999979,813694991.9999982,0.9850496301657579,1.9793814043776266,1.488372093023254,False,True,True,
cdkm_11_superposed_input,semantic,generated,arithmetic,24,20,2,3,6,30.584962500721154,29.643856217291948,1610612735.9999979,838860815.9999994,0.9411062834292068,1.9199999633789058,1.4545454545454555,False,True,True,
cdkm_11_superposed_input,semantic,generated,arithmetic,24,22,2,3,6,30.584962500721154,29.807354946626553,1610612735.9999979,939524111.9999995,0.777607554094601,1.7142856850916017,1.333333333333335,False,True,True,
cdkm_11_superposed_input,lowered,generated,arithmetic,24,16,2,4,8,31.0,29.810571659255377,2147483648.0,941621263.9999995,1.1894283407446231,2.280623569265531,1.774696707105722,False,True,True,
cdkm_11_superposed_input,lowered,generated,arithmetic,24,18,2,3,6,30.584962500721154,29.599912870555396,1610612735.9999979,813694991.9999982,0.9850496301657579,1.9793814043776266,1.488372093023254,False,True,True,
cdkm_11_superposed_input,lowered,generated,arithmetic,24,20,2,3,6,30.584962500721154,29.643856217291948,1610612735.9999979,838860815.9999994,0.9411062834292068,1.9199999633789058,1.4545454545454555,False,True,True,
cdkm_11_superposed_input,lowered,generated,arithmetic,24,22,2,3,6,30.584962500721154,29.807354946626553,1610612735.9999979,939524111.9999995,0.777607554094601,1.7142856850916017,1.333333333333335,False,True,True,
vbe_11_basis,semantic,generated,arithmetic,34,16,2,5,10,41.32192809488736,7.321928094887363,2748779069439.999,160.00000000000003,34.0,17179869184.0,17179869184.0,False,True,True,
vbe_11_basis,semantic,generated,arithmetic,34,18,2,5,10,41.32192809488736,7.321928094887363,2748779069439.999,160.00000000000003,34.0,17179869184.0,17179869184.0,False,True,True,
vbe_11_basis,semantic,generated,arithmetic,34,20,2,3,6,40.584962500721154,6.584962500721156,1649267441663.9978,96.0,34.0,17179869184.0,17179869184.0,False,True,True,
vbe_11_basis,semantic,generated,arithmetic,34,22,2,3,6,40.584962500721154,6.584962500721156,1649267441663.9978,96.0,34.0,17179869184.0,17179869184.0,False,True,True,
vbe_11_basis,semantic,generated,arithmetic,34,24,2,3,6,40.584962500721154,6.584962500721156,1649267441663.9978,96.0,34.0,17179869184.0,17179869184.0,False,True,True,
vbe_11_basis,lowered,generated,arithmetic,34,16,2,5,10,41.32192809488736,7.321928094887363,2748779069439.999,160.00000000000003,34.0,17179869184.0,17179869184.0,False,True,True,
vbe_11_basis,lowered,generated,arithmetic,34,18,2,5,10,41.32192809488736,7.321928094887363,2748779069439.999,160.00000000000003,34.0,17179869184.0,17179869184.0,False,True,True,
vbe_11_basis,lowered,generated,arithmetic,34,20,2,4,8,41.0,7.0,2199023255552.0,128.0,34.0,17179869184.0,17179869184.0,False,True,True,
vbe_11_basis,lowered,generated,arithmetic,34,22,2,3,6,40.584962500721154,6.584962500721156,1649267441663.9978,96.0,34.0,17179869184.0,17179869184.0,False,True,True,
vbe_11_basis,lowered,generated,arithmetic,34,24,2,3,6,40.584962500721154,6.584962500721156,1649267441663.9978,96.0,34.0,17179869184.0,17179869184.0,False,True,True,
vbe_11_superposed_input,semantic,generated,arithmetic,34,16,2,6,12,41.584962500721154,36.34103662844523,3298534883327.9956,87044653071.9998,5.243925872275923,37.89474444340173,21.176472964171566,False,True,True,
vbe_11_superposed_input,semantic,generated,arithmetic,34,18,2,5,10,41.32192809488736,37.02254662173523,2748779069439.999,139603738640.0002,4.299381473152131,19.689867164147707,13.194780354603648,False,True,True,
vbe_11_superposed_input,semantic,generated,arithmetic,34,20,2,4,8,41.0,36.045098388695266,2199023255552.0,70901563407.99998,4.954901611304734,31.015158902742602,15.749941796279488,False,True,True,
vbe_11_superposed_input,semantic,generated,arithmetic,34,22,2,3,6,40.584962500721154,36.08750427867362,1649267441663.9978,73016541199.99991,4.497458222047534,22.587586518874986,11.636191462602623,False,True,True,
vbe_11_superposed_input,semantic,generated,arithmetic,34,24,2,3,6,40.584962500721154,36.170003270833035,1649267441663.9978,77313605647.9999,4.414959229888119,21.33217598430121,11.293793261912278,False,True,True,
vbe_11_superposed_input,lowered,generated,arithmetic,34,16,2,6,12,41.584962500721154,36.34103662844523,3298534883327.9956,87044653071.9998,5.243925872275923,37.89474444340173,21.176472964171566,False,True,True,
vbe_11_superposed_input,lowered,generated,arithmetic,34,18,2,5,10,41.32192809488736,37.02254662173523,2748779069439.999,139603738640.0002,4.299381473152131,19.689867164147707,13.194780354603648,False,True,True,
vbe_11_superposed_input,lowered,generated,arithmetic,34,20,2,4,8,41.0,36.045098388695266,2199023255552.0,70901563407.99998,4.954901611304734,31.015158902742602,15.749941796279488,False,True,True,
vbe_11_superposed_input,lowered,generated,arithmetic,34,22,2,4,8,41.0,36.09015378105669,2199023255552.0,73150758928.00002,4.909846218943308,30.061523458921723,15.500243906044417,False,True,True,
vbe_11_superposed_input,lowered,generated,arithmetic,34,24,2,3,6,40.584962500721154,36.170003270833035,1649267441663.9978,77313605647.9999,4.414959229888119,21.33217598430121,11.293793261912278,False,True,True,
comparator_11_basis,semantic,generated,arithmetic,22,16,2,3,6,28.584962500721154,6.584962500721156,402653183.99999946,96.0,22.0,4194304.0,4194303.9999999898,False,True,True,
comparator_11_basis,semantic,generated,arithmetic,22,18,2,3,6,28.584962500721154,6.584962500721156,402653183.99999946,96.0,22.0,4194304.0,4194303.9999999898,False,True,True,
comparator_11_basis,semantic,generated,arithmetic,22,20,2,3,6,28.584962500721154,6.584962500721156,402653183.99999946,96.0,22.0,4194304.0,4194303.9999999898,False,True,True,
comparator_11_basis,lowered,generated,arithmetic,22,16,2,3,6,28.584962500721154,6.584962500721156,402653183.99999946,96.0,22.0,4194304.0,4194303.9999999898,False,True,True,
comparator_11_basis,lowered,generated,arithmetic,22,18,2,3,6,28.584962500721154,6.584962500721156,402653183.99999946,96.0,22.0,4194304.0,4194303.9999999898,False,True,True,
comparator_11_basis,lowered,generated,arithmetic,22,20,2,3,6,28.584962500721154,6.584962500721156,402653183.99999946,96.0,22.0,4194304.0,4194303.9999999898,False,True,True,
comparator_11_superposed_input,semantic,generated,arithmetic,22,16,2,3,6,28.584962500721154,27.599912955660212,402653183.99999946,203423759.99999994,0.9850495450609422,1.9793812876135983,1.488372093023254,False,True,True,
comparator_11_superposed_input,semantic,generated,arithmetic,22,18,2,3,6,28.584962500721154,27.643856299843616,402653183.99999946,209715215.99999988,0.9411062008775382,1.9199998535156348,1.4545454545454517,False,True,True,
comparator_11_superposed_input,semantic,generated,arithmetic,22,20,2,3,6,28.584962500721154,27.807355020333404,402653183.99999946,234881040.0000004,0.7776074803877506,1.7142855975092701,1.3333333333333286,False,True,True,
comparator_11_superposed_input,lowered,generated,arithmetic,22,16,2,3,6,28.584962500721154,27.599912955660212,402653183.99999946,203423759.99999994,0.9850495450609422,1.9793812876135983,1.488372093023254,False,True,True,
comparator_11_superposed_input,lowered,generated,arithmetic,22,18,2,3,6,28.584962500721154,27.643856299843616,402653183.99999946,209715215.99999988,0.9411062008775382,1.9199998535156348,1.4545454545454517,False,True,True,
comparator_11_superposed_input,lowered,generated,arithmetic,22,20,2,3,6,28.584962500721154,27.807355020333404,402653183.99999946,234881040.0000004,0.7776074803877506,1.7142855975092701,1.3333333333333286,False,True,True,
draper_11_basis,semantic,generated,arithmetic,22,16,2,3,6,28.584962500721154,17.322068976196093,402653183.99999946,163856.0000000002,11.262893524525063,2457.3600234352084,2047.999999999995,False,True,True,
draper_11_basis,semantic,generated,arithmetic,22,18,2,2,4,28.0,16.585197295260024,268435456.0,98319.99999999997,11.414802704739975,2730.222294548411,2048.0,False,True,True,
draper_11_basis,semantic,generated,arithmetic,22,20,2,2,4,28.0,16.585197295260024,268435456.0,98319.99999999997,11.414802704739975,2730.222294548411,2048.0,False,True,True,
draper_11_basis,lowered,generated,arithmetic,22,16,2,3,6,28.584962500721154,17.322068976196093,402653183.99999946,163856.0000000002,11.262893524525063,2457.3600234352084,2047.999999999995,False,True,True,
draper_11_basis,lowered,generated,arithmetic,22,18,2,2,4,28.0,16.585197295260024,268435456.0,98319.99999999997,11.414802704739975,2730.222294548411,2048.0,False,True,True,
draper_11_basis,lowered,generated,arithmetic,22,20,2,2,4,28.0,16.585197295260024,268435456.0,98319.99999999997,11.414802704739975,2730.222294548411,2048.0,False,True,True,
draper_11_superposed_input,semantic,generated,arithmetic,22,16,2,4,8,29.0,28.322491606363666,536870912.0,335675408.00000024,0.6775083936363338,1.5993751678109218,1.332899446794662,False,True,True,
draper_11_superposed_input,semantic,generated,arithmetic,22,18,2,3,6,28.584962500721154,27.58590156427127,402653183.99999946,201457680.0000001,0.999060936449883,1.9986986050866826,1.4992679355783278,False,True,True,
draper_11_superposed_input,semantic,generated,arithmetic,22,20,2,3,6,28.584962500721154,27.58590156427127,402653183.99999946,201457680.0000001,0.999060936449883,1.9986986050866826,1.4992679355783278,False,True,True,
draper_11_superposed_input,lowered,generated,arithmetic,22,16,2,4,8,29.0,28.33091694648039,536870912.0,337641487.99999994,0.6690830535196106,1.5900620364521083,1.326424870466322,False,True,True,
draper_11_superposed_input,lowered,generated,arithmetic,22,18,2,3,6,28.584962500721154,27.643856299843616,402653183.99999946,209715215.99999988,0.9411062008775382,1.9199998535156348,1.4545454545454517,False,True,True,
draper_11_superposed_input,lowered,generated,arithmetic,22,20,2,3,6,28.584962500721154,27.807355020333404,402653183.99999946,234881040.0000004,0.7776074803877506,1.7142855975092701,1.3333333333333286,False,True,True,
modular_adder_11_basis,semantic,generated,arithmetic,22,16,2,5,10,29.32192809488736,7.321928094887363,671088639.9999998,160.00000000000003,22.0,4194304.0,4194304.0,False,True,True,
modular_adder_11_basis,semantic,generated,arithmetic,22,18,2,5,10,29.32192809488736,7.321928094887363,671088639.9999998,160.00000000000003,22.0,4194304.0,4194304.0,False,True,True,
modular_adder_11_basis,semantic,generated,arithmetic,22,20,2,5,10,29.32192809488736,7.321928094887363,671088639.9999998,160.00000000000003,22.0,4194304.0,4194304.0,False,True,True,
modular_adder_11_basis,lowered,generated,arithmetic,22,16,2,5,10,29.32192809488736,28.00008831038833,671088639.9999998,268451887.9999995,1.3218397844990335,2.499846974441845,1.9999021578019134,False,True,True,
modular_adder_11_basis,lowered,generated,arithmetic,22,18,2,5,10,29.32192809488736,28.00140845211508,671088639.9999998,268697647.9999999,1.3205196427722825,2.4975605294468375,1.9984385293130182,False,True,True,
modular_adder_11_basis,lowered,generated,arithmetic,22,20,2,5,10,29.32192809488736,28.022368067033575,671088639.9999998,272629807.99999946,1.2995600278537864,2.4615380281528165,1.9753084559208924,False,True,True,
modular_adder_11_superposed_input,semantic,generated,arithmetic,22,16,2,5,10,29.32192809488736,28.813781240136546,671088639.9999998,471859216.0,0.5081468547508159,1.4222221739969145,1.2451361867704267,False,True,True,
modular_adder_11_superposed_input,semantic,generated,arithmetic,22,18,2,5,10,29.32192809488736,28.832890062440573,671088639.9999998,478150672.0,0.4890380324467891,1.4035087249652547,1.2307692307692288,False,True,True,
modular_adder_11_superposed_input,semantic,generated,arithmetic,22,20,2,5,10,29.32192809488736,28.906890641470557,671088639.9999998,503316495.99999976,0.4150374534168044,1.3333332909478095,1.176470588235291,False,True,True,
modular_adder_11_superposed_input,lowered,generated,arithmetic,22,16,2,5,10,29.32192809488736,28.813781240136546,671088639.9999998,471859216.0,0.5081468547508159,1.4222221739969145,1.2451361867704267,False,True,True,
modular_adder_11_superposed_input,lowered,generated,arithmetic,22,18,2,5,10,29.32192809488736,28.832890062440573,671088639.9999998,478150672.0,0.4890380324467891,1.4035087249652547,1.2307692307692288,False,True,True,
modular_adder_11_superposed_input,lowered,generated,arithmetic,22,20,2,5,10,29.32192809488736,28.906890641470557,671088639.9999998,503316495.99999976,0.4150374534168044,1.3333332909478095,1.176470588235291,False,True,True,
cdkm_13_basis,semantic,generated,arithmetic,28,16,2,3,6,34.584962500721154,6.584962500721156,25769803775.999966,96.0,28.0,268435456.0,268435455.99999934,False,True,True,
cdkm_13_basis,semantic,generated,arithmetic,28,18,2,3,6,34.584962500721154,6.584962500721156,25769803775.999966,96.0,28.0,268435456.0,268435455.99999934,False,True,True,
cdkm_13_basis,semantic,generated,arithmetic,28,20,2,3,6,34.584962500721154,6.584962500721156,25769803775.999966,96.0,28.0,268435456.0,268435455.99999934,False,True,True,
cdkm_13_basis,semantic,generated,arithmetic,28,22,2,3,6,34.584962500721154,6.584962500721156,25769803775.999966,96.0,28.0,268435456.0,268435455.99999934,False,True,True,
cdkm_13_basis,semantic,generated,arithmetic,28,24,2,3,6,34.584962500721154,6.584962500721156,25769803775.999966,96.0,28.0,268435456.0,268435455.99999934,False,True,True,
cdkm_13_basis,lowered,generated,arithmetic,28,16,2,3,6,34.584962500721154,6.584962500721156,25769803775.999966,96.0,28.0,268435456.0,268435455.99999934,False,True,True,
cdkm_13_basis,lowered,generated,arithmetic,28,18,2,3,6,34.584962500721154,6.584962500721156,25769803775.999966,96.0,28.0,268435456.0,268435455.99999934,False,True,True,
cdkm_13_basis,lowered,generated,arithmetic,28,20,2,3,6,34.584962500721154,6.584962500721156,25769803775.999966,96.0,28.0,268435456.0,268435455.99999934,False,True,True,
cdkm_13_basis,lowered,generated,arithmetic,28,22,2,3,6,34.584962500721154,6.584962500721156,25769803775.999966,96.0,28.0,268435456.0,268435455.99999934,False,True,True,
cdkm_13_basis,lowered,generated,arithmetic,28,24,2,3,6,34.584962500721154,6.584962500721156,25769803775.999966,96.0,28.0,268435456.0,268435455.99999934,False,True,True,
cdkm_13_superposed_input,semantic,generated,arithmetic,28,16,2,4,8,35.0,33.6001452181314,34359738368.0,13021216784.000025,1.3998547818685978,2.6387501980782577,1.98425578297202,False,True,True,
cdkm_13_superposed_input,semantic,generated,arithmetic,28,18,2,4,8,35.0,33.70130646361131,34359738368.0,13967032335.999994,1.29869353638869,2.4600600572419276,1.8814882866329807,False,True,True,
cdkm_13_superposed_input,semantic,generated,arithmetic,28,20,2,3,6,34.584962500721154,33.588714637369094,25769803775.999966,12918456335.999977,0.9962478633520604,1.9948051923345536,1.4970760233918097,False,True,True,
cdkm_13_superposed_input,semantic,generated,arithmetic,28,22,2,3,6,34.584962500721154,33.59991284396015,25769803775.999966,13019119632.000029,0.9850496567610065,1.9793814408663781,1.488372093023254,False,True,True,
cdkm_13_superposed_input,semantic,generated,arithmetic,28,24,2,3,6,34.584962500721154,33.64385619149455,25769803775.999966,13421772815.999985,0.9411063092266048,1.9199999977111815,1.4545454545454555,False,True,True,
cdkm_13_superposed_input,lowered,generated,arithmetic,28,16,2,4,8,35.0,33.6001452181314,34359738368.0,13021216784.000025,1.3998547818685978,2.6387501980782577,1.98425578297202,False,True,True,
cdkm_13_superposed_input,lowered,generated,arithmetic,28,18,2,4,8,35.0,33.70130646361131,34359738368.0,13967032335.999994,1.29869353638869,2.4600600572419276,1.8814882866329807,False,True,True,
cdkm_13_superposed_input,lowered,generated,arithmetic,28,20,2,3,6,34.584962500721154,33.588714637369094,25769803775.999966,12918456335.999977,0.9962478633520604,1.9948051923345536,1.4970760233918097,False,True,True,
cdkm_13_superposed_input,lowered,generated,arithmetic,28,22,2,3,6,34.584962500721154,33.59991284396015,25769803775.999966,13019119632.000029,0.9850496567610065,1.9793814408663781,1.488372093023254,False,True,True,
cdkm_13_superposed_input,lowered,generated,arithmetic,28,24,2,3,6,34.584962500721154,33.64385619149455,25769803775.999966,13421772815.999985,0.9411063092266048,1.9199999977111815,1.4545454545454555,False,True,True,
vbe_13_basis,semantic,generated,arithmetic,40,16,2,5,10,47.32192809488736,7.321928094887363,175921860444159.94,160.00000000000003,40.0,1099511627776.0,1099511627776.0,False,True,True,
vbe_13_basis,semantic,generated,arithmetic,40,18,2,5,10,47.32192809488736,7.321928094887363,175921860444159.94,160.00000000000003,40.0,1099511627776.0,1099511627776.0,False,True,True,
vbe_13_basis,semantic,generated,arithmetic,40,20,2,5,10,47.32192809488736,7.321928094887363,175921860444159.94,160.00000000000003,40.0,1099511627776.0,1099511627776.0,False,True,True,
vbe_13_basis,semantic,generated,arithmetic,40,22,2,3,6,46.584962500721154,6.584962500721156,105553116266495.86,96.0,40.0,1099511627776.0,1099511627776.0,False,True,True,
vbe_13_basis,semantic,generated,arithmetic,40,24,2,3,6,46.584962500721154,6.584962500721156,105553116266495.86,96.0,40.0,1099511627776.0,1099511627776.0,False,True,True,
vbe_13_basis,lowered,generated,arithmetic,40,16,2,6,12,47.584962500721154,7.584962500721156,211106232532991.72,192.0,40.0,1099511627776.0,1099511627776.0,False,True,True,
vbe_13_basis,lowered,generated,arithmetic,40,18,2,5,10,47.32192809488736,7.321928094887363,175921860444159.94,160.00000000000003,40.0,1099511627776.0,1099511627776.0,False,True,True,
vbe_13_basis,lowered,generated,arithmetic,40,20,2,5,10,47.32192809488736,7.321928094887363,175921860444159.94,160.00000000000003,40.0,1099511627776.0,1099511627776.0,False,True,True,
vbe_13_basis,lowered,generated,arithmetic,40,22,2,4,8,47.0,7.0,140737488355328.0,128.0,40.0,1099511627776.0,1099511627776.0,False,True,True,
vbe_13_basis,lowered,generated,arithmetic,40,24,2,3,6,46.584962500721154,6.584962500721156,105553116266495.86,96.0,40.0,1099511627776.0,1099511627776.0,False,True,True,
vbe_13_superposed_input,semantic,generated,arithmetic,40,16,2,6,12,47.584962500721154,42.0928011678116,211106232532991.72,4690247417871.998,5.4921613329095536,45.00961542638027,23.228367632377935,False,True,True,
vbe_13_superposed_input,semantic,generated,arithmetic,40,18,2,6,12,47.584962500721154,42.33120589965992,211106232532991.72,5533026222095.995,5.253756601061234,38.1538463869816,21.257142929544294,False,True,True,
vbe_13_superposed_input,semantic,generated,arithmetic,40,20,2,5,10,47.32192809488736,42.3309349265703,175921860444159.94,5531987083280.012,4.990993168317061,31.800844397462473,17.716139504697875,False,True,True,
vbe_13_superposed_input,semantic,generated,arithmetic,40,22,2,4,8,47.0,42.02245586546375,140737488355328.0,4467038617616.011,4.977544134536252,31.505769348024444,15.875480755355413,False,True,True,
vbe_13_superposed_input,semantic,generated,arithmetic,40,24,2,4,8,47.0,42.04473829376486,140737488355328.0,4536567595024.002,4.955261706235142,31.022901214940102,15.751938100947452,False,True,True,
vbe_13_superposed_input,lowered,generated,arithmetic,40,16,2,6,12,47.584962500721154,42.092845032091624,211106232532991.72,4690390024208.01,5.49211746862953,45.008246956741694,23.228003156883524,False,True,True,
vbe_13_superposed_input,lowered,generated,arithmetic,40,18,2,6,12,47.584962500721154,42.33120589965992,211106232532991.72,5533026222095.995,5.253756601061234,38.1538463869816,21.257142929544294,False,True,True,
vbe_13_superposed_input,lowered,generated,arithmetic,40,20,2,6,12,47.584962500721154,42.60039252665741,211106232532991.72,6668005933072.028,4.984569974063746,31.659574789210275,19.07692319354595,False,True,True,
vbe_13_superposed_input,lowered,generated,arithmetic,40,22,2,4,8,47.0,42.02245586546375,140737488355328.0,4467038617616.011,4.977544134536252,31.505769348024444,15.875480755355413,False,True,True,
vbe_13_superposed_input,lowered,generated,arithmetic,40,24,2,4,8,47.0,42.04473829376486,140737488355328.0,4536567595024.002,4.955261706235142,31.022901214940102,15.751938100947452,False,True,True,
comparator_13_basis,semantic,generated,arithmetic,26,16,2,3,6,32.584962500721154,6.584962500721156,6442450943.999991,96.0,26.0,67108864.0,67108863.999999836,False,True,True,
comparator_13_basis,semantic,generated,arithmetic,26,18,2,3,6,32.584962500721154,6.584962500721156,6442450943.999991,96.0,26.0,67108864.0,67108863.999999836,False,True,True,
comparator_13_basis,semantic,generated,arithmetic,26,20,2,3,6,32.584962500721154,6.584962500721156,6442450943.999991,96.0,26.0,67108864.0,67108863.999999836,False,True,True,
comparator_13_basis,semantic,generated,arithmetic,26,22,2,3,6,32.584962500721154,6.584962500721156,6442450943.999991,96.0,26.0,67108864.0,67108863.999999836,False,True,True,
comparator_13_basis,semantic,generated,arithmetic,26,24,2,3,6,32.584962500721154,6.584962500721156,6442450943.999991,96.0,26.0,67108864.0,67108863.999999836,False,True,True,
comparator_13_basis,lowered,generated,arithmetic,26,16,2,4,8,33.0,7.0,8589934592.0,128.0,26.0,67108864.0,67108864.0,False,True,True,
comparator_13_basis,lowered,generated,arithmetic,26,18,2,3,6,32.584962500721154,6.584962500721156,6442450943.999991,96.0,26.0,67108864.0,67108863.999999836,False,True,True,
comparator_13_basis,lowered,generated,arithmetic,26,20,2,3,6,32.584962500721154,6.584962500721156,6442450943.999991,96.0,26.0,67108864.0,67108863.999999836,False,True,True,
comparator_13_basis,lowered,generated,arithmetic,26,22,2,3,6,32.584962500721154,6.584962500721156,6442450943.999991,96.0,26.0,67108864.0,67108863.999999836,False,True,True,
comparator_13_basis,lowered,generated,arithmetic,26,24,2,3,6,32.584962500721154,6.584962500721156,6442450943.999991,96.0,26.0,67108864.0,67108863.999999836,False,True,True,
comparator_13_superposed_input,semantic,generated,arithmetic,26,16,2,4,8,33.0,31.64475759939127,8589934592.0,3357540368.0000076,1.3552424006087307,2.5584009871835978,1.9384761003312847,False,True,True,
comparator_13_superposed_input,semantic,generated,arithmetic,26,18,2,4,8,33.0,32.002815020971035,8589934592.0,4303355919.999998,0.9971849790289653,1.9961013571008563,1.5975039001560056,False,True,True,
comparator_13_superposed_input,semantic,generated,arithmetic,26,20,2,3,6,32.584962500721154,31.599912849279196,6442450943.999991,3254779920.000001,0.9850496514419582,1.9793814335686297,1.488372093023254,False,True,True,
comparator_13_superposed_input,semantic,generated,arithmetic,26,22,2,3,6,32.584962500721154,31.643856196654028,6442450943.999991,3355443215.999993,0.9411063040671266,1.919999990844728,1.4545454545454555,False,True,True,
comparator_13_superposed_input,semantic,generated,arithmetic,26,24,2,3,6,32.584962500721154,31.807354928199842,6442450943.999991,3758096400.000002,0.7776075725213119,1.714285706987183,1.333333333333335,False,True,True,
comparator_13_superposed_input,lowered,generated,arithmetic,26,16,2,4,8,33.0,31.64475759939127,8589934592.0,3357540368.0000076,1.3552424006087307,2.5584009871835978,1.9384761003312847,False,True,True,
comparator_13_superposed_input,lowered,generated,arithmetic,26,18,2,4,8,33.0,32.002815020971035,8589934592.0,4303355919.999998,0.9971849790289653,1.9961013571008563,1.5975039001560056,False,True,True,
comparator_13_superposed_input,lowered,generated,arithmetic,26,20,2,3,6,32.584962500721154,31.599912849279196,6442450943.999991,3254779920.000001,0.9850496514419582,1.9793814335686297,1.488372093023254,False,True,True,
comparator_13_superposed_input,lowered,generated,arithmetic,26,22,2,3,6,32.584962500721154,31.643856196654028,6442450943.999991,3355443215.999993,0.9411063040671266,1.919999990844728,1.4545454545454555,False,True,True,
comparator_13_superposed_input,lowered,generated,arithmetic,26,24,2,3,6,32.584962500721154,31.807354928199842,6442450943.999991,3758096400.000002,0.7776075725213119,1.714285706987183,1.333333333333335,False,True,True,
draper_13_basis,semantic,generated,arithmetic,26,16,2,4,8,33.0,19.807380080443167,8589934592.0,917519.9999999999,13.192619919556833,9362.122451826664,8192.0,False,True,True,
draper_13_basis,semantic,generated,arithmetic,26,18,2,3,6,32.584962500721154,19.32196331650431,6442450943.999991,655375.9999999999,13.262999184216845,9830.160005859221,8192.0,False,True,True,
draper_13_basis,semantic,generated,arithmetic,26,20,2,3,6,32.584962500721154,19.32196331650431,6442450943.999991,655375.9999999999,13.262999184216845,9830.160005859221,8192.0,False,True,True,
draper_13_basis,semantic,generated,arithmetic,26,22,2,2,4,32.0,18.58502120293836,4294967296.0,393232.0000000004,13.41497879706164,10922.222240305966,8192.0,False,True,True,
draper_13_basis,semantic,generated,arithmetic,26,24,2,2,4,32.0,18.58502120293836,4294967296.0,393232.0000000004,13.41497879706164,10922.222240305966,8192.0,False,True,True,
draper_13_basis,lowered,generated,arithmetic,26,16,2,4,8,33.0,19.807380080443167,8589934592.0,917519.9999999999,13.192619919556833,9362.122451826664,8192.0,False,True,True,
draper_13_basis,lowered,generated,arithmetic,26,18,2,3,6,32.584962500721154,19.32196331650431,6442450943.999991,655375.9999999999,13.262999184216845,9830.160005859221,8192.0,False,True,True,
draper_13_basis,lowered,generated,arithmetic,26,20,2,3,6,32.584962500721154,19.32196331650431,6442450943.999991,655375.9999999999,13.262999184216845,9830.160005859221,8192.0,False,True,True,
draper_13_basis,lowered,generated,arithmetic,26,22,2,2,4,32.0,18.58502120293836,4294967296.0,393232.0000000004,13.41497879706164,10922.222240305966,8192.0,False,True,True,
draper_13_basis,lowered,generated,arithmetic,26,24,2,2,4,32.0,18.58502120293836,4294967296.0,393232.0000000004,13.41497879706164,10922.222240305966,8192.0,False,True,True,
draper_13_superposed_input,semantic,generated,arithmetic,26,16,2,5,10,33.32192809488736,32.807455556038526,10737418239.999996,7516717071.999998,0.5144725388488354,1.4284717832465994,1.2499237107110186,False,True,True,
draper_13_superposed_input,semantic,generated,arithmetic,26,18,2,4,8,33.0,32.32206898049524,8589934592.0,5369233424.000005,0.6779310195047614,1.5998437604898574,1.3332248352184906,False,True,True,
draper_13_superposed_input,semantic,generated,arithmetic,26,20,2,4,8,33.0,32.32206898049524,8589934592.0,5369233424.000005,0.6779310195047614,1.5998437604898574,1.3332248352184906,False,True,True,
draper_13_superposed_input,semantic,generated,arithmetic,26,22,2,3,6,32.584962500721154,31.5851973024248,6442450943.999991,3221749775.999994,0.9997651982963554,1.999674522209078,1.4998169168802622,False,True,True,
draper_13_superposed_input,semantic,generated,arithmetic,26,24,2,3,6,32.584962500721154,31.5851973024248,6442450943.999991,3221749775.999994,0.9997651982963554,1.999674522209078,1.4998169168802622,False,True,True,
draper_13_superposed_input,lowered,generated,arithmetic,26,16,2,5,10,33.32192809488736,32.807757406659526,10737418239.999996,7518289935.999984,0.5141706882278356,1.4281729397779397,1.2496948987063723,False,True,True,
draper_13_superposed_input,lowered,generated,arithmetic,26,18,2,4,8,33.0,32.3241805509116,8589934592.0,5377097743.999998,0.6758194490884009,1.5975038954025016,1.3315994798439545,False,True,True,
draper_13_superposed_input,lowered,generated,arithmetic,26,20,2,4,8,33.0,32.330916882387484,8589934592.0,5402263568.000024,0.6690831176125194,1.590062107091918,1.326424870466322,False,True,True,
draper_13_superposed_input,lowered,generated,arithmetic,26,22,2,3,6,32.584962500721154,31.643856196654028,6442450943.999991,3355443215.999993,0.9411063040671266,1.919999990844728,1.4545454545454555,False,True,True,
draper_13_superposed_input,lowered,generated,arithmetic,26,24,2,3,6,32.584962500721154,31.807354928199842,6442450943.999991,3758096400.000002,0.7776075725213119,1.714285706987183,1.333333333333335,False,True,True,
modular_adder_13_basis,semantic,generated,arithmetic,26,16,2,7,14,33.807354922057606,7.807354922057604,15032385536.000015,223.99999999999994,26.0,67108864.0,67108864.0,False,True,True,
modular_adder_13_basis,semantic,generated,arithmetic,26,18,2,6,12,33.584962500721154,7.584962500721156,12884901887.999983,192.0,25.999999999999996,67108863.999999836,67108864.0,False,True,True,
modular_adder_13_basis,semantic,generated,arithmetic,26,20,2,5,10,33.32192809488736,7.321928094887363,10737418239.999996,160.00000000000003,26.0,67108864.0,67108864.0,False,True,True,
modular_adder_13_basis,semantic,generated,arithmetic,26,22,2,5,10,33.32192809488736,7.321928094887363,10737418239.999996,160.00000000000003,26.0,67108864.0,67108864.0,False,True,True,
modular_adder_13_basis,semantic,generated,arithmetic,26,24,2,5,10,33.32192809488736,7.321928094887363,10737418239.999996,160.00000000000003,26.0,67108864.0,67108864.0,False,True,True,
modular_adder_13_basis,lowered,generated,arithmetic,26,16,2,7,14,33.807354922057606,32.58590168959368,15032385536.000015,6446646320.000009,1.2214532324639222,2.3318148367103215,1.9988842703518541,False,True,True,
modular_adder_13_basis,lowered,generated,arithmetic,26,18,2,6,12,33.584962500721154,32.087468036128705,12884901887.999983,4563419183.999999,1.4974944645924495,2.823519244775123,2.285707629476197,False,True,True,
modular_adder_13_basis,lowered,generated,arithmetic,26,20,2,5,10,33.32192809488736,32.00008806855251,10737418239.999996,4295229487.999988,1.3218400263348542,2.4998473934857715,1.999902336598374,False,True,True,
modular_adder_13_basis,lowered,generated,arithmetic,26,22,2,5,10,33.32192809488736,32.00140821050046,10737418239.999996,4299161648.000017,1.3205198843869077,2.4975609477245637,1.9984387078478734,False,True,True,
modular_adder_13_basis,lowered,generated,arithmetic,26,24,2,5,10,33.32192809488736,32.02236782890378,10737418239.999996,4362076208.000018,1.2995602659835832,2.4615384344518487,1.9753086303469096,False,True,True,
modular_adder_13_superposed_input,semantic,generated,arithmetic,26,16,2,7,14,33.807354922057606,33.45968775819355,15032385536.000015,11813257232.000029,0.34766716386405605,1.2725013297162422,1.166476810414973,False,True,True,
modular_adder_13_superposed_input,semantic,generated,arithmetic,26,18,2,6,12,33.584962500721154,33.171176800038346,12884901887.999983,9672065039.999985,0.4137857006828085,1.3321769275447308,1.1990632318501142,False,True,True,
modular_adder_13_superposed_input,semantic,generated,arithmetic,26,20,2,5,10,33.32192809488736,32.81378119427451,10737418239.999996,7549747216.000028,0.5081469006128536,1.4222222192081382,1.2451361867704298,False,True,True,
modular_adder_13_superposed_input,semantic,generated,arithmetic,26,22,2,5,10,33.32192809488736,32.83289001718198,10737418239.999996,7650410512.0,0.48903807770538066,1.4035087689945385,1.230769230769232,False,True,True,
modular_adder_13_superposed_input,semantic,generated,arithmetic,26,24,2,5,10,33.32192809488736,32.906890598474895,10737418239.999996,8053063695.999995,0.41503749641246657,1.3333333306842383,1.1764705882352968,False,True,True,
modular_adder_13_superposed_input,lowered,generated,arithmetic,26,16,2,7,14,33.807354922057606,33.45968775819355,15032385536.000015,11813257232.000029,0.34766716386405605,1.2725013297162422,1.166476810414973,False,True,True,
modular_adder_13_superposed_input,lowered,generated,arithmetic,26,18,2,6,12,33.584962500721154,33.171176800038346,12884901887.999983,9672065039.999985,0.4137857006828085,1.3321769275447308,1.1990632318501142,False,True,True,
modular_adder_13_superposed_input,lowered,generated,arithmetic,26,20,2,5,10,33.32192809488736,32.81378119427451,10737418239.999996,7549747216.000028,0.5081469006128536,1.4222222192081382,1.2451361867704298,False,True,True,
modular_adder_13_superposed_input,lowered,generated,arithmetic,26,22,2,5,10,33.32192809488736,32.83289001718198,10737418239.999996,7650410512.0,0.48903807770538066,1.4035087689945385,1.230769230769232,False,True,True,
modular_adder_13_superposed_input,lowered,generated,arithmetic,26,24,2,5,10,33.32192809488736,32.906890598474895,10737418239.999996,8053063695.999995,0.41503749641246657,1.3333333306842383,1.1764705882352968,False,True,True,
staged_40,semantic,synthetic_control,synthetic_staged,40,16,2,58,116,50.85798099512757,50.149779367102475,2040693581152251.8,1249073128538127.8,0.708201628025094,1.633766298007395,1.6110755995752721,False,True,True,
staged_40,semantic,synthetic_control,synthetic_staged,40,18,2,50,100,50.64385618977472,49.9307525057891,1759218604441598.5,1073134631387154.4,0.7131036839856222,1.6393270266262854,1.612886541640382,False,True,True,
staged_40,semantic,synthetic_control,synthetic_staged,40,20,2,45,90,50.49185309632968,49.781397386614216,1583296743997443.0,967595498930195.2,0.7104557097154611,1.6363209065647648,1.6071016397634734,False,True,True,
staged_40,semantic,synthetic_control,synthetic_staged,40,22,2,40,80,50.32192809488736,49.614725343529656,1407374883553279.5,862026377199633.1,0.7072027513577055,1.6326355211139338,1.5999831544742342,False,True,True,
staged_40,semantic,synthetic_control,synthetic_staged,40,24,2,24,48,49.584962500721154,49.49185407471957,844424930131966.9,791648908869651.0,0.09310842600158509,1.0666659432875005,1.0434775685998197,False,True,True,
staged_40,lowered,synthetic_control,synthetic_staged,40,16,2,36,72,50.16992500144231,44.73744696208456,1266637395197948.8,29330094686224.0,5.432478039357747,43.18558834359554,26.994369742374236,False,True,True,
staged_40,lowered,synthetic_control,synthetic_staged,40,18,2,25,50,49.64385618977472,44.18113223385874,879609302220799.2,19945551298576.016,5.462723955915983,44.10052592948873,23.4326670833662,False,True,True,
staged_40,lowered,synthetic_control,synthetic_staged,40,20,2,18,36,49.16992500144231,44.17289380492575,633318697598974.4,19831977934864.035,4.997031196516559,31.93421753891823,16.92272131850114,False,True,True,
staged_40,lowered,synthetic_control,synthetic_staged,40,22,2,11,22,48.459431618637296,44.011565784216316,387028092977151.75,17733785747471.99,4.4478658344209805,21.824335677018315,10.955907887187976,False,True,True,
staged_40,lowered,synthetic_control,synthetic_staged,40,24,2,3,6,46.584962500721154,44.044436812118214,105553116266495.86,18142478729232.08,2.5405256886029406,5.8180096469631435,2.953801775814659,False,True,True,
