workload_id,source,source_path,source_sha256,family,synthetic_control,generator,input_path,circuit_index,circuit_structure_sha256,representation,n,gates,depth,q_final,q_peak,never_quantum_count,never_quantum_fraction,full_materialization_reached,never_full_materialization,first_full_materialization_fraction,num_materialization_events,median_materialization_gap,max_materialization_gap,peak_storage_reduction_log2,peak_storage_reduction,unknown_gate_count,unsupported_dynamic,parse_ok,log2_eager_volume,log2_lazy_volume,log2_reduction,reduction_factor_if_representable,log2_ideal_gate_reduction,ideal_gate_reduction,ideal_gate_hilbert_volume_reduction,log2_ideal_layer_reduction,ideal_layer_reduction,ideal_layer_hilbert_volume_reduction,original_gate_count,semantic_gate_count,lowered_gate_count,removed_terminal_instructions,analysis_seconds
qasmbench_30f0be9eb50d37ab_0,qasmbench,small/adder_n4/adder_n4.qasm,30f0be9eb50d37ab2de7c87676e32ff7c66bc67eff32dfeafa0cf69951d92438,arithmetic,False,,/home/audrey/code_and_papers/2026/FAST2027/final/hilbert_thin_provisioning/external/QASMBench/small/adder_n4/adder_n4.qasm,0,7678e7eaa1b3f33d184228251b0956a5ba5ca88391a69e5b90a82713dbea77a1,semantic,4,23,11,3,3,1,0.25,False,True,,3,3.0,8,1,2.0,0,False,True,8.523561956057012,6.832890014164741,1.6906719418922709,3.228070175438596,1.6906719418922709,3.228070175438596,3.228070175438596,1.5525410230287786,2.933333333333333,2.933333333333333,27,23,23,4,0.007738596992567182
qasmbench_30f0be9eb50d37ab_0,qasmbench,small/adder_n4/adder_n4.qasm,30f0be9eb50d37ab2de7c87676e32ff7c66bc67eff32dfeafa0cf69951d92438,arithmetic,False,,/home/audrey/code_and_papers/2026/FAST2027/final/hilbert_thin_provisioning/external/QASMBench/small/adder_n4/adder_n4.qasm,0,7678e7eaa1b3f33d184228251b0956a5ba5ca88391a69e5b90a82713dbea77a1,lowered,4,23,11,3,3,1,0.25,False,True,,3,6.0,6,1,2.0,0,False,True,8.523561956057012,6.768184324776926,1.7553776312800862,3.376146788990825,1.7553776312800862,3.376146788990825,3.376146788990825,1.5525410230287786,2.933333333333333,2.933333333333333,27,23,23,4,0.008722760016098619
qasmbench_89af975627593648_0,qasmbench,small/adder_n10/adder_n10.qasm,89af975627593648e7aca6ac6cb936d2c872093c1eedcaa1b2ab4fa14b602624,arithmetic,False,,/home/audrey/code_and_papers/2026/FAST2027/final/hilbert_thin_provisioning/external/QASMBench/small/adder_n10/adder_n10.qasm,0,1b094671225a5ef23919d2197de478962c5a99850fef93fd43d93aacb342aa9d,semantic,10,30,23,0,0,10,1.0,False,True,,0,0,0,10,1024.0,0,False,True,14.90689059560852,4.906890595608519,10.0,1024.0,10.0,1024.0,1024.0,10.0,1024.0,1024.0,19,30,30,5,0.00481682998361066
qasmbench_89af975627593648_0,qasmbench,small/adder_n10/adder_n10.qasm,89af975627593648e7aca6ac6cb936d2c872093c1eedcaa1b2ab4fa14b602624,arithmetic,False,,/home/audrey/code_and_papers/2026/FAST2027/final/hilbert_thin_provisioning/external/QASMBench/small/adder_n10/adder_n10.qasm,0,1b094671225a5ef23919d2197de478962c5a99850fef93fd43d93aacb342aa9d,lowered,10,30,23,0,0,10,1.0,False,True,,0,0,0,10,1024.0,0,False,True,14.90689059560852,4.906890595608519,10.0,1024.0,10.0,1024.0,1024.0,10.0,1024.0,1024.0,19,30,30,5,0.0060040179814677685
qasmbench_e8ad585e5be09f96_0,qasmbench,medium/multiplier_n15/multiplier_n15.qasm,e8ad585e5be09f96dd60f7495bd649562c6c05f8bf5d8a416b85a9d834e7eab8,arithmetic,False,,/home/audrey/code_and_papers/2026/FAST2027/final/hilbert_thin_provisioning/external/QASMBench/medium/multiplier_n15/multiplier_n15.qasm,0,5d80811549f21039544182a424fcfc1ae90c57133fd34e1e5091bafade5841f6,semantic,15,70,48,0,0,15,1.0,False,True,,0,0,0,15,32768.0,0,False,True,21.129283016944967,6.129283016944967,15.0,32768.0,15.0,32768.0,32768.0,14.999999999999996,32767.99999999992,32767.99999999992,73,70,70,3,0.005253960000118241
qasmbench_e8ad585e5be09f96_0,qasmbench,medium/multiplier_n15/multiplier_n15.qasm,e8ad585e5be09f96dd60f7495bd649562c6c05f8bf5d8a416b85a9d834e7eab8,arithmetic,False,,/home/audrey/code_and_papers/2026/FAST2027/final/hilbert_thin_provisioning/external/QASMBench/medium/multiplier_n15/multiplier_n15.qasm,0,5d80811549f21039544182a424fcfc1ae90c57133fd34e1e5091bafade5841f6,lowered,15,70,48,0,0,15,1.0,False,True,,0,0,0,15,32768.0,0,False,True,21.129283016944967,6.129283016944967,15.0,32768.0,15.0,32768.0,32768.0,14.999999999999996,32767.99999999992,32767.99999999992,73,70,70,3,0.00719086398021318
qasmbench_18ffaae6478e1b9a_0,qasmbench,large/adder_n28/adder_n28.qasm,18ffaae6478e1b9ab873e12035cb3071d826e27d4f51d1c77ec6685206b3a3cf,arithmetic,False,,/home/audrey/code_and_papers/2026/FAST2027/final/hilbert_thin_provisioning/external/QASMBench/large/adder_n28/adder_n28.qasm,0,fdb5e3fcf1bbcb131414601cc402cc00106318ce12ce91a06eb92bfe438f2906,semantic,28,88,41,0,0,28,1.0,False,True,,0,0,0,28,268435456.0,0,False,True,34.459431618637296,6.459431618637298,28.0,268435456.0,28.0,268435456.0,268435456.0,28.0,268435456.0,268435456.0,117,88,88,29,0.00738634800654836
qasmbench_18ffaae6478e1b9a_0,qasmbench,large/adder_n28/adder_n28.qasm,18ffaae6478e1b9ab873e12035cb3071d826e27d4f51d1c77ec6685206b3a3cf,arithmetic,False,,/home/audrey/code_and_papers/2026/FAST2027/final/hilbert_thin_provisioning/external/QASMBench/large/adder_n28/adder_n28.qasm,0,fdb5e3fcf1bbcb131414601cc402cc00106318ce12ce91a06eb92bfe438f2906,lowered,28,88,41,0,0,28,1.0,False,True,,0,0,0,28,268435456.0,0,False,True,34.459431618637296,6.459431618637298,28.0,268435456.0,28.0,268435456.0,268435456.0,28.0,268435456.0,268435456.0,117,88,88,29,0.01167129201348871
qasmbench_606b3ce2308cf7ca_0,qasmbench,large/multiplier_n45/multiplier_n45.qasm,606b3ce2308cf7ca71c7c0b800e76370c3530ad255906431099c4292bec13e34,arithmetic,False,,/home/audrey/code_and_papers/2026/FAST2027/final/hilbert_thin_provisioning/external/QASMBench/large/multiplier_n45/multiplier_n45.qasm,0,dccee5f09348226b54595a0be2c2a16ef5504df962ee6b671adc61df35ff3e2d,semantic,45,689,461,0,0,45,1.0,False,True,,0,0,0,45,35184372088832.0,0,False,True,54.42836017270429,9.428360172704291,45.0,35184372088832.0,45.0,35184372088832.0,35184372088832.0,45.0,35184372088832.0,35184372088832.0,698,689,689,9,0.025562478986103088
qasmbench_606b3ce2308cf7ca_0,qasmbench,large/multiplier_n45/multiplier_n45.qasm,606b3ce2308cf7ca71c7c0b800e76370c3530ad255906431099c4292bec13e34,arithmetic,False,,/home/audrey/code_and_papers/2026/FAST2027/final/hilbert_thin_provisioning/external/QASMBench/large/multiplier_n45/multiplier_n45.qasm,0,dccee5f09348226b54595a0be2c2a16ef5504df962ee6b671adc61df35ff3e2d,lowered,45,689,461,0,0,45,1.0,False,True,,0,0,0,45,35184372088832.0,0,False,True,54.42836017270429,9.428360172704291,45.0,35184372088832.0,45.0,35184372088832.0,35184372088832.0,45.0,35184372088832.0,35184372088832.0,698,689,689,9,0.045248512004036456
qasmbench_ec67a182baee4a03_0,qasmbench,large/adder_n64/adder_n64.qasm,ec67a182baee4a03a5cf2b0c33d5043260e8fda16a4e89a995356baa530e58e6,arithmetic,False,,/home/audrey/code_and_papers/2026/FAST2027/final/hilbert_thin_provisioning/external/QASMBench/large/adder_n64/adder_n64.qasm,0,e573ebe1e4c728bd00eb4dc5f47eb29fdfff8d2c9cbbb8825465c40c77bf7776,semantic,64,204,77,0,0,64,1.0,False,True,,0,0,0,64,1.8446744073709552e+19,0,False,True,71.67242534197149,7.672425341971495,63.99999999999999,1.8446744073709462e+19,63.99999999999999,1.8446744073709462e+19,1.8446744073709462e+19,63.99999999999999,1.8446744073709462e+19,1.8446744073709462e+19,269,204,204,65,0.010126980021595955
qasmbench_ec67a182baee4a03_0,qasmbench,large/adder_n64/adder_n64.qasm,ec67a182baee4a03a5cf2b0c33d5043260e8fda16a4e89a995356baa530e58e6,arithmetic,False,,/home/audrey/code_and_papers/2026/FAST2027/final/hilbert_thin_provisioning/external/QASMBench/large/adder_n64/adder_n64.qasm,0,e573ebe1e4c728bd00eb4dc5f47eb29fdfff8d2c9cbbb8825465c40c77bf7776,lowered,64,204,77,0,0,64,1.0,False,True,,0,0,0,64,1.8446744073709552e+19,0,False,True,71.67242534197149,7.672425341971495,63.99999999999999,1.8446744073709462e+19,63.99999999999999,1.8446744073709462e+19,1.8446744073709462e+19,63.99999999999999,1.8446744073709462e+19,1.8446744073709462e+19,269,204,204,65,0.01722599400090985
qasmbench_b6efc8e67fd640f8_0,qasmbench,large/adder_n118/adder_n118.qasm,b6efc8e67fd640f8ba24fb36529248fe573cfacedfe45e050b3d9f0dfedc6b69,arithmetic,False,,/home/audrey/code_and_papers/2026/FAST2027/final/hilbert_thin_provisioning/external/QASMBench/large/adder_n118/adder_n118.qasm,0,91e6c200e5d448153a6a6f990fc042eaf39764fdd4e373ccec32a74bb6552eee,semantic,118,378,131,0,0,118,1.0,False,True,,0,0,0,118,3.32306998946229e+35,0,False,True,126.56224242422107,8.562242424221074,118.0,3.32306998946229e+35,118.0,3.32306998946229e+35,3.32306998946229e+35,118.0,3.32306998946229e+35,3.32306998946229e+35,497,378,378,119,0.015768880024552345
qasmbench_b6efc8e67fd640f8_0,qasmbench,large/adder_n118/adder_n118.qasm,b6efc8e67fd640f8ba24fb36529248fe573cfacedfe45e050b3d9f0dfedc6b69,arithmetic,False,,/home/audrey/code_and_papers/2026/FAST2027/final/hilbert_thin_provisioning/external/QASMBench/large/adder_n118/adder_n118.qasm,0,91e6c200e5d448153a6a6f990fc042eaf39764fdd4e373ccec32a74bb6552eee,lowered,118,378,131,0,0,118,1.0,False,True,,0,0,0,118,3.32306998946229e+35,0,False,True,126.56224242422107,8.562242424221074,118.0,3.32306998946229e+35,118.0,3.32306998946229e+35,3.32306998946229e+35,118.0,3.32306998946229e+35,3.32306998946229e+35,497,378,378,119,0.028324635000899434
qasmbench_a32cc4f8dccd803a_0,qasmbench,large/multiplier_n75/multiplier_n75.qasm,a32cc4f8dccd803af702d55a5b16cd657899016df0695b9027309d369a72cd8b,arithmetic,False,,/home/audrey/code_and_papers/2026/FAST2027/final/hilbert_thin_provisioning/external/QASMBench/large/multiplier_n75/multiplier_n75.qasm,0,a62c07d7f9ef4b71393533435e966fcb159e14f3d46c6db22a7e6135bfe2a6ca,semantic,75,1957,1307,0,0,75,1.0,False,True,,0,0,0,75,3.777893186295716e+22,0,False,True,85.9344280406268,10.934428040626804,75.0,3.777893186295716e+22,75.0,3.777893186295716e+22,3.777893186295716e+22,75.0,3.777893186295716e+22,3.777893186295716e+22,1972,1957,1957,15,0.06779935999657027
qasmbench_a32cc4f8dccd803a_0,qasmbench,large/multiplier_n75/multiplier_n75.qasm,a32cc4f8dccd803af702d55a5b16cd657899016df0695b9027309d369a72cd8b,arithmetic,False,,/home/audrey/code_and_papers/2026/FAST2027/final/hilbert_thin_provisioning/external/QASMBench/large/multiplier_n75/multiplier_n75.qasm,0,a62c07d7f9ef4b71393533435e966fcb159e14f3d46c6db22a7e6135bfe2a6ca,lowered,75,1957,1307,0,0,75,1.0,False,True,,0,0,0,75,3.777893186295716e+22,0,False,True,85.9344280406268,10.934428040626804,75.0,3.777893186295716e+22,75.0,3.777893186295716e+22,3.777893186295716e+22,75.0,3.777893186295716e+22,3.777893186295716e+22,1972,1957,1957,15,0.12218084299820475
qasmbench_c98cf8b70ed55423_0,qasmbench,medium/bv_n14/bv_n14.qasm,c98cf8b70ed55423525f55bebe8293fd69a97a33472d83cbf5d39693b6ed5e14,bernstein_vazirani,False,,/home/audrey/code_and_papers/2026/FAST2027/final/hilbert_thin_provisioning/external/QASMBench/medium/bv_n14/bv_n14.qasm,0,8df321b266171be759e7842d412399785845eba9f4fb74d60ebb227d632692c9,semantic,14,41,16,14,14,0,0.0,True,False,0.36585365853658536,14,1.0,2,0,1.0,0,False,True,19.357552004618086,18.832883834845035,0.5246681697730509,1.438602653006157,0.5246681697730509,1.438602653006157,1.438602653006157,0.04580368961312686,1.0322580645161306,1.0322580645161306,56,41,41,13,0.00414252799237147
qasmbench_c98cf8b70ed55423_0,qasmbench,medium/bv_n14/bv_n14.qasm,c98cf8b70ed55423525f55bebe8293fd69a97a33472d83cbf5d39693b6ed5e14,bernstein_vazirani,False,,/home/audrey/code_and_papers/2026/FAST2027/final/hilbert_thin_provisioning/external/QASMBench/medium/bv_n14/bv_n14.qasm,0,8df321b266171be759e7842d412399785845eba9f4fb74d60ebb227d632692c9,lowered,14,41,16,14,14,0,0.0,True,False,0.36585365853658536,14,1.0,2,0,1.0,0,False,True,19.357552004618086,18.832883834845035,0.5246681697730509,1.438602653006157,0.5246681697730509,1.438602653006157,1.438602653006157,0.04580368961312686,1.0322580645161306,1.0322580645161306,56,41,41,13,0.005521361978026107
qasmbench_e80db1204270dc9f_0,qasmbench,medium/bv_n19/bv_n19.qasm,e80db1204270dc9fdf894c8acc682c2a2883c653185c61dcdc77a99ce5b6723a,bernstein_vazirani,False,,/home/audrey/code_and_papers/2026/FAST2027/final/hilbert_thin_provisioning/external/QASMBench/medium/bv_n19/bv_n19.qasm,0,5b3561857bc5401f9c5cc67b977c1255e70759c8821c7b81a806036109e0e013,semantic,19,56,21,19,19,0,0.0,True,False,0.35714285714285715,19,1.0,2,0,1.0,0,False,True,24.807354922057606,24.266786397748277,0.5405685243093288,1.4545455986662628,0.5405685243093288,1.4545455986662628,1.4545455986662628,0.0347654181606778,1.02439024390244,1.02439024390244,76,56,56,18,0.005906456004595384
qasmbench_e80db1204270dc9f_0,qasmbench,medium/bv_n19/bv_n19.qasm,e80db1204270dc9fdf894c8acc682c2a2883c653185c61dcdc77a99ce5b6723a,bernstein_vazirani,False,,/home/audrey/code_and_papers/2026/FAST2027/final/hilbert_thin_provisioning/external/QASMBench/medium/bv_n19/bv_n19.qasm,0,5b3561857bc5401f9c5cc67b977c1255e70759c8821c7b81a806036109e0e013,lowered,19,56,21,19,19,0,0.0,True,False,0.35714285714285715,19,1.0,2,0,1.0,0,False,True,24.807354922057606,24.266786397748277,0.5405685243093288,1.4545455986662628,0.5405685243093288,1.4545455986662628,1.4545455986662628,0.0347654181606778,1.02439024390244,1.02439024390244,76,56,56,18,0.008582248003222048
qasmbench_a9f50bd7aecba85c_0,qasmbench,large/bv_n30/bv_n30.qasm,a9f50bd7aecba85c5148d621c91fab9a9d940cf34f9463982366b77228027ade,bernstein_vazirani,False,,/home/audrey/code_and_papers/2026/FAST2027/final/hilbert_thin_provisioning/external/QASMBench/large/bv_n30/bv_n30.qasm,0,45c86303428f85e121642c655582c3c6a19476b671a31377c27a64a55121b1f7,semantic,30,78,21,30,30,0,0.0,True,False,0.3974358974358974,30,1.0,2,0,1.0,0,False,True,36.285402218862245,35.62935662002533,0.6560455988369185,1.5757575758168618,0.6560455988369185,1.5757575758168618,1.5757575758168618,0.034765418160674244,1.0243902439024373,1.0243902439024373,109,78,78,29,0.004757994000101462
qasmbench_a9f50bd7aecba85c_0,qasmbench,large/bv_n30/bv_n30.qasm,a9f50bd7aecba85c5148d621c91fab9a9d940cf34f9463982366b77228027ade,bernstein_vazirani,False,,/home/audrey/code_and_papers/2026/FAST2027/final/hilbert_thin_provisioning/external/QASMBench/large/bv_n30/bv_n30.qasm,0,45c86303428f85e121642c655582c3c6a19476b671a31377c27a64a55121b1f7,lowered,30,78,21,30,30,0,0.0,True,False,0.3974358974358974,30,1.0,2,0,1.0,0,False,True,36.285402218862245,35.62935662002533,0.6560455988369185,1.5757575758168618,0.6560455988369185,1.5757575758168618,1.5757575758168618,0.034765418160674244,1.0243902439024373,1.0243902439024373,109,78,78,29,0.009639767988119274
qasmbench_802e074040630573_0,qasmbench,large/bv_n70/bv_n70.qasm,802e0740406305735367ebd1f2b43578922b68c8c6b9a30cf48ff8d3b0ffd35a,bernstein_vazirani,False,,/home/audrey/code_and_papers/2026/FAST2027/final/hilbert_thin_provisioning/external/QASMBench/large/bv_n70/bv_n70.qasm,0,c7b05e0479b0269624a65d956d5d0460f18d9359a1d596c1caa4074c5e762b3f,semantic,70,176,39,70,70,0,0.0,True,False,0.4034090909090909,70,1.0,2,0,1.0,0,False,True,77.4594316186373,76.74819284958946,0.7112387690478386,1.6372093023255831,0.7112387690478386,1.6372093023255831,1.6372093023255831,0.018615678167350325,1.0129870129870153,1.0129870129870153,247,176,176,69,0.006931293988600373
qasmbench_802e074040630573_0,qasmbench,large/bv_n70/bv_n70.qasm,802e0740406305735367ebd1f2b43578922b68c8c6b9a30cf48ff8d3b0ffd35a,bernstein_vazirani,False,,/home/audrey/code_and_papers/2026/FAST2027/final/hilbert_thin_provisioning/external/QASMBench/large/bv_n70/bv_n70.qasm,0,c7b05e0479b0269624a65d956d5d0460f18d9359a1d596c1caa4074c5e762b3f,lowered,70,176,39,70,70,0,0.0,True,False,0.4034090909090909,70,1.0,2,0,1.0,0,False,True,77.4594316186373,76.74819284958946,0.7112387690478386,1.6372093023255831,0.7112387690478386,1.6372093023255831,1.6372093023255831,0.018615678167350325,1.0129870129870153,1.0129870129870153,247,176,176,69,0.014546574995620176
qasmbench_afd134759fa0eefb_0,qasmbench,small/grover_n2/grover_n2.qasm,afd134759fa0eefb9f84a88d3e9f156cd54e83b10177d02c33bb6f519c08b813,grover_oracle,False,,/home/audrey/code_and_papers/2026/FAST2027/final/hilbert_thin_provisioning/external/QASMBench/small/grover_n2/grover_n2.qasm,0,7c51377f10c5e550c79a3d3e7afa43e0c5a6364c9c048adfe0bc4edf40524547,semantic,2,16,11,2,2,0,0.0,True,False,0.125,2,1.0,1,0,1.0,0,False,True,6.0,5.954196310386876,0.0458036896131242,1.0322580645161286,0.0458036896131242,1.0322580645161286,1.0322580645161286,0.0,1.0,1.0,18,16,16,2,0.0035345609940122813
qasmbench_afd134759fa0eefb_0,qasmbench,small/grover_n2/grover_n2.qasm,afd134759fa0eefb9f84a88d3e9f156cd54e83b10177d02c33bb6f519c08b813,grover_oracle,False,,/home/audrey/code_and_papers/2026/FAST2027/final/hilbert_thin_provisioning/external/QASMBench/small/grover_n2/grover_n2.qasm,0,7c51377f10c5e550c79a3d3e7afa43e0c5a6364c9c048adfe0bc4edf40524547,lowered,2,16,11,2,2,0,0.0,True,False,0.125,2,1.0,1,0,1.0,0,False,True,6.0,5.954196310386876,0.0458036896131242,1.0322580645161286,0.0458036896131242,1.0322580645161286,1.0322580645161286,0.0,1.0,1.0,18,16,16,2,0.004266725009074435
qasmbench_c10edc4a40eadf4d_0,qasmbench,small/ising_n10/ising_n10.qasm,c10edc4a40eadf4d610aa012524e9eed4bdd1a02fc9d939cccae8ad4ed942f67,ising,False,,/home/audrey/code_and_papers/2026/FAST2027/final/hilbert_thin_provisioning/external/QASMBench/small/ising_n10/ising_n10.qasm,0,b143e729598ec8480609b0232345b7ddef157f7086d28761e8345dbb0ed1575b,semantic,10,480,70,10,10,0,0.0,True,False,0.020833333333333332,10,1.0,1,0,1.0,0,False,True,18.906890595608516,18.882637079511035,0.024253516097481054,1.0169533606716756,0.024253516097481054,1.0169533606716756,1.0169533606716756,0.0,1.0,1.0,490,480,480,10,0.03702597500523552
qasmbench_c10edc4a40eadf4d_0,qasmbench,small/ising_n10/ising_n10.qasm,c10edc4a40eadf4d610aa012524e9eed4bdd1a02fc9d939cccae8ad4ed942f67,ising,False,,/home/audrey/code_and_papers/2026/FAST2027/final/hilbert_thin_provisioning/external/QASMBench/small/ising_n10/ising_n10.qasm,0,b143e729598ec8480609b0232345b7ddef157f7086d28761e8345dbb0ed1575b,lowered,10,480,70,10,10,0,0.0,True,False,0.3729166666666667,10,2.0,72,0,1.0,0,False,True,18.906890595608516,18.344868017256793,0.5620225783517228,1.4763375103624723,0.5620225783517228,1.4763375103624723,1.4763375103624723,0.0,1.0,1.0,490,480,480,10,0.04532139899674803
qasmbench_ac0dc5f6af55575a_0,qasmbench,medium/ising_n26/ising_n26.qasm,ac0dc5f6af55575ad454ce16f78820fa7e1aa16b027a6ab8e49af82b276054ba,ising,False,,/home/audrey/code_and_papers/2026/FAST2027/final/hilbert_thin_provisioning/external/QASMBench/medium/ising_n26/ising_n26.qasm,0,04812dfa2277f4d877494df7b9481c73152150b139c4763ebe82cc03bea10be0,semantic,26,280,15,26,26,0,0.0,True,False,0.09285714285714286,26,1.0,1,0,1.0,0,False,True,34.12928301694497,33.99999999983205,0.12928301711291823,1.0937500001273293,0.12928301711291823,1.0937500001273293,1.0937500001273293,0.0,1.0,1.0,307,280,280,27,0.00864727099542506
qasmbench_ac0dc5f6af55575a_0,qasmbench,medium/ising_n26/ising_n26.qasm,ac0dc5f6af55575ad454ce16f78820fa7e1aa16b027a6ab8e49af82b276054ba,ising,False,,/home/audrey/code_and_papers/2026/FAST2027/final/hilbert_thin_provisioning/external/QASMBench/medium/ising_n26/ising_n26.qasm,0,04812dfa2277f4d877494df7b9481c73152150b139c4763ebe82cc03bea10be0,lowered,26,280,15,26,26,0,0.0,True,False,0.9214285714285714,26,2.0,20,0,1.0,0,False,True,34.12928301694497,30.954196266004256,3.175086750940711,9.032258342381699,3.175086750940711,9.032258342381699,9.032258342381699,0.0,1.0,1.0,307,280,280,27,0.015862156986258924
qasmbench_c4367870578a74cd_0,qasmbench,large/ising_n34/ising_n34.qasm,c4367870578a74cd7dbfd337dd8b1ece3fb2c76709261a16a093225dfb7307ec,ising,False,,/home/audrey/code_and_papers/2026/FAST2027/final/hilbert_thin_provisioning/external/QASMBench/large/ising_n34/ising_n34.qasm,0,e889eb67fd710ee42ce543049ad7035979ad26d6a62744bd1c6083269dece333,semantic,34,368,15,34,34,0,0.0,True,False,0.09239130434782608,34,1.0,1,0,1.0,0,False,True,42.52356195605701,42.392317422778255,0.1312445332787533,1.0952380952384753,0.1312445332787533,1.0952380952384753,1.0952380952384753,0.0,1.0,1.0,403,368,368,35,0.012120137980673462
qasmbench_c4367870578a74cd_0,qasmbench,large/ising_n34/ising_n34.qasm,c4367870578a74cd7dbfd337dd8b1ece3fb2c76709261a16a093225dfb7307ec,ising,False,,/home/audrey/code_and_papers/2026/FAST2027/final/hilbert_thin_provisioning/external/QASMBench/large/ising_n34/ising_n34.qasm,0,e889eb67fd710ee42ce543049ad7035979ad26d6a62744bd1c6083269dece333,lowered,34,368,15,34,34,0,0.0,True,False,0.9402173913043478,34,2.0,20,0,1.0,0,False,True,42.52356195605701,38.954196310213504,3.5693656458435044,11.870967743362002,3.5693656458435044,11.870967743362002,11.870967743362002,0.0,1.0,1.0,403,368,368,35,0.021329715993488207
qasmbench_28cc7db51ac0ddc7_0,qasmbench,large/ising_n42/ising_n42.qasm,28cc7db51ac0ddc75b8407c414cd0986e028dc9750010d938c34fa25f157a853,ising,False,,/home/audrey/code_and_papers/2026/FAST2027/final/hilbert_thin_provisioning/external/QASMBench/large/ising_n42/ising_n42.qasm,0,e3f4faef0261826c76b1a3299cc3b71d28628c333f2f756c08abc4f60f7de28c,semantic,42,456,15,42,42,0,0.0,True,False,0.09210526315789473,42,1.0,1,0,1.0,0,False,True,50.83289001416474,50.700439718141084,0.13245029602365577,1.096153846153851,0.13245029602365577,1.096153846153851,1.096153846153851,0.0,1.0,1.0,499,456,456,43,0.012830805993871763
qasmbench_28cc7db51ac0ddc7_0,qasmbench,large/ising_n42/ising_n42.qasm,28cc7db51ac0ddc75b8407c414cd0986e028dc9750010d938c34fa25f157a853,ising,False,,/home/audrey/code_and_papers/2026/FAST2027/final/hilbert_thin_provisioning/external/QASMBench/large/ising_n42/ising_n42.qasm,0,e3f4faef0261826c76b1a3299cc3b71d28628c333f2f756c08abc4f60f7de28c,lowered,42,456,15,42,42,0,0.0,True,False,0.9517543859649122,42,2.0,20,0,1.0,0,False,True,50.83289001416474,46.954196310386195,3.878693703778545,14.709677419361757,3.878693703778545,14.709677419361757,14.709677419361757,0.0,1.0,1.0,499,456,456,43,0.024428497010376304
qasmbench_ab80ae764db39299_0,qasmbench,large/ising_n66/ising_n66.qasm,ab80ae764db392991593e3bcbcd8591ee74998c747b964f2713a822b30862fdc,ising,False,,/home/audrey/code_and_papers/2026/FAST2027/final/hilbert_thin_provisioning/external/QASMBench/large/ising_n66/ising_n66.qasm,0,719c2332b8a3d17fd2cda4d6517db19be1e202dfbe70e41435d7d303a7d594c2,semantic,66,720,15,66,66,0,0.0,True,False,0.09166666666666666,66,1.0,1,0,1.0,0,False,True,75.49185309632968,75.35755200461809,0.13430109171159188,1.0975609756097569,0.13430109171159188,1.0975609756097569,1.0975609756097569,0.0,1.0,1.0,787,720,720,67,0.01966441099648364
qasmbench_ab80ae764db39299_0,qasmbench,large/ising_n66/ising_n66.qasm,ab80ae764db392991593e3bcbcd8591ee74998c747b964f2713a822b30862fdc,ising,False,,/home/audrey/code_and_papers/2026/FAST2027/final/hilbert_thin_provisioning/external/QASMBench/large/ising_n66/ising_n66.qasm,0,719c2332b8a3d17fd2cda4d6517db19be1e202dfbe70e41435d7d303a7d594c2,lowered,66,720,15,66,66,0,0.0,True,False,0.9694444444444444,66,2.0,20,0,1.0,0,False,True,75.49185309632968,70.95419631038688,4.537656785942801,23.22580645161292,4.537656785942801,23.22580645161292,23.22580645161292,0.0,1.0,1.0,787,720,720,67,0.03600198100320995
qasmbench_a5df0fa957b250a5_0,qasmbench,large/ising_n98/ising_n98.qasm,a5df0fa957b250a59561348cf0d3b30f01626634b33cfbaea09d32f770a5f8af,ising,False,,/home/audrey/code_and_papers/2026/FAST2027/final/hilbert_thin_provisioning/external/QASMBench/large/ising_n98/ising_n98.qasm,0,bb2428b0cfae11b1bf0270d44336166e4ad821e9302e59caf4edc780940b6540,semantic,98,1072,15,98,98,0,0.0,True,False,0.0914179104477612,98,1.0,1,0,1.0,0,False,True,108.06608919045777,107.93073733756287,0.1353518528948996,1.0983606557377152,0.1353518528948996,1.0983606557377152,1.0983606557377152,0.0,1.0,1.0,1171,1072,1072,99,0.029510801017750055
qasmbench_a5df0fa957b250a5_0,qasmbench,large/ising_n98/ising_n98.qasm,a5df0fa957b250a59561348cf0d3b30f01626634b33cfbaea09d32f770a5f8af,ising,False,,/home/audrey/code_and_papers/2026/FAST2027/final/hilbert_thin_provisioning/external/QASMBench/large/ising_n98/ising_n98.qasm,0,bb2428b0cfae11b1bf0270d44336166e4ad821e9302e59caf4edc780940b6540,lowered,98,1072,15,98,98,0,0.0,True,False,0.9794776119402985,98,2.0,20,0,1.0,0,False,True,108.06608919045777,102.95419631038688,5.111892880070897,34.58064516129032,5.111892880070897,34.58064516129032,34.58064516129032,0.0,1.0,1.0,1171,1072,1072,99,0.05499501101439819
qasmbench_0ab8129a30be0350_0,qasmbench,small/pea_n5/pea_n5.qasm,0ab8129a30be0350c68704b5fcd91f2dfb4c868303c5ad761af411f277f91660,phase_estimation,False,,/home/audrey/code_and_papers/2026/FAST2027/final/hilbert_thin_provisioning/external/QASMBench/small/pea_n5/pea_n5.qasm,0,09fa3fe288aa28368c729d2f064fe13c36e1ccf6706f584e83d9cf0a2f3d8ddb,semantic,5,74,67,5,5,0,0.0,True,False,0.08108108108108109,5,1.0,2,0,1.0,0,False,True,11.20945336562895,11.138271800172221,0.07118156545672782,1.050576752440106,0.07118156545672782,1.050576752440106,1.050576752440106,0.010806754956581344,1.0075187969924801,1.0075187969924801,33,74,74,4,0.0058760579850059
qasmbench_0ab8129a30be0350_0,qasmbench,small/pea_n5/pea_n5.qasm,0ab8129a30be0350c68704b5fcd91f2dfb4c868303c5ad761af411f277f91660,phase_estimation,False,,/home/audrey/code_and_papers/2026/FAST2027/final/hilbert_thin_provisioning/external/QASMBench/small/pea_n5/pea_n5.qasm,0,09fa3fe288aa28368c729d2f064fe13c36e1ccf6706f584e83d9cf0a2f3d8ddb,lowered,5,74,67,5,5,0,0.0,True,False,0.08108108108108109,5,1.0,2,0,1.0,0,False,True,11.20945336562895,11.138271800172221,0.07118156545672782,1.050576752440106,0.07118156545672782,1.050576752440106,1.050576752440106,0.010806754956581344,1.0075187969924801,1.0075187969924801,33,74,74,4,0.007926596998004243
qasmbench_fde5eff21c334ef0_0,qasmbench,small/qaoa_n6/qaoa_n6.qasm,fde5eff21c334ef02430bbfa8ea38f9287625cab3ffbd45d92d79590ee27dcc9,qaoa,False,,/home/audrey/code_and_papers/2026/FAST2027/final/hilbert_thin_provisioning/external/QASMBench/small/qaoa_n6/qaoa_n6.qasm,0,ec5167a1462de8bcecbdfc3dae5e75de2b31b60aef0f2c1bc1ed7a667d15414b,semantic,6,270,109,6,6,0,0.0,True,False,0.022222222222222223,6,1.0,1,0,1.0,0,False,True,14.076815597050832,14.055112935995513,0.021702661055318373,1.0151568558336288,0.021702661055318373,1.0151568558336288,1.0151568558336288,0.0,1.0,1.0,276,270,270,6,0.02174177102278918
qasmbench_fde5eff21c334ef0_0,qasmbench,small/qaoa_n6/qaoa_n6.qasm,fde5eff21c334ef02430bbfa8ea38f9287625cab3ffbd45d92d79590ee27dcc9,qaoa,False,,/home/audrey/code_and_papers/2026/FAST2027/final/hilbert_thin_provisioning/external/QASMBench/small/qaoa_n6/qaoa_n6.qasm,0,ec5167a1462de8bcecbdfc3dae5e75de2b31b60aef0f2c1bc1ed7a667d15414b,lowered,6,270,109,6,6,0,0.0,True,False,0.3888888888888889,6,17.5,33,0,1.0,0,False,True,14.076815597050832,13.584962500721158,0.4918530963296739,1.4062499999999991,0.4918530963296739,1.4062499999999991,1.4062499999999991,0.0,1.0,1.0,276,270,270,6,0.027354174002539366
qasmbench_d7b95967326b6505_0,qasmbench,small/qec_en_n5/qec_en_n5.qasm,d7b95967326b65050c5e645c180f2361f8cb3513dae7936de0e0cf53a63fec58,qec,False,,/home/audrey/code_and_papers/2026/FAST2027/final/hilbert_thin_provisioning/external/QASMBench/small/qec_en_n5/qec_en_n5.qasm,0,d43c139b20d5f603228d14c4763dde5f2f537810024501104902489f8337dd79,semantic,5,25,17,5,5,0,0.0,True,False,0.76,5,3.0,8,0,1.0,0,False,True,9.643856189774723,8.679480099505447,0.9643760902692762,1.9512195121951186,0.9643760902692762,1.9512195121951186,1.9512195121951186,0.0,1.0,1.0,30,25,25,5,0.003168883005855605
qasmbench_d7b95967326b6505_0,qasmbench,small/qec_en_n5/qec_en_n5.qasm,d7b95967326b65050c5e645c180f2361f8cb3513dae7936de0e0cf53a63fec58,qec,False,,/home/audrey/code_and_papers/2026/FAST2027/final/hilbert_thin_provisioning/external/QASMBench/small/qec_en_n5/qec_en_n5.qasm,0,d43c139b20d5f603228d14c4763dde5f2f537810024501104902489f8337dd79,lowered,5,25,17,5,5,0,0.0,True,False,0.76,5,1.0,8,0,1.0,0,False,True,9.643856189774723,8.721099188707184,0.9227570010675397,1.8957345971563981,0.9227570010675397,1.8957345971563981,1.8957345971563981,0.0,1.0,1.0,30,25,25,5,0.00407591401017271
qasmbench_c33b5a03491bceb2_0,qasmbench,small/error_correctiond3_n5/error_correctiond3_n5.qasm,c33b5a03491bceb26ca6d494632936614df035a352d437369eca28087ae72ff5,qec,False,,/home/audrey/code_and_papers/2026/FAST2027/final/hilbert_thin_provisioning/external/QASMBench/small/error_correctiond3_n5/error_correctiond3_n5.qasm,0,30d1ddfaf019f5b12a687800fa6a2491414e43c50e9e26bfb6e3a482fea6f62f,semantic,5,114,77,5,5,0,0.0,True,False,0.05263157894736842,5,1.0,2,0,1.0,0,False,True,11.832890014164741,11.782179193831208,0.050710820333533135,1.0357751277683134,0.050710820333533135,1.0357751277683134,1.0357751277683134,0.009398698002248906,1.0065359477124178,1.0065359477124178,119,114,114,5,0.006275446998188272
qasmbench_c33b5a03491bceb2_0,qasmbench,small/error_correctiond3_n5/error_correctiond3_n5.qasm,c33b5a03491bceb26ca6d494632936614df035a352d437369eca28087ae72ff5,qec,False,,/home/audrey/code_and_papers/2026/FAST2027/final/hilbert_thin_provisioning/external/QASMBench/small/error_correctiond3_n5/error_correctiond3_n5.qasm,0,30d1ddfaf019f5b12a687800fa6a2491414e43c50e9e26bfb6e3a482fea6f62f,lowered,5,114,77,5,5,0,0.0,True,False,0.10526315789473684,5,1.0,7,0,1.0,0,False,True,11.832890014164741,11.721953612801386,0.11093640136335559,1.0799289520426285,0.11093640136335559,1.0799289520426285,1.0799289520426285,0.009398698002248906,1.0065359477124178,1.0065359477124178,119,114,114,5,0.009625634003896266
qasmbench_62c6c8c7ddd95ac2_0,qasmbench,small/qft_n4/qft_n4.qasm,62c6c8c7ddd95ac2b5367420b9925dbf82d6fb45725f089f01619a639621ad60,qft,False,,/home/audrey/code_and_papers/2026/FAST2027/final/hilbert_thin_provisioning/external/QASMBench/small/qft_n4/qft_n4.qasm,0,34082ca237d69a046c266127da45a624bd74a99bbfca7369a2d66daae0b954c7,semantic,4,12,8,4,4,0,0.0,True,False,1.0,4,3.0,4,0,1.0,0,False,True,7.584962500721156,6.044394119358453,1.5405683813627027,2.909090909090909,1.5405683813627027,2.909090909090909,2.909090909090909,1.5081469036703252,2.844444444444444,2.844444444444444,17,12,12,4,0.0031461470061913133
qasmbench_62c6c8c7ddd95ac2_0,qasmbench,small/qft_n4/qft_n4.qasm,62c6c8c7ddd95ac2b5367420b9925dbf82d6fb45725f089f01619a639621ad60,qft,False,,/home/audrey/code_and_papers/2026/FAST2027/final/hilbert_thin_provisioning/external/QASMBench/small/qft_n4/qft_n4.qasm,0,34082ca237d69a046c266127da45a624bd74a99bbfca7369a2d66daae0b954c7,lowered,4,12,8,4,4,0,0.0,True,False,1.0,4,3.0,4,0,1.0,0,False,True,7.584962500721156,6.044394119358453,1.5405683813627027,2.909090909090909,1.5405683813627027,2.909090909090909,2.909090909090909,1.5081469036703252,2.844444444444444,2.844444444444444,17,12,12,4,0.003854909009533003
qasmbench_5ed6ee804a706716_0,qasmbench,medium/qft_n18/qft_n18.qasm,5ed6ee804a7067160294d7db81859886788ae56e853286e7307e9c74d5c35ab3,qft,False,,/home/audrey/code_and_papers/2026/FAST2027/final/hilbert_thin_provisioning/external/QASMBench/medium/qft_n18/qft_n18.qasm,0,ea1cd270629d51ec9be55f8670a53d81e00f46c1124319bb8e5f48381040276d,semantic,18,783,133,18,18,0,0.0,True,False,1.0,18,43.5,86,0,1.0,0,False,True,27.61286849729104,24.35755254153943,3.255315955751609,9.548776934078697,3.255315955751609,9.548776934078697,9.548776934078697,3.885372109986399,14.777928106636308,14.777928106636308,802,783,783,19,0.020999755972297862
qasmbench_5ed6ee804a706716_0,qasmbench,medium/qft_n18/qft_n18.qasm,5ed6ee804a7067160294d7db81859886788ae56e853286e7307e9c74d5c35ab3,qft,False,,/home/audrey/code_and_papers/2026/FAST2027/final/hilbert_thin_provisioning/external/QASMBench/medium/qft_n18/qft_n18.qasm,0,ea1cd270629d51ec9be55f8670a53d81e00f46c1124319bb8e5f48381040276d,lowered,18,783,133,18,18,0,0.0,True,False,1.0,18,43.5,86,0,1.0,0,False,True,27.61286849729104,24.35755254153943,3.255315955751609,9.548776934078697,3.255315955751609,9.548776934078697,9.548776934078697,3.885372109986399,14.777928106636308,14.777928106636308,802,783,783,19,0.039445014990633354
qasmbench_e17668cbd88ae908_0,qasmbench,large/qft_n29/qft_n29.qasm,e17668cbd88ae90820a1498c4b71d9e3539fbacf1e7d9c4e08d5f9d5eb6564c3,qft,False,,/home/audrey/code_and_papers/2026/FAST2027/final/hilbert_thin_provisioning/external/QASMBench/large/qft_n29/qft_n29.qasm,0,bb48f5dc0a29e0d887a89a87c5beccb1fbcea4f7402ebff1d2b9c0e32ebe3a6f,semantic,29,2059,221,29,29,0,0.0,True,False,1.0,29,71.0,141,0,1.0,0,False,True,40.00772811463226,36.098032083117445,3.9096960315148124,15.029197078657317,3.9096960315148124,15.029197078657317,15.029197078657317,4.617977565115062,24.555555677524303,24.555555677524303,2089,2059,2059,30,0.05250990900094621
qasmbench_e17668cbd88ae908_0,qasmbench,large/qft_n29/qft_n29.qasm,e17668cbd88ae90820a1498c4b71d9e3539fbacf1e7d9c4e08d5f9d5eb6564c3,qft,False,,/home/audrey/code_and_papers/2026/FAST2027/final/hilbert_thin_provisioning/external/QASMBench/large/qft_n29/qft_n29.qasm,0,bb48f5dc0a29e0d887a89a87c5beccb1fbcea4f7402ebff1d2b9c0e32ebe3a6f,lowered,29,2059,221,29,29,0,0.0,True,False,1.0,29,71.0,141,0,1.0,0,False,True,40.00772811463226,36.098032083117445,3.9096960315148124,15.029197078657317,3.9096960315148124,15.029197078657317,15.029197078657317,4.617977565115062,24.555555677524303,24.555555677524303,2089,2059,2059,30,0.1027332529774867
qasmbench_6fad7f3a11b4f50b_0,qasmbench,large/qft_n63/qft_n63.qasm,6fad7f3a11b4f50b10a467b076521d22891505bb759f63146be84e74225417ba,qft,False,,/home/audrey/code_and_papers/2026/FAST2027/final/hilbert_thin_provisioning/external/QASMBench/large/qft_n63/qft_n63.qasm,0,f5c3a394c84bb1b740ef211a98e85286c22be01f5afe037a631d22ef0b7a80f9,semantic,63,9828,493,63,63,0,0.0,True,False,1.0,63,156.0,311,0,1.0,0,False,True,76.26268214236217,71.26209484537019,5.000587296991981,32.01302931596081,5.000587296991981,32.01302931596081,32.01302931596081,5.775518834935596,54.777777777777665,54.777777777777665,9892,9828,9828,64,0.3274435530183837
qasmbench_6fad7f3a11b4f50b_0,qasmbench,large/qft_n63/qft_n63.qasm,6fad7f3a11b4f50b10a467b076521d22891505bb759f63146be84e74225417ba,qft,False,,/home/audrey/code_and_papers/2026/FAST2027/final/hilbert_thin_provisioning/external/QASMBench/large/qft_n63/qft_n63.qasm,0,f5c3a394c84bb1b740ef211a98e85286c22be01f5afe037a631d22ef0b7a80f9,lowered,63,9828,493,63,63,0,0.0,True,False,1.0,63,156.0,311,0,1.0,0,False,True,76.26268214236217,71.26209484537019,5.000587296991981,32.01302931596081,5.000587296991981,32.01302931596081,32.01302931596081,5.775518834935596,54.777777777777665,54.777777777777665,9892,9828,9828,64,0.5582789010077249
qasmbench_2b22f2a0a013cb91_0,qasmbench,medium/qram_n20/qram_n20.qasm,2b22f2a0a013cb91c5b59063b04e33998a1e24bbd5300a085b01edadd9ac763d,qram,False,,/home/audrey/code_and_papers/2026/FAST2027/final/hilbert_thin_provisioning/external/QASMBench/medium/qram_n20/qram_n20.qasm,0,d29f1a0a6847054bbc30ffc0ef3048edf8cc2401ed3453dd46825710663ad05a,semantic,20,41,23,0,0,20,1.0,False,True,,0,0,0,20,1048576.0,0,False,True,25.357552004618086,5.357552004618084,20.0,1048576.0,20.0,1048576.0,1048576.0,20.0,1048576.0,1048576.0,45,41,41,4,0.004436365008587018
qasmbench_2b22f2a0a013cb91_0,qasmbench,medium/qram_n20/qram_n20.qasm,2b22f2a0a013cb91c5b59063b04e33998a1e24bbd5300a085b01edadd9ac763d,qram,False,,/home/audrey/code_and_papers/2026/FAST2027/final/hilbert_thin_provisioning/external/QASMBench/medium/qram_n20/qram_n20.qasm,0,d29f1a0a6847054bbc30ffc0ef3048edf8cc2401ed3453dd46825710663ad05a,lowered,20,41,23,0,0,20,1.0,False,True,,0,0,0,20,1048576.0,0,False,True,25.357552004618086,5.357552004618084,20.0,1048576.0,20.0,1048576.0,1048576.0,20.0,1048576.0,1048576.0,45,41,41,4,0.006118886987678707
qasmbench_ce0359edb654e5dd_0,qasmbench,small/dnn_n2/dnn_n2.qasm,ce0359edb654e5dd1f54035e07cec177d2f50ae1ecd45b651ba71637854b7921,quantum_ml,False,,/home/audrey/code_and_papers/2026/FAST2027/final/hilbert_thin_provisioning/external/QASMBench/small/dnn_n2/dnn_n2.qasm,0,6cfabb89e570bd280825f9388fa7b033d42cbf11bb67a357bf0baaf9e1c50da9,semantic,2,226,154,2,2,0,0.0,True,False,0.017699115044247787,2,2.0,3,0,1.0,0,False,True,9.820178962415188,9.810571634741148,0.009607327674039823,1.0066815144766141,0.009607327674039823,1.0066815144766141,1.0066815144766141,0.0,1.0,1.0,228,226,226,2,0.019722444005310535
qasmbench_ce0359edb654e5dd_0,qasmbench,small/dnn_n2/dnn_n2.qasm,ce0359edb654e5dd1f54035e07cec177d2f50ae1ecd45b651ba71637854b7921,quantum_ml,False,,/home/audrey/code_and_papers/2026/FAST2027/final/hilbert_thin_provisioning/external/QASMBench/small/dnn_n2/dnn_n2.qasm,0,6cfabb89e570bd280825f9388fa7b033d42cbf11bb67a357bf0baaf9e1c50da9,lowered,2,226,154,2,2,0,0.0,True,False,0.030973451327433628,2,3.5,6,0,1.0,0,False,True,9.820178962415188,9.800899899920305,0.019279062494883092,1.0134529147982063,0.019279062494883092,1.0134529147982063,1.0134529147982063,0.0,1.0,1.0,228,226,226,2,0.024939529015682638
qasmbench_7f1f342a59a7a915_0,qasmbench,small/dnn_n8/dnn_n8.qasm,7f1f342a59a7a9159a2f0fa619b8a64170a159158ae838eaa75b13212cf2a161,quantum_ml,False,,/home/audrey/code_and_papers/2026/FAST2027/final/hilbert_thin_provisioning/external/QASMBench/small/dnn_n8/dnn_n8.qasm,0,8bc5a06ee631aec1bb2135db57eecbd1324c6dde5c278798f0347a474995f24e,semantic,8,1008,172,8,8,0,0.0,True,False,0.1527777777777778,8,3.0,47,0,1.0,0,False,True,17.977279923499914,17.76886921483764,0.2084107086622744,1.1554146629771893,0.2084107086622744,1.1554146629771893,1.1554146629771893,0.0,1.0,1.0,1016,1008,1008,8,0.07871209798031487
qasmbench_7f1f342a59a7a915_0,qasmbench,small/dnn_n8/dnn_n8.qasm,7f1f342a59a7a9159a2f0fa619b8a64170a159158ae838eaa75b13212cf2a161,quantum_ml,False,,/home/audrey/code_and_papers/2026/FAST2027/final/hilbert_thin_provisioning/external/QASMBench/small/dnn_n8/dnn_n8.qasm,0,8bc5a06ee631aec1bb2135db57eecbd1324c6dde5c278798f0347a474995f24e,lowered,8,1008,172,8,8,0,0.0,True,False,0.2996031746031746,8,6.0,124,0,1.0,0,False,True,17.977279923499914,17.54876171465293,0.42851820884698455,1.3458505444986808,0.42851820884698455,1.3458505444986808,1.3458505444986808,0.0,1.0,1.0,1016,1008,1008,8,0.12583350198110566
qasmbench_c194be8740c380fc_0,qasmbench,medium/dnn_n16/dnn_n16.qasm,c194be8740c380fc9679ebcca2515ac52215aea1c58dc5cfc507679a88c64d79,quantum_ml,False,,/home/audrey/code_and_papers/2026/FAST2027/final/hilbert_thin_provisioning/external/QASMBench/medium/dnn_n16/dnn_n16.qasm,0,33263784caf283948221b2a881a778e352b48fb4b7b47e259277560dadc31090,semantic,16,2016,172,16,16,0,0.0,True,False,0.17559523809523808,16,3.0,47,0,1.0,0,False,True,26.977279923499914,26.71481705511746,0.26246286838245325,1.1995247026654334,0.26246286838245325,1.1995247026654334,1.1995247026654334,0.0,1.0,1.0,2032,2016,2016,16,0.15630647298530675
qasmbench_c194be8740c380fc_0,qasmbench,medium/dnn_n16/dnn_n16.qasm,c194be8740c380fc9679ebcca2515ac52215aea1c58dc5cfc507679a88c64d79,quantum_ml,False,,/home/audrey/code_and_papers/2026/FAST2027/final/hilbert_thin_provisioning/external/QASMBench/medium/dnn_n16/dnn_n16.qasm,0,33263784caf283948221b2a881a778e352b48fb4b7b47e259277560dadc31090,lowered,16,2016,172,16,16,0,0.0,True,False,0.5863095238095238,16,6.0,246,0,1.0,0,False,True,26.977279923499914,25.84528770140898,1.1319922220909326,2.191611717368111,1.1319922220909326,2.191611717368111,2.191611717368111,0.0,1.0,1.0,2032,2016,2016,16,0.19317808200139552
qasmbench_50a5f79da7cbb387_0,qasmbench,large/dnn_n33/dnn_n33.qasm,50a5f79da7cbb38754bd7fa0aca2e672266642ad7e9e7ce16ccdd613af5db070,quantum_ml,False,,/home/audrey/code_and_papers/2026/FAST2027/final/hilbert_thin_provisioning/external/QASMBench/large/dnn_n33/dnn_n33.qasm,0,263389cb72170ee553e6f6190ab6057a27d5b8cd8f05945e5e0d17bd941aab43,semantic,33,232,99,33,33,0,0.0,True,False,0.9224137931034483,33,2.0,152,0,1.0,0,False,True,40.85798099512757,37.392474655443216,3.465506339684353,11.046415084288855,3.465506339684353,11.046415084288855,11.046415084288855,7.105427357601002e-15,1.0000000000000049,1.0000000000000049,176,232,226,34,0.019447254977421835
qasmbench_50a5f79da7cbb387_0,qasmbench,large/dnn_n33/dnn_n33.qasm,50a5f79da7cbb38754bd7fa0aca2e672266642ad7e9e7ce16ccdd613af5db070,quantum_ml,False,,/home/audrey/code_and_papers/2026/FAST2027/final/hilbert_thin_provisioning/external/QASMBench/large/dnn_n33/dnn_n33.qasm,0,263389cb72170ee553e6f6190ab6057a27d5b8cd8f05945e5e0d17bd941aab43,lowered,33,226,95,33,33,0,0.0,True,False,0.9867256637168141,33,3.0,13,0,1.0,1,False,True,40.820178962415184,35.8074146691001,5.012764293315087,32.28437724916357,5.012764293315087,32.28437724916357,32.28437724916357,0.0,1.0,1.0,176,232,226,34,0.028207720984937623
qasmbench_df6c9e37a068afe0_0,qasmbench,large/dnn_n51/dnn_n51.qasm,df6c9e37a068afe01a13daf528910e1ba0c23ff0a82c64b8e8d02ab7d65317f9,quantum_ml,False,,/home/audrey/code_and_papers/2026/FAST2027/final/hilbert_thin_provisioning/external/QASMBench/large/dnn_n51/dnn_n51.qasm,0,6760430e8ced75ea2707ce447ef0e3ad976534fa8259b438f248a46faecab93b,semantic,51,367,153,51,51,0,0.0,True,False,0.9264305177111717,51,2.0,242,0,1.0,0,False,True,59.51963625284321,55.90689093957378,3.6127453132694356,12.233330416680095,3.6127453132694356,12.233330416680095,12.233330416680095,7.105427357601002e-15,1.0000000000000049,1.0000000000000049,275,367,361,52,0.025666200992418453
qasmbench_df6c9e37a068afe0_0,qasmbench,large/dnn_n51/dnn_n51.qasm,df6c9e37a068afe01a13daf528910e1ba0c23ff0a82c64b8e8d02ab7d65317f9,quantum_ml,False,,/home/audrey/code_and_papers/2026/FAST2027/final/hilbert_thin_provisioning/external/QASMBench/large/dnn_n51/dnn_n51.qasm,0,6760430e8ced75ea2707ce447ef0e3ad976534fa8259b438f248a46faecab93b,lowered,51,361,149,51,51,0,0.0,True,False,0.9916897506925207,51,3.0,13,0,1.0,1,False,True,59.49585502688717,53.8073550387601,5.68849998812707,51.5714243997124,5.68849998812707,51.5714243997124,51.5714243997124,0.0,1.0,1.0,275,367,361,52,0.03728634800063446
qasmbench_dea93828107b2b17_0,qasmbench,small/quantumwalks_n2/quantumwalks_n2.qasm,dea93828107b2b17f6381ed75cb8d985bc8790be74a7378179b441932a84e80b,quantum_walk,False,,/home/audrey/code_and_papers/2026/FAST2027/final/hilbert_thin_provisioning/external/QASMBench/small/quantumwalks_n2/quantumwalks_n2.qasm,0,9b6761be7852162dab038e8b9f34fde87f8f52b6e1298e55d7e7212d77d18df0,semantic,2,11,7,2,2,0,0.0,True,False,0.18181818181818182,2,1.0,1,0,1.0,0,False,True,5.459431618637297,5.392317422778762,0.06711419585853573,1.0476190476190468,0.06711419585853573,1.0476190476190468,1.0476190476190468,0.0,1.0,1.0,13,11,11,2,0.004319230007240549
qasmbench_dea93828107b2b17_0,qasmbench,small/quantumwalks_n2/quantumwalks_n2.qasm,dea93828107b2b17f6381ed75cb8d985bc8790be74a7378179b441932a84e80b,quantum_walk,False,,/home/audrey/code_and_papers/2026/FAST2027/final/hilbert_thin_provisioning/external/QASMBench/small/quantumwalks_n2/quantumwalks_n2.qasm,0,9b6761be7852162dab038e8b9f34fde87f8f52b6e1298e55d7e7212d77d18df0,lowered,2,11,7,2,2,0,0.0,True,False,0.18181818181818182,2,1.0,1,0,1.0,0,False,True,5.459431618637297,5.392317422778762,0.06711419585853573,1.0476190476190468,0.06711419585853573,1.0476190476190468,1.0476190476190468,0.0,1.0,1.0,13,11,11,2,0.004944138985592872
qasmbench_45093e91e2bd96bf_0,qasmbench,large/QV_n32/32.qasm,45093e91e2bd96bf140ea664a4a16fa99c7f123648619954fb495603b81e9a8d,random,False,,/home/audrey/code_and_papers/2026/FAST2027/final/hilbert_thin_provisioning/external/QASMBench/large/QV_n32/32.qasm,0,17305006b66901bf33396a1168b9425d9e844c8fabc1107cde00f9aead33d734,semantic,32,5632,224,32,32,0,0.0,True,False,0.11115056818181818,32,1.0,133,0,1.0,0,False,True,44.459431618637296,44.31930505307264,0.14012656556465686,1.1020017886708398,0.14012656556465686,1.1020017886708398,1.1020017886708398,0.0,1.0,1.0,5665,5632,5632,33,0.8156988050031941
qasmbench_45093e91e2bd96bf_0,qasmbench,large/QV_n32/32.qasm,45093e91e2bd96bf140ea664a4a16fa99c7f123648619954fb495603b81e9a8d,random,False,,/home/audrey/code_and_papers/2026/FAST2027/final/hilbert_thin_provisioning/external/QASMBench/large/QV_n32/32.qasm,0,17305006b66901bf33396a1168b9425d9e844c8fabc1107cde00f9aead33d734,lowered,32,5632,224,32,32,0,0.0,True,False,0.11115056818181818,32,1.0,133,0,1.0,0,False,True,44.459431618637296,44.31930505307264,0.14012656556465686,1.1020017886708398,0.14012656556465686,1.1020017886708398,1.1020017886708398,0.0,1.0,1.0,5665,5632,5632,33,0.9229242090077605
qasmbench_5fb6ea3de82da405_0,qasmbench,large/QV_n100/100.qasm,5fb6ea3de82da40591d657aa3ef286b8505c1c0a74acb4296a2754a702511d41,random,False,,/home/audrey/code_and_papers/2026/FAST2027/final/hilbert_thin_provisioning/external/QASMBench/large/QV_n100/100.qasm,0,916fec87596ccf32131c0423fd705cb97128bf2b25cd6fcddb801091e9c931f6,semantic,100,55000,700,100,100,0,0.0,True,False,0.05421818181818182,100,1.0,419,0,1.0,0,False,True,115.74714399818674,115.67665498931905,0.07048900886769616,1.050072550773428,0.07048900886769616,1.050072550773428,1.050072550773428,0.0,1.0,1.0,55101,55000,55000,101,8.421013132989174
qasmbench_5fb6ea3de82da405_0,qasmbench,large/QV_n100/100.qasm,5fb6ea3de82da40591d657aa3ef286b8505c1c0a74acb4296a2754a702511d41,random,False,,/home/audrey/code_and_papers/2026/FAST2027/final/hilbert_thin_provisioning/external/QASMBench/large/QV_n100/100.qasm,0,916fec87596ccf32131c0423fd705cb97128bf2b25cd6fcddb801091e9c931f6,lowered,100,55000,700,100,100,0,0.0,True,False,0.05421818181818182,100,1.0,419,0,1.0,0,False,True,115.74714399818674,115.67665498931905,0.07048900886769616,1.050072550773428,0.07048900886769616,1.050072550773428,1.050072550773428,0.0,1.0,1.0,55101,55000,55000,101,9.398110261012334
qasmbench_3cd72f83491b25a3_0,qasmbench,small/toffoli_n3/toffoli_n3.qasm,3cd72f83491b25a3c7c94fa826f85fe13f1af28079268b2c34e144299380968f,reversible,False,,/home/audrey/code_and_papers/2026/FAST2027/final/hilbert_thin_provisioning/external/QASMBench/small/toffoli_n3/toffoli_n3.qasm,0,5b5c091dfff2a2da865f361fb01df0d7dd53c14b995858d6ee3b8c3ae3824161,semantic,3,18,12,1,1,2,0.6666666666666666,False,True,,1,3.0,3,2,4.0,0,False,True,7.169925001442312,5.08746284125034,2.082462160191972,4.235294117647056,2.082462160191972,4.235294117647056,4.235294117647056,1.9999999999999991,3.9999999999999973,3.9999999999999973,21,18,18,3,0.004127688996959478
qasmbench_3cd72f83491b25a3_0,qasmbench,small/toffoli_n3/toffoli_n3.qasm,3cd72f83491b25a3c7c94fa826f85fe13f1af28079268b2c34e144299380968f,reversible,False,,/home/audrey/code_and_papers/2026/FAST2027/final/hilbert_thin_provisioning/external/QASMBench/small/toffoli_n3/toffoli_n3.qasm,0,5b5c091dfff2a2da865f361fb01df0d7dd53c14b995858d6ee3b8c3ae3824161,lowered,3,18,12,1,1,2,0.6666666666666666,False,True,,1,3.0,3,2,4.0,0,False,True,7.169925001442312,5.08746284125034,2.082462160191972,4.235294117647056,2.082462160191972,4.235294117647056,4.235294117647056,1.9999999999999991,3.9999999999999973,3.9999999999999973,21,18,18,3,0.004941621009493247
qasmbench_5ede0e9d4cdc723a_0,qasmbench,small/fredkin_n3/fredkin_n3.qasm,5ede0e9d4cdc723afcdb515f16f984bf47cf53423e12fcafc10ee03bd9577996,reversible,False,,/home/audrey/code_and_papers/2026/FAST2027/final/hilbert_thin_provisioning/external/QASMBench/small/fredkin_n3/fredkin_n3.qasm,0,d08b7877953c45f851696e5f0fefdfac855606ef1f7bdb2cf76bf5389d919149,semantic,3,19,11,2,2,1,0.3333333333333333,False,True,,2,4.5,5,1,2.0,0,False,True,7.247927513443585,5.807354922057605,1.4405725913859806,2.7142857142857126,1.4405725913859806,2.7142857142857126,2.7142857142857126,1.3719687773869573,2.5882352941176463,2.5882352941176463,22,19,19,3,0.0033969900105148554
qasmbench_5ede0e9d4cdc723a_0,qasmbench,small/fredkin_n3/fredkin_n3.qasm,5ede0e9d4cdc723afcdb515f16f984bf47cf53423e12fcafc10ee03bd9577996,reversible,False,,/home/audrey/code_and_papers/2026/FAST2027/final/hilbert_thin_provisioning/external/QASMBench/small/fredkin_n3/fredkin_n3.qasm,0,d08b7877953c45f851696e5f0fefdfac855606ef1f7bdb2cf76bf5389d919149,lowered,3,19,11,2,2,1,0.3333333333333333,False,True,,2,4.5,7,1,2.0,0,False,True,7.247927513443585,5.754887502163469,1.493040011280116,2.814814814814813,1.493040011280116,2.814814814814813,2.814814814814813,1.3719687773869573,2.5882352941176463,2.5882352941176463,22,19,19,3,0.004439499025465921
qasmbench_9077432a88fea0f3_0,qasmbench,small/wstate_n3/wstate_n3.qasm,9077432a88fea0f3da2c3b24558333c1a329261b20836ba82b253418d8c7b0dd,state_preparation,False,,/home/audrey/code_and_papers/2026/FAST2027/final/hilbert_thin_provisioning/external/QASMBench/small/wstate_n3/wstate_n3.qasm,0,654e0bd381212aced6db220c895fd8cf93eb04adc9345d369a22b3c1c455111d,semantic,3,16,13,3,3,0,0.0,True,False,0.8125,3,1.0,11,0,1.0,0,False,True,7.0,6.285402218862249,0.7145977811377513,1.6410256410256405,0.7145977811377513,1.6410256410256405,1.6410256410256405,0.7004397181410917,1.6249999999999996,1.6249999999999996,9,16,16,3,0.004418905999045819
qasmbench_9077432a88fea0f3_0,qasmbench,small/wstate_n3/wstate_n3.qasm,9077432a88fea0f3da2c3b24558333c1a329261b20836ba82b253418d8c7b0dd,state_preparation,False,,/home/audrey/code_and_papers/2026/FAST2027/final/hilbert_thin_provisioning/external/QASMBench/small/wstate_n3/wstate_n3.qasm,0,654e0bd381212aced6db220c895fd8cf93eb04adc9345d369a22b3c1c455111d,lowered,3,16,13,3,3,0,0.0,True,False,0.8125,3,1.0,11,0,1.0,0,False,True,7.0,6.285402218862249,0.7145977811377513,1.6410256410256405,0.7145977811377513,1.6410256410256405,1.6410256410256405,0.7004397181410917,1.6249999999999996,1.6249999999999996,9,16,16,3,0.0053547589923255146
qasmbench_caa882935bb73087_0,qasmbench,small/cat_state_n4/cat_state_n4.qasm,caa882935bb73087db2edbee2aa77133965bdda3aec9687166f9e96b9a2ef8ff,state_preparation,False,,/home/audrey/code_and_papers/2026/FAST2027/final/hilbert_thin_provisioning/external/QASMBench/small/cat_state_n4/cat_state_n4.qasm,0,80a611a9016051929c5509c7dd72db759f7e7dc53c81ab312b7161e2b8977ead,semantic,4,4,4,4,4,0,0.0,True,False,1.0,4,1.0,1,0,1.0,0,False,True,6.0,4.906890595608518,1.0931094043914822,2.133333333333334,1.0931094043914822,2.133333333333334,2.133333333333334,1.0931094043914822,2.133333333333334,2.133333333333334,8,4,4,4,0.003488177986582741
qasmbench_caa882935bb73087_0,qasmbench,small/cat_state_n4/cat_state_n4.qasm,caa882935bb73087db2edbee2aa77133965bdda3aec9687166f9e96b9a2ef8ff,state_preparation,False,,/home/audrey/code_and_papers/2026/FAST2027/final/hilbert_thin_provisioning/external/QASMBench/small/cat_state_n4/cat_state_n4.qasm,0,80a611a9016051929c5509c7dd72db759f7e7dc53c81ab312b7161e2b8977ead,lowered,4,4,4,4,4,0,0.0,True,False,1.0,4,1.0,1,0,1.0,0,False,True,6.0,4.906890595608518,1.0931094043914822,2.133333333333334,1.0931094043914822,2.133333333333334,2.133333333333334,1.0931094043914822,2.133333333333334,2.133333333333334,8,4,4,4,0.004171451990259811
qasmbench_1f3a1115385d87f6_0,qasmbench,small/bell_n4/bell_n4.qasm,1f3a1115385d87f6a444189776e521d6bba1d300f96454e85cb58bb3e297bf81,state_preparation,False,,/home/audrey/code_and_papers/2026/FAST2027/final/hilbert_thin_provisioning/external/QASMBench/small/bell_n4/bell_n4.qasm,0,fab54063278c9b28f03d4a281bc17022b49cbac9d1cda00431dc35623163abb6,semantic,4,33,13,4,4,0,0.0,True,False,0.12121212121212122,4,1.0,1,0,1.0,0,False,True,9.044394119358454,8.948367231584678,0.09602688777377644,1.0688259109311746,0.09602688777377644,1.0688259109311746,1.0688259109311746,0.05658352836636649,1.0399999999999994,1.0399999999999994,37,33,33,4,0.005801455001346767
qasmbench_1f3a1115385d87f6_0,qasmbench,small/bell_n4/bell_n4.qasm,1f3a1115385d87f6a444189776e521d6bba1d300f96454e85cb58bb3e297bf81,state_preparation,False,,/home/audrey/code_and_papers/2026/FAST2027/final/hilbert_thin_provisioning/external/QASMBench/small/bell_n4/bell_n4.qasm,0,fab54063278c9b28f03d4a281bc17022b49cbac9d1cda00431dc35623163abb6,lowered,4,33,13,4,4,0,0.0,True,False,0.6363636363636364,4,2.0,16,0,1.0,0,False,True,9.044394119358454,8.451211111832329,0.5931830075261253,1.5085714285714293,0.5931830075261253,1.5085714285714293,1.5085714285714293,0.05658352836636649,1.0399999999999994,1.0399999999999994,37,33,33,4,0.006932932999916375
qasmbench_a7b6a6a5c8339728_0,qasmbench,medium/cat_state_n22/cat_state_n22.qasm,a7b6a6a5c83397281250f255ce303f34e90c65d3990ef5b3ecc96fc685083c1e,state_preparation,False,,/home/audrey/code_and_papers/2026/FAST2027/final/hilbert_thin_provisioning/external/QASMBench/medium/cat_state_n22/cat_state_n22.qasm,0,c4d4ec7a6d6b76e9a2be90974b05f73c40d296b8e6f71d377dca38d8d8966224,semantic,22,22,22,22,22,0,0.0,True,False,1.0,22,1.0,1,0,1.0,0,False,True,26.459431618637296,22.999999656034657,3.4594319626026397,11.000002622604994,3.4594319626026397,11.000002622604994,11.000002622604994,3.4594319626026397,11.000002622604994,11.000002622604994,45,22,22,23,0.003782132000196725
qasmbench_a7b6a6a5c8339728_0,qasmbench,medium/cat_state_n22/cat_state_n22.qasm,a7b6a6a5c83397281250f255ce303f34e90c65d3990ef5b3ecc96fc685083c1e,state_preparation,False,,/home/audrey/code_and_papers/2026/FAST2027/final/hilbert_thin_provisioning/external/QASMBench/medium/cat_state_n22/cat_state_n22.qasm,0,c4d4ec7a6d6b76e9a2be90974b05f73c40d296b8e6f71d377dca38d8d8966224,lowered,22,22,22,22,22,0,0.0,True,False,1.0,22,1.0,1,0,1.0,0,False,True,26.459431618637296,22.999999656034657,3.4594319626026397,11.000002622604994,3.4594319626026397,11.000002622604994,11.000002622604994,3.4594319626026397,11.000002622604994,11.000002622604994,45,22,22,23,0.005725459981476888
qasmbench_27e77c753e2993b3_0,qasmbench,medium/ghz_state_n23/ghz_state_n23.qasm,27e77c753e2993b3b4785872ec83d434dfac62cc526f4ee574347e6f5c8986ff,state_preparation,False,,/home/audrey/code_and_papers/2026/FAST2027/final/hilbert_thin_provisioning/external/QASMBench/medium/ghz_state_n23/ghz_state_n23.qasm,0,350c75a70e4678dc18bfc2e468c4fd694986475ed088597104a515ad782af777,semantic,23,23,23,23,23,0,0.0,True,False,1.0,23,1.0,1,0,1.0,0,False,True,27.523561956057012,23.999999828017337,3.523562128039675,11.500001370907,3.523562128039675,11.500001370907,11.500001370907,3.523562128039675,11.500001370907,11.500001370907,47,23,23,24,0.0038774839777033776
qasmbench_27e77c753e2993b3_0,qasmbench,medium/ghz_state_n23/ghz_state_n23.qasm,27e77c753e2993b3b4785872ec83d434dfac62cc526f4ee574347e6f5c8986ff,state_preparation,False,,/home/audrey/code_and_papers/2026/FAST2027/final/hilbert_thin_provisioning/external/QASMBench/medium/ghz_state_n23/ghz_state_n23.qasm,0,350c75a70e4678dc18bfc2e468c4fd694986475ed088597104a515ad782af777,lowered,23,23,23,23,23,0,0.0,True,False,1.0,23,1.0,1,0,1.0,0,False,True,27.523561956057012,23.999999828017337,3.523562128039675,11.500001370907,3.523562128039675,11.500001370907,11.500001370907,3.523562128039675,11.500001370907,11.500001370907,47,23,23,24,0.005993033992126584
qasmbench_ecd71063a3bf7e3a_0,qasmbench,medium/wstate_n27/wstate_n27.qasm,ecd71063a3bf7e3a7a7440130c932f734aa13c6e368521e82a23f59572071a84,state_preparation,False,,/home/audrey/code_and_papers/2026/FAST2027/final/hilbert_thin_provisioning/external/QASMBench/medium/wstate_n27/wstate_n27.qasm,0,323797c394c7a6d7ef9db4a6db3e4c25a82c6b3eeaf5d76cbbcde56b8f8167ac,semantic,27,105,54,27,27,0,0.0,True,False,0.7619047619047619,27,3.0,3,0,1.0,0,False,True,33.71424551766612,31.857980993274314,1.8562645243918077,3.620689659823479,1.8562645243918077,3.620689659823479,3.620689659823479,0.05444778402237915,1.0384615384615405,1.0384615384615405,133,105,105,28,0.006936635996680707
qasmbench_ecd71063a3bf7e3a_0,qasmbench,medium/wstate_n27/wstate_n27.qasm,ecd71063a3bf7e3a7a7440130c932f734aa13c6e368521e82a23f59572071a84,state_preparation,False,,/home/audrey/code_and_papers/2026/FAST2027/final/hilbert_thin_provisioning/external/QASMBench/medium/wstate_n27/wstate_n27.qasm,0,323797c394c7a6d7ef9db4a6db3e4c25a82c6b3eeaf5d76cbbcde56b8f8167ac,lowered,27,105,54,27,27,0,0.0,True,False,0.7619047619047619,27,1.0,54,0,1.0,0,False,True,33.71424551766612,32.74146698599932,0.9727785316668047,1.9626168229765477,0.9727785316668047,1.9626168229765477,1.9626168229765477,0.05444778402237915,1.0384615384615405,1.0384615384615405,133,105,105,28,0.011929051019251347
qasmbench_f31c4f2beba87afc_0,qasmbench,large/ghz_n40/ghz_n40.qasm,f31c4f2beba87afc710f4f828ef0258b91952fe744379272018751e13a4eddf2,state_preparation,False,,/home/audrey/code_and_papers/2026/FAST2027/final/hilbert_thin_provisioning/external/QASMBench/large/ghz_n40/ghz_n40.qasm,0,0676f0217ede960be33749b4b5b22fb65ca69d59cc077c7a1fee0189a927004c,semantic,40,40,40,40,40,0,0.0,True,False,1.0,40,1.0,1,0,1.0,0,False,True,45.32192809488736,40.999999999998685,4.321928094888676,20.000000000018215,4.321928094888676,20.000000000018215,20.000000000018215,4.321928094888676,20.000000000018215,20.000000000018215,81,40,40,41,0.004478527000173926
qasmbench_f31c4f2beba87afc_0,qasmbench,large/ghz_n40/ghz_n40.qasm,f31c4f2beba87afc710f4f828ef0258b91952fe744379272018751e13a4eddf2,state_preparation,False,,/home/audrey/code_and_papers/2026/FAST2027/final/hilbert_thin_provisioning/external/QASMBench/large/ghz_n40/ghz_n40.qasm,0,0676f0217ede960be33749b4b5b22fb65ca69d59cc077c7a1fee0189a927004c,lowered,40,40,40,40,40,0,0.0,True,False,1.0,40,1.0,1,0,1.0,0,False,True,45.32192809488736,40.999999999998685,4.321928094888676,20.000000000018215,4.321928094888676,20.000000000018215,20.000000000018215,4.321928094888676,20.000000000018215,20.000000000018215,81,40,40,41,0.008557910972740501
qasmbench_b11a71ff3339a218_0,qasmbench,large/wstate_n76/wstate_n76.qasm,b11a71ff3339a21822470839a6155ae505d1bc0bc885788181fe58c8b41bbcac,state_preparation,False,,/home/audrey/code_and_papers/2026/FAST2027/final/hilbert_thin_provisioning/external/QASMBench/large/wstate_n76/wstate_n76.qasm,0,17f0dd59cfaf6ce4a09eeaf7918888f7f10f2825c784da2c77f586e96a5f2dfc,semantic,76,301,152,76,76,0,0.0,True,False,0.7541528239202658,76,3.0,3,0,1.0,0,False,True,84.2336196767597,82.28540221886225,1.9482174578974565,3.8589743589743666,1.9482174578974565,3.8589743589743666,3.8589743589743666,0.019108822947700332,1.0133333333333303,1.0133333333333303,378,301,301,77,0.012234625988639891
qasmbench_b11a71ff3339a218_0,qasmbench,large/wstate_n76/wstate_n76.qasm,b11a71ff3339a21822470839a6155ae505d1bc0bc885788181fe58c8b41bbcac,state_preparation,False,,/home/audrey/code_and_papers/2026/FAST2027/final/hilbert_thin_provisioning/external/QASMBench/large/wstate_n76/wstate_n76.qasm,0,17f0dd59cfaf6ce4a09eeaf7918888f7f10f2825c784da2c77f586e96a5f2dfc,lowered,76,301,152,76,76,0,0.0,True,False,0.7541528239202658,76,1.0,152,0,1.0,0,False,True,84.2336196767597,83.24317398347294,0.9904456932867589,1.9867986798679975,0.9904456932867589,1.9867986798679975,1.9867986798679975,0.019108822947700332,1.0133333333333303,1.0133333333333303,378,301,301,77,0.025432099006138742
qasmbench_9e199ccf5888ff36_0,qasmbench,large/ghz_n78/ghz_n78.qasm,9e199ccf5888ff36b9d8191dbc49befa8b0252e14d88a9dbbd9a3949acd02343,state_preparation,False,,/home/audrey/code_and_papers/2026/FAST2027/final/hilbert_thin_provisioning/external/QASMBench/large/ghz_n78/ghz_n78.qasm,0,a1584c858212cadca0ca1f2999fc2d4309203d318a7180a6296935cadc3a4fb2,semantic,78,78,78,78,78,0,0.0,True,False,1.0,78,1.0,1,0,1.0,0,False,True,84.28540221886225,79.0,5.285402218862245,38.999999999999915,5.285402218862245,38.999999999999915,38.999999999999915,5.285402218862245,38.999999999999915,38.999999999999915,157,78,78,79,0.007314286980545148
qasmbench_9e199ccf5888ff36_0,qasmbench,large/ghz_n78/ghz_n78.qasm,9e199ccf5888ff36b9d8191dbc49befa8b0252e14d88a9dbbd9a3949acd02343,state_preparation,False,,/home/audrey/code_and_papers/2026/FAST2027/final/hilbert_thin_provisioning/external/QASMBench/large/ghz_n78/ghz_n78.qasm,0,a1584c858212cadca0ca1f2999fc2d4309203d318a7180a6296935cadc3a4fb2,lowered,78,78,78,78,78,0,0.0,True,False,1.0,78,1.0,1,0,1.0,0,False,True,84.28540221886225,79.0,5.285402218862245,38.999999999999915,5.285402218862245,38.999999999999915,38.999999999999915,5.285402218862245,38.999999999999915,38.999999999999915,157,78,78,79,0.013673506997292861
qasmbench_f7dbdb1c724d36e4_0,qasmbench,large/wstate_n118/wstate_n118.qasm,f7dbdb1c724d36e4b3a226d78456a60ae88b39ea950200bbf22f6abb45b6af55,state_preparation,False,,/home/audrey/code_and_papers/2026/FAST2027/final/hilbert_thin_provisioning/external/QASMBench/large/wstate_n118/wstate_n118.qasm,0,ee0172a4ff2bd81d1fc885fbbb53a4c47ddaa6ef1ce207f12b4d7edae9b4a4df,semantic,118,469,236,118,118,0,0.0,True,False,0.7526652452025586,118,3.0,3,0,1.0,0,False,True,126.87344411251537,124.90689059560852,1.9665535169068562,3.9083333333333283,1.9665535169068562,3.9083333333333283,3.9083333333333283,0.012278329778439456,1.0085470085470105,1.0085470085470105,588,469,469,119,0.01935003200196661
qasmbench_f7dbdb1c724d36e4_0,qasmbench,large/wstate_n118/wstate_n118.qasm,f7dbdb1c724d36e4b3a226d78456a60ae88b39ea950200bbf22f6abb45b6af55,state_preparation,False,,/home/audrey/code_and_papers/2026/FAST2027/final/hilbert_thin_provisioning/external/QASMBench/large/wstate_n118/wstate_n118.qasm,0,ee0172a4ff2bd81d1fc885fbbb53a4c47ddaa6ef1ce207f12b4d7edae9b4a4df,lowered,118,469,236,118,118,0,0.0,True,False,0.7526652452025586,118,1.0,236,0,1.0,0,False,True,126.87344411251537,125.87958324961278,0.9938608629025936,1.991507430997877,0.9938608629025936,1.991507430997877,1.991507430997877,0.012278329778439456,1.0085470085470105,1.0085470085470105,588,469,469,119,0.039764504006598145
qasmbench_8e7ae59d4f9d3d31_0,qasmbench,large/ghz_n127/ghz_n127.qasm,8e7ae59d4f9d3d31c8fed8a19fe36e9542b76f3fc4d873d2662365df1040b0a7,state_preparation,False,,/home/audrey/code_and_papers/2026/FAST2027/final/hilbert_thin_provisioning/external/QASMBench/large/ghz_n127/ghz_n127.qasm,0,9d55230d07e8ec3c95ad95049e55824da414a9f3f42815cd9ce2344a74a8665f,semantic,127,127,127,127,127,0,0.0,True,False,1.0,127,1.0,1,0,1.0,0,False,True,133.98868468677216,128.0,5.98868468677216,63.49999999999975,5.98868468677216,63.49999999999975,63.49999999999975,5.98868468677216,63.49999999999975,63.49999999999975,255,127,127,128,0.009164801012957469
qasmbench_8e7ae59d4f9d3d31_0,qasmbench,large/ghz_n127/ghz_n127.qasm,8e7ae59d4f9d3d31c8fed8a19fe36e9542b76f3fc4d873d2662365df1040b0a7,state_preparation,False,,/home/audrey/code_and_papers/2026/FAST2027/final/hilbert_thin_provisioning/external/QASMBench/large/ghz_n127/ghz_n127.qasm,0,9d55230d07e8ec3c95ad95049e55824da414a9f3f42815cd9ce2344a74a8665f,lowered,127,127,127,127,127,0,0.0,True,False,1.0,127,1.0,1,0,1.0,0,False,True,133.98868468677216,128.0,5.98868468677216,63.49999999999975,5.98868468677216,63.49999999999975,63.49999999999975,5.98868468677216,63.49999999999975,63.49999999999975,255,127,127,128,0.019682206999277696
qasmbench_45649f6f4af12870_0,qasmbench,medium/swap_test_n25/swap_test_n25.qasm,45649f6f4af12870b87c8088d97e286fff709b34e38f6363fef79c35a6bda1f0,swap_test,False,,/home/audrey/code_and_papers/2026/FAST2027/final/hilbert_thin_provisioning/external/QASMBench/medium/swap_test_n25/swap_test_n25.qasm,0,eb8268ab1c4427eb24e06a7dc3dc3608efda7f03355775cff0d73f8c2691a28d,semantic,25,38,14,25,25,0,0.0,True,False,0.6578947368421053,25,1.0,1,0,1.0,0,False,True,30.247927513443585,28.906890589875765,1.3410369235678203,2.533333343399893,1.3410369235678203,2.533333343399893,2.533333343399893,0.0,1.0,1.0,39,38,38,1,0.006023811991326511
qasmbench_45649f6f4af12870_0,qasmbench,medium/swap_test_n25/swap_test_n25.qasm,45649f6f4af12870b87c8088d97e286fff709b34e38f6363fef79c35a6bda1f0,swap_test,False,,/home/audrey/code_and_papers/2026/FAST2027/final/hilbert_thin_provisioning/external/QASMBench/medium/swap_test_n25/swap_test_n25.qasm,0,eb8268ab1c4427eb24e06a7dc3dc3608efda7f03355775cff0d73f8c2691a28d,lowered,25,38,14,25,25,0,0.0,True,False,0.9473684210526315,25,1.0,2,0,1.0,0,False,True,30.247927513443585,27.321787182620078,2.9261403308235074,7.6007423506030785,2.9261403308235074,7.6007423506030785,7.6007423506030785,0.0,1.0,1.0,39,38,38,1,0.008363745990209281
qasmbench_1637275b83d889f9_0,qasmbench,large/swap_test_n41/swap_test_n41.qasm,1637275b83d889f9b8f7352947f125ceee8fde7e5977b4da245467342ff9987b,swap_test,False,,/home/audrey/code_and_papers/2026/FAST2027/final/hilbert_thin_provisioning/external/QASMBench/large/swap_test_n41/swap_test_n41.qasm,0,3ad8e94311686a6b858950ca92c9d2362af45d97e25ab46e2705e15056f60ced,semantic,41,62,22,41,41,0,0.0,True,False,0.6612903225806451,41,1.0,1,0,1.0,0,False,True,46.95419631038688,45.52356195605696,1.4306343543299178,2.695652173913147,1.4306343543299178,2.695652173913147,2.695652173913147,0.0,1.0,1.0,63,62,62,1,0.007573717011837289
qasmbench_1637275b83d889f9_0,qasmbench,large/swap_test_n41/swap_test_n41.qasm,1637275b83d889f9b8f7352947f125ceee8fde7e5977b4da245467342ff9987b,swap_test,False,,/home/audrey/code_and_papers/2026/FAST2027/final/hilbert_thin_provisioning/external/QASMBench/large/swap_test_n41/swap_test_n41.qasm,0,3ad8e94311686a6b858950ca92c9d2362af45d97e25ab46e2705e15056f60ced,lowered,41,62,22,41,41,0,0.0,True,False,0.967741935483871,41,1.0,2,0,1.0,0,False,True,46.95419631038688,43.32192754454251,3.6322687658443655,12.40000473022869,3.6322687658443655,12.40000473022869,12.40000473022869,0.0,1.0,1.0,63,62,62,1,0.011468673008494079
qasmbench_f424a498f16be2a3_0,qasmbench,large/swap_test_n83/swap_test_n83.qasm,f424a498f16be2a3f656c5394754e9fc154c645acf803ea6c0347b2911805eb4,swap_test,False,,/home/audrey/code_and_papers/2026/FAST2027/final/hilbert_thin_provisioning/external/QASMBench/large/swap_test_n83/swap_test_n83.qasm,0,db34309577e9810fe0ae9ee76c1fc54ccf72b7f5efe3a88e2c646345f9282176,semantic,83,125,43,83,83,0,0.0,True,False,0.664,83,1.0,1,0,1.0,0,False,True,89.96578428466209,88.4594316186373,1.506352666024796,2.840909090909103,1.506352666024796,2.840909090909103,2.840909090909103,0.0,1.0,1.0,126,125,125,1,0.013832417986122891
qasmbench_f424a498f16be2a3_0,qasmbench,large/swap_test_n83/swap_test_n83.qasm,f424a498f16be2a3f656c5394754e9fc154c645acf803ea6c0347b2911805eb4,swap_test,False,,/home/audrey/code_and_papers/2026/FAST2027/final/hilbert_thin_provisioning/external/QASMBench/large/swap_test_n83/swap_test_n83.qasm,0,db34309577e9810fe0ae9ee76c1fc54ccf72b7f5efe3a88e2c646345f9282176,lowered,83,125,43,83,83,0,0.0,True,False,0.984,83,1.0,2,0,1.0,0,False,True,89.96578428466209,85.3219280948871,4.6438561897749935,25.000000000004658,4.6438561897749935,25.000000000004658,25.000000000004658,0.0,1.0,1.0,126,125,125,1,0.021018694998929277
qasmbench_52f452fdbb48d20b_0,qasmbench,large/swap_test_n115/swap_test_n115.qasm,52f452fdbb48d20b981d1a4d1292b80790f2dfe23f1a3d3477cc4cc00d6abf5c,swap_test,False,,/home/audrey/code_and_papers/2026/FAST2027/final/hilbert_thin_provisioning/external/QASMBench/large/swap_test_n115/swap_test_n115.qasm,0,9b2c974afa7d6e5d9216c46695ee471742e60a68e94d95cce5ff3fdcc1514ff7,semantic,115,173,59,115,115,0,0.0,True,False,0.6647398843930635,115,1.0,1,0,1.0,0,False,True,122.43462822763672,120.90689059560853,1.5277376320281917,2.8833333333333044,1.5277376320281917,2.8833333333333044,2.8833333333333044,0.0,1.0,1.0,174,173,173,1,0.01825865701539442
qasmbench_52f452fdbb48d20b_0,qasmbench,large/swap_test_n115/swap_test_n115.qasm,52f452fdbb48d20b981d1a4d1292b80790f2dfe23f1a3d3477cc4cc00d6abf5c,swap_test,False,,/home/audrey/code_and_papers/2026/FAST2027/final/hilbert_thin_provisioning/external/QASMBench/large/swap_test_n115/swap_test_n115.qasm,0,9b2c974afa7d6e5d9216c46695ee471742e60a68e94d95cce5ff3fdcc1514ff7,lowered,115,173,59,115,115,0,0.0,True,False,0.9884393063583815,115,1.0,2,0,1.0,0,False,True,122.43462822763672,117.32192809488737,5.112700132749353,34.59999999999978,5.112700132749353,34.59999999999978,34.59999999999978,0.0,1.0,1.0,174,173,173,1,0.03109529399080202
qasmbench_56a7b3389495fb49_0,qasmbench,small/deutsch_n2/deutsch_n2.qasm,56a7b3389495fb497df1a331abb7d4f64ac57d397aaa1c1169d0ac33a10889cd,unknown,False,,/home/audrey/code_and_papers/2026/FAST2027/final/hilbert_thin_provisioning/external/QASMBench/small/deutsch_n2/deutsch_n2.qasm,0,f4ad58f0e8d05e262ff262b288eef1ee61044b4b6176f672c7c6a353681b8b2e,semantic,2,5,4,2,2,0,0.0,True,False,0.6,2,1.5,2,0,1.0,0,False,True,4.321928094887362,3.9068905956085187,0.41503749927884304,1.3333333333333326,0.41503749927884304,1.3333333333333326,1.3333333333333326,0.19264507794239538,1.1428571428571423,1.1428571428571423,7,5,5,2,0.0029204020102042705
qasmbench_56a7b3389495fb49_0,qasmbench,small/deutsch_n2/deutsch_n2.qasm,56a7b3389495fb497df1a331abb7d4f64ac57d397aaa1c1169d0ac33a10889cd,unknown,False,,/home/audrey/code_and_papers/2026/FAST2027/final/hilbert_thin_provisioning/external/QASMBench/small/deutsch_n2/deutsch_n2.qasm,0,f4ad58f0e8d05e262ff262b288eef1ee61044b4b6176f672c7c6a353681b8b2e,lowered,2,5,4,2,2,0,0.0,True,False,0.6,2,1.5,2,0,1.0,0,False,True,4.321928094887362,4.000000000000001,0.32192809488736085,1.2499999999999987,0.32192809488736085,1.2499999999999987,1.2499999999999987,0.19264507794239538,1.1428571428571423,1.1428571428571423,7,5,5,2,0.003465510002570227
qasmbench_f362ca9ffd7f045f_0,qasmbench,small/hs4_n4/hs4_n4.qasm,f362ca9ffd7f045f517dfe4d67350794ac998f4eb427586a804eed9379340f63,unknown,False,,/home/audrey/code_and_papers/2026/FAST2027/final/hilbert_thin_provisioning/external/QASMBench/small/hs4_n4/hs4_n4.qasm,0,b3a31aba936ac4a5ecfd6a8f6e4b518a0d5be7df655c071dd4bcad92a6ca1c62,semantic,4,28,9,4,4,0,0.0,True,False,0.14285714285714285,4,1.0,1,0,1.0,0,False,True,8.807354922057604,8.693486957499326,0.11386796455827763,1.0821256038647333,0.11386796455827763,1.0821256038647333,1.0821256038647333,0.0,1.0,1.0,32,28,28,4,0.004115275980439037
qasmbench_f362ca9ffd7f045f_0,qasmbench,small/hs4_n4/hs4_n4.qasm,f362ca9ffd7f045f517dfe4d67350794ac998f4eb427586a804eed9379340f63,unknown,False,,/home/audrey/code_and_papers/2026/FAST2027/final/hilbert_thin_provisioning/external/QASMBench/small/hs4_n4/hs4_n4.qasm,0,b3a31aba936ac4a5ecfd6a8f6e4b518a0d5be7df655c071dd4bcad92a6ca1c62,lowered,4,28,9,4,4,0,0.0,True,False,0.6071428571428571,4,2.0,12,0,1.0,0,False,True,8.807354922057604,8.022367813028454,0.7849871090291494,1.7230769230769227,0.7849871090291494,1.7230769230769227,1.7230769230769227,0.0,1.0,1.0,32,28,28,4,0.005324093974195421
qasmbench_9ead0e7d5f41cb66_0,qasmbench,small/basis_trotter_n4/basis_trotter_n4.qasm,9ead0e7d5f41cb6675c19457d4e414b77cf90c78cea3e0412bcccdc3f9f73dd5,unknown,False,,/home/audrey/code_and_papers/2026/FAST2027/final/hilbert_thin_provisioning/external/QASMBench/small/basis_trotter_n4/basis_trotter_n4.qasm,0,32a0a84da18be7b17944354f8f76049a6bde33b1270358b9881c859be859a15e,semantic,4,1506,814,4,4,0,0.0,True,False,0.020584329349269587,4,7.0,11,0,1.0,0,False,True,14.556506054671928,14.535457646319419,0.02104840835250954,1.0146965932538834,0.02104840835250954,1.0146965932538834,1.0146965932538834,0.019291977678358663,1.0134619873939765,1.0134619873939765,1510,1506,1506,4,0.07997754300595261
qasmbench_9ead0e7d5f41cb66_0,qasmbench,small/basis_trotter_n4/basis_trotter_n4.qasm,9ead0e7d5f41cb6675c19457d4e414b77cf90c78cea3e0412bcccdc3f9f73dd5,unknown,False,,/home/audrey/code_and_papers/2026/FAST2027/final/hilbert_thin_provisioning/external/QASMBench/small/basis_trotter_n4/basis_trotter_n4.qasm,0,32a0a84da18be7b17944354f8f76049a6bde33b1270358b9881c859be859a15e,lowered,4,1506,814,4,4,0,0.0,True,False,0.02257636122177955,4,7.0,16,0,1.0,0,False,True,14.556506054671928,14.534485275051543,0.02202077962038551,1.0153807256331382,0.02202077962038551,1.0153807256331382,1.0153807256331382,0.019291977678358663,1.0134619873939765,1.0134619873939765,1510,1506,1506,4,0.11148135401890613
qasmbench_2519fdb644635c9f_0,qasmbench,medium/gcm_n13/gcm_h6.qasm,2519fdb644635c9f21671c725c23d83893e2b62ccfd926fe2d85b868a01e2bcd,unknown,False,,/home/audrey/code_and_papers/2026/FAST2027/final/hilbert_thin_provisioning/external/QASMBench/medium/gcm_n13/gcm_h6.qasm,0,efc9524eba2457d79e5df345d5475f13fb6c58defb3d90d00b537066c96b16e8,semantic,13,3148,2447,13,13,0,0.0,True,False,0.8024142312579415,13,105.0,1378,0,1.0,0,False,True,24.620219825507487,22.62823659574616,1.9919832297613276,3.9778344351074226,1.9919832297613276,3.9778344351074226,3.9778344351074226,1.9830935476598732,3.9533989451593627,3.9533989451593627,3149,3148,3148,1,0.07440982101252303
qasmbench_2519fdb644635c9f_0,qasmbench,medium/gcm_n13/gcm_h6.qasm,2519fdb644635c9f21671c725c23d83893e2b62ccfd926fe2d85b868a01e2bcd,unknown,False,,/home/audrey/code_and_papers/2026/FAST2027/final/hilbert_thin_provisioning/external/QASMBench/medium/gcm_n13/gcm_h6.qasm,0,efc9524eba2457d79e5df345d5475f13fb6c58defb3d90d00b537066c96b16e8,lowered,13,3148,2447,13,13,0,0.0,True,False,0.8024142312579415,13,105.0,1378,0,1.0,0,False,True,24.620219825507487,22.62823659574616,1.9919832297613276,3.9778344351074226,1.9919832297613276,3.9778344351074226,3.9778344351074226,1.9830935476598732,3.9533989451593627,3.9533989451593627,3149,3148,3148,1,0.14418181299697608
qasmbench_44d66b3aaca34692_0,qasmbench,medium/knn_n25/knn_n25.qasm,44d66b3aaca346922c64a61316bf166278621667e804fd59ea40eb465c33e678,unknown,False,,/home/audrey/code_and_papers/2026/FAST2027/final/hilbert_thin_provisioning/external/QASMBench/medium/knn_n25/knn_n25.qasm,0,eedb0729649c8c6e165f38b4f56fbcfec6f70ef5f66701505a39f2684a1869c5,semantic,25,38,14,25,25,0,0.0,True,False,0.6578947368421053,25,1.0,1,0,1.0,0,False,True,30.247927513443585,28.906890589875765,1.3410369235678203,2.533333343399893,1.3410369235678203,2.533333343399893,2.533333343399893,0.0,1.0,1.0,39,38,38,1,0.005997416010359302
qasmbench_44d66b3aaca34692_0,qasmbench,medium/knn_n25/knn_n25.qasm,44d66b3aaca346922c64a61316bf166278621667e804fd59ea40eb465c33e678,unknown,False,,/home/audrey/code_and_papers/2026/FAST2027/final/hilbert_thin_provisioning/external/QASMBench/medium/knn_n25/knn_n25.qasm,0,eedb0729649c8c6e165f38b4f56fbcfec6f70ef5f66701505a39f2684a1869c5,lowered,25,38,14,25,25,0,0.0,True,False,0.9473684210526315,25,1.0,2,0,1.0,0,False,True,30.247927513443585,27.321787182620078,2.9261403308235074,7.6007423506030785,2.9261403308235074,7.6007423506030785,7.6007423506030785,0.0,1.0,1.0,39,38,38,1,0.008852895989548415
qasmbench_7f5af7d17ec13348_0,qasmbench,large/knn_n31/knn_n31.qasm,7f5af7d17ec13348df03c30e665aec773b04fcd65fb7e4d536866d820ca43bc0,unknown,False,,/home/audrey/code_and_papers/2026/FAST2027/final/hilbert_thin_provisioning/external/QASMBench/large/knn_n31/knn_n31.qasm,0,a8492106f2e8ca7ab04bca0ca347ee3a2b9455a01cad89ee4ab68e5fb3afe02c,semantic,31,47,17,31,31,0,0.0,True,False,0.6595744680851063,31,1.0,1,0,1.0,0,False,True,36.554588851677636,35.169925001367666,1.3846638503099697,2.6111111112462093,1.3846638503099697,2.6111111112462093,2.6111111112462093,0.0,1.0,1.0,48,47,47,1,0.006827990000601858
qasmbench_7f5af7d17ec13348_0,qasmbench,large/knn_n31/knn_n31.qasm,7f5af7d17ec13348df03c30e665aec773b04fcd65fb7e4d536866d820ca43bc0,unknown,False,,/home/audrey/code_and_papers/2026/FAST2027/final/hilbert_thin_provisioning/external/QASMBench/large/knn_n31/knn_n31.qasm,0,a8492106f2e8ca7ab04bca0ca347ee3a2b9455a01cad89ee4ab68e5fb3afe02c,lowered,31,47,17,31,31,0,0.0,True,False,0.9574468085106383,31,1.0,2,0,1.0,0,False,True,36.554588851677636,33.3219104834877,3.232678368189937,9.40011474924539,3.232678368189937,9.40011474924539,9.40011474924539,0.0,1.0,1.0,48,47,47,1,0.009559316007653251
qasmbench_4b4358666bd1091c_0,qasmbench,large/qugan_n39/qugan_n39.qasm,4b4358666bd1091cb6c2877a2f4a161c5bfeb2e60755412f16c082b7f791963f,unknown,False,,/home/audrey/code_and_papers/2026/FAST2027/final/hilbert_thin_provisioning/external/QASMBench/large/qugan_n39/qugan_n39.qasm,0,d5e580c3a1369203c56736aeeef37f8a43622ddfdc84cfaf248fcfb8d1fb6b1b,semantic,39,347,112,39,39,0,0.0,True,False,0.9423631123919308,39,1.0,289,0,1.0,0,False,True,47.43879185257826,46.37503943134689,1.0637524212313707,2.0903614457831825,1.0637524212313707,2.0903614457831825,2.0903614457831825,7.105427357601002e-15,1.0000000000000049,1.0000000000000049,150,347,341,19,0.025103058986132964
qasmbench_4b4358666bd1091c_0,qasmbench,large/qugan_n39/qugan_n39.qasm,4b4358666bd1091cb6c2877a2f4a161c5bfeb2e60755412f16c082b7f791963f,unknown,False,,/home/audrey/code_and_papers/2026/FAST2027/final/hilbert_thin_provisioning/external/QASMBench/large/qugan_n39/qugan_n39.qasm,0,d5e580c3a1369203c56736aeeef37f8a43622ddfdc84cfaf248fcfb8d1fb6b1b,lowered,39,341,112,39,39,0,0.0,True,False,0.9706744868035191,39,9.0,10,0,1.0,1,False,True,47.41362792902417,43.39231493310975,4.021312995914421,16.238123260314914,4.021312995914421,16.238123260314914,16.238123260314914,7.105427357601002e-15,1.0000000000000049,1.0000000000000049,150,347,341,19,0.03629853599704802
qasmbench_0b62f07ebd93d7a0_0,qasmbench,large/knn_n41/knn_n41.qasm,0b62f07ebd93d7a043e26669a353b3534661c4b26eab54d206e9d5dae792543e,unknown,False,,/home/audrey/code_and_papers/2026/FAST2027/final/hilbert_thin_provisioning/external/QASMBench/large/knn_n41/knn_n41.qasm,0,94fd93d1ff586002b0dffc855bfb8033ad3f1c06406f21178f7d5a5782869e1d,semantic,41,62,22,41,41,0,0.0,True,False,0.6612903225806451,41,1.0,1,0,1.0,0,False,True,46.95419631038688,45.52356195605696,1.4306343543299178,2.695652173913147,1.4306343543299178,2.695652173913147,2.695652173913147,0.0,1.0,1.0,63,62,62,1,0.008210614993004128
qasmbench_0b62f07ebd93d7a0_0,qasmbench,large/knn_n41/knn_n41.qasm,0b62f07ebd93d7a043e26669a353b3534661c4b26eab54d206e9d5dae792543e,unknown,False,,/home/audrey/code_and_papers/2026/FAST2027/final/hilbert_thin_provisioning/external/QASMBench/large/knn_n41/knn_n41.qasm,0,94fd93d1ff586002b0dffc855bfb8033ad3f1c06406f21178f7d5a5782869e1d,lowered,41,62,22,41,41,0,0.0,True,False,0.967741935483871,41,1.0,2,0,1.0,0,False,True,46.95419631038688,43.32192754454251,3.6322687658443655,12.40000473022869,3.6322687658443655,12.40000473022869,12.40000473022869,0.0,1.0,1.0,63,62,62,1,0.011989179998636246
qasmbench_02f08cc7717ce886_0,qasmbench,large/cat_n65/cat_n65.qasm,02f08cc7717ce8862c6b485f851ee88b44f5c14e86bc0b054955fc86d396178a,unknown,False,,/home/audrey/code_and_papers/2026/FAST2027/final/hilbert_thin_provisioning/external/QASMBench/large/cat_n65/cat_n65.qasm,0,267660906d067c2fec7bef45a0c3d7a51c6f55494bc822fba72615f6ae6dbf2f,semantic,65,65,65,65,65,0,0.0,True,False,1.0,65,1.0,1,0,1.0,0,False,True,71.02236781302845,66.0,5.022367813028453,32.49999999999996,5.022367813028453,32.49999999999996,32.49999999999996,5.022367813028453,32.49999999999996,32.49999999999996,131,65,65,66,0.005232382012763992
qasmbench_02f08cc7717ce886_0,qasmbench,large/cat_n65/cat_n65.qasm,02f08cc7717ce8862c6b485f851ee88b44f5c14e86bc0b054955fc86d396178a,unknown,False,,/home/audrey/code_and_papers/2026/FAST2027/final/hilbert_thin_provisioning/external/QASMBench/large/cat_n65/cat_n65.qasm,0,267660906d067c2fec7bef45a0c3d7a51c6f55494bc822fba72615f6ae6dbf2f,lowered,65,65,65,65,65,0,0.0,True,False,1.0,65,1.0,1,0,1.0,0,False,True,71.02236781302845,66.0,5.022367813028453,32.49999999999996,5.022367813028453,32.49999999999996,32.49999999999996,5.022367813028453,32.49999999999996,32.49999999999996,131,65,65,66,0.011646172002656385
qasmbench_3368a00839e39ee3_0,qasmbench,large/knn_n67/knn_n67.qasm,3368a00839e39ee324d2208b0f3eb39a271c1cb3a98699fdbed13bdda533c30a,unknown,False,,/home/audrey/code_and_papers/2026/FAST2027/final/hilbert_thin_provisioning/external/QASMBench/large/knn_n67/knn_n67.qasm,0,e04c77e75279302a3acc7c9a49d54acf675339705af5e20cc2bd665ec8ad0417,semantic,67,101,35,67,67,0,0.0,True,False,0.6633663366336634,67,1.0,1,0,1.0,0,False,True,73.6582114827518,72.16992500144231,1.488286481309487,2.8055555555555642,1.488286481309487,2.8055555555555642,2.8055555555555642,0.0,1.0,1.0,102,101,101,1,0.011066537001170218
qasmbench_3368a00839e39ee3_0,qasmbench,large/knn_n67/knn_n67.qasm,3368a00839e39ee324d2208b0f3eb39a271c1cb3a98699fdbed13bdda533c30a,unknown,False,,/home/audrey/code_and_papers/2026/FAST2027/final/hilbert_thin_provisioning/external/QASMBench/large/knn_n67/knn_n67.qasm,0,e04c77e75279302a3acc7c9a49d54acf675339705af5e20cc2bd665ec8ad0417,lowered,67,101,35,67,67,0,0.0,True,False,0.9801980198019802,67,1.0,2,0,1.0,0,False,True,73.6582114827518,69.32192809482018,4.336283387931616,20.20000000094067,4.336283387931616,20.20000000094067,20.20000000094067,0.0,1.0,1.0,102,101,101,1,0.01704184099799022
qasmbench_4ed00f78f9296522_0,qasmbench,large/qugan_n71/qugan_n71.qasm,4ed00f78f929652258fa329a80923f0b17d2514e14c3c4c6a2e606382570cdab,unknown,False,,/home/audrey/code_and_papers/2026/FAST2027/final/hilbert_thin_provisioning/external/QASMBench/large/qugan_n71/qugan_n71.qasm,0,35595731ecc1b15563d05046619047dc7463f1632ea28e2c0976c829ed585ae0,semantic,71,651,208,71,71,0,0.0,True,False,0.9447004608294931,71,1.0,545,0,1.0,0,False,True,80.34651373316564,79.27612440527423,1.0703893278914052,2.1000000000000107,1.0703893278914052,2.1000000000000107,2.1000000000000107,1.4210854715202004e-14,1.0000000000000098,1.0000000000000098,278,651,645,35,0.08586021099472418
qasmbench_4ed00f78f9296522_0,qasmbench,large/qugan_n71/qugan_n71.qasm,4ed00f78f929652258fa329a80923f0b17d2514e14c3c4c6a2e606382570cdab,unknown,False,,/home/audrey/code_and_papers/2026/FAST2027/final/hilbert_thin_provisioning/external/QASMBench/large/qugan_n71/qugan_n71.qasm,0,35595731ecc1b15563d05046619047dc7463f1632ea28e2c0976c829ed585ae0,lowered,71,645,208,71,71,0,0.0,True,False,0.9844961240310077,71,9.0,10,0,1.0,1,False,True,80.33315535031062,75.39231742274077,4.940837927569845,30.71428571509448,4.940837927569845,30.71428571509448,30.71428571509448,1.4210854715202004e-14,1.0000000000000098,1.0000000000000098,278,651,645,35,0.10451264900621027
qasmbench_949bc69389fd910b_0,qasmbench,large/qugan_n111/qugan_n111.qasm,949bc69389fd910b0ca274a878632ccc7bfd312623ee9d1eb466f054ec1a9bde,unknown,False,,/home/audrey/code_and_papers/2026/FAST2027/final/hilbert_thin_provisioning/external/QASMBench/large/qugan_n111/qugan_n111.qasm,0,b33f735edd1211de77a723a1d9eecf2f55a0e8a1eadc71d140662a4c61bda834,semantic,111,1031,328,111,111,0,0.0,True,False,0.9456838021338506,111,1.0,865,0,1.0,0,False,True,121.00982861736811,119.93663793900255,1.0731906783655631,2.104081632653098,1.0731906783655631,2.104081632653098,2.104081632653098,1.4210854715202004e-14,1.0000000000000098,1.0000000000000098,438,1031,1025,55,0.08172066399129108
qasmbench_949bc69389fd910b_0,qasmbench,large/qugan_n111/qugan_n111.qasm,949bc69389fd910b0ca274a878632ccc7bfd312623ee9d1eb466f054ec1a9bde,unknown,False,,/home/audrey/code_and_papers/2026/FAST2027/final/hilbert_thin_provisioning/external/QASMBench/large/qugan_n111/qugan_n111.qasm,0,b33f735edd1211de77a723a1d9eecf2f55a0e8a1eadc71d140662a4c61bda834,lowered,111,1025,328,111,111,0,0.0,True,False,0.9902439024390244,111,9.0,10,0,1.0,1,False,True,121.00140819439281,115.39231742277876,5.609090771614049,48.809523809523846,5.609090771614049,48.809523809523846,48.809523809523846,1.4210854715202004e-14,1.0000000000000098,1.0000000000000098,438,1031,1025,55,0.11047287998371758
qasmbench_df4ced794da7fd4c_0,qasmbench,small/variational_n4/variational_n4.qasm,df4ced794da7fd4ca56eb2b02bce53ee77207bec77286cb4626115c6a9b6357d,vqe,False,,/home/audrey/code_and_papers/2026/FAST2027/final/hilbert_thin_provisioning/external/QASMBench/small/variational_n4/variational_n4.qasm,0,9c410959ee6c0612582820168fb5ae9b4e877e1ad6f18cdd9d299e6fdb021352,semantic,4,54,33,4,4,0,0.0,True,False,0.5740740740740741,4,6.5,12,0,1.0,0,False,True,9.754887502163468,9.036173612553485,0.7187138896099832,1.6457142857142852,0.7187138896099832,1.6457142857142852,1.6457142857142852,0.5890668990538934,1.504273504273505,1.504273504273505,58,54,54,4,0.003971332014771178
qasmbench_df4ced794da7fd4c_0,qasmbench,small/variational_n4/variational_n4.qasm,df4ced794da7fd4ca56eb2b02bce53ee77207bec77286cb4626115c6a9b6357d,vqe,False,,/home/audrey/code_and_papers/2026/FAST2027/final/hilbert_thin_provisioning/external/QASMBench/small/variational_n4/variational_n4.qasm,0,9c410959ee6c0612582820168fb5ae9b4e877e1ad6f18cdd9d299e6fdb021352,lowered,4,54,33,4,4,0,0.0,True,False,0.5925925925925926,4,6.5,15,0,1.0,0,False,True,9.754887502163468,9.027905996569885,0.7269815055935833,1.6551724137931025,0.7269815055935833,1.6551724137931025,1.6551724137931025,0.5890668990538934,1.504273504273505,1.504273504273505,58,54,54,4,0.005414734012447298
qasmbench_f6777e4fdd8eadcb_0,qasmbench,small/vqe_n4/vqe_n4.qasm,f6777e4fdd8eadcbc8a85a5135e797a96d3b91b3f494593a5b8c9fdcd37530c6,vqe,False,,/home/audrey/code_and_papers/2026/FAST2027/final/hilbert_thin_provisioning/external/QASMBench/small/vqe_n4/vqe_n4.qasm,0,464a384723051457bd874cec2fa4842051ee73ea6b85f07665068e93f4406a46,semantic,4,89,27,4,4,0,0.0,True,False,0.38202247191011235,4,8.0,17,0,1.0,0,False,True,10.475733430966397,10.084808387804364,0.39092504316203325,1.3112338858195185,0.39092504316203325,1.3112338858195185,1.3112338858195185,0.0,1.0,1.0,94,89,89,5,0.0047386759833898395
qasmbench_f6777e4fdd8eadcb_0,qasmbench,small/vqe_n4/vqe_n4.qasm,f6777e4fdd8eadcbc8a85a5135e797a96d3b91b3f494593a5b8c9fdcd37530c6,vqe,False,,/home/audrey/code_and_papers/2026/FAST2027/final/hilbert_thin_provisioning/external/QASMBench/small/vqe_n4/vqe_n4.qasm,0,464a384723051457bd874cec2fa4842051ee73ea6b85f07665068e93f4406a46,lowered,4,89,27,4,4,0,0.0,True,False,0.38202247191011235,4,8.0,17,0,1.0,0,False,True,10.475733430966397,10.084808387804364,0.39092504316203325,1.3112338858195185,0.39092504316203325,1.3112338858195185,1.3112338858195185,0.0,1.0,1.0,94,89,89,5,0.006991603993810713
qdao_2c2d2f6c4ae451ed_0,qdao,benchmarks/qasm/quadratic_form-28-fusion.qasm,2c2d2f6c4ae451edad2ce32972409049b6a263b3f0d27fa6097befe81b43462f,arithmetic,False,,/home/audrey/code_and_papers/2026/FAST2027/final/hilbert_thin_provisioning/external/qcs/benchmarks/qasm/quadratic_form-28-fusion.qasm,0,d58fa0da944881b22c8db6928f3fc82de2e9e35227e65a59bcb83d534b1c0f29,semantic,28,725,158,25,25,3,0.10714285714285714,False,True,,25,1.0,4,3,8.0,0,False,True,37.5018371849023,34.44914864543695,3.0526885394653505,8.297567953866544,3.0526885394653505,8.297567953866544,8.297567953866544,3.0,8.0,8.0,725,725,725,0,0.027818828006274998
qdao_2c2d2f6c4ae451ed_0,qdao,benchmarks/qasm/quadratic_form-28-fusion.qasm,2c2d2f6c4ae451edad2ce32972409049b6a263b3f0d27fa6097befe81b43462f,arithmetic,False,,/home/audrey/code_and_papers/2026/FAST2027/final/hilbert_thin_provisioning/external/qcs/benchmarks/qasm/quadratic_form-28-fusion.qasm,0,d58fa0da944881b22c8db6928f3fc82de2e9e35227e65a59bcb83d534b1c0f29,lowered,28,725,158,25,25,3,0.10714285714285714,False,True,,25,1.0,4,3,8.0,0,False,True,37.5018371849023,34.44914864543695,3.0526885394653505,8.297567953866544,3.0526885394653505,8.297567953866544,8.297567953866544,3.0,8.0,8.0,725,725,725,0,0.04321038999478333
qdao_697fba7b6720fb11_0,qdao,benchmarks/qasm/quadratic_form-30-fusion.qasm,697fba7b6720fb112c8dfd422b39898d0986febc3c998561aedfe9c418858bee,arithmetic,False,,/home/audrey/code_and_papers/2026/FAST2027/final/hilbert_thin_provisioning/external/qcs/benchmarks/qasm/quadratic_form-30-fusion.qasm,0,2c32993f5a8d2b7593ba0730c970f9a28de1e4e51c6adccb85d5643649a625ad,semantic,30,810,170,27,27,3,0.1,False,True,,27,1.0,4,3,8.0,0,False,True,39.661778097771986,36.6110247973211,3.0507533004508858,8.286445012708754,3.0507533004508858,8.286445012708754,8.286445012708754,3.0,8.0,8.0,810,810,810,0,0.03171327197924256
qdao_697fba7b6720fb11_0,qdao,benchmarks/qasm/quadratic_form-30-fusion.qasm,697fba7b6720fb112c8dfd422b39898d0986febc3c998561aedfe9c418858bee,arithmetic,False,,/home/audrey/code_and_papers/2026/FAST2027/final/hilbert_thin_provisioning/external/qcs/benchmarks/qasm/quadratic_form-30-fusion.qasm,0,2c32993f5a8d2b7593ba0730c970f9a28de1e4e51c6adccb85d5643649a625ad,lowered,30,810,170,27,27,3,0.1,False,True,,27,1.0,4,3,8.0,0,False,True,39.661778097771986,36.6110247973211,3.0507533004508858,8.286445012708754,3.0507533004508858,8.286445012708754,8.286445012708754,3.0,8.0,8.0,810,810,810,0,0.050790743000106886
qdao_343e13ffc3b8289f_0,qdao,benchmarks/qasm/quadratic_form-32-fusion.qasm,343e13ffc3b8289f6024921fa6faab2fed984ea9f0bb79469f809e8e8cfbe3ac,arithmetic,False,,/home/audrey/code_and_papers/2026/FAST2027/final/hilbert_thin_provisioning/external/qcs/benchmarks/qasm/quadratic_form-32-fusion.qasm,0,982e64f85baf410138ec8f537e9671ae974dd78429bb73d734f9ce816ae94a7b,semantic,32,899,182,29,29,3,0.09375,False,True,,29,1.0,4,3,8.0,0,False,True,41.812177305514446,38.7632123668175,3.0489649386969475,8.276179516668064,3.0489649386969475,8.276179516668064,8.276179516668064,3.0,8.0,8.0,899,899,899,0,0.03245162600069307
qdao_343e13ffc3b8289f_0,qdao,benchmarks/qasm/quadratic_form-32-fusion.qasm,343e13ffc3b8289f6024921fa6faab2fed984ea9f0bb79469f809e8e8cfbe3ac,arithmetic,False,,/home/audrey/code_and_papers/2026/FAST2027/final/hilbert_thin_provisioning/external/qcs/benchmarks/qasm/quadratic_form-32-fusion.qasm,0,982e64f85baf410138ec8f537e9671ae974dd78429bb73d734f9ce816ae94a7b,lowered,32,899,182,29,29,3,0.09375,False,True,,29,1.0,4,3,8.0,0,False,True,41.812177305514446,38.7632123668175,3.0489649386969475,8.276179516668064,3.0489649386969475,8.276179516668064,8.276179516668064,3.0,8.0,8.0,899,899,899,0,0.0534774340048898
qdao_cad297122798fb1a_0,qdao,benchmarks/qasm/quadratic_form-34-fusion.qasm,cad297122798fb1ae81ce02315798bf74a618fa1255bbe21ae2ba632b861bff5,arithmetic,False,,/home/audrey/code_and_papers/2026/FAST2027/final/hilbert_thin_provisioning/external/qcs/benchmarks/qasm/quadratic_form-34-fusion.qasm,0,2c85f8e4957634f16c1462fb326a35e1abeed1325e71a28eb6cf1d7a0c7d42ca,semantic,34,992,194,31,31,3,0.08823529411764706,False,True,,31,1.0,4,3,8.0,0,False,True,43.95419631038688,40.90689059560922,3.047305714777657,8.266666666662658,3.047305714777657,8.266666666662658,8.266666666662658,3.0,8.0,8.0,992,992,992,0,0.03893415798665956
qdao_cad297122798fb1a_0,qdao,benchmarks/qasm/quadratic_form-34-fusion.qasm,cad297122798fb1ae81ce02315798bf74a618fa1255bbe21ae2ba632b861bff5,arithmetic,False,,/home/audrey/code_and_papers/2026/FAST2027/final/hilbert_thin_provisioning/external/qcs/benchmarks/qasm/quadratic_form-34-fusion.qasm,0,2c85f8e4957634f16c1462fb326a35e1abeed1325e71a28eb6cf1d7a0c7d42ca,lowered,34,992,194,31,31,3,0.08823529411764706,False,True,,31,1.0,4,3,8.0,0,False,True,43.95419631038688,40.90689059560922,3.047305714777657,8.266666666662658,3.047305714777657,8.266666666662658,8.266666666662658,3.0,8.0,8.0,992,992,992,0,0.0600454660016112
qdao_9ee275ee40744e64_0,qdao,benchmarks/qasm/grover_search-28-fusion.qasm,9ee275ee40744e64f7f49086dcd112e1436eb76bb944bedb12440265004061e0,grover_oracle,False,,/home/audrey/code_and_papers/2026/FAST2027/final/hilbert_thin_provisioning/external/qcs/benchmarks/qasm/grover_search-28-fusion.qasm,0,cd50d0946438a4b862dc2b5352659fed6fb5bea50e87308cd585eef449ca5b59,semantic,28,116,7,28,28,0,0.0,True,False,0.25,28,1.0,2,0,1.0,0,False,True,34.85798099512757,34.47573343090601,0.3822475642215579,1.3033707865714061,0.3822475642215579,1.3033707865714061,1.3033707865714061,0.1069152039165111,1.0769230769230762,1.0769230769230762,116,116,116,0,0.005267756001558155
qdao_9ee275ee40744e64_0,qdao,benchmarks/qasm/grover_search-28-fusion.qasm,9ee275ee40744e64f7f49086dcd112e1436eb76bb944bedb12440265004061e0,grover_oracle,False,,/home/audrey/code_and_papers/2026/FAST2027/final/hilbert_thin_provisioning/external/qcs/benchmarks/qasm/grover_search-28-fusion.qasm,0,cd50d0946438a4b862dc2b5352659fed6fb5bea50e87308cd585eef449ca5b59,lowered,28,116,7,28,28,0,0.0,True,False,0.4827586206896552,28,2.0,2,0,1.0,0,False,True,34.85798099512757,33.97727992324399,0.8807010718835784,1.8412698415964681,0.8807010718835784,1.8412698415964681,1.8412698415964681,0.1069152039165111,1.0769230769230762,1.0769230769230762,116,116,116,0,0.009586038999259472
qdao_2fb62c892669b427_0,qdao,benchmarks/qasm/grover_search-29-fusion.qasm,2fb62c892669b4274c753f20a8b2c585e4d72b0c174c96620aa95293c3d80594,grover_oracle,False,,/home/audrey/code_and_papers/2026/FAST2027/final/hilbert_thin_provisioning/external/qcs/benchmarks/qasm/grover_search-29-fusion.qasm,0,799cdfe3134b1ec6c99b7f41295c6d993af4227ce98cc18c05176b34146ee013,semantic,29,120,7,29,29,0,0.0,True,False,0.25,29,1.0,2,0,1.0,0,False,True,35.906890595608516,35.523561956027805,0.38332863958071073,1.304347826113361,0.38332863958071073,1.304347826113361,1.304347826113361,0.1069152039165111,1.0769230769230762,1.0769230769230762,120,120,120,0,0.007823733991244808
qdao_2fb62c892669b427_0,qdao,benchmarks/qasm/grover_search-29-fusion.qasm,2fb62c892669b4274c753f20a8b2c585e4d72b0c174c96620aa95293c3d80594,grover_oracle,False,,/home/audrey/code_and_papers/2026/FAST2027/final/hilbert_thin_provisioning/external/qcs/benchmarks/qasm/grover_search-29-fusion.qasm,0,799cdfe3134b1ec6c99b7f41295c6d993af4227ce98cc18c05176b34146ee013,lowered,29,120,7,29,29,0,0.0,True,False,0.48333333333333334,29,2.0,2,0,1.0,0,False,True,35.906890595608516,35.02236781290443,0.8845227827040887,1.846153846312555,0.8845227827040887,1.846153846312555,1.846153846312555,0.1069152039165111,1.0769230769230762,1.0769230769230762,120,120,120,0,0.011654100002488121
qdao_514da6b784fc4935_0,qdao,benchmarks/qasm/grover_search-30-fusion.qasm,514da6b784fc49357e5d6b8a1b200331cbd44ae15b7c917f6018a394274d30b9,grover_oracle,False,,/home/audrey/code_and_papers/2026/FAST2027/final/hilbert_thin_provisioning/external/qcs/benchmarks/qasm/grover_search-30-fusion.qasm,0,ca7d6ea6d45d3200d1dfb83fb3a51616e764c9f0eab0a9f01d356b238d77da04,semantic,30,124,7,30,30,0,0.0,True,False,0.25,30,1.0,2,0,1.0,0,False,True,36.95419631038688,36.5698556083168,0.38434070207007665,1.3052631579075382,0.38434070207007665,1.3052631579075382,1.3052631579075382,0.10691520391651466,1.0769230769230789,1.0769230769230789,124,124,124,0,0.006739744974765927
qdao_514da6b784fc4935_0,qdao,benchmarks/qasm/grover_search-30-fusion.qasm,514da6b784fc49357e5d6b8a1b200331cbd44ae15b7c917f6018a394274d30b9,grover_oracle,False,,/home/audrey/code_and_papers/2026/FAST2027/final/hilbert_thin_provisioning/external/qcs/benchmarks/qasm/grover_search-30-fusion.qasm,0,ca7d6ea6d45d3200d1dfb83fb3a51616e764c9f0eab0a9f01d356b238d77da04,lowered,30,124,7,30,30,0,0.0,True,False,0.4838709677419355,30,2.0,2,0,1.0,0,False,True,36.95419631038688,36.06608919039761,0.8881071199892645,1.8507462687338943,0.8881071199892645,1.8507462687338943,1.8507462687338943,0.10691520391651466,1.0769230769230789,1.0769230769230789,124,124,124,0,0.010782698984257877
qdao_c505cafec9439f15_0,qdao,benchmarks/qasm/grover_search-32-fusion.qasm,c505cafec9439f1535438dfb4fac202a644a5e48e92eda3d3834f242689260cf,grover_oracle,False,,/home/audrey/code_and_papers/2026/FAST2027/final/hilbert_thin_provisioning/external/qcs/benchmarks/qasm/grover_search-32-fusion.qasm,0,b6ae7634448bbbe44179663d6a33c8fda1ee75355ee56e596747293d677c53a6,semantic,32,132,7,32,32,0,0.0,True,False,0.25,32,1.0,2,0,1.0,0,False,True,39.04439411935845,38.65821148274847,0.38618263660998053,1.3069306930723161,0.38618263660998053,1.3069306930723161,1.3069306930723161,0.10691520391651466,1.0769230769230789,1.0769230769230789,132,132,132,0,0.007414192019496113
qdao_c505cafec9439f15_0,qdao,benchmarks/qasm/grover_search-32-fusion.qasm,c505cafec9439f1535438dfb4fac202a644a5e48e92eda3d3834f242689260cf,grover_oracle,False,,/home/audrey/code_and_papers/2026/FAST2027/final/hilbert_thin_provisioning/external/qcs/benchmarks/qasm/grover_search-32-fusion.qasm,0,b6ae7634448bbbe44179663d6a33c8fda1ee75355ee56e596747293d677c53a6,lowered,32,132,7,32,32,0,0.0,True,False,0.48484848484848486,32,2.0,2,0,1.0,0,False,True,39.04439411935845,38.14974711949049,0.8946469998679589,1.859154929595748,0.8946469998679589,1.859154929595748,1.859154929595748,0.10691520391651466,1.0769230769230789,1.0769230769230789,132,132,132,0,0.011823781998828053
qdao_c185321108d37ad4_0,qdao,benchmarks/qasm/hidden_linear_function-28-fusion.qasm,c185321108d37ad49aa0274b1f81248d389c0d690887881a5d0da9265ecac9dc,hidden_linear_function,False,,/home/audrey/code_and_papers/2026/FAST2027/final/hilbert_thin_provisioning/external/qcs/benchmarks/qasm/hidden_linear_function-28-fusion.qasm,0,afa8cb4a02df4463e819fe9d63c38928abd2e67f123c6be4b09c9228e7a91c30,semantic,28,84,9,28,28,0,0.0,True,False,0.3333333333333333,28,1.0,1,0,1.0,0,False,True,34.39231742277876,33.857980994942245,0.5343364278365144,1.4482758622550087,0.5343364278365144,1.4482758622550087,1.4482758622550087,3.552713678800501e-15,1.0000000000000024,1.0000000000000024,112,84,84,28,0.005599964992143214
qdao_c185321108d37ad4_0,qdao,benchmarks/qasm/hidden_linear_function-28-fusion.qasm,c185321108d37ad49aa0274b1f81248d389c0d690887881a5d0da9265ecac9dc,hidden_linear_function,False,,/home/audrey/code_and_papers/2026/FAST2027/final/hilbert_thin_provisioning/external/qcs/benchmarks/qasm/hidden_linear_function-28-fusion.qasm,0,afa8cb4a02df4463e819fe9d63c38928abd2e67f123c6be4b09c9228e7a91c30,lowered,28,84,9,28,28,0,0.0,True,False,0.9404761904761905,28,2.0,9,0,1.0,0,False,True,34.39231742277876,31.605066706826207,2.7872507159525526,6.903130299184945,2.7872507159525526,6.903130299184945,6.903130299184945,3.552713678800501e-15,1.0000000000000024,1.0000000000000024,112,84,84,28,0.009378602990182117
qdao_a2fc8598a1183e86_0,qdao,benchmarks/qasm/hidden_linear_function-30-fusion.qasm,a2fc8598a1183e86e24978e952f06c16592dc72aa683a5ac27f3ed572abcbcb8,hidden_linear_function,False,,/home/audrey/code_and_papers/2026/FAST2027/final/hilbert_thin_provisioning/external/qcs/benchmarks/qasm/hidden_linear_function-30-fusion.qasm,0,5d43fbc66db3d22d8fa04c8655eee2070302d7e5db8f6f2f6d3ab1ffb5521315,semantic,30,90,12,30,30,0,0.0,True,False,0.3333333333333333,30,1.0,1,0,1.0,0,False,True,36.49185309632968,35.954196310343534,0.5376567859861439,1.4516129032694187,0.5376567859861439,1.4516129032694187,1.4516129032694187,0.0,1.0,1.0,90,90,90,0,0.004858252999838442
qdao_a2fc8598a1183e86_0,qdao,benchmarks/qasm/hidden_linear_function-30-fusion.qasm,a2fc8598a1183e86e24978e952f06c16592dc72aa683a5ac27f3ed572abcbcb8,hidden_linear_function,False,,/home/audrey/code_and_papers/2026/FAST2027/final/hilbert_thin_provisioning/external/qcs/benchmarks/qasm/hidden_linear_function-30-fusion.qasm,0,5d43fbc66db3d22d8fa04c8655eee2070302d7e5db8f6f2f6d3ab1ffb5521315,lowered,30,90,12,30,30,0,0.0,True,False,0.9222222222222223,30,2.0,8,0,1.0,0,False,True,36.49185309632968,33.818428881752425,2.6734242145772527,6.379415359876972,2.6734242145772527,6.379415359876972,6.379415359876972,0.0,1.0,1.0,90,90,90,0,0.008900234010070562
qdao_ca61498a8a0b6464_0,qdao,benchmarks/qasm/hidden_linear_function-32.qasm,ca61498a8a0b646482116cd493e303a6cefb03376c2b9c2a962e472cc7b5f82c,hidden_linear_function,False,,/home/audrey/code_and_papers/2026/FAST2027/final/hilbert_thin_provisioning/external/qcs/benchmarks/qasm/hidden_linear_function-32.qasm,0,3851e38af3945ae81d82dd352c8a769eddd30f31259c7eec648bac70704558f9,semantic,32,96,12,32,32,0,0.0,True,False,0.3333333333333333,32,1.0,1,0,1.0,0,False,True,38.584962500721154,38.04439411934827,0.5405683813728857,1.454545454555721,0.5405683813728857,1.454545454555721,1.454545454555721,0.0,1.0,1.0,96,96,96,0,0.005387571000028402
qdao_ca61498a8a0b6464_0,qdao,benchmarks/qasm/hidden_linear_function-32.qasm,ca61498a8a0b646482116cd493e303a6cefb03376c2b9c2a962e472cc7b5f82c,hidden_linear_function,False,,/home/audrey/code_and_papers/2026/FAST2027/final/hilbert_thin_provisioning/external/qcs/benchmarks/qasm/hidden_linear_function-32.qasm,0,3851e38af3945ae81d82dd352c8a769eddd30f31259c7eec648bac70704558f9,lowered,32,96,12,32,32,0,0.0,True,False,0.9375,32,2.0,9,0,1.0,0,False,True,38.584962500721154,35.6771264159446,2.907836084776555,7.50491683461319,2.907836084776555,7.50491683461319,7.50491683461319,0.0,1.0,1.0,96,96,96,0,0.009937783004716039
qdao_080d8fefef4e8ec6_0,qdao,benchmarks/qasm/hidden_linear_function-34-fusion.qasm,080d8fefef4e8ec6a5f69375562b1ceb5472ffb67f1f1c8c3818b15172033111,hidden_linear_function,False,,/home/audrey/code_and_papers/2026/FAST2027/final/hilbert_thin_provisioning/external/qcs/benchmarks/qasm/hidden_linear_function-34-fusion.qasm,0,91a911fcdafd8d35658710fec8836fb7cbd8db0bbc279a9e72073ed7af018df4,semantic,34,102,12,34,34,0,0.0,True,False,0.3333333333333333,34,1.0,1,0,1.0,0,False,True,40.6724253419715,40.129283016942566,0.5431423250289313,1.4571428571452834,0.5431423250289313,1.4571428571452834,1.4571428571452834,0.0,1.0,1.0,136,102,102,34,0.0060466459835879505
qdao_080d8fefef4e8ec6_0,qdao,benchmarks/qasm/hidden_linear_function-34-fusion.qasm,080d8fefef4e8ec6a5f69375562b1ceb5472ffb67f1f1c8c3818b15172033111,hidden_linear_function,False,,/home/audrey/code_and_papers/2026/FAST2027/final/hilbert_thin_provisioning/external/qcs/benchmarks/qasm/hidden_linear_function-34-fusion.qasm,0,91a911fcdafd8d35658710fec8836fb7cbd8db0bbc279a9e72073ed7af018df4,lowered,34,102,12,34,34,0,0.0,True,False,0.9705882352941176,34,2.0,9,0,1.0,0,False,True,40.6724253419715,37.415697989904785,3.2567273520667115,9.558123124860906,3.2567273520667115,9.558123124860906,9.558123124860906,0.0,1.0,1.0,136,102,102,34,0.012936276994878426
qdao_71554d5712174071_0,qdao,benchmarks/qasm/iqp-28-fusion.qasm,71554d57121740714ffc4ecaf6283ec52c71576b29f8d7985497199ffb162f88,iqp,False,,/home/audrey/code_and_papers/2026/FAST2027/final/hilbert_thin_provisioning/external/qcs/benchmarks/qasm/iqp-28-fusion.qasm,0,68d94c511858dd4a322732a0697936104b0afdb5309d3310c27c27f35b35fc4b,semantic,28,355,53,28,28,0,0.0,True,False,0.8309859154929577,28,10.5,26,0,1.0,0,False,True,36.47167521439204,34.38921626291971,2.082458951472333,4.2352846978764775,2.082458951472333,4.2352846978764775,4.2352846978764775,0.0,1.0,1.0,355,355,355,0,0.013336873991647735
qdao_71554d5712174071_0,qdao,benchmarks/qasm/iqp-28-fusion.qasm,71554d57121740714ffc4ecaf6283ec52c71576b29f8d7985497199ffb162f88,iqp,False,,/home/audrey/code_and_papers/2026/FAST2027/final/hilbert_thin_provisioning/external/qcs/benchmarks/qasm/iqp-28-fusion.qasm,0,68d94c511858dd4a322732a0697936104b0afdb5309d3310c27c27f35b35fc4b,lowered,28,355,53,28,28,0,0.0,True,False,0.8309859154929577,28,10.5,26,0,1.0,0,False,True,36.47167521439204,34.38921626291971,2.082458951472333,4.2352846978764775,2.082458951472333,4.2352846978764775,4.2352846978764775,0.0,1.0,1.0,355,355,355,0,0.06074142997385934
qdao_8997d0434cc5b186_0,qdao,benchmarks/qasm/iqp-29-fusion.qasm,8997d0434cc5b1867b4c007bbcbd6b7710a0a69be4cb01d2653f57e5b8d8542c,iqp,False,,/home/audrey/code_and_papers/2026/FAST2027/final/hilbert_thin_provisioning/external/qcs/benchmarks/qasm/iqp-29-fusion.qasm,0,3a7b9dfc076506dda44b8660744c718b907163919490ca6cb7d66ec13aa607c1,semantic,29,386,56,29,29,0,0.0,True,False,0.8290155440414507,29,12.0,26,0,1.0,0,False,True,37.592457037268076,35.51212801143174,2.0803290258363347,4.229036540431121,2.0803290258363347,4.229036540431121,4.229036540431121,0.0,1.0,1.0,386,386,386,0,0.015529933996731415
qdao_8997d0434cc5b186_0,qdao,benchmarks/qasm/iqp-29-fusion.qasm,8997d0434cc5b1867b4c007bbcbd6b7710a0a69be4cb01d2653f57e5b8d8542c,iqp,False,,/home/audrey/code_and_papers/2026/FAST2027/final/hilbert_thin_provisioning/external/qcs/benchmarks/qasm/iqp-29-fusion.qasm,0,3a7b9dfc076506dda44b8660744c718b907163919490ca6cb7d66ec13aa607c1,lowered,29,386,56,29,29,0,0.0,True,False,0.8290155440414507,29,12.0,26,0,1.0,0,False,True,37.592457037268076,35.51212801143174,2.0803290258363347,4.229036540431121,2.0803290258363347,4.229036540431121,4.229036540431121,0.0,1.0,1.0,386,386,386,0,0.02750667798682116
qdao_693fb492fc348426_0,qdao,benchmarks/qasm/iqp-31-fusion.qasm,693fb492fc348426625557214ac23e1954b9fd35c97c87d004cc9dad7e40d22a,iqp,False,,/home/audrey/code_and_papers/2026/FAST2027/final/hilbert_thin_provisioning/external/qcs/benchmarks/qasm/iqp-31-fusion.qasm,0,b891a8ebac6b4e668682b4cb7d96c29f83bce7820b25f9a10a01b09551acd5f1,semantic,31,449,59,31,31,0,0.0,True,False,0.8574610244988864,31,13.0,32,0,1.0,0,False,True,39.810571634741144,37.54685359930352,2.263718035437627,4.802275047455529,2.263718035437627,4.802275047455529,4.802275047455529,0.0,1.0,1.0,449,449,449,0,0.01593640400096774
qdao_693fb492fc348426_0,qdao,benchmarks/qasm/iqp-31-fusion.qasm,693fb492fc348426625557214ac23e1954b9fd35c97c87d004cc9dad7e40d22a,iqp,False,,/home/audrey/code_and_papers/2026/FAST2027/final/hilbert_thin_provisioning/external/qcs/benchmarks/qasm/iqp-31-fusion.qasm,0,b891a8ebac6b4e668682b4cb7d96c29f83bce7820b25f9a10a01b09551acd5f1,lowered,31,449,59,31,31,0,0.0,True,False,0.8574610244988864,31,13.0,32,0,1.0,0,False,True,39.810571634741144,37.54685359930352,2.263718035437627,4.802275047455529,2.263718035437627,4.802275047455529,4.802275047455529,0.0,1.0,1.0,449,449,449,0,0.02908860900788568
qdao_6869fe31a1fb9b02_0,qdao,benchmarks/qasm/iqp-34-fusion.qasm,6869fe31a1fb9b02653d343fd93f7e77a50d729babc8256eec38f9d4815a66cc,iqp,False,,/home/audrey/code_and_papers/2026/FAST2027/final/hilbert_thin_provisioning/external/qcs/benchmarks/qasm/iqp-34-fusion.qasm,0,82e4d008e8050bc5b399e72bb1b044fd49b01eae216ef078d28ae0514397e5c1,semantic,34,527,67,34,34,0,0.0,True,False,0.8425047438330171,34,13.0,33,0,1.0,0,False,True,43.04165915163721,40.80880988619594,2.232849265441274,4.700614162051406,2.232849265441274,4.700614162051406,4.700614162051406,0.0,1.0,1.0,527,527,527,0,0.020409749005921185
qdao_6869fe31a1fb9b02_0,qdao,benchmarks/qasm/iqp-34-fusion.qasm,6869fe31a1fb9b02653d343fd93f7e77a50d729babc8256eec38f9d4815a66cc,iqp,False,,/home/audrey/code_and_papers/2026/FAST2027/final/hilbert_thin_provisioning/external/qcs/benchmarks/qasm/iqp-34-fusion.qasm,0,82e4d008e8050bc5b399e72bb1b044fd49b01eae216ef078d28ae0514397e5c1,lowered,34,527,67,34,34,0,0.0,True,False,0.8425047438330171,34,13.0,33,0,1.0,0,False,True,43.04165915163721,40.80880988619594,2.232849265441274,4.700614162051406,2.232849265441274,4.700614162051406,4.700614162051406,0.0,1.0,1.0,527,527,527,0,0.03566560000763275
qdao_5eee812f4d3f4ece_0,qdao,benchmarks/qasm/qft_n4.qasm,5eee812f4d3f4ecec5aabe112584a9d2a36054add31a368bcbca1f0884edc84d,qft,False,,/home/audrey/code_and_papers/2026/FAST2027/final/hilbert_thin_provisioning/external/qcs/benchmarks/qasm/qft_n4.qasm,0,36daf4b547111e907ecb273a58f6f72af79ecf527ae9a8cf7afb69fa9821619f,semantic,4,34,21,4,4,0,0.0,True,False,1.0,4,8.5,16,0,1.0,0,False,True,9.087462841250339,7.643856189774726,1.443606651475613,2.7199999999999966,1.443606651475613,2.7199999999999966,2.7199999999999966,1.485426827170241,2.799999999999999,2.799999999999999,39,34,34,5,0.003656718006823212
qdao_5eee812f4d3f4ece_0,qdao,benchmarks/qasm/qft_n4.qasm,5eee812f4d3f4ecec5aabe112584a9d2a36054add31a368bcbca1f0884edc84d,qft,False,,/home/audrey/code_and_papers/2026/FAST2027/final/hilbert_thin_provisioning/external/qcs/benchmarks/qasm/qft_n4.qasm,0,36daf4b547111e907ecb273a58f6f72af79ecf527ae9a8cf7afb69fa9821619f,lowered,4,34,21,4,4,0,0.0,True,False,1.0,4,8.5,16,0,1.0,0,False,True,9.087462841250339,7.643856189774726,1.443606651475613,2.7199999999999966,1.443606651475613,2.7199999999999966,2.7199999999999966,1.485426827170241,2.799999999999999,2.799999999999999,39,34,34,5,0.004742828983580694
qdao_e614aae2504083a2_0,qdao,benchmarks/qasm/b.qft_28.qasm,e614aae2504083a2b3af8b59adb53a1006fc3a9537785226598254c97b50807d,qft,False,,/home/audrey/code_and_papers/2026/FAST2027/final/hilbert_thin_provisioning/external/qcs/benchmarks/qasm/b.qft_28.qasm,0,07ec1405eef5400f8637f6197ff9de09834d6b0fe5b45fee7278bf727113c3e9,semantic,28,420,56,28,28,0,0.0,True,False,0.9666666666666667,28,14.5,28,0,1.0,0,False,True,36.71424551766612,32.16992498352745,4.54432053413867,23.333333623078143,4.54432053413867,23.333333623078143,23.333333623078143,3.807354927432062,14.000000052154064,14.000000052154064,420,420,420,0,0.016347158991266042
qdao_e614aae2504083a2_0,qdao,benchmarks/qasm/b.qft_28.qasm,e614aae2504083a2b3af8b59adb53a1006fc3a9537785226598254c97b50807d,qft,False,,/home/audrey/code_and_papers/2026/FAST2027/final/hilbert_thin_provisioning/external/qcs/benchmarks/qasm/b.qft_28.qasm,0,07ec1405eef5400f8637f6197ff9de09834d6b0fe5b45fee7278bf727113c3e9,lowered,28,420,56,28,28,0,0.0,True,False,0.9976190476190476,28,14.5,41,0,1.0,0,False,True,36.71424551766612,33.14974711950468,3.56449839816144,11.830985915492954,3.56449839816144,11.830985915492954,11.830985915492954,3.807354927432062,14.000000052154064,14.000000052154064,420,420,420,0,0.02841264198650606
qdao_cc0b56cb48e9a0fa_0,qdao,benchmarks/qasm/b.qft_30.qasm,cc0b56cb48e9a0fa759f63b48a0c0c31bca0c06b51bcbb626c7a24554c34c4e4,qft,False,,/home/audrey/code_and_papers/2026/FAST2027/final/hilbert_thin_provisioning/external/qcs/benchmarks/qasm/b.qft_30.qasm,0,8c658349f6ead1142140401b2f5dc568f83aaef98c85a028c631cfdf19e15414,semantic,30,480,60,30,30,0,0.0,True,False,0.96875,30,15.5,30,0,1.0,0,False,True,38.906890595608516,34.247927508917726,4.65896308669079,25.26315797398951,4.65896308669079,25.26315797398951,25.26315797398951,3.906890596952131,15.000000013969819,15.000000013969819,480,480,480,0,0.022378416993888095
qdao_cc0b56cb48e9a0fa_0,qdao,benchmarks/qasm/b.qft_30.qasm,cc0b56cb48e9a0fa759f63b48a0c0c31bca0c06b51bcbb626c7a24554c34c4e4,qft,False,,/home/audrey/code_and_papers/2026/FAST2027/final/hilbert_thin_provisioning/external/qcs/benchmarks/qasm/b.qft_30.qasm,0,8c658349f6ead1142140401b2f5dc568f83aaef98c85a028c631cfdf19e15414,lowered,30,480,60,30,30,0,0.0,True,False,0.9979166666666667,30,15.5,44,0,1.0,0,False,True,38.906890595608516,35.247927513443585,3.658963082164931,12.631578947368402,3.658963082164931,12.631578947368402,12.631578947368402,3.906890596952131,15.000000013969819,15.000000013969819,480,480,480,0,0.03635701598250307
qdao_6bb5483bb97a9036_0,qdao,benchmarks/qasm/qft-32-fusion.qasm,6bb5483bb97a9036ee73b7b15a7c4ef1e6f0acea07d9592acfe52a8bf9d29977,qft,False,,/home/audrey/code_and_papers/2026/FAST2027/final/hilbert_thin_provisioning/external/qcs/benchmarks/qasm/qft-32-fusion.qasm,0,54c847530c51ad41a5ba978a044b66ef05715bbb6a314a2c8cd497332f678721,semantic,32,544,64,32,32,0,0.0,True,False,0.9705882352941176,32,16.5,32,0,1.0,0,False,True,41.08746284125034,36.32192809374529,4.7655347475050505,27.200000021532198,4.7655347475050505,27.200000021532198,27.200000021532198,4.000000000335902,16.000000003725273,16.000000003725273,544,544,544,0,0.021452024986501783
qdao_6bb5483bb97a9036_0,qdao,benchmarks/qasm/qft-32-fusion.qasm,6bb5483bb97a9036ee73b7b15a7c4ef1e6f0acea07d9592acfe52a8bf9d29977,qft,False,,/home/audrey/code_and_papers/2026/FAST2027/final/hilbert_thin_provisioning/external/qcs/benchmarks/qasm/qft-32-fusion.qasm,0,54c847530c51ad41a5ba978a044b66ef05715bbb6a314a2c8cd497332f678721,lowered,32,544,64,32,32,0,0.0,True,False,0.9981617647058824,32,16.5,47,0,1.0,0,False,True,41.08746284125034,37.339850002884624,3.7476128383657183,13.432098765432134,3.7476128383657183,13.432098765432134,13.432098765432134,4.000000000335902,16.000000003725273,16.000000003725273,544,544,544,0,0.039543661987408996
qdao_37b0da10d1dac290_0,qdao,benchmarks/qasm/qft-34-fusion.qasm,37b0da10d1dac29072439254cc5014ca04e5eefaca99615b88ded4c8eccbe7fe,qft,False,,/home/audrey/code_and_papers/2026/FAST2027/final/hilbert_thin_provisioning/external/qcs/benchmarks/qasm/qft-34-fusion.qasm,0,eef24e185627cfecfa2ad2e3233f1de1035ae88406bf055c2ece748b9c797ae8,semantic,34,612,68,34,34,0,0.0,True,False,0.9722222222222222,34,17.5,34,0,1.0,0,False,True,43.25738784269265,38.39231742249084,4.8650704202018105,29.14285714867319,4.8650704202018105,29.14285714867319,29.14285714867319,4.087462841334315,17.000000000989523,17.000000000989523,612,612,612,0,0.025036940991412848
qdao_37b0da10d1dac290_0,qdao,benchmarks/qasm/qft-34-fusion.qasm,37b0da10d1dac29072439254cc5014ca04e5eefaca99615b88ded4c8eccbe7fe,qft,False,,/home/audrey/code_and_papers/2026/FAST2027/final/hilbert_thin_provisioning/external/qcs/benchmarks/qasm/qft-34-fusion.qasm,0,eef24e185627cfecfa2ad2e3233f1de1035ae88406bf055c2ece748b9c797ae8,lowered,34,612,68,34,34,0,0.0,True,False,0.9983660130718954,34,17.5,50,0,1.0,0,False,True,43.25738784269265,39.426264754702096,3.831123087990555,14.232558139534897,3.831123087990555,14.232558139534897,14.232558139534897,4.087462841334315,17.000000000989523,17.000000000989523,612,612,612,0,0.043714747997000813
qdao_5e90cda6bec14320_0,qdao,benchmarks/qasm/a.vqa.qnn_27_0.qasm,5e90cda6bec143204821036112bb5e348d34e730f321994ad6375f2706e11f01,quantum_ml,False,,/home/audrey/code_and_papers/2026/FAST2027/final/hilbert_thin_provisioning/external/qcs/benchmarks/qasm/a.vqa.qnn_27_0.qasm,0,07c58e48ef33a416a26099cd28a9d33729ebe742382f1ad2ac93e379dba01ad9,semantic,27,233,101,27,27,0,0.0,True,False,0.9914163090128756,27,2.0,25,0,1.0,0,False,True,34.86418614465428,29.323265495524367,5.540920649129916,46.55682109544259,5.540920649129916,46.55682109544259,46.55682109544259,0.0,1.0,1.0,161,233,227,0,0.021088335022795945
qdao_5e90cda6bec14320_0,qdao,benchmarks/qasm/a.vqa.qnn_27_0.qasm,5e90cda6bec143204821036112bb5e348d34e730f321994ad6375f2706e11f01,quantum_ml,False,,/home/audrey/code_and_papers/2026/FAST2027/final/hilbert_thin_provisioning/external/qcs/benchmarks/qasm/a.vqa.qnn_27_0.qasm,0,07c58e48ef33a416a26099cd28a9d33729ebe742382f1ad2ac93e379dba01ad9,lowered,27,227,97,27,27,0,0.0,True,False,0.9911894273127754,27,2.0,24,0,1.0,1,False,True,34.826548487290914,29.32323021977081,5.503318267520104,45.35904207205685,5.503318267520104,45.35904207205685,45.35904207205685,0.0,1.0,1.0,161,233,227,0,0.030670587002532557
qdao_e409d072248e0f48_0,qdao,benchmarks/qasm/a.vqa.qnn_27_1.qasm,e409d072248e0f48f78381bfd42ac12b908be5c61d9255b1ae02e3d065b7ede2,quantum_ml,False,,/home/audrey/code_and_papers/2026/FAST2027/final/hilbert_thin_provisioning/external/qcs/benchmarks/qasm/a.vqa.qnn_27_1.qasm,0,e8d3629271ee94834f7a23ded87d7b965b09d947871d86379d119bb00156991e,semantic,27,233,101,27,27,0,0.0,True,False,0.9914163090128756,27,2.0,25,0,1.0,0,False,True,34.86418614465428,29.323265495524367,5.540920649129916,46.55682109544259,5.540920649129916,46.55682109544259,46.55682109544259,0.0,1.0,1.0,161,233,227,0,0.022208714013686404
qdao_e409d072248e0f48_0,qdao,benchmarks/qasm/a.vqa.qnn_27_1.qasm,e409d072248e0f48f78381bfd42ac12b908be5c61d9255b1ae02e3d065b7ede2,quantum_ml,False,,/home/audrey/code_and_papers/2026/FAST2027/final/hilbert_thin_provisioning/external/qcs/benchmarks/qasm/a.vqa.qnn_27_1.qasm,0,e8d3629271ee94834f7a23ded87d7b965b09d947871d86379d119bb00156991e,lowered,27,227,97,27,27,0,0.0,True,False,0.9911894273127754,27,2.0,24,0,1.0,1,False,True,34.826548487290914,29.32323021977081,5.503318267520104,45.35904207205685,5.503318267520104,45.35904207205685,45.35904207205685,0.0,1.0,1.0,161,233,227,0,0.031199646997265518
qdao_73296ffb1575473c_0,qdao,benchmarks/qasm/a.vqa.qnn_29_1.qasm,73296ffb1575473c1a4bb514b6a0310669231fd988cd9cefac9cabd21dabacc8,quantum_ml,False,,/home/audrey/code_and_papers/2026/FAST2027/final/hilbert_thin_provisioning/external/qcs/benchmarks/qasm/a.vqa.qnn_29_1.qasm,0,ccd4ae4749c6778411cb8a65b683599cb1609c816685e5201198d71bade15c72,semantic,29,252,108,29,29,0,0.0,True,False,0.9920634920634921,29,2.0,25,0,1.0,0,False,True,36.977279923499914,31.3225970543959,5.654682869104015,50.37663557249237,5.654682869104015,50.37663557249237,50.37663557249237,0.0,1.0,1.0,174,252,246,0,0.020453761011594906
qdao_73296ffb1575473c_0,qdao,benchmarks/qasm/a.vqa.qnn_29_1.qasm,73296ffb1575473c1a4bb514b6a0310669231fd988cd9cefac9cabd21dabacc8,quantum_ml,False,,/home/audrey/code_and_papers/2026/FAST2027/final/hilbert_thin_provisioning/external/qcs/benchmarks/qasm/a.vqa.qnn_29_1.qasm,0,ccd4ae4749c6778411cb8a65b683599cb1609c816685e5201198d71bade15c72,lowered,29,246,104,29,29,0,0.0,True,False,0.991869918699187,29,2.0,24,0,1.0,1,False,True,36.94251450533924,31.322579429941047,5.6199350753981925,49.17779263740969,5.6199350753981925,49.17779263740969,49.17779263740969,0.0,1.0,1.0,174,252,246,0,0.0286298569990322
qdao_aad48beea6622d6a_0,qdao,benchmarks/qasm/qnn_n31.qasm,aad48beea6622d6a41d43da68539109b9fb8c400e81b9d2c030e6516633c1b46,quantum_ml,False,,/home/audrey/code_and_papers/2026/FAST2027/final/hilbert_thin_provisioning/external/qcs/benchmarks/qasm/qnn_n31.qasm,0,6332c4d0fdbfc09527774276d3991e833707a5e16cd4a14d82919f3e6b4d13e9,semantic,31,271,115,31,31,0,0.0,True,False,0.992619926199262,31,2.0,25,0,1.0,0,False,True,39.08214904135387,33.32226263947522,5.759886401878653,54.187433092946634,5.759886401878653,54.187433092946634,54.187433092946634,0.0,1.0,1.0,187,271,265,0,0.023963799991179258
qdao_aad48beea6622d6a_0,qdao,benchmarks/qasm/qnn_n31.qasm,aad48beea6622d6a41d43da68539109b9fb8c400e81b9d2c030e6516633c1b46,quantum_ml,False,,/home/audrey/code_and_papers/2026/FAST2027/final/hilbert_thin_provisioning/external/qcs/benchmarks/qasm/qnn_n31.qasm,0,6332c4d0fdbfc09527774276d3991e833707a5e16cd4a14d82919f3e6b4d13e9,lowered,31,265,111,31,31,0,0.0,True,False,0.9924528301886792,31,2.0,24,0,1.0,1,False,True,39.04984854945056,33.32225383060505,5.727594718845509,52.988034862712695,5.727594718845509,52.988034862712695,52.988034862712695,0.0,1.0,1.0,187,271,265,0,0.033229242981178686
qdao_82574df9d8664660_0,qdao,benchmarks/qasm/random_5_2_max_operands_2_gen.qasm,82574df9d8664660fe961453235391d0663f6d5c4486ce1e9f82d1bd65020b7b,random,False,,/home/audrey/code_and_papers/2026/FAST2027/final/hilbert_thin_provisioning/external/qcs/benchmarks/qasm/random_5_2_max_operands_2_gen.qasm,0,3386fca230ddddc378bb1514bf717ee3ec43b3fcaef23b827fb645cbde907d7e,semantic,5,10,6,3,3,2,0.4,False,True,,3,3.0,3,2,4.0,0,False,True,8.321928094887362,5.584962500721156,2.7369655941662057,6.666666666666664,2.7369655941662057,6.666666666666664,6.666666666666664,2.415037499278844,5.333333333333334,5.333333333333334,10,10,10,0,0.004615502984961495
qdao_82574df9d8664660_0,qdao,benchmarks/qasm/random_5_2_max_operands_2_gen.qasm,82574df9d8664660fe961453235391d0663f6d5c4486ce1e9f82d1bd65020b7b,random,False,,/home/audrey/code_and_papers/2026/FAST2027/final/hilbert_thin_provisioning/external/qcs/benchmarks/qasm/random_5_2_max_operands_2_gen.qasm,0,3386fca230ddddc378bb1514bf717ee3ec43b3fcaef23b827fb645cbde907d7e,lowered,5,10,6,3,3,2,0.4,False,True,,3,3.0,3,2,4.0,0,False,True,8.321928094887362,5.584962500721156,2.7369655941662057,6.666666666666664,2.7369655941662057,6.666666666666664,6.666666666666664,2.415037499278844,5.333333333333334,5.333333333333334,10,10,10,0,0.005374018975999206
qdao_8d9a3995f86fcdab_0,qdao,benchmarks/qasm/random_12_9_max_operands_2_gen.qasm,8d9a3995f86fcdab5e3714a5a4a5b6d2ba9c61efdfb04beca51f7ed7613b07e3,random,False,,/home/audrey/code_and_papers/2026/FAST2027/final/hilbert_thin_provisioning/external/qcs/benchmarks/qasm/random_12_9_max_operands_2_gen.qasm,0,000fd5aa767310a52a5262732af1750786c57a184b3e6940ead4d9b8843563ce,semantic,12,73,14,11,11,0,0.0,False,True,,11,5.0,17,1,2.0,0,False,True,18.18982455888002,14.731000754366594,3.4588238045134254,10.995366624990815,3.4588238045134254,10.995366624990815,10.995366624990815,2.4247308954826856,5.3692883895131,5.3692883895131,73,73,73,0,0.01001857200753875
qdao_8d9a3995f86fcdab_0,qdao,benchmarks/qasm/random_12_9_max_operands_2_gen.qasm,8d9a3995f86fcdab5e3714a5a4a5b6d2ba9c61efdfb04beca51f7ed7613b07e3,random,False,,/home/audrey/code_and_papers/2026/FAST2027/final/hilbert_thin_provisioning/external/qcs/benchmarks/qasm/random_12_9_max_operands_2_gen.qasm,0,000fd5aa767310a52a5262732af1750786c57a184b3e6940ead4d9b8843563ce,lowered,12,73,14,11,11,0,0.0,False,True,,11,5.0,16,1,2.0,0,False,True,18.18982455888002,15.088208527145936,3.1016160317340837,8.58379743928347,3.1016160317340837,8.58379743928347,8.58379743928347,2.4247308954826856,5.3692883895131,5.3692883895131,73,73,73,0,0.011984343000221997
qdao_0e5cb99cc94b9f28_0,qdao,benchmarks/qasm/random_15_12_max_operands_2_gen.qasm,0e5cb99cc94b9f28156db7ed6c27a63b7d77d76163308846a17297d93f238c67,random,False,,/home/audrey/code_and_papers/2026/FAST2027/final/hilbert_thin_provisioning/external/qcs/benchmarks/qasm/random_15_12_max_operands_2_gen.qasm,0,aea88d7a6cef0f27022684bcc3e184464468880ff9cd0133b351e38a901fe40d,semantic,15,108,24,15,15,0,0.0,True,False,0.8148148148148148,15,4.0,21,0,1.0,0,False,True,21.75488750216347,20.10535610067519,1.6495314014882787,3.137317201174461,1.6495314014882787,3.137317201174461,3.137317201174461,1.0530632738419996,2.0749308736306635,2.0749308736306635,108,108,108,0,0.017077638010960072
qdao_0e5cb99cc94b9f28_0,qdao,benchmarks/qasm/random_15_12_max_operands_2_gen.qasm,0e5cb99cc94b9f28156db7ed6c27a63b7d77d76163308846a17297d93f238c67,random,False,,/home/audrey/code_and_papers/2026/FAST2027/final/hilbert_thin_provisioning/external/qcs/benchmarks/qasm/random_15_12_max_operands_2_gen.qasm,0,aea88d7a6cef0f27022684bcc3e184464468880ff9cd0133b351e38a901fe40d,lowered,15,108,24,15,15,0,0.0,True,False,0.7037037037037037,15,6.0,10,0,1.0,0,False,True,21.75488750216347,20.34545722605045,1.4094302761130209,2.6563224326563986,1.4094302761130209,2.6563224326563986,2.6563224326563986,1.0530632738419996,2.0749308736306635,2.0749308736306635,108,108,108,0,0.020087388023966923
qdao_4447087f773cc0bd_0,qdao,benchmarks/qasm/random_19_16_max_operands_2_gen.qasm,4447087f773cc0bd44f5f1b7213e4666acf42df75325141a6a84cfffdc98b754,random,False,,/home/audrey/code_and_papers/2026/FAST2027/final/hilbert_thin_provisioning/external/qcs/benchmarks/qasm/random_19_16_max_operands_2_gen.qasm,0,fdbfc0e8711740bb629340a501c76aec05246cc8a28ac9eb0c5047ad7355df96,semantic,19,215,29,19,19,0,0.0,True,False,0.772093023255814,19,5.0,69,0,1.0,0,False,True,26.74819284958946,25.212992273283668,1.5352005763057939,2.8982872267879904,1.5352005763057939,2.8982872267879904,2.8982872267879904,0.9304518508892343,1.9058728204058537,1.9058728204058537,215,215,215,0,0.023354355012997985
qdao_4447087f773cc0bd_0,qdao,benchmarks/qasm/random_19_16_max_operands_2_gen.qasm,4447087f773cc0bd44f5f1b7213e4666acf42df75325141a6a84cfffdc98b754,random,False,,/home/audrey/code_and_papers/2026/FAST2027/final/hilbert_thin_provisioning/external/qcs/benchmarks/qasm/random_19_16_max_operands_2_gen.qasm,0,fdbfc0e8711740bb629340a501c76aec05246cc8a28ac9eb0c5047ad7355df96,lowered,19,215,29,19,19,0,0.0,True,False,0.7023255813953488,19,5.0,44,0,1.0,0,False,True,26.74819284958946,25.536846399708153,1.211346449881308,2.3155364218924284,1.211346449881308,2.3155364218924284,2.3155364218924284,0.9304518508892343,1.9058728204058537,1.9058728204058537,215,215,215,0,0.029448835994116962
qdao_df0ba413d7169328_0,qdao,benchmarks/qasm/random_20_17_max_operands_2_gen.qasm,df0ba413d7169328f40b3a45313cc0b9c5609dee24c897a1e4b4a5cb3fd8ee25,random,False,,/home/audrey/code_and_papers/2026/FAST2027/final/hilbert_thin_provisioning/external/qcs/benchmarks/qasm/random_20_17_max_operands_2_gen.qasm,0,585da29971c984937e7c93c44d50c16adcadce372c034f9bcdc7118b96f393dd,semantic,20,241,31,20,20,0,0.0,True,False,0.5020746887966805,20,4.0,21,0,1.0,0,False,True,27.912889336229963,27.03549675022218,0.8773925860077831,1.8370521550119658,0.8773925860077831,1.8370521550119658,1.8370521550119658,0.5172001737207204,1.4311750815754931,1.4311750815754931,241,241,241,0,0.026391933002742007
qdao_df0ba413d7169328_0,qdao,benchmarks/qasm/random_20_17_max_operands_2_gen.qasm,df0ba413d7169328f40b3a45313cc0b9c5609dee24c897a1e4b4a5cb3fd8ee25,random,False,,/home/audrey/code_and_papers/2026/FAST2027/final/hilbert_thin_provisioning/external/qcs/benchmarks/qasm/random_20_17_max_operands_2_gen.qasm,0,585da29971c984937e7c93c44d50c16adcadce372c034f9bcdc7118b96f393dd,lowered,20,241,31,20,20,0,0.0,True,False,0.7427385892116183,20,3.5,73,0,1.0,0,False,True,27.912889336229963,26.682925889413745,1.2299634468162175,2.3456104675970373,1.2299634468162175,2.3456104675970373,2.3456104675970373,0.5172001737207204,1.4311750815754931,1.4311750815754931,241,241,241,0,0.03270195997902192
qdao_f582b0405134801e_0,qdao,benchmarks/qasm/random_24_21_max_operands_2_gen.qasm,f582b0405134801eaef7768f4db3602a965a45e5fb8ac46921feb2b83e774c49,random,False,,/home/audrey/code_and_papers/2026/FAST2027/final/hilbert_thin_provisioning/external/qcs/benchmarks/qasm/random_24_21_max_operands_2_gen.qasm,0,9cc241f76a57f91814cd79f10c341479ffa8c136dcf80038d73a3a620292b2d5,semantic,24,367,45,24,24,0,0.0,True,False,0.47411444141689374,24,3.0,41,0,1.0,0,False,True,32.51963625284321,31.66150751184014,0.8581287410030747,1.8126856269719753,0.8581287410030747,1.8126856269719753,1.8126856269719753,0.7377761531174727,1.66760332418587,1.66760332418587,367,367,367,0,0.0345120069978293
qdao_f582b0405134801e_0,qdao,benchmarks/qasm/random_24_21_max_operands_2_gen.qasm,f582b0405134801eaef7768f4db3602a965a45e5fb8ac46921feb2b83e774c49,random,False,,/home/audrey/code_and_papers/2026/FAST2027/final/hilbert_thin_provisioning/external/qcs/benchmarks/qasm/random_24_21_max_operands_2_gen.qasm,0,9cc241f76a57f91814cd79f10c341479ffa8c136dcf80038d73a3a620292b2d5,lowered,24,367,45,24,24,0,0.0,True,False,0.49318801089918257,24,3.0,42,0,1.0,0,False,True,32.51963625284321,31.631838502440434,0.887797750402779,1.850349439739535,0.887797750402779,1.850349439739535,1.850349439739535,0.7377761531174727,1.66760332418587,1.66760332418587,367,367,367,0,0.04430338300880976
qdao_28eeaba589be4b5a_0,qdao,benchmarks/qasm/random_28_25_max_operands_2_gen.qasm,28eeaba589be4b5ad1bfc026ee2faa741e87353f67c47e79f190b551daa6e3cf,random,False,,/home/audrey/code_and_papers/2026/FAST2027/final/hilbert_thin_provisioning/external/qcs/benchmarks/qasm/random_28_25_max_operands_2_gen.qasm,0,4b11cb62715f94c14889229e0c3f23408e53b0296c8718b3db07940126fe553b,semantic,28,504,50,28,28,0,0.0,True,False,0.7757936507936508,28,6.0,90,0,1.0,0,False,True,36.977279923499914,35.30162199511336,1.6756579283865563,3.1946501053629635,1.6756579283865563,3.1946501053629635,3.1946501053629635,0.8718420285454442,1.8299979451428472,1.8299979451428472,504,504,504,0,0.04917231501895003
qdao_28eeaba589be4b5a_0,qdao,benchmarks/qasm/random_28_25_max_operands_2_gen.qasm,28eeaba589be4b5ad1bfc026ee2faa741e87353f67c47e79f190b551daa6e3cf,random,False,,/home/audrey/code_and_papers/2026/FAST2027/final/hilbert_thin_provisioning/external/qcs/benchmarks/qasm/random_28_25_max_operands_2_gen.qasm,0,4b11cb62715f94c14889229e0c3f23408e53b0296c8718b3db07940126fe553b,lowered,28,504,50,28,28,0,0.0,True,False,0.6567460317460317,28,6.5,69,0,1.0,0,False,True,36.977279923499914,35.754779932186516,1.2224999913133985,2.3335073174140892,1.2224999913133985,2.3335073174140892,2.3335073174140892,0.8718420285454442,1.8299979451428472,1.8299979451428472,504,504,504,0,0.06306916402536444
qdao_4843a3acf8f5e7f7_0,qdao,benchmarks/qasm/random_32_29_max_operands_2_gen.qasm,4843a3acf8f5e7f7765b0c1beb28a324fb8003b2f171d181d9ba0a0508195c45,random,False,,/home/audrey/code_and_papers/2026/FAST2027/final/hilbert_thin_provisioning/external/qcs/benchmarks/qasm/random_32_29_max_operands_2_gen.qasm,0,1af333e04501d4f3ead2ea6500f88d10e27f16e0f52522b0a3d2a9c7ad72ab90,semantic,32,657,64,32,32,0,0.0,True,False,0.6133942161339422,32,7.0,145,0,1.0,0,False,True,41.35974956032233,40.39568734708084,0.9640622132414904,1.9507950452453742,0.9640622132414904,1.9507950452453742,1.9507950452453742,0.5374464820536886,1.4514013147882614,1.4514013147882614,657,657,657,0,0.059502994001377374
qdao_4843a3acf8f5e7f7_0,qdao,benchmarks/qasm/random_32_29_max_operands_2_gen.qasm,4843a3acf8f5e7f7765b0c1beb28a324fb8003b2f171d181d9ba0a0508195c45,random,False,,/home/audrey/code_and_papers/2026/FAST2027/final/hilbert_thin_provisioning/external/qcs/benchmarks/qasm/random_32_29_max_operands_2_gen.qasm,0,1af333e04501d4f3ead2ea6500f88d10e27f16e0f52522b0a3d2a9c7ad72ab90,lowered,32,657,64,32,32,0,0.0,True,False,0.528158295281583,32,6.5,104,0,1.0,0,False,True,41.35974956032233,40.53509453027518,0.8246550300471469,1.7711114883328583,0.8246550300471469,1.7711114883328583,1.7711114883328583,0.5374464820536886,1.4514013147882614,1.4514013147882614,657,657,657,0,0.07685630398918875
qdao_b55d2dd9bf5b66fa_0,qdao,benchmarks/qasm/graph_state-28-fusion.qasm,b55d2dd9bf5b66faad432be247cc841f68e4f5dd2dc6c561596b2363db6498ad,state_preparation,False,,/home/audrey/code_and_papers/2026/FAST2027/final/hilbert_thin_provisioning/external/qcs/benchmarks/qasm/graph_state-28-fusion.qasm,0,916e55eb3bd11fc834c87716a305ae9956e83616d7246329cfef4b0571b9fb82,semantic,28,55,8,28,28,0,0.0,True,False,0.509090909090909,28,1.0,1,0,1.0,0,False,True,33.78135971352466,32.857980994756915,0.9233787187677436,1.8965517246251917,0.9233787187677436,1.8965517246251917,1.8965517246251917,3.552713678800501e-15,1.0000000000000024,1.0000000000000024,55,55,55,0,0.004457265022210777
qdao_b55d2dd9bf5b66fa_0,qdao,benchmarks/qasm/graph_state-28-fusion.qasm,b55d2dd9bf5b66faad432be247cc841f68e4f5dd2dc6c561596b2363db6498ad,state_preparation,False,,/home/audrey/code_and_papers/2026/FAST2027/final/hilbert_thin_provisioning/external/qcs/benchmarks/qasm/graph_state-28-fusion.qasm,0,916e55eb3bd11fc834c87716a305ae9956e83616d7246329cfef4b0571b9fb82,lowered,28,55,8,28,28,0,0.0,True,False,0.9636363636363636,28,2.0,5,0,1.0,0,False,True,33.78135971352466,30.556518346011785,3.224841367512873,9.349189935609855,3.224841367512873,9.349189935609855,9.349189935609855,3.552713678800501e-15,1.0000000000000024,1.0000000000000024,55,55,55,0,0.007343288016272709
qdao_8001255ee7284350_0,qdao,benchmarks/qasm/graph_state-29.qasm,8001255ee7284350099fbc6765fdc31dee3f4eecf0f5b75556ae64f44d193d6c,state_preparation,False,,/home/audrey/code_and_papers/2026/FAST2027/final/hilbert_thin_provisioning/external/qcs/benchmarks/qasm/graph_state-29.qasm,0,cdac861c075a03e5c4f6f6e484b1f1bbc2aa3eb7cdd0cde11909b64099366d30,semantic,29,57,8,29,29,0,0.0,True,False,0.5087719298245614,29,1.0,1,0,1.0,0,False,True,34.83289001416474,33.906890595429374,0.9259994187353655,1.9000000002359267,0.9259994187353655,1.9000000002359267,1.9000000002359267,0.0,1.0,1.0,57,57,57,0,0.0048518539988435805
qdao_8001255ee7284350_0,qdao,benchmarks/qasm/graph_state-29.qasm,8001255ee7284350099fbc6765fdc31dee3f4eecf0f5b75556ae64f44d193d6c,state_preparation,False,,/home/audrey/code_and_papers/2026/FAST2027/final/hilbert_thin_provisioning/external/qcs/benchmarks/qasm/graph_state-29.qasm,0,cdac861c075a03e5c4f6f6e484b1f1bbc2aa3eb7cdd0cde11909b64099366d30,lowered,29,57,8,29,29,0,0.0,True,False,0.9122807017543859,29,2.0,5,0,1.0,0,False,True,34.83289001416474,31.99956191181894,2.8333281023457992,7.127163903089531,2.8333281023457992,7.127163903089531,7.127163903089531,0.0,1.0,1.0,57,57,57,0,0.007919309980934486
qdao_02308f38e354ada8_0,qdao,benchmarks/qasm/graph_state-30-fusion.qasm,02308f38e354ada8bafe92ee4e90eb4e5844ceefafb6d4784d5436f8a6507bd4,state_preparation,False,,/home/audrey/code_and_papers/2026/FAST2027/final/hilbert_thin_provisioning/external/qcs/benchmarks/qasm/graph_state-30-fusion.qasm,0,3a536f49c31a3663dfc6db8403e63c0d0d36207aa68d7c4f40e43c28eb10fdb6,semantic,30,59,8,30,30,0,0.0,True,False,0.5084745762711864,30,1.0,1,0,1.0,0,False,True,35.88264304936184,34.95419631030019,0.9284467390616484,1.9032258065659657,0.9284467390616484,1.9032258065659657,1.9032258065659657,0.0,1.0,1.0,59,59,59,0,0.004733801994007081
qdao_02308f38e354ada8_0,qdao,benchmarks/qasm/graph_state-30-fusion.qasm,02308f38e354ada8bafe92ee4e90eb4e5844ceefafb6d4784d5436f8a6507bd4,state_preparation,False,,/home/audrey/code_and_papers/2026/FAST2027/final/hilbert_thin_provisioning/external/qcs/benchmarks/qasm/graph_state-30-fusion.qasm,0,3a536f49c31a3663dfc6db8403e63c0d0d36207aa68d7c4f40e43c28eb10fdb6,lowered,30,59,8,30,30,0,0.0,True,False,0.9661016949152542,30,1.5,5,0,1.0,0,False,True,35.88264304936184,32.46362015760712,3.4190228917547216,10.696173681882131,3.4190228917547216,10.696173681882131,10.696173681882131,0.0,1.0,1.0,59,59,59,0,0.008375628996873274
qdao_7bc65596232c0019_0,qdao,benchmarks/qasm/graph_state-32.qasm,7bc65596232c0019a52e3c33bc985d7b3fac5ee9f87547dd429003d5cc96cabb,state_preparation,False,,/home/audrey/code_and_papers/2026/FAST2027/final/hilbert_thin_provisioning/external/qcs/benchmarks/qasm/graph_state-32.qasm,0,83711dd32bdc7e2ada37774b58cf6d55b2d66949c4b685df21c0e1d0c25643ff,semantic,32,64,9,32,32,0,0.0,True,False,0.5,32,1.0,1,0,1.0,0,False,True,38.0,37.08746284123058,0.9125371587694175,1.8823529412022484,0.9125371587694175,1.8823529412022484,1.8823529412022484,0.0,1.0,1.0,64,64,64,0,0.0042714620067272335
qdao_7bc65596232c0019_0,qdao,benchmarks/qasm/graph_state-32.qasm,7bc65596232c0019a52e3c33bc985d7b3fac5ee9f87547dd429003d5cc96cabb,state_preparation,False,,/home/audrey/code_and_papers/2026/FAST2027/final/hilbert_thin_provisioning/external/qcs/benchmarks/qasm/graph_state-32.qasm,0,83711dd32bdc7e2ada37774b58cf6d55b2d66949c4b685df21c0e1d0c25643ff,lowered,32,64,9,32,32,0,0.0,True,False,0.96875,32,2.0,4,0,1.0,0,False,True,38.0,34.63599295496461,3.364007045035393,10.295964256017998,3.364007045035393,10.295964256017998,10.295964256017998,0.0,1.0,1.0,64,64,64,0,0.0074744260055013
qdao_575d11549404487f_0,qdao,benchmarks/qasm/rqc.4.qasm,575d11549404487f07581f6dcba674fa42216cf1755411bfd5e00e888f6806be,unknown,False,,/home/audrey/code_and_papers/2026/FAST2027/final/hilbert_thin_provisioning/external/qcs/benchmarks/qasm/rqc.4.qasm,0,a02c7de0f3b3313f55499cc788a16913628570cba3fdfb91731eecd3f552a9b2,semantic,4,23,10,4,4,0,0.0,True,False,0.5652173913043478,3,2.0,10,0,1.0,0,False,True,8.523561956057012,7.592457037268081,0.9311049187889315,1.9067357512953356,0.9311049187889315,1.9067357512953356,1.9067357512953356,0.8624964762500653,1.8181818181818186,1.8181818181818186,27,23,23,4,0.0059237219975329936
qdao_575d11549404487f_0,qdao,benchmarks/qasm/rqc.4.qasm,575d11549404487f07581f6dcba674fa42216cf1755411bfd5e00e888f6806be,unknown,False,,/home/audrey/code_and_papers/2026/FAST2027/final/hilbert_thin_provisioning/external/qcs/benchmarks/qasm/rqc.4.qasm,0,a02c7de0f3b3313f55499cc788a16913628570cba3fdfb91731eecd3f552a9b2,lowered,4,23,10,4,4,0,0.0,True,False,0.6521739130434783,3,5.0,9,0,1.0,0,False,True,8.523561956057012,7.375039431346925,1.1485225247100868,2.216867469879516,1.1485225247100868,2.216867469879516,2.216867469879516,0.8624964762500653,1.8181818181818186,1.8181818181818186,27,23,23,4,0.006811811006627977
qdao_676f0ac76ce96ae9_0,qdao,benchmarks/qasm/rqc_n5_d100.qasm,676f0ac76ce96ae9d08710388fc63e9578a15c9e6850a6c1cc495aa3bacd25af,unknown,False,,/home/audrey/code_and_papers/2026/FAST2027/final/hilbert_thin_provisioning/external/qcs/benchmarks/qasm/rqc_n5_d100.qasm,0,bfdecb667b362d972bf6d32a1a120949dc31ded8a4b80f664e5d14cd4b39e952,semantic,5,336,150,5,5,0,0.0,True,False,0.08035714285714286,5,6.0,7,0,1.0,0,False,True,13.39231742277876,13.302353326431204,0.08996409634755587,1.0643436943179554,0.08996409634755587,1.0643436943179554,1.0643436943179554,0.0689473537174905,1.0489510489510483,1.0489510489510483,336,336,336,0,0.03346320500713773
qdao_676f0ac76ce96ae9_0,qdao,benchmarks/qasm/rqc_n5_d100.qasm,676f0ac76ce96ae9d08710388fc63e9578a15c9e6850a6c1cc495aa3bacd25af,unknown,False,,/home/audrey/code_and_papers/2026/FAST2027/final/hilbert_thin_provisioning/external/qcs/benchmarks/qasm/rqc_n5_d100.qasm,0,bfdecb667b362d972bf6d32a1a120949dc31ded8a4b80f664e5d14cd4b39e952,lowered,5,336,150,5,5,0,0.0,True,False,0.08035714285714286,5,6.0,7,0,1.0,0,False,True,13.39231742277876,13.302353326431204,0.08996409634755587,1.0643436943179554,0.08996409634755587,1.0643436943179554,1.0643436943179554,0.0689473537174905,1.0489510489510483,1.0489510489510483,336,336,336,0,0.04058953499770723
qdao_14c008c4fa7c220d_0,qdao,benchmarks/qasm/b.gs_28.qasm,14c008c4fa7c220d5e8bb9d419371c5b9cc6d1ac957aa3bf651a82583f1c42b1,unknown,False,,/home/audrey/code_and_papers/2026/FAST2027/final/hilbert_thin_provisioning/external/qcs/benchmarks/qasm/b.gs_28.qasm,0,15038c35e76635e14c170fbce3f92473957d007b599718f65f849c8cdf7b34a5,semantic,28,55,9,28,28,0,0.0,True,False,0.509090909090909,28,1.0,1,0,1.0,0,False,True,33.78135971352466,32.857980994756915,0.9233787187677436,1.8965517246251917,0.9233787187677436,1.8965517246251917,1.8965517246251917,3.552713678800501e-15,1.0000000000000024,1.0000000000000024,55,55,55,0,0.007031885994365439
qdao_14c008c4fa7c220d_0,qdao,benchmarks/qasm/b.gs_28.qasm,14c008c4fa7c220d5e8bb9d419371c5b9cc6d1ac957aa3bf651a82583f1c42b1,unknown,False,,/home/audrey/code_and_papers/2026/FAST2027/final/hilbert_thin_provisioning/external/qcs/benchmarks/qasm/b.gs_28.qasm,0,15038c35e76635e14c170fbce3f92473957d007b599718f65f849c8cdf7b34a5,lowered,28,55,9,28,28,0,0.0,True,False,0.9818181818181818,28,2.0,4,0,1.0,0,False,True,33.78135971352466,30.05901828424386,3.7223414292807995,13.19886006020073,3.7223414292807995,13.19886006020073,13.19886006020073,3.552713678800501e-15,1.0000000000000024,1.0000000000000024,55,55,55,0,0.010087350994581357
qdao_822e275e5ae2169f_0,qdao,benchmarks/qasm/head_1000_circuit_n28_m14_s3_e6_pEFGH.qasm,822e275e5ae2169f81555b45bad26ee1ceefda6d524101ed3fa80d025701a66b,unknown,False,,/home/audrey/code_and_papers/2026/FAST2027/final/hilbert_thin_provisioning/external/qcs/benchmarks/qasm/head_1000_circuit_n28_m14_s3_e6_pEFGH.qasm,0,bfd4b9a6e92fc78946a59402b1ee2017095193b6a754e296ae8ad211ae4f8581,semantic,28,944,89,28,28,0,0.0,True,False,0.029661016949152543,28,1.0,1,0,1.0,0,False,True,37.88264304936184,37.842350343402096,0.0402927059597431,1.0283224400954925,0.0402927059597431,1.0283224400954925,1.0283224400954925,7.105427357601002e-15,1.0000000000000049,1.0000000000000049,944,944,944,0,0.08484309198684059
qdao_822e275e5ae2169f_0,qdao,benchmarks/qasm/head_1000_circuit_n28_m14_s3_e6_pEFGH.qasm,822e275e5ae2169f81555b45bad26ee1ceefda6d524101ed3fa80d025701a66b,unknown,False,,/home/audrey/code_and_papers/2026/FAST2027/final/hilbert_thin_provisioning/external/qcs/benchmarks/qasm/head_1000_circuit_n28_m14_s3_e6_pEFGH.qasm,0,bfd4b9a6e92fc78946a59402b1ee2017095193b6a754e296ae8ad211ae4f8581,lowered,28,944,89,28,28,0,0.0,True,False,0.9555084745762712,28,5.0,161,0,1.0,0,False,True,37.88264304936184,34.13406006927157,3.7485829800902692,13.441134231307595,3.7485829800902692,13.441134231307595,13.441134231307595,7.105427357601002e-15,1.0000000000000049,1.0000000000000049,944,944,944,0,0.10420587699627504
qdao_1d096d227f7a0f3b_0,qdao,benchmarks/qasm/head_1000_circuit_n28_m14_s7_e0_pEFGH.qasm,1d096d227f7a0f3b5de2c57ed488d47f4003a425bbdc3986e4d2f6492120a019,unknown,False,,/home/audrey/code_and_papers/2026/FAST2027/final/hilbert_thin_provisioning/external/qcs/benchmarks/qasm/head_1000_circuit_n28_m14_s7_e0_pEFGH.qasm,0,05cb1296b140a7cf7274034381ba67a1bb1630704d50c29faa776a4a257616f8,semantic,28,946,62,28,28,0,0.0,True,False,0.02959830866807611,28,1.0,1,0,1.0,0,False,True,37.88569637333939,37.84549005093269,0.04020632240670352,1.0282608695735447,0.04020632240670352,1.0282608695735447,1.0282608695735447,0.0,1.0,1.0,946,946,946,0,0.08570666098967195
qdao_1d096d227f7a0f3b_0,qdao,benchmarks/qasm/head_1000_circuit_n28_m14_s7_e0_pEFGH.qasm,1d096d227f7a0f3b5de2c57ed488d47f4003a425bbdc3986e4d2f6492120a019,unknown,False,,/home/audrey/code_and_papers/2026/FAST2027/final/hilbert_thin_provisioning/external/qcs/benchmarks/qasm/head_1000_circuit_n28_m14_s7_e0_pEFGH.qasm,0,05cb1296b140a7cf7274034381ba67a1bb1630704d50c29faa776a4a257616f8,lowered,28,946,62,28,28,0,0.0,True,False,0.9556025369978859,28,5.0,84,0,1.0,0,False,True,37.88569637333939,34.14698774804464,3.7387086252947554,13.349452096698215,3.7387086252947554,13.349452096698215,13.349452096698215,0.0,1.0,1.0,946,946,946,0,0.10630534999654628
qdao_b43bda71670e1602_0,qdao,benchmarks/qasm/head_1000_circuit_n30_m14_s7_e6_pEFGH.qasm,b43bda71670e16028a4a671721541eb125be892cff1813eb3af5bed0a41926c1,unknown,False,,/home/audrey/code_and_papers/2026/FAST2027/final/hilbert_thin_provisioning/external/qcs/benchmarks/qasm/head_1000_circuit_n30_m14_s7_e6_pEFGH.qasm,0,a72ed707eaf6c065fb3dee0991b5bcbcbfa262edd82c06636c3163bb95c04089,semantic,30,946,62,30,30,0,0.0,True,False,0.03171247357293869,30,1.0,1,0,1.0,0,False,True,39.88569637333939,39.842350343410885,0.043346029928507335,1.0305010893267046,0.043346029928507335,1.0305010893267046,1.0305010893267046,0.0,1.0,1.0,946,946,946,0,0.08264017800684087
qdao_b43bda71670e1602_0,qdao,benchmarks/qasm/head_1000_circuit_n30_m14_s7_e6_pEFGH.qasm,b43bda71670e16028a4a671721541eb125be892cff1813eb3af5bed0a41926c1,unknown,False,,/home/audrey/code_and_papers/2026/FAST2027/final/hilbert_thin_provisioning/external/qcs/benchmarks/qasm/head_1000_circuit_n30_m14_s7_e6_pEFGH.qasm,0,a72ed707eaf6c065fb3dee0991b5bcbcbfa262edd82c06636c3163bb95c04089,lowered,30,946,62,30,30,0,0.0,True,False,0.9556025369978859,30,4.5,83,0,1.0,0,False,True,39.88569637333939,36.30189916453983,3.5837972087995595,11.990311287684534,3.5837972087995595,11.990311287684534,11.990311287684534,0.0,1.0,1.0,946,946,946,0,0.10386606300016865
qdao_8bb3ef63c6970a72_0,qdao,benchmarks/qasm/vqc_n28.qasm,8bb3ef63c6970a7241f1378f443354e813d8ca4585e4c31edeb47664579574cc,unknown,False,,/home/audrey/code_and_papers/2026/FAST2027/final/hilbert_thin_provisioning/external/qcs/benchmarks/qasm/vqc_n28.qasm,0,c2c9e9098a017292b1aca2ce2f0a81d44bf702d2a55678b0aeb9366d34bf7f2c,semantic,28,1873,203,28,28,0,0.0,True,False,0.014949279231179925,28,1.0,1,0,1.0,0,False,True,38.871135184243045,38.85096815097662,0.020167033266424994,1.0140768814334342,0.020167033266424994,1.0140768814334342,1.0140768814334342,0.0,1.0,1.0,1902,1873,1873,29,0.04788582801120356
qdao_8bb3ef63c6970a72_0,qdao,benchmarks/qasm/vqc_n28.qasm,8bb3ef63c6970a7241f1378f443354e813d8ca4585e4c31edeb47664579574cc,unknown,False,,/home/audrey/code_and_papers/2026/FAST2027/final/hilbert_thin_provisioning/external/qcs/benchmarks/qasm/vqc_n28.qasm,0,c2c9e9098a017292b1aca2ce2f0a81d44bf702d2a55678b0aeb9366d34bf7f2c,lowered,28,1873,203,28,28,0,0.0,True,False,0.27229044313934864,28,18.5,32,0,1.0,0,False,True,38.871135184243045,38.44604940665491,0.42508577758813715,1.3426523298064712,0.42508577758813715,1.3426523298064712,1.3426523298064712,0.0,1.0,1.0,1902,1873,1873,29,0.08819459201185964
qdao_6f0a33e9cac0d6f1_0,qdao,benchmarks/qasm/circuit_n28_m14_s7_e6_pEFGH.qasm,6f0a33e9cac0d6f17fc95a3ad4d12494928e4862a4558091c068c730958c4643,unknown,False,,/home/audrey/code_and_papers/2026/FAST2027/final/hilbert_thin_provisioning/external/qcs/benchmarks/qasm/circuit_n28_m14_s7_e6_pEFGH.qasm,0,167c974d38fa314e1e96d5be111c7db43b7cd99ba680473fecdf049b98cb5a48,semantic,28,6180,417,28,28,0,0.0,True,False,0.004530744336569579,28,1.0,1,0,1.0,0,False,True,40.593391122791736,40.5873087283318,0.0060823944599377455,1.0042248943788556,0.0060823944599377455,1.0042248943788556,1.0042248943788556,0.0,1.0,1.0,6180,6180,6180,0,0.5628076379944105
qdao_6f0a33e9cac0d6f1_0,qdao,benchmarks/qasm/circuit_n28_m14_s7_e6_pEFGH.qasm,6f0a33e9cac0d6f17fc95a3ad4d12494928e4862a4558091c068c730958c4643,unknown,False,,/home/audrey/code_and_papers/2026/FAST2027/final/hilbert_thin_provisioning/external/qcs/benchmarks/qasm/circuit_n28_m14_s7_e6_pEFGH.qasm,0,167c974d38fa314e1e96d5be111c7db43b7cd99ba680473fecdf049b98cb5a48,lowered,28,6180,417,28,28,0,0.0,True,False,0.4064724919093851,28,6.0,689,0,1.0,0,False,True,40.593391122791736,39.86278471648624,0.7306064063054976,1.65933641198427,0.7306064063054976,1.65933641198427,1.65933641198427,0.0,1.0,1.0,6180,6180,6180,0,0.6988405489828438
qdao_f4051593af7e5334_0,qdao,benchmarks/qasm/circuit_n28_m14_s3_e6_pEFGH.qasm,f4051593af7e5334bde63ef89b1456208a01735f70eb4665b70ac3923f1d0521,unknown,False,,/home/audrey/code_and_papers/2026/FAST2027/final/hilbert_thin_provisioning/external/qcs/benchmarks/qasm/circuit_n28_m14_s3_e6_pEFGH.qasm,0,df87bd2c0dae161abce2968f3f9563b572edb04b615044c24b0d6d9ae1208fea,semantic,28,6180,417,28,28,0,0.0,True,False,0.004530744336569579,28,1.0,1,0,1.0,0,False,True,40.593391122791736,40.5873087283318,0.0060823944599377455,1.0042248943788556,0.0060823944599377455,1.0042248943788556,1.0042248943788556,0.0,1.0,1.0,6180,6180,6180,0,0.6003456919861492
qdao_f4051593af7e5334_0,qdao,benchmarks/qasm/circuit_n28_m14_s3_e6_pEFGH.qasm,f4051593af7e5334bde63ef89b1456208a01735f70eb4665b70ac3923f1d0521,unknown,False,,/home/audrey/code_and_papers/2026/FAST2027/final/hilbert_thin_provisioning/external/qcs/benchmarks/qasm/circuit_n28_m14_s3_e6_pEFGH.qasm,0,df87bd2c0dae161abce2968f3f9563b572edb04b615044c24b0d6d9ae1208fea,lowered,28,6180,417,28,28,0,0.0,True,False,0.4064724919093851,28,6.0,689,0,1.0,0,False,True,40.593391122791736,39.86278471648624,0.7306064063054976,1.65933641198427,0.7306064063054976,1.65933641198427,1.65933641198427,0.0,1.0,1.0,6180,6180,6180,0,0.7235028259747196
qdao_a4e58f31f6a7ebf7_0,qdao,benchmarks/qasm/circuit_n30_m14_s7_e6_pEFGH.qasm,a4e58f31f6a7ebf74c9983701da5b2df228a187f93469f7cb05fb867400a1bda,unknown,False,,/home/audrey/code_and_papers/2026/FAST2027/final/hilbert_thin_provisioning/external/qcs/benchmarks/qasm/circuit_n30_m14_s7_e6_pEFGH.qasm,0,f53083224b5d6420001c547b707e1f6b6d0c141de31ed1645c0cefe2889566de,semantic,30,6770,417,30,30,0,0.0,True,False,0.004431314623338257,30,1.0,1,0,1.0,0,False,True,42.72494011846236,42.718960911983814,0.005979206478542665,1.0041530703058215,0.005979206478542665,1.0041530703058215,1.0041530703058215,0.0,1.0,1.0,6770,6770,6770,0,0.653583011997398
qdao_a4e58f31f6a7ebf7_0,qdao,benchmarks/qasm/circuit_n30_m14_s7_e6_pEFGH.qasm,a4e58f31f6a7ebf74c9983701da5b2df228a187f93469f7cb05fb867400a1bda,unknown,False,,/home/audrey/code_and_papers/2026/FAST2027/final/hilbert_thin_provisioning/external/qcs/benchmarks/qasm/circuit_n30_m14_s7_e6_pEFGH.qasm,0,f53083224b5d6420001c547b707e1f6b6d0c141de31ed1645c0cefe2889566de,lowered,30,6770,417,30,30,0,0.0,True,False,0.4158050221565731,30,6.0,773,0,1.0,0,False,True,42.72494011846236,41.9832619230204,0.7416781954419562,1.6721197786636794,0.7416781954419562,1.6721197786636794,1.6721197786636794,0.0,1.0,1.0,6770,6770,6770,0,0.7997223639977165
qdao_c9d98aa765b45c19_0,qdao,benchmarks/qasm/a.vqa.vqe_27.qasm,c9d98aa765b45c193b54b6be569b8a7677952e320a7193d9322617905343d20e,vqe,False,,/home/audrey/code_and_papers/2026/FAST2027/final/hilbert_thin_provisioning/external/qcs/benchmarks/qasm/a.vqa.vqe_27.qasm,0,4da733800d6c7171eb8765ed4d70fa578b57f4d1bf2c21961859f1ca8e57f372,semantic,27,618,50,27,27,0,0.0,True,False,0.9110032362459547,27,23.0,23,0,1.0,0,False,True,36.271463027904375,33.30378072395803,2.967682303946347,7.822784941450675,2.967682303946347,7.822784941450675,7.822784941450675,0.0,1.0,1.0,618,618,618,0,0.018098941014613956
qdao_c9d98aa765b45c19_0,qdao,benchmarks/qasm/a.vqa.vqe_27.qasm,c9d98aa765b45c193b54b6be569b8a7677952e320a7193d9322617905343d20e,vqe,False,,/home/audrey/code_and_papers/2026/FAST2027/final/hilbert_thin_provisioning/external/qcs/benchmarks/qasm/a.vqa.vqe_27.qasm,0,4da733800d6c7171eb8765ed4d70fa578b57f4d1bf2c21961859f1ca8e57f372,lowered,27,618,50,27,27,0,0.0,True,False,0.9110032362459547,27,23.0,23,0,1.0,0,False,True,36.271463027904375,33.30378072395803,2.967682303946347,7.822784941450675,2.967682303946347,7.822784941450675,7.822784941450675,0.0,1.0,1.0,618,618,618,0,0.035420137020992115
qdao_0deb77367bb9d202_0,qdao,benchmarks/qasm/vqe_n28_with_measure.qasm,0deb77367bb9d202bf565151a223ce869283b4af59cda4f95c5ef00f64ffed84,vqe,False,,/home/audrey/code_and_papers/2026/FAST2027/final/hilbert_thin_provisioning/external/qcs/benchmarks/qasm/vqe_n28_with_measure.qasm,0,ca3fa42172901a7f3e0bc0bc474b8df9d4032a8c6d34229c7ffeb4e8308ab8e0,semantic,28,641,51,28,28,0,0.0,True,False,0.9141965678627145,28,23.0,23,0,1.0,0,False,True,37.32418054661874,34.303780736067566,3.020399810551176,8.11392411873869,3.020399810551176,8.11392411873869,8.11392411873869,0.0,1.0,1.0,669,641,641,28,0.01782668801024556
qdao_0deb77367bb9d202_0,qdao,benchmarks/qasm/vqe_n28_with_measure.qasm,0deb77367bb9d202bf565151a223ce869283b4af59cda4f95c5ef00f64ffed84,vqe,False,,/home/audrey/code_and_papers/2026/FAST2027/final/hilbert_thin_provisioning/external/qcs/benchmarks/qasm/vqe_n28_with_measure.qasm,0,ca3fa42172901a7f3e0bc0bc474b8df9d4032a8c6d34229c7ffeb4e8308ab8e0,lowered,28,641,51,28,28,0,0.0,True,False,0.9141965678627145,28,23.0,23,0,1.0,0,False,True,37.32418054661874,34.303780736067566,3.020399810551176,8.11392411873869,3.020399810551176,8.11392411873869,8.11392411873869,0.0,1.0,1.0,669,641,641,28,0.036578266008291394
qdao_fa0375829ee1a66b_0,qdao,benchmarks/qasm/vqe_n30_with_measure.qasm,fa0375829ee1a66bc36d84132d08c37ff748d164fe0f903019f1d25408af32e7,vqe,False,,/home/audrey/code_and_papers/2026/FAST2027/final/hilbert_thin_provisioning/external/qcs/benchmarks/qasm/vqe_n30_with_measure.qasm,0,3fb01846ced57bc84b28e9c523a5faca5cb82b028a0291de6b0ec40b88b69051,semantic,30,687,53,30,30,0,0.0,True,False,0.9199417758369723,30,23.0,23,0,1.0,0,False,True,39.4241662888181,36.30378074514972,3.1203855436683767,8.69620254989385,3.1203855436683767,8.69620254989385,8.69620254989385,0.0,1.0,1.0,717,687,687,30,0.019679691002238542
qdao_fa0375829ee1a66b_0,qdao,benchmarks/qasm/vqe_n30_with_measure.qasm,fa0375829ee1a66bc36d84132d08c37ff748d164fe0f903019f1d25408af32e7,vqe,False,,/home/audrey/code_and_papers/2026/FAST2027/final/hilbert_thin_provisioning/external/qcs/benchmarks/qasm/vqe_n30_with_measure.qasm,0,3fb01846ced57bc84b28e9c523a5faca5cb82b028a0291de6b0ec40b88b69051,lowered,30,687,53,30,30,0,0.0,True,False,0.9199417758369723,30,23.0,23,0,1.0,0,False,True,39.4241662888181,36.30378074514972,3.1203855436683767,8.69620254989385,3.1203855436683767,8.69620254989385,8.69620254989385,0.0,1.0,1.0,717,687,687,30,0.03847665200009942
qdao_be520119198510ea_0,qdao,benchmarks/qasm/vqe_n32_with_measure.qasm,be520119198510ea04760984740f0bd64d433fc9f96f657c4e0a831898bfa856,vqe,False,,/home/audrey/code_and_papers/2026/FAST2027/final/hilbert_thin_provisioning/external/qcs/benchmarks/qasm/vqe_n32_with_measure.qasm,0,3803957f4a5137b6075c463496a059c2bf7fa7179f3da71376a504e63d7daa47,semantic,32,733,55,32,32,0,0.0,True,False,0.9249658935879945,32,23.0,23,0,1.0,0,False,True,41.51766938813381,38.303780747420255,3.213888640713556,9.278481017525777,3.213888640713556,9.278481017525777,9.278481017525777,0.0,1.0,1.0,765,733,733,32,0.02044159098295495
qdao_be520119198510ea_0,qdao,benchmarks/qasm/vqe_n32_with_measure.qasm,be520119198510ea04760984740f0bd64d433fc9f96f657c4e0a831898bfa856,vqe,False,,/home/audrey/code_and_papers/2026/FAST2027/final/hilbert_thin_provisioning/external/qcs/benchmarks/qasm/vqe_n32_with_measure.qasm,0,3803957f4a5137b6075c463496a059c2bf7fa7179f3da71376a504e63d7daa47,lowered,32,733,55,32,32,0,0.0,True,False,0.9249658935879945,32,23.0,23,0,1.0,0,False,True,41.51766938813381,38.303780747420255,3.213888640713556,9.278481017525777,3.213888640713556,9.278481017525777,9.278481017525777,0.0,1.0,1.0,765,733,733,32,0.039839543984271586
veriq_44fa76f0e4837dda_0,veriq,combinational/adder/adder_n4.qasm,44fa76f0e4837dda1cd0000184cb88f08d748d4bf4e39d53053bffc4de3841b0,arithmetic,False,,/home/audrey/code_and_papers/2026/FAST2027/final/hilbert_thin_provisioning/external/veriq-benchmark/combinational/adder/adder_n4.qasm,0,74c4fa98d2c7a55ce1a9210959e173f15d53f45089999757372928e8711c2b15,semantic,4,4,4,0,0,4,1.0,False,True,,0,0,0,4,16.0,0,False,True,6.0,2.0,4.0,16.0,4.0,16.0,16.0,4.0,16.0,16.0,4,4,4,0,0.003054425003938377
veriq_44fa76f0e4837dda_0,veriq,combinational/adder/adder_n4.qasm,44fa76f0e4837dda1cd0000184cb88f08d748d4bf4e39d53053bffc4de3841b0,arithmetic,False,,/home/audrey/code_and_papers/2026/FAST2027/final/hilbert_thin_provisioning/external/veriq-benchmark/combinational/adder/adder_n4.qasm,0,74c4fa98d2c7a55ce1a9210959e173f15d53f45089999757372928e8711c2b15,lowered,4,4,4,0,0,4,1.0,False,True,,0,0,0,4,16.0,0,False,True,6.0,2.0,4.0,16.0,4.0,16.0,16.0,4.0,16.0,16.0,4,4,4,0,0.0036595090059563518
veriq_e78d9b6fe9cbf8b9_0,veriq,combinational/adder/adder_n10.qasm,e78d9b6fe9cbf8b9e9fab6462a03876ba7646a45ac007903f94f3539e4ff61ef,arithmetic,False,,/home/audrey/code_and_papers/2026/FAST2027/final/hilbert_thin_provisioning/external/veriq-benchmark/combinational/adder/adder_n10.qasm,0,8822b2d81f54c116a661dac2d9926966f782eecac10a2793c63181559f8cfdfb,semantic,10,12,6,0,0,10,1.0,False,True,,0,0,0,10,1024.0,0,False,True,13.584962500721156,3.5849625007211565,10.0,1024.0,10.0,1024.0,1024.0,10.0,1024.0,1024.0,12,12,12,0,0.0035449989954940975
veriq_e78d9b6fe9cbf8b9_0,veriq,combinational/adder/adder_n10.qasm,e78d9b6fe9cbf8b9e9fab6462a03876ba7646a45ac007903f94f3539e4ff61ef,arithmetic,False,,/home/audrey/code_and_papers/2026/FAST2027/final/hilbert_thin_provisioning/external/veriq-benchmark/combinational/adder/adder_n10.qasm,0,8822b2d81f54c116a661dac2d9926966f782eecac10a2793c63181559f8cfdfb,lowered,10,12,6,0,0,10,1.0,False,True,,0,0,0,10,1024.0,0,False,True,13.584962500721156,3.5849625007211565,10.0,1024.0,10.0,1024.0,1024.0,10.0,1024.0,1024.0,12,12,12,0,0.004331015981733799
veriq_85da24b927ead997_0,veriq,combinational/adder/adder_n13.qasm,85da24b927ead9976d19a66ad1f5c1c3e96665f3c6f03e59a8e3329c3ce1e687,arithmetic,False,,/home/audrey/code_and_papers/2026/FAST2027/final/hilbert_thin_provisioning/external/veriq-benchmark/combinational/adder/adder_n13.qasm,0,fafc6847fc223270374bbfe428db67fbe9f73104f1ffa7ea28864be0e330cfa9,semantic,13,16,7,0,0,13,1.0,False,True,,0,0,0,13,8192.0,0,False,True,17.0,4.0,13.0,8192.0,13.0,8192.0,8192.0,13.0,8192.0,8192.0,16,16,16,0,0.0032757729932200164
veriq_85da24b927ead997_0,veriq,combinational/adder/adder_n13.qasm,85da24b927ead9976d19a66ad1f5c1c3e96665f3c6f03e59a8e3329c3ce1e687,arithmetic,False,,/home/audrey/code_and_papers/2026/FAST2027/final/hilbert_thin_provisioning/external/veriq-benchmark/combinational/adder/adder_n13.qasm,0,fafc6847fc223270374bbfe428db67fbe9f73104f1ffa7ea28864be0e330cfa9,lowered,13,16,7,0,0,13,1.0,False,True,,0,0,0,13,8192.0,0,False,True,17.0,4.0,13.0,8192.0,13.0,8192.0,8192.0,13.0,8192.0,8192.0,16,16,16,0,0.004125541978282854
veriq_22d95e30a2d7554c_0,veriq,combinational/adder/adder_n19.qasm,22d95e30a2d7554c99e4d0acab1137e24b0bcfdb3825acedd13237df507b9396,arithmetic,False,,/home/audrey/code_and_papers/2026/FAST2027/final/hilbert_thin_provisioning/external/veriq-benchmark/combinational/adder/adder_n19.qasm,0,c8fa29954f13759be11d432aa27184dd20199fe5f28eaad8d3ac022916e74fa5,semantic,19,24,9,0,0,19,1.0,False,True,,0,0,0,19,524288.0,0,False,True,23.584962500721154,4.584962500721157,18.999999999999996,524287.9999999987,18.999999999999996,524287.9999999987,524287.9999999987,19.0,524288.0,524288.0,24,24,24,0,0.0032170889899134636
veriq_22d95e30a2d7554c_0,veriq,combinational/adder/adder_n19.qasm,22d95e30a2d7554c99e4d0acab1137e24b0bcfdb3825acedd13237df507b9396,arithmetic,False,,/home/audrey/code_and_papers/2026/FAST2027/final/hilbert_thin_provisioning/external/veriq-benchmark/combinational/adder/adder_n19.qasm,0,c8fa29954f13759be11d432aa27184dd20199fe5f28eaad8d3ac022916e74fa5,lowered,19,24,9,0,0,19,1.0,False,True,,0,0,0,19,524288.0,0,False,True,23.584962500721154,4.584962500721157,18.999999999999996,524287.9999999987,18.999999999999996,524287.9999999987,524287.9999999987,19.0,524288.0,524288.0,24,24,24,0,0.0045198670122772455
veriq_3f7dcb90b2601f3a_0,veriq,combinational/adder/adder_n22.qasm,3f7dcb90b2601f3a0bd25a8ded6b0a5dd8f122bed0c0123b918177226b47bc9d,arithmetic,False,,/home/audrey/code_and_papers/2026/FAST2027/final/hilbert_thin_provisioning/external/veriq-benchmark/combinational/adder/adder_n22.qasm,0,64f5534718ab165762a7c7a754f24c448f72f1b108d722912640f5595a821b84,semantic,22,28,10,0,0,22,1.0,False,True,,0,0,0,22,4194304.0,0,False,True,26.807354922057606,4.807354922057604,22.0,4194304.0,22.0,4194304.0,4194304.0,22.0,4194304.0,4194304.0,28,28,28,0,0.00420352301443927
veriq_3f7dcb90b2601f3a_0,veriq,combinational/adder/adder_n22.qasm,3f7dcb90b2601f3a0bd25a8ded6b0a5dd8f122bed0c0123b918177226b47bc9d,arithmetic,False,,/home/audrey/code_and_papers/2026/FAST2027/final/hilbert_thin_provisioning/external/veriq-benchmark/combinational/adder/adder_n22.qasm,0,64f5534718ab165762a7c7a754f24c448f72f1b108d722912640f5595a821b84,lowered,22,28,10,0,0,22,1.0,False,True,,0,0,0,22,4194304.0,0,False,True,26.807354922057606,4.807354922057604,22.0,4194304.0,22.0,4194304.0,4194304.0,22.0,4194304.0,4194304.0,28,28,28,0,0.005729582015192136
veriq_287d2130ef74ad48_0,veriq,combinational/adder/adder_n28.qasm,287d2130ef74ad4869dfb2cf51c73bb67c954c79fca20ed3ce17fe46a9d0eae9,arithmetic,False,,/home/audrey/code_and_papers/2026/FAST2027/final/hilbert_thin_provisioning/external/veriq-benchmark/combinational/adder/adder_n28.qasm,0,7d4e460577503deb2f9d53f60f40d98bb9a63272190fa23607cb963a372ffe02,semantic,28,36,12,0,0,28,1.0,False,True,,0,0,0,28,268435456.0,0,False,True,33.16992500144231,5.169925001442312,27.999999999999996,268435455.99999934,27.999999999999996,268435455.99999934,268435455.99999934,27.999999999999996,268435455.99999934,268435455.99999934,36,36,36,0,0.003834418981568888
veriq_287d2130ef74ad48_0,veriq,combinational/adder/adder_n28.qasm,287d2130ef74ad4869dfb2cf51c73bb67c954c79fca20ed3ce17fe46a9d0eae9,arithmetic,False,,/home/audrey/code_and_papers/2026/FAST2027/final/hilbert_thin_provisioning/external/veriq-benchmark/combinational/adder/adder_n28.qasm,0,7d4e460577503deb2f9d53f60f40d98bb9a63272190fa23607cb963a372ffe02,lowered,28,36,12,0,0,28,1.0,False,True,,0,0,0,28,268435456.0,0,False,True,33.16992500144231,5.169925001442312,27.999999999999996,268435455.99999934,27.999999999999996,268435455.99999934,268435455.99999934,27.999999999999996,268435455.99999934,268435455.99999934,36,36,36,0,0.0058645269891712815
veriq_c3e311dd1776b305_0,veriq,combinational/adder/adder_n34.qasm,c3e311dd1776b3058e5637e19b88e1056b4a84cd81c23dee7080d8c62e1fe59e,arithmetic,False,,/home/audrey/code_and_papers/2026/FAST2027/final/hilbert_thin_provisioning/external/veriq-benchmark/combinational/adder/adder_n34.qasm,0,55d621b0f0474c0c4822c711513c8641cfee245c30c2081f9191167678fd4779,semantic,34,44,14,0,0,34,1.0,False,True,,0,0,0,34,17179869184.0,0,False,True,39.459431618637296,5.459431618637297,34.0,17179869184.0,34.0,17179869184.0,17179869184.0,34.0,17179869184.0,17179869184.0,44,44,44,0,0.004133663984248415
veriq_c3e311dd1776b305_0,veriq,combinational/adder/adder_n34.qasm,c3e311dd1776b3058e5637e19b88e1056b4a84cd81c23dee7080d8c62e1fe59e,arithmetic,False,,/home/audrey/code_and_papers/2026/FAST2027/final/hilbert_thin_provisioning/external/veriq-benchmark/combinational/adder/adder_n34.qasm,0,55d621b0f0474c0c4822c711513c8641cfee245c30c2081f9191167678fd4779,lowered,34,44,14,0,0,34,1.0,False,True,,0,0,0,34,17179869184.0,0,False,True,39.459431618637296,5.459431618637297,34.0,17179869184.0,34.0,17179869184.0,17179869184.0,34.0,17179869184.0,17179869184.0,44,44,44,0,0.006411754002328962
veriq_9484132c349abab7_0,veriq,combinational/adder/adder_n40.qasm,9484132c349abab71a9a980e5f1c37aec487df941059f444ebb873e7a06ee84e,arithmetic,False,,/home/audrey/code_and_papers/2026/FAST2027/final/hilbert_thin_provisioning/external/veriq-benchmark/combinational/adder/adder_n40.qasm,0,f143b9268350bde81096d3cd4e68607ef0df5c82b33ecb37ea5e04c5cbb5328c,semantic,40,52,16,0,0,40,1.0,False,True,,0,0,0,40,1099511627776.0,0,False,True,45.70043971814109,5.700439718141093,40.0,1099511627776.0,40.0,1099511627776.0,1099511627776.0,40.0,1099511627776.0,1099511627776.0,52,52,52,0,0.0038993069902062416
veriq_9484132c349abab7_0,veriq,combinational/adder/adder_n40.qasm,9484132c349abab71a9a980e5f1c37aec487df941059f444ebb873e7a06ee84e,arithmetic,False,,/home/audrey/code_and_papers/2026/FAST2027/final/hilbert_thin_provisioning/external/veriq-benchmark/combinational/adder/adder_n40.qasm,0,f143b9268350bde81096d3cd4e68607ef0df5c82b33ecb37ea5e04c5cbb5328c,lowered,40,52,16,0,0,40,1.0,False,True,,0,0,0,40,1099511627776.0,0,False,True,45.70043971814109,5.700439718141093,40.0,1099511627776.0,40.0,1099511627776.0,1099511627776.0,40.0,1099511627776.0,1099511627776.0,52,52,52,0,0.00650216598296538
veriq_b8801f07a2b9b4dc_0,veriq,combinational/adder/adder_n43.qasm,b8801f07a2b9b4dc00371596f6b997950ebeca60d292ddf99c28bc8640bcd8df,arithmetic,False,,/home/audrey/code_and_papers/2026/FAST2027/final/hilbert_thin_provisioning/external/veriq-benchmark/combinational/adder/adder_n43.qasm,0,8356cd0cee88502084c1f7590185252a128ae40557ac53cfb4e1ab188faf7736,semantic,43,56,17,0,0,43,1.0,False,True,,0,0,0,43,8796093022208.0,0,False,True,48.807354922057606,5.807354922057605,43.0,8796093022208.0,43.0,8796093022208.0,8796093022208.0,43.0,8796093022208.0,8796093022208.0,56,56,56,0,0.0044169980101287365
veriq_b8801f07a2b9b4dc_0,veriq,combinational/adder/adder_n43.qasm,b8801f07a2b9b4dc00371596f6b997950ebeca60d292ddf99c28bc8640bcd8df,arithmetic,False,,/home/audrey/code_and_papers/2026/FAST2027/final/hilbert_thin_provisioning/external/veriq-benchmark/combinational/adder/adder_n43.qasm,0,8356cd0cee88502084c1f7590185252a128ae40557ac53cfb4e1ab188faf7736,lowered,43,56,17,0,0,43,1.0,False,True,,0,0,0,43,8796093022208.0,0,False,True,48.807354922057606,5.807354922057605,43.0,8796093022208.0,43.0,8796093022208.0,8796093022208.0,43.0,8796093022208.0,8796093022208.0,56,56,56,0,0.006880817003548145
veriq_bbd6c58d57912b05_0,veriq,combinational/adder/adder_n49.qasm,bbd6c58d57912b0567bf2b1113af9b260ebba3e4b86d4ca40cb4289a29d42fa8,arithmetic,False,,/home/audrey/code_and_papers/2026/FAST2027/final/hilbert_thin_provisioning/external/veriq-benchmark/combinational/adder/adder_n49.qasm,0,39ed657c74a3a3f3e475cd5709be94659217e432a47b8315ab983c9e9712ccb1,semantic,49,64,19,0,0,49,1.0,False,True,,0,0,0,49,562949953421312.0,0,False,True,55.0,6.0,49.0,562949953421312.0,49.0,562949953421312.0,562949953421312.0,49.0,562949953421312.0,562949953421312.0,64,64,64,0,0.005933196982368827
veriq_bbd6c58d57912b05_0,veriq,combinational/adder/adder_n49.qasm,bbd6c58d57912b0567bf2b1113af9b260ebba3e4b86d4ca40cb4289a29d42fa8,arithmetic,False,,/home/audrey/code_and_papers/2026/FAST2027/final/hilbert_thin_provisioning/external/veriq-benchmark/combinational/adder/adder_n49.qasm,0,39ed657c74a3a3f3e475cd5709be94659217e432a47b8315ab983c9e9712ccb1,lowered,49,64,19,0,0,49,1.0,False,True,,0,0,0,49,562949953421312.0,0,False,True,55.0,6.0,49.0,562949953421312.0,49.0,562949953421312.0,562949953421312.0,49.0,562949953421312.0,562949953421312.0,64,64,64,0,0.008757203991990536
veriq_fe0a1dc62ae636e6_0,veriq,combinational/adder/adder_n55.qasm,fe0a1dc62ae636e6f48c6b73875d650b2aaecdac27f68abbc5b767bc076aa807,arithmetic,False,,/home/audrey/code_and_papers/2026/FAST2027/final/hilbert_thin_provisioning/external/veriq-benchmark/combinational/adder/adder_n55.qasm,0,2b088299191892d7237caaf435609f97559a79e582c347c78392b3b6a859939a,semantic,55,72,21,0,0,55,1.0,False,True,,0,0,0,55,3.602879701896397e+16,0,False,True,61.16992500144231,6.169925001442312,55.0,3.602879701896397e+16,55.0,3.602879701896397e+16,3.602879701896397e+16,55.0,3.602879701896397e+16,3.602879701896397e+16,72,72,72,0,0.004944866988807917
veriq_fe0a1dc62ae636e6_0,veriq,combinational/adder/adder_n55.qasm,fe0a1dc62ae636e6f48c6b73875d650b2aaecdac27f68abbc5b767bc076aa807,arithmetic,False,,/home/audrey/code_and_papers/2026/FAST2027/final/hilbert_thin_provisioning/external/veriq-benchmark/combinational/adder/adder_n55.qasm,0,2b088299191892d7237caaf435609f97559a79e582c347c78392b3b6a859939a,lowered,55,72,21,0,0,55,1.0,False,True,,0,0,0,55,3.602879701896397e+16,0,False,True,61.16992500144231,6.169925001442312,55.0,3.602879701896397e+16,55.0,3.602879701896397e+16,3.602879701896397e+16,55.0,3.602879701896397e+16,3.602879701896397e+16,72,72,72,0,0.009112302010180429
veriq_82d67bf24d16b4cd_0,veriq,combinational/adder/adder_n64.qasm,82d67bf24d16b4cd8082c612e9999d9353a4ab43fa473d13555155a338cf2f19,arithmetic,False,,/home/audrey/code_and_papers/2026/FAST2027/final/hilbert_thin_provisioning/external/veriq-benchmark/combinational/adder/adder_n64.qasm,0,f4c062cfc1f47ee7909f7eed520d0760afd718aacede8f46515e30fd6a4472ef,semantic,64,84,24,0,0,64,1.0,False,True,,0,0,0,64,1.8446744073709552e+19,0,False,True,70.39231742277876,6.39231742277876,64.0,1.8446744073709552e+19,64.0,1.8446744073709552e+19,1.8446744073709552e+19,64.0,1.8446744073709552e+19,1.8446744073709552e+19,84,84,84,0,0.005667007004376501
veriq_82d67bf24d16b4cd_0,veriq,combinational/adder/adder_n64.qasm,82d67bf24d16b4cd8082c612e9999d9353a4ab43fa473d13555155a338cf2f19,arithmetic,False,,/home/audrey/code_and_papers/2026/FAST2027/final/hilbert_thin_provisioning/external/veriq-benchmark/combinational/adder/adder_n64.qasm,0,f4c062cfc1f47ee7909f7eed520d0760afd718aacede8f46515e30fd6a4472ef,lowered,64,84,24,0,0,64,1.0,False,True,,0,0,0,64,1.8446744073709552e+19,0,False,True,70.39231742277876,6.39231742277876,64.0,1.8446744073709552e+19,64.0,1.8446744073709552e+19,1.8446744073709552e+19,64.0,1.8446744073709552e+19,1.8446744073709552e+19,84,84,84,0,0.009141575981630012
veriq_d6e4fe652b7352ae_0,veriq,combinational/adder/adder_n67.qasm,d6e4fe652b7352aeb76a06db35a5acd395542bcc831f5d94c5c82d99f827c3fe,arithmetic,False,,/home/audrey/code_and_papers/2026/FAST2027/final/hilbert_thin_provisioning/external/veriq-benchmark/combinational/adder/adder_n67.qasm,0,2526a855d16909c689cc0ee7c1baa27ef8b49629d83e79d10fd0217fc9b377d9,semantic,67,88,25,0,0,67,1.0,False,True,,0,0,0,67,1.4757395258967641e+20,0,False,True,73.4594316186373,6.459431618637298,67.0,1.4757395258967641e+20,67.0,1.4757395258967641e+20,1.4757395258967641e+20,67.0,1.4757395258967641e+20,1.4757395258967641e+20,88,88,88,0,0.005802838975796476
veriq_d6e4fe652b7352ae_0,veriq,combinational/adder/adder_n67.qasm,d6e4fe652b7352aeb76a06db35a5acd395542bcc831f5d94c5c82d99f827c3fe,arithmetic,False,,/home/audrey/code_and_papers/2026/FAST2027/final/hilbert_thin_provisioning/external/veriq-benchmark/combinational/adder/adder_n67.qasm,0,2526a855d16909c689cc0ee7c1baa27ef8b49629d83e79d10fd0217fc9b377d9,lowered,67,88,25,0,0,67,1.0,False,True,,0,0,0,67,1.4757395258967641e+20,0,False,True,73.4594316186373,6.459431618637298,67.0,1.4757395258967641e+20,67.0,1.4757395258967641e+20,1.4757395258967641e+20,67.0,1.4757395258967641e+20,1.4757395258967641e+20,88,88,88,0,0.00936742898193188
veriq_a708a94ca75de600_0,veriq,combinational/adder/adder_n76.qasm,a708a94ca75de6005295cf972ccf85210af7f80ebb6c0e399c59b0f56361bdd7,arithmetic,False,,/home/audrey/code_and_papers/2026/FAST2027/final/hilbert_thin_provisioning/external/veriq-benchmark/combinational/adder/adder_n76.qasm,0,8412ccdda5b049f807aafe6b5753faf5658625c453554e23f38abc3f0da166a3,semantic,76,100,28,0,0,76,1.0,False,True,,0,0,0,76,7.555786372591432e+22,0,False,True,82.64385618977472,6.643856189774725,76.0,7.555786372591432e+22,76.0,7.555786372591432e+22,7.555786372591432e+22,76.0,7.555786372591432e+22,7.555786372591432e+22,100,100,100,0,0.006386031018337235
veriq_a708a94ca75de600_0,veriq,combinational/adder/adder_n76.qasm,a708a94ca75de6005295cf972ccf85210af7f80ebb6c0e399c59b0f56361bdd7,arithmetic,False,,/home/audrey/code_and_papers/2026/FAST2027/final/hilbert_thin_provisioning/external/veriq-benchmark/combinational/adder/adder_n76.qasm,0,8412ccdda5b049f807aafe6b5753faf5658625c453554e23f38abc3f0da166a3,lowered,76,100,28,0,0,76,1.0,False,True,,0,0,0,76,7.555786372591432e+22,0,False,True,82.64385618977472,6.643856189774725,76.0,7.555786372591432e+22,76.0,7.555786372591432e+22,7.555786372591432e+22,76.0,7.555786372591432e+22,7.555786372591432e+22,100,100,100,0,0.010609073011437431
veriq_f2dcb6a4b254a1ea_0,veriq,combinational/adder/adder_n88.qasm,f2dcb6a4b254a1ea73a801c7024d2e297eb475136a58cb29098c4659b402dd2a,arithmetic,False,,/home/audrey/code_and_papers/2026/FAST2027/final/hilbert_thin_provisioning/external/veriq-benchmark/combinational/adder/adder_n88.qasm,0,3be8071fc8b19315ceb756d4c95c4197a9688731bd309d7dc1d82d5ad54ea0ab,semantic,88,116,32,0,0,88,1.0,False,True,,0,0,0,88,3.094850098213451e+26,0,False,True,94.85798099512758,6.857980995127572,88.0,3.094850098213451e+26,88.0,3.094850098213451e+26,3.094850098213451e+26,88.0,3.094850098213451e+26,3.094850098213451e+26,116,116,116,0,0.006326461007120088
veriq_f2dcb6a4b254a1ea_0,veriq,combinational/adder/adder_n88.qasm,f2dcb6a4b254a1ea73a801c7024d2e297eb475136a58cb29098c4659b402dd2a,arithmetic,False,,/home/audrey/code_and_papers/2026/FAST2027/final/hilbert_thin_provisioning/external/veriq-benchmark/combinational/adder/adder_n88.qasm,0,3be8071fc8b19315ceb756d4c95c4197a9688731bd309d7dc1d82d5ad54ea0ab,lowered,88,116,32,0,0,88,1.0,False,True,,0,0,0,88,3.094850098213451e+26,0,False,True,94.85798099512758,6.857980995127572,88.0,3.094850098213451e+26,88.0,3.094850098213451e+26,3.094850098213451e+26,88.0,3.094850098213451e+26,3.094850098213451e+26,116,116,116,0,0.010623356007272378
veriq_47135c08d56868b2_0,veriq,combinational/adder/adder_n100.qasm,47135c08d56868b2879eee41ba1d67e569e045089bf6ffcd8a2bac3fbcc6d3e2,arithmetic,False,,/home/audrey/code_and_papers/2026/FAST2027/final/hilbert_thin_provisioning/external/veriq-benchmark/combinational/adder/adder_n100.qasm,0,93a5c8bb3e21523f87e6bc2d1de1e79d25002d26389e2f14784db9727a3a2761,semantic,100,132,36,0,0,100,1.0,False,True,,0,0,0,100,1.2676506002282294e+30,0,False,True,107.04439411935846,7.044394119358453,100.0,1.2676506002282294e+30,100.0,1.2676506002282294e+30,1.2676506002282294e+30,100.0,1.2676506002282294e+30,1.2676506002282294e+30,132,132,132,0,0.007228787988424301
veriq_47135c08d56868b2_0,veriq,combinational/adder/adder_n100.qasm,47135c08d56868b2879eee41ba1d67e569e045089bf6ffcd8a2bac3fbcc6d3e2,arithmetic,False,,/home/audrey/code_and_papers/2026/FAST2027/final/hilbert_thin_provisioning/external/veriq-benchmark/combinational/adder/adder_n100.qasm,0,93a5c8bb3e21523f87e6bc2d1de1e79d25002d26389e2f14784db9727a3a2761,lowered,100,132,36,0,0,100,1.0,False,True,,0,0,0,100,1.2676506002282294e+30,0,False,True,107.04439411935846,7.044394119358453,100.0,1.2676506002282294e+30,100.0,1.2676506002282294e+30,1.2676506002282294e+30,100.0,1.2676506002282294e+30,1.2676506002282294e+30,132,132,132,0,0.01221394000458531
veriq_fba59b56e8cd8db6_0,veriq,combinational/bv/bv_2.qasm,fba59b56e8cd8db6ff4a888deafb85918cceef8bcc797595a354d7cca27869ce,bernstein_vazirani,False,,/home/audrey/code_and_papers/2026/FAST2027/final/hilbert_thin_provisioning/external/veriq-benchmark/combinational/bv/bv_2.qasm,0,e0531c8ee121f467a5a05cc0ab79eaef8013b3e8318a777e4d1e2d27568812a8,semantic,2,6,4,2,2,0,0.0,True,False,0.5,2,1.5,2,0,1.0,0,False,True,4.584962500721156,4.321928094887363,0.26303440583379345,1.1999999999999997,0.26303440583379345,1.1999999999999997,1.1999999999999997,0.19264507794239538,1.1428571428571423,1.1428571428571423,6,6,6,0,0.0032021449878811836
veriq_fba59b56e8cd8db6_0,veriq,combinational/bv/bv_2.qasm,fba59b56e8cd8db6ff4a888deafb85918cceef8bcc797595a354d7cca27869ce,bernstein_vazirani,False,,/home/audrey/code_and_papers/2026/FAST2027/final/hilbert_thin_provisioning/external/veriq-benchmark/combinational/bv/bv_2.qasm,0,e0531c8ee121f467a5a05cc0ab79eaef8013b3e8318a777e4d1e2d27568812a8,lowered,2,6,4,2,2,0,0.0,True,False,0.5,2,1.5,2,0,1.0,0,False,True,4.584962500721156,4.321928094887363,0.26303440583379345,1.1999999999999997,0.26303440583379345,1.1999999999999997,1.1999999999999997,0.19264507794239538,1.1428571428571423,1.1428571428571423,6,6,6,0,0.0037563109945040196
veriq_9bebe62cd8cb1e6b_0,veriq,combinational/bv/bv_7.qasm,9bebe62cd8cb1e6bf39f5035548860808ccff569ca05ce89ae9a8aad66529dda,bernstein_vazirani,False,,/home/audrey/code_and_papers/2026/FAST2027/final/hilbert_thin_provisioning/external/veriq-benchmark/combinational/bv/bv_7.qasm,0,5e334d07764af9e91747b92e85a77a291a4fadce47e18bfc84a8371745c715a3,semantic,7,21,9,7,7,0,0.0,True,False,0.38095238095238093,7,1.0,2,0,1.0,0,False,True,11.39231742277876,10.952741247186488,0.439576175592272,1.3562058526740666,0.439576175592272,1.3562058526740666,1.3562058526740666,0.08246216019197306,1.0588235294117647,1.0588235294117647,21,21,21,0,0.00279451601090841
veriq_9bebe62cd8cb1e6b_0,veriq,combinational/bv/bv_7.qasm,9bebe62cd8cb1e6bf39f5035548860808ccff569ca05ce89ae9a8aad66529dda,bernstein_vazirani,False,,/home/audrey/code_and_papers/2026/FAST2027/final/hilbert_thin_provisioning/external/veriq-benchmark/combinational/bv/bv_7.qasm,0,5e334d07764af9e91747b92e85a77a291a4fadce47e18bfc84a8371745c715a3,lowered,7,21,9,7,7,0,0.0,True,False,0.38095238095238093,7,1.0,2,0,1.0,0,False,True,11.39231742277876,10.952741247186488,0.439576175592272,1.3562058526740666,0.439576175592272,1.3562058526740666,1.3562058526740666,0.08246216019197306,1.0588235294117647,1.0588235294117647,21,21,21,0,0.003646032011602074
veriq_d9571c914fc607f3_0,veriq,combinational/bv/bv_13.qasm,d9571c914fc607f3a31ffb7746c3df3ecd0b0e04c977ff74f7f90a908f1d220a,bernstein_vazirani,False,,/home/audrey/code_and_papers/2026/FAST2027/final/hilbert_thin_provisioning/external/veriq-benchmark/combinational/bv/bv_13.qasm,0,3e8a4b5afae523bdb72d61125380e82dee39b6be6df24d1277df6952d0dbd3d6,semantic,13,39,15,13,13,0,0.0,True,False,0.358974358974359,13,1.0,2,0,1.0,0,False,True,18.28540221886225,17.78134690545075,0.5040553134114987,1.418194408686159,0.5040553134114987,1.418194408686159,1.418194408686159,0.04890960048095039,1.0344827586206926,1.0344827586206926,39,39,39,0,0.005387273005908355
veriq_d9571c914fc607f3_0,veriq,combinational/bv/bv_13.qasm,d9571c914fc607f3a31ffb7746c3df3ecd0b0e04c977ff74f7f90a908f1d220a,bernstein_vazirani,False,,/home/audrey/code_and_papers/2026/FAST2027/final/hilbert_thin_provisioning/external/veriq-benchmark/combinational/bv/bv_13.qasm,0,3e8a4b5afae523bdb72d61125380e82dee39b6be6df24d1277df6952d0dbd3d6,lowered,13,39,15,13,13,0,0.0,True,False,0.358974358974359,13,1.0,2,0,1.0,0,False,True,18.28540221886225,17.78134690545075,0.5040553134114987,1.418194408686159,0.5040553134114987,1.418194408686159,1.418194408686159,0.04890960048095039,1.0344827586206926,1.0344827586206926,39,39,39,0,0.007065265002893284
veriq_595dd51f1efbe477_0,veriq,combinational/bv/bv_19.qasm,595dd51f1efbe47783b7d5148ba1676a19ffe4a07d7d330570ae14bc881ee544,bernstein_vazirani,False,,/home/audrey/code_and_papers/2026/FAST2027/final/hilbert_thin_provisioning/external/veriq-benchmark/combinational/bv/bv_19.qasm,0,328123d45c2d177797537b4068472ea213bbc5be9a08d1b9637d9bfdc5e0a925,semantic,19,57,21,19,19,0,0.0,True,False,0.3508771929824561,19,1.0,2,0,1.0,0,False,True,24.83289001416474,24.303780608849383,0.5291094053153564,1.4430381140443875,0.5291094053153564,1.4430381140443875,1.4430381140443875,0.0347654181606778,1.02439024390244,1.02439024390244,57,57,57,0,0.005334255984053016
veriq_595dd51f1efbe477_0,veriq,combinational/bv/bv_19.qasm,595dd51f1efbe47783b7d5148ba1676a19ffe4a07d7d330570ae14bc881ee544,bernstein_vazirani,False,,/home/audrey/code_and_papers/2026/FAST2027/final/hilbert_thin_provisioning/external/veriq-benchmark/combinational/bv/bv_19.qasm,0,328123d45c2d177797537b4068472ea213bbc5be9a08d1b9637d9bfdc5e0a925,lowered,19,57,21,19,19,0,0.0,True,False,0.3508771929824561,19,1.0,2,0,1.0,0,False,True,24.83289001416474,24.303780608849383,0.5291094053153564,1.4430381140443875,0.5291094053153564,1.4430381140443875,1.4430381140443875,0.0347654181606778,1.02439024390244,1.02439024390244,57,57,57,0,0.008189212996512651
veriq_d182a39c63e02d2f_0,veriq,combinational/bv/bv_20.qasm,d182a39c63e02d2ff7ed61f4c28bfea882fe5c9635edb74da576e87bade5e1e3,bernstein_vazirani,False,,/home/audrey/code_and_papers/2026/FAST2027/final/hilbert_thin_provisioning/external/veriq-benchmark/combinational/bv/bv_20.qasm,0,1b0bd9957fa70f52d5f23a9e2b95ee20fcb8b98f769108e05696e5066d81f122,semantic,20,60,22,20,20,0,0.0,True,False,0.35,20,1.0,2,0,1.0,0,False,True,25.90689059560852,25.37503936504036,0.531851230568158,1.4457831989786156,0.531851230568158,1.4457831989786156,1.4457831989786156,0.033166863935196744,1.0232558139534866,1.0232558139534866,60,60,60,0,0.007098209985997528
veriq_d182a39c63e02d2f_0,veriq,combinational/bv/bv_20.qasm,d182a39c63e02d2ff7ed61f4c28bfea882fe5c9635edb74da576e87bade5e1e3,bernstein_vazirani,False,,/home/audrey/code_and_papers/2026/FAST2027/final/hilbert_thin_provisioning/external/veriq-benchmark/combinational/bv/bv_20.qasm,0,1b0bd9957fa70f52d5f23a9e2b95ee20fcb8b98f769108e05696e5066d81f122,lowered,20,60,22,20,20,0,0.0,True,False,0.35,20,1.0,2,0,1.0,0,False,True,25.90689059560852,25.37503936504036,0.531851230568158,1.4457831989786156,0.531851230568158,1.4457831989786156,1.4457831989786156,0.033166863935196744,1.0232558139534866,1.0232558139534866,60,60,60,0,0.009612986992578954
veriq_de5257553ae46ac2_0,veriq,combinational/bv/bv_26.qasm,de5257553ae46ac231c93e339ced32915ef5a45e5dea074a354f280a35451f81,bernstein_vazirani,False,,/home/audrey/code_and_papers/2026/FAST2027/final/hilbert_thin_provisioning/external/veriq-benchmark/combinational/bv/bv_26.qasm,0,54d22272af92849964e0375082b3831f5a21c520aa20e1a4f006574539caf3aa,semantic,26,78,28,26,26,0,0.0,True,False,0.34615384615384615,26,1.0,2,0,1.0,0,False,True,32.285402218862245,31.74146698559749,0.5439352332647545,1.4579439260457923,0.5439352332647545,1.4579439260457923,1.4579439260457923,0.025995208532947345,1.0181818181818203,1.0181818181818203,78,78,78,0,0.00472853597602807
veriq_de5257553ae46ac2_0,veriq,combinational/bv/bv_26.qasm,de5257553ae46ac231c93e339ced32915ef5a45e5dea074a354f280a35451f81,bernstein_vazirani,False,,/home/audrey/code_and_papers/2026/FAST2027/final/hilbert_thin_provisioning/external/veriq-benchmark/combinational/bv/bv_26.qasm,0,54d22272af92849964e0375082b3831f5a21c520aa20e1a4f006574539caf3aa,lowered,26,78,28,26,26,0,0.0,True,False,0.34615384615384615,26,1.0,2,0,1.0,0,False,True,32.285402218862245,31.74146698559749,0.5439352332647545,1.4579439260457923,0.5439352332647545,1.4579439260457923,1.4579439260457923,0.025995208532947345,1.0181818181818203,1.0181818181818203,78,78,78,0,0.008254151995060965
veriq_3575a0cf156a5f5d_0,veriq,combinational/bv/bv_33.qasm,3575a0cf156a5f5de7a54f2c45bac96add1fb8173f260cd058fa937a57a4dfe6,bernstein_vazirani,False,,/home/audrey/code_and_papers/2026/FAST2027/final/hilbert_thin_provisioning/external/veriq-benchmark/combinational/bv/bv_33.qasm,0,77ce853108712336e22473d29854ad7994c617aa371846a1ff822ccc764a04a1,semantic,33,99,35,33,33,0,0.0,True,False,0.3434343434343434,33,1.0,2,0,1.0,0,False,True,39.62935662007961,39.07681559704585,0.5525410230337613,1.466666666671732,0.5525410230337613,1.466666666671732,1.466666666671732,0.02075856016680433,1.0144927536231934,1.0144927536231934,99,99,99,0,0.007745188020635396
veriq_3575a0cf156a5f5d_0,veriq,combinational/bv/bv_33.qasm,3575a0cf156a5f5de7a54f2c45bac96add1fb8173f260cd058fa937a57a4dfe6,bernstein_vazirani,False,,/home/audrey/code_and_papers/2026/FAST2027/final/hilbert_thin_provisioning/external/veriq-benchmark/combinational/bv/bv_33.qasm,0,77ce853108712336e22473d29854ad7994c617aa371846a1ff822ccc764a04a1,lowered,33,99,35,33,33,0,0.0,True,False,0.3434343434343434,33,1.0,2,0,1.0,0,False,True,39.62935662007961,39.07681559704585,0.5525410230337613,1.466666666671732,0.5525410230337613,1.466666666671732,1.466666666671732,0.02075856016680433,1.0144927536231934,1.0144927536231934,99,99,99,0,0.012007131008431315
veriq_6d406e6d174d184f_0,veriq,combinational/bv/bv_40.qasm,6d406e6d174d184f6cea66e26ad595f9350749efce1ee08f540e19a981ddff0a,bernstein_vazirani,False,,/home/audrey/code_and_papers/2026/FAST2027/final/hilbert_thin_provisioning/external/veriq-benchmark/combinational/bv/bv_40.qasm,0,f1c132bb402d6ec15fd06c1b481d35dba1c1be612f11b66d264ec1896328f34f,semantic,40,120,42,40,40,0,0.0,True,False,0.3416666666666667,40,1.0,2,0,1.0,0,False,True,46.906890595608516,46.34872815423105,0.5581624413774691,1.4723926380368384,0.5581624413774691,1.4723926380368384,1.4723926380368384,0.017277991431832618,1.0120481927710823,1.0120481927710823,120,120,120,0,0.005835677991854027
veriq_6d406e6d174d184f_0,veriq,combinational/bv/bv_40.qasm,6d406e6d174d184f6cea66e26ad595f9350749efce1ee08f540e19a981ddff0a,bernstein_vazirani,False,,/home/audrey/code_and_papers/2026/FAST2027/final/hilbert_thin_provisioning/external/veriq-benchmark/combinational/bv/bv_40.qasm,0,f1c132bb402d6ec15fd06c1b481d35dba1c1be612f11b66d264ec1896328f34f,lowered,40,120,42,40,40,0,0.0,True,False,0.3416666666666667,40,1.0,2,0,1.0,0,False,True,46.906890595608516,46.34872815423105,0.5581624413774691,1.4723926380368384,0.5581624413774691,1.4723926380368384,1.4723926380368384,0.017277991431832618,1.0120481927710823,1.0120481927710823,120,120,120,0,0.010723343992140144
veriq_d745416e1e1a62da_0,veriq,combinational/bv/bv_41.qasm,d745416e1e1a62da810a0abbee4e2a2954de6de3bf7c1941554b1ae1ffe5e484,bernstein_vazirani,False,,/home/audrey/code_and_papers/2026/FAST2027/final/hilbert_thin_provisioning/external/veriq-benchmark/combinational/bv/bv_41.qasm,0,258379a810d19f5785612bc1eb989edb8f28518efb2eb1aa0ddb29e831ee073a,semantic,41,123,43,41,41,0,0.0,True,False,0.34146341463414637,41,1.0,2,0,1.0,0,False,True,47.94251450533924,47.38370429247404,0.5588102128651968,1.4730538922155783,0.5588102128651968,1.4730538922155783,1.4730538922155783,0.016873818564398846,1.011764705882355,1.011764705882355,123,123,123,0,0.00607840099837631
veriq_d745416e1e1a62da_0,veriq,combinational/bv/bv_41.qasm,d745416e1e1a62da810a0abbee4e2a2954de6de3bf7c1941554b1ae1ffe5e484,bernstein_vazirani,False,,/home/audrey/code_and_papers/2026/FAST2027/final/hilbert_thin_provisioning/external/veriq-benchmark/combinational/bv/bv_41.qasm,0,258379a810d19f5785612bc1eb989edb8f28518efb2eb1aa0ddb29e831ee073a,lowered,41,123,43,41,41,0,0.0,True,False,0.34146341463414637,41,1.0,2,0,1.0,0,False,True,47.94251450533924,47.38370429247404,0.5588102128651968,1.4730538922155783,0.5588102128651968,1.4730538922155783,1.4730538922155783,0.016873818564398846,1.011764705882355,1.011764705882355,123,123,123,0,0.011392526008421555
veriq_1c04365787069bba_0,veriq,combinational/bv/bv_48.qasm,1c04365787069bbae4a0383cfa6ce2f706fc25e846d293d161eaac3dab11d2b5,bernstein_vazirani,False,,/home/audrey/code_and_papers/2026/FAST2027/final/hilbert_thin_provisioning/external/veriq-benchmark/combinational/bv/bv_48.qasm,0,71144ecb6c765a2cd5730692287a15adf41d5c0b631df5df745dffcedef35095,semantic,48,144,50,48,48,0,0.0,True,False,0.3402777777777778,48,1.0,2,0,1.0,0,False,True,55.16992500144231,54.60733031374961,0.5625946876927017,1.476923076923077,0.5625946876927017,1.476923076923077,1.476923076923077,0.014499569695111347,1.0101010101010075,1.0101010101010075,144,144,144,0,0.006236738990992308
veriq_1c04365787069bba_0,veriq,combinational/bv/bv_48.qasm,1c04365787069bbae4a0383cfa6ce2f706fc25e846d293d161eaac3dab11d2b5,bernstein_vazirani,False,,/home/audrey/code_and_papers/2026/FAST2027/final/hilbert_thin_provisioning/external/veriq-benchmark/combinational/bv/bv_48.qasm,0,71144ecb6c765a2cd5730692287a15adf41d5c0b631df5df745dffcedef35095,lowered,48,144,50,48,48,0,0.0,True,False,0.3402777777777778,48,1.0,2,0,1.0,0,False,True,55.16992500144231,54.60733031374961,0.5625946876927017,1.476923076923077,0.5625946876927017,1.476923076923077,1.476923076923077,0.014499569695111347,1.0101010101010075,1.0101010101010075,144,144,144,0,0.012212357978569344
veriq_43928378d83d41ad_0,veriq,combinational/bv/bv_56.qasm,43928378d83d41ad61299e63c15c373664558e6921a5eb979c2586965a2864ed,bernstein_vazirani,False,,/home/audrey/code_and_papers/2026/FAST2027/final/hilbert_thin_provisioning/external/veriq-benchmark/combinational/bv/bv_56.qasm,0,44799e360158b09422020743e00923bb0c66130820920680db1552455f222e89,semantic,56,168,58,56,56,0,0.0,True,False,0.3392857142857143,56,1.0,2,0,1.0,0,False,True,63.39231742277876,62.82654848729091,0.5657689354878528,1.4801762114537522,0.5657689354878528,1.4801762114537522,1.4801762114537522,0.012490944183191743,1.0086956521739094,1.0086956521739094,168,168,168,0,0.0070177750021684915
veriq_43928378d83d41ad_0,veriq,combinational/bv/bv_56.qasm,43928378d83d41ad61299e63c15c373664558e6921a5eb979c2586965a2864ed,bernstein_vazirani,False,,/home/audrey/code_and_papers/2026/FAST2027/final/hilbert_thin_provisioning/external/veriq-benchmark/combinational/bv/bv_56.qasm,0,44799e360158b09422020743e00923bb0c66130820920680db1552455f222e89,lowered,56,168,58,56,56,0,0.0,True,False,0.3392857142857143,56,1.0,2,0,1.0,0,False,True,63.39231742277876,62.82654848729091,0.5657689354878528,1.4801762114537522,0.5657689354878528,1.4801762114537522,1.4801762114537522,0.012490944183191743,1.0086956521739094,1.0086956521739094,168,168,168,0,0.01536711902008392
veriq_888eb67829875efb_0,veriq,combinational/bv/bv_64.qasm,888eb67829875efb60a1d6563b780dbe8e3ac169e67858032814655a07f84c2e,bernstein_vazirani,False,,/home/audrey/code_and_papers/2026/FAST2027/final/hilbert_thin_provisioning/external/veriq-benchmark/combinational/bv/bv_64.qasm,0,6f5b2d03f186b821dce5988477ffc32ad096e6ac076f293aac8083fab29ece8f,semantic,64,192,66,64,64,0,0.0,True,False,0.3385416666666667,64,1.0,2,0,1.0,0,False,True,71.58496250072116,71.01680828768656,0.5681542130346031,1.4826254826254834,0.5681542130346031,1.4826254826254834,1.4826254826254834,0.010971117821000576,1.0076335877862577,1.0076335877862577,192,192,192,0,0.007534845004556701
veriq_888eb67829875efb_0,veriq,combinational/bv/bv_64.qasm,888eb67829875efb60a1d6563b780dbe8e3ac169e67858032814655a07f84c2e,bernstein_vazirani,False,,/home/audrey/code_and_papers/2026/FAST2027/final/hilbert_thin_provisioning/external/veriq-benchmark/combinational/bv/bv_64.qasm,0,6f5b2d03f186b821dce5988477ffc32ad096e6ac076f293aac8083fab29ece8f,lowered,64,192,66,64,64,0,0.0,True,False,0.3385416666666667,64,1.0,2,0,1.0,0,False,True,71.58496250072116,71.01680828768656,0.5681542130346031,1.4826254826254834,0.5681542130346031,1.4826254826254834,1.4826254826254834,0.010971117821000576,1.0076335877862577,1.0076335877862577,192,192,192,0,0.014756770018721
veriq_5f7d8b6473366da9_0,veriq,combinational/bv/bv_65.qasm,5f7d8b6473366da970de14c837d31d6f2b6e54bb80512e1b45f8280a099d8a5f,bernstein_vazirani,False,,/home/audrey/code_and_papers/2026/FAST2027/final/hilbert_thin_provisioning/external/veriq-benchmark/combinational/bv/bv_65.qasm,0,42caded879d1b82c1075ddd0901ee96eba5de057017887aafb1bd207c3409749,semantic,65,195,67,65,65,0,0.0,True,False,0.3384615384615385,65,1.0,2,0,1.0,0,False,True,72.60733031374961,72.0389189892923,0.5684113244573155,1.4828897338403115,0.5684113244573155,1.4828897338403115,1.4828897338403115,0.010806754956576015,1.0075187969924764,1.0075187969924764,195,195,195,0,0.007748512987745926
veriq_5f7d8b6473366da9_0,veriq,combinational/bv/bv_65.qasm,5f7d8b6473366da970de14c837d31d6f2b6e54bb80512e1b45f8280a099d8a5f,bernstein_vazirani,False,,/home/audrey/code_and_papers/2026/FAST2027/final/hilbert_thin_provisioning/external/veriq-benchmark/combinational/bv/bv_65.qasm,0,42caded879d1b82c1075ddd0901ee96eba5de057017887aafb1bd207c3409749,lowered,65,195,67,65,65,0,0.0,True,False,0.3384615384615385,65,1.0,2,0,1.0,0,False,True,72.60733031374961,72.0389189892923,0.5684113244573155,1.4828897338403115,0.5684113244573155,1.4828897338403115,1.4828897338403115,0.010806754956576015,1.0075187969924764,1.0075187969924764,195,195,195,0,0.015631515998393297
veriq_b5d11a5eea7983fc_0,veriq,combinational/bv/bv_76.qasm,b5d11a5eea7983fc1edbc976bf8a6ead9f495c620628fb8553e88aa25921c411,bernstein_vazirani,False,,/home/audrey/code_and_papers/2026/FAST2027/final/hilbert_thin_provisioning/external/veriq-benchmark/combinational/bv/bv_76.qasm,0,24674d3d4821932fdee705cb767fb7f2e4e11320b6eb671c1e905348223ffecb,semantic,76,228,78,76,76,0,0.0,True,False,0.33771929824561403,76,1.0,2,0,1.0,0,False,True,83.83289001416475,83.26209484537019,0.5707951687945609,1.4853420195439726,0.5707951687945609,1.4853420195439726,1.4853420195439726,0.009277813587999617,1.006451612903218,1.006451612903218,228,228,228,0,0.008835068001644686
veriq_b5d11a5eea7983fc_0,veriq,combinational/bv/bv_76.qasm,b5d11a5eea7983fc1edbc976bf8a6ead9f495c620628fb8553e88aa25921c411,bernstein_vazirani,False,,/home/audrey/code_and_papers/2026/FAST2027/final/hilbert_thin_provisioning/external/veriq-benchmark/combinational/bv/bv_76.qasm,0,24674d3d4821932fdee705cb767fb7f2e4e11320b6eb671c1e905348223ffecb,lowered,76,228,78,76,76,0,0.0,True,False,0.33771929824561403,76,1.0,2,0,1.0,0,False,True,83.83289001416475,83.26209484537019,0.5707951687945609,1.4853420195439726,0.5707951687945609,1.4853420195439726,1.4853420195439726,0.009277813587999617,1.006451612903218,1.006451612903218,228,228,228,0,0.017842044995632023
veriq_6fe228867f6148af_0,veriq,combinational/bv/bv_88.qasm,6fe228867f6148af0c1141f25485df4511f82a62800ce7b0b0e35f113c45d4eb,bernstein_vazirani,False,,/home/audrey/code_and_papers/2026/FAST2027/final/hilbert_thin_provisioning/external/veriq-benchmark/combinational/bv/bv_88.qasm,0,d2d389bf645f9e816034b2b93e2476e90c0a32c936d0ec627bbf329d4c4b357d,semantic,88,264,90,88,88,0,0.0,True,False,0.3371212121212121,88,1.0,2,0,1.0,0,False,True,96.04439411935846,95.47167521439205,0.5727189049664076,1.4873239436619705,0.5727189049664076,1.4873239436619705,1.4873239436619705,0.008037319065422821,1.005586592178774,1.005586592178774,264,264,264,0,0.011943126999540254
veriq_6fe228867f6148af_0,veriq,combinational/bv/bv_88.qasm,6fe228867f6148af0c1141f25485df4511f82a62800ce7b0b0e35f113c45d4eb,bernstein_vazirani,False,,/home/audrey/code_and_papers/2026/FAST2027/final/hilbert_thin_provisioning/external/veriq-benchmark/combinational/bv/bv_88.qasm,0,d2d389bf645f9e816034b2b93e2476e90c0a32c936d0ec627bbf329d4c4b357d,lowered,88,264,90,88,88,0,0.0,True,False,0.3371212121212121,88,1.0,2,0,1.0,0,False,True,96.04439411935846,95.47167521439205,0.5727189049664076,1.4873239436619705,0.5727189049664076,1.4873239436619705,1.4873239436619705,0.008037319065422821,1.005586592178774,1.005586592178774,264,264,264,0,0.022829560009995475
veriq_a9413cbca7510660_0,veriq,combinational/bv/bv_100.qasm,a9413cbca7510660675a0663f50e8378c95f197e4cf38ffbbd49bf359273ac8a,bernstein_vazirani,False,,/home/audrey/code_and_papers/2026/FAST2027/final/hilbert_thin_provisioning/external/veriq-benchmark/combinational/bv/bv_100.qasm,0,e0188d2bf031c354f34587132cebc06ef3dc1f45511ad97a13690c2890df8f8e,semantic,100,300,102,100,100,0,0.0,True,False,0.33666666666666667,100,1.0,2,0,1.0,0,False,True,108.22881869049588,107.65463602852796,0.5741826619679244,1.4888337468982744,0.5741826619679244,1.4888337468982744,1.4888337468982744,0.007089424786300924,1.0049261083743715,1.0049261083743715,300,300,300,0,0.011009992012986913
veriq_a9413cbca7510660_0,veriq,combinational/bv/bv_100.qasm,a9413cbca7510660675a0663f50e8378c95f197e4cf38ffbbd49bf359273ac8a,bernstein_vazirani,False,,/home/audrey/code_and_papers/2026/FAST2027/final/hilbert_thin_provisioning/external/veriq-benchmark/combinational/bv/bv_100.qasm,0,e0188d2bf031c354f34587132cebc06ef3dc1f45511ad97a13690c2890df8f8e,lowered,100,300,102,100,100,0,0.0,True,False,0.33666666666666667,100,1.0,2,0,1.0,0,False,True,108.22881869049588,107.65463602852796,0.5741826619679244,1.4888337468982744,0.5741826619679244,1.4888337468982744,1.4888337468982744,0.007089424786300924,1.0049261083743715,1.0049261083743715,300,300,300,0,0.02339719099109061
veriq_d03b8aa69d109a46_0,veriq,combinational/rand_cliff/rand_cliff_1_AG.qasm,d03b8aa69d109a46775374c9ec55e1ffb36ca2ebf74f8dc822c640b170ebb0de,clifford,False,,/home/audrey/code_and_papers/2026/FAST2027/final/hilbert_thin_provisioning/external/veriq-benchmark/combinational/rand_cliff/rand_cliff_1_AG.qasm,0,72b594043dfc770b5ac36de660053e36c040c854ce17eb99f22058964c0124a9,semantic,1,3,3,1,1,0,0.0,True,False,1.0,1,3.0,3,0,1.0,0,False,True,2.584962500721156,2.0,0.5849625007211561,1.5,0.5849625007211561,1.5,1.5,0.5849625007211561,1.5,1.5,3,3,3,0,0.002759705006610602
veriq_d03b8aa69d109a46_0,veriq,combinational/rand_cliff/rand_cliff_1_AG.qasm,d03b8aa69d109a46775374c9ec55e1ffb36ca2ebf74f8dc822c640b170ebb0de,clifford,False,,/home/audrey/code_and_papers/2026/FAST2027/final/hilbert_thin_provisioning/external/veriq-benchmark/combinational/rand_cliff/rand_cliff_1_AG.qasm,0,72b594043dfc770b5ac36de660053e36c040c854ce17eb99f22058964c0124a9,lowered,1,3,3,1,1,0,0.0,True,False,1.0,1,3.0,3,0,1.0,0,False,True,2.584962500721156,2.0,0.5849625007211561,1.5,0.5849625007211561,1.5,1.5,0.5849625007211561,1.5,1.5,3,3,3,0,0.003259710007114336
veriq_c245fb5cc9505fe0_0,veriq,combinational/rand_cliff/rand_cliff_7_GD.qasm,c245fb5cc9505fe0482249d5a21c02596bb83c82363d1a428c9f0e308ef5c4f4,clifford,False,,/home/audrey/code_and_papers/2026/FAST2027/final/hilbert_thin_provisioning/external/veriq-benchmark/combinational/rand_cliff/rand_cliff_7_GD.qasm,0,fb569746a79921b06a60b985c2b41ac86ffe6ed7d33af76f3a26a8395a06e7c8,semantic,7,63,30,7,7,0,0.0,True,False,0.5873015873015873,7,3.0,21,0,1.0,0,False,True,12.977279923499918,12.291458518782346,0.6858214047175721,1.608617594254937,0.6858214047175721,1.608617594254937,1.608617594254937,0.6389335112056802,1.557177615571777,1.557177615571777,63,63,63,0,0.0046659310173708946
veriq_c245fb5cc9505fe0_0,veriq,combinational/rand_cliff/rand_cliff_7_GD.qasm,c245fb5cc9505fe0482249d5a21c02596bb83c82363d1a428c9f0e308ef5c4f4,clifford,False,,/home/audrey/code_and_papers/2026/FAST2027/final/hilbert_thin_provisioning/external/veriq-benchmark/combinational/rand_cliff/rand_cliff_7_GD.qasm,0,fb569746a79921b06a60b985c2b41ac86ffe6ed7d33af76f3a26a8395a06e7c8,lowered,7,63,30,7,7,0,0.0,True,False,0.6190476190476191,7,4.0,14,0,1.0,0,False,True,12.977279923499918,12.13859179463752,0.8386881288623975,1.788423153692617,0.8386881288623975,1.788423153692617,1.788423153692617,0.6389335112056802,1.557177615571777,1.557177615571777,63,63,63,0,0.006751788023393601
veriq_c0b2a899a96fea1a_0,veriq,combinational/rand_cliff/rand_cliff_13_GD.qasm,c0b2a899a96fea1a8442fc0c7c56e0dd9c92a7587b0b2825e6e2b0bedad1c79f,clifford,False,,/home/audrey/code_and_papers/2026/FAST2027/final/hilbert_thin_provisioning/external/veriq-benchmark/combinational/rand_cliff/rand_cliff_13_GD.qasm,0,b0c19b659d1c7dec4632eae5e9821562f895f081aec2ae43855964290b73762c,semantic,13,193,87,13,13,0,0.0,True,False,0.37823834196891193,13,3.0,15,0,1.0,0,False,True,20.59245703726808,20.042817605368132,0.5496394318999478,1.463719827470485,0.5496394318999478,1.463719827470485,1.463719827470485,0.40915487664554107,1.3279077046907826,1.3279077046907826,193,193,193,0,0.008530760009307414
veriq_c0b2a899a96fea1a_0,veriq,combinational/rand_cliff/rand_cliff_13_GD.qasm,c0b2a899a96fea1a8442fc0c7c56e0dd9c92a7587b0b2825e6e2b0bedad1c79f,clifford,False,,/home/audrey/code_and_papers/2026/FAST2027/final/hilbert_thin_provisioning/external/veriq-benchmark/combinational/rand_cliff/rand_cliff_13_GD.qasm,0,b0c19b659d1c7dec4632eae5e9821562f895f081aec2ae43855964290b73762c,lowered,13,193,87,13,13,0,0.0,True,False,0.39896373056994816,13,3.0,17,0,1.0,0,False,True,20.59245703726808,20.036971758129113,0.5554852791389671,1.4696629004596586,0.5554852791389671,1.4696629004596586,1.4696629004596586,0.40915487664554107,1.3279077046907826,1.3279077046907826,193,193,193,0,0.014017050008988008
veriq_74993ad0c9a479a9_0,veriq,combinational/rand_cliff/rand_cliff_19_AG.qasm,74993ad0c9a479a9ce9dcf96c5b53cdff7dee4aa59f173f71607bcbd948692d9,clifford,False,,/home/audrey/code_and_papers/2026/FAST2027/final/hilbert_thin_provisioning/external/veriq-benchmark/combinational/rand_cliff/rand_cliff_19_AG.qasm,0,a67c6cde7c7882e382a2f9dbd53e3ec1a3ea5e8fb975a9a2998e89302ef3550e,semantic,19,436,338,19,19,0,0.0,True,False,0.8967889908256881,19,21.0,41,0,1.0,0,False,True,27.768184324776925,25.38680733450319,2.3813769902737363,5.210338092523501,2.3813769902737363,5.210338092523501,5.210338092523501,0.01387158935985866,1.0096614261848316,1.0096614261848316,436,436,436,0,0.014536674018017948
veriq_74993ad0c9a479a9_0,veriq,combinational/rand_cliff/rand_cliff_19_AG.qasm,74993ad0c9a479a9ce9dcf96c5b53cdff7dee4aa59f173f71607bcbd948692d9,clifford,False,,/home/audrey/code_and_papers/2026/FAST2027/final/hilbert_thin_provisioning/external/veriq-benchmark/combinational/rand_cliff/rand_cliff_19_AG.qasm,0,a67c6cde7c7882e382a2f9dbd53e3ec1a3ea5e8fb975a9a2998e89302ef3550e,lowered,19,436,338,19,19,0,0.0,True,False,0.10550458715596331,19,2.0,6,0,1.0,0,False,True,27.768184324776925,27.623009373388047,0.14517495138887782,1.1058647501584897,0.14517495138887782,1.1058647501584897,1.1058647501584897,0.01387158935985866,1.0096614261848316,1.0096614261848316,436,436,436,0,0.02673159900587052
veriq_89f085f900aa9644_0,veriq,combinational/grover/grover_3.qasm,89f085f900aa9644029ef296387c73eca456d145cf39375e746536babef84386,grover_oracle,False,,/home/audrey/code_and_papers/2026/FAST2027/final/hilbert_thin_provisioning/external/veriq-benchmark/combinational/grover/grover_3.qasm,0,c81d28b8f1d5ba8b6f8d6d2ada43bd1ec5acd5594d6dcae33937b8798d78e064,semantic,3,16,9,3,3,0,0.0,True,False,0.1875,3,1.0,1,0,1.0,0,False,True,7.0,6.882643049361841,0.11735695063815932,1.0847457627118648,0.11735695063815932,1.0847457627118648,1.0847457627118648,0.0,1.0,1.0,16,16,16,0,0.0038284850015770644
veriq_89f085f900aa9644_0,veriq,combinational/grover/grover_3.qasm,89f085f900aa9644029ef296387c73eca456d145cf39375e746536babef84386,grover_oracle,False,,/home/audrey/code_and_papers/2026/FAST2027/final/hilbert_thin_provisioning/external/veriq-benchmark/combinational/grover/grover_3.qasm,0,c81d28b8f1d5ba8b6f8d6d2ada43bd1ec5acd5594d6dcae33937b8798d78e064,lowered,3,16,9,3,3,0,0.0,True,False,0.1875,3,1.0,1,0,1.0,0,False,True,7.0,6.882643049361841,0.11735695063815932,1.0847457627118648,0.11735695063815932,1.0847457627118648,1.0847457627118648,0.0,1.0,1.0,16,16,16,0,0.004859275999478996
veriq_ace41440241ebf83_0,veriq,combinational/grover/grover_7.qasm,ace41440241ebf83077bc1453c678a7f1e229e5ac7df6f2eefc5c8e1dd3db456,grover_oracle,False,,/home/audrey/code_and_papers/2026/FAST2027/final/hilbert_thin_provisioning/external/veriq-benchmark/combinational/grover/grover_7.qasm,0,338399004ef9748c673deebff1b25516cf5d72467b47e3e8bccce57fa1b47d42,semantic,7,32,13,7,7,0,0.0,True,False,0.21875,7,1.0,1,0,1.0,0,False,True,12.0,11.754052367528924,0.24594763247107565,1.1858714533873769,0.24594763247107565,1.1858714533873769,1.1858714533873769,0.14585086646345502,1.1063829787234045,1.1063829787234045,32,32,32,0,0.0039005659928079695
veriq_ace41440241ebf83_0,veriq,combinational/grover/grover_7.qasm,ace41440241ebf83077bc1453c678a7f1e229e5ac7df6f2eefc5c8e1dd3db456,grover_oracle,False,,/home/audrey/code_and_papers/2026/FAST2027/final/hilbert_thin_provisioning/external/veriq-benchmark/combinational/grover/grover_7.qasm,0,338399004ef9748c673deebff1b25516cf5d72467b47e3e8bccce57fa1b47d42,lowered,7,32,13,7,7,0,0.0,True,False,0.21875,7,1.0,1,0,1.0,0,False,True,12.0,11.754052367528924,0.24594763247107565,1.1858714533873769,0.24594763247107565,1.1858714533873769,1.1858714533873769,0.14585086646345502,1.1063829787234045,1.1063829787234045,32,32,32,0,0.00504579400876537
veriq_cef742b4aeaf9347_0,veriq,combinational/grover/grover_13.qasm,cef742b4aeaf93475eec9137b16196c5b71ef8859940095684ffb9f218c43d16,grover_oracle,False,,/home/audrey/code_and_papers/2026/FAST2027/final/hilbert_thin_provisioning/external/veriq-benchmark/combinational/grover/grover_13.qasm,0,565c92bf8a42f7ae2509e656c3758e96cff9fb52dcfc22986b0231452ec82524,semantic,13,59,25,13,13,0,0.0,True,False,0.22033898305084745,13,1.0,1,0,1.0,0,False,True,18.882643049361842,18.584955162776055,0.2976878865857877,1.2291729185634324,0.2976878865857877,1.2291729185634324,1.2291729185634324,0.25368723357454215,1.1922503725782423,1.1922503725782423,59,59,59,0,0.004368346999399364
veriq_cef742b4aeaf9347_0,veriq,combinational/grover/grover_13.qasm,cef742b4aeaf93475eec9137b16196c5b71ef8859940095684ffb9f218c43d16,grover_oracle,False,,/home/audrey/code_and_papers/2026/FAST2027/final/hilbert_thin_provisioning/external/veriq-benchmark/combinational/grover/grover_13.qasm,0,565c92bf8a42f7ae2509e656c3758e96cff9fb52dcfc22986b0231452ec82524,lowered,13,59,25,13,13,0,0.0,True,False,0.22033898305084745,13,1.0,1,0,1.0,0,False,True,18.882643049361842,18.584955162776055,0.2976878865857877,1.2291729185634324,0.2976878865857877,1.2291729185634324,1.2291729185634324,0.25368723357454215,1.1922503725782423,1.1922503725782423,59,59,59,0,0.006015920982463285
veriq_4ec89c1f3bf26994_0,veriq,combinational/grover/grover_19.qasm,4ec89c1f3bf26994937f11f10e23762fd9feb35e5527c84655b25df443b4d57d,grover_oracle,False,,/home/audrey/code_and_papers/2026/FAST2027/final/hilbert_thin_provisioning/external/veriq-benchmark/combinational/grover/grover_19.qasm,0,569b1d564d47b1a5ba44a6de362196492852852e5cf5658de66ade1ce5d44579,semantic,19,86,37,19,19,0,0.0,True,False,0.22093023255813954,19,1.0,1,0,1.0,0,False,True,25.426264754702096,25.108524377018096,0.3177403776840002,1.246376880500731,0.3177403776840002,1.246376880500731,1.246376880500731,0.30275063316814865,1.233493944524023,1.233493944524023,86,86,86,0,0.004838046996155754
veriq_4ec89c1f3bf26994_0,veriq,combinational/grover/grover_19.qasm,4ec89c1f3bf26994937f11f10e23762fd9feb35e5527c84655b25df443b4d57d,grover_oracle,False,,/home/audrey/code_and_papers/2026/FAST2027/final/hilbert_thin_provisioning/external/veriq-benchmark/combinational/grover/grover_19.qasm,0,569b1d564d47b1a5ba44a6de362196492852852e5cf5658de66ade1ce5d44579,lowered,19,86,37,19,19,0,0.0,True,False,0.22093023255813954,19,1.0,1,0,1.0,0,False,True,25.426264754702096,25.108524377018096,0.3177403776840002,1.246376880500731,0.3177403776840002,1.246376880500731,1.246376880500731,0.30275063316814865,1.233493944524023,1.233493944524023,86,86,86,0,0.008111000002827495
veriq_0caebc7c834b7881_0,veriq,combinational/grover/grover_21.qasm,0caebc7c834b78811f173fd892c6a431b2d5118fb3467a79a2f65c889135f06f,grover_oracle,False,,/home/audrey/code_and_papers/2026/FAST2027/final/hilbert_thin_provisioning/external/veriq-benchmark/combinational/grover/grover_21.qasm,0,cfbe7a42c36560693086d700fe0662cedafdf4c13092b27a06b6a60522fdaee2,semantic,21,95,41,21,21,0,0.0,True,False,0.22105263157894736,21,1.0,1,0,1.0,0,False,True,27.569855608330947,27.24792749534015,0.32192811299079693,1.250000015685431,0.32192811299079693,1.250000015685431,1.250000015685431,0.3132432745669185,1.2424977804084036,1.2424977804084036,95,95,95,0,0.005356779991416261
veriq_0caebc7c834b7881_0,veriq,combinational/grover/grover_21.qasm,0caebc7c834b78811f173fd892c6a431b2d5118fb3467a79a2f65c889135f06f,grover_oracle,False,,/home/audrey/code_and_papers/2026/FAST2027/final/hilbert_thin_provisioning/external/veriq-benchmark/combinational/grover/grover_21.qasm,0,cfbe7a42c36560693086d700fe0662cedafdf4c13092b27a06b6a60522fdaee2,lowered,21,95,41,21,21,0,0.0,True,False,0.22105263157894736,21,1.0,1,0,1.0,0,False,True,27.569855608330947,27.24792749534015,0.32192811299079693,1.250000015685431,0.32192811299079693,1.250000015685431,1.250000015685431,0.3132432745669185,1.2424977804084036,1.2424977804084036,95,95,95,0,0.008799873990938067
veriq_851f3d8de7f08057_0,veriq,combinational/grover/grover_27.qasm,851f3d8de7f080576cec753d66726daead003b540eb2cb134a6883bd6439abc4,grover_oracle,False,,/home/audrey/code_and_papers/2026/FAST2027/final/hilbert_thin_provisioning/external/veriq-benchmark/combinational/grover/grover_27.qasm,0,4086dae17deccf636f505b26a64afca26057a282cbd2a2b9718409b2b165754b,semantic,27,122,53,27,27,0,0.0,True,False,0.22131147540983606,27,1.0,1,0,1.0,0,False,True,33.93073733756289,33.599912841965505,0.33082449559738336,1.2577319589560976,0.33082449559738336,1.2577319589560976,1.2577319589560976,0.33561141801045125,1.2619120972382851,1.2619120972382851,122,122,122,0,0.006114974996307865
veriq_851f3d8de7f08057_0,veriq,combinational/grover/grover_27.qasm,851f3d8de7f080576cec753d66726daead003b540eb2cb134a6883bd6439abc4,grover_oracle,False,,/home/audrey/code_and_papers/2026/FAST2027/final/hilbert_thin_provisioning/external/veriq-benchmark/combinational/grover/grover_27.qasm,0,4086dae17deccf636f505b26a64afca26057a282cbd2a2b9718409b2b165754b,lowered,27,122,53,27,27,0,0.0,True,False,0.22131147540983606,27,1.0,1,0,1.0,0,False,True,33.93073733756289,33.599912841965505,0.33082449559738336,1.2577319589560976,0.33082449559738336,1.2577319589560976,1.2577319589560976,0.33561141801045125,1.2619120972382851,1.2619120972382851,122,122,122,0,0.010753866983577609
veriq_caf4f6fd0033a07b_0,veriq,combinational/grover/grover_33.qasm,caf4f6fd0033a07b4f85c8c55e0253a35b7835d4c9aab1eb113181abc4e05364,grover_oracle,False,,/home/audrey/code_and_papers/2026/FAST2027/final/hilbert_thin_provisioning/external/veriq-benchmark/combinational/grover/grover_33.qasm,0,05121280647cdf65e42322fa7a651040e5a9028f8eb4a3ae5087094eac42e321,semantic,33,149,65,33,33,0,0.0,True,False,0.2214765100671141,33,1.0,1,0,1.0,0,False,True,40.21916852046216,39.88264304935899,0.33652547110317244,1.262711864409276,0.33652547110317244,1.262711864409276,1.262711864409276,0.3499433343426759,1.2745105665681487,1.2745105665681487,149,149,149,0,0.00829628697829321
veriq_caf4f6fd0033a07b_0,veriq,combinational/grover/grover_33.qasm,caf4f6fd0033a07b4f85c8c55e0253a35b7835d4c9aab1eb113181abc4e05364,grover_oracle,False,,/home/audrey/code_and_papers/2026/FAST2027/final/hilbert_thin_provisioning/external/veriq-benchmark/combinational/grover/grover_33.qasm,0,05121280647cdf65e42322fa7a651040e5a9028f8eb4a3ae5087094eac42e321,lowered,33,149,65,33,33,0,0.0,True,False,0.2214765100671141,33,1.0,1,0,1.0,0,False,True,40.21916852046216,39.88264304935899,0.33652547110317244,1.262711864409276,0.33652547110317244,1.262711864409276,1.262711864409276,0.3499433343426759,1.2745105665681487,1.2745105665681487,149,149,149,0,0.014901354996254668
veriq_02bc74969fc74548_0,veriq,combinational/grover/grover_39.qasm,02bc74969fc7454896ac74a8ae070e93873a227b4bdd505a931296e079a3fd74,grover_oracle,False,,/home/audrey/code_and_papers/2026/FAST2027/final/hilbert_thin_provisioning/external/veriq-benchmark/combinational/grover/grover_39.qasm,0,83d25c7621ebd4648dd247258bc0d1249fe9eb1f093a45d732aa8f0f4d2f0745,semantic,39,176,77,39,39,0,0.0,True,False,0.2215909090909091,39,1.0,1,0,1.0,0,False,True,46.459431618637296,46.118941072723466,0.34049054591383054,1.2661870503597479,0.34049054591383054,1.2661870503597479,1.2661870503597479,0.35989603681046844,1.2833334149254765,1.2833334149254765,176,176,176,0,0.007622961013112217
veriq_02bc74969fc74548_0,veriq,combinational/grover/grover_39.qasm,02bc74969fc7454896ac74a8ae070e93873a227b4bdd505a931296e079a3fd74,grover_oracle,False,,/home/audrey/code_and_papers/2026/FAST2027/final/hilbert_thin_provisioning/external/veriq-benchmark/combinational/grover/grover_39.qasm,0,83d25c7621ebd4648dd247258bc0d1249fe9eb1f093a45d732aa8f0f4d2f0745,lowered,39,176,77,39,39,0,0.0,True,False,0.2215909090909091,39,1.0,1,0,1.0,0,False,True,46.459431618637296,46.118941072723466,0.34049054591383054,1.2661870503597479,0.34049054591383054,1.2661870503597479,1.2661870503597479,0.35989603681046844,1.2833334149254765,1.2833334149254765,176,176,176,0,0.014117917016847059
veriq_f66877b01090da09_0,veriq,combinational/grover/grover_41.qasm,f66877b01090da093b01869dd46e33e6f1a80be22e73377130a9af9b8a9aa411,grover_oracle,False,,/home/audrey/code_and_papers/2026/FAST2027/final/hilbert_thin_provisioning/external/veriq-benchmark/combinational/grover/grover_41.qasm,0,6b24f9c2263b1d8960124a9f3014cf2d4d36536c6e8711207c242968490b345a,semantic,41,185,81,41,41,0,0.0,True,False,0.22162162162162163,41,1.0,1,0,1.0,0,False,True,48.531381460516315,48.18982455888001,0.34155690163630226,1.2671232876712393,0.34155690163630226,1.2671232876712393,1.2671232876712393,0.3625701230628451,1.2857143246397715,1.2857143246397715,185,185,185,0,0.007690415979595855
veriq_f66877b01090da09_0,veriq,combinational/grover/grover_41.qasm,f66877b01090da093b01869dd46e33e6f1a80be22e73377130a9af9b8a9aa411,grover_oracle,False,,/home/audrey/code_and_papers/2026/FAST2027/final/hilbert_thin_provisioning/external/veriq-benchmark/combinational/grover/grover_41.qasm,0,6b24f9c2263b1d8960124a9f3014cf2d4d36536c6e8711207c242968490b345a,lowered,41,185,81,41,41,0,0.0,True,False,0.22162162162162163,41,1.0,1,0,1.0,0,False,True,48.531381460516315,48.18982455888001,0.34155690163630226,1.2671232876712393,0.34155690163630226,1.2671232876712393,1.2671232876712393,0.3625701230628451,1.2857143246397715,1.2857143246397715,185,185,185,0,0.01452600400079973
veriq_643727ab8e80e611_0,veriq,combinational/grover/grover_47.qasm,643727ab8e80e61116fd7aadc539633a7e30f9530a2d6c6cc8993c2901b0d696,grover_oracle,False,,/home/audrey/code_and_papers/2026/FAST2027/final/hilbert_thin_provisioning/external/veriq-benchmark/combinational/grover/grover_47.qasm,0,7e860c0c11804d44baf43e8a3d26c37422442dd9ab1ce6e55ee719b82827112d,semantic,47,212,93,47,47,0,0.0,True,False,0.22169811320754718,47,1.0,1,0,1.0,0,False,True,54.7279204545632,54.38370429247406,0.34421616208913974,1.269461077844305,0.34421616208913974,1.269461077844305,1.269461077844305,0.36923381444301384,1.291666670943851,1.291666670943851,212,212,212,0,0.009646877006161958
veriq_643727ab8e80e611_0,veriq,combinational/grover/grover_47.qasm,643727ab8e80e61116fd7aadc539633a7e30f9530a2d6c6cc8993c2901b0d696,grover_oracle,False,,/home/audrey/code_and_papers/2026/FAST2027/final/hilbert_thin_provisioning/external/veriq-benchmark/combinational/grover/grover_47.qasm,0,7e860c0c11804d44baf43e8a3d26c37422442dd9ab1ce6e55ee719b82827112d,lowered,47,212,93,47,47,0,0.0,True,False,0.22169811320754718,47,1.0,1,0,1.0,0,False,True,54.7279204545632,54.38370429247406,0.34421616208913974,1.269461077844305,0.34421616208913974,1.269461077844305,1.269461077844305,0.36923381444301384,1.291666670943851,1.291666670943851,212,212,212,0,0.01769817399326712
veriq_239e79e1472bf67a_0,veriq,combinational/grover/grover_55.qasm,239e79e1472bf67a5d06c7cc7a5c176a5b55198978eb3f3ec3b31c75994e6ceb,grover_oracle,False,,/home/audrey/code_and_papers/2026/FAST2027/final/hilbert_thin_provisioning/external/veriq-benchmark/combinational/grover/grover_55.qasm,0,2b48ca20de02387813b4810cb03f461f6b56a64ad8152c7dacd08f62c29156b6,semantic,55,248,109,55,55,0,0.0,True,False,0.2217741935483871,55,1.0,1,0,1.0,0,False,True,62.95419631038688,62.60733031374961,0.3468659966372698,1.2717948717948764,0.3468659966372698,1.2717948717948764,1.2717948717948764,0.3758669022540886,1.2976190478492349,1.2976190478492349,248,248,248,0,0.009372374974191189
veriq_239e79e1472bf67a_0,veriq,combinational/grover/grover_55.qasm,239e79e1472bf67a5d06c7cc7a5c176a5b55198978eb3f3ec3b31c75994e6ceb,grover_oracle,False,,/home/audrey/code_and_papers/2026/FAST2027/final/hilbert_thin_provisioning/external/veriq-benchmark/combinational/grover/grover_55.qasm,0,2b48ca20de02387813b4810cb03f461f6b56a64ad8152c7dacd08f62c29156b6,lowered,55,248,109,55,55,0,0.0,True,False,0.2217741935483871,55,1.0,1,0,1.0,0,False,True,62.95419631038688,62.60733031374961,0.3468659966372698,1.2717948717948764,0.3468659966372698,1.2717948717948764,1.2717948717948764,0.3758669022540886,1.2976190478492349,1.2976190478492349,248,248,248,0,0.01882110899896361
veriq_58c13af32fc14a5a_0,veriq,combinational/grover/grover_63.qasm,58c13af32fc14a5aa88d2192ed1edbb55795a3d14337e649e7e243b0afa27b2b,grover_oracle,False,,/home/audrey/code_and_papers/2026/FAST2027/final/hilbert_thin_provisioning/external/veriq-benchmark/combinational/grover/grover_63.qasm,0,ec274a8b769aea51fb2e502c46a3df45b73c30097bdc5d770d30d39c14d1283a,semantic,63,284,125,63,63,0,0.0,True,False,0.22183098591549297,63,1.0,1,0,1.0,0,False,True,71.14974711950468,70.80089989992031,0.34884721958437126,1.2735426008968556,0.34884721958437126,1.2735426008968556,1.2735426008968556,0.3808217839549286,1.3020833333459667,1.3020833333459667,284,284,284,0,0.01187059300718829
veriq_58c13af32fc14a5a_0,veriq,combinational/grover/grover_63.qasm,58c13af32fc14a5aa88d2192ed1edbb55795a3d14337e649e7e243b0afa27b2b,grover_oracle,False,,/home/audrey/code_and_papers/2026/FAST2027/final/hilbert_thin_provisioning/external/veriq-benchmark/combinational/grover/grover_63.qasm,0,ec274a8b769aea51fb2e502c46a3df45b73c30097bdc5d770d30d39c14d1283a,lowered,63,284,125,63,63,0,0.0,True,False,0.22183098591549297,63,1.0,1,0,1.0,0,False,True,71.14974711950468,70.80089989992031,0.34884721958437126,1.2735426008968556,0.34884721958437126,1.2735426008968556,1.2735426008968556,0.3808217839549286,1.3020833333459667,1.3020833333459667,284,284,284,0,0.02155753900296986
veriq_a88c9169ac8af897_0,veriq,combinational/grover/grover_65.qasm,a88c9169ac8af897633ea860d5ed1ed3e536192ba2f7dc4e2386df018976556b,grover_oracle,False,,/home/audrey/code_and_papers/2026/FAST2027/final/hilbert_thin_provisioning/external/veriq-benchmark/combinational/grover/grover_65.qasm,0,c78174b32ea7da83b2cbe9720bc3c8815f4612523f98bdaa32b2b0273fc3df11,semantic,65,293,129,65,65,0,0.0,True,False,0.22184300341296928,65,1.0,1,0,1.0,0,False,True,73.19475685442225,72.84549005094438,0.34926680347787453,1.2739130434782626,0.34926680347787453,1.2739130434782626,1.2739130434782626,0.381870635350424,1.3030303030364263,1.3030303030364263,293,293,293,0,0.010277775989379734
veriq_a88c9169ac8af897_0,veriq,combinational/grover/grover_65.qasm,a88c9169ac8af897633ea860d5ed1ed3e536192ba2f7dc4e2386df018976556b,grover_oracle,False,,/home/audrey/code_and_papers/2026/FAST2027/final/hilbert_thin_provisioning/external/veriq-benchmark/combinational/grover/grover_65.qasm,0,c78174b32ea7da83b2cbe9720bc3c8815f4612523f98bdaa32b2b0273fc3df11,lowered,65,293,129,65,65,0,0.0,True,False,0.22184300341296928,65,1.0,1,0,1.0,0,False,True,73.19475685442225,72.84549005094438,0.34926680347787453,1.2739130434782626,0.34926680347787453,1.2739130434782626,1.2739130434782626,0.381870635350424,1.3030303030364263,1.3030303030364263,293,293,293,0,0.021782047988381237
veriq_590a3f2652ecf03c_0,veriq,combinational/grover/grover_75.qasm,590a3f2652ecf03c27dee6522db49ad55683ab970a02aba78cdc0c9809889685,grover_oracle,False,,/home/audrey/code_and_papers/2026/FAST2027/final/hilbert_thin_provisioning/external/veriq-benchmark/combinational/grover/grover_75.qasm,0,7753071a8ea507142661eb1a6396bf2dd3833e518fbb7893a34bd05b5863a3e0,semantic,75,338,149,75,75,0,0.0,True,False,0.22189349112426035,75,1.0,1,0,1.0,0,False,True,83.40087943628218,83.04984854945056,0.351030886831623,1.2754716981132077,0.351030886831623,1.2754716981132077,1.2754716981132077,0.3862785062976002,1.3070175438598124,1.3070175438598124,338,338,338,0,0.012539456016384065
veriq_590a3f2652ecf03c_0,veriq,combinational/grover/grover_75.qasm,590a3f2652ecf03c27dee6522db49ad55683ab970a02aba78cdc0c9809889685,grover_oracle,False,,/home/audrey/code_and_papers/2026/FAST2027/final/hilbert_thin_provisioning/external/veriq-benchmark/combinational/grover/grover_75.qasm,0,7753071a8ea507142661eb1a6396bf2dd3833e518fbb7893a34bd05b5863a3e0,lowered,75,338,149,75,75,0,0.0,True,False,0.22189349112426035,75,1.0,1,0,1.0,0,False,True,83.40087943628218,83.04984854945056,0.351030886831623,1.2754716981132077,0.351030886831623,1.2754716981132077,1.2754716981132077,0.3862785062976002,1.3070175438598124,1.3070175438598124,338,338,338,0,0.0534105830010958
veriq_85d0fb9485e46a9b_0,veriq,combinational/grover/grover_87.qasm,85d0fb9485e46a9bc3bd30b010daa41f87405fcbd6e1ebd9091ea8a9c97cf2a6,grover_oracle,False,,/home/audrey/code_and_papers/2026/FAST2027/final/hilbert_thin_provisioning/external/veriq-benchmark/combinational/grover/grover_87.qasm,0,72300b75a65214f0c059af523075daf4b78461961dcb24352ea348827baa6613,semantic,87,392,173,87,87,0,0.0,True,False,0.22193877551020408,87,1.0,1,0,1.0,0,False,True,95.61470984411521,95.26209484537017,0.35261499874503954,1.2768729641693906,0.35261499874503954,1.2768729641693906,1.2768729641693906,0.3902341082782641,1.3106060606060541,1.3106060606060541,392,392,392,0,0.014281290990766138
veriq_85d0fb9485e46a9b_0,veriq,combinational/grover/grover_87.qasm,85d0fb9485e46a9bc3bd30b010daa41f87405fcbd6e1ebd9091ea8a9c97cf2a6,grover_oracle,False,,/home/audrey/code_and_papers/2026/FAST2027/final/hilbert_thin_provisioning/external/veriq-benchmark/combinational/grover/grover_87.qasm,0,72300b75a65214f0c059af523075daf4b78461961dcb24352ea348827baa6613,lowered,87,392,173,87,87,0,0.0,True,False,0.22193877551020408,87,1.0,1,0,1.0,0,False,True,95.61470984411521,95.26209484537017,0.35261499874503954,1.2768729641693906,0.35261499874503954,1.2768729641693906,1.2768729641693906,0.3902341082782641,1.3106060606060541,1.3106060606060541,392,392,392,0,0.027800904994364828
veriq_f37bf133b877b67e_0,veriq,combinational/grover/grover_99.qasm,f37bf133b877b67e377fec0d3a91132c1423aadc381f56bbe1539a4c7d1e849a,grover_oracle,False,,/home/audrey/code_and_papers/2026/FAST2027/final/hilbert_thin_provisioning/external/veriq-benchmark/combinational/grover/grover_99.qasm,0,5effc120c9eb8ab46557e3c7b58dbc7d7d607566ca9de5cafbf6c93b11ea8b0d,semantic,99,446,197,99,99,0,0.0,True,False,0.2219730941704036,99,1.0,1,0,1.0,0,False,True,107.80089989992031,107.44708322620966,0.3538166737106536,1.2779369627507173,0.3538166737106536,1.2779369627507173,1.2779369627507173,0.3932331289604889,1.3133333333333275,1.3133333333333275,446,446,446,0,0.015896625991445035
veriq_f37bf133b877b67e_0,veriq,combinational/grover/grover_99.qasm,f37bf133b877b67e377fec0d3a91132c1423aadc381f56bbe1539a4c7d1e849a,grover_oracle,False,,/home/audrey/code_and_papers/2026/FAST2027/final/hilbert_thin_provisioning/external/veriq-benchmark/combinational/grover/grover_99.qasm,0,5effc120c9eb8ab46557e3c7b58dbc7d7d607566ca9de5cafbf6c93b11ea8b0d,lowered,99,446,197,99,99,0,0.0,True,False,0.2219730941704036,99,1.0,1,0,1.0,0,False,True,107.80089989992031,107.44708322620966,0.3538166737106536,1.2779369627507173,0.3538166737106536,1.2779369627507173,1.2779369627507173,0.3932331289604889,1.3133333333333275,1.3133333333333275,446,446,446,0,0.03280198099673726
veriq_d9aba3a52316de2b_0,veriq,variational/EfficientSU2/eff_1_4.qasm,d9aba3a52316de2b812bbbef7760127843d9191c62463d32773b927301bbe239,hea,False,,/home/audrey/code_and_papers/2026/FAST2027/final/hilbert_thin_provisioning/external/veriq-benchmark/variational/EfficientSU2/eff_1_4.qasm,0,c0d7e095b960582e680e3e2debdd01eb5218df384ad7fcd81ee9b175d02ebb37,semantic,4,19,7,4,4,0,0.0,True,False,0.6842105263157895,4,3.5,5,0,1.0,0,False,True,8.247927513443585,7.459431618637298,0.788495894806287,1.7272727272727257,0.788495894806287,1.7272727272727257,1.7272727272727257,0.0,1.0,1.0,19,19,19,0,0.0035209429915994406
veriq_d9aba3a52316de2b_0,veriq,variational/EfficientSU2/eff_1_4.qasm,d9aba3a52316de2b812bbbef7760127843d9191c62463d32773b927301bbe239,hea,False,,/home/audrey/code_and_papers/2026/FAST2027/final/hilbert_thin_provisioning/external/veriq-benchmark/variational/EfficientSU2/eff_1_4.qasm,0,c0d7e095b960582e680e3e2debdd01eb5218df384ad7fcd81ee9b175d02ebb37,lowered,4,19,7,4,4,0,0.0,True,False,0.6842105263157895,4,3.5,5,0,1.0,0,False,True,8.247927513443585,7.459431618637298,0.788495894806287,1.7272727272727257,0.788495894806287,1.7272727272727257,1.7272727272727257,0.0,1.0,1.0,19,19,19,0,0.00451958499616012
veriq_4e6b618cc37d3c85_0,veriq,variational/EfficientSU2/eff_4_4.qasm,4e6b618cc37d3c8500241bbdf7eafbfa1d21d20eece87f3d4116b1ae875bbbf6,hea,False,,/home/audrey/code_and_papers/2026/FAST2027/final/hilbert_thin_provisioning/external/veriq-benchmark/variational/EfficientSU2/eff_4_4.qasm,0,60053a44111174b5b01aa65e1cf53182ec80987f7a714a910c7500e905576501,semantic,4,19,7,4,4,0,0.0,True,False,0.6842105263157895,4,3.5,5,0,1.0,0,False,True,8.247927513443585,7.459431618637298,0.788495894806287,1.7272727272727257,0.788495894806287,1.7272727272727257,1.7272727272727257,0.0,1.0,1.0,23,19,19,4,0.0031729229958727956
veriq_4e6b618cc37d3c85_0,veriq,variational/EfficientSU2/eff_4_4.qasm,4e6b618cc37d3c8500241bbdf7eafbfa1d21d20eece87f3d4116b1ae875bbbf6,hea,False,,/home/audrey/code_and_papers/2026/FAST2027/final/hilbert_thin_provisioning/external/veriq-benchmark/variational/EfficientSU2/eff_4_4.qasm,0,60053a44111174b5b01aa65e1cf53182ec80987f7a714a910c7500e905576501,lowered,4,19,7,4,4,0,0.0,True,False,0.6842105263157895,4,3.5,5,0,1.0,0,False,True,8.247927513443585,7.459431618637298,0.788495894806287,1.7272727272727257,0.788495894806287,1.7272727272727257,1.7272727272727257,0.0,1.0,1.0,23,19,19,4,0.0039038789982441813
veriq_e223bfc88d36f3a2_0,veriq,variational/EfficientSU2/eff_10.qasm,e223bfc88d36f3a29fb1fd8dbbbbcc396e83ca4dd9a42ca25cdd49aaa0228b83,hea,False,,/home/audrey/code_and_papers/2026/FAST2027/final/hilbert_thin_provisioning/external/veriq-benchmark/variational/EfficientSU2/eff_10.qasm,0,ad18c1e0062df1c27be79747a89e46412cf716675bddcdab3ee4b969b6ffe12d,semantic,10,49,13,10,10,0,0.0,True,False,0.8775510204081632,10,5.0,5,0,1.0,0,False,True,15.614709844115207,13.583082767502933,2.031627076612274,4.088657105606257,2.031627076612274,4.088657105606257,4.088657105606257,0.0,1.0,1.0,49,49,49,0,0.004040758998598903
veriq_e223bfc88d36f3a2_0,veriq,variational/EfficientSU2/eff_10.qasm,e223bfc88d36f3a29fb1fd8dbbbbcc396e83ca4dd9a42ca25cdd49aaa0228b83,hea,False,,/home/audrey/code_and_papers/2026/FAST2027/final/hilbert_thin_provisioning/external/veriq-benchmark/variational/EfficientSU2/eff_10.qasm,0,ad18c1e0062df1c27be79747a89e46412cf716675bddcdab3ee4b969b6ffe12d,lowered,10,49,13,10,10,0,0.0,True,False,0.8775510204081632,10,5.0,5,0,1.0,0,False,True,15.614709844115207,13.583082767502933,2.031627076612274,4.088657105606257,2.031627076612274,4.088657105606257,4.088657105606257,0.0,1.0,1.0,49,49,49,0,0.00538487799349241
veriq_12b301cee566e433_0,veriq,variational/EfficientSU2/eff_13.qasm,12b301cee566e4339ed64a0a9a603ebd7cf83e6e0501888156d8a3e2a9e63a45,hea,False,,/home/audrey/code_and_papers/2026/FAST2027/final/hilbert_thin_provisioning/external/veriq-benchmark/variational/EfficientSU2/eff_13.qasm,0,c54d4cf966fb4a524a3fe13d52d95295234bf497efb6ef45925a59cd126cf9f6,semantic,13,64,16,13,13,0,0.0,True,False,0.90625,13,5.0,5,0,1.0,0,False,True,19.0,16.58472766796392,2.4152723320360785,5.33420153019697,2.4152723320360785,5.33420153019697,5.33420153019697,0.0,1.0,1.0,64,64,64,0,0.004389142995933071
veriq_12b301cee566e433_0,veriq,variational/EfficientSU2/eff_13.qasm,12b301cee566e4339ed64a0a9a603ebd7cf83e6e0501888156d8a3e2a9e63a45,hea,False,,/home/audrey/code_and_papers/2026/FAST2027/final/hilbert_thin_provisioning/external/veriq-benchmark/variational/EfficientSU2/eff_13.qasm,0,c54d4cf966fb4a524a3fe13d52d95295234bf497efb6ef45925a59cd126cf9f6,lowered,13,64,16,13,13,0,0.0,True,False,0.90625,13,5.0,5,0,1.0,0,False,True,19.0,16.58472766796392,2.4152723320360785,5.33420153019697,2.4152723320360785,5.33420153019697,5.33420153019697,0.0,1.0,1.0,64,64,64,0,0.005995957995764911
veriq_d49832581b08fd02_0,veriq,combinational/qubit_mapping/Ourense/5QBT_4CYC_4GN_1.0P2_0.qasm,d49832581b08fd026f6aafb37fa0bf65943e0458dae4269e7c8fb8c962205e0d,mapping,False,,/home/audrey/code_and_papers/2026/FAST2027/final/hilbert_thin_provisioning/external/veriq-benchmark/combinational/qubit_mapping/Ourense/5QBT_4CYC_4GN_1.0P2_0.qasm,0,f2bc59d7ce9088af78ffea0e698fc48d567d00b5dc84e274cc3a27f44986632c,semantic,5,4,4,0,0,5,1.0,False,True,,0,0,0,5,32.0,0,False,True,7.0,2.0,5.0,32.0,5.0,32.0,32.0,5.0,32.0,32.0,4,4,4,0,0.002699441014556214
veriq_d49832581b08fd02_0,veriq,combinational/qubit_mapping/Ourense/5QBT_4CYC_4GN_1.0P2_0.qasm,d49832581b08fd026f6aafb37fa0bf65943e0458dae4269e7c8fb8c962205e0d,mapping,False,,/home/audrey/code_and_papers/2026/FAST2027/final/hilbert_thin_provisioning/external/veriq-benchmark/combinational/qubit_mapping/Ourense/5QBT_4CYC_4GN_1.0P2_0.qasm,0,f2bc59d7ce9088af78ffea0e698fc48d567d00b5dc84e274cc3a27f44986632c,lowered,5,4,4,0,0,5,1.0,False,True,,0,0,0,5,32.0,0,False,True,7.0,2.0,5.0,32.0,5.0,32.0,32.0,5.0,32.0,32.0,4,4,4,0,0.003463997010840103
veriq_5bce743d80c5da5b_0,veriq,combinational/qubit_mapping/Ourense/5QBT_32CYC_32GN_1.0P2_0.qasm,5bce743d80c5da5baa8b0af14777e4bd80fbbca0f4c039d9d2cb9ac9a2559a0a,mapping,False,,/home/audrey/code_and_papers/2026/FAST2027/final/hilbert_thin_provisioning/external/veriq-benchmark/combinational/qubit_mapping/Ourense/5QBT_32CYC_32GN_1.0P2_0.qasm,0,0ba004e6d66b60adbe772dd954ca3a0f0d16eede0cf54c4946687d4b095b5c8a,semantic,5,32,32,0,0,5,1.0,False,True,,0,0,0,5,32.0,0,False,True,10.0,5.0,5.0,32.0,5.0,32.0,32.0,5.0,32.0,32.0,32,32,32,0,0.003316890011774376
veriq_5bce743d80c5da5b_0,veriq,combinational/qubit_mapping/Ourense/5QBT_32CYC_32GN_1.0P2_0.qasm,5bce743d80c5da5baa8b0af14777e4bd80fbbca0f4c039d9d2cb9ac9a2559a0a,mapping,False,,/home/audrey/code_and_papers/2026/FAST2027/final/hilbert_thin_provisioning/external/veriq-benchmark/combinational/qubit_mapping/Ourense/5QBT_32CYC_32GN_1.0P2_0.qasm,0,0ba004e6d66b60adbe772dd954ca3a0f0d16eede0cf54c4946687d4b095b5c8a,lowered,5,32,32,0,0,5,1.0,False,True,,0,0,0,5,32.0,0,False,True,10.0,5.0,5.0,32.0,5.0,32.0,32.0,5.0,32.0,32.0,32,32,32,0,0.00451286300085485
veriq_8ebbeed28a0616e7_0,veriq,combinational/qubit_mapping/Aspen-4/16QBT_8CYC_16GN_1.0P2_0.qasm,8ebbeed28a0616e75bb52662a138ae3c060ef2c67c44a885d642493c1eff0ff9,mapping,False,,/home/audrey/code_and_papers/2026/FAST2027/final/hilbert_thin_provisioning/external/veriq-benchmark/combinational/qubit_mapping/Aspen-4/16QBT_8CYC_16GN_1.0P2_0.qasm,0,8ad474edfde1c52b9c9b9e0e165b3ee2889a255bc2d919a4ccdd4edc759e230a,semantic,16,16,8,5,5,11,0.6875,False,True,,5,1.0,4,11,2048.0,0,False,True,20.0,8.108524456778168,11.891475543221832,3799.1884057971038,11.891475543221832,3799.1884057971038,3799.1884057971038,11.642447995381918,3196.8780487804916,3196.8780487804916,16,16,16,0,0.003096203989116475
veriq_8ebbeed28a0616e7_0,veriq,combinational/qubit_mapping/Aspen-4/16QBT_8CYC_16GN_1.0P2_0.qasm,8ebbeed28a0616e75bb52662a138ae3c060ef2c67c44a885d642493c1eff0ff9,mapping,False,,/home/audrey/code_and_papers/2026/FAST2027/final/hilbert_thin_provisioning/external/veriq-benchmark/combinational/qubit_mapping/Aspen-4/16QBT_8CYC_16GN_1.0P2_0.qasm,0,8ad474edfde1c52b9c9b9e0e165b3ee2889a255bc2d919a4ccdd4edc759e230a,lowered,16,16,8,5,5,11,0.6875,False,True,,5,2.0,3,11,2048.0,0,False,True,20.0,7.924812503605781,12.075187496394218,4315.127572016457,12.075187496394218,4315.127572016457,4315.127572016457,11.642447995381918,3196.8780487804916,3196.8780487804916,16,16,16,0,0.003958681976655498
veriq_909a351ce58a299d_0,veriq,combinational/qubit_mapping/Aspen-4/16QBT_64CYC_128GN_1.0P2_0.qasm,909a351ce58a299d8c368ecff4ea511f17f85c7f61b357340e3665e34d314940,mapping,False,,/home/audrey/code_and_papers/2026/FAST2027/final/hilbert_thin_provisioning/external/veriq-benchmark/combinational/qubit_mapping/Aspen-4/16QBT_64CYC_128GN_1.0P2_0.qasm,0,22c8cbb106a08a600a32f38473c625bb0559283be2aa517a5d8b630cf1c03628,semantic,16,128,64,13,13,3,0.1875,False,True,,13,7.0,27,3,8.0,0,False,True,23.0,17.858612424664848,5.141387575335152,35.29489380322462,5.141387575335152,35.29489380322462,35.29489380322462,4.571361758398471,23.77480755931938,23.77480755931938,128,128,128,0,0.00634808698669076
veriq_909a351ce58a299d_0,veriq,combinational/qubit_mapping/Aspen-4/16QBT_64CYC_128GN_1.0P2_0.qasm,909a351ce58a299d8c368ecff4ea511f17f85c7f61b357340e3665e34d314940,mapping,False,,/home/audrey/code_and_papers/2026/FAST2027/final/hilbert_thin_provisioning/external/veriq-benchmark/combinational/qubit_mapping/Aspen-4/16QBT_64CYC_128GN_1.0P2_0.qasm,0,22c8cbb106a08a600a32f38473c625bb0559283be2aa517a5d8b630cf1c03628,lowered,16,128,64,13,13,3,0.1875,False,True,,13,6.0,34,3,8.0,0,False,True,23.0,16.419729802126568,6.580270197873432,95.68827139369883,6.580270197873432,95.68827139369883,95.68827139369883,4.571361758398471,23.77480755931938,23.77480755931938,128,128,128,0,0.010065845999633893
veriq_9cffa3addee84fc2_0,veriq,combinational/qubit_mapping/Tokyo/20QBT_4CYC_8GN_1.0P2_0.qasm,9cffa3addee84fc2fa5bef6be50991c54deed2c45e2a76bae45789d4c38b81f9,mapping,False,,/home/audrey/code_and_papers/2026/FAST2027/final/hilbert_thin_provisioning/external/veriq-benchmark/combinational/qubit_mapping/Tokyo/20QBT_4CYC_8GN_1.0P2_0.qasm,0,10b2ce711646e883ebf9e912f79a4c86b559d466317b0b46fcf4ebd528fa0f85,semantic,20,8,4,2,2,18,0.9,False,True,,2,2.5,3,18,262144.0,0,False,True,23.0,4.523561956057013,18.476438043942988,364722.0869565219,18.476438043942988,364722.0869565219,364722.0869565219,18.192645077942394,299593.14285714255,299593.14285714255,8,8,8,0,0.0034164910030085593
veriq_9cffa3addee84fc2_0,veriq,combinational/qubit_mapping/Tokyo/20QBT_4CYC_8GN_1.0P2_0.qasm,9cffa3addee84fc2fa5bef6be50991c54deed2c45e2a76bae45789d4c38b81f9,mapping,False,,/home/audrey/code_and_papers/2026/FAST2027/final/hilbert_thin_provisioning/external/veriq-benchmark/combinational/qubit_mapping/Tokyo/20QBT_4CYC_8GN_1.0P2_0.qasm,0,10b2ce711646e883ebf9e912f79a4c86b559d466317b0b46fcf4ebd528fa0f85,lowered,20,8,4,2,2,18,0.9,False,True,,2,3.5,6,18,262144.0,0,False,True,23.0,4.321928094887363,18.67807190511264,419430.4000000002,18.67807190511264,419430.4000000002,419430.4000000002,18.192645077942394,299593.14285714255,299593.14285714255,8,8,8,0,0.004429732012795284
veriq_c89018c96958b8fe_0,veriq,combinational/qubit_mapping/Tokyo/20QBT_8CYC_16GN_1.0P2_0.qasm,c89018c96958b8fed464ffc2969ef83fd364447da2227c571babd35bda3ddde0,mapping,False,,/home/audrey/code_and_papers/2026/FAST2027/final/hilbert_thin_provisioning/external/veriq-benchmark/combinational/qubit_mapping/Tokyo/20QBT_8CYC_16GN_1.0P2_0.qasm,0,7a71780cb4ef93641d797e3a7d2b2828bebcbdd21f74669bfe439334fd63fcd1,semantic,20,16,8,3,3,17,0.85,False,True,,3,4.0,10,17,131072.0,0,False,True,24.0,5.20945336562895,18.79054663437105,453438.27027027047,18.79054663437105,453438.27027027047,453438.27027027047,18.29956028185891,322638.76923076954,322638.76923076954,16,16,16,0,0.003104811010416597
veriq_c89018c96958b8fe_0,veriq,combinational/qubit_mapping/Tokyo/20QBT_8CYC_16GN_1.0P2_0.qasm,c89018c96958b8fed464ffc2969ef83fd364447da2227c571babd35bda3ddde0,mapping,False,,/home/audrey/code_and_papers/2026/FAST2027/final/hilbert_thin_provisioning/external/veriq-benchmark/combinational/qubit_mapping/Tokyo/20QBT_8CYC_16GN_1.0P2_0.qasm,0,7a71780cb4ef93641d797e3a7d2b2828bebcbdd21f74669bfe439334fd63fcd1,lowered,20,16,8,3,3,17,0.85,False,True,,3,3.0,6,17,131072.0,0,False,True,24.0,6.1292830169449655,17.870716983055033,239674.51428571416,17.870716983055033,239674.51428571416,239674.51428571416,18.29956028185891,322638.76923076954,322638.76923076954,16,16,16,0,0.0044561080285348
veriq_a818867739b41d78_0,veriq,combinational/qubit_mapping/Tokyo/20QBT_16CYC_32GN_1.0P2_0.qasm,a818867739b41d78496bd859cedf215452e774e83d02afb4261b36125fa6c908,mapping,False,,/home/audrey/code_and_papers/2026/FAST2027/final/hilbert_thin_provisioning/external/veriq-benchmark/combinational/qubit_mapping/Tokyo/20QBT_16CYC_32GN_1.0P2_0.qasm,0,196a79d8d834efa1adc60bdd84b1fb2c45fd837a45a33284c849393a8dc2b7c4,semantic,20,32,16,5,5,15,0.75,False,True,,5,4.0,11,15,32768.0,0,False,True,25.0,8.632995197142959,16.36700480285704,84519.97984886632,16.36700480285704,84519.97984886632,84519.97984886632,16.29956028185891,80659.69230769238,80659.69230769238,32,32,32,0,0.005003299011150375
veriq_a818867739b41d78_0,veriq,combinational/qubit_mapping/Tokyo/20QBT_16CYC_32GN_1.0P2_0.qasm,a818867739b41d78496bd859cedf215452e774e83d02afb4261b36125fa6c908,mapping,False,,/home/audrey/code_and_papers/2026/FAST2027/final/hilbert_thin_provisioning/external/veriq-benchmark/combinational/qubit_mapping/Tokyo/20QBT_16CYC_32GN_1.0P2_0.qasm,0,196a79d8d834efa1adc60bdd84b1fb2c45fd837a45a33284c849393a8dc2b7c4,lowered,20,32,16,5,5,15,0.75,False,True,,5,3.0,9,15,32768.0,0,False,True,25.0,8.584962500721156,16.415037499278846,87381.33333333344,16.415037499278846,87381.33333333344,87381.33333333344,16.29956028185891,80659.69230769238,80659.69230769238,32,32,32,0,0.007166342023992911
veriq_cdb7b06510c368a3_0,veriq,combinational/qubit_mapping/Tokyo/20QBT_64CYC_128GN_1.0P2_0.qasm,cdb7b06510c368a31681fa5df732f4329091e76d20d6168a995eb342f04fdf9d,mapping,False,,/home/audrey/code_and_papers/2026/FAST2027/final/hilbert_thin_provisioning/external/veriq-benchmark/combinational/qubit_mapping/Tokyo/20QBT_64CYC_128GN_1.0P2_0.qasm,0,21f048e50e288e5201c84bd5efd74b389d64c6642da636a84f7d062cb6f3756f,semantic,20,128,64,15,15,5,0.25,False,True,,15,5.0,32,5,32.0,0,False,True,27.0,20.39916733790946,6.600832662090539,97.06186406480724,6.600832662090539,97.06186406480724,97.06186406480724,6.221181713008757,74.60403275473749,74.60403275473749,128,128,128,0,0.005869790998985991
veriq_cdb7b06510c368a3_0,veriq,combinational/qubit_mapping/Tokyo/20QBT_64CYC_128GN_1.0P2_0.qasm,cdb7b06510c368a31681fa5df732f4329091e76d20d6168a995eb342f04fdf9d,mapping,False,,/home/audrey/code_and_papers/2026/FAST2027/final/hilbert_thin_provisioning/external/veriq-benchmark/combinational/qubit_mapping/Tokyo/20QBT_64CYC_128GN_1.0P2_0.qasm,0,21f048e50e288e5201c84bd5efd74b389d64c6642da636a84f7d062cb6f3756f,lowered,20,128,64,15,15,5,0.25,False,True,,15,7.0,20,5,32.0,0,False,True,27.0,20.049565416160476,6.950434583839524,123.6770998141402,6.950434583839524,123.6770998141402,123.6770998141402,6.221181713008757,74.60403275473749,74.60403275473749,128,128,128,0,0.010105190012836829
veriq_7d2f63fd4b551b61_0,veriq,combinational/qubit_mapping/Rochester/53QBT_4CYC_8GN_1.0P2_0.qasm,7d2f63fd4b551b6167d73c1c5b289faa4f82176b7007ed1ac1fd79b8eb5089d2,mapping,False,,/home/audrey/code_and_papers/2026/FAST2027/final/hilbert_thin_provisioning/external/veriq-benchmark/combinational/qubit_mapping/Rochester/53QBT_4CYC_8GN_1.0P2_0.qasm,0,c4777fa162805018489b396174d3821fe3a33f0453e689167f3f5477eef9e9b6,semantic,53,8,4,1,1,52,0.9811320754716981,False,True,,1,4.0,4,52,4503599627370496.0,0,False,True,56.0,3.700439718141092,52.29956028185891,5542891849071385.0,52.29956028185891,5542891849071385.0,5542891849071385.0,52.415037499278846,6004799503160669.0,6004799503160669.0,8,8,8,0,0.0032165820011869073
veriq_7d2f63fd4b551b61_0,veriq,combinational/qubit_mapping/Rochester/53QBT_4CYC_8GN_1.0P2_0.qasm,7d2f63fd4b551b6167d73c1c5b289faa4f82176b7007ed1ac1fd79b8eb5089d2,mapping,False,,/home/audrey/code_and_papers/2026/FAST2027/final/hilbert_thin_provisioning/external/veriq-benchmark/combinational/qubit_mapping/Rochester/53QBT_4CYC_8GN_1.0P2_0.qasm,0,c4777fa162805018489b396174d3821fe3a33f0453e689167f3f5477eef9e9b6,lowered,53,8,4,1,1,52,0.9811320754716981,False,True,,1,5.0,5,52,4503599627370496.0,0,False,True,56.0,3.5849625007211565,52.415037499278846,6004799503160669.0,52.415037499278846,6004799503160669.0,6004799503160669.0,52.415037499278846,6004799503160669.0,6004799503160669.0,8,8,8,0,0.004889273986918852
veriq_ae0fc1682d42ed13_0,veriq,combinational/qubit_mapping/Rochester/53QBT_32CYC_64GN_1.0P2_0.qasm,ae0fc1682d42ed1319e6730deab4a62dda62e136a61a445211164cdc3fbdfa0f,mapping,False,,/home/audrey/code_and_papers/2026/FAST2027/final/hilbert_thin_provisioning/external/veriq-benchmark/combinational/qubit_mapping/Rochester/53QBT_32CYC_64GN_1.0P2_0.qasm,0,dae06a81d455e484339c778b6afa1d476e6ba9130240d0451b4b767cd9ba9356,semantic,53,64,32,5,5,48,0.9056603773584906,False,True,,5,5.0,27,48,281474976710656.0,0,False,True,59.0,8.63662462054365,50.36337537945635,1448393850008601.0,50.36337537945635,1448393850008601.0,1448393850008601.0,49.48430016171596,787514688939103.0,787514688939103.0,64,64,64,0,0.004912431992124766
veriq_ae0fc1682d42ed13_0,veriq,combinational/qubit_mapping/Rochester/53QBT_32CYC_64GN_1.0P2_0.qasm,ae0fc1682d42ed1319e6730deab4a62dda62e136a61a445211164cdc3fbdfa0f,mapping,False,,/home/audrey/code_and_papers/2026/FAST2027/final/hilbert_thin_provisioning/external/veriq-benchmark/combinational/qubit_mapping/Rochester/53QBT_32CYC_64GN_1.0P2_0.qasm,0,dae06a81d455e484339c778b6afa1d476e6ba9130240d0451b4b767cd9ba9356,lowered,53,64,32,5,5,48,0.9056603773584906,False,True,,5,4.0,23,48,281474976710656.0,0,False,True,59.0,9.25502856981873,49.744971430181266,943470953033423.5,49.744971430181266,943470953033423.5,943470953033423.5,49.48430016171596,787514688939103.0,787514688939103.0,64,64,64,0,0.008295392006402835
veriq_1053a56203dbdc0f_0,veriq,combinational/qubit_mapping/Sycamore/54QBT_8CYC_16GN_1.0P2_0.qasm,1053a56203dbdc0f123a01ac5abd845c2eec5d027ed88d653b9c5241b18256fe,mapping,False,,/home/audrey/code_and_papers/2026/FAST2027/final/hilbert_thin_provisioning/external/veriq-benchmark/combinational/qubit_mapping/Sycamore/54QBT_8CYC_16GN_1.0P2_0.qasm,0,711692461ba110e3e60e1aac6cdfbcf9f79a9d099747c18e181d056ca23243b4,semantic,54,16,8,7,7,47,0.8703703703703703,False,True,,7,1.0,4,47,140737488355328.0,0,False,True,58.0,9.674192268145683,48.32580773185432,352791158080431.06,48.32580773185432,352791158080431.06,352791158080431.06,48.01700642530569,284812624655841.25,284812624655841.25,16,16,16,0,0.004319710977142677
veriq_1053a56203dbdc0f_0,veriq,combinational/qubit_mapping/Sycamore/54QBT_8CYC_16GN_1.0P2_0.qasm,1053a56203dbdc0f123a01ac5abd845c2eec5d027ed88d653b9c5241b18256fe,mapping,False,,/home/audrey/code_and_papers/2026/FAST2027/final/hilbert_thin_provisioning/external/veriq-benchmark/combinational/qubit_mapping/Sycamore/54QBT_8CYC_16GN_1.0P2_0.qasm,0,711692461ba110e3e60e1aac6cdfbcf9f79a9d099747c18e181d056ca23243b4,lowered,54,16,8,7,7,47,0.8703703703703703,False,True,,7,1.0,6,47,140737488355328.0,0,False,True,58.0,8.836050355058068,49.16394964494193,630701041907465.2,49.16394964494193,630701041907465.2,630701041907465.2,48.01700642530569,284812624655841.25,284812624655841.25,16,16,16,0,0.006879043998196721
veriq_f310e075c8212c19_0,veriq,combinational/qubit_mapping/Sycamore/54QBT_64CYC_128GN_1.0P2_0.qasm,f310e075c8212c193ad772b450b648529e913dd5d92b241e98dc1d98d5f80bdc,mapping,False,,/home/audrey/code_and_papers/2026/FAST2027/final/hilbert_thin_provisioning/external/veriq-benchmark/combinational/qubit_mapping/Sycamore/54QBT_64CYC_128GN_1.0P2_0.qasm,0,8b718ad82eeb39a481c3e3d01ab3706070894a8cf02cfc9bb046ed67da41304b,semantic,54,128,64,23,23,31,0.5740740740740741,False,True,,23,4.0,17,31,2147483648.0,0,False,True,61.0,26.01915891372237,34.98084108627763,33906459285.196938,34.98084108627763,33906459285.196938,33906459285.196938,33.32225837162607,10739876642.738663,10739876642.738663,128,128,128,0,0.006902369990712032
veriq_f310e075c8212c19_0,veriq,combinational/qubit_mapping/Sycamore/54QBT_64CYC_128GN_1.0P2_0.qasm,f310e075c8212c193ad772b450b648529e913dd5d92b241e98dc1d98d5f80bdc,mapping,False,,/home/audrey/code_and_papers/2026/FAST2027/final/hilbert_thin_provisioning/external/veriq-benchmark/combinational/qubit_mapping/Sycamore/54QBT_64CYC_128GN_1.0P2_0.qasm,0,8b718ad82eeb39a481c3e3d01ab3706070894a8cf02cfc9bb046ed67da41304b,lowered,54,128,64,23,23,31,0.5740740740740741,False,True,,23,5.0,16,31,2147483648.0,0,False,True,61.0,26.43673349221771,34.56326650778229,25385163618.669296,34.56326650778229,25385163618.669296,25385163618.669296,33.32225837162607,10739876642.738663,10739876642.738663,128,128,128,0,0.01238508298411034
veriq_7a121e1055b05cae_0,veriq,combinational/pe/pe_2.qasm,7a121e1055b05cae9157c20d26946834bf6303862e420748add6730042b72ce2,phase_estimation,False,,/home/audrey/code_and_papers/2026/FAST2027/final/hilbert_thin_provisioning/external/veriq-benchmark/combinational/pe/pe_2.qasm,0,00bd72c2569329d176f7fb00ca92b3e2ad40f618e3b6c66ffdbd4f482266bef2,semantic,3,7,6,2,2,1,0.3333333333333333,False,True,,2,1.0,1,1,2.0,0,False,True,5.807354922057604,4.700439718141092,1.106915203916512,2.1538461538461537,1.106915203916512,2.1538461538461537,2.1538461538461537,1.0,2.0,2.0,7,7,7,0,0.003105765994405374
veriq_7a121e1055b05cae_0,veriq,combinational/pe/pe_2.qasm,7a121e1055b05cae9157c20d26946834bf6303862e420748add6730042b72ce2,phase_estimation,False,,/home/audrey/code_and_papers/2026/FAST2027/final/hilbert_thin_provisioning/external/veriq-benchmark/combinational/pe/pe_2.qasm,0,00bd72c2569329d176f7fb00ca92b3e2ad40f618e3b6c66ffdbd4f482266bef2,lowered,3,7,6,2,2,1,0.3333333333333333,False,True,,2,1.0,1,1,2.0,0,False,True,5.807354922057604,4.700439718141092,1.106915203916512,2.1538461538461537,1.106915203916512,2.1538461538461537,2.1538461538461537,1.0,2.0,2.0,7,7,7,0,0.0036825499846599996
veriq_7f7e1dfa7d5fc0b7_0,veriq,combinational/pe/pe_13.qasm,7f7e1dfa7d5fc0b73d3aab05d01c15c88993a69f9b17b1a963bd4ca9904b86dd,phase_estimation,False,,/home/audrey/code_and_papers/2026/FAST2027/final/hilbert_thin_provisioning/external/veriq-benchmark/combinational/pe/pe_13.qasm,0,58d39d5ef93ba808908c33b66ba93359686848bed731e0d59019fb3a57d75306,semantic,14,117,39,13,13,1,0.07142857142857142,False,True,,13,1.0,1,1,2.0,0,False,True,20.870364719583407,19.72791713172476,1.1424475878586478,2.2075522542753543,1.1424475878586478,2.2075522542753543,2.2075522542753543,1.0,2.0,2.0,117,117,117,0,0.00733540699002333
veriq_7f7e1dfa7d5fc0b7_0,veriq,combinational/pe/pe_13.qasm,7f7e1dfa7d5fc0b73d3aab05d01c15c88993a69f9b17b1a963bd4ca9904b86dd,phase_estimation,False,,/home/audrey/code_and_papers/2026/FAST2027/final/hilbert_thin_provisioning/external/veriq-benchmark/combinational/pe/pe_13.qasm,0,58d39d5ef93ba808908c33b66ba93359686848bed731e0d59019fb3a57d75306,lowered,14,117,39,13,13,1,0.07142857142857142,False,True,,13,1.0,1,1,2.0,0,False,True,20.870364719583407,19.72791713172476,1.1424475878586478,2.2075522542753543,1.1424475878586478,2.2075522542753543,2.2075522542753543,1.0,2.0,2.0,117,117,117,0,0.010218078998150304
veriq_fd197b825ed78319_0,veriq,combinational/pe/pe_19.qasm,fd197b825ed78319c8eef87d8dbfbe06ac1a3b27cadb00b1e50519889920ea0e,phase_estimation,False,,/home/audrey/code_and_papers/2026/FAST2027/final/hilbert_thin_provisioning/external/veriq-benchmark/combinational/pe/pe_19.qasm,0,ab36375dd8a588ac2f6ea27d8a88805a8c806745f226f0051a9f74957929df30,semantic,20,228,57,19,19,1,0.05,False,True,,19,1.0,1,1,2.0,0,False,True,27.83289001416474,26.72109916262451,1.1117908515402313,2.1611374798297844,1.1117908515402313,2.1611374798297844,2.1611374798297844,1.0,2.0,2.0,228,228,228,0,0.011820779996924102
veriq_fd197b825ed78319_0,veriq,combinational/pe/pe_19.qasm,fd197b825ed78319c8eef87d8dbfbe06ac1a3b27cadb00b1e50519889920ea0e,phase_estimation,False,,/home/audrey/code_and_papers/2026/FAST2027/final/hilbert_thin_provisioning/external/veriq-benchmark/combinational/pe/pe_19.qasm,0,ab36375dd8a588ac2f6ea27d8a88805a8c806745f226f0051a9f74957929df30,lowered,20,228,57,19,19,1,0.05,False,True,,19,1.0,1,1,2.0,0,False,True,27.83289001416474,26.72109916262451,1.1117908515402313,2.1611374798297844,1.1117908515402313,2.1611374798297844,2.1611374798297844,1.0,2.0,2.0,228,228,228,0,0.01780588098336011
veriq_8d4bc9481cb5f5b7_0,veriq,combinational/pe/pe_40.qasm,8d4bc9481cb5f5b7112f0c95f8817c9df350399a2aa700ae672b9200cf93e5db,phase_estimation,False,,/home/audrey/code_and_papers/2026/FAST2027/final/hilbert_thin_provisioning/external/veriq-benchmark/combinational/pe/pe_40.qasm,0,017095fd39cc9785d2f2eb62c9784e9324d0a37d97d1e7b6293d2403e31f6ed3,semantic,41,900,120,40,40,1,0.024390243902439025,False,True,,40,1.0,1,1,2.0,0,False,True,50.81378119121704,49.7515440590891,1.0622371321279402,2.088167053364271,1.0622371321279402,2.088167053364271,2.088167053364271,0.9999999999999929,1.9999999999999902,1.9999999999999902,900,900,900,0,0.030458630993962288
veriq_8d4bc9481cb5f5b7_0,veriq,combinational/pe/pe_40.qasm,8d4bc9481cb5f5b7112f0c95f8817c9df350399a2aa700ae672b9200cf93e5db,phase_estimation,False,,/home/audrey/code_and_papers/2026/FAST2027/final/hilbert_thin_provisioning/external/veriq-benchmark/combinational/pe/pe_40.qasm,0,017095fd39cc9785d2f2eb62c9784e9324d0a37d97d1e7b6293d2403e31f6ed3,lowered,41,900,120,40,40,1,0.024390243902439025,False,True,,40,1.0,1,1,2.0,0,False,True,50.81378119121704,49.7515440590891,1.0622371321279402,2.088167053364271,1.0622371321279402,2.088167053364271,2.088167053364271,0.9999999999999929,1.9999999999999902,1.9999999999999902,900,900,900,0,0.0524611989967525
veriq_5e086a7c02c33f07_0,veriq,combinational/pe/pe_41.qasm,5e086a7c02c33f076ed19bdbaf23d1a4e5e60fbaa4e6070e0d9e51c639992671,phase_estimation,False,,/home/audrey/code_and_papers/2026/FAST2027/final/hilbert_thin_provisioning/external/veriq-benchmark/combinational/pe/pe_41.qasm,0,425817b55e72b1393a19b744a3972a431eb84f13a49c6feabdc82c77571b7f64,semantic,42,943,123,41,41,1,0.023809523809523808,False,True,,41,1.0,1,1,2.0,0,False,True,51.881113960675094,50.82017896241519,1.0609349982599028,2.086283185840699,1.0609349982599028,2.086283185840699,2.086283185840699,1.0,2.0,2.0,943,943,943,0,0.034116819995688275
veriq_5e086a7c02c33f07_0,veriq,combinational/pe/pe_41.qasm,5e086a7c02c33f076ed19bdbaf23d1a4e5e60fbaa4e6070e0d9e51c639992671,phase_estimation,False,,/home/audrey/code_and_papers/2026/FAST2027/final/hilbert_thin_provisioning/external/veriq-benchmark/combinational/pe/pe_41.qasm,0,425817b55e72b1393a19b744a3972a431eb84f13a49c6feabdc82c77571b7f64,lowered,42,943,123,41,41,1,0.023809523809523808,False,True,,41,1.0,1,1,2.0,0,False,True,51.881113960675094,50.82017896241519,1.0609349982599028,2.086283185840699,1.0609349982599028,2.086283185840699,2.086283185840699,1.0,2.0,2.0,943,943,943,0,0.057768548984313384
veriq_c7e3262928d1680a_0,veriq,combinational/pe/pe_42.qasm,c7e3262928d1680a00b269cb4aa33f4433c37a9a47cb5ca589f48174c12af8ba,phase_estimation,False,,/home/audrey/code_and_papers/2026/FAST2027/final/hilbert_thin_provisioning/external/veriq-benchmark/combinational/pe/pe_42.qasm,0,77d6ddc71f789dd4f14f8f010a093e765c623a40be802b053c3cd65934ebadf8,semantic,43,987,126,42,42,1,0.023255813953488372,False,True,,42,1.0,1,1,2.0,0,False,True,52.946906274456396,51.88722061546838,1.0596856589880161,2.0844772967265097,1.0596856589880161,2.0844772967265097,2.0844772967265097,1.0,2.0,2.0,987,987,987,0,0.03374199999962002
veriq_c7e3262928d1680a_0,veriq,combinational/pe/pe_42.qasm,c7e3262928d1680a00b269cb4aa33f4433c37a9a47cb5ca589f48174c12af8ba,phase_estimation,False,,/home/audrey/code_and_papers/2026/FAST2027/final/hilbert_thin_provisioning/external/veriq-benchmark/combinational/pe/pe_42.qasm,0,77d6ddc71f789dd4f14f8f010a093e765c623a40be802b053c3cd65934ebadf8,lowered,43,987,126,42,42,1,0.023255813953488372,False,True,,42,1.0,1,1,2.0,0,False,True,52.946906274456396,51.88722061546838,1.0596856589880161,2.0844772967265097,1.0596856589880161,2.0844772967265097,2.0844772967265097,1.0,2.0,2.0,987,987,987,0,0.057476933987345546
veriq_b98fb22eef8c5bd9_0,veriq,combinational/pe/pe_64.qasm,b98fb22eef8c5bd90ab63daee8f53d39fbb173cde2d98557ec8f754a6f8c43ba,phase_estimation,False,,/home/audrey/code_and_papers/2026/FAST2027/final/hilbert_thin_provisioning/external/veriq-benchmark/combinational/pe/pe_64.qasm,0,ffc270c5af5992d5cf439221342a199f77dee2f8c51d28351c937d0f2e950429,semantic,65,2208,192,64,64,1,0.015384615384615385,False,True,,64,1.0,1,1,2.0,0,False,True,76.10852445677817,75.06743436075652,1.041090096021648,2.0577819198508864,1.041090096021648,2.0577819198508864,2.0577819198508864,1.0,2.0,2.0,2208,2208,2208,0,0.072213161009131
veriq_b98fb22eef8c5bd9_0,veriq,combinational/pe/pe_64.qasm,b98fb22eef8c5bd90ab63daee8f53d39fbb173cde2d98557ec8f754a6f8c43ba,phase_estimation,False,,/home/audrey/code_and_papers/2026/FAST2027/final/hilbert_thin_provisioning/external/veriq-benchmark/combinational/pe/pe_64.qasm,0,ffc270c5af5992d5cf439221342a199f77dee2f8c51d28351c937d0f2e950429,lowered,65,2208,192,64,64,1,0.015384615384615385,False,True,,64,1.0,1,1,2.0,0,False,True,76.10852445677817,75.06743436075652,1.041090096021648,2.0577819198508864,1.041090096021648,2.0577819198508864,2.0577819198508864,1.0,2.0,2.0,2208,2208,2208,0,0.11676577999605797
veriq_186b12bedc970e1e_0,veriq,combinational/pe/pe_76.qasm,186b12bedc970e1e1a13ad9966ffbb0a7d443288aa1657ba643aef0b9574c855,phase_estimation,False,,/home/audrey/code_and_papers/2026/FAST2027/final/hilbert_thin_provisioning/external/veriq-benchmark/combinational/pe/pe_76.qasm,0,7afa7c7f44d9b025b6b77aec83070c1e30a40c16782a510664d750104a3c117c,semantic,77,3078,228,76,76,1,0.012987012987012988,False,True,,76,1.0,1,1,2.0,0,False,True,88.5877775163282,87.55266909751427,1.035108418813934,2.0492676431424703,1.035108418813934,2.0492676431424703,2.0492676431424703,1.0,2.0,2.0,3078,3078,3078,0,0.10435695800697431
veriq_186b12bedc970e1e_0,veriq,combinational/pe/pe_76.qasm,186b12bedc970e1e1a13ad9966ffbb0a7d443288aa1657ba643aef0b9574c855,phase_estimation,False,,/home/audrey/code_and_papers/2026/FAST2027/final/hilbert_thin_provisioning/external/veriq-benchmark/combinational/pe/pe_76.qasm,0,7afa7c7f44d9b025b6b77aec83070c1e30a40c16782a510664d750104a3c117c,lowered,77,3078,228,76,76,1,0.012987012987012988,False,True,,76,1.0,1,1,2.0,0,False,True,88.5877775163282,87.55266909751427,1.035108418813934,2.0492676431424703,1.035108418813934,2.0492676431424703,2.0492676431424703,1.0,2.0,2.0,3078,3078,3078,0,0.17841675598174334
veriq_2d45f422667bd8f0_0,veriq,combinational/pe/pe_88.qasm,2d45f422667bd8f0aed6de25023fa039ebdcc651431efbecb4b6819a37933e81,phase_estimation,False,,/home/audrey/code_and_papers/2026/FAST2027/final/hilbert_thin_provisioning/external/veriq-benchmark/combinational/pe/pe_88.qasm,0,728b4e0c627ec808992cab74346f5118f4e1330f24b1c5510e12834032219648,semantic,89,4092,264,88,88,1,0.011235955056179775,False,True,,88,1.0,1,1,2.0,0,False,True,100.99859042974533,99.96794670581271,1.0306437239326272,2.0429355966051013,1.0306437239326272,2.0429355966051013,2.0429355966051013,0.9999999999999858,1.9999999999999802,1.9999999999999802,4092,4092,4092,0,0.18139260800671764
veriq_2d45f422667bd8f0_0,veriq,combinational/pe/pe_88.qasm,2d45f422667bd8f0aed6de25023fa039ebdcc651431efbecb4b6819a37933e81,phase_estimation,False,,/home/audrey/code_and_papers/2026/FAST2027/final/hilbert_thin_provisioning/external/veriq-benchmark/combinational/pe/pe_88.qasm,0,728b4e0c627ec808992cab74346f5118f4e1330f24b1c5510e12834032219648,lowered,89,4092,264,88,88,1,0.011235955056179775,False,True,,88,1.0,1,1,2.0,0,False,True,100.99859042974533,99.96794670581271,1.0306437239326272,2.0429355966051013,1.0306437239326272,2.0429355966051013,2.0429355966051013,0.9999999999999858,1.9999999999999802,1.9999999999999802,4092,4092,4092,0,0.2686786340200342
veriq_0e7f38fafadda78f_0,veriq,variational/QAOA/qaoa_6.qasm,0e7f38fafadda78f100bb7baad38f5f4b2de6e16aebaddf98e5de951a644d55c,qaoa,False,,/home/audrey/code_and_papers/2026/FAST2027/final/hilbert_thin_provisioning/external/veriq-benchmark/variational/QAOA/qaoa_6.qasm,0,2bcf127dc83f1c3051d86620f4988e38046f0169a27919cd83e86cf39b4f24c5,semantic,6,110,32,6,6,0,0.0,True,False,0.05454545454545454,6,1.0,1,0,1.0,0,False,True,12.78135971352466,12.72749506902543,0.0538646444992299,1.038041875552935,0.0538646444992299,1.038041875552935,1.038041875552935,0.0,1.0,1.0,110,110,110,0,0.015432339976541698
veriq_0e7f38fafadda78f_0,veriq,variational/QAOA/qaoa_6.qasm,0e7f38fafadda78f100bb7baad38f5f4b2de6e16aebaddf98e5de951a644d55c,qaoa,False,,/home/audrey/code_and_papers/2026/FAST2027/final/hilbert_thin_provisioning/external/veriq-benchmark/variational/QAOA/qaoa_6.qasm,0,2bcf127dc83f1c3051d86620f4988e38046f0169a27919cd83e86cf39b4f24c5,lowered,6,110,32,6,6,0,0.0,True,False,0.6636363636363637,6,11.0,28,0,1.0,0,False,True,12.78135971352466,11.820178962415186,0.9611807511094739,1.9469026548672592,0.9611807511094739,1.9469026548672592,1.9469026548672592,0.0,1.0,1.0,110,110,110,0,0.017947297979844734
veriq_7ea21e4c999454e6_0,veriq,variational/QAOA/qaoa_10.qasm,7ea21e4c999454e66711f190c4f5b8faefae3574771b9f4f223812950f7f949c,qaoa,False,,/home/audrey/code_and_papers/2026/FAST2027/final/hilbert_thin_provisioning/external/veriq-benchmark/variational/QAOA/qaoa_10.qasm,0,f59c97f5754a0b3c217350306a2ffb53e6688be92796dbaf8fb1af2f9f2d4829,semantic,10,188,90,10,10,0,0.0,True,False,0.05319148936170213,10,1.0,1,0,1.0,0,False,True,17.554588851677636,17.49183744200168,0.0627514096759576,1.0444557775149466,0.0627514096759576,1.0444557775149466,1.0444557775149466,0.0,1.0,1.0,198,188,188,10,0.01871844902052544
veriq_7ea21e4c999454e6_0,veriq,variational/QAOA/qaoa_10.qasm,7ea21e4c999454e66711f190c4f5b8faefae3574771b9f4f223812950f7f949c,qaoa,False,,/home/audrey/code_and_papers/2026/FAST2027/final/hilbert_thin_provisioning/external/veriq-benchmark/variational/QAOA/qaoa_10.qasm,0,f59c97f5754a0b3c217350306a2ffb53e6688be92796dbaf8fb1af2f9f2d4829,lowered,10,188,90,10,10,0,0.0,True,False,0.7925531914893617,10,4.0,68,0,1.0,0,False,True,17.554588851677636,16.371572474933018,1.183016376744618,2.270509977827049,1.183016376744618,2.270509977827049,2.270509977827049,0.0,1.0,1.0,198,188,188,10,0.023487110011046752
veriq_932cad109a4493e9_0,veriq,variational/QAOA/qaoa_15.qasm,932cad109a4493e9bd3aefbac6f02bebf9d80c38b43f59c27e324ea66a4b29f3,qaoa,False,,/home/audrey/code_and_papers/2026/FAST2027/final/hilbert_thin_provisioning/external/veriq-benchmark/variational/QAOA/qaoa_15.qasm,0,d8325ed11b18b4ace9d9c353acbf655e6d6f9b07adbcb15627acaf6c9ea855f2,semantic,15,296,99,15,15,0,0.0,True,False,0.05067567567567568,15,1.0,1,0,1.0,0,False,True,23.20945336562895,23.144657931683028,0.06479543394592113,1.0459366213388843,0.06479543394592113,1.0459366213388843,1.0459366213388843,0.0,1.0,1.0,311,296,296,15,0.024217308004153892
veriq_932cad109a4493e9_0,veriq,variational/QAOA/qaoa_15.qasm,932cad109a4493e9bd3aefbac6f02bebf9d80c38b43f59c27e324ea66a4b29f3,qaoa,False,,/home/audrey/code_and_papers/2026/FAST2027/final/hilbert_thin_provisioning/external/veriq-benchmark/variational/QAOA/qaoa_15.qasm,0,d8325ed11b18b4ace9d9c353acbf655e6d6f9b07adbcb15627acaf6c9ea855f2,lowered,15,296,99,15,15,0,0.0,True,False,0.8243243243243243,15,4.0,72,0,1.0,0,False,True,23.20945336562895,20.94328460306907,2.2661687625598788,4.8104396748909295,2.2661687625598788,4.8104396748909295,4.8104396748909295,0.0,1.0,1.0,311,296,296,15,0.031049992016050965
veriq_4892d365ac4839c5_0,veriq,variational/QAOA/qaoa_20.qasm,4892d365ac4839c527445ca035f485b50846e001110d8b034043100ebbf4e068,qaoa,False,,/home/audrey/code_and_papers/2026/FAST2027/final/hilbert_thin_provisioning/external/veriq-benchmark/variational/QAOA/qaoa_20.qasm,0,887688f820303025181c201193cfd4486f625fb583e2fae1bf7b38e33ed9bc8e,semantic,20,432,81,20,20,0,0.0,True,False,0.046296296296296294,20,1.0,1,0,1.0,0,False,True,28.75488750216347,28.693486950852655,0.06140055131081468,1.0434782656769963,0.06140055131081468,1.0434782656769963,1.0434782656769963,0.0,1.0,1.0,452,432,432,20,0.03305978199932724
veriq_4892d365ac4839c5_0,veriq,variational/QAOA/qaoa_20.qasm,4892d365ac4839c527445ca035f485b50846e001110d8b034043100ebbf4e068,qaoa,False,,/home/audrey/code_and_papers/2026/FAST2027/final/hilbert_thin_provisioning/external/veriq-benchmark/variational/QAOA/qaoa_20.qasm,0,887688f820303025181c201193cfd4486f625fb583e2fae1bf7b38e33ed9bc8e,lowered,20,432,81,20,20,0,0.0,True,False,0.9699074074074074,20,9.5,83,0,1.0,0,False,True,28.75488750216347,25.91057031761309,2.8443171845503805,7.181659159599779,2.8443171845503805,7.181659159599779,7.181659159599779,0.0,1.0,1.0,452,432,432,20,0.04281880400958471
veriq_5b3c3d4a683ce73b_0,veriq,variational/QAOA/qaoa_25.qasm,5b3c3d4a683ce73b2a7fb2cca649991c61f9eb780b7f197e4848349dbe9ad774,qaoa,False,,/home/audrey/code_and_papers/2026/FAST2027/final/hilbert_thin_provisioning/external/veriq-benchmark/variational/QAOA/qaoa_25.qasm,0,0d802e0b4f73fd57e51407877220d91e4e2376279f25e40c2c21cbc46bda9086,semantic,25,554,81,25,25,0,0.0,True,False,0.04512635379061372,25,1.0,1,0,1.0,0,False,True,34.11374216604919,34.052568050642215,0.06117411540697759,1.043314501058732,0.06117411540697759,1.043314501058732,1.043314501058732,0.0,1.0,1.0,579,554,554,25,0.04499871999723837
veriq_5b3c3d4a683ce73b_0,veriq,variational/QAOA/qaoa_25.qasm,5b3c3d4a683ce73b2a7fb2cca649991c61f9eb780b7f197e4848349dbe9ad774,qaoa,False,,/home/audrey/code_and_papers/2026/FAST2027/final/hilbert_thin_provisioning/external/veriq-benchmark/variational/QAOA/qaoa_25.qasm,0,0d802e0b4f73fd57e51407877220d91e4e2376279f25e40c2c21cbc46bda9086,lowered,25,554,81,25,25,0,0.0,True,False,0.8628158844765343,25,4.0,111,0,1.0,0,False,True,34.11374216604919,32.09862228764577,2.015119878403425,4.042141647194108,2.015119878403425,4.042141647194108,4.042141647194108,0.0,1.0,1.0,579,554,554,25,0.0592650469916407
veriq_1e3f14dad487dc42_0,veriq,variational/QAOA/qaoa_30.qasm,1e3f14dad487dc4202e2d6dc759ca44e7ca37bf29a127539ea34446f405cf1ae,qaoa,False,,/home/audrey/code_and_papers/2026/FAST2027/final/hilbert_thin_provisioning/external/veriq-benchmark/variational/QAOA/qaoa_30.qasm,0,83da9709d1306a95d786948456a05a220acc3ddc4887c3af4c635f341aec4ac9,semantic,30,676,158,30,30,0,0.0,True,False,0.04437869822485207,30,1.0,1,0,1.0,0,False,True,39.40087943628218,39.339850002880475,0.06102943340170697,1.0432098765462088,0.06102943340170697,1.0432098765462088,1.0432098765462088,0.0,1.0,1.0,706,676,676,30,0.05942207798943855
veriq_1e3f14dad487dc42_0,veriq,variational/QAOA/qaoa_30.qasm,1e3f14dad487dc4202e2d6dc759ca44e7ca37bf29a127539ea34446f405cf1ae,qaoa,False,,/home/audrey/code_and_papers/2026/FAST2027/final/hilbert_thin_provisioning/external/veriq-benchmark/variational/QAOA/qaoa_30.qasm,0,83da9709d1306a95d786948456a05a220acc3ddc4887c3af4c635f341aec4ac9,lowered,30,676,158,30,30,0,0.0,True,False,0.9985207100591716,30,28.0,30,0,1.0,0,False,True,39.40087943628218,34.85524545144495,4.545633984837231,23.3545863047156,4.545633984837231,23.3545863047156,23.3545863047156,0.0,1.0,1.0,706,676,676,30,0.07723225399968214
veriq_8b22a3d4354f5421_0,veriq,variational/QAOA/qaoa_35.qasm,8b22a3d4354f54216d0fe3665171f151b4c70313c11a1849b9b6f31f692fde46,qaoa,False,,/home/audrey/code_and_papers/2026/FAST2027/final/hilbert_thin_provisioning/external/veriq-benchmark/variational/QAOA/qaoa_35.qasm,0,d8004c6224fdd1d8fa65c3ff9cb7c1dc30f1b4032a1ac321c854dbd966769b2b,semantic,35,826,158,35,35,0,0.0,True,False,0.0423728813559322,35,1.0,1,0,1.0,0,False,True,44.689997971419444,44.63117705570387,0.05882091571557169,1.0416141235814123,0.05882091571557169,1.0416141235814123,1.0416141235814123,7.105427357601002e-15,1.0000000000000049,1.0000000000000049,861,826,826,35,0.06258455300121568
veriq_8b22a3d4354f5421_0,veriq,variational/QAOA/qaoa_35.qasm,8b22a3d4354f54216d0fe3665171f151b4c70313c11a1849b9b6f31f692fde46,qaoa,False,,/home/audrey/code_and_papers/2026/FAST2027/final/hilbert_thin_provisioning/external/veriq-benchmark/variational/QAOA/qaoa_35.qasm,0,d8004c6224fdd1d8fa65c3ff9cb7c1dc30f1b4032a1ac321c854dbd966769b2b,lowered,35,826,158,35,35,0,0.0,True,False,0.9697336561743342,35,28.0,30,0,1.0,0,False,True,44.689997971419444,40.73402134108254,3.955976630336906,15.519139174854221,3.955976630336906,15.519139174854221,15.519139174854221,7.105427357601002e-15,1.0000000000000049,1.0000000000000049,861,826,826,35,0.08247204899089411
veriq_254bb23b86da5e75_0,veriq,variational/QAOA/qaoa_40.qasm,254bb23b86da5e752799bbd2b09021908bf2e70aeb07d1107135da9880bcb31b,qaoa,False,,/home/audrey/code_and_papers/2026/FAST2027/final/hilbert_thin_provisioning/external/veriq-benchmark/variational/QAOA/qaoa_40.qasm,0,162aea85ca9d8ce3e0fa59bb4ec4eb79bdfc46bc4ce030a995feb4e0dfee0210,semantic,40,962,177,40,40,0,0.0,True,False,0.04158004158004158,40,1.0,1,0,1.0,0,False,True,49.909893083770044,49.85174904141605,0.05814404235399451,1.0411255411255484,0.05814404235399451,1.0411255411255484,1.0411255411255484,0.0,1.0,1.0,1002,962,962,40,0.11627267100266181
veriq_254bb23b86da5e75_0,veriq,variational/QAOA/qaoa_40.qasm,254bb23b86da5e752799bbd2b09021908bf2e70aeb07d1107135da9880bcb31b,qaoa,False,,/home/audrey/code_and_papers/2026/FAST2027/final/hilbert_thin_provisioning/external/veriq-benchmark/variational/QAOA/qaoa_40.qasm,0,162aea85ca9d8ce3e0fa59bb4ec4eb79bdfc46bc4ce030a995feb4e0dfee0210,lowered,40,962,177,40,40,0,0.0,True,False,0.974012474012474,40,30.0,30,0,1.0,0,False,True,49.909893083770044,45.56988340757756,4.340009676192487,20.252241335368865,4.340009676192487,20.252241335368865,20.252241335368865,0.0,1.0,1.0,1002,962,962,40,0.13956378400325775
veriq_854377329d47a830_0,veriq,variational/QAOA/qaoa_45.qasm,854377329d47a8306a397c98372421b95ec1c5b9d46006e03e7cd3d0d4537786,qaoa,False,,/home/audrey/code_and_papers/2026/FAST2027/final/hilbert_thin_provisioning/external/veriq-benchmark/variational/QAOA/qaoa_45.qasm,0,caa3e93bc7f34576c091e7780ebb8ae23496c404e8d82d288b3dd45ac3d64021,semantic,45,1112,196,45,45,0,0.0,True,False,0.040467625899280574,45,1.0,1,0,1.0,0,False,True,55.11894107272351,55.06204613772049,0.056894935003015235,1.040224508886809,0.056894935003015235,1.040224508886809,1.040224508886809,0.0,1.0,1.0,1157,1112,1112,45,0.08921070100041106
veriq_854377329d47a830_0,veriq,variational/QAOA/qaoa_45.qasm,854377329d47a8306a397c98372421b95ec1c5b9d46006e03e7cd3d0d4537786,qaoa,False,,/home/audrey/code_and_papers/2026/FAST2027/final/hilbert_thin_provisioning/external/veriq-benchmark/variational/QAOA/qaoa_45.qasm,0,caa3e93bc7f34576c091e7780ebb8ae23496c404e8d82d288b3dd45ac3d64021,lowered,45,1112,196,45,45,0,0.0,True,False,0.9775179856115108,45,30.0,30,0,1.0,0,False,True,55.11894107272351,50.75026286026018,4.36867821246333,20.65870924589852,4.36867821246333,20.65870924589852,20.65870924589852,0.0,1.0,1.0,1157,1112,1112,45,0.11487596499500796
veriq_f9ef83fd86adbf9f_0,veriq,variational/QAOA/qaoa_48.qasm,f9ef83fd86adbf9f0bb12d10071a32ecd308abfcb618d374681dbf05aca65ba7,qaoa,False,,/home/audrey/code_and_papers/2026/FAST2027/final/hilbert_thin_provisioning/external/veriq-benchmark/variational/QAOA/qaoa_48.qasm,0,f4d751b7968fb165857ba002d24b3789e69f7e3aeda5f57e625a20abcb2a9587,semantic,48,1188,196,48,48,0,0.0,True,False,0.04040404040404041,48,1.0,1,0,1.0,0,False,True,58.214319120800766,58.15734693536284,0.05697218543792815,1.0402802101576218,0.05697218543792815,1.0402802101576218,1.0402802101576218,7.105427357601002e-15,1.0000000000000049,1.0000000000000049,1236,1188,1188,48,0.08813857301720418
veriq_f9ef83fd86adbf9f_0,veriq,variational/QAOA/qaoa_48.qasm,f9ef83fd86adbf9f0bb12d10071a32ecd308abfcb618d374681dbf05aca65ba7,qaoa,False,,/home/audrey/code_and_papers/2026/FAST2027/final/hilbert_thin_provisioning/external/veriq-benchmark/variational/QAOA/qaoa_48.qasm,0,f4d751b7968fb165857ba002d24b3789e69f7e3aeda5f57e625a20abcb2a9587,lowered,48,1188,196,48,48,0,0.0,True,False,0.9789562289562289,48,30.0,30,0,1.0,0,False,True,58.214319120800766,53.667828903212154,4.546490217588612,23.368451256315087,4.546490217588612,23.368451256315087,23.368451256315087,7.105427357601002e-15,1.0000000000000049,1.0000000000000049,1236,1188,1188,48,0.11526966001838446
veriq_a1228d330763b051_0,veriq,variational/QAOA/qaoa_64.qasm,a1228d330763b0514fe1edc026f639d7ed4109590b23956d02da80e06422d5bf,qaoa,False,,/home/audrey/code_and_papers/2026/FAST2027/final/hilbert_thin_provisioning/external/veriq-benchmark/variational/QAOA/qaoa_64.qasm,0,456d553b26b06766687721199b27463070a4246b3e6679ebde4024ed6bb634bf,semantic,64,1696,42,64,64,0,0.0,True,False,0.03773584905660377,64,1.0,1,0,1.0,0,False,True,74.7279204545632,74.67419226814569,0.053728186417515644,1.0379436964504283,0.053728186417515644,1.0379436964504283,1.0379436964504283,0.0,1.0,1.0,1696,1696,1696,0,0.12746898701880127
veriq_a1228d330763b051_0,veriq,variational/QAOA/qaoa_64.qasm,a1228d330763b0514fe1edc026f639d7ed4109590b23956d02da80e06422d5bf,qaoa,False,,/home/audrey/code_and_papers/2026/FAST2027/final/hilbert_thin_provisioning/external/veriq-benchmark/variational/QAOA/qaoa_64.qasm,0,456d553b26b06766687721199b27463070a4246b3e6679ebde4024ed6bb634bf,lowered,64,1696,42,64,64,0,0.0,True,False,0.9428066037735849,64,4.0,104,0,1.0,0,False,True,74.7279204545632,70.9681922527554,3.7597282018078033,13.545372861296094,3.7597282018078033,13.545372861296094,13.545372861296094,0.0,1.0,1.0,1696,1696,1696,0,0.16430237700114958
veriq_88c0c56ddce3b302_0,veriq,variational/QAOA/qaoa_72.qasm,88c0c56ddce3b3029935b5a6b9d4adc7e11e0e981b01705b752ba8dbb199ba00,qaoa,False,,/home/audrey/code_and_papers/2026/FAST2027/final/hilbert_thin_provisioning/external/veriq-benchmark/variational/QAOA/qaoa_72.qasm,0,007ac2bf57779a959195d0e3a47fa134328d48caf52cb3c792ca3acf38d5bd02,semantic,72,1922,42,72,72,0,0.0,True,False,0.037460978147762745,72,1.0,1,0,1.0,0,False,True,82.90839262077375,82.85486838326024,0.053524237513514095,1.0377969762419006,0.053524237513514095,1.0377969762419006,1.0377969762419006,0.0,1.0,1.0,1922,1922,1922,0,0.14663277700310573
veriq_88c0c56ddce3b302_0,veriq,variational/QAOA/qaoa_72.qasm,88c0c56ddce3b3029935b5a6b9d4adc7e11e0e981b01705b752ba8dbb199ba00,qaoa,False,,/home/audrey/code_and_papers/2026/FAST2027/final/hilbert_thin_provisioning/external/veriq-benchmark/variational/QAOA/qaoa_72.qasm,0,007ac2bf57779a959195d0e3a47fa134328d48caf52cb3c792ca3acf38d5bd02,lowered,72,1922,42,72,72,0,0.0,True,False,0.9682622268470343,72,18.0,80,0,1.0,0,False,True,82.90839262077375,78.82775710157684,4.0806355191969175,16.919740294308042,4.0806355191969175,16.919740294308042,16.919740294308042,0.0,1.0,1.0,1922,1922,1922,0,0.1918870029912796
veriq_405f1f07c83cd953_0,veriq,variational/QAOA/qaoa_80.qasm,405f1f07c83cd9532448d37bbd896e110ea6d6270fd66d2a2f2cab080653e070,qaoa,False,,/home/audrey/code_and_papers/2026/FAST2027/final/hilbert_thin_provisioning/external/veriq-benchmark/variational/QAOA/qaoa_80.qasm,0,b0ff00a2de99a877bf01a033ddfee48b20d89061cd0c4c0c386be42af570b1e9,semantic,80,2148,42,80,80,0,0.0,True,False,0.037243947858473,80,1.0,1,0,1.0,0,False,True,91.06877827798542,91.01541505238669,0.05336322559872997,1.0376811594202935,0.05336322559872997,1.0376811594202935,1.0376811594202935,0.0,1.0,1.0,2148,2148,2148,0,0.2920728149765637
veriq_405f1f07c83cd953_0,veriq,variational/QAOA/qaoa_80.qasm,405f1f07c83cd9532448d37bbd896e110ea6d6270fd66d2a2f2cab080653e070,qaoa,False,,/home/audrey/code_and_papers/2026/FAST2027/final/hilbert_thin_provisioning/external/veriq-benchmark/variational/QAOA/qaoa_80.qasm,0,b0ff00a2de99a877bf01a033ddfee48b20d89061cd0c4c0c386be42af570b1e9,lowered,80,2148,42,80,80,0,0.0,True,False,0.9548417132216015,80,4.0,104,0,1.0,0,False,True,91.06877827798542,86.97501235147071,4.093765926514706,17.07443490162581,4.093765926514706,17.07443490162581,17.07443490162581,0.0,1.0,1.0,2148,2148,2148,0,0.33908572897780687
veriq_d000225aeea0aa1c_0,veriq,variational/QAOA/qaoa_100.qasm,d000225aeea0aa1c9f69077faf55e26155f8b3bfc7c740712df796c05f3c9d5c,qaoa,False,,/home/audrey/code_and_papers/2026/FAST2027/final/hilbert_thin_provisioning/external/veriq-benchmark/variational/QAOA/qaoa_100.qasm,0,6701e9d29c1a59e8fc0f23ae0478f22e9ada7748a7b52889a259ca4c0092dc2b,semantic,100,2720,42,100,100,0,0.0,True,False,0.03676470588235294,100,1.0,1,0,1.0,0,False,True,111.4093909361377,111.35645197022176,0.05293896591594205,1.0373760488176926,0.05293896591594205,1.0373760488176926,1.0373760488176926,0.0,1.0,1.0,2720,2720,2720,0,0.2118881729838904
veriq_d000225aeea0aa1c_0,veriq,variational/QAOA/qaoa_100.qasm,d000225aeea0aa1c9f69077faf55e26155f8b3bfc7c740712df796c05f3c9d5c,qaoa,False,,/home/audrey/code_and_papers/2026/FAST2027/final/hilbert_thin_provisioning/external/veriq-benchmark/variational/QAOA/qaoa_100.qasm,0,6701e9d29c1a59e8fc0f23ae0478f22e9ada7748a7b52889a259ca4c0092dc2b,lowered,100,2720,42,100,100,0,0.0,True,False,0.9643382352941177,100,4.0,104,0,1.0,0,False,True,111.4093909361377,106.97501235147071,4.434378584666987,21.621258348427354,4.434378584666987,21.621258348427354,21.621258348427354,0.0,1.0,1.0,2720,2720,2720,0,0.27143195798271336
veriq_5bd8d51d567a88c1_0,veriq,variational/QAOA/qaoa_121.qasm,5bd8d51d567a88c1387cb70de85a1e17a78d1d8f10ac54e9b923cbc09c265c0e,qaoa,False,,/home/audrey/code_and_papers/2026/FAST2027/final/hilbert_thin_provisioning/external/veriq-benchmark/variational/QAOA/qaoa_121.qasm,0,39460b1f9f529c9866e1cb1a07235ba3e001ae97ec7d09ba1eafc46de21054ad,semantic,121,3322,42,121,121,0,0.0,True,False,0.03642384105960265,121,1.0,1,0,1.0,0,False,True,132.6978363579624,132.64520808277467,0.052628275187714735,1.0371526693724793,0.052628275187714735,1.0371526693724793,1.0371526693724793,0.0,1.0,1.0,3322,3322,3322,0,0.39933718999964185
veriq_5bd8d51d567a88c1_0,veriq,variational/QAOA/qaoa_121.qasm,5bd8d51d567a88c1387cb70de85a1e17a78d1d8f10ac54e9b923cbc09c265c0e,qaoa,False,,/home/audrey/code_and_papers/2026/FAST2027/final/hilbert_thin_provisioning/external/veriq-benchmark/variational/QAOA/qaoa_121.qasm,0,39460b1f9f529c9866e1cb1a07235ba3e001ae97ec7d09ba1eafc46de21054ad,lowered,121,3322,42,121,121,0,0.0,True,False,0.9888621312462372,121,18.0,80,0,1.0,0,False,True,132.6978363579624,127.20900168092633,5.488834677036053,44.90594902440774,5.488834677036053,44.90594902440774,44.90594902440774,0.0,1.0,1.0,3322,3322,3322,0,0.4698460260115098
veriq_ed6b79f6949a84a0_0,veriq,combinational/qft/qft_2.qasm,ed6b79f6949a84a07c99f2c9b0cb35d597dede52b8ab6997ee38ff9480edb0bb,qft,False,,/home/audrey/code_and_papers/2026/FAST2027/final/hilbert_thin_provisioning/external/veriq-benchmark/combinational/qft/qft_2.qasm,0,23f786fabd56c619f1ebd0c0766d9ddc66ba8b20e334155e0c7c24cd04a600a1,semantic,2,3,3,2,2,0,0.0,True,False,1.0,2,1.5,2,0,1.0,0,False,True,3.584962500721156,3.0,0.5849625007211561,1.5,0.5849625007211561,1.5,1.5,0.5849625007211561,1.5,1.5,3,3,3,0,0.005961169983493164
veriq_ed6b79f6949a84a0_0,veriq,combinational/qft/qft_2.qasm,ed6b79f6949a84a07c99f2c9b0cb35d597dede52b8ab6997ee38ff9480edb0bb,qft,False,,/home/audrey/code_and_papers/2026/FAST2027/final/hilbert_thin_provisioning/external/veriq-benchmark/combinational/qft/qft_2.qasm,0,23f786fabd56c619f1ebd0c0766d9ddc66ba8b20e334155e0c7c24cd04a600a1,lowered,2,3,3,2,2,0,0.0,True,False,1.0,2,1.5,2,0,1.0,0,False,True,3.584962500721156,3.0,0.5849625007211561,1.5,0.5849625007211561,1.5,1.5,0.5849625007211561,1.5,1.5,3,3,3,0,0.006587620999198407
veriq_378630179d722f74_0,veriq,combinational/qft/qft_20.qasm,378630179d722f7483a8c9d04466c07fb79c9324e68510ec1f32db0601d5f6c8,qft,False,,/home/audrey/code_and_papers/2026/FAST2027/final/hilbert_thin_provisioning/external/veriq-benchmark/combinational/qft/qft_20.qasm,0,104bfdb96ed5eb2e86e750b940c450ac59f4a57438de114f0d57a548a1b30ca7,semantic,20,210,39,20,20,0,0.0,True,False,1.0,20,10.5,20,0,1.0,0,False,True,27.71424551766612,21.999984865447338,5.714260652218783,52.500550752695375,5.714260652218783,52.500550752695375,52.500550752695375,3.700441552623868,13.000016530375841,13.000016530375841,210,210,210,0,0.010686557012377307
veriq_378630179d722f74_0,veriq,combinational/qft/qft_20.qasm,378630179d722f7483a8c9d04466c07fb79c9324e68510ec1f32db0601d5f6c8,qft,False,,/home/audrey/code_and_papers/2026/FAST2027/final/hilbert_thin_provisioning/external/veriq-benchmark/combinational/qft/qft_20.qasm,0,104bfdb96ed5eb2e86e750b940c450ac59f4a57438de114f0d57a548a1b30ca7,lowered,20,210,39,20,20,0,0.0,True,False,1.0,20,10.5,20,0,1.0,0,False,True,27.71424551766612,24.321928094887365,3.3923174227787563,10.49999999999997,3.3923174227787563,10.49999999999997,10.49999999999997,3.700441552623868,13.000016530375841,13.000016530375841,210,210,210,0,0.01696032000472769
veriq_5e16a094a742e96c_0,veriq,combinational/qft/qft_41.qasm,5e16a094a742e96c149dd49c20f2b3561afc15ef129fd8a826fd18690710496f,qft,False,,/home/audrey/code_and_papers/2026/FAST2027/final/hilbert_thin_provisioning/external/veriq-benchmark/combinational/qft/qft_41.qasm,0,58122751f2bf11d60bb3c1e896fc461290b91bb22c9a7be5158dac1b0b10fb40,semantic,41,861,81,41,41,0,0.0,True,False,1.0,41,21.0,41,0,1.0,0,False,True,50.749869427396845,42.999999999985896,7.74986942741095,215.25000000210457,7.74986942741095,215.25000000210457,215.25000000210457,4.754887502164344,27.000000000016385,27.000000000016385,861,861,861,0,0.032190030004130676
veriq_5e16a094a742e96c_0,veriq,combinational/qft/qft_41.qasm,5e16a094a742e96c149dd49c20f2b3561afc15ef129fd8a826fd18690710496f,qft,False,,/home/audrey/code_and_papers/2026/FAST2027/final/hilbert_thin_provisioning/external/veriq-benchmark/combinational/qft/qft_41.qasm,0,58122751f2bf11d60bb3c1e896fc461290b91bb22c9a7be5158dac1b0b10fb40,lowered,41,861,81,41,41,0,0.0,True,False,1.0,41,21.0,41,0,1.0,0,False,True,50.749869427396845,46.357552004618086,4.39231742277876,20.999999999999993,4.39231742277876,20.999999999999993,20.999999999999993,4.754887502164344,27.000000000016385,27.000000000016385,861,861,861,0,0.057573542988393456
veriq_14e976ebb36acde9_0,veriq,combinational/qft/qft_42.qasm,14e976ebb36acde93a2a268b5c1d730f3733c7877e40bf03d37ed850cc1dc831,qft,False,,/home/audrey/code_and_papers/2026/FAST2027/final/hilbert_thin_provisioning/external/veriq-benchmark/combinational/qft/qft_42.qasm,0,ae3cbbde39ae2b24472cca5d016029f092063cb0e0409be4339ac56394a9ded8,semantic,42,903,83,42,42,0,0.0,True,False,1.0,42,21.5,42,0,1.0,0,False,True,51.818582177480856,43.99999999999279,7.818582177488068,225.75000000112817,7.818582177488068,225.75000000112817,225.75000000112817,4.790076930626206,27.666666666675063,27.666666666675063,903,903,903,0,0.03070755599765107
veriq_14e976ebb36acde9_0,veriq,combinational/qft/qft_42.qasm,14e976ebb36acde93a2a268b5c1d730f3733c7877e40bf03d37ed850cc1dc831,qft,False,,/home/audrey/code_and_papers/2026/FAST2027/final/hilbert_thin_provisioning/external/veriq-benchmark/combinational/qft/qft_42.qasm,0,ae3cbbde39ae2b24472cca5d016029f092063cb0e0409be4339ac56394a9ded8,lowered,42,903,83,42,42,0,0.0,True,False,1.0,42,21.5,42,0,1.0,0,False,True,51.818582177480856,47.39231742277877,4.426264754702089,21.49999999999987,4.426264754702089,21.49999999999987,21.49999999999987,4.790076930626206,27.666666666675063,27.666666666675063,903,903,903,0,0.055709432024741545
veriq_d89dfd6b11cd9d5c_0,veriq,combinational/qft/qft_43.qasm,d89dfd6b11cd9d5c83e50c30b57715074ba5604c48865cea9c5f185fd68026d0,qft,False,,/home/audrey/code_and_papers/2026/FAST2027/final/hilbert_thin_provisioning/external/veriq-benchmark/combinational/qft/qft_43.qasm,0,792e95da71095c20d3f7a0823cb7e2a1d68d154e3f153213bcfbafe7d0f2d9b1,semantic,43,946,85,43,43,0,0.0,True,False,1.0,43,22.0,43,0,1.0,0,False,True,52.88569637333939,44.99999999999631,7.88569637334308,236.5000000006041,7.88569637334308,236.5000000006041,236.5000000006041,4.82442843541677,28.333333333337748,28.333333333337748,946,946,946,0,0.06967078600428067
veriq_d89dfd6b11cd9d5c_0,veriq,combinational/qft/qft_43.qasm,d89dfd6b11cd9d5c83e50c30b57715074ba5604c48865cea9c5f185fd68026d0,qft,False,,/home/audrey/code_and_papers/2026/FAST2027/final/hilbert_thin_provisioning/external/veriq-benchmark/combinational/qft/qft_43.qasm,0,792e95da71095c20d3f7a0823cb7e2a1d68d154e3f153213bcfbafe7d0f2d9b1,lowered,43,946,85,43,43,0,0.0,True,False,1.0,43,22.0,43,0,1.0,0,False,True,52.88569637333939,48.4262647547021,4.459431618637289,21.99999999999988,4.459431618637289,21.99999999999988,21.99999999999988,4.82442843541677,28.333333333337748,28.333333333337748,946,946,946,0,0.09633751399815083
veriq_ed800c398368239b_0,veriq,combinational/qft/qft_44.qasm,ed800c398368239b7c2e5fa690bd66faab3a9e4025766c87968888db02b0a23d,qft,False,,/home/audrey/code_and_papers/2026/FAST2027/final/hilbert_thin_provisioning/external/veriq-benchmark/combinational/qft/qft_44.qasm,0,fc746a343cc1cb5f592c5b8bcdb932f0f760808d7057fb2d11ca8463db62d7ac,semantic,44,990,87,44,44,0,0.0,True,False,1.0,44,22.5,44,0,1.0,0,False,True,53.951284714966974,45.99999999999812,7.951284714968857,247.50000000032335,7.951284714968857,247.50000000032335,247.50000000032335,4.857980995127683,29.000000000002228,29.000000000002228,990,990,990,0,0.03682073199888691
veriq_ed800c398368239b_0,veriq,combinational/qft/qft_44.qasm,ed800c398368239b7c2e5fa690bd66faab3a9e4025766c87968888db02b0a23d,qft,False,,/home/audrey/code_and_papers/2026/FAST2027/final/hilbert_thin_provisioning/external/veriq-benchmark/combinational/qft/qft_44.qasm,0,fc746a343cc1cb5f592c5b8bcdb932f0f760808d7057fb2d11ca8463db62d7ac,lowered,44,990,87,44,44,0,0.0,True,False,1.0,44,22.5,44,0,1.0,0,False,True,53.951284714966974,49.4594316186373,4.49185309632967,22.499999999999932,4.49185309632967,22.499999999999932,22.499999999999932,4.857980995127683,29.000000000002228,29.000000000002228,990,990,990,0,0.06435969201265834
veriq_ccaffaea9dbd4720_0,veriq,combinational/qft/qft_51.qasm,ccaffaea9dbd472089f57b18745f2d51fbb48c0b7b43ed52d739e1eef784421b,qft,False,,/home/audrey/code_and_papers/2026/FAST2027/final/hilbert_thin_provisioning/external/veriq-benchmark/combinational/qft/qft_51.qasm,0,bc05c9a3ec860575cbd3515a820cd2fa68edd4a7a2794366693d1ecae6f27f37,semantic,51,1326,101,51,51,0,0.0,True,False,1.0,51,26.0,51,0,1.0,0,False,True,61.37286506011259,52.99999999999998,8.37286506011261,331.5000000000049,8.37286506011261,331.5000000000049,331.5000000000049,5.073248982030634,33.666666666666565,33.666666666666565,1326,1326,1326,0,0.046905175026040524
veriq_ccaffaea9dbd4720_0,veriq,combinational/qft/qft_51.qasm,ccaffaea9dbd472089f57b18745f2d51fbb48c0b7b43ed52d739e1eef784421b,qft,False,,/home/audrey/code_and_papers/2026/FAST2027/final/hilbert_thin_provisioning/external/veriq-benchmark/combinational/qft/qft_51.qasm,0,bc05c9a3ec860575cbd3515a820cd2fa68edd4a7a2794366693d1ecae6f27f37,lowered,51,1326,101,51,51,0,0.0,True,False,1.0,51,26.0,51,0,1.0,0,False,True,61.37286506011259,56.67242534197149,4.700439718141098,26.000000000000103,4.700439718141098,26.000000000000103,26.000000000000103,5.073248982030634,33.666666666666565,33.666666666666565,1326,1326,1326,0,0.0833310620218981
veriq_7d6a0510a0a2c7dc_0,veriq,combinational/qft/qft_65.qasm,7d6a0510a0a2c7dc0ceb602b15b2071af96a12ac45e76dc04f70ff17bb121822,qft,False,,/home/audrey/code_and_papers/2026/FAST2027/final/hilbert_thin_provisioning/external/veriq-benchmark/combinational/qft/qft_65.qasm,0,99e7aaaf4e1faa2bdb033efa7140cbdc10ec1c4838aa66e3f8791ac2c5077b61,semantic,65,2145,129,65,65,0,0.0,True,False,1.0,65,33.0,65,0,1.0,0,False,True,76.06676193238691,67.0,9.06676193238691,536.2500000000009,9.06676193238691,536.2500000000009,536.2500000000009,5.426264754702089,42.99999999999974,42.99999999999974,2145,2145,2145,0,0.0840290920168627
veriq_7d6a0510a0a2c7dc_0,veriq,combinational/qft/qft_65.qasm,7d6a0510a0a2c7dc0ceb602b15b2071af96a12ac45e76dc04f70ff17bb121822,qft,False,,/home/audrey/code_and_papers/2026/FAST2027/final/hilbert_thin_provisioning/external/veriq-benchmark/combinational/qft/qft_65.qasm,0,99e7aaaf4e1faa2bdb033efa7140cbdc10ec1c4838aa66e3f8791ac2c5077b61,lowered,65,2145,129,65,65,0,0.0,True,False,1.0,65,33.0,65,0,1.0,0,False,True,76.06676193238691,71.02236781302845,5.044394119358458,33.0000000000001,5.044394119358458,33.0000000000001,33.0000000000001,5.426264754702089,42.99999999999974,42.99999999999974,2145,2145,2145,0,0.15360584002337418
veriq_f15730ab684b063f_0,veriq,combinational/qv/quantum_volume_n2_d5_i0.qasm,f15730ab684b063f8a9120ab4fc504b9422ef14171a0a716155a65f5564f1329,random,False,,/home/audrey/code_and_papers/2026/FAST2027/final/hilbert_thin_provisioning/external/veriq-benchmark/combinational/qv/quantum_volume_n2_d5_i0.qasm,0,0ebebd16ad6bdafd38078b002515c66eda1db3ddf62acf0a723e2875c307b5ef,semantic,2,50,35,2,2,0,0.0,True,False,0.04,2,1.0,1,0,1.0,0,False,True,7.643856189774724,7.6293566200796095,0.0144995696951149,1.01010101010101,0.0144995696951149,1.01010101010101,1.01010101010101,0.0,1.0,1.0,50,50,50,0,0.01181729999370873
veriq_f15730ab684b063f_0,veriq,combinational/qv/quantum_volume_n2_d5_i0.qasm,f15730ab684b063f8a9120ab4fc504b9422ef14171a0a716155a65f5564f1329,random,False,,/home/audrey/code_and_papers/2026/FAST2027/final/hilbert_thin_provisioning/external/veriq-benchmark/combinational/qv/quantum_volume_n2_d5_i0.qasm,0,0ebebd16ad6bdafd38078b002515c66eda1db3ddf62acf0a723e2875c307b5ef,lowered,2,50,35,2,2,0,0.0,True,False,0.04,2,1.0,1,0,1.0,0,False,True,7.643856189774724,7.6293566200796095,0.0144995696951149,1.01010101010101,0.0144995696951149,1.01010101010101,1.01010101010101,0.0,1.0,1.0,50,50,50,0,0.013211149984272197
veriq_b17d038b8a975453_0,veriq,combinational/qv/quantum_volume_n5_d5_i0.qasm,b17d038b8a975453a1a7420e364bba708f51237ef84b1d5339b80e14e7a88d95,random,False,,/home/audrey/code_and_papers/2026/FAST2027/final/hilbert_thin_provisioning/external/veriq-benchmark/combinational/qv/quantum_volume_n5_d5_i0.qasm,0,8f87c0d89776331081d8c4f6daf468c9327e0dc9eeeb6bef354d439d1a2a00d9,semantic,5,100,35,5,5,0,0.0,True,False,0.32,5,1.0,20,0,1.0,0,False,True,11.643856189774723,11.329796338220703,0.3140598515540205,1.2432012432012411,0.3140598515540205,1.2432012432012411,1.2432012432012411,0.0,1.0,1.0,100,100,100,0,0.017457320005632937
veriq_b17d038b8a975453_0,veriq,combinational/qv/quantum_volume_n5_d5_i0.qasm,b17d038b8a975453a1a7420e364bba708f51237ef84b1d5339b80e14e7a88d95,random,False,,/home/audrey/code_and_papers/2026/FAST2027/final/hilbert_thin_provisioning/external/veriq-benchmark/combinational/qv/quantum_volume_n5_d5_i0.qasm,0,8f87c0d89776331081d8c4f6daf468c9327e0dc9eeeb6bef354d439d1a2a00d9,lowered,5,100,35,5,5,0,0.0,True,False,0.25,5,1.0,21,0,1.0,0,False,True,11.643856189774723,11.44190670454224,0.20194948523248435,1.1502516175413362,0.20194948523248435,1.1502516175413362,1.1502516175413362,0.0,1.0,1.0,100,100,100,0,0.01969789300346747
veriq_432cb422b580b73f_0,veriq,combinational/qv/quantum_volume_n10_d10_i0.qasm,432cb422b580b73f3f05aaab09559f646bb5664f37cba75ec91dee3633f3b35e,random,False,,/home/audrey/code_and_papers/2026/FAST2027/final/hilbert_thin_provisioning/external/veriq-benchmark/combinational/qv/quantum_volume_n10_d10_i0.qasm,0,44e53ccb46385afa23fd852a84d3798741116a0a4bc27ee25134d1fc1415f0b2,semantic,10,500,70,10,10,0,0.0,True,False,0.084,10,1.0,9,0,1.0,0,False,True,18.965784284662085,18.853790779647465,0.11199350501462035,1.0807205366452894,0.11199350501462035,1.0807205366452894,1.0807205366452894,0.0,1.0,1.0,511,500,500,11,0.06644977899850346
veriq_432cb422b580b73f_0,veriq,combinational/qv/quantum_volume_n10_d10_i0.qasm,432cb422b580b73f3f05aaab09559f646bb5664f37cba75ec91dee3633f3b35e,random,False,,/home/audrey/code_and_papers/2026/FAST2027/final/hilbert_thin_provisioning/external/veriq-benchmark/combinational/qv/quantum_volume_n10_d10_i0.qasm,0,44e53ccb46385afa23fd852a84d3798741116a0a4bc27ee25134d1fc1415f0b2,lowered,10,500,70,10,10,0,0.0,True,False,0.22,10,1.0,61,0,1.0,0,False,True,18.965784284662085,18.68046254593218,0.2853217387299054,1.2186820144432855,0.2853217387299054,1.2186820144432855,1.2186820144432855,0.0,1.0,1.0,511,500,500,11,0.07551428800798021
veriq_0d48acb0a2cb40d7_0,veriq,combinational/qv/quantum_volume_n16_d5_i0.qasm,0d48acb0a2cb40d79ccc8585c00f9eab7c09da9ae267f6ee0d1dedd33d10072a,random,False,,/home/audrey/code_and_papers/2026/FAST2027/final/hilbert_thin_provisioning/external/veriq-benchmark/combinational/qv/quantum_volume_n16_d5_i0.qasm,0,31013c4409b23f8f55ce71e2ab87266b6b84c92d620d20eb97e4c91af10558f0,semantic,16,400,35,16,16,0,0.0,True,False,0.18,16,1.0,9,0,1.0,0,False,True,24.643856189774723,24.377932666415848,0.26592352335887526,1.2024055082119987,0.26592352335887526,1.2024055082119987,1.2024055082119987,0.0,1.0,1.0,417,400,400,17,0.05165885400492698
veriq_0d48acb0a2cb40d7_0,veriq,combinational/qv/quantum_volume_n16_d5_i0.qasm,0d48acb0a2cb40d79ccc8585c00f9eab7c09da9ae267f6ee0d1dedd33d10072a,random,False,,/home/audrey/code_and_papers/2026/FAST2027/final/hilbert_thin_provisioning/external/veriq-benchmark/combinational/qv/quantum_volume_n16_d5_i0.qasm,0,31013c4409b23f8f55ce71e2ab87266b6b84c92d620d20eb97e4c91af10558f0,lowered,16,400,35,16,16,0,0.0,True,False,0.535,16,1.0,69,0,1.0,0,False,True,24.643856189774723,23.845056410039337,0.7987997797353863,1.73965325591041,0.7987997797353863,1.73965325591041,1.73965325591041,0.0,1.0,1.0,417,400,400,17,0.059059071994852275
veriq_4a16f6e4beb78709_0,veriq,combinational/qv/quantum_volume_n10_d20_i0.qasm,4a16f6e4beb787098c5a5c435103c2ae66452063936f4f98fde6a0d6ea26c9be,random,False,,/home/audrey/code_and_papers/2026/FAST2027/final/hilbert_thin_provisioning/external/veriq-benchmark/combinational/qv/quantum_volume_n10_d20_i0.qasm,0,27b7261432de50e4744185ff2ca062fdf1264009f01b62552e46cc2c4e439044,semantic,10,1000,140,10,10,0,0.0,True,False,0.042,10,1.0,9,0,1.0,0,False,True,19.965784284662085,19.91087398812749,0.05491029653459378,1.0387945114318116,0.05491029653459378,1.0387945114318116,1.0387945114318116,3.552713678800501e-15,1.0000000000000024,1.0000000000000024,1011,1000,1000,11,0.19404967801528983
veriq_4a16f6e4beb78709_0,veriq,combinational/qv/quantum_volume_n10_d20_i0.qasm,4a16f6e4beb787098c5a5c435103c2ae66452063936f4f98fde6a0d6ea26c9be,random,False,,/home/audrey/code_and_papers/2026/FAST2027/final/hilbert_thin_provisioning/external/veriq-benchmark/combinational/qv/quantum_volume_n10_d20_i0.qasm,0,27b7261432de50e4744185ff2ca062fdf1264009f01b62552e46cc2c4e439044,lowered,10,1000,140,10,10,0,0.0,True,False,0.09,10,1.0,41,0,1.0,0,False,True,19.965784284662085,19.87250355006157,0.09328073460051556,1.0667933483767835,0.09328073460051556,1.0667933483767835,1.0667933483767835,3.552713678800501e-15,1.0000000000000024,1.0000000000000024,1011,1000,1000,11,0.21122536199982278
veriq_35446be94f506751_0,veriq,combinational/qv/quantum_volume_n20_d20_i0.qasm,35446be94f506751d27170770b3688c2b26495e39d379afbcf30f6cff7d7a977,random,False,,/home/audrey/code_and_papers/2026/FAST2027/final/hilbert_thin_provisioning/external/veriq-benchmark/combinational/qv/quantum_volume_n20_d20_i0.qasm,0,252f820d8fa3da7bf10d1ed714c1c4457fcf37f6c93194147e16de3cbbe42edc,semantic,20,2000,140,20,20,0,0.0,True,False,0.046,20,1.0,9,0,1.0,0,False,True,30.965784284662085,30.901369742935845,0.06441454172624006,1.0456605154922158,0.06441454172624006,1.0456605154922158,1.0456605154922158,0.0,1.0,1.0,2021,2000,2000,21,0.2608249539916869
veriq_35446be94f506751_0,veriq,combinational/qv/quantum_volume_n20_d20_i0.qasm,35446be94f506751d27170770b3688c2b26495e39d379afbcf30f6cff7d7a977,random,False,,/home/audrey/code_and_papers/2026/FAST2027/final/hilbert_thin_provisioning/external/veriq-benchmark/combinational/qv/quantum_volume_n20_d20_i0.qasm,0,252f820d8fa3da7bf10d1ed714c1c4457fcf37f6c93194147e16de3cbbe42edc,lowered,20,2000,140,20,20,0,0.0,True,False,0.17,20,1.0,121,0,1.0,0,False,True,30.965784284662085,30.765179647960295,0.20060463670179018,1.1491798779302114,0.20060463670179018,1.1491798779302114,1.1491798779302114,0.0,1.0,1.0,2021,2000,2000,21,0.2957570440194104
veriq_582c218e88ed448c_0,veriq,combinational/qv/quantum_volume_n30_d20_i0.qasm,582c218e88ed448c0cc8d19d0070b423ef4812b46ca8595284adfcfe717a0305,random,False,,/home/audrey/code_and_papers/2026/FAST2027/final/hilbert_thin_provisioning/external/veriq-benchmark/combinational/qv/quantum_volume_n30_d20_i0.qasm,0,fb7ad42f16836d771d275fcbecd6cb45ca8f16628c1fcc0037ee2a5a3d759bf2,semantic,30,3000,140,30,30,0,0.0,True,False,0.04733333333333333,30,1.0,9,0,1.0,0,False,True,41.55074678538324,41.483143975131675,0.06760281025156445,1.0479739170979325,0.06760281025156445,1.0479739170979325,1.0479739170979325,0.0,1.0,1.0,3031,3000,3000,31,0.39128708199132234
veriq_582c218e88ed448c_0,veriq,combinational/qv/quantum_volume_n30_d20_i0.qasm,582c218e88ed448c0cc8d19d0070b423ef4812b46ca8595284adfcfe717a0305,random,False,,/home/audrey/code_and_papers/2026/FAST2027/final/hilbert_thin_provisioning/external/veriq-benchmark/combinational/qv/quantum_volume_n30_d20_i0.qasm,0,fb7ad42f16836d771d275fcbecd6cb45ca8f16628c1fcc0037ee2a5a3d759bf2,lowered,30,3000,140,30,30,0,0.0,True,False,0.17333333333333334,30,1.0,81,0,1.0,0,False,True,41.55074678538324,41.31283639712486,0.23791038825837774,1.1792833398322147,0.23791038825837774,1.1792833398322147,1.1792833398322147,0.0,1.0,1.0,3031,3000,3000,31,0.4526966039848048
veriq_bcc9faaaa845cf45_0,veriq,combinational/qv/quantum_volume_n40_d20_i0.qasm,bcc9faaaa845cf455421580fa94d3f04d71ef0cae6786e974f44b1e8f4542006,random,False,,/home/audrey/code_and_papers/2026/FAST2027/final/hilbert_thin_provisioning/external/veriq-benchmark/combinational/qv/quantum_volume_n40_d20_i0.qasm,0,9173d60ce178d2b9bb89cbb7e022d8dcbeae44c21ac6f7ce558c07d8af4e698b,semantic,40,4000,140,40,40,0,0.0,True,False,0.048,40,1.0,9,0,1.0,0,False,True,51.965784284662085,51.896584689482125,0.06919959517995977,1.0491344640671476,0.06919959517995977,1.0491344640671476,1.0491344640671476,0.0,1.0,1.0,4041,4000,4000,41,0.5495261529868003
veriq_bcc9faaaa845cf45_0,veriq,combinational/qv/quantum_volume_n40_d20_i0.qasm,bcc9faaaa845cf455421580fa94d3f04d71ef0cae6786e974f44b1e8f4542006,random,False,,/home/audrey/code_and_papers/2026/FAST2027/final/hilbert_thin_provisioning/external/veriq-benchmark/combinational/qv/quantum_volume_n40_d20_i0.qasm,0,9173d60ce178d2b9bb89cbb7e022d8dcbeae44c21ac6f7ce558c07d8af4e698b,lowered,40,4000,140,40,40,0,0.0,True,False,0.2725,40,1.0,311,0,1.0,0,False,True,51.965784284662085,51.60736516571146,0.3584191189506285,1.2820203112214092,0.3584191189506285,1.2820203112214092,1.2820203112214092,0.0,1.0,1.0,4041,4000,4000,41,0.6185797499783803
veriq_994399d8aa283b43_0,veriq,combinational/rev_circuit/nth_prime3_inc.qasm,994399d8aa283b43f91818417bf791747861bbf0fd6ef9e257b304ac7745960e,reversible,False,,/home/audrey/code_and_papers/2026/FAST2027/final/hilbert_thin_provisioning/external/veriq-benchmark/combinational/rev_circuit/nth_prime3_inc.qasm,0,154b41fbf45d903250149ca7e100ae1a4f758cbb20f6308586597bae6e787cb1,semantic,3,4,4,0,0,3,1.0,False,True,,0,0,0,3,8.0,0,False,True,5.0,2.0,3.0,8.0,3.0,8.0,8.0,3.0,8.0,8.0,4,4,4,0,0.0026827239780686796
veriq_994399d8aa283b43_0,veriq,combinational/rev_circuit/nth_prime3_inc.qasm,994399d8aa283b43f91818417bf791747861bbf0fd6ef9e257b304ac7745960e,reversible,False,,/home/audrey/code_and_papers/2026/FAST2027/final/hilbert_thin_provisioning/external/veriq-benchmark/combinational/rev_circuit/nth_prime3_inc.qasm,0,154b41fbf45d903250149ca7e100ae1a4f758cbb20f6308586597bae6e787cb1,lowered,3,4,4,0,0,3,1.0,False,True,,0,0,0,3,8.0,0,False,True,5.0,2.0,3.0,8.0,3.0,8.0,8.0,3.0,8.0,8.0,4,4,4,0,0.0031296759843826294
veriq_bba9435f26e33dab_0,veriq,combinational/rev_circuit/mspk_4b15g_1.qasm,bba9435f26e33dab428f8adcee2b4e08393d63db59d7778a9070365806200c41,reversible,False,,/home/audrey/code_and_papers/2026/FAST2027/final/hilbert_thin_provisioning/external/veriq-benchmark/combinational/rev_circuit/mspk_4b15g_1.qasm,0,d9c1fc7a7a7fd9bb0afe0b865168cccf25aeaaec2344653009ef53d3cf4ef796,semantic,4,45,40,1,1,3,0.75,False,True,,1,15.0,15,3,8.0,0,False,True,9.491853096329674,6.247927513443586,3.243925582886088,9.473684210526306,3.243925582886088,9.473684210526306,9.473684210526306,3.2344652536370226,9.411764705882351,9.411764705882351,15,45,15,0,0.003343910997500643
veriq_bba9435f26e33dab_0,veriq,combinational/rev_circuit/mspk_4b15g_1.qasm,bba9435f26e33dab428f8adcee2b4e08393d63db59d7778a9070365806200c41,reversible,False,,/home/audrey/code_and_papers/2026/FAST2027/final/hilbert_thin_provisioning/external/veriq-benchmark/combinational/rev_circuit/mspk_4b15g_1.qasm,0,d9c1fc7a7a7fd9bb0afe0b865168cccf25aeaaec2344653009ef53d3cf4ef796,lowered,4,15,14,4,4,0,0.0,True,False,1.0,1,15.0,15,0,1.0,1,False,True,7.906890595608519,4.906890595608518,3.000000000000001,8.000000000000005,3.000000000000001,8.000000000000005,8.000000000000005,2.949373926930032,7.724137931034482,7.724137931034482,15,45,15,0,0.004555424995487556
veriq_8f158bf7bbdc0024_0,veriq,combinational/rev_circuit/2of5d3.qasm,8f158bf7bbdc00244cd0859fbccf3202e5ab5afa170c923745f31e8575aa258f,reversible,False,,/home/audrey/code_and_papers/2026/FAST2027/final/hilbert_thin_provisioning/external/veriq-benchmark/combinational/rev_circuit/2of5d3.qasm,0,b874f6da18a624dd68067dfc69315c179fc3e6fc2763a9c160f07567df6eb230,semantic,6,137,113,1,1,5,0.8333333333333334,False,True,,1,1.0,1,5,32.0,0,False,True,13.098032082960525,8.098032082960527,4.999999999999998,31.99999999999996,4.999999999999998,31.99999999999996,31.99999999999996,4.999999999999999,31.99999999999998,31.99999999999998,17,137,17,0,0.006295251019764692
veriq_8f158bf7bbdc0024_0,veriq,combinational/rev_circuit/2of5d3.qasm,8f158bf7bbdc00244cd0859fbccf3202e5ab5afa170c923745f31e8575aa258f,reversible,False,,/home/audrey/code_and_papers/2026/FAST2027/final/hilbert_thin_provisioning/external/veriq-benchmark/combinational/rev_circuit/2of5d3.qasm,0,b874f6da18a624dd68067dfc69315c179fc3e6fc2763a9c160f07567df6eb230,lowered,6,17,15,6,6,0,0.0,True,False,0.47058823529411764,3,2.0,5,0,1.0,4,False,True,10.087462841250339,9.674192268145683,0.413270573104656,1.3317013463892289,0.413270573104656,1.3317013463892289,1.3317013463892289,0.29218075149331213,1.224489795918369,1.224489795918369,17,137,17,0,0.010024521994637325
veriq_f89948a1859e3d94_0,veriq,combinational/rev_circuit/gf2^6mult_41_185.qasm,f89948a1859e3d94b71aa9c12c6141999f5b575a08bf630b3461c7358d937b63,reversible,False,,/home/audrey/code_and_papers/2026/FAST2027/final/hilbert_thin_provisioning/external/veriq-benchmark/combinational/rev_circuit/gf2^6mult_41_185.qasm,0,562590a9603e8c8218e97442aa862e49fbc8e79ca035934dd99561dd8dcd2410,semantic,18,41,21,0,0,18,1.0,False,True,,0,0,0,18,262144.0,0,False,True,23.357552004618086,5.357552004618084,18.0,262144.0,18.0,262144.0,262144.0,18.0,262144.0,262144.0,41,41,41,0,0.00368722400162369
veriq_f89948a1859e3d94_0,veriq,combinational/rev_circuit/gf2^6mult_41_185.qasm,f89948a1859e3d94b71aa9c12c6141999f5b575a08bf630b3461c7358d937b63,reversible,False,,/home/audrey/code_and_papers/2026/FAST2027/final/hilbert_thin_provisioning/external/veriq-benchmark/combinational/rev_circuit/gf2^6mult_41_185.qasm,0,562590a9603e8c8218e97442aa862e49fbc8e79ca035934dd99561dd8dcd2410,lowered,18,41,21,0,0,18,1.0,False,True,,0,0,0,18,262144.0,0,False,True,23.357552004618086,5.357552004618084,18.0,262144.0,18.0,262144.0,262144.0,18.0,262144.0,262144.0,41,41,41,0,0.005224082997301593
veriq_669dd2eda7e5efa3_0,veriq,combinational/rev_circuit/nth_prime7_inc_1427_3172.qasm,669dd2eda7e5efa3d01b7d918635bd75a70f28b1230c60f10afafb210ebf3f57,reversible,False,,/home/audrey/code_and_papers/2026/FAST2027/final/hilbert_thin_provisioning/external/veriq-benchmark/combinational/rev_circuit/nth_prime7_inc_1427_3172.qasm,0,8c351e406d795c40b829ac99ddd16b56488c6225923d77237f7583df83aea464,semantic,7,2513,1962,7,7,0,0.0,True,False,0.05650616792678074,7,4.0,66,0,1.0,0,False,True,18.295194955880653,18.218473367656856,0.07672158822379771,1.0546187767413626,0.07672158822379771,1.0546187767413626,1.0546187767413626,0.0734455710681452,1.0522267053810501,1.0522267053810501,1427,2513,1427,0,0.06733841300592758
veriq_669dd2eda7e5efa3_0,veriq,combinational/rev_circuit/nth_prime7_inc_1427_3172.qasm,669dd2eda7e5efa3d01b7d918635bd75a70f28b1230c60f10afafb210ebf3f57,reversible,False,,/home/audrey/code_and_papers/2026/FAST2027/final/hilbert_thin_provisioning/external/veriq-benchmark/combinational/rev_circuit/nth_prime7_inc_1427_3172.qasm,0,8c351e406d795c40b829ac99ddd16b56488c6225923d77237f7583df83aea464,lowered,7,1427,1086,7,7,0,0.0,True,False,0.046250875963559916,4,7.5,50,0,1.0,33,False,True,17.478769619475763,17.41535391265584,0.06341570681992437,1.044936813862621,0.06341570681992437,1.044936813862621,1.044936813862621,0.06084833346880458,1.0430789317685545,1.0430789317685545,1427,2513,1427,0,0.1239932389871683
veriq_24a439a2639e1cb7_0,veriq,combinational/rev_circuit/hwb08-n8-gc1604-qc4862.qasm,24a439a2639e1cb7df73cf61a205c658d6dbf96d0f356fbf750f6612fac15b72,reversible,False,,/home/audrey/code_and_papers/2026/FAST2027/final/hilbert_thin_provisioning/external/veriq-benchmark/combinational/rev_circuit/hwb08-n8-gc1604-qc4862.qasm,0,04614426c7723a211e93b1b142c7e2524425c7395cc3aaa6a02fe0d92f416af1,semantic,8,5400,4797,8,8,0,0.0,True,False,0.03037037037037037,8,5.0,72,0,1.0,0,False,True,20.398743691938193,20.35999507516081,0.03874861677738295,1.0272224348233172,0.03874861677738295,1.0272224348233172,1.0272224348233172,0.039087652143120266,1.0274638619084386,1.0274638619084386,1604,5400,1604,0,0.1711345780058764
veriq_24a439a2639e1cb7_0,veriq,combinational/rev_circuit/hwb08-n8-gc1604-qc4862.qasm,24a439a2639e1cb7df73cf61a205c658d6dbf96d0f356fbf750f6612fac15b72,reversible,False,,/home/audrey/code_and_papers/2026/FAST2027/final/hilbert_thin_provisioning/external/veriq-benchmark/combinational/rev_circuit/hwb08-n8-gc1604-qc4862.qasm,0,04614426c7723a211e93b1b142c7e2524425c7395cc3aaa6a02fe0d92f416af1,lowered,8,1604,1335,8,8,0,0.0,True,False,0.01059850374064838,3,6.0,9,0,1.0,86,False,True,18.647458426454918,18.635962506543372,0.011495919911546082,1.008000196384077,0.011495919911546082,1.008000196384077,1.008000196384077,0.008115145284236291,1.0056408400349561,1.0056408400349561,1604,5400,1604,0,0.27756489199236967
veriq_e7bac99e6acfa4fc_0,veriq,combinational/rev_circuit/nth_prime8_inc_3346_7618.qasm,e7bac99e6acfa4fcfe88be5d824e9638484b132f962ddf54dc67c99026ea0948,reversible,False,,/home/audrey/code_and_papers/2026/FAST2027/final/hilbert_thin_provisioning/external/veriq-benchmark/combinational/rev_circuit/nth_prime8_inc_3346_7618.qasm,0,5b8ea9261dcb9f169d9d6f6975ab634629830fdef6a39d68f07d5c86984a525e,semantic,8,6454,5224,8,8,0,0.0,True,False,0.025100712736287573,6,21.0,62,0,1.0,62,False,True,20.655977862486942,20.621621760324135,0.034356102162806934,1.0240996489897076,0.034356102162806934,1.0240996489897076,1.0240996489897076,0.033146793817660836,1.0232415789828073,1.0232415789828073,3346,6454,3346,0,0.2597896199731622
veriq_e7bac99e6acfa4fc_0,veriq,combinational/rev_circuit/nth_prime8_inc_3346_7618.qasm,e7bac99e6acfa4fcfe88be5d824e9638484b132f962ddf54dc67c99026ea0948,reversible,False,,/home/audrey/code_and_papers/2026/FAST2027/final/hilbert_thin_provisioning/external/veriq-benchmark/combinational/rev_circuit/nth_prime8_inc_3346_7618.qasm,0,5b8ea9261dcb9f169d9d6f6975ab634629830fdef6a39d68f07d5c86984a525e,lowered,8,3346,2425,8,8,0,0.0,True,False,0.023610280932456665,4,8.0,62,0,1.0,66,False,True,19.708221730038353,19.67595186588405,0.032269864154304884,1.0226197994577577,0.032269864154304884,1.0226197994577577,1.0226197994577577,0.029962322830794363,1.020985461482799,1.020985461482799,3346,6454,3346,0,0.39437894499860704
veriq_a21938288fc131d0_0,veriq,combinational/rev_circuit/permanent3x3p3.qasm,a21938288fc131d0e4384c0d8e31561e24b15ea45151f1715461082da94ceb1e,reversible,False,,/home/audrey/code_and_papers/2026/FAST2027/final/hilbert_thin_provisioning/external/veriq-benchmark/combinational/rev_circuit/permanent3x3p3.qasm,0,d0ff624aaafa4678487d44f8bea192af7e4704e9691d661d496859826a1f914b,semantic,20,144,110,0,0,20,1.0,False,True,,0,0,0,20,1048576.0,0,False,True,27.169925001442312,7.169925001442313,20.0,1048576.0,20.0,1048576.0,1048576.0,20.0,1048576.0,1048576.0,144,144,144,0,0.007753264013445005
veriq_a21938288fc131d0_0,veriq,combinational/rev_circuit/permanent3x3p3.qasm,a21938288fc131d0e4384c0d8e31561e24b15ea45151f1715461082da94ceb1e,reversible,False,,/home/audrey/code_and_papers/2026/FAST2027/final/hilbert_thin_provisioning/external/veriq-benchmark/combinational/rev_circuit/permanent3x3p3.qasm,0,d0ff624aaafa4678487d44f8bea192af7e4704e9691d661d496859826a1f914b,lowered,20,144,110,0,0,20,1.0,False,True,,0,0,0,20,1048576.0,0,False,True,27.169925001442312,7.169925001442313,20.0,1048576.0,20.0,1048576.0,1048576.0,20.0,1048576.0,1048576.0,144,144,144,0,0.012009888014290482
veriq_4863c09f5501995c_0,veriq,combinational/rev_circuit/gf2^8mult_85_341.qasm,4863c09f5501995c0ef060be3f71cbf531fc8bbfaa89609d9f19e5a03f743040,reversible,False,,/home/audrey/code_and_papers/2026/FAST2027/final/hilbert_thin_provisioning/external/veriq-benchmark/combinational/rev_circuit/gf2^8mult_85_341.qasm,0,520613052282643234336da980a3984849ff17ff237f77eae964a68476325a44,semantic,24,85,35,0,0,24,1.0,False,True,,0,0,0,24,16777216.0,0,False,True,30.4093909361377,6.409390936137703,24.0,16777216.0,24.0,16777216.0,16777216.0,24.0,16777216.0,16777216.0,85,85,85,0,0.0058670309954322875
veriq_4863c09f5501995c_0,veriq,combinational/rev_circuit/gf2^8mult_85_341.qasm,4863c09f5501995c0ef060be3f71cbf531fc8bbfaa89609d9f19e5a03f743040,reversible,False,,/home/audrey/code_and_papers/2026/FAST2027/final/hilbert_thin_provisioning/external/veriq-benchmark/combinational/rev_circuit/gf2^8mult_85_341.qasm,0,520613052282643234336da980a3984849ff17ff237f77eae964a68476325a44,lowered,24,85,35,0,0,24,1.0,False,True,,0,0,0,24,16777216.0,0,False,True,30.4093909361377,6.409390936137703,24.0,16777216.0,24.0,16777216.0,16777216.0,24.0,16777216.0,16777216.0,85,85,85,0,0.009079972980543971
veriq_cbda8d7badbf32c6_0,veriq,combinational/rev_circuit/gf2^10mult_109_509.qasm,cbda8d7badbf32c670a50ac422c2a2ffeaec9d71785658e389590f03a208cbb3,reversible,False,,/home/audrey/code_and_papers/2026/FAST2027/final/hilbert_thin_provisioning/external/veriq-benchmark/combinational/rev_circuit/gf2^10mult_109_509.qasm,0,78d5c76374c582e656aeb83a6b12914e30481254b9dabd950f30dcd5c2633700,semantic,30,109,36,0,0,30,1.0,False,True,,0,0,0,30,1073741824.0,0,False,True,36.768184324776925,6.768184324776926,30.0,1073741824.0,30.0,1073741824.0,1073741824.0,29.999999999999996,1073741823.9999974,1073741823.9999974,109,109,109,0,0.006196056987391785
veriq_cbda8d7badbf32c6_0,veriq,combinational/rev_circuit/gf2^10mult_109_509.qasm,cbda8d7badbf32c670a50ac422c2a2ffeaec9d71785658e389590f03a208cbb3,reversible,False,,/home/audrey/code_and_papers/2026/FAST2027/final/hilbert_thin_provisioning/external/veriq-benchmark/combinational/rev_circuit/gf2^10mult_109_509.qasm,0,78d5c76374c582e656aeb83a6b12914e30481254b9dabd950f30dcd5c2633700,lowered,30,109,36,0,0,30,1.0,False,True,,0,0,0,30,1073741824.0,0,False,True,36.768184324776925,6.768184324776926,30.0,1073741824.0,30.0,1073741824.0,1073741824.0,29.999999999999996,1073741823.9999974,1073741823.9999974,109,109,109,0,0.010538587986957282
veriq_173d272bf1c4ac9b_0,veriq,combinational/rev_circuit/gf2^13mult_205_881.qasm,173d272bf1c4ac9b42fa88da118c9b804b2bdf422eb8e23cf71cfad5bfbfa615,reversible,False,,/home/audrey/code_and_papers/2026/FAST2027/final/hilbert_thin_provisioning/external/veriq-benchmark/combinational/rev_circuit/gf2^13mult_205_881.qasm,0,b12d06b657559a6e92f24134cda92541ffd6b56c82e6b038823b2e012bda1e54,semantic,39,205,55,0,0,39,1.0,False,True,,0,0,0,39,549755813888.0,0,False,True,46.67948009950545,7.679480099505446,39.0,549755813888.0,39.0,549755813888.0,549755813888.0,39.0,549755813888.0,549755813888.0,205,205,205,0,0.009527543996227905
veriq_173d272bf1c4ac9b_0,veriq,combinational/rev_circuit/gf2^13mult_205_881.qasm,173d272bf1c4ac9b42fa88da118c9b804b2bdf422eb8e23cf71cfad5bfbfa615,reversible,False,,/home/audrey/code_and_papers/2026/FAST2027/final/hilbert_thin_provisioning/external/veriq-benchmark/combinational/rev_circuit/gf2^13mult_205_881.qasm,0,b12d06b657559a6e92f24134cda92541ffd6b56c82e6b038823b2e012bda1e54,lowered,39,205,55,0,0,39,1.0,False,True,,0,0,0,39,549755813888.0,0,False,True,46.67948009950545,7.679480099505446,39.0,549755813888.0,39.0,549755813888.0,549755813888.0,39.0,549755813888.0,549755813888.0,205,205,205,0,0.015680781012633815
veriq_1ad74a6b385762f2_0,veriq,combinational/rev_circuit/gf2^14mult_235_1019.qasm,1ad74a6b385762f2a16ac9fdc486e4f3ca207c033e41d8237d56f22902cb231d,reversible,False,,/home/audrey/code_and_papers/2026/FAST2027/final/hilbert_thin_provisioning/external/veriq-benchmark/combinational/rev_circuit/gf2^14mult_235_1019.qasm,0,5b60bd4bc8baa72881e25a2ba7a7e021cb289d93bf476afb5d1aab7e1ee04f69,semantic,42,235,57,0,0,42,1.0,False,True,,0,0,0,42,4398046511104.0,0,False,True,49.876516946565,7.876516946565,42.0,4398046511104.0,42.0,4398046511104.0,4398046511104.0,42.0,4398046511104.0,4398046511104.0,235,235,235,0,0.01044336799532175
veriq_1ad74a6b385762f2_0,veriq,combinational/rev_circuit/gf2^14mult_235_1019.qasm,1ad74a6b385762f2a16ac9fdc486e4f3ca207c033e41d8237d56f22902cb231d,reversible,False,,/home/audrey/code_and_papers/2026/FAST2027/final/hilbert_thin_provisioning/external/veriq-benchmark/combinational/rev_circuit/gf2^14mult_235_1019.qasm,0,5b60bd4bc8baa72881e25a2ba7a7e021cb289d93bf476afb5d1aab7e1ee04f69,lowered,42,235,57,0,0,42,1.0,False,True,,0,0,0,42,4398046511104.0,0,False,True,49.876516946565,7.876516946565,42.0,4398046511104.0,42.0,4398046511104.0,4398046511104.0,42.0,4398046511104.0,4398046511104.0,235,235,235,0,0.017663456994341686
veriq_b8b63d8ef94cadb3_0,veriq,combinational/rev_circuit/gf2^16mult_301_1325.qasm,b8b63d8ef94cadb35e77c934570ed1436f7390a3246a8cd741d5abbf700ce16d,reversible,False,,/home/audrey/code_and_papers/2026/FAST2027/final/hilbert_thin_provisioning/external/veriq-benchmark/combinational/rev_circuit/gf2^16mult_301_1325.qasm,0,3ad16e237d6552ac62112241c22c5602e9b73c9da147cc35520c4cb71e7c180d,semantic,48,301,67,0,0,48,1.0,False,True,,0,0,0,48,281474976710656.0,0,False,True,56.2336196767597,8.233619676759702,48.0,281474976710656.0,48.0,281474976710656.0,281474976710656.0,48.0,281474976710656.0,281474976710656.0,301,301,301,0,0.05158298701280728
veriq_b8b63d8ef94cadb3_0,veriq,combinational/rev_circuit/gf2^16mult_301_1325.qasm,b8b63d8ef94cadb35e77c934570ed1436f7390a3246a8cd741d5abbf700ce16d,reversible,False,,/home/audrey/code_and_papers/2026/FAST2027/final/hilbert_thin_provisioning/external/veriq-benchmark/combinational/rev_circuit/gf2^16mult_301_1325.qasm,0,3ad16e237d6552ac62112241c22c5602e9b73c9da147cc35520c4cb71e7c180d,lowered,48,301,67,0,0,48,1.0,False,True,,0,0,0,48,281474976710656.0,0,False,True,56.2336196767597,8.233619676759702,48.0,281474976710656.0,48.0,281474976710656.0,281474976710656.0,48.0,281474976710656.0,281474976710656.0,301,301,301,0,0.0603446289896965
veriq_db8adbea09057360_0,veriq,combinational/rev_circuit/gf2^18mult_375_1671.qasm,db8adbea09057360acd0c9d5ad21a279189ccaa26a9a23414e53f311386ac7f7,reversible,False,,/home/audrey/code_and_papers/2026/FAST2027/final/hilbert_thin_provisioning/external/veriq-benchmark/combinational/rev_circuit/gf2^18mult_375_1671.qasm,0,96ed8d45585b0955a6523158723cc9c81f55194527be73f6c4308a6de6b91d39,semantic,54,375,73,0,0,54,1.0,False,True,,0,0,0,54,1.8014398509481984e+16,0,False,True,62.55074678538324,8.550746785383243,54.0,1.8014398509481984e+16,54.0,1.8014398509481984e+16,1.8014398509481984e+16,54.0,1.8014398509481984e+16,1.8014398509481984e+16,375,375,375,0,0.01731565300724469
veriq_db8adbea09057360_0,veriq,combinational/rev_circuit/gf2^18mult_375_1671.qasm,db8adbea09057360acd0c9d5ad21a279189ccaa26a9a23414e53f311386ac7f7,reversible,False,,/home/audrey/code_and_papers/2026/FAST2027/final/hilbert_thin_provisioning/external/veriq-benchmark/combinational/rev_circuit/gf2^18mult_375_1671.qasm,0,96ed8d45585b0955a6523158723cc9c81f55194527be73f6c4308a6de6b91d39,lowered,54,375,73,0,0,54,1.0,False,True,,0,0,0,54,1.8014398509481984e+16,0,False,True,62.55074678538324,8.550746785383243,54.0,1.8014398509481984e+16,54.0,1.8014398509481984e+16,1.8014398509481984e+16,54.0,1.8014398509481984e+16,1.8014398509481984e+16,375,375,375,0,0.02853049701661803
veriq_2fa05f4d077098e7_0,veriq,combinational/rev_circuit/gf2^20mult_419_2019.qasm,2fa05f4d077098e74be8f5cd25f2682d485842f16c2fec91adb0f54bd127cd5f,reversible,False,,/home/audrey/code_and_papers/2026/FAST2027/final/hilbert_thin_provisioning/external/veriq-benchmark/combinational/rev_circuit/gf2^20mult_419_2019.qasm,0,00a4c93b5e7d4b236129b785f6af4fc028fe45b137cccbb3751a1041a05d2f7f,semantic,60,419,76,0,0,60,1.0,False,True,,0,0,0,60,1.152921504606847e+18,0,False,True,68.71080643369935,8.710806433699352,59.99999999999999,1.1529215046068413e+18,59.99999999999999,1.1529215046068413e+18,1.1529215046068413e+18,60.0,1.152921504606847e+18,1.152921504606847e+18,419,419,419,0,0.01672923899604939
veriq_2fa05f4d077098e7_0,veriq,combinational/rev_circuit/gf2^20mult_419_2019.qasm,2fa05f4d077098e74be8f5cd25f2682d485842f16c2fec91adb0f54bd127cd5f,reversible,False,,/home/audrey/code_and_papers/2026/FAST2027/final/hilbert_thin_provisioning/external/veriq-benchmark/combinational/rev_circuit/gf2^20mult_419_2019.qasm,0,00a4c93b5e7d4b236129b785f6af4fc028fe45b137cccbb3751a1041a05d2f7f,lowered,60,419,76,0,0,60,1.0,False,True,,0,0,0,60,1.152921504606847e+18,0,False,True,68.71080643369935,8.710806433699352,59.99999999999999,1.1529215046068413e+18,59.99999999999999,1.1529215046068413e+18,1.1529215046068413e+18,60.0,1.152921504606847e+18,1.152921504606847e+18,419,419,419,0,0.029711758979829028
veriq_0b068b284d2de6e5_0,veriq,combinational/rev_circuit/gf2^32mult_1117_5213.qasm,0b068b284d2de6e5069992f5be9441606dbbe6248046715c48b4f34cef6097c1,reversible,False,,/home/audrey/code_and_papers/2026/FAST2027/final/hilbert_thin_provisioning/external/veriq-benchmark/combinational/rev_circuit/gf2^32mult_1117_5213.qasm,0,251f0b722129963ef085075b9bf01c551a5a0cb185610e7b7ea61317c9dae8e1,semantic,96,1117,131,0,0,96,1.0,False,True,,0,0,0,96,7.922816251426434e+28,0,False,True,106.12541347048331,10.125413470483316,96.0,7.922816251426434e+28,96.0,7.922816251426434e+28,7.922816251426434e+28,96.0,7.922816251426434e+28,7.922816251426434e+28,1117,1117,1117,0,0.038131738983793184
veriq_0b068b284d2de6e5_0,veriq,combinational/rev_circuit/gf2^32mult_1117_5213.qasm,0b068b284d2de6e5069992f5be9441606dbbe6248046715c48b4f34cef6097c1,reversible,False,,/home/audrey/code_and_papers/2026/FAST2027/final/hilbert_thin_provisioning/external/veriq-benchmark/combinational/rev_circuit/gf2^32mult_1117_5213.qasm,0,251f0b722129963ef085075b9bf01c551a5a0cb185610e7b7ea61317c9dae8e1,lowered,96,1117,131,0,0,96,1.0,False,True,,0,0,0,96,7.922816251426434e+28,0,False,True,106.12541347048331,10.125413470483316,96.0,7.922816251426434e+28,96.0,7.922816251426434e+28,7.922816251426434e+28,96.0,7.922816251426434e+28,7.922816251426434e+28,1117,1117,1117,0,0.06556874298257753
veriq_c716a8ac2b185ea5_0,veriq,combinational/rev_circuit/gf2^32mult_1179_5275.qasm,c716a8ac2b185ea5a554b7a50b2c4cf553a36c9d809618c9a8d29dd5558dc890,reversible,False,,/home/audrey/code_and_papers/2026/FAST2027/final/hilbert_thin_provisioning/external/veriq-benchmark/combinational/rev_circuit/gf2^32mult_1179_5275.qasm,0,e14201d76e83a0185bd95ca2267201b4524f5b651c189f976b38539eee186268,semantic,96,1179,133,0,0,96,1.0,False,True,,0,0,0,96,7.922816251426434e+28,0,False,True,106.20334800297977,10.203348002979764,96.0,7.922816251426434e+28,96.0,7.922816251426434e+28,7.922816251426434e+28,96.0,7.922816251426434e+28,7.922816251426434e+28,1179,1179,1179,0,0.04215030698105693
veriq_c716a8ac2b185ea5_0,veriq,combinational/rev_circuit/gf2^32mult_1179_5275.qasm,c716a8ac2b185ea5a554b7a50b2c4cf553a36c9d809618c9a8d29dd5558dc890,reversible,False,,/home/audrey/code_and_papers/2026/FAST2027/final/hilbert_thin_provisioning/external/veriq-benchmark/combinational/rev_circuit/gf2^32mult_1179_5275.qasm,0,e14201d76e83a0185bd95ca2267201b4524f5b651c189f976b38539eee186268,lowered,96,1179,133,0,0,96,1.0,False,True,,0,0,0,96,7.922816251426434e+28,0,False,True,106.20334800297977,10.203348002979764,96.0,7.922816251426434e+28,96.0,7.922816251426434e+28,7.922816251426434e+28,96.0,7.922816251426434e+28,7.922816251426434e+28,1179,1179,1179,0,0.0711180949874688
veriq_e5a4638d60970fa7_0,veriq,combinational/supre_circuit/inst_7x7_10_0.qasm,e5a4638d60970fa77be427057d1a25467fc86a0e32939adc969be185f2c4f819,unknown,False,,/home/audrey/code_and_papers/2026/FAST2027/final/hilbert_thin_provisioning/external/veriq-benchmark/combinational/supre_circuit/inst_7x7_10_0.qasm,0,e7397f65b7a06c531f57c64412b835bffdea279e4a4231a879d5df4560134e44,semantic,49,839,40,49,49,0,0.0,True,False,0.058402860548271755,49,1.0,1,0,1.0,0,False,True,58.71252700043982,58.62935662007961,0.08317038036020818,1.0593434343434303,0.08317038036020818,1.0593434343434303,1.0593434343434303,0.0,1.0,1.0,839,839,839,0,0.024589870998170227
veriq_e5a4638d60970fa7_0,veriq,combinational/supre_circuit/inst_7x7_10_0.qasm,e5a4638d60970fa77be427057d1a25467fc86a0e32939adc969be185f2c4f819,unknown,False,,/home/audrey/code_and_papers/2026/FAST2027/final/hilbert_thin_provisioning/external/veriq-benchmark/combinational/supre_circuit/inst_7x7_10_0.qasm,0,e7397f65b7a06c531f57c64412b835bffdea279e4a4231a879d5df4560134e44,lowered,49,839,40,49,49,0,0.0,True,False,0.9082240762812872,49,4.0,92,0,1.0,0,False,True,58.71252700043982,56.059893168721466,2.6526338317183544,6.288142150565667,2.6526338317183544,6.288142150565667,6.288142150565667,0.0,1.0,1.0,839,839,839,0,0.043729291995987296
veriq_ae512ee3bfcece87_0,veriq,combinational/supre_circuit/inst_8x8_10_0.qasm,ae512ee3bfcece87569fb47a936a991191f64cea8c5142a5cd0f88a7ca25b168,unknown,False,,/home/audrey/code_and_papers/2026/FAST2027/final/hilbert_thin_provisioning/external/veriq-benchmark/combinational/supre_circuit/inst_8x8_10_0.qasm,0,f45ceb9e861cd070b29a6b97638ca11a7c5c3a83b287b6c647ef69c0fb133ce0,semantic,64,1116,40,64,64,0,0.0,True,False,0.05734767025089606,64,1.0,1,0,1.0,0,False,True,74.12412131182919,74.04165915163722,0.08246216019196595,1.0588235294117596,0.08246216019196595,1.0588235294117596,1.0588235294117596,0.0,1.0,1.0,1116,1116,1116,0,0.029742680984782055
veriq_ae512ee3bfcece87_0,veriq,combinational/supre_circuit/inst_8x8_10_0.qasm,ae512ee3bfcece87569fb47a936a991191f64cea8c5142a5cd0f88a7ca25b168,unknown,False,,/home/audrey/code_and_papers/2026/FAST2027/final/hilbert_thin_provisioning/external/veriq-benchmark/combinational/supre_circuit/inst_8x8_10_0.qasm,0,f45ceb9e861cd070b29a6b97638ca11a7c5c3a83b287b6c647ef69c0fb133ce0,lowered,64,1116,40,64,64,0,0.0,True,False,0.9435483870967742,64,4.0,65,0,1.0,0,False,True,74.12412131182919,70.48715623612327,3.636965075705916,12.440435416446208,3.636965075705916,12.440435416446208,12.440435416446208,0.0,1.0,1.0,1116,1116,1116,0,0.05724796999129467
veriq_305a0da5ee0d7eb7_0,veriq,combinational/supre_circuit/inst_10x10_10_0.qasm,305a0da5ee0d7eb7c3d2b9db4a355f00fa5273c8cafed7b1a1efc42982ec39f7,unknown,False,,/home/audrey/code_and_papers/2026/FAST2027/final/hilbert_thin_provisioning/external/veriq-benchmark/combinational/supre_circuit/inst_10x10_10_0.qasm,0,f0fbf7d0c0806f66f2604eae64af42febb8a4c63a864a2ed45b69684862908e7,semantic,100,746,11,100,100,0,0.0,True,False,0.13404825737265416,100,1.0,1,0,1.0,0,False,True,109.54303182025524,109.33985000288463,0.2031818173706057,1.1512345679012288,0.2031818173706057,1.1512345679012288,1.1512345679012288,0.0,1.0,1.0,746,746,746,0,0.021764946985058486
veriq_305a0da5ee0d7eb7_0,veriq,combinational/supre_circuit/inst_10x10_10_0.qasm,305a0da5ee0d7eb7c3d2b9db4a355f00fa5273c8cafed7b1a1efc42982ec39f7,unknown,False,,/home/audrey/code_and_papers/2026/FAST2027/final/hilbert_thin_provisioning/external/veriq-benchmark/combinational/supre_circuit/inst_10x10_10_0.qasm,0,f0fbf7d0c0806f66f2604eae64af42febb8a4c63a864a2ed45b69684862908e7,lowered,100,746,11,100,100,0,0.0,True,False,0.982573726541555,100,2.0,32,0,1.0,0,False,True,109.54303182025524,105.14470749785423,4.39832432240101,21.087619258340215,4.39832432240101,21.087619258340215,21.087619258340215,0.0,1.0,1.0,746,746,746,0,0.042695925978478044
veriq_91f3576bee228d39_0,veriq,combinational/supre_circuit/inst_9x9_10_0.qasm,91f3576bee228d39275a04942f8c5c66b3d276161a7159dcb9a268a7763156a0,unknown,False,,/home/audrey/code_and_papers/2026/FAST2027/final/hilbert_thin_provisioning/external/veriq-benchmark/combinational/supre_circuit/inst_9x9_10_0.qasm,0,4b16d2963be6eff1a31125fc3bb430f4a518586ac53c54ad838ff69357ce4d8f,semantic,81,1417,40,81,81,0,0.0,True,False,0.05716302046577276,81,1.0,1,0,1.0,0,False,True,91.46862404291802,91.38586240064146,0.0827616422765658,1.0590433482810224,0.0827616422765658,1.0590433482810224,1.0590433482810224,1.4210854715202004e-14,1.0000000000000098,1.0000000000000098,1417,1417,1417,0,0.04294100502738729
veriq_91f3576bee228d39_0,veriq,combinational/supre_circuit/inst_9x9_10_0.qasm,91f3576bee228d39275a04942f8c5c66b3d276161a7159dcb9a268a7763156a0,unknown,False,,/home/audrey/code_and_papers/2026/FAST2027/final/hilbert_thin_provisioning/external/veriq-benchmark/combinational/supre_circuit/inst_9x9_10_0.qasm,0,4b16d2963be6eff1a31125fc3bb430f4a518586ac53c54ad838ff69357ce4d8f,lowered,81,1417,40,81,81,0,0.0,True,False,0.9830628087508821,81,4.0,93,0,1.0,0,False,True,91.46862404291802,87.4932462197199,3.97537782319813,15.729248324362649,3.97537782319813,15.729248324362649,15.729248324362649,1.4210854715202004e-14,1.0000000000000098,1.0000000000000098,1417,1417,1417,0,0.07660658800159581
veriq_b65fc58597a8fdba_0,veriq,variational/QCNN/qcnn_4.qasm,b65fc58597a8fdba263a50df520964335fb9f52e61ed2a4021c12c2d199828cc,vqe,False,,/home/audrey/code_and_papers/2026/FAST2027/final/hilbert_thin_provisioning/external/veriq-benchmark/variational/QCNN/qcnn_4.qasm,0,c3281b2c41ebbd522169fb4a05a879a4f1248c533b5dfdd0f93454ddae3914e0,semantic,4,66,57,4,4,0,0.0,True,False,0.22727272727272727,4,3.5,5,0,1.0,0,False,True,10.044394119358454,9.78953364497036,0.254860474388094,1.1932203389830511,0.254860474388094,1.1932203389830511,1.1932203389830511,0.2479275134435852,1.1874999999999998,1.1874999999999998,76,66,66,2,0.0055717710056342185
veriq_b65fc58597a8fdba_0,veriq,variational/QCNN/qcnn_4.qasm,b65fc58597a8fdba263a50df520964335fb9f52e61ed2a4021c12c2d199828cc,vqe,False,,/home/audrey/code_and_papers/2026/FAST2027/final/hilbert_thin_provisioning/external/veriq-benchmark/variational/QCNN/qcnn_4.qasm,0,c3281b2c41ebbd522169fb4a05a879a4f1248c533b5dfdd0f93454ddae3914e0,lowered,4,66,57,4,4,0,0.0,True,False,0.22727272727272727,4,3.5,5,0,1.0,0,False,True,10.044394119358454,9.78953364497036,0.254860474388094,1.1932203389830511,0.254860474388094,1.1932203389830511,1.1932203389830511,0.2479275134435852,1.1874999999999998,1.1874999999999998,76,66,66,2,0.007644997996976599
veriq_04d344f02e13a87e_0,veriq,variational/HFVQE/hf_8_0_9.qasm,04d344f02e13a87eff91baa6c52b5e486db627c2503755b02d241a5b79364298,vqe,False,,/home/audrey/code_and_papers/2026/FAST2027/final/hilbert_thin_provisioning/external/veriq-benchmark/variational/HFVQE/hf_8_0_9.qasm,0,db38269877f85f43be9d7acd7376b2fec740d38e6ab01718e4d86b5eb02ee43b,semantic,8,308,124,8,8,0,0.0,True,False,0.5064935064935064,8,16.0,47,0,1.0,0,False,True,16.266786540694902,15.55677545712658,0.7100110835683218,1.6358166843011586,0.7100110835683218,1.6358166843011586,1.6358166843011586,0.7237254781821711,1.6514410571220484,1.6514410571220484,308,308,308,0,0.011091461987234652
veriq_04d344f02e13a87e_0,veriq,variational/HFVQE/hf_8_0_9.qasm,04d344f02e13a87eff91baa6c52b5e486db627c2503755b02d241a5b79364298,vqe,False,,/home/audrey/code_and_papers/2026/FAST2027/final/hilbert_thin_provisioning/external/veriq-benchmark/variational/HFVQE/hf_8_0_9.qasm,0,db38269877f85f43be9d7acd7376b2fec740d38e6ab01718e4d86b5eb02ee43b,lowered,8,308,124,8,8,0,0.0,True,False,0.7564935064935064,8,18.5,76,0,1.0,0,False,True,16.266786540694902,15.101196024307765,1.1655905163871374,2.2432501635892925,1.1655905163871374,2.2432501635892925,2.2432501635892925,0.7237254781821711,1.6514410571220484,1.6514410571220484,308,308,308,0,0.017810929013649
veriq_9159af3d6b2d74e0_0,veriq,variational/HFVQE/hf_10_0_5.qasm,9159af3d6b2d74e0c5b76dda152950de927743323d65293f298ac5a1a1ae8077,vqe,False,,/home/audrey/code_and_papers/2026/FAST2027/final/hilbert_thin_provisioning/external/veriq-benchmark/variational/HFVQE/hf_10_0_5.qasm,0,b183a5c143691ff2a8a6c6907403695e2dc9812b0a4df04cd3d944e2e11e8a76,semantic,10,461,142,10,10,0,0.0,True,False,0.5466377440347071,10,19.0,77,0,1.0,0,False,True,18.848622940429337,18.032443980491287,0.8161789599380498,1.760736425145276,0.8161789599380498,1.760736425145276,1.760736425145276,0.9109319034635703,1.880259652934024,1.880259652934024,461,461,461,0,0.015051478985697031
veriq_9159af3d6b2d74e0_0,veriq,variational/HFVQE/hf_10_0_5.qasm,9159af3d6b2d74e0c5b76dda152950de927743323d65293f298ac5a1a1ae8077,vqe,False,,/home/audrey/code_and_papers/2026/FAST2027/final/hilbert_thin_provisioning/external/veriq-benchmark/variational/HFVQE/hf_10_0_5.qasm,0,b183a5c143691ff2a8a6c6907403695e2dc9812b0a4df04cd3d944e2e11e8a76,lowered,10,461,142,10,10,0,0.0,True,False,0.8373101952277657,10,19.0,95,0,1.0,0,False,True,18.848622940429337,17.334116128033415,1.514506812395922,2.8570114386007335,1.514506812395922,2.8570114386007335,2.8570114386007335,0.9109319034635703,1.880259652934024,1.880259652934024,461,461,461,0,0.02451811099308543
veriq_8aba5a7b2b75521f_0,veriq,variational/QCNN/qcnn_16.qasm,8aba5a7b2b75521fec2bc03579d2da5b4814af587512a4da163f6d15d5ccced6,vqe,False,,/home/audrey/code_and_papers/2026/FAST2027/final/hilbert_thin_provisioning/external/veriq-benchmark/variational/QCNN/qcnn_16.qasm,0,e91ca735637252d795dfbcab7651b7380a16c4e25610ff6ccab9ce91de46acd0,semantic,16,330,285,16,16,0,0.0,True,False,0.19090909090909092,16,3.5,5,0,1.0,0,False,True,24.366322214245816,24.085693289214085,0.2806289250317313,1.2147243130046315,0.2806289250317313,1.2147243130046315,1.2147243130046315,0.28240023172566353,1.2162166385887507,1.2162166385887507,376,330,330,2,0.013460538000799716
veriq_8aba5a7b2b75521f_0,veriq,variational/QCNN/qcnn_16.qasm,8aba5a7b2b75521fec2bc03579d2da5b4814af587512a4da163f6d15d5ccced6,vqe,False,,/home/audrey/code_and_papers/2026/FAST2027/final/hilbert_thin_provisioning/external/veriq-benchmark/variational/QCNN/qcnn_16.qasm,0,e91ca735637252d795dfbcab7651b7380a16c4e25610ff6ccab9ce91de46acd0,lowered,16,330,285,16,16,0,0.0,True,False,0.19090909090909092,16,3.5,5,0,1.0,0,False,True,24.366322214245816,24.085693289214085,0.2806289250317313,1.2147243130046315,0.2806289250317313,1.2147243130046315,1.2147243130046315,0.28240023172566353,1.2162166385887507,1.2162166385887507,376,330,330,2,0.021317226986866444
qft_8,generated,results/raw/20260915T141040.945114Z/generated_inputs/qft_8.qpy,d0cc3287cc1f29e493a9f8b82557d383e8b5db7a4f5d430dee4e788a67c15ba7,qft,False,qiskit.synthesis.synth_qft_full,/home/audrey/code_and_papers/2026/FAST2027/final/hilbert_thin_provisioning/results/raw/20260915T141040.945114Z/generated_inputs/qft_8.qpy,0,3e8aabb9d7d5610f57e4d6eee3a3142a1ce5afd20da8cad20026f095637ba58d,semantic,8,40,16,8,8,0,0.0,True,False,0.9,8,4.5,8,0,1.0,0,False,True,13.321928094887362,10.98584193700334,2.336086157884022,5.049309664694281,2.336086157884022,5.049309664694281,5.049309664694281,2.0056465631411413,4.015686274509802,4.015686274509802,40,40,40,0,0.004556244995910674
qft_8,generated,results/raw/20260915T141040.945114Z/generated_inputs/qft_8.qpy,d0cc3287cc1f29e493a9f8b82557d383e8b5db7a4f5d430dee4e788a67c15ba7,qft,False,qiskit.synthesis.synth_qft_full,/home/audrey/code_and_papers/2026/FAST2027/final/hilbert_thin_provisioning/results/raw/20260915T141040.945114Z/generated_inputs/qft_8.qpy,0,3e8aabb9d7d5610f57e4d6eee3a3142a1ce5afd20da8cad20026f095637ba58d,lowered,8,40,16,8,8,0,0.0,True,False,0.9,8,4.5,8,0,1.0,0,False,True,13.321928094887362,11.584962500721154,1.7369655941662074,3.333333333333336,1.7369655941662074,3.333333333333336,3.333333333333336,2.0056465631411413,4.015686274509802,4.015686274509802,40,40,40,0,0.0057663299958221614
qaoa_8,generated,results/raw/20260915T141040.945114Z/generated_inputs/qaoa_8.qpy,ecf14a29a98c013b20948ea13d783d0eaf0606a58e1ee07820b12aa39828aa9f,qaoa,False,QAOA MaxCut ring p=3 gamma=.355 beta=.185,/home/audrey/code_and_papers/2026/FAST2027/final/hilbert_thin_provisioning/results/raw/20260915T141040.945114Z/generated_inputs/qaoa_8.qpy,0,f06b52c1ff9b396c80c782c0b1de335dfa192a4f7a723f24ef9f3fc1e25efa88,semantic,8,56,28,8,8,0,0.0,True,False,0.14285714285714285,8,1.0,1,0,1.0,0,False,True,13.807354922057604,13.643630751061728,0.16372417099587544,1.1201750273480224,0.16372417099587544,1.1201750273480224,1.1201750273480224,0.0,1.0,1.0,56,56,56,0,0.004052750009577721
qaoa_8,generated,results/raw/20260915T141040.945114Z/generated_inputs/qaoa_8.qpy,ecf14a29a98c013b20948ea13d783d0eaf0606a58e1ee07820b12aa39828aa9f,qaoa,False,QAOA MaxCut ring p=3 gamma=.355 beta=.185,/home/audrey/code_and_papers/2026/FAST2027/final/hilbert_thin_provisioning/results/raw/20260915T141040.945114Z/generated_inputs/qaoa_8.qpy,0,f06b52c1ff9b396c80c782c0b1de335dfa192a4f7a723f24ef9f3fc1e25efa88,lowered,8,56,28,8,8,0,0.0,True,False,0.3392857142857143,8,3.0,3,0,1.0,0,False,True,13.807354922057604,13.355626393637916,0.4517285284196877,1.3676779240602932,0.4517285284196877,1.3676779240602932,1.3676779240602932,0.0,1.0,1.0,56,56,56,0,0.005586718994891271
hea_8,generated,results/raw/20260915T141040.945114Z/generated_inputs/hea_8.qpy,21cac580c4f8014899e11214d7c315ccde0f8fe51a80b1510a20b64589277775,hea,False,RY/RZ linear-CX hardware-efficient ansatz reps=4,/home/audrey/code_and_papers/2026/FAST2027/final/hilbert_thin_provisioning/results/raw/20260915T141040.945114Z/generated_inputs/hea_8.qpy,0,f89e2f3fbf4bdc7e1f4bc35086492af7e11fd69f06dfde8d61f65f4a6f61c54d,semantic,8,92,21,8,8,0,0.0,True,False,0.16304347826086957,8,2.0,2,0,1.0,0,False,True,14.523561956057012,14.321646290991382,0.20191566506563063,1.1502246532525875,0.20191566506563063,1.1502246532525875,1.1502246532525875,0.0,1.0,1.0,92,92,92,0,0.005520048987818882
hea_8,generated,results/raw/20260915T141040.945114Z/generated_inputs/hea_8.qpy,21cac580c4f8014899e11214d7c315ccde0f8fe51a80b1510a20b64589277775,hea,False,RY/RZ linear-CX hardware-efficient ansatz reps=4,/home/audrey/code_and_papers/2026/FAST2027/final/hilbert_thin_provisioning/results/raw/20260915T141040.945114Z/generated_inputs/hea_8.qpy,0,f89e2f3fbf4bdc7e1f4bc35086492af7e11fd69f06dfde8d61f65f4a6f61c54d,lowered,8,92,21,8,8,0,0.0,True,False,0.6847826086956522,8,9.5,12,0,1.0,0,False,True,14.523561956057012,13.376125389276174,1.1474365667808382,2.2151993980436413,1.1474365667808382,2.2151993980436413,2.2151993980436413,0.0,1.0,1.0,92,92,92,0,0.007715257001109421
random_8,generated,results/raw/20260915T141040.945114Z/generated_inputs/random_8.qpy,e7bd3a5d3869c616e4522d8de3e94e99ff2cac27da4469a6654dc8e5c367f6d9,random,False,qiskit.circuit.random.random_circuit depth=12 max_operands=2,/home/audrey/code_and_papers/2026/FAST2027/final/hilbert_thin_provisioning/results/raw/20260915T141040.945114Z/generated_inputs/random_8.qpy,0,1c71cf1052fa8c2abc4b03790148baf7d90662d666d04533de6f0d231bc1bcfe,semantic,8,61,12,8,8,0,0.0,True,False,0.2786885245901639,6,2.0,8,0,1.0,4,False,True,13.930737337562887,13.525276097867124,0.40546123969576264,1.3245122985581013,0.40546123969576264,1.3245122985581013,1.3245122985581013,0.2585330135988517,1.1962616822429895,1.1962616822429895,61,61,86,0,0.010926791001111269
random_8,generated,results/raw/20260915T141040.945114Z/generated_inputs/random_8.qpy,e7bd3a5d3869c616e4522d8de3e94e99ff2cac27da4469a6654dc8e5c367f6d9,random,False,qiskit.circuit.random.random_circuit depth=12 max_operands=2,/home/audrey/code_and_papers/2026/FAST2027/final/hilbert_thin_provisioning/results/raw/20260915T141040.945114Z/generated_inputs/random_8.qpy,0,1c71cf1052fa8c2abc4b03790148baf7d90662d666d04533de6f0d231bc1bcfe,lowered,8,86,29,8,8,0,0.0,True,False,0.47674418604651164,7,3.0,24,0,1.0,0,False,True,14.426264754702098,13.88292957315363,0.5433351815484677,1.4573376580393211,0.5433351815484677,1.4573376580393211,1.4573376580393211,0.42857425361359347,1.3459028281363323,1.3459028281363323,61,61,86,0,0.012415100005455315
grover_8,generated,results/raw/20260915T141040.945114Z/generated_inputs/grover_8.qpy,ad97f0d7497281b2e31a0618fd6c3a827e76ec8da2713398763393e7c1d0216e,grover_oracle,False,single marked-state Grover iteration with phase-kickback ancilla,/home/audrey/code_and_papers/2026/FAST2027/final/hilbert_thin_provisioning/results/raw/20260915T141040.945114Z/generated_inputs/grover_8.qpy,0,ca4764f93db8a2fbd82bf67a25de567b99d0213929ad23f3a30f74dff4c0c5b8,semantic,8,41,10,8,8,0,0.0,True,False,0.21951219512195122,8,1.0,2,0,1.0,0,False,True,13.357552004618084,13.108197722535827,0.24935428208225652,1.18867497168743,0.24935428208225652,1.18867497168743,1.18867497168743,0.07400058144377475,1.0526315789473668,1.0526315789473668,41,41,41,0,0.0034802140144165605
grover_8,generated,results/raw/20260915T141040.945114Z/generated_inputs/grover_8.qpy,ad97f0d7497281b2e31a0618fd6c3a827e76ec8da2713398763393e7c1d0216e,grover_oracle,False,single marked-state Grover iteration with phase-kickback ancilla,/home/audrey/code_and_papers/2026/FAST2027/final/hilbert_thin_provisioning/results/raw/20260915T141040.945114Z/generated_inputs/grover_8.qpy,0,ca4764f93db8a2fbd82bf67a25de567b99d0213929ad23f3a30f74dff4c0c5b8,lowered,8,41,10,8,8,0,0.0,True,False,0.21951219512195122,8,1.0,2,0,1.0,0,False,True,13.357552004618084,13.108197722535827,0.24935428208225652,1.18867497168743,0.24935428208225652,1.18867497168743,1.18867497168743,0.07400058144377475,1.0526315789473668,1.0526315789473668,41,41,41,0,0.004666063003242016
qft_12,generated,results/raw/20260915T141040.945114Z/generated_inputs/qft_12.qpy,36621288ab7e7497748046a5f221354e634f7deb9429e2ba14a20e9742c8b686,qft,False,qiskit.synthesis.synth_qft_full,/home/audrey/code_and_papers/2026/FAST2027/final/hilbert_thin_provisioning/results/raw/20260915T141040.945114Z/generated_inputs/qft_12.qpy,0,60df685a3b28f90e23c9f4bf126ccd8dc727680a6c62938d3d3e6bce28eac574,semantic,12,84,24,12,12,0,0.0,True,False,0.9285714285714286,12,6.5,12,0,1.0,0,False,True,18.39231742277876,15.32094154033456,3.0713758824441992,8.405746115508643,3.0713758824441992,8.405746115508643,8.405746115508643,2.585314764192784,6.001465201465197,6.001465201465197,84,84,84,0,0.008175105002010241
qft_12,generated,results/raw/20260915T141040.945114Z/generated_inputs/qft_12.qpy,36621288ab7e7497748046a5f221354e634f7deb9429e2ba14a20e9742c8b686,qft,False,qiskit.synthesis.synth_qft_full,/home/audrey/code_and_papers/2026/FAST2027/final/hilbert_thin_provisioning/results/raw/20260915T141040.945114Z/generated_inputs/qft_12.qpy,0,60df685a3b28f90e23c9f4bf126ccd8dc727680a6c62938d3d3e6bce28eac574,lowered,12,84,24,12,12,0,0.0,True,False,0.9285714285714286,12,6.5,12,0,1.0,0,False,True,18.39231742277876,16.169925001442312,2.2223924213364477,4.666666666666666,2.2223924213364477,4.666666666666666,4.666666666666666,2.585314764192784,6.001465201465197,6.001465201465197,84,84,84,0,0.010423188999993727
qaoa_12,generated,results/raw/20260915T141040.945114Z/generated_inputs/qaoa_12.qpy,ec0df4a7617f3a7c4da15b9c6f115fdcaa9c971472c9419fe296c73bf8310453,qaoa,False,QAOA MaxCut ring p=3 gamma=.355 beta=.185,/home/audrey/code_and_papers/2026/FAST2027/final/hilbert_thin_provisioning/results/raw/20260915T141040.945114Z/generated_inputs/qaoa_12.qpy,0,3ea19820ac6de28814e915bb9944bf295f77b1e966da2606f36febcbfaebdbc8,semantic,12,84,40,12,12,0,0.0,True,False,0.14285714285714285,12,1.0,1,0,1.0,0,False,True,18.39231742277876,18.209443846125406,0.18287357665335335,1.1351426252548662,0.18287357665335335,1.1351426252548662,1.1351426252548662,0.0,1.0,1.0,84,84,84,0,0.005012755980715156
qaoa_12,generated,results/raw/20260915T141040.945114Z/generated_inputs/qaoa_12.qpy,ec0df4a7617f3a7c4da15b9c6f115fdcaa9c971472c9419fe296c73bf8310453,qaoa,False,QAOA MaxCut ring p=3 gamma=.355 beta=.185,/home/audrey/code_and_papers/2026/FAST2027/final/hilbert_thin_provisioning/results/raw/20260915T141040.945114Z/generated_inputs/qaoa_12.qpy,0,3ea19820ac6de28814e915bb9944bf295f77b1e966da2606f36febcbfaebdbc8,lowered,12,84,40,12,12,0,0.0,True,False,0.36904761904761907,12,3.0,3,0,1.0,0,False,True,18.39231742277876,17.832803501280246,0.5595139214985139,1.4737725843620701,0.5595139214985139,1.4737725843620701,1.4737725843620701,0.0,1.0,1.0,84,84,84,0,0.007174887985456735
hea_12,generated,results/raw/20260915T141040.945114Z/generated_inputs/hea_12.qpy,017f5ae72b7395e4e9ffca5003849076a77a4b4a6908b0dbc0d5fa541c57d41a,hea,False,RY/RZ linear-CX hardware-efficient ansatz reps=4,/home/audrey/code_and_papers/2026/FAST2027/final/hilbert_thin_provisioning/results/raw/20260915T141040.945114Z/generated_inputs/hea_12.qpy,0,657f19113ec478017e1f4244c17c303e2ed5ac8373ea923270bee57b1c16402c,semantic,12,140,25,12,12,0,0.0,True,False,0.16428571428571428,12,2.0,2,0,1.0,0,False,True,19.129283016944967,18.90687885487845,0.22240416206651759,1.1666761611015695,0.22240416206651759,1.1666761611015695,1.1666761611015695,0.0,1.0,1.0,140,140,140,0,0.006402127008186653
hea_12,generated,results/raw/20260915T141040.945114Z/generated_inputs/hea_12.qpy,017f5ae72b7395e4e9ffca5003849076a77a4b4a6908b0dbc0d5fa541c57d41a,hea,False,RY/RZ linear-CX hardware-efficient ansatz reps=4,/home/audrey/code_and_papers/2026/FAST2027/final/hilbert_thin_provisioning/results/raw/20260915T141040.945114Z/generated_inputs/hea_12.qpy,0,657f19113ec478017e1f4244c17c303e2ed5ac8373ea923270bee57b1c16402c,lowered,12,140,25,12,12,0,0.0,True,False,0.7928571428571428,12,12.0,12,0,1.0,0,False,True,19.129283016944967,17.391310727433407,1.7379722895115606,3.335660105170087,1.7379722895115606,3.335660105170087,3.335660105170087,0.0,1.0,1.0,140,140,140,0,0.009592509013600647
random_12,generated,results/raw/20260915T141040.945114Z/generated_inputs/random_12.qpy,36f2c658579c89be8c09fb0bc562d4d5440d80680a8534c1d1b9ebf4ab769cef,random,False,qiskit.circuit.random.random_circuit depth=12 max_operands=2,/home/audrey/code_and_papers/2026/FAST2027/final/hilbert_thin_provisioning/results/raw/20260915T141040.945114Z/generated_inputs/random_12.qpy,0,4b7ff7e9005880a2ea5d6fe47e7d96130e5dda5730ac5cb3f750e50899e7ae1e,semantic,12,80,12,12,12,0,0.0,True,False,0.25,9,2.0,4,0,1.0,17,False,True,18.32192809488736,17.993380704255898,0.32854739063146354,1.2557483598013361,0.32854739063146354,1.2557483598013361,1.2557483598013361,0.2439997364694566,1.1842713955281419,1.1842713955281419,80,80,167,0,0.018178290978539735
random_12,generated,results/raw/20260915T141040.945114Z/generated_inputs/random_12.qpy,36f2c658579c89be8c09fb0bc562d4d5440d80680a8534c1d1b9ebf4ab769cef,random,False,qiskit.circuit.random.random_circuit depth=12 max_operands=2,/home/audrey/code_and_papers/2026/FAST2027/final/hilbert_thin_provisioning/results/raw/20260915T141040.945114Z/generated_inputs/random_12.qpy,0,4b7ff7e9005880a2ea5d6fe47e7d96130e5dda5730ac5cb3f750e50899e7ae1e,lowered,12,167,41,12,12,0,0.0,True,False,0.2634730538922156,10,2.5,12,0,1.0,0,False,True,19.38370429247405,19.007405109925756,0.3762991825482942,1.298007916718849,0.3762991825482942,1.298007916718849,1.298007916718849,0.11676067245612742,1.0842975206611574,1.0842975206611574,80,80,167,0,0.01994161499897018
grover_12,generated,results/raw/20260915T141040.945114Z/generated_inputs/grover_12.qpy,5a77639b36b6b6671b6dc930e73aad7ba3e7c770fa522b1f0960d4e54e95d956,grover_oracle,False,single marked-state Grover iteration with phase-kickback ancilla,/home/audrey/code_and_papers/2026/FAST2027/final/hilbert_thin_provisioning/results/raw/20260915T141040.945114Z/generated_inputs/grover_12.qpy,0,ff410c4a084c3b2e835362ca63d502d9ffc78ff16d808333cb496bc88fa54180,semantic,12,61,10,12,12,0,0.0,True,False,0.21311475409836064,12,1.0,2,0,1.0,0,False,True,17.93073733756289,17.658197533358855,0.27253980420403323,1.2079324715005366,0.27253980420403323,1.2079324715005366,1.2079324715005366,0.07400058144377653,1.0526315789473681,1.0526315789473681,61,61,61,0,0.004367076006019488
grover_12,generated,results/raw/20260915T141040.945114Z/generated_inputs/grover_12.qpy,5a77639b36b6b6671b6dc930e73aad7ba3e7c770fa522b1f0960d4e54e95d956,grover_oracle,False,single marked-state Grover iteration with phase-kickback ancilla,/home/audrey/code_and_papers/2026/FAST2027/final/hilbert_thin_provisioning/results/raw/20260915T141040.945114Z/generated_inputs/grover_12.qpy,0,ff410c4a084c3b2e835362ca63d502d9ffc78ff16d808333cb496bc88fa54180,lowered,12,61,10,12,12,0,0.0,True,False,0.21311475409836064,12,1.0,2,0,1.0,0,False,True,17.93073733756289,17.658197533358855,0.27253980420403323,1.2079324715005366,0.27253980420403323,1.2079324715005366,1.2079324715005366,0.07400058144377653,1.0526315789473681,1.0526315789473681,61,61,61,0,0.00600747499265708
qft_16,generated,results/raw/20260915T141040.945114Z/generated_inputs/qft_16.qpy,edf1801d3f8d5e883be8ef038bd0722e7ee9375b6be96f5beeda2dd33a9e769a,qft,False,qiskit.synthesis.synth_qft_full,/home/audrey/code_and_papers/2026/FAST2027/final/hilbert_thin_provisioning/results/raw/20260915T141040.945114Z/generated_inputs/qft_16.qpy,0,747099b3aaa365b28393bcab49e3c5cba8ed337627a050095f1f36712d5fe8cb,semantic,16,144,32,16,16,0,0.0,True,False,0.9444444444444444,16,8.5,16,0,1.0,0,False,True,23.169925001442312,19.58489645787161,3.5850285435707008,12.000549341553118,3.5850285435707008,12.000549341553118,12.000549341553118,3.000022013947266,8.000122072175184,8.000122072175184,144,144,144,0,0.04318524998961948
qft_16,generated,results/raw/20260915T141040.945114Z/generated_inputs/qft_16.qpy,edf1801d3f8d5e883be8ef038bd0722e7ee9375b6be96f5beeda2dd33a9e769a,qft,False,qiskit.synthesis.synth_qft_full,/home/audrey/code_and_papers/2026/FAST2027/final/hilbert_thin_provisioning/results/raw/20260915T141040.945114Z/generated_inputs/qft_16.qpy,0,747099b3aaa365b28393bcab49e3c5cba8ed337627a050095f1f36712d5fe8cb,lowered,16,144,32,16,16,0,0.0,True,False,0.9444444444444444,16,8.5,16,0,1.0,0,False,True,23.169925001442312,20.584962500721154,2.584962500721158,6.000000000000007,2.584962500721158,6.000000000000007,6.000000000000007,3.000022013947266,8.000122072175184,8.000122072175184,144,144,144,0,0.047048059990629554
qaoa_16,generated,results/raw/20260915T141040.945114Z/generated_inputs/qaoa_16.qpy,819a4fa83549d6972b86bc417127e3d83b52075fd7a10990ccda6bffe26affcf,qaoa,False,QAOA MaxCut ring p=3 gamma=.355 beta=.185,/home/audrey/code_and_papers/2026/FAST2027/final/hilbert_thin_provisioning/results/raw/20260915T141040.945114Z/generated_inputs/qaoa_16.qpy,0,fee9561aeae1665f82ca4579da2546dc505e724420f5c9c1cfb88ee29858927c,semantic,16,112,52,16,16,0,0.0,True,False,0.14285714285714285,16,1.0,1,0,1.0,0,False,True,22.807354922057606,22.614709394854337,0.19264552720326833,1.1428574987473779,0.19264552720326833,1.1428574987473779,1.1428574987473779,0.0,1.0,1.0,112,112,112,0,0.006105615000706166
qaoa_16,generated,results/raw/20260915T141040.945114Z/generated_inputs/qaoa_16.qpy,819a4fa83549d6972b86bc417127e3d83b52075fd7a10990ccda6bffe26affcf,qaoa,False,QAOA MaxCut ring p=3 gamma=.355 beta=.185,/home/audrey/code_and_papers/2026/FAST2027/final/hilbert_thin_provisioning/results/raw/20260915T141040.945114Z/generated_inputs/qaoa_16.qpy,0,fee9561aeae1665f82ca4579da2546dc505e724420f5c9c1cfb88ee29858927c,lowered,16,112,52,16,16,0,0.0,True,False,0.38392857142857145,16,3.0,3,0,1.0,0,False,True,22.807354922057606,22.189820337053153,0.6175345850044529,1.5342510650874948,0.6175345850044529,1.5342510650874948,1.5342510650874948,0.0,1.0,1.0,112,112,112,0,0.008971233997726813
hea_16,generated,results/raw/20260915T141040.945114Z/generated_inputs/hea_16.qpy,d05ea92d978339b9413c6c558fe70fe0099841900aadba9df042cd9c556fda9f,hea,False,RY/RZ linear-CX hardware-efficient ansatz reps=4,/home/audrey/code_and_papers/2026/FAST2027/final/hilbert_thin_provisioning/results/raw/20260915T141040.945114Z/generated_inputs/hea_16.qpy,0,2f98bd877a72070e156247a3e192ad74552fe6a68a9b86904662353f187ae02d,semantic,16,188,29,16,16,0,0.0,True,False,0.16489361702127658,16,2.0,2,0,1.0,0,False,True,23.554588851677636,23.321927544542774,0.23266130713486177,1.1750004482270988,0.23266130713486177,1.1750004482270988,1.1750004482270988,0.0,1.0,1.0,188,188,188,0,0.0076547840144485235
hea_16,generated,results/raw/20260915T141040.945114Z/generated_inputs/hea_16.qpy,d05ea92d978339b9413c6c558fe70fe0099841900aadba9df042cd9c556fda9f,hea,False,RY/RZ linear-CX hardware-efficient ansatz reps=4,/home/audrey/code_and_papers/2026/FAST2027/final/hilbert_thin_provisioning/results/raw/20260915T141040.945114Z/generated_inputs/hea_16.qpy,0,2f98bd877a72070e156247a3e192ad74552fe6a68a9b86904662353f187ae02d,lowered,16,188,29,16,16,0,0.0,True,False,0.8457446808510638,16,12.0,12,0,1.0,0,False,True,23.554588851677636,21.39225452489537,2.162334326782265,4.476385631116489,2.162334326782265,4.476385631116489,4.476385631116489,0.0,1.0,1.0,188,188,188,0,0.012164009996922687
random_16,generated,results/raw/20260915T141040.945114Z/generated_inputs/random_16.qpy,44255828e33b1dd144d8006d1275faf18a52ff93a83ba0b5b340f0fcd766d8bf,random,False,qiskit.circuit.random.random_circuit depth=12 max_operands=2,/home/audrey/code_and_papers/2026/FAST2027/final/hilbert_thin_provisioning/results/raw/20260915T141040.945114Z/generated_inputs/random_16.qpy,0,4227d65655afcf0a6e96d9b6ef2f7c24b4496eec9fd51a162d07291c8b86c0c1,semantic,16,174,12,16,16,0,0.0,True,False,0.3045977011494253,14,2.0,26,0,1.0,2,False,True,23.442943495848727,23.09765956815304,0.34528392769568583,1.2704009775276888,0.34528392769568583,1.2704009775276888,1.2704009775276888,0.25853301359884995,1.1962616822429881,1.1962616822429881,174,174,190,0,0.01744507098919712
random_16,generated,results/raw/20260915T141040.945114Z/generated_inputs/random_16.qpy,44255828e33b1dd144d8006d1275faf18a52ff93a83ba0b5b340f0fcd766d8bf,random,False,qiskit.circuit.random.random_circuit depth=12 max_operands=2,/home/audrey/code_and_papers/2026/FAST2027/final/hilbert_thin_provisioning/results/raw/20260915T141040.945114Z/generated_inputs/random_16.qpy,0,4227d65655afcf0a6e96d9b6ef2f7c24b4496eec9fd51a162d07291c8b86c0c1,lowered,16,190,18,16,16,0,0.0,True,False,0.8526315789473684,14,10.0,36,0,1.0,0,False,True,23.569855608330947,21.6010017727838,1.9688538355471472,3.914569982797298,1.9688538355471472,3.914569982797298,3.914569982797298,0.1671099858352605,1.1228070175438614,1.1228070175438614,174,174,190,0,0.02139301598072052
grover_16,generated,results/raw/20260915T141040.945114Z/generated_inputs/grover_16.qpy,09bdf3b2bdce26f60266e4af8de9a52a9e2a3c12286e07a3e316ce09e14a5929,grover_oracle,False,single marked-state Grover iteration with phase-kickback ancilla,/home/audrey/code_and_papers/2026/FAST2027/final/hilbert_thin_provisioning/results/raw/20260915T141040.945114Z/generated_inputs/grover_16.qpy,0,2369995c74d78d8f0ecf23ebaf30defbfcfccb17246edf5abc0cceb6390cddbc,semantic,16,81,10,16,16,0,0.0,True,False,0.20987654320987653,16,1.0,2,0,1.0,0,False,True,22.339850002884624,22.055281773432487,0.28456822945213744,1.21804567175645,0.28456822945213744,1.21804567175645,1.21804567175645,0.07400058144377653,1.0526315789473681,1.0526315789473681,81,81,81,0,0.004350451985374093
grover_16,generated,results/raw/20260915T141040.945114Z/generated_inputs/grover_16.qpy,09bdf3b2bdce26f60266e4af8de9a52a9e2a3c12286e07a3e316ce09e14a5929,grover_oracle,False,single marked-state Grover iteration with phase-kickback ancilla,/home/audrey/code_and_papers/2026/FAST2027/final/hilbert_thin_provisioning/results/raw/20260915T141040.945114Z/generated_inputs/grover_16.qpy,0,2369995c74d78d8f0ecf23ebaf30defbfcfccb17246edf5abc0cceb6390cddbc,lowered,16,81,10,16,16,0,0.0,True,False,0.20987654320987653,16,1.0,2,0,1.0,0,False,True,22.339850002884624,22.055281773432487,0.28456822945213744,1.21804567175645,0.28456822945213744,1.21804567175645,1.21804567175645,0.07400058144377653,1.0526315789473681,1.0526315789473681,81,81,81,0,0.00635947598493658
qft_20,generated,results/raw/20260915T141040.945114Z/generated_inputs/qft_20.qpy,cbf056850b1e3ac70de7589e262a4b29692d954b7ed9c335cec503498edf5bc7,qft,False,qiskit.synthesis.synth_qft_full,/home/audrey/code_and_papers/2026/FAST2027/final/hilbert_thin_provisioning/results/raw/20260915T141040.945114Z/generated_inputs/qft_20.qpy,0,a6e968368bc4ff685e62284ce6d647035933c56b321421b39da337995651e545,semantic,20,220,40,20,20,0,0.0,True,False,0.9545454545454546,20,10.5,20,0,1.0,0,False,True,27.781359713524658,23.807350597915903,3.974009115608755,15.714332814260445,3.974009115608755,15.714332814260445,15.714332814260445,3.3219294707492253,10.000009536752259,10.000009536752259,220,220,220,0,0.012953211000422016
qft_20,generated,results/raw/20260915T141040.945114Z/generated_inputs/qft_20.qpy,cbf056850b1e3ac70de7589e262a4b29692d954b7ed9c335cec503498edf5bc7,qft,False,qiskit.synthesis.synth_qft_full,/home/audrey/code_and_papers/2026/FAST2027/final/hilbert_thin_provisioning/results/raw/20260915T141040.945114Z/generated_inputs/qft_20.qpy,0,a6e968368bc4ff685e62284ce6d647035933c56b321421b39da337995651e545,lowered,20,220,40,20,20,0,0.0,True,False,0.9545454545454546,20,10.5,20,0,1.0,0,False,True,27.781359713524658,24.90689059560852,2.8744691179161386,7.333333333333321,2.8744691179161386,7.333333333333321,7.333333333333321,3.3219294707492253,10.000009536752259,10.000009536752259,220,220,220,0,0.01929768398986198
qaoa_20,generated,results/raw/20260915T141040.945114Z/generated_inputs/qaoa_20.qpy,ab75c389a6546356d3b9ecef57706b1ef869723e447e3e2d00d0d653ea5bebee,qaoa,False,QAOA MaxCut ring p=3 gamma=.355 beta=.185,/home/audrey/code_and_papers/2026/FAST2027/final/hilbert_thin_provisioning/results/raw/20260915T141040.945114Z/generated_inputs/qaoa_20.qpy,0,3b387e047838b3303de84cfdf28f40ac594054264ea0ffac714830ccc21c0bcd,semantic,20,140,64,20,20,0,0.0,True,False,0.14285714285714285,20,1.0,1,0,1.0,0,False,True,27.129283016944967,26.930737315007786,0.19854570193718146,1.147541001547219,0.19854570193718146,1.147541001547219,1.147541001547219,0.0,1.0,1.0,140,140,140,0,0.0074249060126021504
qaoa_20,generated,results/raw/20260915T141040.945114Z/generated_inputs/qaoa_20.qpy,ab75c389a6546356d3b9ecef57706b1ef869723e447e3e2d00d0d653ea5bebee,qaoa,False,QAOA MaxCut ring p=3 gamma=.355 beta=.185,/home/audrey/code_and_papers/2026/FAST2027/final/hilbert_thin_provisioning/results/raw/20260915T141040.945114Z/generated_inputs/qaoa_20.qpy,0,3b387e047838b3303de84cfdf28f40ac594054264ea0ffac714830ccc21c0bcd,lowered,20,140,64,20,20,0,0.0,True,False,0.39285714285714285,20,3.0,3,0,1.0,0,False,True,27.129283016944967,26.475733214538778,0.6535498024061894,1.573033943845718,0.6535498024061894,1.573033943845718,1.573033943845718,0.0,1.0,1.0,140,140,140,0,0.011832262011012062
hea_20,generated,results/raw/20260915T141040.945114Z/generated_inputs/hea_20.qpy,713023afdc0a218f493deb89d837ccf4271cfbebcb696ac3c2ac809e2f1e770b,hea,False,RY/RZ linear-CX hardware-efficient ansatz reps=4,/home/audrey/code_and_papers/2026/FAST2027/final/hilbert_thin_provisioning/results/raw/20260915T141040.945114Z/generated_inputs/hea_20.qpy,0,dff3758d4fd31ed51def150dacec11ffd8f96740b42c1afd8bc093c862c82437,semantic,20,236,33,20,20,0,0.0,True,False,0.1652542372881356,20,2.0,2,0,1.0,0,False,True,27.882643049361842,27.6438561622575,0.23878688710434304,1.180000022506716,0.23878688710434304,1.180000022506716,1.180000022506716,0.0,1.0,1.0,236,236,236,0,0.010843997006304562
hea_20,generated,results/raw/20260915T141040.945114Z/generated_inputs/hea_20.qpy,713023afdc0a218f493deb89d837ccf4271cfbebcb696ac3c2ac809e2f1e770b,hea,False,RY/RZ linear-CX hardware-efficient ansatz reps=4,/home/audrey/code_and_papers/2026/FAST2027/final/hilbert_thin_provisioning/results/raw/20260915T141040.945114Z/generated_inputs/hea_20.qpy,0,dff3758d4fd31ed51def150dacec11ffd8f96740b42c1afd8bc093c862c82437,lowered,20,236,33,20,20,0,0.0,True,False,0.8771186440677966,20,12.0,12,0,1.0,0,False,True,27.882643049361842,25.392313491741383,2.490329557620459,5.619062929779054,2.490329557620459,5.619062929779054,5.619062929779054,0.0,1.0,1.0,236,236,236,0,0.016446128021925688
random_20,generated,results/raw/20260915T141040.945114Z/generated_inputs/random_20.qpy,d3a6d52268e3531c82c9423af2ec2b73308df5e0d25309c13b8af8d641b0f4b3,random,False,qiskit.circuit.random.random_circuit depth=12 max_operands=2,/home/audrey/code_and_papers/2026/FAST2027/final/hilbert_thin_provisioning/results/raw/20260915T141040.945114Z/generated_inputs/random_20.qpy,0,ad1e19081d25d34dfecdddccdb03ae45579e5a7b0591403d9e114fc5a3341d81,semantic,20,220,12,20,20,0,0.0,True,False,0.6181818181818182,19,2.0,86,0,1.0,5,False,True,27.781359713524658,27.01278754456867,0.7685721689559877,1.7035829179210862,0.7685721689559877,1.7035829179210862,1.7035829179210862,0.6772268235454355,1.5990630489947288,1.5990630489947288,220,220,241,0,0.020169839001027867
random_20,generated,results/raw/20260915T141040.945114Z/generated_inputs/random_20.qpy,d3a6d52268e3531c82c9423af2ec2b73308df5e0d25309c13b8af8d641b0f4b3,random,False,qiskit.circuit.random.random_circuit depth=12 max_operands=2,/home/audrey/code_and_papers/2026/FAST2027/final/hilbert_thin_provisioning/results/raw/20260915T141040.945114Z/generated_inputs/random_20.qpy,0,ad1e19081d25d34dfecdddccdb03ae45579e5a7b0591403d9e114fc5a3341d81,lowered,20,241,19,20,20,0,0.0,True,False,0.9626556016597511,19,9.0,43,0,1.0,0,False,True,27.912889336229963,24.99642521492936,2.916464121300603,7.549934463436716,2.916464121300603,7.549934463436716,7.549934463436716,0.16005035466910655,1.1173261356457815,1.1173261356457815,220,220,241,0,0.026551673014182597
grover_20,generated,results/raw/20260915T141040.945114Z/generated_inputs/grover_20.qpy,6268c97cbd9f58f05d285c06d3a3e3fd152766097ad5f6a9d8f7ece585c7a93a,grover_oracle,False,single marked-state Grover iteration with phase-kickback ancilla,/home/audrey/code_and_papers/2026/FAST2027/final/hilbert_thin_provisioning/results/raw/20260915T141040.945114Z/generated_inputs/grover_20.qpy,0,1b2e29e5d6ca41f8d2c879c76dfdac76b20d1342696ebe006d177851a57fc9f1,semantic,20,101,10,20,20,0,0.0,True,False,0.2079207920792079,20,1.0,2,0,1.0,0,False,True,26.658211482751796,26.366322180891604,0.29188930186019135,1.2242424525461484,0.29188930186019135,1.2242424525461484,1.2242424525461484,0.07400058144377297,1.0526315789473657,1.0526315789473657,101,101,101,0,0.00495061298715882
grover_20,generated,results/raw/20260915T141040.945114Z/generated_inputs/grover_20.qpy,6268c97cbd9f58f05d285c06d3a3e3fd152766097ad5f6a9d8f7ece585c7a93a,grover_oracle,False,single marked-state Grover iteration with phase-kickback ancilla,/home/audrey/code_and_papers/2026/FAST2027/final/hilbert_thin_provisioning/results/raw/20260915T141040.945114Z/generated_inputs/grover_20.qpy,0,1b2e29e5d6ca41f8d2c879c76dfdac76b20d1342696ebe006d177851a57fc9f1,lowered,20,101,10,20,20,0,0.0,True,False,0.2079207920792079,20,1.0,2,0,1.0,0,False,True,26.658211482751796,26.366322180891604,0.29188930186019135,1.2242424525461484,0.29188930186019135,1.2242424525461484,1.2242424525461484,0.07400058144377297,1.0526315789473657,1.0526315789473657,101,101,101,0,0.008969399001216516
qft_24,generated,results/raw/20260915T141040.945114Z/generated_inputs/qft_24.qpy,922691dd1c9105d8b92ea8f5f74c5c53e2d3bfaf35ccaee61a31aff6625fb30e,qft,False,qiskit.synthesis.synth_qft_full,/home/audrey/code_and_papers/2026/FAST2027/final/hilbert_thin_provisioning/results/raw/20260915T141040.945114Z/generated_inputs/qft_24.qpy,0,186ef546a30fdf99b2c43ab447221cf80dbe88c00d9c8020ae426f3f62aa38f9,semantic,24,312,48,24,24,0,0.0,True,False,0.9615384615384616,24,12.5,24,0,1.0,0,False,True,32.285402218862245,27.999999720528166,4.285402498334079,19.500003777445045,4.285402498334079,19.500003777445045,19.500003777445045,3.584962586712482,12.000000715255762,12.000000715255762,312,312,312,0,0.015999137016478926
qft_24,generated,results/raw/20260915T141040.945114Z/generated_inputs/qft_24.qpy,922691dd1c9105d8b92ea8f5f74c5c53e2d3bfaf35ccaee61a31aff6625fb30e,qft,False,qiskit.synthesis.synth_qft_full,/home/audrey/code_and_papers/2026/FAST2027/final/hilbert_thin_provisioning/results/raw/20260915T141040.945114Z/generated_inputs/qft_24.qpy,0,186ef546a30fdf99b2c43ab447221cf80dbe88c00d9c8020ae426f3f62aa38f9,lowered,24,312,48,24,24,0,0.0,True,False,0.9615384615384616,24,12.5,24,0,1.0,0,False,True,32.285402218862245,29.169925001442316,3.1154772174199294,8.666666666666627,3.1154772174199294,8.666666666666627,8.666666666666627,3.584962586712482,12.000000715255762,12.000000715255762,312,312,312,0,0.02512649801792577
qaoa_24,generated,results/raw/20260915T141040.945114Z/generated_inputs/qaoa_24.qpy,d4353da3ae63dd653730b6b7cbdc4d0d6e452219846cd2702342660200097721,qaoa,False,QAOA MaxCut ring p=3 gamma=.355 beta=.185,/home/audrey/code_and_papers/2026/FAST2027/final/hilbert_thin_provisioning/results/raw/20260915T141040.945114Z/generated_inputs/qaoa_24.qpy,0,2e3dd00843e31787cf033320663fb1b61b87a0945704b821a2133bd2a1121e0e,semantic,24,168,76,24,24,0,0.0,True,False,0.14285714285714285,24,1.0,1,0,1.0,0,False,True,31.39231742277876,31.189824557702053,0.2024928650767066,1.150684932446386,0.2024928650767066,1.150684932446386,1.150684932446386,0.0,1.0,1.0,168,168,168,0,0.006799736991524696
qaoa_24,generated,results/raw/20260915T141040.945114Z/generated_inputs/qaoa_24.qpy,d4353da3ae63dd653730b6b7cbdc4d0d6e452219846cd2702342660200097721,qaoa,False,QAOA MaxCut ring p=3 gamma=.355 beta=.185,/home/audrey/code_and_papers/2026/FAST2027/final/hilbert_thin_provisioning/results/raw/20260915T141040.945114Z/generated_inputs/qaoa_24.qpy,0,2e3dd00843e31787cf033320663fb1b61b87a0945704b821a2133bd2a1121e0e,lowered,24,168,76,24,24,0,0.0,True,False,0.39880952380952384,24,3.0,3,0,1.0,0,False,True,31.39231742277876,30.714245506200612,0.6780719165781477,1.6000000127156575,0.6780719165781477,1.6000000127156575,1.6000000127156575,0.0,1.0,1.0,168,168,168,0,0.012727974972222
hea_24,generated,results/raw/20260915T141040.945114Z/generated_inputs/hea_24.qpy,f041b9c6f7e4ebc5a8e1d9b8e7e7e012ab270349a4c2253cc33e4b79b884e352,hea,False,RY/RZ linear-CX hardware-efficient ansatz reps=4,/home/audrey/code_and_papers/2026/FAST2027/final/hilbert_thin_provisioning/results/raw/20260915T141040.945114Z/generated_inputs/hea_24.qpy,0,332f11de382ccab601216cfddce1350f55015b58c667482cd4530b21f7c7feda,semantic,24,284,37,24,24,0,0.0,True,False,0.16549295774647887,24,2.0,2,0,1.0,0,False,True,32.14974711950468,31.906890594175326,0.24285652532935487,1.1833333345088715,0.24285652532935487,1.1833333345088715,1.1833333345088715,0.0,1.0,1.0,284,284,284,0,0.010366623988375068
hea_24,generated,results/raw/20260915T141040.945114Z/generated_inputs/hea_24.qpy,f041b9c6f7e4ebc5a8e1d9b8e7e7e012ab270349a4c2253cc33e4b79b884e352,hea,False,RY/RZ linear-CX hardware-efficient ansatz reps=4,/home/audrey/code_and_papers/2026/FAST2027/final/hilbert_thin_provisioning/results/raw/20260915T141040.945114Z/generated_inputs/hea_24.qpy,0,332f11de382ccab601216cfddce1350f55015b58c667482cd4530b21f7c7feda,lowered,24,284,37,24,24,0,0.0,True,False,0.897887323943662,24,12.0,12,0,1.0,0,False,True,32.14974711950468,29.39231717708924,2.757429942415442,6.761905913450466,2.757429942415442,6.761905913450466,6.761905913450466,0.0,1.0,1.0,284,284,284,0,0.018070403981255367
random_24,generated,results/raw/20260915T141040.945114Z/generated_inputs/random_24.qpy,4c851319b44143f0a8a03adb78f85a5569b9a10c94be2ad1efa3009862143cc1,random,False,qiskit.circuit.random.random_circuit depth=12 max_operands=2,/home/audrey/code_and_papers/2026/FAST2027/final/hilbert_thin_provisioning/results/raw/20260915T141040.945114Z/generated_inputs/random_24.qpy,0,effa18145be5c15be79f743c4c202cd93f87cbef15666aebd0948398994a085a,semantic,24,276,12,24,24,0,0.0,True,False,0.5942028985507246,23,3.0,60,0,1.0,4,False,True,32.10852445677817,31.23958150841411,0.8689429483640616,1.8263242762726082,0.8689429483640616,1.8263242762726082,1.8263242762726082,0.8134601353342461,1.7574213617226622,1.7574213617226622,276,276,298,0,0.021501638024346903
random_24,generated,results/raw/20260915T141040.945114Z/generated_inputs/random_24.qpy,4c851319b44143f0a8a03adb78f85a5569b9a10c94be2ad1efa3009862143cc1,random,False,qiskit.circuit.random.random_circuit depth=12 max_operands=2,/home/audrey/code_and_papers/2026/FAST2027/final/hilbert_thin_provisioning/results/raw/20260915T141040.945114Z/generated_inputs/random_24.qpy,0,effa18145be5c15be79f743c4c202cd93f87cbef15666aebd0948398994a085a,lowered,24,298,19,24,24,0,0.0,True,False,0.9630872483221476,23,11.0,38,0,1.0,0,False,True,32.21916852046216,29.005622940452543,3.213545580009619,9.276274935357277,3.213545580009619,9.276274935357277,9.276274935357277,0.4598145933626263,1.3753650529961936,1.3753650529961936,276,276,298,0,0.029138000012608245
grover_24,generated,results/raw/20260915T141040.945114Z/generated_inputs/grover_24.qpy,183ce098814f9f29fe50e514a947c16a6a52685645613b9a3acc19b1f737f7dc,grover_oracle,False,single marked-state Grover iteration with phase-kickback ancilla,/home/audrey/code_and_papers/2026/FAST2027/final/hilbert_thin_provisioning/results/raw/20260915T141040.945114Z/generated_inputs/grover_24.qpy,0,7f61db742f93542eede6ef147dce1dee9b781de6ca3a1cbb4348dc12f7585665,semantic,24,121,10,24,24,0,0.0,True,False,0.2066115702479339,24,1.0,2,0,1.0,0,False,True,30.918863237274593,30.62205181771036,0.2968114195642322,1.2284263974257827,0.2968114195642322,1.2284263974257827,1.2284263974257827,0.07400058144377653,1.0526315789473681,1.0526315789473681,121,121,121,0,0.005992591002723202
grover_24,generated,results/raw/20260915T141040.945114Z/generated_inputs/grover_24.qpy,183ce098814f9f29fe50e514a947c16a6a52685645613b9a3acc19b1f737f7dc,grover_oracle,False,single marked-state Grover iteration with phase-kickback ancilla,/home/audrey/code_and_papers/2026/FAST2027/final/hilbert_thin_provisioning/results/raw/20260915T141040.945114Z/generated_inputs/grover_24.qpy,0,7f61db742f93542eede6ef147dce1dee9b781de6ca3a1cbb4348dc12f7585665,lowered,24,121,10,24,24,0,0.0,True,False,0.2066115702479339,24,1.0,2,0,1.0,0,False,True,30.918863237274593,30.62205181771036,0.2968114195642322,1.2284263974257827,0.2968114195642322,1.2284263974257827,1.2284263974257827,0.07400058144377653,1.0526315789473681,1.0526315789473681,121,121,121,0,0.009582816011970863
qft_28,generated,results/raw/20260915T141040.945114Z/generated_inputs/qft_28.qpy,604a8c0c5870a3c51f0c09a56a0c79e6d4a475f1cf1f2c96c43eb6ad456ad2b6,qft,False,qiskit.synthesis.synth_qft_full,/home/audrey/code_and_papers/2026/FAST2027/final/hilbert_thin_provisioning/results/raw/20260915T141040.945114Z/generated_inputs/qft_28.qpy,0,9a8cc7ca70b48160ddd9298c8726f68f5809ce9096c7accc05f0ceac0c9dc59a,semantic,28,420,56,28,28,0,0.0,True,False,0.9666666666666667,28,14.5,28,0,1.0,0,False,True,36.71424551766612,32.16992498352745,4.54432053413867,23.333333623078143,4.54432053413867,23.333333623078143,23.333333623078143,3.807354927432062,14.000000052154064,14.000000052154064,420,420,420,0,0.022289254004135728
qft_28,generated,results/raw/20260915T141040.945114Z/generated_inputs/qft_28.qpy,604a8c0c5870a3c51f0c09a56a0c79e6d4a475f1cf1f2c96c43eb6ad456ad2b6,qft,False,qiskit.synthesis.synth_qft_full,/home/audrey/code_and_papers/2026/FAST2027/final/hilbert_thin_provisioning/results/raw/20260915T141040.945114Z/generated_inputs/qft_28.qpy,0,9a8cc7ca70b48160ddd9298c8726f68f5809ce9096c7accc05f0ceac0c9dc59a,lowered,28,420,56,28,28,0,0.0,True,False,0.9666666666666667,28,14.5,28,0,1.0,0,False,True,36.71424551766612,33.39231742277876,3.3219280948873617,9.999999999999996,3.3219280948873617,9.999999999999996,9.999999999999996,3.807354927432062,14.000000052154064,14.000000052154064,420,420,420,0,0.034738003014354035
qaoa_28,generated,results/raw/20260915T141040.945114Z/generated_inputs/qaoa_28.qpy,2d134f7a5ff2a0a24d7e4f880d38cce08461165480c0cd3d29443b2afb772187,qaoa,False,QAOA MaxCut ring p=3 gamma=.355 beta=.185,/home/audrey/code_and_papers/2026/FAST2027/final/hilbert_thin_provisioning/results/raw/20260915T141040.945114Z/generated_inputs/qaoa_28.qpy,0,14c4865de2dd8e95b4816ff866b7814aaaed1d9e7551bb8ae6ed7b2d35c0d38c,semantic,28,196,88,28,28,0,0.0,True,False,0.14285714285714285,28,1.0,1,0,1.0,0,False,True,35.61470984411521,35.40939093607447,0.20531890804073782,1.1529411765211202,0.20531890804073782,1.1529411765211202,1.1529411765211202,0.0,1.0,1.0,196,196,196,0,0.007673209998756647
qaoa_28,generated,results/raw/20260915T141040.945114Z/generated_inputs/qaoa_28.qpy,2d134f7a5ff2a0a24d7e4f880d38cce08461165480c0cd3d29443b2afb772187,qaoa,False,QAOA MaxCut ring p=3 gamma=.355 beta=.185,/home/audrey/code_and_papers/2026/FAST2027/final/hilbert_thin_provisioning/results/raw/20260915T141040.945114Z/generated_inputs/qaoa_28.qpy,0,14c4865de2dd8e95b4816ff866b7814aaaed1d9e7551bb8ae6ed7b2d35c0d38c,lowered,28,196,88,28,28,0,0.0,True,False,0.4030612244897959,28,3.0,3,0,1.0,0,False,True,35.61470984411521,34.918863236652754,0.6958466074624567,1.619834711441997,0.6958466074624567,1.619834711441997,1.619834711441997,0.0,1.0,1.0,196,196,196,0,0.014612008992116898
hea_28,generated,results/raw/20260915T141040.945114Z/generated_inputs/hea_28.qpy,db9812aa5b67a8ebc59f804fcb4ea6699e2e3ef28afe61ca59a702402b55258d,hea,False,RY/RZ linear-CX hardware-efficient ansatz reps=4,/home/audrey/code_and_papers/2026/FAST2027/final/hilbert_thin_provisioning/results/raw/20260915T141040.945114Z/generated_inputs/hea_28.qpy,0,f9f2d3e9221d13a4163cd36299b94b04bd8a9da86768462db9c9d0581c590074,semantic,28,332,41,28,28,0,0.0,True,False,0.16566265060240964,28,2.0,2,0,1.0,0,False,True,36.37503943134693,36.129283016868186,0.2457564144787412,1.1857142857773917,0.2457564144787412,1.1857142857773917,1.1857142857773917,0.0,1.0,1.0,332,332,332,0,0.013500098983058706
hea_28,generated,results/raw/20260915T141040.945114Z/generated_inputs/hea_28.qpy,db9812aa5b67a8ebc59f804fcb4ea6699e2e3ef28afe61ca59a702402b55258d,hea,False,RY/RZ linear-CX hardware-efficient ansatz reps=4,/home/audrey/code_and_papers/2026/FAST2027/final/hilbert_thin_provisioning/results/raw/20260915T141040.945114Z/generated_inputs/hea_28.qpy,0,f9f2d3e9221d13a4163cd36299b94b04bd8a9da86768462db9c9d0581c590074,lowered,28,332,41,28,28,0,0.0,True,False,0.9126506024096386,28,12.0,12,0,1.0,0,False,True,36.37503943134693,33.392317407423164,2.9827220239237633,7.90476198889774,2.9827220239237633,7.90476198889774,7.90476198889774,0.0,1.0,1.0,332,332,332,0,0.022230970003874972
random_28,generated,results/raw/20260915T141040.945114Z/generated_inputs/random_28.qpy,fcbbdba4e06a2bb990774b23e731ca985fc2567dcb5dc3b0cae601f748543140,random,False,qiskit.circuit.random.random_circuit depth=12 max_operands=2,/home/audrey/code_and_papers/2026/FAST2027/final/hilbert_thin_provisioning/results/raw/20260915T141040.945114Z/generated_inputs/random_28.qpy,0,84369351e7bb398961427590732cec9347c99fd1ee42edf09fca9ef6c2ba6659,semantic,28,326,12,28,28,0,0.0,True,False,0.549079754601227,27,2.0,40,0,1.0,3,False,True,36.348728154231075,35.47216943772277,0.8765587165083062,1.8359906561510055,0.8765587165083062,1.8359906561510055,1.8359906561510055,0.769566695466839,1.704757693208127,1.704757693208127,326,326,341,0,0.0251123659836594
random_28,generated,results/raw/20260915T141040.945114Z/generated_inputs/random_28.qpy,fcbbdba4e06a2bb990774b23e731ca985fc2567dcb5dc3b0cae601f748543140,random,False,qiskit.circuit.random.random_circuit depth=12 max_operands=2,/home/audrey/code_and_papers/2026/FAST2027/final/hilbert_thin_provisioning/results/raw/20260915T141040.945114Z/generated_inputs/random_28.qpy,0,84369351e7bb398961427590732cec9347c99fd1ee42edf09fca9ef6c2ba6659,lowered,28,341,21,28,28,0,0.0,True,False,0.9765395894428153,27,12.0,29,0,1.0,0,False,True,36.41362792902417,32.96428344716878,3.449344481855391,10.92335767421142,3.449344481855391,10.92335767421142,10.92335767421142,0.4362986708759884,1.35312833057383,1.35312833057383,326,326,341,0,0.034148302976973355
grover_28,generated,results/raw/20260915T141040.945114Z/generated_inputs/grover_28.qpy,5f39c97371712456d9fe29aa3fce9c3e26c2ba39c2774e427c12d3b6a4f47f8c,grover_oracle,False,single marked-state Grover iteration with phase-kickback ancilla,/home/audrey/code_and_papers/2026/FAST2027/final/hilbert_thin_provisioning/results/raw/20260915T141040.945114Z/generated_inputs/grover_28.qpy,0,94d0b5095cc483d948b8fb3d23808e76f31efb2d41c2b2f8e88bdf8b58acbbaf,semantic,28,141,10,28,28,0,0.0,True,False,0.20567375886524822,28,1.0,2,0,1.0,0,False,True,35.1395513523988,34.83920378800306,0.30034756439573584,1.231441048115073,0.30034756439573584,1.231441048115073,1.231441048115073,0.07400058144377653,1.0526315789473681,1.0526315789473681,141,141,141,0,0.006102989020291716
grover_28,generated,results/raw/20260915T141040.945114Z/generated_inputs/grover_28.qpy,5f39c97371712456d9fe29aa3fce9c3e26c2ba39c2774e427c12d3b6a4f47f8c,grover_oracle,False,single marked-state Grover iteration with phase-kickback ancilla,/home/audrey/code_and_papers/2026/FAST2027/final/hilbert_thin_provisioning/results/raw/20260915T141040.945114Z/generated_inputs/grover_28.qpy,0,94d0b5095cc483d948b8fb3d23808e76f31efb2d41c2b2f8e88bdf8b58acbbaf,lowered,28,141,10,28,28,0,0.0,True,False,0.20567375886524822,28,1.0,2,0,1.0,0,False,True,35.1395513523988,34.83920378800306,0.30034756439573584,1.231441048115073,0.30034756439573584,1.231441048115073,1.231441048115073,0.07400058144377653,1.0526315789473681,1.0526315789473681,141,141,141,0,0.010006898024585098
qft_32,generated,results/raw/20260915T141040.945114Z/generated_inputs/qft_32.qpy,61cb078294c02348dcf5b80f01a9fc3ce839b1d7ecf2a9d64de80da93dcb0e4c,qft,False,qiskit.synthesis.synth_qft_full,/home/audrey/code_and_papers/2026/FAST2027/final/hilbert_thin_provisioning/results/raw/20260915T141040.945114Z/generated_inputs/qft_32.qpy,0,f2d6b83fea93f4cd31b4281e8a6a86597047f4cc98ae7a858b248631c9f044e6,semantic,32,544,64,32,32,0,0.0,True,False,0.9705882352941176,32,16.5,32,0,1.0,0,False,True,41.08746284125034,36.32192809374529,4.7655347475050505,27.200000021532198,4.7655347475050505,27.200000021532198,27.200000021532198,4.000000000335902,16.000000003725273,16.000000003725273,544,544,544,0,0.0264265869918745
qft_32,generated,results/raw/20260915T141040.945114Z/generated_inputs/qft_32.qpy,61cb078294c02348dcf5b80f01a9fc3ce839b1d7ecf2a9d64de80da93dcb0e4c,qft,False,qiskit.synthesis.synth_qft_full,/home/audrey/code_and_papers/2026/FAST2027/final/hilbert_thin_provisioning/results/raw/20260915T141040.945114Z/generated_inputs/qft_32.qpy,0,f2d6b83fea93f4cd31b4281e8a6a86597047f4cc98ae7a858b248631c9f044e6,lowered,32,544,64,32,32,0,0.0,True,False,0.9705882352941176,32,16.5,32,0,1.0,0,False,True,41.08746284125034,37.58496250072116,3.5025003405291812,11.333333333333318,3.5025003405291812,11.333333333333318,11.333333333333318,4.000000000335902,16.000000003725273,16.000000003725273,544,544,544,0,0.041829675988992676
qaoa_32,generated,results/raw/20260915T141040.945114Z/generated_inputs/qaoa_32.qpy,3d4aa06011e8240152cca4db46c23a62b5232c3073744f7e66387eab6fdcc5f4,qaoa,False,QAOA MaxCut ring p=3 gamma=.355 beta=.185,/home/audrey/code_and_papers/2026/FAST2027/final/hilbert_thin_provisioning/results/raw/20260915T141040.945114Z/generated_inputs/qaoa_32.qpy,0,2ab495c8045016a2d9dd89ba4db02e1fa502e4e9c030445366379fc2aee59fba,semantic,32,224,100,32,32,0,0.0,True,False,0.14285714285714285,32,1.0,1,0,1.0,0,False,True,39.807354922057606,39.59991284218366,0.20744207987394248,1.1546391752605059,0.20744207987394248,1.1546391752605059,1.1546391752605059,0.0,1.0,1.0,224,224,224,0,0.009475283994106576
qaoa_32,generated,results/raw/20260915T141040.945114Z/generated_inputs/qaoa_32.qpy,3d4aa06011e8240152cca4db46c23a62b5232c3073744f7e66387eab6fdcc5f4,qaoa,False,QAOA MaxCut ring p=3 gamma=.355 beta=.185,/home/audrey/code_and_papers/2026/FAST2027/final/hilbert_thin_provisioning/results/raw/20260915T141040.945114Z/generated_inputs/qaoa_32.qpy,0,2ab495c8045016a2d9dd89ba4db02e1fa502e4e9c030445366379fc2aee59fba,lowered,32,224,100,32,32,0,0.0,True,False,0.40625,32,3.0,3,0,1.0,0,False,True,39.807354922057606,39.0980320829262,0.7093228391314028,1.6350364963892667,0.7093228391314028,1.6350364963892667,1.6350364963892667,0.0,1.0,1.0,224,224,224,0,0.016543851990718395
hea_32,generated,results/raw/20260915T141040.945114Z/generated_inputs/hea_32.qpy,fa0d44c674d9fb1ebb58e7dc1d60237503e3ac2c1394447bfb0a13de7f786b1c,hea,False,RY/RZ linear-CX hardware-efficient ansatz reps=4,/home/audrey/code_and_papers/2026/FAST2027/final/hilbert_thin_provisioning/results/raw/20260915T141040.945114Z/generated_inputs/hea_32.qpy,0,1eb27849773dc957ddc91771da980f9c4baa2ce8cee029268bc3bda6e87ce983,semantic,32,380,45,32,32,0,0.0,True,False,0.16578947368421051,32,2.0,2,0,1.0,0,False,True,40.56985560833095,40.32192809488316,0.24792751344778452,1.1875000000034563,0.24792751344778452,1.1875000000034563,1.1875000000034563,0.0,1.0,1.0,380,380,380,0,0.020034246001159772
hea_32,generated,results/raw/20260915T141040.945114Z/generated_inputs/hea_32.qpy,fa0d44c674d9fb1ebb58e7dc1d60237503e3ac2c1394447bfb0a13de7f786b1c,hea,False,RY/RZ linear-CX hardware-efficient ansatz reps=4,/home/audrey/code_and_papers/2026/FAST2027/final/hilbert_thin_provisioning/results/raw/20260915T141040.945114Z/generated_inputs/hea_32.qpy,0,1eb27849773dc957ddc91771da980f9c4baa2ce8cee029268bc3bda6e87ce983,lowered,32,380,45,32,32,0,0.0,True,False,0.9236842105263158,32,12.0,12,0,1.0,0,False,True,40.56985560833095,37.39231742181904,3.17753818651191,9.047619053637787,3.17753818651191,9.047619053637787,9.047619053637787,0.0,1.0,1.0,380,380,380,0,0.030316478019813076
random_32,generated,results/raw/20260915T141040.945114Z/generated_inputs/random_32.qpy,f55baa9dc890e2fcd9fa53f7061d7bcd95406b78d43d2677a33524aa76a115da,random,False,qiskit.circuit.random.random_circuit depth=12 max_operands=2,/home/audrey/code_and_papers/2026/FAST2027/final/hilbert_thin_provisioning/results/raw/20260915T141040.945114Z/generated_inputs/random_32.qpy,0,d37af564ea6b24d8f28a940d7f1ef477bb2fca41e731c5f99a117aef87f62f7c,semantic,32,285,12,32,32,0,0.0,True,False,0.4245614035087719,26,3.0,33,0,1.0,20,False,True,40.1548181090521,39.420131093689065,0.7346870153630363,1.6640364268461112,0.7346870153630363,1.6640364268461112,1.6640364268461112,0.6992184238918071,1.6236249600115191,1.6236249600115191,285,285,390,0,0.03848347900202498
random_32,generated,results/raw/20260915T141040.945114Z/generated_inputs/random_32.qpy,f55baa9dc890e2fcd9fa53f7061d7bcd95406b78d43d2677a33524aa76a115da,random,False,qiskit.circuit.random.random_circuit depth=12 max_operands=2,/home/audrey/code_and_papers/2026/FAST2027/final/hilbert_thin_provisioning/results/raw/20260915T141040.945114Z/generated_inputs/random_32.qpy,0,d37af564ea6b24d8f28a940d7f1ef477bb2fca41e731c5f99a117aef87f62f7c,lowered,32,390,35,32,32,0,0.0,True,False,0.6128205128205129,28,5.0,41,0,1.0,0,False,True,40.607330313749614,39.334778493161664,1.2725518205879496,2.415885065120246,1.2725518205879496,2.415885065120246,2.415885065120246,0.3263060375734099,1.2537989594542154,1.2537989594542154,285,285,390,0,0.04787878898787312
grover_32,generated,results/raw/20260915T141040.945114Z/generated_inputs/grover_32.qpy,cb86e4baf4498088a8bfcf734f75d2d0588a806ff6f4c8c9f3e38a168acab724,grover_oracle,False,single marked-state Grover iteration with phase-kickback ancilla,/home/audrey/code_and_papers/2026/FAST2027/final/hilbert_thin_provisioning/results/raw/20260915T141040.945114Z/generated_inputs/grover_32.qpy,0,9bbf744933bbb1381bf505fab2fdd9cf18a4532c14cea085ea28c625e6273de0,semantic,32,161,10,32,32,0,0.0,True,False,0.20496894409937888,32,1.0,2,0,1.0,0,False,True,39.330916878114614,39.02790599656473,0.30301088154988065,1.233716475100188,0.30301088154988065,1.233716475100188,1.233716475100188,0.07400058144377653,1.0526315789473681,1.0526315789473681,161,161,161,0,0.00686612498247996
grover_32,generated,results/raw/20260915T141040.945114Z/generated_inputs/grover_32.qpy,cb86e4baf4498088a8bfcf734f75d2d0588a806ff6f4c8c9f3e38a168acab724,grover_oracle,False,single marked-state Grover iteration with phase-kickback ancilla,/home/audrey/code_and_papers/2026/FAST2027/final/hilbert_thin_provisioning/results/raw/20260915T141040.945114Z/generated_inputs/grover_32.qpy,0,9bbf744933bbb1381bf505fab2fdd9cf18a4532c14cea085ea28c625e6273de0,lowered,32,161,10,32,32,0,0.0,True,False,0.20496894409937888,32,1.0,2,0,1.0,0,False,True,39.330916878114614,39.02790599656473,0.30301088154988065,1.233716475100188,0.30301088154988065,1.233716475100188,1.233716475100188,0.07400058144377653,1.0526315789473681,1.0526315789473681,161,161,161,0,0.011474700993858278
qft_40,generated,results/raw/20260915T141040.945114Z/generated_inputs/qft_40.qpy,df30ef8ca598dfd3f7946bda8c086ce212fc7dcfe0b2b681bd100f7abd94b87e,qft,False,qiskit.synthesis.synth_qft_full,/home/audrey/code_and_papers/2026/FAST2027/final/hilbert_thin_provisioning/results/raw/20260915T141040.945114Z/generated_inputs/qft_40.qpy,0,fb28769e2313074c02e5792577f6d7527803835b4045afe1f169cc442afc812d,semantic,40,840,80,40,40,0,0.0,True,False,0.9761904761904762,40,20.5,40,0,1.0,0,False,True,49.71424551766612,44.584962500716564,5.129283016949557,35.00000000011138,5.129283016949557,35.00000000011138,35.00000000011138,4.321928094888669,20.000000000018115,20.000000000018115,840,840,840,0,0.07612538698595017
qft_40,generated,results/raw/20260915T141040.945114Z/generated_inputs/qft_40.qpy,df30ef8ca598dfd3f7946bda8c086ce212fc7dcfe0b2b681bd100f7abd94b87e,qft,False,qiskit.synthesis.synth_qft_full,/home/audrey/code_and_papers/2026/FAST2027/final/hilbert_thin_provisioning/results/raw/20260915T141040.945114Z/generated_inputs/qft_40.qpy,0,fb28769e2313074c02e5792577f6d7527803835b4045afe1f169cc442afc812d,lowered,40,840,80,40,40,0,0.0,True,False,0.9761904761904762,40,20.5,40,0,1.0,0,False,True,49.71424551766612,45.90689059560852,3.8073549220575984,13.999999999999945,3.8073549220575984,13.999999999999945,13.999999999999945,4.321928094888669,20.000000000018115,20.000000000018115,840,840,840,0,0.1001618989976123
qaoa_40,generated,results/raw/20260915T141040.945114Z/generated_inputs/qaoa_40.qpy,e1e2e9f59462fe458257f446523aed12eb5d01046e0be0318af411e4863ef51d,qaoa,False,QAOA MaxCut ring p=3 gamma=.355 beta=.185,/home/audrey/code_and_papers/2026/FAST2027/final/hilbert_thin_provisioning/results/raw/20260915T141040.945114Z/generated_inputs/qaoa_40.qpy,0,df986cdec1425a8382ed6b93edae383384351eada4698ffe3dc90b033bbd3673,semantic,40,280,124,40,40,0,0.0,True,False,0.14285714285714285,40,1.0,1,0,1.0,0,False,True,48.12928301694497,47.918863237274586,0.2104197796703815,1.1570247933884374,0.2104197796703815,1.1570247933884374,1.1570247933884374,0.0,1.0,1.0,280,280,280,0,0.011629282002104446
qaoa_40,generated,results/raw/20260915T141040.945114Z/generated_inputs/qaoa_40.qpy,e1e2e9f59462fe458257f446523aed12eb5d01046e0be0318af411e4863ef51d,qaoa,False,QAOA MaxCut ring p=3 gamma=.355 beta=.185,/home/audrey/code_and_papers/2026/FAST2027/final/hilbert_thin_provisioning/results/raw/20260915T141040.945114Z/generated_inputs/qaoa_40.qpy,0,df986cdec1425a8382ed6b93edae383384351eada4698ffe3dc90b033bbd3673,lowered,40,280,124,40,40,0,0.0,True,False,0.4107142857142857,40,3.0,3,0,1.0,0,False,True,48.12928301694497,47.400879436282075,0.7284035806628921,1.656804733727937,0.7284035806628921,1.656804733727937,1.656804733727937,0.0,1.0,1.0,280,280,280,0,0.021073423005873337
hea_40,generated,results/raw/20260915T141040.945114Z/generated_inputs/hea_40.qpy,e5e6406426089bbcc1fdd422cd5fb9a03e010c6bf1158e4b31b1d70f7cd59afb,hea,False,RY/RZ linear-CX hardware-efficient ansatz reps=4,/home/audrey/code_and_papers/2026/FAST2027/final/hilbert_thin_provisioning/results/raw/20260915T141040.945114Z/generated_inputs/hea_40.qpy,0,7144c70ea19247b0a46c3fcda27a4f31879e76c0dc3bc4c8dd0aacc86cdb05e7,semantic,40,476,53,40,40,0,0.0,True,False,0.16596638655462184,40,2.0,2,0,1.0,0,False,True,48.89481776330794,48.64385618977471,0.2509615735332318,1.1900000000000106,0.2509615735332318,1.1900000000000106,1.1900000000000106,0.0,1.0,1.0,476,476,476,0,0.01761285899556242
hea_40,generated,results/raw/20260915T141040.945114Z/generated_inputs/hea_40.qpy,e5e6406426089bbcc1fdd422cd5fb9a03e010c6bf1158e4b31b1d70f7cd59afb,hea,False,RY/RZ linear-CX hardware-efficient ansatz reps=4,/home/audrey/code_and_papers/2026/FAST2027/final/hilbert_thin_provisioning/results/raw/20260915T141040.945114Z/generated_inputs/hea_40.qpy,0,7144c70ea19247b0a46c3fcda27a4f31879e76c0dc3bc4c8dd0aacc86cdb05e7,lowered,40,476,53,40,40,0,0.0,True,False,0.9390756302521008,40,12.0,12,0,1.0,0,False,True,48.89481776330794,45.392317422775015,3.502500340532926,11.333333333362734,3.502500340532926,11.333333333362734,11.333333333362734,0.0,1.0,1.0,476,476,476,0,0.03067606399417855
random_40,generated,results/raw/20260915T141040.945114Z/generated_inputs/random_40.qpy,0bcfb783e876973da718cce024c3ce2c39e908a9391e3a490c17a9a24ad1f42c,random,False,qiskit.circuit.random.random_circuit depth=12 max_operands=2,/home/audrey/code_and_papers/2026/FAST2027/final/hilbert_thin_provisioning/results/raw/20260915T141040.945114Z/generated_inputs/random_40.qpy,0,6831f0c39849cd48dbd56979e242cb45cba6fb3390396168c1a75b50f1efe1ff,semantic,40,381,12,40,40,0,0.0,True,False,0.4120734908136483,35,2.0,18,0,1.0,17,False,True,48.57364718749332,47.90911024851992,0.6645369389733986,1.5850594359168604,0.6645369389733986,1.5850594359168604,1.5850594359168604,0.5295946609048485,1.443523566665029,1.443523566665029,381,381,471,0,0.04792265399009921
random_40,generated,results/raw/20260915T141040.945114Z/generated_inputs/random_40.qpy,0bcfb783e876973da718cce024c3ce2c39e908a9391e3a490c17a9a24ad1f42c,random,False,qiskit.circuit.random.random_circuit depth=12 max_operands=2,/home/audrey/code_and_papers/2026/FAST2027/final/hilbert_thin_provisioning/results/raw/20260915T141040.945114Z/generated_inputs/random_40.qpy,0,6831f0c39849cd48dbd56979e242cb45cba6fb3390396168c1a75b50f1efe1ff,lowered,40,471,30,40,40,0,0.0,True,False,0.8343949044585988,35,5.0,165,0,1.0,0,False,True,48.879583249612786,47.10261000820795,1.7769732414048391,3.4270642545143244,1.7769732414048391,3.4270642545143244,3.4270642545143244,0.18578462542127028,1.137435411693568,1.137435411693568,381,381,471,0,0.06033962799119763
cdkm_3_basis,generated,results/raw/20260915T141040.945114Z/generated_inputs/cdkm_3_basis.qpy,c80bc5cb0c999deafc6413f5da846d74dc9ac0e8d87857fca285afcdc56b8bbd,arithmetic,False,"qiskit.circuit.library.CDKMRippleCarryAdder width=3 preparation=basis input_qubits=[1, 2, 3]",/home/audrey/code_and_papers/2026/FAST2027/final/hilbert_thin_provisioning/results/raw/20260915T141040.945114Z/generated_inputs/cdkm_3_basis.qpy,0,2820e887f30e5fe11ecd24966f437122cb481ae45cc4a506a595232d02c3359a,semantic,8,20,18,0,0,8,1.0,False,True,,0,0,0,8,256.0,0,False,True,12.321928094887362,4.321928094887363,7.999999999999999,255.99999999999983,7.999999999999999,255.99999999999983,255.99999999999983,8.0,256.0,256.0,20,20,20,0,0.0034841680026147515
cdkm_3_basis,generated,results/raw/20260915T141040.945114Z/generated_inputs/cdkm_3_basis.qpy,c80bc5cb0c999deafc6413f5da846d74dc9ac0e8d87857fca285afcdc56b8bbd,arithmetic,False,"qiskit.circuit.library.CDKMRippleCarryAdder width=3 preparation=basis input_qubits=[1, 2, 3]",/home/audrey/code_and_papers/2026/FAST2027/final/hilbert_thin_provisioning/results/raw/20260915T141040.945114Z/generated_inputs/cdkm_3_basis.qpy,0,2820e887f30e5fe11ecd24966f437122cb481ae45cc4a506a595232d02c3359a,lowered,8,20,18,0,0,8,1.0,False,True,,0,0,0,8,256.0,0,False,True,12.321928094887362,4.321928094887363,7.999999999999999,255.99999999999983,7.999999999999999,255.99999999999983,255.99999999999983,8.0,256.0,256.0,20,20,20,0,0.004366533015854657
cdkm_3_superposed_input,generated,results/raw/20260915T141040.945114Z/generated_inputs/cdkm_3_superposed_input.qpy,0537680f9456a6332e837da593afc1499dd7084fc408bbd1642a86b778501162,arithmetic,False,"qiskit.circuit.library.CDKMRippleCarryAdder width=3 preparation=superposed_input input_qubits=[1, 2, 3]",/home/audrey/code_and_papers/2026/FAST2027/final/hilbert_thin_provisioning/results/raw/20260915T141040.945114Z/generated_inputs/cdkm_3_superposed_input.qpy,0,aa0d8ace764a2ebe4f431008e28642007c36939bd56df1306520a06ed06ed6a7,semantic,8,23,19,8,8,0,0.0,True,False,0.6086956521739131,8,1.5,3,0,1.0,0,False,True,12.523561956057012,11.657765035265363,0.8657969207916487,1.8223460229031254,0.8657969207916487,1.8223460229031254,1.8223460229031254,0.5047761193310851,1.418903150525087,1.418903150525087,23,23,23,0,0.0037981180066708475
cdkm_3_superposed_input,generated,results/raw/20260915T141040.945114Z/generated_inputs/cdkm_3_superposed_input.qpy,0537680f9456a6332e837da593afc1499dd7084fc408bbd1642a86b778501162,arithmetic,False,"qiskit.circuit.library.CDKMRippleCarryAdder width=3 preparation=superposed_input input_qubits=[1, 2, 3]",/home/audrey/code_and_papers/2026/FAST2027/final/hilbert_thin_provisioning/results/raw/20260915T141040.945114Z/generated_inputs/cdkm_3_superposed_input.qpy,0,aa0d8ace764a2ebe4f431008e28642007c36939bd56df1306520a06ed06ed6a7,lowered,8,23,19,8,8,0,0.0,True,False,0.6086956521739131,8,1.5,3,0,1.0,0,False,True,12.523561956057012,11.657765035265363,0.8657969207916487,1.8223460229031254,0.8657969207916487,1.8223460229031254,1.8223460229031254,0.5047761193310851,1.418903150525087,1.418903150525087,23,23,23,0,0.004768947983393446
vbe_3_basis,generated,results/raw/20260915T141040.945114Z/generated_inputs/vbe_3_basis.qpy,c26eefe17c5275ea8d79b9d2c3938d717b68957c3b5a7461505a797b9be1cd2a,arithmetic,False,"qiskit.circuit.library.VBERippleCarryAdder width=3 preparation=basis input_qubits=[1, 2, 3]",/home/audrey/code_and_papers/2026/FAST2027/final/hilbert_thin_provisioning/results/raw/20260915T141040.945114Z/generated_inputs/vbe_3_basis.qpy,0,801c31ca10db76d415ce7162ebecb32e362df845cfc97abcd0be32f8bde4797e,semantic,10,23,19,0,0,10,1.0,False,True,,0,0,0,10,1024.0,0,False,True,14.523561956057012,4.523561956057013,10.0,1024.0,10.0,1024.0,1024.0,10.0,1024.0,1024.0,23,23,23,0,0.003711776982527226
vbe_3_basis,generated,results/raw/20260915T141040.945114Z/generated_inputs/vbe_3_basis.qpy,c26eefe17c5275ea8d79b9d2c3938d717b68957c3b5a7461505a797b9be1cd2a,arithmetic,False,"qiskit.circuit.library.VBERippleCarryAdder width=3 preparation=basis input_qubits=[1, 2, 3]",/home/audrey/code_and_papers/2026/FAST2027/final/hilbert_thin_provisioning/results/raw/20260915T141040.945114Z/generated_inputs/vbe_3_basis.qpy,0,801c31ca10db76d415ce7162ebecb32e362df845cfc97abcd0be32f8bde4797e,lowered,10,23,19,0,0,10,1.0,False,True,,0,0,0,10,1024.0,0,False,True,14.523561956057012,4.523561956057013,10.0,1024.0,10.0,1024.0,1024.0,10.0,1024.0,1024.0,23,23,23,0,0.004526348988292739
vbe_3_superposed_input,generated,results/raw/20260915T141040.945114Z/generated_inputs/vbe_3_superposed_input.qpy,60aeb0b116418e9f26231c8c32b59f9c02ff6f233bee7aa9231dd1a1a94c6f73,arithmetic,False,"qiskit.circuit.library.VBERippleCarryAdder width=3 preparation=superposed_input input_qubits=[1, 2, 3]",/home/audrey/code_and_papers/2026/FAST2027/final/hilbert_thin_provisioning/results/raw/20260915T141040.945114Z/generated_inputs/vbe_3_superposed_input.qpy,0,ac5cb24e5aecee7bd1dd013c6f4254e1b63f878ca9054aead8be1e4444995c47,semantic,10,26,20,8,8,2,0.2,False,True,,8,2.5,7,2,4.0,0,False,True,14.70043971814109,10.982280604558284,3.718159113582807,13.160652496292615,3.718159113582807,13.160652496292615,13.160652496292615,3.336086157884022,10.098619329388562,10.098619329388562,26,26,26,0,0.003658130008261651
vbe_3_superposed_input,generated,results/raw/20260915T141040.945114Z/generated_inputs/vbe_3_superposed_input.qpy,60aeb0b116418e9f26231c8c32b59f9c02ff6f233bee7aa9231dd1a1a94c6f73,arithmetic,False,"qiskit.circuit.library.VBERippleCarryAdder width=3 preparation=superposed_input input_qubits=[1, 2, 3]",/home/audrey/code_and_papers/2026/FAST2027/final/hilbert_thin_provisioning/results/raw/20260915T141040.945114Z/generated_inputs/vbe_3_superposed_input.qpy,0,ac5cb24e5aecee7bd1dd013c6f4254e1b63f878ca9054aead8be1e4444995c47,lowered,10,26,20,8,8,2,0.2,False,True,,8,2.0,8,2,4.0,0,False,True,14.70043971814109,11.016111838220512,3.6843278799205788,12.855625301786562,3.6843278799205788,12.855625301786562,12.855625301786562,3.336086157884022,10.098619329388562,10.098619329388562,26,26,26,0,0.004759003990329802
comparator_3_basis,generated,results/raw/20260915T141040.945114Z/generated_inputs/comparator_3_basis.qpy,ba210d23a07f8b777abffcb086314e2a92a3b1a080ecdd36adb6a4a1c717eb58,arithmetic,False,"qiskit.circuit.library.IntegerComparator width=3 preparation=basis input_qubits=[0, 1, 2]",/home/audrey/code_and_papers/2026/FAST2027/final/hilbert_thin_provisioning/results/raw/20260915T141040.945114Z/generated_inputs/comparator_3_basis.qpy,0,12da7f61825b7142771e129932b1a24fc566f46e099faebc959f036c76cf6b7b,semantic,6,16,9,0,0,6,1.0,False,True,,0,0,0,6,64.0,0,False,True,10.0,4.0,6.0,64.0,6.0,64.0,64.0,6.0,64.0,64.0,16,16,16,0,0.0033654530125204474
comparator_3_basis,generated,results/raw/20260915T141040.945114Z/generated_inputs/comparator_3_basis.qpy,ba210d23a07f8b777abffcb086314e2a92a3b1a080ecdd36adb6a4a1c717eb58,arithmetic,False,"qiskit.circuit.library.IntegerComparator width=3 preparation=basis input_qubits=[0, 1, 2]",/home/audrey/code_and_papers/2026/FAST2027/final/hilbert_thin_provisioning/results/raw/20260915T141040.945114Z/generated_inputs/comparator_3_basis.qpy,0,12da7f61825b7142771e129932b1a24fc566f46e099faebc959f036c76cf6b7b,lowered,6,16,9,0,0,6,1.0,False,True,,0,0,0,6,64.0,0,False,True,10.0,4.0,6.0,64.0,6.0,64.0,64.0,6.0,64.0,64.0,16,16,16,0,0.004063450003741309
comparator_3_superposed_input,generated,results/raw/20260915T141040.945114Z/generated_inputs/comparator_3_superposed_input.qpy,e898d076dbd7e44360d2906dc4e5b91bd9c46544fa54ec49e4b039a162deb6dd,arithmetic,False,"qiskit.circuit.library.IntegerComparator width=3 preparation=superposed_input input_qubits=[0, 1, 2]",/home/audrey/code_and_papers/2026/FAST2027/final/hilbert_thin_provisioning/results/raw/20260915T141040.945114Z/generated_inputs/comparator_3_superposed_input.qpy,0,98ef1d965ef7dc27a40564b2ff39a5ad2cc623f3a39844fcd295381525e8161e,semantic,6,19,10,6,6,0,0.0,True,False,0.631578947368421,6,1.5,4,0,1.0,0,False,True,10.247927513443585,9.4241662888181,0.8237612246254855,1.7700145560407572,0.8237612246254855,1.7700145560407572,1.7700145560407572,0.6925714748077532,1.6161616161616166,1.6161616161616166,19,19,19,0,0.004106600012164563
comparator_3_superposed_input,generated,results/raw/20260915T141040.945114Z/generated_inputs/comparator_3_superposed_input.qpy,e898d076dbd7e44360d2906dc4e5b91bd9c46544fa54ec49e4b039a162deb6dd,arithmetic,False,"qiskit.circuit.library.IntegerComparator width=3 preparation=superposed_input input_qubits=[0, 1, 2]",/home/audrey/code_and_papers/2026/FAST2027/final/hilbert_thin_provisioning/results/raw/20260915T141040.945114Z/generated_inputs/comparator_3_superposed_input.qpy,0,98ef1d965ef7dc27a40564b2ff39a5ad2cc623f3a39844fcd295381525e8161e,lowered,6,19,10,6,6,0,0.0,True,False,0.631578947368421,6,2.0,3,0,1.0,0,False,True,10.247927513443585,9.398743691938193,0.8491838215053917,1.8014814814814808,0.8491838215053917,1.8014814814814808,1.8014814814814808,0.6925714748077532,1.6161616161616166,1.6161616161616166,19,19,19,0,0.004957176017342135
draper_3_basis,generated,results/raw/20260915T141040.945114Z/generated_inputs/draper_3_basis.qpy,c26e4c0591ae5307fa5b044d4d43bb00bfc49b3e84f4a12c25ef5ec1c4e58900,arithmetic,False,"qiskit.circuit.library.DraperQFTAdder width=3 preparation=basis input_qubits=[0, 1, 2]",/home/audrey/code_and_papers/2026/FAST2027/final/hilbert_thin_provisioning/results/raw/20260915T141040.945114Z/generated_inputs/draper_3_basis.qpy,0,f9ba7e0566f9e49c427298c8c6ac9fcd9f47092aaea4b87b9874a91fc9e0d88f,semantic,6,19,13,3,3,3,0.5,False,True,,3,2.0,3,3,8.0,0,False,True,10.247927513443585,6.894817763307943,3.3531097501356424,10.218487394957986,3.3531097501356424,10.218487394957986,10.218487394957986,3.308122295362333,9.90476190476191,9.90476190476191,19,19,19,0,0.00337551100528799
draper_3_basis,generated,results/raw/20260915T141040.945114Z/generated_inputs/draper_3_basis.qpy,c26e4c0591ae5307fa5b044d4d43bb00bfc49b3e84f4a12c25ef5ec1c4e58900,arithmetic,False,"qiskit.circuit.library.DraperQFTAdder width=3 preparation=basis input_qubits=[0, 1, 2]",/home/audrey/code_and_papers/2026/FAST2027/final/hilbert_thin_provisioning/results/raw/20260915T141040.945114Z/generated_inputs/draper_3_basis.qpy,0,f9ba7e0566f9e49c427298c8c6ac9fcd9f47092aaea4b87b9874a91fc9e0d88f,lowered,6,19,13,3,3,3,0.5,False,True,,3,2.0,3,3,8.0,0,False,True,10.247927513443585,6.9188632372745955,3.3290642761689897,10.049586776859496,3.3290642761689897,10.049586776859496,10.049586776859496,3.308122295362333,9.90476190476191,9.90476190476191,19,19,19,0,0.004200037015834823
draper_3_superposed_input,generated,results/raw/20260915T141040.945114Z/generated_inputs/draper_3_superposed_input.qpy,fa51314f61f8d88088a23d1963e4f8e7262782bcc77538d624a504956f079413,arithmetic,False,"qiskit.circuit.library.DraperQFTAdder width=3 preparation=superposed_input input_qubits=[0, 1, 2]",/home/audrey/code_and_papers/2026/FAST2027/final/hilbert_thin_provisioning/results/raw/20260915T141040.945114Z/generated_inputs/draper_3_superposed_input.qpy,0,74028daad56a3a7b83d7210502fd9fec1b9cc895c24187f16e40f96a8227323d,semantic,6,22,13,6,6,0,0.0,True,False,0.45454545454545453,6,1.5,3,0,1.0,0,False,True,10.459431618637296,9.905387005018131,0.5540446136191655,1.4681960375391023,0.5540446136191655,1.4681960375391023,1.4681960375391023,0.3254002867941672,1.253012048192771,1.253012048192771,22,22,22,0,0.004830695019336417
draper_3_superposed_input,generated,results/raw/20260915T141040.945114Z/generated_inputs/draper_3_superposed_input.qpy,fa51314f61f8d88088a23d1963e4f8e7262782bcc77538d624a504956f079413,arithmetic,False,"qiskit.circuit.library.DraperQFTAdder width=3 preparation=superposed_input input_qubits=[0, 1, 2]",/home/audrey/code_and_papers/2026/FAST2027/final/hilbert_thin_provisioning/results/raw/20260915T141040.945114Z/generated_inputs/draper_3_superposed_input.qpy,0,74028daad56a3a7b83d7210502fd9fec1b9cc895c24187f16e40f96a8227323d,lowered,6,22,13,6,6,0,0.0,True,False,0.45454545454545453,6,1.5,3,0,1.0,0,False,True,10.459431618637296,9.929258408636972,0.5301732100003242,1.4441025641025642,0.5301732100003242,1.4441025641025642,1.4441025641025642,0.3254002867941672,1.253012048192771,1.253012048192771,22,22,22,0,0.005943750991718844
modular_adder_3_basis,generated,results/raw/20260915T141040.945114Z/generated_inputs/modular_adder_3_basis.qpy,5fff9ab7f26c4e9a90a7b48a1a335dfce0164387361deff0303413ff2d7be047,arithmetic,False,"qiskit.circuit.library.ModularAdderGate width=3 preparation=basis input_qubits=[0, 1, 2]",/home/audrey/code_and_papers/2026/FAST2027/final/hilbert_thin_provisioning/results/raw/20260915T141040.945114Z/generated_inputs/modular_adder_3_basis.qpy,0,ab0e27bb8e85ed6c79275bfe9fbc79d8e6df8e1e0c4f7305f274b088f5d19668,semantic,6,28,27,0,0,6,1.0,False,True,,0,0,0,6,64.0,0,False,True,10.807354922057604,4.807354922057604,6.0,64.0,6.0,64.0,64.0,5.999999999999999,63.99999999999996,63.99999999999996,28,28,60,0,0.005390837002778426
modular_adder_3_basis,generated,results/raw/20260915T141040.945114Z/generated_inputs/modular_adder_3_basis.qpy,5fff9ab7f26c4e9a90a7b48a1a335dfce0164387361deff0303413ff2d7be047,arithmetic,False,"qiskit.circuit.library.ModularAdderGate width=3 preparation=basis input_qubits=[0, 1, 2]",/home/audrey/code_and_papers/2026/FAST2027/final/hilbert_thin_provisioning/results/raw/20260915T141040.945114Z/generated_inputs/modular_adder_3_basis.qpy,0,ab0e27bb8e85ed6c79275bfe9fbc79d8e6df8e1e0c4f7305f274b088f5d19668,lowered,6,60,59,6,6,0,0.0,True,False,0.9166666666666666,6,9.0,24,0,1.0,0,False,True,11.90689059560852,10.407267764244732,1.4996228313637872,2.827687776141385,1.4996228313637872,2.827687776141385,2.827687776141385,1.5097779892492547,2.847662141779791,2.847662141779791,28,28,60,0,0.006312634010100737
modular_adder_3_superposed_input,generated,results/raw/20260915T141040.945114Z/generated_inputs/modular_adder_3_superposed_input.qpy,ce177e341db70c658018c308c76b771320565a2d03f6e87e8bfd47ae5e28f5b4,arithmetic,False,"qiskit.circuit.library.ModularAdderGate width=3 preparation=superposed_input input_qubits=[0, 1, 2]",/home/audrey/code_and_papers/2026/FAST2027/final/hilbert_thin_provisioning/results/raw/20260915T141040.945114Z/generated_inputs/modular_adder_3_superposed_input.qpy,0,84933a5f9fd192e614f413be4b5b44c598bb99b6fefe11289c770b72700c4c71,semantic,6,31,28,6,6,0,0.0,True,False,0.2903225806451613,6,1.0,3,0,1.0,0,False,True,10.954196310386875,10.598982971036092,0.35521333935078303,1.2791747259832353,0.35521333935078303,1.2791747259832353,1.2791747259832353,0.27207954543679946,1.2075471698113196,1.2075471698113196,31,31,63,0,0.0052196100004948676
modular_adder_3_superposed_input,generated,results/raw/20260915T141040.945114Z/generated_inputs/modular_adder_3_superposed_input.qpy,ce177e341db70c658018c308c76b771320565a2d03f6e87e8bfd47ae5e28f5b4,arithmetic,False,"qiskit.circuit.library.ModularAdderGate width=3 preparation=superposed_input input_qubits=[0, 1, 2]",/home/audrey/code_and_papers/2026/FAST2027/final/hilbert_thin_provisioning/results/raw/20260915T141040.945114Z/generated_inputs/modular_adder_3_superposed_input.qpy,0,84933a5f9fd192e614f413be4b5b44c598bb99b6fefe11289c770b72700c4c71,lowered,6,63,60,6,6,0,0.0,True,False,0.14285714285714285,6,1.0,3,0,1.0,0,False,True,11.977279923499918,11.813380386924726,0.16389953657519207,1.1203111975548787,0.16389953657519207,1.1203111975548787,1.1203111975548787,0.12062096796005406,1.0872027180067962,1.0872027180067962,31,31,63,0,0.006439319986384362
multiplier_3_basis,generated,results/raw/20260915T141040.945114Z/generated_inputs/multiplier_3_basis.qpy,72cb0aedef373ad2658d4176774499de3b760b92cd13cf2e3d1324f9e46c2493,arithmetic,False,"qiskit.circuit.library.HRSCumulativeMultiplier width=3 preparation=basis input_qubits=[0, 1, 2]",/home/audrey/code_and_papers/2026/FAST2027/final/hilbert_thin_provisioning/results/raw/20260915T141040.945114Z/generated_inputs/multiplier_3_basis.qpy,0,daeaf8822e8441378270f857f6506323a9afec184a1a8dcd0378183c2996b436,semantic,13,526,470,9,9,4,0.3076923076923077,False,True,,9,9.0,86,4,16.0,0,False,True,22.038918989292302,17.55433403138871,4.484584957903593,22.386932532549128,4.484584957903593,22.386932532549128,22.386932532549128,4.4908061824349375,22.483678450883495,22.483678450883495,526,526,526,0,0.019095005001872778
multiplier_3_basis,generated,results/raw/20260915T141040.945114Z/generated_inputs/multiplier_3_basis.qpy,72cb0aedef373ad2658d4176774499de3b760b92cd13cf2e3d1324f9e46c2493,arithmetic,False,"qiskit.circuit.library.HRSCumulativeMultiplier width=3 preparation=basis input_qubits=[0, 1, 2]",/home/audrey/code_and_papers/2026/FAST2027/final/hilbert_thin_provisioning/results/raw/20260915T141040.945114Z/generated_inputs/multiplier_3_basis.qpy,0,daeaf8822e8441378270f857f6506323a9afec184a1a8dcd0378183c2996b436,lowered,13,526,470,9,9,4,0.3076923076923077,False,True,,9,8.0,89,4,16.0,0,False,True,22.038918989292302,17.556131801119538,4.482787188172765,22.359053124254043,4.482787188172765,22.359053124254043,22.359053124254043,4.4908061824349375,22.483678450883495,22.483678450883495,526,526,526,0,0.03218606999143958
multiplier_3_superposed_input,generated,results/raw/20260915T141040.945114Z/generated_inputs/multiplier_3_superposed_input.qpy,6f3ba9e94ce7c66fb7dab9a2a50a784f0df5836cdd0645596ae20d10ec1c1874,arithmetic,False,"qiskit.circuit.library.HRSCumulativeMultiplier width=3 preparation=superposed_input input_qubits=[0, 1, 2]",/home/audrey/code_and_papers/2026/FAST2027/final/hilbert_thin_provisioning/results/raw/20260915T141040.945114Z/generated_inputs/multiplier_3_superposed_input.qpy,0,858f2e8c2b34a3df1a0d0ae707641e6e9d8b9b7a70970216818650f89b901010,semantic,13,529,471,13,13,0,0.0,True,False,0.8185255198487713,13,9.0,175,0,1.0,0,False,True,22.047123912114024,20.717856286915275,1.3292676251987494,2.5127508435137704,1.3292676251987494,2.5127508435137704,2.5127508435137704,1.3547775727128233,2.5575768181420515,2.5575768181420515,529,529,529,0,0.021226635988568887
multiplier_3_superposed_input,generated,results/raw/20260915T141040.945114Z/generated_inputs/multiplier_3_superposed_input.qpy,6f3ba9e94ce7c66fb7dab9a2a50a784f0df5836cdd0645596ae20d10ec1c1874,arithmetic,False,"qiskit.circuit.library.HRSCumulativeMultiplier width=3 preparation=superposed_input input_qubits=[0, 1, 2]",/home/audrey/code_and_papers/2026/FAST2027/final/hilbert_thin_provisioning/results/raw/20260915T141040.945114Z/generated_inputs/multiplier_3_superposed_input.qpy,0,858f2e8c2b34a3df1a0d0ae707641e6e9d8b9b7a70970216818650f89b901010,lowered,13,529,471,13,13,0,0.0,True,False,0.8185255198487713,13,6.0,175,0,1.0,0,False,True,22.047123912114024,20.718659126428207,1.3284647856858172,2.5113529219844093,1.3284647856858172,2.5113529219844093,2.5113529219844093,1.3547775727128233,2.5575768181420515,2.5575768181420515,529,529,529,0,0.03571434199693613
cdkm_5_basis,generated,results/raw/20260915T141040.945114Z/generated_inputs/cdkm_5_basis.qpy,27e3621db901cc1fda64cecb67e1c67f762906eb06fe83ae7e37a70141947018,arithmetic,False,"qiskit.circuit.library.CDKMRippleCarryAdder width=5 preparation=basis input_qubits=[1, 2, 3, 4, 5]",/home/audrey/code_and_papers/2026/FAST2027/final/hilbert_thin_provisioning/results/raw/20260915T141040.945114Z/generated_inputs/cdkm_5_basis.qpy,0,3a5bfc2063c3aac3210a82ebc6675901c7fc828fc990e17ccedb7499720d7ebd,semantic,12,32,28,0,0,12,1.0,False,True,,0,0,0,12,4096.0,0,False,True,17.0,5.0,12.0,4096.0,12.0,4096.0,4096.0,12.000000000000002,4096.0000000000055,4096.0000000000055,32,32,32,0,0.0044684110034722835
cdkm_5_basis,generated,results/raw/20260915T141040.945114Z/generated_inputs/cdkm_5_basis.qpy,27e3621db901cc1fda64cecb67e1c67f762906eb06fe83ae7e37a70141947018,arithmetic,False,"qiskit.circuit.library.CDKMRippleCarryAdder width=5 preparation=basis input_qubits=[1, 2, 3, 4, 5]",/home/audrey/code_and_papers/2026/FAST2027/final/hilbert_thin_provisioning/results/raw/20260915T141040.945114Z/generated_inputs/cdkm_5_basis.qpy,0,3a5bfc2063c3aac3210a82ebc6675901c7fc828fc990e17ccedb7499720d7ebd,lowered,12,32,28,0,0,12,1.0,False,True,,0,0,0,12,4096.0,0,False,True,17.0,5.0,12.0,4096.0,12.0,4096.0,4096.0,12.000000000000002,4096.0000000000055,4096.0000000000055,32,32,32,0,0.0055989779939409345
cdkm_5_superposed_input,generated,results/raw/20260915T141040.945114Z/generated_inputs/cdkm_5_superposed_input.qpy,4be5fa81e6173610bb1c7a3766d15a6fbae5c2b1fce7a75674ff4ad3aa40a1f1,arithmetic,False,"qiskit.circuit.library.CDKMRippleCarryAdder width=5 preparation=superposed_input input_qubits=[1, 2, 3, 4, 5]",/home/audrey/code_and_papers/2026/FAST2027/final/hilbert_thin_provisioning/results/raw/20260915T141040.945114Z/generated_inputs/cdkm_5_superposed_input.qpy,0,355cf410b82ffb708d5e0b417d05a9beffea317b10ca40e5f8d4a7128209e108,semantic,12,37,29,12,12,0,0.0,True,False,0.5945945945945946,12,1.5,3,0,1.0,0,False,True,17.20945336562895,16.240772702198683,0.9686806634302663,1.9570500652126188,0.9686806634302663,1.9570500652126188,1.9570500652126188,0.4398648539200849,1.3564772519641888,1.3564772519641888,37,37,37,0,0.003858136013150215
cdkm_5_superposed_input,generated,results/raw/20260915T141040.945114Z/generated_inputs/cdkm_5_superposed_input.qpy,4be5fa81e6173610bb1c7a3766d15a6fbae5c2b1fce7a75674ff4ad3aa40a1f1,arithmetic,False,"qiskit.circuit.library.CDKMRippleCarryAdder width=5 preparation=superposed_input input_qubits=[1, 2, 3, 4, 5]",/home/audrey/code_and_papers/2026/FAST2027/final/hilbert_thin_provisioning/results/raw/20260915T141040.945114Z/generated_inputs/cdkm_5_superposed_input.qpy,0,355cf410b82ffb708d5e0b417d05a9beffea317b10ca40e5f8d4a7128209e108,lowered,12,37,29,12,12,0,0.0,True,False,0.5945945945945946,12,1.5,3,0,1.0,0,False,True,17.20945336562895,16.240772702198683,0.9686806634302663,1.9570500652126188,0.9686806634302663,1.9570500652126188,1.9570500652126188,0.4398648539200849,1.3564772519641888,1.3564772519641888,37,37,37,0,0.005310542997904122
vbe_5_basis,generated,results/raw/20260915T141040.945114Z/generated_inputs/vbe_5_basis.qpy,4107e26a15f6555bed64aedcf95e21983cbd83160299dbc0877b76c45cbdef13,arithmetic,False,"qiskit.circuit.library.VBERippleCarryAdder width=5 preparation=basis input_qubits=[1, 2, 3, 4, 5]",/home/audrey/code_and_papers/2026/FAST2027/final/hilbert_thin_provisioning/results/raw/20260915T141040.945114Z/generated_inputs/vbe_5_basis.qpy,0,789ed411a324ed4a5c3952412cf9c33160e3a0f763e063ed2e7a31f5cc66050e,semantic,16,39,31,0,0,16,1.0,False,True,,0,0,0,16,65536.0,0,False,True,21.28540221886225,5.285402218862249,16.0,65536.0,16.0,65536.0,65536.0,16.0,65536.0,65536.0,39,39,39,0,0.005060558003606275
vbe_5_basis,generated,results/raw/20260915T141040.945114Z/generated_inputs/vbe_5_basis.qpy,4107e26a15f6555bed64aedcf95e21983cbd83160299dbc0877b76c45cbdef13,arithmetic,False,"qiskit.circuit.library.VBERippleCarryAdder width=5 preparation=basis input_qubits=[1, 2, 3, 4, 5]",/home/audrey/code_and_papers/2026/FAST2027/final/hilbert_thin_provisioning/results/raw/20260915T141040.945114Z/generated_inputs/vbe_5_basis.qpy,0,789ed411a324ed4a5c3952412cf9c33160e3a0f763e063ed2e7a31f5cc66050e,lowered,16,39,31,0,0,16,1.0,False,True,,0,0,0,16,65536.0,0,False,True,21.28540221886225,5.285402218862249,16.0,65536.0,16.0,65536.0,65536.0,16.0,65536.0,65536.0,39,39,39,0,0.006245680997380987
vbe_5_superposed_input,generated,results/raw/20260915T141040.945114Z/generated_inputs/vbe_5_superposed_input.qpy,918841f93c01a47cda2483efbb4a23c924ef1f8db8397580992e916b0082ad4d,arithmetic,False,"qiskit.circuit.library.VBERippleCarryAdder width=5 preparation=superposed_input input_qubits=[1, 2, 3, 4, 5]",/home/audrey/code_and_papers/2026/FAST2027/final/hilbert_thin_provisioning/results/raw/20260915T141040.945114Z/generated_inputs/vbe_5_superposed_input.qpy,0,4b37424d7ddbee95a340533e3299474b2a473a480bd46864aef965e71547a61a,semantic,16,44,32,14,14,2,0.125,False,True,,14,3.0,7,2,4.0,0,False,True,21.459431618637296,16.998931936443785,4.460499682193511,22.016293185722436,4.460499682193511,22.016293185722436,22.016293185722436,3.9826695957599867,15.808949463273434,15.808949463273434,44,44,44,0,0.004146958002820611
vbe_5_superposed_input,generated,results/raw/20260915T141040.945114Z/generated_inputs/vbe_5_superposed_input.qpy,918841f93c01a47cda2483efbb4a23c924ef1f8db8397580992e916b0082ad4d,arithmetic,False,"qiskit.circuit.library.VBERippleCarryAdder width=5 preparation=superposed_input input_qubits=[1, 2, 3, 4, 5]",/home/audrey/code_and_papers/2026/FAST2027/final/hilbert_thin_provisioning/results/raw/20260915T141040.945114Z/generated_inputs/vbe_5_superposed_input.qpy,0,4b37424d7ddbee95a340533e3299474b2a473a480bd46864aef965e71547a61a,lowered,16,44,32,14,14,2,0.125,False,True,,14,2.5,8,2,4.0,0,False,True,21.459431618637296,17.009467811037013,4.449963807600284,21.85609580475234,4.449963807600284,21.85609580475234,21.85609580475234,3.9826695957599867,15.808949463273434,15.808949463273434,44,44,44,0,0.005796261015348136
comparator_5_basis,generated,results/raw/20260915T141040.945114Z/generated_inputs/comparator_5_basis.qpy,4029afb896ad234b416099ef7b2595c3bfae46f4d34b529acf0a960394fd84ee,arithmetic,False,"qiskit.circuit.library.IntegerComparator width=5 preparation=basis input_qubits=[0, 1, 2, 3, 4]",/home/audrey/code_and_papers/2026/FAST2027/final/hilbert_thin_provisioning/results/raw/20260915T141040.945114Z/generated_inputs/comparator_5_basis.qpy,0,bac5482360ac11d7c2637b8491273739b87de56b54dff30faaeed933f238a112,semantic,10,40,19,0,0,10,1.0,False,True,,0,0,0,10,1024.0,0,False,True,15.321928094887362,5.321928094887363,10.0,1024.0,10.0,1024.0,1024.0,10.0,1024.0,1024.0,40,40,40,0,0.0039168630028143525
comparator_5_basis,generated,results/raw/20260915T141040.945114Z/generated_inputs/comparator_5_basis.qpy,4029afb896ad234b416099ef7b2595c3bfae46f4d34b529acf0a960394fd84ee,arithmetic,False,"qiskit.circuit.library.IntegerComparator width=5 preparation=basis input_qubits=[0, 1, 2, 3, 4]",/home/audrey/code_and_papers/2026/FAST2027/final/hilbert_thin_provisioning/results/raw/20260915T141040.945114Z/generated_inputs/comparator_5_basis.qpy,0,bac5482360ac11d7c2637b8491273739b87de56b54dff30faaeed933f238a112,lowered,10,40,19,0,0,10,1.0,False,True,,0,0,0,10,1024.0,0,False,True,15.321928094887362,5.321928094887363,10.0,1024.0,10.0,1024.0,1024.0,10.0,1024.0,1024.0,40,40,40,0,0.005438378022518009
comparator_5_superposed_input,generated,results/raw/20260915T141040.945114Z/generated_inputs/comparator_5_superposed_input.qpy,ec76d88199ea2cb233f17092dd3eb105b56b6e7bc50053d17dd066cff2830c6d,arithmetic,False,"qiskit.circuit.library.IntegerComparator width=5 preparation=superposed_input input_qubits=[0, 1, 2, 3, 4]",/home/audrey/code_and_papers/2026/FAST2027/final/hilbert_thin_provisioning/results/raw/20260915T141040.945114Z/generated_inputs/comparator_5_superposed_input.qpy,0,2e7908469874ae12d1746505fe720407ce57f2cbfc8a0a8613b68f9e2431968e,semantic,10,45,20,10,10,0,0.0,True,False,0.5777777777777777,10,1.5,6,0,1.0,0,False,True,15.491853096329674,14.588656083459002,0.9031970128706721,1.8702057713381228,0.9031970128706721,1.8702057713381228,1.8702057713381228,0.6871170447156434,1.6100628930817595,1.6100628930817595,45,45,45,0,0.005131147976499051
comparator_5_superposed_input,generated,results/raw/20260915T141040.945114Z/generated_inputs/comparator_5_superposed_input.qpy,ec76d88199ea2cb233f17092dd3eb105b56b6e7bc50053d17dd066cff2830c6d,arithmetic,False,"qiskit.circuit.library.IntegerComparator width=5 preparation=superposed_input input_qubits=[0, 1, 2, 3, 4]",/home/audrey/code_and_papers/2026/FAST2027/final/hilbert_thin_provisioning/results/raw/20260915T141040.945114Z/generated_inputs/comparator_5_superposed_input.qpy,0,2e7908469874ae12d1746505fe720407ce57f2cbfc8a0a8613b68f9e2431968e,lowered,10,45,20,10,10,0,0.0,True,False,0.6666666666666666,10,2.0,7,0,1.0,0,False,True,15.491853096329674,14.350593931816185,1.1412591645134889,2.2057345268297355,1.1412591645134889,2.2057345268297355,2.2057345268297355,0.6871170447156434,1.6100628930817595,1.6100628930817595,45,45,45,0,0.0068204900017008185
draper_5_basis,generated,results/raw/20260915T141040.945114Z/generated_inputs/draper_5_basis.qpy,4f91de32100df6ab5917c52ef49fde957fcfd1c65e5d92cfa0f8fc70cc8def09,arithmetic,False,"qiskit.circuit.library.DraperQFTAdder width=5 preparation=basis input_qubits=[0, 1, 2, 3, 4]",/home/audrey/code_and_papers/2026/FAST2027/final/hilbert_thin_provisioning/results/raw/20260915T141040.945114Z/generated_inputs/draper_5_basis.qpy,0,35258ad44c7b66398702e4acb9e3555eefdcb295b2e81bfc7cbd403561fb3aa2,semantic,10,46,23,5,5,5,0.5,False,True,,5,3.0,5,5,32.0,0,False,True,15.523561956057012,10.070120944476823,5.453441011580189,43.81767441860461,5.453441011580189,43.81767441860461,43.81767441860461,5.446746359006182,43.61481481481482,43.61481481481482,46,46,46,0,0.006886276009026915
draper_5_basis,generated,results/raw/20260915T141040.945114Z/generated_inputs/draper_5_basis.qpy,4f91de32100df6ab5917c52ef49fde957fcfd1c65e5d92cfa0f8fc70cc8def09,arithmetic,False,"qiskit.circuit.library.DraperQFTAdder width=5 preparation=basis input_qubits=[0, 1, 2, 3, 4]",/home/audrey/code_and_papers/2026/FAST2027/final/hilbert_thin_provisioning/results/raw/20260915T141040.945114Z/generated_inputs/draper_5_basis.qpy,0,35258ad44c7b66398702e4acb9e3555eefdcb295b2e81bfc7cbd403561fb3aa2,lowered,10,46,23,5,5,5,0.5,False,True,,5,3.0,5,5,32.0,0,False,True,15.523561956057012,10.130570562805428,5.3929913932515845,42.0196253345227,5.3929913932515845,42.0196253345227,42.0196253345227,5.446746359006182,43.61481481481482,43.61481481481482,46,46,46,0,0.008682802988914773
draper_5_superposed_input,generated,results/raw/20260915T141040.945114Z/generated_inputs/draper_5_superposed_input.qpy,2728e4b36a7cc48af0768cf7702438cd58af62e1fc8075957cbc37589cb8104d,arithmetic,False,"qiskit.circuit.library.DraperQFTAdder width=5 preparation=superposed_input input_qubits=[0, 1, 2, 3, 4]",/home/audrey/code_and_papers/2026/FAST2027/final/hilbert_thin_provisioning/results/raw/20260915T141040.945114Z/generated_inputs/draper_5_superposed_input.qpy,0,9a0377a35b2d47bb77f0e86397e54e07cf1214bde6ed662db5de2f9fbbb08aa5,semantic,10,51,23,10,10,0,0.0,True,False,0.4117647058823529,10,1.5,5,0,1.0,0,False,True,15.672425341971495,15.07142046211543,0.601004879856065,1.5167726757863542,0.601004879856065,1.5167726757863542,1.5167726757863542,0.44942049330450473,1.3654916512059343,1.3654916512059343,51,51,51,0,0.005243420018814504
draper_5_superposed_input,generated,results/raw/20260915T141040.945114Z/generated_inputs/draper_5_superposed_input.qpy,2728e4b36a7cc48af0768cf7702438cd58af62e1fc8075957cbc37589cb8104d,arithmetic,False,"qiskit.circuit.library.DraperQFTAdder width=5 preparation=superposed_input input_qubits=[0, 1, 2, 3, 4]",/home/audrey/code_and_papers/2026/FAST2027/final/hilbert_thin_provisioning/results/raw/20260915T141040.945114Z/generated_inputs/draper_5_superposed_input.qpy,0,9a0377a35b2d47bb77f0e86397e54e07cf1214bde6ed662db5de2f9fbbb08aa5,lowered,10,51,23,10,10,0,0.0,True,False,0.4117647058823529,10,1.5,5,0,1.0,0,False,True,15.672425341971495,15.131816778034922,0.5406085639365728,1.4545859677464268,0.5406085639365728,1.4545859677464268,1.4545859677464268,0.44942049330450473,1.3654916512059343,1.3654916512059343,51,51,51,0,0.0066836549958679825
modular_adder_5_basis,generated,results/raw/20260915T141040.945114Z/generated_inputs/modular_adder_5_basis.qpy,90fa2ed8d0d9d0d10d4b31078a5ead78f0d219fb157042433fa970528c87019f,arithmetic,False,"qiskit.circuit.library.ModularAdderGate width=5 preparation=basis input_qubits=[0, 1, 2, 3, 4]",/home/audrey/code_and_papers/2026/FAST2027/final/hilbert_thin_provisioning/results/raw/20260915T141040.945114Z/generated_inputs/modular_adder_5_basis.qpy,0,feced5eca2cc5b89f4dc8670c2cb4187d7f505d3902b84edfa8fbf2398f8e6bb,semantic,10,52,49,0,0,10,1.0,False,True,,0,0,0,10,1024.0,0,False,True,15.70043971814109,5.700439718141093,9.999999999999998,1023.9999999999987,9.999999999999998,1023.9999999999987,1023.9999999999987,10.0,1024.0,1024.0,52,52,116,0,0.008072337019257247
modular_adder_5_basis,generated,results/raw/20260915T141040.945114Z/generated_inputs/modular_adder_5_basis.qpy,90fa2ed8d0d9d0d10d4b31078a5ead78f0d219fb157042433fa970528c87019f,arithmetic,False,"qiskit.circuit.library.ModularAdderGate width=5 preparation=basis input_qubits=[0, 1, 2, 3, 4]",/home/audrey/code_and_papers/2026/FAST2027/final/hilbert_thin_provisioning/results/raw/20260915T141040.945114Z/generated_inputs/modular_adder_5_basis.qpy,0,feced5eca2cc5b89f4dc8670c2cb4187d7f505d3902b84edfa8fbf2398f8e6bb,lowered,10,116,113,10,10,0,0.0,True,False,0.9224137931034483,10,9.5,48,0,1.0,0,False,True,16.857980995127573,15.234293535939404,1.6236874591881687,3.0816167695740138,1.6236874591881687,3.0816167695740138,3.0816167695740138,1.644551447227606,3.126506349635236,3.126506349635236,52,52,116,0,0.010374598001362756
modular_adder_5_superposed_input,generated,results/raw/20260915T141040.945114Z/generated_inputs/modular_adder_5_superposed_input.qpy,3aa99ac768bd906d4ebb43ba905875b2d62f7193a3e9e4f0a29f305bff9761e9,arithmetic,False,"qiskit.circuit.library.ModularAdderGate width=5 preparation=superposed_input input_qubits=[0, 1, 2, 3, 4]",/home/audrey/code_and_papers/2026/FAST2027/final/hilbert_thin_provisioning/results/raw/20260915T141040.945114Z/generated_inputs/modular_adder_5_superposed_input.qpy,0,dcb58e97a73050bb91855079c9da6ccc5cb65ea946a3cf9daaf0ebfefb88e0d6,semantic,10,57,50,10,10,0,0.0,True,False,0.2631578947368421,10,1.0,5,0,1.0,0,False,True,15.832890014164741,15.463492443583553,0.3693975705811887,1.2918132926100516,0.3693975705811887,1.2918132926100516,1.2918132926100516,0.28246065660883524,1.2162675788673507,1.2162675788673507,57,57,121,0,0.006514288979815319
modular_adder_5_superposed_input,generated,results/raw/20260915T141040.945114Z/generated_inputs/modular_adder_5_superposed_input.qpy,3aa99ac768bd906d4ebb43ba905875b2d62f7193a3e9e4f0a29f305bff9761e9,arithmetic,False,"qiskit.circuit.library.ModularAdderGate width=5 preparation=superposed_input input_qubits=[0, 1, 2, 3, 4]",/home/audrey/code_and_papers/2026/FAST2027/final/hilbert_thin_provisioning/results/raw/20260915T141040.945114Z/generated_inputs/modular_adder_5_superposed_input.qpy,0,dcb58e97a73050bb91855079c9da6ccc5cb65ea946a3cf9daaf0ebfefb88e0d6,lowered,10,121,114,10,10,0,0.0,True,False,0.12396694214876033,10,1.0,5,0,1.0,0,False,True,16.918863237274593,16.75654329234385,0.16231994493074353,1.1190852518537902,0.16231994493074353,1.1190852518537902,1.1190852518537902,0.11714247133338418,1.084584510182843,1.084584510182843,57,57,121,0,0.008246669982327148
multiplier_5_basis,generated,results/raw/20260915T141040.945114Z/generated_inputs/multiplier_5_basis.qpy,a0daa4bbe248b0494e085a28beecd8feb3ab57dcceaa01dd9c4c5b9c2dd06b38,arithmetic,False,"qiskit.circuit.library.HRSCumulativeMultiplier width=5 preparation=basis input_qubits=[0, 1, 2, 3, 4]",/home/audrey/code_and_papers/2026/FAST2027/final/hilbert_thin_provisioning/results/raw/20260915T141040.945114Z/generated_inputs/multiplier_5_basis.qpy,0,7fae58e230914b8f180fe21f3e904218dcb759baf2c449a6041ba25ee895ffa1,semantic,21,1456,1302,13,13,8,0.38095238095238093,False,True,,13,9.0,144,8,256.0,0,False,True,31.507794640198696,23.234260786173177,8.27353385402552,309.44385314615056,8.27353385402552,309.44385314615056,309.44385314615056,8.275672145418387,309.90283561084186,309.90283561084186,1456,1456,1456,0,0.045137326000258327
multiplier_5_basis,generated,results/raw/20260915T141040.945114Z/generated_inputs/multiplier_5_basis.qpy,a0daa4bbe248b0494e085a28beecd8feb3ab57dcceaa01dd9c4c5b9c2dd06b38,arithmetic,False,"qiskit.circuit.library.HRSCumulativeMultiplier width=5 preparation=basis input_qubits=[0, 1, 2, 3, 4]",/home/audrey/code_and_papers/2026/FAST2027/final/hilbert_thin_provisioning/results/raw/20260915T141040.945114Z/generated_inputs/multiplier_5_basis.qpy,0,7fae58e230914b8f180fe21f3e904218dcb759baf2c449a6041ba25ee895ffa1,lowered,21,1456,1302,13,13,8,0.38095238095238093,False,True,,13,9.0,147,8,256.0,0,False,True,31.507794640198696,23.234857183253286,8.27293745694541,309.3159582934211,8.27293745694541,309.3159582934211,309.3159582934211,8.275672145418387,309.90283561084186,309.90283561084186,1456,1456,1456,0,0.11608302898821421
multiplier_5_superposed_input,generated,results/raw/20260915T141040.945114Z/generated_inputs/multiplier_5_superposed_input.qpy,d3f300cbe75442e9b8738cc3abbc9f21cababf526f1e75d3e465f63470df0c85,arithmetic,False,"qiskit.circuit.library.HRSCumulativeMultiplier width=5 preparation=superposed_input input_qubits=[0, 1, 2, 3, 4]",/home/audrey/code_and_papers/2026/FAST2027/final/hilbert_thin_provisioning/results/raw/20260915T141040.945114Z/generated_inputs/multiplier_5_superposed_input.qpy,0,3d2bd68543d17b209d9e33f3cd8dd13f80305e24c7e8d303295d46b639b62698,semantic,21,1461,1303,21,21,0,0.0,True,False,0.894592744695414,21,9.0,291,0,1.0,0,False,True,31.5127404628035,29.716507858474632,1.7962326043288677,3.4731208331845256,1.7962326043288677,3.4731208331845256,3.4731208331845256,1.8100273012840802,3.5064892407657364,3.5064892407657364,1461,1461,1461,0,0.050817645009374246
multiplier_5_superposed_input,generated,results/raw/20260915T141040.945114Z/generated_inputs/multiplier_5_superposed_input.qpy,d3f300cbe75442e9b8738cc3abbc9f21cababf526f1e75d3e465f63470df0c85,arithmetic,False,"qiskit.circuit.library.HRSCumulativeMultiplier width=5 preparation=superposed_input input_qubits=[0, 1, 2, 3, 4]",/home/audrey/code_and_papers/2026/FAST2027/final/hilbert_thin_provisioning/results/raw/20260915T141040.945114Z/generated_inputs/multiplier_5_superposed_input.qpy,0,3d2bd68543d17b209d9e33f3cd8dd13f80305e24c7e8d303295d46b639b62698,lowered,21,1461,1303,21,21,0,0.0,True,False,0.894592744695414,21,8.0,291,0,1.0,0,False,True,31.5127404628035,29.71661461105588,1.7961258517476182,3.4728638482456757,1.7961258517476182,3.4728638482456757,3.4728638482456757,1.8100273012840802,3.5064892407657364,3.5064892407657364,1461,1461,1461,0,0.09389607701450586
cdkm_7_basis,generated,results/raw/20260915T141040.945114Z/generated_inputs/cdkm_7_basis.qpy,98d0f1901ba5941e38a09536b821f39bb6faff7ff1eefcfc64d470bd03d400f1,arithmetic,False,"qiskit.circuit.library.CDKMRippleCarryAdder width=7 preparation=basis input_qubits=[1, 2, 3, 4, 5, 6, 7]",/home/audrey/code_and_papers/2026/FAST2027/final/hilbert_thin_provisioning/results/raw/20260915T141040.945114Z/generated_inputs/cdkm_7_basis.qpy,0,fea2f8255e900976775f594183526de017c6c37a719a01eb7dfd58bb3dfc82cb,semantic,16,44,38,0,0,16,1.0,False,True,,0,0,0,16,65536.0,0,False,True,21.459431618637296,5.459431618637297,16.0,65536.0,16.0,65536.0,65536.0,16.0,65536.0,65536.0,44,44,44,0,0.0038740329910069704
cdkm_7_basis,generated,results/raw/20260915T141040.945114Z/generated_inputs/cdkm_7_basis.qpy,98d0f1901ba5941e38a09536b821f39bb6faff7ff1eefcfc64d470bd03d400f1,arithmetic,False,"qiskit.circuit.library.CDKMRippleCarryAdder width=7 preparation=basis input_qubits=[1, 2, 3, 4, 5, 6, 7]",/home/audrey/code_and_papers/2026/FAST2027/final/hilbert_thin_provisioning/results/raw/20260915T141040.945114Z/generated_inputs/cdkm_7_basis.qpy,0,fea2f8255e900976775f594183526de017c6c37a719a01eb7dfd58bb3dfc82cb,lowered,16,44,38,0,0,16,1.0,False,True,,0,0,0,16,65536.0,0,False,True,21.459431618637296,5.459431618637297,16.0,65536.0,16.0,65536.0,65536.0,16.0,65536.0,65536.0,44,44,44,0,0.005092852981761098
cdkm_7_superposed_input,generated,results/raw/20260915T141040.945114Z/generated_inputs/cdkm_7_superposed_input.qpy,ac13878a3de3333a88d894f2e504ba8701939db12280a32831c6c94e931a389f,arithmetic,False,"qiskit.circuit.library.CDKMRippleCarryAdder width=7 preparation=superposed_input input_qubits=[1, 2, 3, 4, 5, 6, 7]",/home/audrey/code_and_papers/2026/FAST2027/final/hilbert_thin_provisioning/results/raw/20260915T141040.945114Z/generated_inputs/cdkm_7_superposed_input.qpy,0,79a443b67792658f8d3b07c2e423ba1ce78afefacfd1dc8ea1bbfab89b48ee25,semantic,16,51,39,16,16,0,0.0,True,False,0.5882352941176471,16,1.5,3,0,1.0,0,False,True,21.672425341971497,20.642502147402787,1.0299231945687097,2.041915542107069,1.0299231945687097,2.041915542107069,2.041915542107069,0.4088373111582726,1.327615438316547,1.327615438316547,51,51,51,0,0.0041280850127805024
cdkm_7_superposed_input,generated,results/raw/20260915T141040.945114Z/generated_inputs/cdkm_7_superposed_input.qpy,ac13878a3de3333a88d894f2e504ba8701939db12280a32831c6c94e931a389f,arithmetic,False,"qiskit.circuit.library.CDKMRippleCarryAdder width=7 preparation=superposed_input input_qubits=[1, 2, 3, 4, 5, 6, 7]",/home/audrey/code_and_papers/2026/FAST2027/final/hilbert_thin_provisioning/results/raw/20260915T141040.945114Z/generated_inputs/cdkm_7_superposed_input.qpy,0,79a443b67792658f8d3b07c2e423ba1ce78afefacfd1dc8ea1bbfab89b48ee25,lowered,16,51,39,16,16,0,0.0,True,False,0.5882352941176471,16,1.5,3,0,1.0,0,False,True,21.672425341971497,20.642502147402787,1.0299231945687097,2.041915542107069,1.0299231945687097,2.041915542107069,2.041915542107069,0.4088373111582726,1.327615438316547,1.327615438316547,51,51,51,0,0.006428355001844466
vbe_7_basis,generated,results/raw/20260915T141040.945114Z/generated_inputs/vbe_7_basis.qpy,e9210ce1d09104fb58c3feca0276e48f080a89f5ff1812ac4bc3f07d526ed398,arithmetic,False,"qiskit.circuit.library.VBERippleCarryAdder width=7 preparation=basis input_qubits=[1, 2, 3, 4, 5, 6, 7]",/home/audrey/code_and_papers/2026/FAST2027/final/hilbert_thin_provisioning/results/raw/20260915T141040.945114Z/generated_inputs/vbe_7_basis.qpy,0,576f98967b3a48839791c2df4dbce1819e1a15455753a5df3fdf7aec068d8a75,semantic,22,55,43,0,0,22,1.0,False,True,,0,0,0,22,4194304.0,0,False,True,27.781359713524658,5.78135971352466,22.0,4194304.0,22.0,4194304.0,4194304.0,22.0,4194304.0,4194304.0,55,55,55,0,0.004441750003024936
vbe_7_basis,generated,results/raw/20260915T141040.945114Z/generated_inputs/vbe_7_basis.qpy,e9210ce1d09104fb58c3feca0276e48f080a89f5ff1812ac4bc3f07d526ed398,arithmetic,False,"qiskit.circuit.library.VBERippleCarryAdder width=7 preparation=basis input_qubits=[1, 2, 3, 4, 5, 6, 7]",/home/audrey/code_and_papers/2026/FAST2027/final/hilbert_thin_provisioning/results/raw/20260915T141040.945114Z/generated_inputs/vbe_7_basis.qpy,0,576f98967b3a48839791c2df4dbce1819e1a15455753a5df3fdf7aec068d8a75,lowered,22,55,43,0,0,22,1.0,False,True,,0,0,0,22,4194304.0,0,False,True,27.781359713524658,5.78135971352466,22.0,4194304.0,22.0,4194304.0,4194304.0,22.0,4194304.0,4194304.0,55,55,55,0,0.0065925249946303666
vbe_7_superposed_input,generated,results/raw/20260915T141040.945114Z/generated_inputs/vbe_7_superposed_input.qpy,83d5b3f756d73e95f93979ff791db40a915266039475daf5d60f3fefdb747fad,arithmetic,False,"qiskit.circuit.library.VBERippleCarryAdder width=7 preparation=superposed_input input_qubits=[1, 2, 3, 4, 5, 6, 7]",/home/audrey/code_and_papers/2026/FAST2027/final/hilbert_thin_provisioning/results/raw/20260915T141040.945114Z/generated_inputs/vbe_7_superposed_input.qpy,0,e274bbbda733190c5164a617c97a9d5ed53a81185e9d4a62d2c8aaf6e70afac2,semantic,22,62,44,20,20,2,0.09090909090909091,False,True,,20,3.0,7,2,4.0,0,False,True,27.954196310386877,22.999933785159925,4.954262525226952,31.001422828172277,4.954262525226952,31.001422828172277,31.001422828172277,4.4495702051676425,21.850133741503797,21.850133741503797,62,62,62,0,0.004926330002490431
vbe_7_superposed_input,generated,results/raw/20260915T141040.945114Z/generated_inputs/vbe_7_superposed_input.qpy,83d5b3f756d73e95f93979ff791db40a915266039475daf5d60f3fefdb747fad,arithmetic,False,"qiskit.circuit.library.VBERippleCarryAdder width=7 preparation=superposed_input input_qubits=[1, 2, 3, 4, 5, 6, 7]",/home/audrey/code_and_papers/2026/FAST2027/final/hilbert_thin_provisioning/results/raw/20260915T141040.945114Z/generated_inputs/vbe_7_superposed_input.qpy,0,e274bbbda733190c5164a617c97a9d5ed53a81185e9d4a62d2c8aaf6e70afac2,lowered,22,62,44,20,20,2,0.09090909090909091,False,True,,20,3.0,8,2,4.0,0,False,True,27.954196310386877,23.002704985426618,4.951491324960259,30.941930911738467,4.951491324960259,30.941930911738467,30.941930911738467,4.4495702051676425,21.850133741503797,21.850133741503797,62,62,62,0,0.007937853981275111
comparator_7_basis,generated,results/raw/20260915T141040.945114Z/generated_inputs/comparator_7_basis.qpy,97c6b8c53d54280a2cf9a049f842cd1d3ceb5ef27a787013a2b497e0a007e86b,arithmetic,False,"qiskit.circuit.library.IntegerComparator width=7 preparation=basis input_qubits=[0, 1, 2, 3, 4, 5, 6]",/home/audrey/code_and_papers/2026/FAST2027/final/hilbert_thin_provisioning/results/raw/20260915T141040.945114Z/generated_inputs/comparator_7_basis.qpy,0,e936e4bb50876efff2ccbdb0abe173ca7cbf16cfd82e66828e0078b3931ee650,semantic,14,64,29,0,0,14,1.0,False,True,,0,0,0,14,16384.0,0,False,True,20.0,6.0,14.0,16384.0,14.0,16384.0,16384.0,14.0,16384.0,16384.0,64,64,64,0,0.004769421997480094
comparator_7_basis,generated,results/raw/20260915T141040.945114Z/generated_inputs/comparator_7_basis.qpy,97c6b8c53d54280a2cf9a049f842cd1d3ceb5ef27a787013a2b497e0a007e86b,arithmetic,False,"qiskit.circuit.library.IntegerComparator width=7 preparation=basis input_qubits=[0, 1, 2, 3, 4, 5, 6]",/home/audrey/code_and_papers/2026/FAST2027/final/hilbert_thin_provisioning/results/raw/20260915T141040.945114Z/generated_inputs/comparator_7_basis.qpy,0,e936e4bb50876efff2ccbdb0abe173ca7cbf16cfd82e66828e0078b3931ee650,lowered,14,64,29,0,0,14,1.0,False,True,,0,0,0,14,16384.0,0,False,True,20.0,6.0,14.0,16384.0,14.0,16384.0,16384.0,14.0,16384.0,16384.0,64,64,64,0,0.006516049994388595
comparator_7_superposed_input,generated,results/raw/20260915T141040.945114Z/generated_inputs/comparator_7_superposed_input.qpy,cf8f784e0db45fa7402d2807122c56d36e701ef3d9f04da092d262b9d87c7f7f,arithmetic,False,"qiskit.circuit.library.IntegerComparator width=7 preparation=superposed_input input_qubits=[0, 1, 2, 3, 4, 5, 6]",/home/audrey/code_and_papers/2026/FAST2027/final/hilbert_thin_provisioning/results/raw/20260915T141040.945114Z/generated_inputs/comparator_7_superposed_input.qpy,0,0f823d496ad7c835f4873c27edbf20a8da5cf1e8e8916af567a6271e5a6264f2,semantic,14,71,30,14,14,0,0.0,True,False,0.5633802816901409,14,1.5,6,0,1.0,0,False,True,20.14974711950468,19.185492504488998,0.9642546150156832,1.9510552259808827,0.9642546150156832,1.9510552259808827,1.9510552259808827,0.6989611500968529,1.6233354470513643,1.6233354470513643,71,71,71,0,0.004742230987176299
comparator_7_superposed_input,generated,results/raw/20260915T141040.945114Z/generated_inputs/comparator_7_superposed_input.qpy,cf8f784e0db45fa7402d2807122c56d36e701ef3d9f04da092d262b9d87c7f7f,arithmetic,False,"qiskit.circuit.library.IntegerComparator width=7 preparation=superposed_input input_qubits=[0, 1, 2, 3, 4, 5, 6]",/home/audrey/code_and_papers/2026/FAST2027/final/hilbert_thin_provisioning/results/raw/20260915T141040.945114Z/generated_inputs/comparator_7_superposed_input.qpy,0,0f823d496ad7c835f4873c27edbf20a8da5cf1e8e8916af567a6271e5a6264f2,lowered,14,71,30,14,14,0,0.0,True,False,0.676056338028169,14,2.0,7,0,1.0,0,False,True,20.14974711950468,18.850562287099173,1.2991848324055084,2.460897949858154,1.2991848324055084,2.460897949858154,2.460897949858154,0.6989611500968529,1.6233354470513643,1.6233354470513643,71,71,71,0,0.0070305109838955104
draper_7_basis,generated,results/raw/20260915T141040.945114Z/generated_inputs/draper_7_basis.qpy,73709112b98ddb9e52016b48006175b0b392acd16a5880b9182436387e6ae69d,arithmetic,False,"qiskit.circuit.library.DraperQFTAdder width=7 preparation=basis input_qubits=[0, 1, 2, 3, 4, 5, 6]",/home/audrey/code_and_papers/2026/FAST2027/final/hilbert_thin_provisioning/results/raw/20260915T141040.945114Z/generated_inputs/draper_7_basis.qpy,0,1a42d704eaf1e10a4b360edbd51f0a371ef70669892ef2515efc19145367fc50,semantic,14,85,33,7,7,7,0.5,False,True,,7,4.0,7,7,128.0,0,False,True,20.4093909361377,12.903693590364233,7.505697345773468,181.7356126843269,7.505697345773468,181.7356126843269,181.7356126843269,7.522793679634729,183.90204081632683,183.90204081632683,85,85,85,0,0.007104633026756346
draper_7_basis,generated,results/raw/20260915T141040.945114Z/generated_inputs/draper_7_basis.qpy,73709112b98ddb9e52016b48006175b0b392acd16a5880b9182436387e6ae69d,arithmetic,False,"qiskit.circuit.library.DraperQFTAdder width=7 preparation=basis input_qubits=[0, 1, 2, 3, 4, 5, 6]",/home/audrey/code_and_papers/2026/FAST2027/final/hilbert_thin_provisioning/results/raw/20260915T141040.945114Z/generated_inputs/draper_7_basis.qpy,0,1a42d704eaf1e10a4b360edbd51f0a371ef70669892ef2515efc19145367fc50,lowered,14,85,33,7,7,7,0.5,False,True,,7,4.0,7,7,128.0,0,False,True,20.4093909361377,12.977458818043006,7.431932118094695,172.67699938003696,7.431932118094695,172.67699938003696,172.67699938003696,7.522793679634729,183.90204081632683,183.90204081632683,85,85,85,0,0.009612804016796872
draper_7_superposed_input,generated,results/raw/20260915T141040.945114Z/generated_inputs/draper_7_superposed_input.qpy,e51a190ed7727c20a49eaaaadef6ce616c0df3cf5ecb2649cba4dd75043492e0,arithmetic,False,"qiskit.circuit.library.DraperQFTAdder width=7 preparation=superposed_input input_qubits=[0, 1, 2, 3, 4, 5, 6]",/home/audrey/code_and_papers/2026/FAST2027/final/hilbert_thin_provisioning/results/raw/20260915T141040.945114Z/generated_inputs/draper_7_superposed_input.qpy,0,b1f68c71f1681baadbd22b4029b7aaa2f8d113143b23aacc7daed8b931066173,semantic,14,92,33,14,14,0,0.0,True,False,0.391304347826087,14,1.5,7,0,1.0,0,False,True,20.523561956057012,19.90388037508629,0.6196815809707239,1.5365360130724972,0.6196815809707239,1.5365360130724972,1.5365360130724972,0.523284475707122,1.4372235454236146,1.4372235454236146,92,92,92,0,0.00605450599687174
draper_7_superposed_input,generated,results/raw/20260915T141040.945114Z/generated_inputs/draper_7_superposed_input.qpy,e51a190ed7727c20a49eaaaadef6ce616c0df3cf5ecb2649cba4dd75043492e0,arithmetic,False,"qiskit.circuit.library.DraperQFTAdder width=7 preparation=superposed_input input_qubits=[0, 1, 2, 3, 4, 5, 6]",/home/audrey/code_and_papers/2026/FAST2027/final/hilbert_thin_provisioning/results/raw/20260915T141040.945114Z/generated_inputs/draper_7_superposed_input.qpy,0,b1f68c71f1681baadbd22b4029b7aaa2f8d113143b23aacc7daed8b931066173,lowered,14,92,33,14,14,0,0.0,True,False,0.391304347826087,14,1.5,7,0,1.0,0,False,True,20.523561956057012,19.977636293051493,0.5459256630055194,1.4599567822851904,0.5459256630055194,1.4599567822851904,1.4599567822851904,0.523284475707122,1.4372235454236146,1.4372235454236146,92,92,92,0,0.008352560980711132
modular_adder_7_basis,generated,results/raw/20260915T141040.945114Z/generated_inputs/modular_adder_7_basis.qpy,aadc184947766e2ec1dda819183d077a2cf5dc6834735e2e2fe69a5a5adb22ba,arithmetic,False,"qiskit.circuit.library.ModularAdderGate width=7 preparation=basis input_qubits=[0, 1, 2, 3, 4, 5, 6]",/home/audrey/code_and_papers/2026/FAST2027/final/hilbert_thin_provisioning/results/raw/20260915T141040.945114Z/generated_inputs/modular_adder_7_basis.qpy,0,b79ccca1881c72167c12f704a451529b6e431cf4804f700db24fb1237653a991,semantic,14,76,71,0,0,14,1.0,False,True,,0,0,0,14,16384.0,0,False,True,20.247927513443585,6.247927513443586,14.0,16384.0,14.0,16384.0,16384.0,14.0,16384.0,16384.0,76,76,172,0,0.008308549004141241
modular_adder_7_basis,generated,results/raw/20260915T141040.945114Z/generated_inputs/modular_adder_7_basis.qpy,aadc184947766e2ec1dda819183d077a2cf5dc6834735e2e2fe69a5a5adb22ba,arithmetic,False,"qiskit.circuit.library.ModularAdderGate width=7 preparation=basis input_qubits=[0, 1, 2, 3, 4, 5, 6]",/home/audrey/code_and_papers/2026/FAST2027/final/hilbert_thin_provisioning/results/raw/20260915T141040.945114Z/generated_inputs/modular_adder_7_basis.qpy,0,b79ccca1881c72167c12f704a451529b6e431cf4804f700db24fb1237653a991,lowered,14,172,167,14,14,0,0.0,True,False,0.9244186046511628,14,9.5,72,0,1.0,0,False,True,21.426264754702096,19.745920467570915,1.680344287131181,3.205044276170479,1.680344287131181,3.205044276170479,3.205044276170479,1.7066075144997157,3.2639241125428518,3.2639241125428518,76,76,172,0,0.010448176006320864
modular_adder_7_superposed_input,generated,results/raw/20260915T141040.945114Z/generated_inputs/modular_adder_7_superposed_input.qpy,cfee1af1075896a495e108bac06c3d2aa8162bacc0fef7d964430b9bc53d66d2,arithmetic,False,"qiskit.circuit.library.ModularAdderGate width=7 preparation=superposed_input input_qubits=[0, 1, 2, 3, 4, 5, 6]",/home/audrey/code_and_papers/2026/FAST2027/final/hilbert_thin_provisioning/results/raw/20260915T141040.945114Z/generated_inputs/modular_adder_7_superposed_input.qpy,0,c61587e4504bff3984f8fa6309e4ba45b528e6c4d3671c335a2877bdc2c13f93,semantic,14,83,72,14,14,0,0.0,True,False,0.25301204819277107,14,1.0,7,0,1.0,0,False,True,20.375039431346924,20.00105489977989,0.37398453156703226,1.29592707055748,0.37398453156703226,1.29592707055748,1.29592707055748,0.2862316429272411,1.219450876612635,1.219450876612635,83,83,179,0,0.009086940990528092
modular_adder_7_superposed_input,generated,results/raw/20260915T141040.945114Z/generated_inputs/modular_adder_7_superposed_input.qpy,cfee1af1075896a495e108bac06c3d2aa8162bacc0fef7d964430b9bc53d66d2,arithmetic,False,"qiskit.circuit.library.ModularAdderGate width=7 preparation=superposed_input input_qubits=[0, 1, 2, 3, 4, 5, 6]",/home/audrey/code_and_papers/2026/FAST2027/final/hilbert_thin_provisioning/results/raw/20260915T141040.945114Z/generated_inputs/modular_adder_7_superposed_input.qpy,0,c61587e4504bff3984f8fa6309e4ba45b528e6c4d3671c335a2877bdc2c13f93,lowered,14,179,168,14,14,0,0.0,True,False,0.11731843575418995,14,1.0,7,0,1.0,0,False,True,21.483815777264255,21.322350147365057,0.16146562989919744,1.1184227637253643,0.16146562989919744,1.1184227637253643,1.1184227637253643,0.11579313226806676,1.0835705827517574,1.0835705827517574,83,83,179,0,0.012558911985252053
multiplier_7_basis,generated,results/raw/20260915T141040.945114Z/generated_inputs/multiplier_7_basis.qpy,aaba11db80d2918ed2d9900b2c02a37cccda955cbe2462c3c14f371eea6f1fba,arithmetic,False,"qiskit.circuit.library.HRSCumulativeMultiplier width=7 preparation=basis input_qubits=[0, 1, 2, 3, 4, 5, 6]",/home/audrey/code_and_papers/2026/FAST2027/final/hilbert_thin_provisioning/results/raw/20260915T141040.945114Z/generated_inputs/multiplier_7_basis.qpy,0,919637f487b4de573b4665da82853b532b787f55a06a135d824d11d990ede83f,semantic,29,2850,2550,17,17,12,0.41379310344827586,False,True,,17,11.0,202,12,4096.0,0,False,True,40.47674620393947,28.286003953257364,12.190742250682106,4674.972783493889,12.190742250682106,4674.972783493889,4674.972783493889,12.191810320190243,4678.435084604536,4678.435084604536,2850,2850,2850,0,0.13526831500348635
multiplier_7_basis,generated,results/raw/20260915T141040.945114Z/generated_inputs/multiplier_7_basis.qpy,aaba11db80d2918ed2d9900b2c02a37cccda955cbe2462c3c14f371eea6f1fba,arithmetic,False,"qiskit.circuit.library.HRSCumulativeMultiplier width=7 preparation=basis input_qubits=[0, 1, 2, 3, 4, 5, 6]",/home/audrey/code_and_papers/2026/FAST2027/final/hilbert_thin_provisioning/results/raw/20260915T141040.945114Z/generated_inputs/multiplier_7_basis.qpy,0,919637f487b4de573b4665da82853b532b787f55a06a135d824d11d990ede83f,lowered,29,2850,2550,17,17,12,0.41379310344827586,False,True,,17,11.0,205,12,4096.0,0,False,True,40.47674620393947,28.286292734721282,12.190453469218188,4674.037096923295,12.190453469218188,4674.037096923295,4674.037096923295,12.191810320190243,4678.435084604536,4678.435084604536,2850,2850,2850,0,0.20670210701064207
multiplier_7_superposed_input,generated,results/raw/20260915T141040.945114Z/generated_inputs/multiplier_7_superposed_input.qpy,946950af0369028a277dd129ee3a691ac00e496308f7e1b01facd0c72f0cf13e,arithmetic,False,"qiskit.circuit.library.HRSCumulativeMultiplier width=7 preparation=superposed_input input_qubits=[0, 1, 2, 3, 4, 5, 6]",/home/audrey/code_and_papers/2026/FAST2027/final/hilbert_thin_provisioning/results/raw/20260915T141040.945114Z/generated_inputs/multiplier_7_superposed_input.qpy,0,30d8f2f5f75fdbb6f259ae0728a62f035c2aa4e360a61954f59a6059a2f774dc,semantic,29,2857,2551,29,29,0,0.0,True,False,0.9257962898144907,29,10.0,407,0,1.0,0,False,True,40.480285320936375,38.25543589276434,2.2248494281720355,4.6746210858832145,2.2248494281720355,4.6746210858832145,4.6746210858832145,2.234259756861519,4.705212097098686,4.705212097098686,2857,2857,2857,0,0.09501990000717342
multiplier_7_superposed_input,generated,results/raw/20260915T141040.945114Z/generated_inputs/multiplier_7_superposed_input.qpy,946950af0369028a277dd129ee3a691ac00e496308f7e1b01facd0c72f0cf13e,arithmetic,False,"qiskit.circuit.library.HRSCumulativeMultiplier width=7 preparation=superposed_input input_qubits=[0, 1, 2, 3, 4, 5, 6]",/home/audrey/code_and_papers/2026/FAST2027/final/hilbert_thin_provisioning/results/raw/20260915T141040.945114Z/generated_inputs/multiplier_7_superposed_input.qpy,0,30d8f2f5f75fdbb6f259ae0728a62f035c2aa4e360a61954f59a6059a2f774dc,lowered,29,2857,2551,29,29,0,0.0,True,False,0.9257962898144907,29,10.0,407,0,1.0,0,False,True,40.480285320936375,38.255454329835246,2.224830991101129,4.674561346459935,2.224830991101129,4.674561346459935,4.674561346459935,2.234259756861519,4.705212097098686,4.705212097098686,2857,2857,2857,0,0.17609114799415693
cdkm_9_basis,generated,results/raw/20260915T141040.945114Z/generated_inputs/cdkm_9_basis.qpy,482af2b1b0c3a2c44d4595e90f285c048429a737b5f03556f0e5dfbf884685af,arithmetic,False,"qiskit.circuit.library.CDKMRippleCarryAdder width=9 preparation=basis input_qubits=[1, 2, 3, 4, 5, 6, 7, 8, 9]",/home/audrey/code_and_papers/2026/FAST2027/final/hilbert_thin_provisioning/results/raw/20260915T141040.945114Z/generated_inputs/cdkm_9_basis.qpy,0,ca0699adc6893008804c8ee080f2534e4c55fb510dd784cdb4a48a37dc760629,semantic,20,56,48,0,0,20,1.0,False,True,,0,0,0,20,1048576.0,0,False,True,25.807354922057606,5.807354922057605,20.0,1048576.0,20.0,1048576.0,1048576.0,19.999999999999996,1048575.9999999974,1048575.9999999974,56,56,56,0,0.004629742004908621
cdkm_9_basis,generated,results/raw/20260915T141040.945114Z/generated_inputs/cdkm_9_basis.qpy,482af2b1b0c3a2c44d4595e90f285c048429a737b5f03556f0e5dfbf884685af,arithmetic,False,"qiskit.circuit.library.CDKMRippleCarryAdder width=9 preparation=basis input_qubits=[1, 2, 3, 4, 5, 6, 7, 8, 9]",/home/audrey/code_and_papers/2026/FAST2027/final/hilbert_thin_provisioning/results/raw/20260915T141040.945114Z/generated_inputs/cdkm_9_basis.qpy,0,ca0699adc6893008804c8ee080f2534e4c55fb510dd784cdb4a48a37dc760629,lowered,20,56,48,0,0,20,1.0,False,True,,0,0,0,20,1048576.0,0,False,True,25.807354922057606,5.807354922057605,20.0,1048576.0,20.0,1048576.0,1048576.0,19.999999999999996,1048575.9999999974,1048575.9999999974,56,56,56,0,0.006608727009734139
cdkm_9_superposed_input,generated,results/raw/20260915T141040.945114Z/generated_inputs/cdkm_9_superposed_input.qpy,60235f9d4abb2b3ab1d08970be72eb3642a724d5c1fb44bc00e83904f8484c1e,arithmetic,False,"qiskit.circuit.library.CDKMRippleCarryAdder width=9 preparation=superposed_input input_qubits=[1, 2, 3, 4, 5, 6, 7, 8, 9]",/home/audrey/code_and_papers/2026/FAST2027/final/hilbert_thin_provisioning/results/raw/20260915T141040.945114Z/generated_inputs/cdkm_9_superposed_input.qpy,0,775c80d454a6ef5f5d8158a2a151dccf834938daf420beab755fd7696ace9612,semantic,20,65,49,20,20,0,0.0,True,False,0.5846153846153846,20,1.5,3,0,1.0,0,False,True,26.022367813028453,24.95392355340738,1.0684442596210708,2.097170648686685,1.0684442596210708,2.097170648686685,2.097170648686685,0.39069874598884624,1.3110282254113617,1.3110282254113617,65,65,65,0,0.005594965012278408
cdkm_9_superposed_input,generated,results/raw/20260915T141040.945114Z/generated_inputs/cdkm_9_superposed_input.qpy,60235f9d4abb2b3ab1d08970be72eb3642a724d5c1fb44bc00e83904f8484c1e,arithmetic,False,"qiskit.circuit.library.CDKMRippleCarryAdder width=9 preparation=superposed_input input_qubits=[1, 2, 3, 4, 5, 6, 7, 8, 9]",/home/audrey/code_and_papers/2026/FAST2027/final/hilbert_thin_provisioning/results/raw/20260915T141040.945114Z/generated_inputs/cdkm_9_superposed_input.qpy,0,775c80d454a6ef5f5d8158a2a151dccf834938daf420beab755fd7696ace9612,lowered,20,65,49,20,20,0,0.0,True,False,0.5846153846153846,20,1.5,3,0,1.0,0,False,True,26.022367813028453,24.95392355340738,1.0684442596210708,2.097170648686685,1.0684442596210708,2.097170648686685,2.097170648686685,0.39069874598884624,1.3110282254113617,1.3110282254113617,65,65,65,0,0.008877476007910445
vbe_9_basis,generated,results/raw/20260915T141040.945114Z/generated_inputs/vbe_9_basis.qpy,072acef1e4af6e13dbe219b7586b6b2329da9e92a54478a62da283ab18504373,arithmetic,False,"qiskit.circuit.library.VBERippleCarryAdder width=9 preparation=basis input_qubits=[1, 2, 3, 4, 5, 6, 7, 8, 9]",/home/audrey/code_and_papers/2026/FAST2027/final/hilbert_thin_provisioning/results/raw/20260915T141040.945114Z/generated_inputs/vbe_9_basis.qpy,0,adbde9522a77882e839c4d3b59070c9ade6381b3b5c7349932c89d8f5a115485,semantic,28,71,55,0,0,28,1.0,False,True,,0,0,0,28,268435456.0,0,False,True,34.14974711950468,6.149747119504682,28.0,268435456.0,28.0,268435456.0,268435456.0,28.0,268435456.0,268435456.0,71,71,71,0,0.005296897026710212
vbe_9_basis,generated,results/raw/20260915T141040.945114Z/generated_inputs/vbe_9_basis.qpy,072acef1e4af6e13dbe219b7586b6b2329da9e92a54478a62da283ab18504373,arithmetic,False,"qiskit.circuit.library.VBERippleCarryAdder width=9 preparation=basis input_qubits=[1, 2, 3, 4, 5, 6, 7, 8, 9]",/home/audrey/code_and_papers/2026/FAST2027/final/hilbert_thin_provisioning/results/raw/20260915T141040.945114Z/generated_inputs/vbe_9_basis.qpy,0,adbde9522a77882e839c4d3b59070c9ade6381b3b5c7349932c89d8f5a115485,lowered,28,71,55,0,0,28,1.0,False,True,,0,0,0,28,268435456.0,0,False,True,34.14974711950468,6.149747119504682,28.0,268435456.0,28.0,268435456.0,268435456.0,28.0,268435456.0,268435456.0,71,71,71,0,0.00821726702270098
vbe_9_superposed_input,generated,results/raw/20260915T141040.945114Z/generated_inputs/vbe_9_superposed_input.qpy,96f033fd420d9a4424f9869cf1de7cb7c3b988711f3910ad20fd49b370d25754,arithmetic,False,"qiskit.circuit.library.VBERippleCarryAdder width=9 preparation=superposed_input input_qubits=[1, 2, 3, 4, 5, 6, 7, 8, 9]",/home/audrey/code_and_papers/2026/FAST2027/final/hilbert_thin_provisioning/results/raw/20260915T141040.945114Z/generated_inputs/vbe_9_superposed_input.qpy,0,af6612335453867fb9ed646fb29d3b437039c19f703f308a13a8b856be586788,semantic,28,80,56,26,26,2,0.07142857142857142,False,True,,26,3.0,7,2,4.0,0,False,True,34.32192809488736,28.99999586972324,5.321932225164122,40.00011451575157,5.321932225164122,40.00011451575157,40.00011451575157,4.803483631815769,27.924966247175735,27.924966247175735,80,80,80,0,0.006590990989934653
vbe_9_superposed_input,generated,results/raw/20260915T141040.945114Z/generated_inputs/vbe_9_superposed_input.qpy,96f033fd420d9a4424f9869cf1de7cb7c3b988711f3910ad20fd49b370d25754,arithmetic,False,"qiskit.circuit.library.VBERippleCarryAdder width=9 preparation=superposed_input input_qubits=[1, 2, 3, 4, 5, 6, 7, 8, 9]",/home/audrey/code_and_papers/2026/FAST2027/final/hilbert_thin_provisioning/results/raw/20260915T141040.945114Z/generated_inputs/vbe_9_superposed_input.qpy,0,af6612335453867fb9ed646fb29d3b437039c19f703f308a13a8b856be586788,lowered,28,80,56,26,26,2,0.07142857142857142,False,True,,26,3.0,8,2,4.0,0,False,True,34.32192809488736,29.000697390360294,5.321230704527068,39.98066890616586,5.321230704527068,39.98066890616586,39.98066890616586,4.803483631815769,27.924966247175735,27.924966247175735,80,80,80,0,0.010830724990228191
comparator_9_basis,generated,results/raw/20260915T141040.945114Z/generated_inputs/comparator_9_basis.qpy,5145429670e63b295fb969ed0e11e2c83dbb9f84e38e132a07a28e2d09c325c5,arithmetic,False,"qiskit.circuit.library.IntegerComparator width=9 preparation=basis input_qubits=[0, 1, 2, 3, 4, 5, 6, 7, 8]",/home/audrey/code_and_papers/2026/FAST2027/final/hilbert_thin_provisioning/results/raw/20260915T141040.945114Z/generated_inputs/comparator_9_basis.qpy,0,b0d8e8c8b7878e8cc5145084063dd54c23954fd3a193b552f5c1c96534978bbd,semantic,18,88,39,0,0,18,1.0,False,True,,0,0,0,18,262144.0,0,False,True,24.459431618637296,6.459431618637298,18.0,262144.0,18.0,262144.0,262144.0,18.0,262144.0,262144.0,88,88,88,0,0.005960609996691346
comparator_9_basis,generated,results/raw/20260915T141040.945114Z/generated_inputs/comparator_9_basis.qpy,5145429670e63b295fb969ed0e11e2c83dbb9f84e38e132a07a28e2d09c325c5,arithmetic,False,"qiskit.circuit.library.IntegerComparator width=9 preparation=basis input_qubits=[0, 1, 2, 3, 4, 5, 6, 7, 8]",/home/audrey/code_and_papers/2026/FAST2027/final/hilbert_thin_provisioning/results/raw/20260915T141040.945114Z/generated_inputs/comparator_9_basis.qpy,0,b0d8e8c8b7878e8cc5145084063dd54c23954fd3a193b552f5c1c96534978bbd,lowered,18,88,39,0,0,18,1.0,False,True,,0,0,0,18,262144.0,0,False,True,24.459431618637296,6.459431618637298,18.0,262144.0,18.0,262144.0,262144.0,18.0,262144.0,262144.0,88,88,88,0,0.008443427010206506
comparator_9_superposed_input,generated,results/raw/20260915T141040.945114Z/generated_inputs/comparator_9_superposed_input.qpy,6ac6a651757881505bc17d07be5619adf28013ae16f76547538ecdd57d6325b7,arithmetic,False,"qiskit.circuit.library.IntegerComparator width=9 preparation=superposed_input input_qubits=[0, 1, 2, 3, 4, 5, 6, 7, 8]",/home/audrey/code_and_papers/2026/FAST2027/final/hilbert_thin_provisioning/results/raw/20260915T141040.945114Z/generated_inputs/comparator_9_superposed_input.qpy,0,b513c7896c02353491cf762149eb67395e0433de5d5397fe78b4e5c2687e6fa9,semantic,18,97,40,18,18,0,0.0,True,False,0.5567010309278351,18,1.5,6,0,1.0,0,False,True,24.599912842187127,23.599099124174383,1.0008137180127434,2.001128370878146,1.0008137180127434,2.001128370878146,2.001128370878146,0.7075058063412385,1.6329785113423407,1.6329785113423407,97,97,97,0,0.00792907300638035
comparator_9_superposed_input,generated,results/raw/20260915T141040.945114Z/generated_inputs/comparator_9_superposed_input.qpy,6ac6a651757881505bc17d07be5619adf28013ae16f76547538ecdd57d6325b7,arithmetic,False,"qiskit.circuit.library.IntegerComparator width=9 preparation=superposed_input input_qubits=[0, 1, 2, 3, 4, 5, 6, 7, 8]",/home/audrey/code_and_papers/2026/FAST2027/final/hilbert_thin_provisioning/results/raw/20260915T141040.945114Z/generated_inputs/comparator_9_superposed_input.qpy,0,b513c7896c02353491cf762149eb67395e0433de5d5397fe78b4e5c2687e6fa9,lowered,18,97,40,18,18,0,0.0,True,False,0.6804123711340206,18,2.0,7,0,1.0,0,False,True,24.599912842187127,23.20800493530485,1.3919079068822775,2.6242549869215335,1.3919079068822775,2.6242549869215335,2.6242549869215335,0.7075058063412385,1.6329785113423407,1.6329785113423407,97,97,97,0,0.012031323014525697
draper_9_basis,generated,results/raw/20260915T141040.945114Z/generated_inputs/draper_9_basis.qpy,bb06706df41adbb3109a781b8075efe09cc3696f2c13b1336222000f8b1ac481,arithmetic,False,"qiskit.circuit.library.DraperQFTAdder width=9 preparation=basis input_qubits=[0, 1, 2, 3, 4, 5, 6, 7, 8]",/home/audrey/code_and_papers/2026/FAST2027/final/hilbert_thin_provisioning/results/raw/20260915T141040.945114Z/generated_inputs/draper_9_basis.qpy,0,92c2071840114f9c656b30252accf4656c0340d74ecaf7fccc5c43e83c5ea243,semantic,18,136,43,9,9,9,0.5,False,True,,9,5.0,9,9,512.0,0,False,True,25.08746284125034,15.553959213888069,9.53350362736227,741.0893217203317,9.53350362736227,741.0893217203317,741.0893217203317,9.568672469004568,759.376987334948,759.376987334948,136,136,136,0,0.010228853003354743
draper_9_basis,generated,results/raw/20260915T141040.945114Z/generated_inputs/draper_9_basis.qpy,bb06706df41adbb3109a781b8075efe09cc3696f2c13b1336222000f8b1ac481,arithmetic,False,"qiskit.circuit.library.DraperQFTAdder width=9 preparation=basis input_qubits=[0, 1, 2, 3, 4, 5, 6, 7, 8]",/home/audrey/code_and_papers/2026/FAST2027/final/hilbert_thin_provisioning/results/raw/20260915T141040.945114Z/generated_inputs/draper_9_basis.qpy,0,92c2071840114f9c656b30252accf4656c0340d74ecaf7fccc5c43e83c5ea243,lowered,18,136,43,9,9,9,0.5,False,True,,9,5.0,9,9,512.0,0,False,True,25.08746284125034,15.629385082058974,9.458077759191365,703.3396594921967,9.458077759191365,703.3396594921967,703.3396594921967,9.568672469004568,759.376987334948,759.376987334948,136,136,136,0,0.014627944998210296
draper_9_superposed_input,generated,results/raw/20260915T141040.945114Z/generated_inputs/draper_9_superposed_input.qpy,9d7767bbaf0ce15adb95828f460a39e5dc49259d975d0fdcbea5942818bfd7c4,arithmetic,False,"qiskit.circuit.library.DraperQFTAdder width=9 preparation=superposed_input input_qubits=[0, 1, 2, 3, 4, 5, 6, 7, 8]",/home/audrey/code_and_papers/2026/FAST2027/final/hilbert_thin_provisioning/results/raw/20260915T141040.945114Z/generated_inputs/draper_9_superposed_input.qpy,0,35e2a709b8e166c45fb7a65e649059a3419ea84b4edd1d87f0adfd3d7dd3c16a,semantic,18,145,43,18,18,0,0.0,True,False,0.3793103448275862,18,1.5,9,0,1.0,0,False,True,25.179909090014934,24.553989144300296,0.6259199457146387,1.543194541740502,0.6259199457146387,1.543194541740502,1.543194541740502,0.568769662728517,1.4832581014619646,1.4832581014619646,145,145,145,0,0.01094946899684146
draper_9_superposed_input,generated,results/raw/20260915T141040.945114Z/generated_inputs/draper_9_superposed_input.qpy,9d7767bbaf0ce15adb95828f460a39e5dc49259d975d0fdcbea5942818bfd7c4,arithmetic,False,"qiskit.circuit.library.DraperQFTAdder width=9 preparation=superposed_input input_qubits=[0, 1, 2, 3, 4, 5, 6, 7, 8]",/home/audrey/code_and_papers/2026/FAST2027/final/hilbert_thin_provisioning/results/raw/20260915T141040.945114Z/generated_inputs/draper_9_superposed_input.qpy,0,35e2a709b8e166c45fb7a65e649059a3419ea84b4edd1d87f0adfd3d7dd3c16a,lowered,18,145,43,18,18,0,0.0,True,False,0.3793103448275862,18,1.5,9,0,1.0,0,False,True,25.179909090014934,24.629413487888684,0.5504956021262508,1.4645887326992433,0.5504956021262508,1.4645887326992433,1.4645887326992433,0.568769662728517,1.4832581014619646,1.4832581014619646,145,145,145,0,0.016090581979369745
modular_adder_9_basis,generated,results/raw/20260915T141040.945114Z/generated_inputs/modular_adder_9_basis.qpy,ebd5a76de6944f28b7fd2b93cd99433b6cf9bae0bc19eeab9a74c20cec697016,arithmetic,False,"qiskit.circuit.library.ModularAdderGate width=9 preparation=basis input_qubits=[0, 1, 2, 3, 4, 5, 6, 7, 8]",/home/audrey/code_and_papers/2026/FAST2027/final/hilbert_thin_provisioning/results/raw/20260915T141040.945114Z/generated_inputs/modular_adder_9_basis.qpy,0,fb77751046fa810c04accb812512966cf1be765110ae602e9fdfc056fc25d2e6,semantic,18,100,93,0,0,18,1.0,False,True,,0,0,0,18,262144.0,0,False,True,24.643856189774723,6.643856189774725,18.0,262144.0,18.0,262144.0,262144.0,18.0,262144.0,262144.0,100,100,228,0,0.012506291008321568
modular_adder_9_basis,generated,results/raw/20260915T141040.945114Z/generated_inputs/modular_adder_9_basis.qpy,ebd5a76de6944f28b7fd2b93cd99433b6cf9bae0bc19eeab9a74c20cec697016,arithmetic,False,"qiskit.circuit.library.ModularAdderGate width=9 preparation=basis input_qubits=[0, 1, 2, 3, 4, 5, 6, 7, 8]",/home/audrey/code_and_papers/2026/FAST2027/final/hilbert_thin_provisioning/results/raw/20260915T141040.945114Z/generated_inputs/modular_adder_9_basis.qpy,0,fb77751046fa810c04accb812512966cf1be765110ae602e9fdfc056fc25d2e6,lowered,18,228,221,18,18,0,0.0,True,False,0.9254385964912281,18,9.5,96,0,1.0,0,False,True,25.83289001416474,24.122395314745532,1.7104946994192076,3.2727302594438132,1.7104946994192076,3.2727302594438132,3.2727302594438132,1.7398712492284432,3.340053587227538,3.340053587227538,100,100,228,0,0.015536174993030727
modular_adder_9_superposed_input,generated,results/raw/20260915T141040.945114Z/generated_inputs/modular_adder_9_superposed_input.qpy,7fd41b3b98115149fa4ca12cbdd70af67a8e201e4334a1e3f56a5272e792472c,arithmetic,False,"qiskit.circuit.library.ModularAdderGate width=9 preparation=superposed_input input_qubits=[0, 1, 2, 3, 4, 5, 6, 7, 8]",/home/audrey/code_and_papers/2026/FAST2027/final/hilbert_thin_provisioning/results/raw/20260915T141040.945114Z/generated_inputs/modular_adder_9_superposed_input.qpy,0,4f414b963202b10690cdabfa4d03498a2be179aac45e20a8c88df34dced067ee,semantic,18,109,94,18,18,0,0.0,True,False,0.24770642201834864,18,1.0,9,0,1.0,0,False,True,24.768184324776925,24.392585690770453,0.3755986340064723,1.297377778825108,0.3755986340064723,1.297377778825108,1.297377778825108,0.2875278795774605,1.2205470245869408,1.2205470245869408,109,109,237,0,0.00953888799995184
modular_adder_9_superposed_input,generated,results/raw/20260915T141040.945114Z/generated_inputs/modular_adder_9_superposed_input.qpy,7fd41b3b98115149fa4ca12cbdd70af67a8e201e4334a1e3f56a5272e792472c,arithmetic,False,"qiskit.circuit.library.ModularAdderGate width=9 preparation=superposed_input input_qubits=[0, 1, 2, 3, 4, 5, 6, 7, 8]",/home/audrey/code_and_papers/2026/FAST2027/final/hilbert_thin_provisioning/results/raw/20260915T141040.945114Z/generated_inputs/modular_adder_9_superposed_input.qpy,0,4f414b963202b10690cdabfa4d03498a2be179aac45e20a8c88df34dced067ee,lowered,18,237,222,18,18,0,0.0,True,False,0.11392405063291139,18,1.0,9,0,1.0,0,False,True,25.88874324889826,25.72802675539484,0.16071649350341843,1.1178421602852548,0.16071649350341843,1.1178421602852548,1.1178421602852548,0.11483268160989013,1.082849453402245,1.082849453402245,109,109,237,0,0.014182539016474038
multiplier_9_basis,generated,results/raw/20260915T141040.945114Z/generated_inputs/multiplier_9_basis.qpy,29afea5d753d1cc5080cbf5cee140ef8090fa47e88f4afd940212cd8864c0c62,arithmetic,False,"qiskit.circuit.library.HRSCumulativeMultiplier width=9 preparation=basis input_qubits=[0, 1, 2, 3, 4, 5, 6, 7, 8]",/home/audrey/code_and_papers/2026/FAST2027/final/hilbert_thin_provisioning/results/raw/20260915T141040.945114Z/generated_inputs/multiplier_9_basis.qpy,0,ae0d8a251a0fec30b46d5875c58c38fe98db6a85af3ef1d3635a2119bcade285,semantic,37,4708,4214,21,21,16,0.43243243243243246,False,True,,21,13.0,260,16,65536.0,0,False,True,49.20089860503845,33.054448863143435,16.14644974189501,72538.01981636083,16.14644974189501,72538.01981636083,72538.01981636083,16.147088503982673,72570.14358099824,72570.14358099824,4708,4708,4708,0,0.19281690099160187
multiplier_9_basis,generated,results/raw/20260915T141040.945114Z/generated_inputs/multiplier_9_basis.qpy,29afea5d753d1cc5080cbf5cee140ef8090fa47e88f4afd940212cd8864c0c62,arithmetic,False,"qiskit.circuit.library.HRSCumulativeMultiplier width=9 preparation=basis input_qubits=[0, 1, 2, 3, 4, 5, 6, 7, 8]",/home/audrey/code_and_papers/2026/FAST2027/final/hilbert_thin_provisioning/results/raw/20260915T141040.945114Z/generated_inputs/multiplier_9_basis.qpy,0,ae0d8a251a0fec30b46d5875c58c38fe98db6a85af3ef1d3635a2119bcade285,lowered,37,4708,4214,21,21,16,0.43243243243243246,False,True,,21,13.0,263,16,65536.0,0,False,True,49.20089860503845,33.05461843809575,16.146280166942695,72529.49416955354,16.146280166942695,72529.49416955354,72529.49416955354,16.147088503982673,72570.14358099824,72570.14358099824,4708,4708,4708,0,0.3120718079735525
multiplier_9_superposed_input,generated,results/raw/20260915T141040.945114Z/generated_inputs/multiplier_9_superposed_input.qpy,062af57745b5c8ea88cb9d02982eaf42c52204c7e810d6e9be7a25010721d076,arithmetic,False,"qiskit.circuit.library.HRSCumulativeMultiplier width=9 preparation=superposed_input input_qubits=[0, 1, 2, 3, 4, 5, 6, 7, 8]",/home/audrey/code_and_papers/2026/FAST2027/final/hilbert_thin_provisioning/results/raw/20260915T141040.945114Z/generated_inputs/multiplier_9_superposed_input.qpy,0,e87ab46b0dd6ade7983410b9f3562ca095ddf5ec46055f8dbe207add8e59d850,semantic,37,4717,4215,37,37,0,0.0,True,False,0.9427602289590842,37,12.0,523,0,1.0,0,False,True,49.2036538855296,46.62784406652386,2.575809819005734,5.962055556837289,2.575809819005734,5.962055556837289,5.962055556837289,2.58294601717823,5.9916195388384,5.9916195388384,4717,4717,4717,0,0.19659477501409128
multiplier_9_superposed_input,generated,results/raw/20260915T141040.945114Z/generated_inputs/multiplier_9_superposed_input.qpy,062af57745b5c8ea88cb9d02982eaf42c52204c7e810d6e9be7a25010721d076,arithmetic,False,"qiskit.circuit.library.HRSCumulativeMultiplier width=9 preparation=superposed_input input_qubits=[0, 1, 2, 3, 4, 5, 6, 7, 8]",/home/audrey/code_and_papers/2026/FAST2027/final/hilbert_thin_provisioning/results/raw/20260915T141040.945114Z/generated_inputs/multiplier_9_superposed_input.qpy,0,e87ab46b0dd6ade7983410b9f3562ca095ddf5ec46055f8dbe207add8e59d850,lowered,37,4717,4215,37,37,0,0.0,True,False,0.9427602289590842,37,12.0,523,0,1.0,0,False,True,49.2036538855296,46.627847627979655,2.5758062575499423,5.962040838847359,2.5758062575499423,5.962040838847359,5.962040838847359,2.58294601717823,5.9916195388384,5.9916195388384,4717,4717,4717,0,0.31939614200382493
cdkm_11_basis,generated,results/raw/20260915T141040.945114Z/generated_inputs/cdkm_11_basis.qpy,76934145e0d3a761d41a5dc41bccc531305d860c964320aef1ee9aa71301a926,arithmetic,False,"qiskit.circuit.library.CDKMRippleCarryAdder width=11 preparation=basis input_qubits=[1, 2, 3, 4, 5, 6, 7, 8, 9, 10, 11]",/home/audrey/code_and_papers/2026/FAST2027/final/hilbert_thin_provisioning/results/raw/20260915T141040.945114Z/generated_inputs/cdkm_11_basis.qpy,0,aa7eb3d75865ceae4efa70f759d4fd0a08f21bd6e4e397a22d34a84239f2a12e,semantic,24,68,58,0,0,24,1.0,False,True,,0,0,0,24,16777216.0,0,False,True,30.08746284125034,6.08746284125034,24.0,16777216.0,24.0,16777216.0,16777216.0,24.0,16777216.0,16777216.0,68,68,68,0,0.005338631977792829
cdkm_11_basis,generated,results/raw/20260915T141040.945114Z/generated_inputs/cdkm_11_basis.qpy,76934145e0d3a761d41a5dc41bccc531305d860c964320aef1ee9aa71301a926,arithmetic,False,"qiskit.circuit.library.CDKMRippleCarryAdder width=11 preparation=basis input_qubits=[1, 2, 3, 4, 5, 6, 7, 8, 9, 10, 11]",/home/audrey/code_and_papers/2026/FAST2027/final/hilbert_thin_provisioning/results/raw/20260915T141040.945114Z/generated_inputs/cdkm_11_basis.qpy,0,aa7eb3d75865ceae4efa70f759d4fd0a08f21bd6e4e397a22d34a84239f2a12e,lowered,24,68,58,0,0,24,1.0,False,True,,0,0,0,24,16777216.0,0,False,True,30.08746284125034,6.08746284125034,24.0,16777216.0,24.0,16777216.0,16777216.0,24.0,16777216.0,16777216.0,68,68,68,0,0.008071712974924594
cdkm_11_superposed_input,generated,results/raw/20260915T141040.945114Z/generated_inputs/cdkm_11_superposed_input.qpy,3c73cd5112f6460d3fc215d98f73a576311ed79cfb0c54920c16dee068ff6857,arithmetic,False,"qiskit.circuit.library.CDKMRippleCarryAdder width=11 preparation=superposed_input input_qubits=[1, 2, 3, 4, 5, 6, 7, 8, 9, 10, 11]",/home/audrey/code_and_papers/2026/FAST2027/final/hilbert_thin_provisioning/results/raw/20260915T141040.945114Z/generated_inputs/cdkm_11_superposed_input.qpy,0,6d9dfcfe7af9e585a42c0b36fe0bfbb5c6c0981f8f2e1bdc6c89967312af36dd,semantic,24,79,59,24,24,0,0.0,True,False,0.5822784810126582,24,1.5,3,0,1.0,0,False,True,30.303780748177104,29.209396245341296,1.0943845028358083,2.1352196727151744,1.0943845028358083,2.1352196727151744,2.1352196727151744,0.3788153707587547,1.3002737330598275,1.3002737330598275,79,79,79,0,0.005463743000291288
cdkm_11_superposed_input,generated,results/raw/20260915T141040.945114Z/generated_inputs/cdkm_11_superposed_input.qpy,3c73cd5112f6460d3fc215d98f73a576311ed79cfb0c54920c16dee068ff6857,arithmetic,False,"qiskit.circuit.library.CDKMRippleCarryAdder width=11 preparation=superposed_input input_qubits=[1, 2, 3, 4, 5, 6, 7, 8, 9, 10, 11]",/home/audrey/code_and_papers/2026/FAST2027/final/hilbert_thin_provisioning/results/raw/20260915T141040.945114Z/generated_inputs/cdkm_11_superposed_input.qpy,0,6d9dfcfe7af9e585a42c0b36fe0bfbb5c6c0981f8f2e1bdc6c89967312af36dd,lowered,24,79,59,24,24,0,0.0,True,False,0.5822784810126582,24,1.5,3,0,1.0,0,False,True,30.303780748177104,29.209396245341296,1.0943845028358083,2.1352196727151744,1.0943845028358083,2.1352196727151744,2.1352196727151744,0.3788153707587547,1.3002737330598275,1.3002737330598275,79,79,79,0,0.009453550999751315
vbe_11_basis,generated,results/raw/20260915T141040.945114Z/generated_inputs/vbe_11_basis.qpy,5abfef793ba3cb7dbb6d4c48da31cdf5db0d3c2835e4c1d7de6a7999c00fd099,arithmetic,False,"qiskit.circuit.library.VBERippleCarryAdder width=11 preparation=basis input_qubits=[1, 2, 3, 4, 5, 6, 7, 8, 9, 10, 11]",/home/audrey/code_and_papers/2026/FAST2027/final/hilbert_thin_provisioning/results/raw/20260915T141040.945114Z/generated_inputs/vbe_11_basis.qpy,0,721e64ce1a557767b55206e35a06a18af35521f38701d42724a4ccf194d554c0,semantic,34,87,67,0,0,34,1.0,False,True,,0,0,0,34,17179869184.0,0,False,True,40.44294349584873,6.442943495848729,34.0,17179869184.0,34.0,17179869184.0,17179869184.0,34.0,17179869184.0,17179869184.0,87,87,87,0,0.0058505939960014075
vbe_11_basis,generated,results/raw/20260915T141040.945114Z/generated_inputs/vbe_11_basis.qpy,5abfef793ba3cb7dbb6d4c48da31cdf5db0d3c2835e4c1d7de6a7999c00fd099,arithmetic,False,"qiskit.circuit.library.VBERippleCarryAdder width=11 preparation=basis input_qubits=[1, 2, 3, 4, 5, 6, 7, 8, 9, 10, 11]",/home/audrey/code_and_papers/2026/FAST2027/final/hilbert_thin_provisioning/results/raw/20260915T141040.945114Z/generated_inputs/vbe_11_basis.qpy,0,721e64ce1a557767b55206e35a06a18af35521f38701d42724a4ccf194d554c0,lowered,34,87,67,0,0,34,1.0,False,True,,0,0,0,34,17179869184.0,0,False,True,40.44294349584873,6.442943495848729,34.0,17179869184.0,34.0,17179869184.0,17179869184.0,34.0,17179869184.0,17179869184.0,87,87,87,0,0.009381923999171704
vbe_11_superposed_input,generated,results/raw/20260915T141040.945114Z/generated_inputs/vbe_11_superposed_input.qpy,97b2d17f0c9f391985ff17d73e5aff5181ff35b3fd8d9819632509d0e7b6b380,arithmetic,False,"qiskit.circuit.library.VBERippleCarryAdder width=11 preparation=superposed_input input_qubits=[1, 2, 3, 4, 5, 6, 7, 8, 9, 10, 11]",/home/audrey/code_and_papers/2026/FAST2027/final/hilbert_thin_provisioning/results/raw/20260915T141040.945114Z/generated_inputs/vbe_11_superposed_input.qpy,0,fe9037719b56f75fde21ba4bd836ab47024b6069b77453f0e7326892d8d58301,semantic,34,98,68,32,32,2,0.058823529411764705,False,True,,32,3.0,7,2,4.0,0,False,True,40.61470984411521,34.99999974198401,5.614710102131198,49.00000876331053,5.614710102131198,49.00000876331053,49.00000876331053,5.086142489880444,33.968897508438005,33.968897508438005,98,98,98,0,0.007315741007914767
vbe_11_superposed_input,generated,results/raw/20260915T141040.945114Z/generated_inputs/vbe_11_superposed_input.qpy,97b2d17f0c9f391985ff17d73e5aff5181ff35b3fd8d9819632509d0e7b6b380,arithmetic,False,"qiskit.circuit.library.VBERippleCarryAdder width=11 preparation=superposed_input input_qubits=[1, 2, 3, 4, 5, 6, 7, 8, 9, 10, 11]",/home/audrey/code_and_papers/2026/FAST2027/final/hilbert_thin_provisioning/results/raw/20260915T141040.945114Z/generated_inputs/vbe_11_superposed_input.qpy,0,fe9037719b56f75fde21ba4bd836ab47024b6069b77453f0e7326892d8d58301,lowered,34,98,68,32,32,2,0.058823529411764705,False,True,,32,3.0,8,2,4.0,0,False,True,40.61470984411521,35.00017566954025,5.614534174574963,48.994033885758846,5.614534174574963,48.994033885758846,48.994033885758846,5.086142489880444,33.968897508438005,33.968897508438005,98,98,98,0,0.01230044401017949
comparator_11_basis,generated,results/raw/20260915T141040.945114Z/generated_inputs/comparator_11_basis.qpy,1ad5fa39858ef42de9c4f5c538feab92212dd9babe9ef9a9873cef0600e08242,arithmetic,False,"qiskit.circuit.library.IntegerComparator width=11 preparation=basis input_qubits=[0, 1, 2, 3, 4, 5, 6, 7, 8, 9, 10]",/home/audrey/code_and_papers/2026/FAST2027/final/hilbert_thin_provisioning/results/raw/20260915T141040.945114Z/generated_inputs/comparator_11_basis.qpy,0,2266a6cc15420a1ddaa34fcca85fc4a3db528f2115cea2e8ae7c38af7dba874c,semantic,22,112,49,0,0,22,1.0,False,True,,0,0,0,22,4194304.0,0,False,True,28.807354922057606,6.807354922057604,22.0,4194304.0,22.0,4194304.0,4194304.0,22.0,4194304.0,4194304.0,112,112,112,0,0.00552863598568365
comparator_11_basis,generated,results/raw/20260915T141040.945114Z/generated_inputs/comparator_11_basis.qpy,1ad5fa39858ef42de9c4f5c538feab92212dd9babe9ef9a9873cef0600e08242,arithmetic,False,"qiskit.circuit.library.IntegerComparator width=11 preparation=basis input_qubits=[0, 1, 2, 3, 4, 5, 6, 7, 8, 9, 10]",/home/audrey/code_and_papers/2026/FAST2027/final/hilbert_thin_provisioning/results/raw/20260915T141040.945114Z/generated_inputs/comparator_11_basis.qpy,0,2266a6cc15420a1ddaa34fcca85fc4a3db528f2115cea2e8ae7c38af7dba874c,lowered,22,112,49,0,0,22,1.0,False,True,,0,0,0,22,4194304.0,0,False,True,28.807354922057606,6.807354922057604,22.0,4194304.0,22.0,4194304.0,4194304.0,22.0,4194304.0,4194304.0,112,112,112,0,0.008769395994022489
comparator_11_superposed_input,generated,results/raw/20260915T141040.945114Z/generated_inputs/comparator_11_superposed_input.qpy,9652d57de49d2cac95ebd8c31fa53aed9cbecae2ba9887f4d0373949a1931a7d,arithmetic,False,"qiskit.circuit.library.IntegerComparator width=11 preparation=superposed_input input_qubits=[0, 1, 2, 3, 4, 5, 6, 7, 8, 9, 10]",/home/audrey/code_and_papers/2026/FAST2027/final/hilbert_thin_provisioning/results/raw/20260915T141040.945114Z/generated_inputs/comparator_11_superposed_input.qpy,0,ef1f0dc5476274c0f86f2d452a910e81a5089d4cc9f2754569e16b1a932eacf4,semantic,22,123,50,22,22,0,0.0,True,False,0.5528455284552846,22,1.5,6,0,1.0,0,False,True,28.94251450533924,27.91870021125238,1.0238142940868613,2.0332876018469284,1.0238142940868613,2.0332876018469284,2.0332876018469284,0.7131765944278392,1.6394098764839105,1.6394098764839105,123,123,123,0,0.006257606990402564
comparator_11_superposed_input,generated,results/raw/20260915T141040.945114Z/generated_inputs/comparator_11_superposed_input.qpy,9652d57de49d2cac95ebd8c31fa53aed9cbecae2ba9887f4d0373949a1931a7d,arithmetic,False,"qiskit.circuit.library.IntegerComparator width=11 preparation=superposed_input input_qubits=[0, 1, 2, 3, 4, 5, 6, 7, 8, 9, 10]",/home/audrey/code_and_papers/2026/FAST2027/final/hilbert_thin_provisioning/results/raw/20260915T141040.945114Z/generated_inputs/comparator_11_superposed_input.qpy,0,ef1f0dc5476274c0f86f2d452a910e81a5089d4cc9f2754569e16b1a932eacf4,lowered,22,123,50,22,22,0,0.0,True,False,0.6829268292682927,22,2.0,7,0,1.0,0,False,True,28.94251450533924,27.49155559682135,1.4509589085178902,2.733897034702829,1.4509589085178902,2.733897034702829,2.733897034702829,0.7131765944278392,1.6394098764839105,1.6394098764839105,123,123,123,0,0.011337842995999381
draper_11_basis,generated,results/raw/20260915T141040.945114Z/generated_inputs/draper_11_basis.qpy,3fca4f69a54750e07e9ca6b434f26f2dac9ff2c6be6385a944a3bc6d3c7dee1d,arithmetic,False,"qiskit.circuit.library.DraperQFTAdder width=11 preparation=basis input_qubits=[0, 1, 2, 3, 4, 5, 6, 7, 8, 9, 10]",/home/audrey/code_and_papers/2026/FAST2027/final/hilbert_thin_provisioning/results/raw/20260915T141040.945114Z/generated_inputs/draper_11_basis.qpy,0,f1de5ea682328aff59b87b55a7553905c2bb760642810d336b492065db1fe214,semantic,22,199,53,11,11,11,0.5,False,True,,11,6.0,11,11,2048.0,0,False,True,29.63662462054365,18.087333342619036,11.549291277924613,2996.974883573969,11.549291277924613,2996.974883573969,2996.974883573969,11.598717947400381,3101.430213739599,3101.430213739599,199,199,199,0,0.011407696001697332
draper_11_basis,generated,results/raw/20260915T141040.945114Z/generated_inputs/draper_11_basis.qpy,3fca4f69a54750e07e9ca6b434f26f2dac9ff2c6be6385a944a3bc6d3c7dee1d,arithmetic,False,"qiskit.circuit.library.DraperQFTAdder width=11 preparation=basis input_qubits=[0, 1, 2, 3, 4, 5, 6, 7, 8, 9, 10]",/home/audrey/code_and_papers/2026/FAST2027/final/hilbert_thin_provisioning/results/raw/20260915T141040.945114Z/generated_inputs/draper_11_basis.qpy,0,f1de5ea682328aff59b87b55a7553905c2bb760642810d336b492065db1fe214,lowered,22,199,53,11,11,11,0.5,False,True,,11,6.0,11,11,2048.0,0,False,True,29.63662462054365,18.159876262930386,11.476748357613264,2850.0042545199994,11.476748357613264,2850.0042545199994,2850.0042545199994,11.598717947400381,3101.430213739599,3101.430213739599,199,199,199,0,0.017203682014951482
draper_11_superposed_input,generated,results/raw/20260915T141040.945114Z/generated_inputs/draper_11_superposed_input.qpy,92652c1df23a4931d48c4275343525c18727678cb17635331dc42d3f3c753249,arithmetic,False,"qiskit.circuit.library.DraperQFTAdder width=11 preparation=superposed_input input_qubits=[0, 1, 2, 3, 4, 5, 6, 7, 8, 9, 10]",/home/audrey/code_and_papers/2026/FAST2027/final/hilbert_thin_provisioning/results/raw/20260915T141040.945114Z/generated_inputs/draper_11_superposed_input.qpy,0,5c25258e11e36d43917f73a1a978692146ee760d5651141eea30969387115fa0,semantic,22,210,53,22,22,0,0.0,True,False,0.37142857142857144,22,1.5,11,0,1.0,0,False,True,29.71424551766612,29.087338520258104,0.6269069974080175,1.5442507136487362,0.6269069974080175,1.5442507136487362,1.5442507136487362,0.5987380755479457,1.5143913498430361,1.5143913498430361,210,210,210,0,0.011544732988113537
draper_11_superposed_input,generated,results/raw/20260915T141040.945114Z/generated_inputs/draper_11_superposed_input.qpy,92652c1df23a4931d48c4275343525c18727678cb17635331dc42d3f3c753249,arithmetic,False,"qiskit.circuit.library.DraperQFTAdder width=11 preparation=superposed_input input_qubits=[0, 1, 2, 3, 4, 5, 6, 7, 8, 9, 10]",/home/audrey/code_and_papers/2026/FAST2027/final/hilbert_thin_provisioning/results/raw/20260915T141040.945114Z/generated_inputs/draper_11_superposed_input.qpy,0,5c25258e11e36d43917f73a1a978692146ee760d5651141eea30969387115fa0,lowered,22,210,53,22,22,0,0.0,True,False,0.37142857142857144,22,1.5,11,0,1.0,0,False,True,29.71424551766612,29.159881186660222,0.5543643310058997,1.4685214422877753,0.5543643310058997,1.4685214422877753,1.4685214422877753,0.5987380755479457,1.5143913498430361,1.5143913498430361,210,210,210,0,0.017541790002724156
modular_adder_11_basis,generated,results/raw/20260915T141040.945114Z/generated_inputs/modular_adder_11_basis.qpy,f2143a18e2670ced8fbf6e01338ed53423e51380db9617407ed3f9b61acb611b,arithmetic,False,"qiskit.circuit.library.ModularAdderGate width=11 preparation=basis input_qubits=[0, 1, 2, 3, 4, 5, 6, 7, 8, 9, 10]",/home/audrey/code_and_papers/2026/FAST2027/final/hilbert_thin_provisioning/results/raw/20260915T141040.945114Z/generated_inputs/modular_adder_11_basis.qpy,0,96e9799b1e405efc4fb1ece1b1a825d6bbaf19d5be1373cecd5289ac0d9a64b8,semantic,22,124,115,0,0,22,1.0,False,True,,0,0,0,22,4194304.0,0,False,True,28.954196310386877,6.954196310386876,22.0,4194304.0,22.0,4194304.0,4194304.0,22.0,4194304.0,4194304.0,124,124,284,0,0.013739946996793151
modular_adder_11_basis,generated,results/raw/20260915T141040.945114Z/generated_inputs/modular_adder_11_basis.qpy,f2143a18e2670ced8fbf6e01338ed53423e51380db9617407ed3f9b61acb611b,arithmetic,False,"qiskit.circuit.library.ModularAdderGate width=11 preparation=basis input_qubits=[0, 1, 2, 3, 4, 5, 6, 7, 8, 9, 10]",/home/audrey/code_and_papers/2026/FAST2027/final/hilbert_thin_provisioning/results/raw/20260915T141040.945114Z/generated_inputs/modular_adder_11_basis.qpy,0,96e9799b1e405efc4fb1ece1b1a825d6bbaf19d5be1373cecd5289ac0d9a64b8,lowered,22,284,275,22,22,0,0.0,True,False,0.926056338028169,22,9.5,120,0,1.0,0,False,True,30.14974711950468,28.420661997614037,1.7290851218906447,3.315175214144655,1.7290851218906447,3.315175214144655,3.315175214144655,1.7604724007291956,3.388090475136668,3.388090475136668,124,124,284,0,0.018781944003421813
modular_adder_11_superposed_input,generated,results/raw/20260915T141040.945114Z/generated_inputs/modular_adder_11_superposed_input.qpy,8368fab1647e1de966f3a8e7221688c500d20835cf49d7600d3bd9f63f0dcd5b,arithmetic,False,"qiskit.circuit.library.ModularAdderGate width=11 preparation=superposed_input input_qubits=[0, 1, 2, 3, 4, 5, 6, 7, 8, 9, 10]",/home/audrey/code_and_papers/2026/FAST2027/final/hilbert_thin_provisioning/results/raw/20260915T141040.945114Z/generated_inputs/modular_adder_11_superposed_input.qpy,0,c37bdc5ad4535b66bd761d3e1b12ba0571098a42b7081b060d9498d2fdfbc21b,semantic,22,135,116,22,22,0,0.0,True,False,0.24444444444444444,22,1.0,11,0,1.0,0,False,True,29.07681559705083,28.700507447949438,0.3763081491013942,1.298015984046141,0.3763081491013942,1.298015984046141,1.298015984046141,0.28805494442260127,1.2209930127794952,1.2209930127794952,135,135,295,0,0.009968202008167282
modular_adder_11_superposed_input,generated,results/raw/20260915T141040.945114Z/generated_inputs/modular_adder_11_superposed_input.qpy,8368fab1647e1de966f3a8e7221688c500d20835cf49d7600d3bd9f63f0dcd5b,arithmetic,False,"qiskit.circuit.library.ModularAdderGate width=11 preparation=superposed_input input_qubits=[0, 1, 2, 3, 4, 5, 6, 7, 8, 9, 10]",/home/audrey/code_and_papers/2026/FAST2027/final/hilbert_thin_provisioning/results/raw/20260915T141040.945114Z/generated_inputs/modular_adder_11_superposed_input.qpy,0,c37bdc5ad4535b66bd761d3e1b12ba0571098a42b7081b060d9498d2fdfbc21b,lowered,22,295,276,22,22,0,0.0,True,False,0.11186440677966102,22,1.0,11,0,1.0,0,False,True,30.204571144249204,30.044420801177683,0.1601503430715212,1.1174035764934045,0.1601503430715212,1.1174035764934045,1.1174035764934045,0.1141447762799288,1.0823332525928706,1.0823332525928706,135,135,295,0,0.015519925014814362
cdkm_13_basis,generated,results/raw/20260915T141040.945114Z/generated_inputs/cdkm_13_basis.qpy,e767b32649c2d76cc0c4b19e07809ea77766c63e0179e92fc2bf6609ddd61111,arithmetic,False,"qiskit.circuit.library.CDKMRippleCarryAdder width=13 preparation=basis input_qubits=[1, 2, 3, 4, 5, 6, 7, 8, 9, 10, 11, 12, 13]",/home/audrey/code_and_papers/2026/FAST2027/final/hilbert_thin_provisioning/results/raw/20260915T141040.945114Z/generated_inputs/cdkm_13_basis.qpy,0,ae82d8eeedd4761fb139d01aeb2b9cd79040d71f42ec1cd7d5cc555a5bd1e45b,semantic,28,80,68,0,0,28,1.0,False,True,,0,0,0,28,268435456.0,0,False,True,34.32192809488736,6.321928094887362,28.0,268435456.0,28.0,268435456.0,268435456.0,28.000000000000004,268435456.00000066,268435456.00000066,80,80,80,0,0.005953721993137151
cdkm_13_basis,generated,results/raw/20260915T141040.945114Z/generated_inputs/cdkm_13_basis.qpy,e767b32649c2d76cc0c4b19e07809ea77766c63e0179e92fc2bf6609ddd61111,arithmetic,False,"qiskit.circuit.library.CDKMRippleCarryAdder width=13 preparation=basis input_qubits=[1, 2, 3, 4, 5, 6, 7, 8, 9, 10, 11, 12, 13]",/home/audrey/code_and_papers/2026/FAST2027/final/hilbert_thin_provisioning/results/raw/20260915T141040.945114Z/generated_inputs/cdkm_13_basis.qpy,0,ae82d8eeedd4761fb139d01aeb2b9cd79040d71f42ec1cd7d5cc555a5bd1e45b,lowered,28,80,68,0,0,28,1.0,False,True,,0,0,0,28,268435456.0,0,False,True,34.32192809488736,6.321928094887362,28.0,268435456.0,28.0,268435456.0,268435456.0,28.000000000000004,268435456.00000066,268435456.00000066,80,80,80,0,0.00960680699790828
cdkm_13_superposed_input,generated,results/raw/20260915T141040.945114Z/generated_inputs/cdkm_13_superposed_input.qpy,bafd9e73f19c182d8133e94622f0b37458c94ca7e16650b9cbaae6d240a9887c,arithmetic,False,"qiskit.circuit.library.CDKMRippleCarryAdder width=13 preparation=superposed_input input_qubits=[1, 2, 3, 4, 5, 6, 7, 8, 9, 10, 11, 12, 13]",/home/audrey/code_and_papers/2026/FAST2027/final/hilbert_thin_provisioning/results/raw/20260915T141040.945114Z/generated_inputs/cdkm_13_superposed_input.qpy,0,264160edeba0a7329269201b193325f73cf12350b5ad13c85934ce9c407769c4,semantic,28,93,69,28,28,0,0.0,True,False,0.5806451612903226,28,1.5,3,0,1.0,0,False,True,34.53915881110803,33.42625246776424,1.1129063433437878,2.162809117497945,1.1129063433437878,2.162809117497945,2.162809117497945,0.3704317847215961,1.2927396772713478,1.2927396772713478,93,93,93,0,0.006340282008750364
cdkm_13_superposed_input,generated,results/raw/20260915T141040.945114Z/generated_inputs/cdkm_13_superposed_input.qpy,bafd9e73f19c182d8133e94622f0b37458c94ca7e16650b9cbaae6d240a9887c,arithmetic,False,"qiskit.circuit.library.CDKMRippleCarryAdder width=13 preparation=superposed_input input_qubits=[1, 2, 3, 4, 5, 6, 7, 8, 9, 10, 11, 12, 13]",/home/audrey/code_and_papers/2026/FAST2027/final/hilbert_thin_provisioning/results/raw/20260915T141040.945114Z/generated_inputs/cdkm_13_superposed_input.qpy,0,264160edeba0a7329269201b193325f73cf12350b5ad13c85934ce9c407769c4,lowered,28,93,69,28,28,0,0.0,True,False,0.5806451612903226,28,1.5,3,0,1.0,0,False,True,34.53915881110803,33.42625246776424,1.1129063433437878,2.162809117497945,1.1129063433437878,2.162809117497945,2.162809117497945,0.3704317847215961,1.2927396772713478,1.2927396772713478,93,93,93,0,0.010723209008574486
vbe_13_basis,generated,results/raw/20260915T141040.945114Z/generated_inputs/vbe_13_basis.qpy,846d2f9ddec6f8293a4708e3198c2eb6627a171d9407baf675e51080412f3b3f,arithmetic,False,"qiskit.circuit.library.VBERippleCarryAdder width=13 preparation=basis input_qubits=[1, 2, 3, 4, 5, 6, 7, 8, 9, 10, 11, 12, 13]",/home/audrey/code_and_papers/2026/FAST2027/final/hilbert_thin_provisioning/results/raw/20260915T141040.945114Z/generated_inputs/vbe_13_basis.qpy,0,6defc7b474b38c54eb7f08f3019db9747272dab7f8eefe17398d136c57d8042d,semantic,40,103,79,0,0,40,1.0,False,True,,0,0,0,40,1099511627776.0,0,False,True,46.68650052718322,6.6865005271832185,40.0,1099511627776.0,40.0,1099511627776.0,1099511627776.0,40.0,1099511627776.0,1099511627776.0,103,103,103,0,0.006495237990748137
vbe_13_basis,generated,results/raw/20260915T141040.945114Z/generated_inputs/vbe_13_basis.qpy,846d2f9ddec6f8293a4708e3198c2eb6627a171d9407baf675e51080412f3b3f,arithmetic,False,"qiskit.circuit.library.VBERippleCarryAdder width=13 preparation=basis input_qubits=[1, 2, 3, 4, 5, 6, 7, 8, 9, 10, 11, 12, 13]",/home/audrey/code_and_papers/2026/FAST2027/final/hilbert_thin_provisioning/results/raw/20260915T141040.945114Z/generated_inputs/vbe_13_basis.qpy,0,6defc7b474b38c54eb7f08f3019db9747272dab7f8eefe17398d136c57d8042d,lowered,40,103,79,0,0,40,1.0,False,True,,0,0,0,40,1099511627776.0,0,False,True,46.68650052718322,6.6865005271832185,40.0,1099511627776.0,40.0,1099511627776.0,1099511627776.0,40.0,1099511627776.0,1099511627776.0,103,103,103,0,0.011285654996754602
vbe_13_superposed_input,generated,results/raw/20260915T141040.945114Z/generated_inputs/vbe_13_superposed_input.qpy,300203e12f0984dafd022cf81591898ac02abc5fbae92dea297d81f522c203a8,arithmetic,False,"qiskit.circuit.library.VBERippleCarryAdder width=13 preparation=superposed_input input_qubits=[1, 2, 3, 4, 5, 6, 7, 8, 9, 10, 11, 12, 13]",/home/audrey/code_and_papers/2026/FAST2027/final/hilbert_thin_provisioning/results/raw/20260915T141040.945114Z/generated_inputs/vbe_13_superposed_input.qpy,0,f14b75e1902345324a8dfec8e1724d52368e9122e31e3c2ac4f13e9a9e904791,semantic,40,116,80,38,38,2,0.05,False,True,,38,3.0,7,2,4.0,0,False,True,46.85798099512757,40.999999983875966,5.857981011251603,58.00000064822694,5.857981011251603,58.00000064822694,58.00000064822694,5.321509885639998,39.98840645802461,39.98840645802461,116,116,116,0,0.0067776680225506425
vbe_13_superposed_input,generated,results/raw/20260915T141040.945114Z/generated_inputs/vbe_13_superposed_input.qpy,300203e12f0984dafd022cf81591898ac02abc5fbae92dea297d81f522c203a8,arithmetic,False,"qiskit.circuit.library.VBERippleCarryAdder width=13 preparation=superposed_input input_qubits=[1, 2, 3, 4, 5, 6, 7, 8, 9, 10, 11, 12, 13]",/home/audrey/code_and_papers/2026/FAST2027/final/hilbert_thin_provisioning/results/raw/20260915T141040.945114Z/generated_inputs/vbe_13_superposed_input.qpy,0,f14b75e1902345324a8dfec8e1724d52368e9122e31e3c2ac4f13e9a9e904791,lowered,40,116,80,38,38,2,0.05,False,True,,38,3.0,8,2,4.0,0,False,True,46.85798099512757,41.000044000014704,5.8579369951128655,57.998231114778264,5.8579369951128655,57.998231114778264,57.998231114778264,5.321509885639998,39.98840645802461,39.98840645802461,116,116,116,0,0.01340552102192305
comparator_13_basis,generated,results/raw/20260915T141040.945114Z/generated_inputs/comparator_13_basis.qpy,abe603e1cc7add0eece1b8eeb71fc06ffaa6d0c405f79ce125c6b1802f841b91,arithmetic,False,"qiskit.circuit.library.IntegerComparator width=13 preparation=basis input_qubits=[0, 1, 2, 3, 4, 5, 6, 7, 8, 9, 10, 11, 12]",/home/audrey/code_and_papers/2026/FAST2027/final/hilbert_thin_provisioning/results/raw/20260915T141040.945114Z/generated_inputs/comparator_13_basis.qpy,0,0084f1329d14484ba08f8b56a3248f8cb75bc139e65ab9dcc2ba5af114afa13a,semantic,26,136,59,0,0,26,1.0,False,True,,0,0,0,26,67108864.0,0,False,True,33.08746284125034,7.08746284125034,26.000000000000004,67108864.00000016,26.000000000000004,67108864.00000016,67108864.00000016,26.0,67108864.0,67108864.0,136,136,136,0,0.0060969439800828695
comparator_13_basis,generated,results/raw/20260915T141040.945114Z/generated_inputs/comparator_13_basis.qpy,abe603e1cc7add0eece1b8eeb71fc06ffaa6d0c405f79ce125c6b1802f841b91,arithmetic,False,"qiskit.circuit.library.IntegerComparator width=13 preparation=basis input_qubits=[0, 1, 2, 3, 4, 5, 6, 7, 8, 9, 10, 11, 12]",/home/audrey/code_and_papers/2026/FAST2027/final/hilbert_thin_provisioning/results/raw/20260915T141040.945114Z/generated_inputs/comparator_13_basis.qpy,0,0084f1329d14484ba08f8b56a3248f8cb75bc139e65ab9dcc2ba5af114afa13a,lowered,26,136,59,0,0,26,1.0,False,True,,0,0,0,26,67108864.0,0,False,True,33.08746284125034,7.08746284125034,26.000000000000004,67108864.00000016,26.000000000000004,67108864.00000016,67108864.00000016,26.0,67108864.0,67108864.0,136,136,136,0,0.010908301977906376
comparator_13_superposed_input,generated,results/raw/20260915T141040.945114Z/generated_inputs/comparator_13_superposed_input.qpy,8c97fcba03a2e5f121793a84624697b2603399af1b0445ab1820029490b54858,arithmetic,False,"qiskit.circuit.library.IntegerComparator width=13 preparation=superposed_input input_qubits=[0, 1, 2, 3, 4, 5, 6, 7, 8, 9, 10, 11, 12]",/home/audrey/code_and_papers/2026/FAST2027/final/hilbert_thin_provisioning/results/raw/20260915T141040.945114Z/generated_inputs/comparator_13_superposed_input.qpy,0,8fe35e3ae9f0aa3eea3da925671d7afe30563240bba5304d160c1e99e16ae34c,semantic,26,149,60,26,26,0,0.0,True,False,0.5503355704697986,26,1.5,6,0,1.0,0,False,True,33.21916852046216,32.17987508182403,1.0392934386381327,2.0552208602891384,1.0392934386381327,2.0552208602891384,2.0552208602891384,0.7170780991237571,1.6438493606304916,1.6438493606304916,149,149,149,0,0.007871681998949498
comparator_13_superposed_input,generated,results/raw/20260915T141040.945114Z/generated_inputs/comparator_13_superposed_input.qpy,8c97fcba03a2e5f121793a84624697b2603399af1b0445ab1820029490b54858,arithmetic,False,"qiskit.circuit.library.IntegerComparator width=13 preparation=superposed_input input_qubits=[0, 1, 2, 3, 4, 5, 6, 7, 8, 9, 10, 11, 12]",/home/audrey/code_and_papers/2026/FAST2027/final/hilbert_thin_provisioning/results/raw/20260915T141040.945114Z/generated_inputs/comparator_13_superposed_input.qpy,0,8fe35e3ae9f0aa3eea3da925671d7afe30563240bba5304d160c1e99e16ae34c,lowered,26,149,60,26,26,0,0.0,True,False,0.6845637583892618,26,2.0,7,0,1.0,0,False,True,33.21916852046216,31.727857317295925,1.4913112031662372,2.8114437904167624,1.4913112031662372,2.8114437904167624,2.8114437904167624,0.7170780991237571,1.6438493606304916,1.6438493606304916,149,149,149,0,0.01807444100268185
draper_13_basis,generated,results/raw/20260915T141040.945114Z/generated_inputs/draper_13_basis.qpy,ca519f7b72ff3964bd281b0866fca488f790fdba03a0cecc38560ed0a1936b90,arithmetic,False,"qiskit.circuit.library.DraperQFTAdder width=13 preparation=basis input_qubits=[0, 1, 2, 3, 4, 5, 6, 7, 8, 9, 10, 11, 12]",/home/audrey/code_and_papers/2026/FAST2027/final/hilbert_thin_provisioning/results/raw/20260915T141040.945114Z/generated_inputs/draper_13_basis.qpy,0,5b63f9e4f0fbe3e36c2a0b3ef12e5fa9702749927e9edce26576068b7e1d1c75,semantic,26,274,63,13,13,13,0.5,False,True,,13,7.0,13,13,8192.0,0,False,True,34.09803208296053,20.53913135279942,13.55890073016111,12068.014630339792,13.55890073016111,12068.014630339792,12068.014630339792,13.619745100470436,12587.857229625934,12587.857229625934,274,274,274,0,0.015419220988405868
draper_13_basis,generated,results/raw/20260915T141040.945114Z/generated_inputs/draper_13_basis.qpy,ca519f7b72ff3964bd281b0866fca488f790fdba03a0cecc38560ed0a1936b90,arithmetic,False,"qiskit.circuit.library.DraperQFTAdder width=13 preparation=basis input_qubits=[0, 1, 2, 3, 4, 5, 6, 7, 8, 9, 10, 11, 12]",/home/audrey/code_and_papers/2026/FAST2027/final/hilbert_thin_provisioning/results/raw/20260915T141040.945114Z/generated_inputs/draper_13_basis.qpy,0,5b63f9e4f0fbe3e36c2a0b3ef12e5fa9702749927e9edce26576068b7e1d1c75,lowered,26,274,63,13,13,13,0.5,False,True,,13,7.0,13,13,8192.0,0,False,True,34.09803208296053,20.607331216878737,13.490700866081792,11510.803050629103,13.490700866081792,11510.803050629103,11510.803050629103,13.619745100470436,12587.857229625934,12587.857229625934,274,274,274,0,0.023885962000349537
draper_13_superposed_input,generated,results/raw/20260915T141040.945114Z/generated_inputs/draper_13_superposed_input.qpy,e04cb14566e0823d8b2be15978e4fe3314e6c5eaa831f4128aa8949a8058161e,arithmetic,False,"qiskit.circuit.library.DraperQFTAdder width=13 preparation=superposed_input input_qubits=[0, 1, 2, 3, 4, 5, 6, 7, 8, 9, 10, 11, 12]",/home/audrey/code_and_papers/2026/FAST2027/final/hilbert_thin_provisioning/results/raw/20260915T141040.945114Z/generated_inputs/draper_13_superposed_input.qpy,0,9fec02016aa910a99b04a3567786535fe94ab2943fa1e840b0130b380219f12c,semantic,26,287,63,26,26,0,0.0,True,False,0.36585365853658536,26,1.5,13,0,1.0,0,False,True,34.164906926675684,33.53913229953076,0.6257746271449207,1.5430391079701273,0.6257746271449207,1.5430391079701273,1.5430391079701273,0.6197493958995608,1.536608240761972,1.536608240761972,287,287,287,0,0.014478179014986381
draper_13_superposed_input,generated,results/raw/20260915T141040.945114Z/generated_inputs/draper_13_superposed_input.qpy,e04cb14566e0823d8b2be15978e4fe3314e6c5eaa831f4128aa8949a8058161e,arithmetic,False,"qiskit.circuit.library.DraperQFTAdder width=13 preparation=superposed_input input_qubits=[0, 1, 2, 3, 4, 5, 6, 7, 8, 9, 10, 11, 12]",/home/audrey/code_and_papers/2026/FAST2027/final/hilbert_thin_provisioning/results/raw/20260915T141040.945114Z/generated_inputs/draper_13_superposed_input.qpy,0,9fec02016aa910a99b04a3567786535fe94ab2943fa1e840b0130b380219f12c,lowered,26,287,63,26,26,0,0.0,True,False,0.36585365853658536,26,1.5,13,0,1.0,0,False,True,34.164906926675684,33.60733211989705,0.5575748067786321,1.471793029217745,0.5575748067786321,1.471793029217745,1.471793029217745,0.6197493958995608,1.536608240761972,1.536608240761972,287,287,287,0,0.02260438702069223
modular_adder_13_basis,generated,results/raw/20260915T141040.945114Z/generated_inputs/modular_adder_13_basis.qpy,8b0cba6b5acd8d2e6579a016e06ef575e46063fc4a7b96bb89fbe0fbed2aca17,arithmetic,False,"qiskit.circuit.library.ModularAdderGate width=13 preparation=basis input_qubits=[0, 1, 2, 3, 4, 5, 6, 7, 8, 9, 10, 11, 12]",/home/audrey/code_and_papers/2026/FAST2027/final/hilbert_thin_provisioning/results/raw/20260915T141040.945114Z/generated_inputs/modular_adder_13_basis.qpy,0,05b0d37cb6e55246c66605ede31fe33f990e6dc9605fe2008f745e6ce4a07411,semantic,26,148,137,0,0,26,1.0,False,True,,0,0,0,26,67108864.0,0,False,True,33.20945336562895,7.209453365628949,26.000000000000004,67108864.00000016,26.000000000000004,67108864.00000016,67108864.00000016,26.0,67108864.0,67108864.0,148,148,340,0,0.013015723001444712
modular_adder_13_basis,generated,results/raw/20260915T141040.945114Z/generated_inputs/modular_adder_13_basis.qpy,8b0cba6b5acd8d2e6579a016e06ef575e46063fc4a7b96bb89fbe0fbed2aca17,arithmetic,False,"qiskit.circuit.library.ModularAdderGate width=13 preparation=basis input_qubits=[0, 1, 2, 3, 4, 5, 6, 7, 8, 9, 10, 11, 12]",/home/audrey/code_and_papers/2026/FAST2027/final/hilbert_thin_provisioning/results/raw/20260915T141040.945114Z/generated_inputs/modular_adder_13_basis.qpy,0,05b0d37cb6e55246c66605ede31fe33f990e6dc9605fe2008f745e6ce4a07411,lowered,26,340,329,26,26,0,0.0,True,False,0.9264705882352942,26,9.5,144,0,1.0,0,False,True,34.409390936137704,32.66770292989649,1.741688006241212,3.344262299330061,1.741688006241212,3.344262299330061,3.344262299330061,1.7744787677483274,3.421143852081296,3.421143852081296,148,148,340,0,0.018080759997246787
modular_adder_13_superposed_input,generated,results/raw/20260915T141040.945114Z/generated_inputs/modular_adder_13_superposed_input.qpy,5e4572e7c8fd6ed18b64b0dce1da6be89f4a306b842e0b8bcf6ac2abd5de2da1,arithmetic,False,"qiskit.circuit.library.ModularAdderGate width=13 preparation=superposed_input input_qubits=[0, 1, 2, 3, 4, 5, 6, 7, 8, 9, 10, 11, 12]",/home/audrey/code_and_papers/2026/FAST2027/final/hilbert_thin_provisioning/results/raw/20260915T141040.945114Z/generated_inputs/modular_adder_13_superposed_input.qpy,0,4c314969cce1c4bbca5e1bdfcda71023da35d900d1cd885e6084c58bcccc0141,semantic,26,161,138,26,26,0,0.0,True,False,0.2422360248447205,26,1.0,13,0,1.0,0,False,True,33.330916878114614,32.95421335303876,0.3767035250758539,1.2983717589321826,0.3767035250758539,1.2983717589321826,1.2983717589321826,0.2883275717513314,1.2212237666865626,1.2212237666865626,161,161,353,0,0.011619794007856399
modular_adder_13_superposed_input,generated,results/raw/20260915T141040.945114Z/generated_inputs/modular_adder_13_superposed_input.qpy,5e4572e7c8fd6ed18b64b0dce1da6be89f4a306b842e0b8bcf6ac2abd5de2da1,arithmetic,False,"qiskit.circuit.library.ModularAdderGate width=13 preparation=superposed_input input_qubits=[0, 1, 2, 3, 4, 5, 6, 7, 8, 9, 10, 11, 12]",/home/audrey/code_and_papers/2026/FAST2027/final/hilbert_thin_provisioning/results/raw/20260915T141040.945114Z/generated_inputs/modular_adder_13_superposed_input.qpy,0,4c314969cce1c4bbca5e1bdfcda71023da35d900d1cd885e6084c58bcccc0141,lowered,26,353,330,26,26,0,0.0,True,False,0.11048158640226628,26,1.0,13,0,1.0,0,False,True,34.463524373271184,34.303787435824,0.1597369374471853,1.1170834293163485,0.1597369374471853,1.1170834293163485,1.1170834293163485,0.11365014158889153,1.0819622332200611,1.0819622332200611,161,161,353,0,0.017894212011015043
staged_40,synthetic_control,results/raw/20260915T141040.945114Z/generated_inputs/staged_40.qpy,cc012b574df7a89ab663c4c221cfb1d591efdcd104ea3c22c6f62adfc98807ca,synthetic_staged,True,four stages 8/16/24/40 active with CX dwell,/home/audrey/code_and_papers/2026/FAST2027/final/hilbert_thin_provisioning/results/raw/20260915T141040.945114Z/generated_inputs/staged_40.qpy,0,d9f57cc88293084c094cf6c6205c300e9eac7b6179bd4737216f4beef1edcccd,semantic,40,1048,134,40,40,0,0.0,True,False,0.5534351145038168,40,1.0,277,0,1.0,0,False,True,50.03342300153745,48.87652990674029,1.1568930947971623,2.2297672032648848,1.1568930947971623,2.2297672032648848,2.2297672032648848,0.0,1.0,1.0,1048,1048,1048,0,0.034267484996235
staged_40,synthetic_control,results/raw/20260915T141040.945114Z/generated_inputs/staged_40.qpy,cc012b574df7a89ab663c4c221cfb1d591efdcd104ea3c22c6f62adfc98807ca,synthetic_staged,True,four stages 8/16/24/40 active with CX dwell,/home/audrey/code_and_papers/2026/FAST2027/final/hilbert_thin_provisioning/results/raw/20260915T141040.945114Z/generated_inputs/staged_40.qpy,0,d9f57cc88293084c094cf6c6205c300e9eac7b6179bd4737216f4beef1edcccd,lowered,40,1048,134,40,40,0,0.0,True,False,0.9255725190839694,40,13.0,234,0,1.0,0,False,True,50.03342300153745,46.5236171579998,3.5098058435376487,11.390868489877667,3.5098058435376487,11.390868489877667,11.390868489877667,0.0,1.0,1.0,1048,1048,1048,0,0.05778615101007745
